Epoch Time,Processing Source,f,varianceDensity
1778630400,hdr,0.0293;0.03906;0.04883;0.05859;0.06836;0.07813;0.08789;0.09766;0.10742;0.11719;0.12695;0.13672;0.14648;0.15625;0.16602;0.17578;0.18555;0.19531;0.20508;0.21484;0.22461;0.23438;0.24414;0.25391;0.26367;0.27344;0.2832;0.29297;0.30273;0.3125;0.32227;0.33203;0.3418;0.35156;0.36133;0.37109;0.38086;0.39063;0.40039;0.41016;0.41992;0.42969;0.43945;0.44922;0.45898;0.46875;0.47852;0.48828;0.49805;0.50781;0.51758;0.52734;0.53711;0.54688;0.55664;0.56641;0.57617;0.58594;0.5957;0.60547;0.61523;0.625;0.63477;0.64453;0.6543;0.66406;0.67383;0.68359;0.69336;0.70313;0.71289;0.72266;0.73242;0.74219;0.75195;0.76172;0.77148;0.78125;0.79102,0.04455936;0.092517376;0.047152127999999995;0.055573504;0.09288908800000001;0.118045696;0.08192102400000001;0.068063232;0.228944896;0.239632384;0.16060825600000003;0.08364646399999999;0.08044851199999999;0.051536896;0.031936512;0.023000063999999997;0.019681280000000002;0.011333632;0.012576768;0.012920832;0.01326592;0.013138944;0.016479232;0.011710464;0.010843135999999998;0.009585663999999999;0.007409664000000001;0.012539904000000001;0.023668736;0.027426816;0.030134272;0.019544064;0.018627584;0.021992448;0.013729792;0.005920768;0.00594432;0.005681152;0.006474751999999999;0.004350976;0.003016704;0.002967552;0.002226176;0.0024504320000000002;0.00247808;0.002106368;0.00195072;0.001856512;0.0015185919999999998;0.001062912;0.000913408;0.001108992;0.00068096;0.0012154879999999998;0.000899072;0.0006819840000000001;0.000616448;0.0005560319999999999;0.0006819840000000001;0.00107008;0.0007086080000000001;0.000375808;0.000461824;0.000566272;0.000779264;0.0006154239999999999;0.00055296;0.000515072;0.00047923199999999995;0.00047308800000000003;0.000395264;0.00055296;0.0006082559999999999;0.000388096;0.000365568;0.000314368;0.000372736;0.00033792;0.00034304
1778631300,hdr,0.0293;0.03906;0.04883;0.05859;0.06836;0.07813;0.08789;0.09766;0.10742;0.11719;0.12695;0.13672;0.14648;0.15625;0.16602;0.17578;0.18555;0.19531;0.20508;0.21484;0.22461;0.23438;0.24414;0.25391;0.26367;0.27344;0.2832;0.29297;0.30273;0.3125;0.32227;0.33203;0.3418;0.35156;0.36133;0.37109;0.38086;0.39063;0.40039;0.41016;0.41992;0.42969;0.43945;0.44922;0.45898;0.46875;0.47852;0.48828;0.49805;0.50781;0.51758;0.52734;0.53711;0.54688;0.55664;0.56641;0.57617;0.58594;0.5957;0.60547;0.61523;0.625;0.63477;0.64453;0.6543;0.66406;0.67383;0.68359;0.69336;0.70313;0.71289;0.72266;0.73242;0.74219;0.75195;0.76172;0.77148;0.78125;0.79102,0.009095167999999999;0.006946816;0.013046784000000002;0.031388672;0.047042560000000004;0.096846848;0.081864704;0.072143872;0.11841024;0.12885196799999998;0.131113984;0.16997580799999998;0.11469004800000002;0.07210496000000001;0.032937984;0.015632384;0.012307456;0.01070592;0.008137727999999999;0.0111104;0.008221696;0.007548928;0.004475903999999999;0.004523008;0.006593536;0.0071424;0.009780224;0.025418752;0.029689856;0.01957376;0.02265088;0.017383424;0.012110848;0.011039744;0.008470528;0.008608768;0.008876032;0.0041093119999999995;0.004069376;0.004329472;0.0040243200000000005;0.004102144;0.003362816;0.002845696;0.002904064;0.002879488;0.0014346239999999998;0.001302528;0.001895424;0.001461248;0.001022976;0.0014817279999999999;0.0012523519999999998;0.001212416;0.000717824;0.000621568;0.000375808;0.00037888;0.0005560319999999999;0.001027072;0.000772096;0.0008386559999999999;0.000631808;0.0005888;0.000744448;0.0008663039999999999;0.000666624;0.000384;0.000331776;0.000352256;0.00036454399999999996;0.000457728;0.000507904;0.000288768;0.00034099200000000003;0.000277504;0.000289792;0.000315392;0.000324608
1778632200,hdr,0.0293;0.03906;0.04883;0.05859;0.06836;0.07813;0.08789;0.09766;0.10742;0.11719;0.12695;0.13672;0.14648;0.15625;0.16602;0.17578;0.18555;0.19531;0.20508;0.21484;0.22461;0.23438;0.24414;0.25391;0.26367;0.27344;0.2832;0.29297;0.30273;0.3125;0.32227;0.33203;0.3418;0.35156;0.36133;0.37109;0.38086;0.39063;0.40039;0.41016;0.41992;0.42969;0.43945;0.44922;0.45898;0.46875;0.47852;0.48828;0.49805;0.50781;0.51758;0.52734;0.53711;0.54688;0.55664;0.56641;0.57617;0.58594;0.5957;0.60547;0.61523;0.625;0.63477;0.64453;0.6543;0.66406;0.67383;0.68359;0.69336;0.70313;0.71289;0.72266;0.73242;0.74219;0.75195;0.76172;0.77148;0.78125;0.79102,0.002696192;0.00443392;0.0058316800000000005;0.010758144;0.039589888;0.063616;0.11178700800000001;0.09130188800000001;0.09834496000000001;0.10428006399999999;0.19826687999999998;0.10538803199999999;0.07975423999999999;0.065769472;0.042205184;0.016425984;0.010020863999999999;0.006642688;0.006388736;0.009100288;0.005798911999999999;0.00410112;0.006644736;0.008487936;0.008253439999999999;0.007032832;0.015094784000000002;0.026886144;0.026522623999999998;0.019802112;0.010873856;0.012221439999999998;0.01629696;0.010568704;0.0070993919999999995;0.006794240000000001;0.006351872000000001;0.0051302399999999995;0.007242752000000001;0.007534592;0.0062648320000000006;0.004463616;0.003231744;0.0023347199999999998;0.002868224;0.002787328;0.0021329920000000002;0.002102272;0.002337792;0.0015697920000000002;0.0014653440000000002;0.00117248;0.00111104;0.001055744;0.00062464;0.000779264;0.001042432;0.0009543679999999999;0.000781312;0.0006604799999999999;0.000545792;0.00041779199999999995;0.000447488;0.0006154239999999999;0.000525312;0.00044646400000000004;0.000594944;0.0007219199999999999;0.00051712;0.000475136;0.00029593599999999995;0.000217088;0.000318464;0.00043110399999999997;0.000326656;0.000314368;0.00035430400000000006;0.000388096;0.000277504
1778633100,hdr,0.0293;0.03906;0.04883;0.05859;0.06836;0.07813;0.08789;0.09766;0.10742;0.11719;0.12695;0.13672;0.14648;0.15625;0.16602;0.17578;0.18555;0.19531;0.20508;0.21484;0.22461;0.23438;0.24414;0.25391;0.26367;0.27344;0.2832;0.29297;0.30273;0.3125;0.32227;0.33203;0.3418;0.35156;0.36133;0.37109;0.38086;0.39063;0.40039;0.41016;0.41992;0.42969;0.43945;0.44922;0.45898;0.46875;0.47852;0.48828;0.49805;0.50781;0.51758;0.52734;0.53711;0.54688;0.55664;0.56641;0.57617;0.58594;0.5957;0.60547;0.61523;0.625;0.63477;0.64453;0.6543;0.66406;0.67383;0.68359;0.69336;0.70313;0.71289;0.72266;0.73242;0.74219;0.75195;0.76172;0.77148;0.78125;0.79102,0.0012646399999999998;0.00298496;0.00387072;0.006025216000000001;0.028146688000000003;0.05128192;0.068554752;0.067376128;0.09163059199999998;0.148615168;0.231395328;0.104933376;0.078710784;0.04030464;0.020106239999999997;0.022561792;0.017017856;0.012064768;0.010881024;0.010497023999999999;0.009825279999999999;0.005763072;0.006155264;0.005400576;0.006764544;0.011949056000000001;0.010488832;0.014624768;0.017488896;0.024309760000000003;0.020355072000000002;0.015728640000000002;0.017200128000000002;0.014204928;0.00837632;0.007200768;0.00625664;0.0040519679999999995;0.003149824;0.005454848;0.003500032;0.0036392959999999998;0.0023838720000000004;0.003513344;0.0021524480000000004;0.0015616000000000002;0.0017356799999999999;0.0016168960000000003;0.0013608960000000001;0.001032192;0.001373184;0.0013568;0.001009664;0.000907264;0.0007557120000000001;0.000786432;0.000864256;0.000877568;0.0008151040000000001;0.000688128;0.000528384;0.0006502400000000001;0.000633856;0.000398336;0.00046284799999999997;0.000382976;0.0005734399999999999;0.000630784;0.00048639999999999995;0.00037785600000000004;0.00035532799999999997;0.00036352;0.000303104;0.000256;0.000321536;0.00034304;0.00040960000000000004;0.000206848;0.00014540800000000003
1778634000,hdr,0.0293;0.03906;0.04883;0.05859;0.06836;0.07813;0.08789;0.09766;0.10742;0.11719;0.12695;0.13672;0.14648;0.15625;0.16602;0.17578;0.18555;0.19531;0.20508;0.21484;0.22461;0.23438;0.24414;0.25391;0.26367;0.27344;0.2832;0.29297;0.30273;0.3125;0.32227;0.33203;0.3418;0.35156;0.36133;0.37109;0.38086;0.39063;0.40039;0.41016;0.41992;0.42969;0.43945;0.44922;0.45898;0.46875;0.47852;0.48828;0.49805;0.50781;0.51758;0.52734;0.53711;0.54688;0.55664;0.56641;0.57617;0.58594;0.5957;0.60547;0.61523;0.625;0.63477;0.64453;0.6543;0.66406;0.67383;0.68359;0.69336;0.70313;0.71289;0.72266;0.73242;0.74219;0.75195;0.76172;0.77148;0.78125;0.79102,0.001103872;0.004698112;0.009976832;0.011413504;0.025641984;0.08450048;0.08043827199999999;0.04302336;0.08101887999999999;0.123193344;0.118858752;0.0898816;0.052845568;0.026739712;0.033410048000000005;0.028226559999999998;0.013838336;0.006376448000000001;0.008382464;0.00843776;0.0062750720000000005;0.0063395840000000005;0.007670784000000001;0.004598784000000001;0.004827136;0.004573184;0.005352448;0.010570752000000001;0.018741248;0.020897792;0.019686399999999996;0.019833856;0.010729472;0.006028288;0.006308864;0.004381696;0.003731456;0.0031887359999999997;0.004289536;0.005444607999999999;0.004941824000000001;0.00335872;0.0026439680000000004;0.0011919360000000002;0.001755136;0.002229248;0.001655808;0.0016650240000000002;0.0014172160000000002;0.00103936;0.0012523519999999998;0.001186816;0.001050624;0.0011601919999999998;0.00121344;0.0011212799999999999;0.0009318400000000001;0.0005980159999999999;0.0005560319999999999;0.0005703679999999999;0.00051712;0.000379904;0.000482304;0.0006840319999999999;0.000550912;0.00044544;0.00041676800000000003;0.000339968;0.000284672;0.000366592;0.000603136;0.0004352;0.00034816000000000003;0.000393216;0.000400384;0.000382976;0.00020480000000000002;0.000130048;0.000180224
1778634900,hdr,0.0293;0.03906;0.04883;0.05859;0.06836;0.07813;0.08789;0.09766;0.10742;0.11719;0.12695;0.13672;0.14648;0.15625;0.16602;0.17578;0.18555;0.19531;0.20508;0.21484;0.22461;0.23438;0.24414;0.25391;0.26367;0.27344;0.2832;0.29297;0.30273;0.3125;0.32227;0.33203;0.3418;0.35156;0.36133;0.37109;0.38086;0.39063;0.40039;0.41016;0.41992;0.42969;0.43945;0.44922;0.45898;0.46875;0.47852;0.48828;0.49805;0.50781;0.51758;0.52734;0.53711;0.54688;0.55664;0.56641;0.57617;0.58594;0.5957;0.60547;0.61523;0.625;0.63477;0.64453;0.6543;0.66406;0.67383;0.68359;0.69336;0.70313;0.71289;0.72266;0.73242;0.74219;0.75195;0.76172;0.77148;0.78125;0.79102,0.003917824;0.008805376;0.011258879999999999;0.008391679999999999;0.03424256;0.10141081599999999;0.125760512;0.09931776;0.108388352;0.184262656;0.15292108799999998;0.10756505599999999;0.078808064;0.075337728;0.048374784;0.040426496;0.015225856;0.007591936;0.008335359999999998;0.0047104;0.00669696;0.00868864;0.009605119999999998;0.00760832;0.005828608;0.010903552;0.011049984;0.012849152;0.01446912;0.028316672;0.025212928;0.017974272;0.011363327999999999;0.0053913599999999996;0.007989248;0.006651904;0.0057098240000000005;0.005264384;0.0030781439999999997;0.003740672;0.00327168;0.0022712319999999998;0.0021370879999999997;0.0015616000000000002;0.002006016;0.001989632;0.00136192;0.0011468799999999999;0.001257472;0.001422336;0.0008704;0.000789504;0.000771072;0.0006225919999999999;0.00104448;0.0007086080000000001;0.0007413760000000001;0.000807936;0.000513024;0.0007280640000000001;0.000561152;0.000664576;0.000526336;0.000449536;0.0005847039999999999;0.0005918719999999999;0.000456704;0.000412672;0.00052224;0.000423936;0.00028671999999999997;0.00042598399999999997;0.000345088;0.000319488;0.00025088;0.000384;0.00023859199999999998;0.000263168;0.000308224
1778635800,hdr,0.0293;0.03906;0.04883;0.05859;0.06836;0.07813;0.08789;0.09766;0.10742;0.11719;0.12695;0.13672;0.14648;0.15625;0.16602;0.17578;0.18555;0.19531;0.20508;0.21484;0.22461;0.23438;0.24414;0.25391;0.26367;0.27344;0.2832;0.29297;0.30273;0.3125;0.32227;0.33203;0.3418;0.35156;0.36133;0.37109;0.38086;0.39063;0.40039;0.41016;0.41992;0.42969;0.43945;0.44922;0.45898;0.46875;0.47852;0.48828;0.49805;0.50781;0.51758;0.52734;0.53711;0.54688;0.55664;0.56641;0.57617;0.58594;0.5957;0.60547;0.61523;0.625;0.63477;0.64453;0.6543;0.66406;0.67383;0.68359;0.69336;0.70313;0.71289;0.72266;0.73242;0.74219;0.75195;0.76172;0.77148;0.78125;0.79102,0.0070942719999999996;0.015941632;0.01337344;0.008980479999999999;0.07020032000000001;0.154958848;0.123780096;0.077555712;0.13113753600000003;0.13518335999999997;0.108587008;0.08052838400000001;0.08389632000000001;0.055302144;0.038285311999999995;0.026077183999999996;0.019608576000000003;0.01445888;0.008526848;0.006499328;0.006557696;0.007940095999999999;0.005446656;0.004407296;0.004880384;0.0071116799999999996;0.011134976000000001;0.013638655999999999;0.017864704;0.01811968;0.013943808;0.012325888;0.009785344000000001;0.009964544;0.009352192;0.006174719999999999;0.002596864;0.0034488319999999998;0.004100095999999999;0.004440064;0.0035450879999999996;0.0030289920000000003;0.001941504;0.001570816;0.000922624;0.0019660800000000003;0.0021944319999999996;0.001711104;0.002265088;0.001593344;0.001180672;0.0006830079999999999;0.001021952;0.00076288;0.000690176;0.0006737919999999999;0.00090112;0.000939008;0.000555008;0.0005888;0.0005560319999999999;0.000521216;0.00041779199999999995;0.000319488;0.00054272;0.00052224;0.000411648;0.000555008;0.00039628799999999996;0.000314368;0.00042496;0.000447488;0.00024780799999999997;0.000320512;0.00036864000000000005;0.000461824;0.00040243200000000004;0.000188416;0.00021401600000000003
1778636700,hdr,0.0293;0.03906;0.04883;0.05859;0.06836;0.07813;0.08789;0.09766;0.10742;0.11719;0.12695;0.13672;0.14648;0.15625;0.16602;0.17578;0.18555;0.19531;0.20508;0.21484;0.22461;0.23438;0.24414;0.25391;0.26367;0.27344;0.2832;0.29297;0.30273;0.3125;0.32227;0.33203;0.3418;0.35156;0.36133;0.37109;0.38086;0.39063;0.40039;0.41016;0.41992;0.42969;0.43945;0.44922;0.45898;0.46875;0.47852;0.48828;0.49805;0.50781;0.51758;0.52734;0.53711;0.54688;0.55664;0.56641;0.57617;0.58594;0.5957;0.60547;0.61523;0.625;0.63477;0.64453;0.6543;0.66406;0.67383;0.68359;0.69336;0.70313;0.71289;0.72266;0.73242;0.74219;0.75195;0.76172;0.77148;0.78125;0.79102,0.010348544;0.012756992;0.009426944000000001;0.006820864;0.026724352;0.041503744;0.054930432;0.053185536;0.11064012799999999;0.16869376;0.13284147200000002;0.07600639999999999;0.040799232000000005;0.03872768;0.032223232000000004;0.016070656;0.01273344;0.011541504;0.012823552;0.008150016000000001;0.004227072;0.004558848;0.007693312;0.008841215999999999;0.007873536;0.005282816000000001;0.005874688;0.009053183999999999;0.021384192;0.015663104;0.010226688;0.012758015999999999;0.012635135999999998;0.008646656;0.006923263999999999;0.005360640000000001;0.00283648;0.0029593600000000003;0.0019210240000000001;0.001364992;0.00207872;0.002542592;0.0022353919999999997;0.001600512;0.001513472;0.001004544;0.001079296;0.001212416;0.0011786239999999999;0.000899072;0.000635904;0.000607232;0.00067072;0.0008560640000000001;0.000992256;0.000761856;0.00041984;0.000607232;0.000799744;0.00077824;0.000606208;0.000441344;0.000329728;0.000272384;0.000303104;0.00025497599999999997;0.000529408;0.00041984;0.000475136;0.000284672;0.000366592;0.000395264;0.000303104;0.00037785600000000004;0.00030412799999999997;0.000344064;0.000345088;0.000323584;0.000200704
1778637600,hdr,0.0293;0.03906;0.04883;0.05859;0.06836;0.07813;0.08789;0.09766;0.10742;0.11719;0.12695;0.13672;0.14648;0.15625;0.16602;0.17578;0.18555;0.19531;0.20508;0.21484;0.22461;0.23438;0.24414;0.25391;0.26367;0.27344;0.2832;0.29297;0.30273;0.3125;0.32227;0.33203;0.3418;0.35156;0.36133;0.37109;0.38086;0.39063;0.40039;0.41016;0.41992;0.42969;0.43945;0.44922;0.45898;0.46875;0.47852;0.48828;0.49805;0.50781;0.51758;0.52734;0.53711;0.54688;0.55664;0.56641;0.57617;0.58594;0.5957;0.60547;0.61523;0.625;0.63477;0.64453;0.6543;0.66406;0.67383;0.68359;0.69336;0.70313;0.71289;0.72266;0.73242;0.74219;0.75195;0.76172;0.77148;0.78125;0.79102,0.002845696;0.006397952;0.0067235839999999995;0.010884096;0.034158591999999995;0.092448768;0.07880396799999999;0.048174079999999994;0.106892288;0.108315648;0.10161664;0.09808998399999999;0.043502592;0.036965375999999994;0.032446464;0.01425408;0.014074880000000001;0.012913664;0.008558592;0.006559744;0.0065587200000000005;0.005439488;0.0029870079999999998;0.00217088;0.004081664;0.007010304;0.0098304;0.011404287999999999;0.013156352000000001;0.015987712;0.0197888;0.013856768;0.00832512;0.005614592;0.00648192;0.006397952;0.002445312;0.0025384959999999995;0.002006016;0.001980416;0.0015534079999999998;0.0020244480000000003;0.002146304;0.001432576;0.0010752000000000001;0.00104448;0.00088064;0.001016832;0.0009584639999999999;0.0008509440000000001;0.001181696;0.001119232;0.00087552;0.000949248;0.0005703679999999999;0.00046080000000000003;0.00043827199999999997;0.000499712;0.000393216;0.000339968;0.00039423999999999997;0.000347136;0.000400384;0.00041062399999999995;0.000278528;0.00040960000000000004;0.000346112;0.00042598399999999997;0.00033689599999999994;0.000241664;0.00024063999999999997;0.00040448000000000003;0.00037478399999999997;0.00020377600000000002;0.000207872;0.000262144;0.00023654400000000002;0.00023552000000000002;0.000244736
1778638500,hdr,0.0293;0.03906;0.04883;0.05859;0.06836;0.07813;0.08789;0.09766;0.10742;0.11719;0.12695;0.13672;0.14648;0.15625;0.16602;0.17578;0.18555;0.19531;0.20508;0.21484;0.22461;0.23438;0.24414;0.25391;0.26367;0.27344;0.2832;0.29297;0.30273;0.3125;0.32227;0.33203;0.3418;0.35156;0.36133;0.37109;0.38086;0.39063;0.40039;0.41016;0.41992;0.42969;0.43945;0.44922;0.45898;0.46875;0.47852;0.48828;0.49805;0.50781;0.51758;0.52734;0.53711;0.54688;0.55664;0.56641;0.57617;0.58594;0.5957;0.60547;0.61523;0.625;0.63477;0.64453;0.6543;0.66406;0.67383;0.68359;0.69336;0.70313;0.71289;0.72266;0.73242;0.74219;0.75195;0.76172;0.77148;0.78125;0.79102,0.004371456;0.010533887999999998;0.008324096000000001;0.01010176;0.035251199999999996;0.059591679999999994;0.083088384;0.07332864;0.14691328;0.15484620799999999;0.094232576;0.061021184;0.053699584;0.033565696000000006;0.024245248;0.025604095999999996;0.0150016;0.008351744000000001;0.009203712;0.010345472;0.008208384;0.004658176;0.004556800000000001;0.0033024;0.004806656;0.009012224000000001;0.007876608;0.006711296;0.011976704;0.010993664;0.01865728;0.013381632;0.012244992;0.011020288;0.00573952;0.003557376;0.003653632;0.003597312;0.00247296;0.00206848;0.0016936960000000002;0.000996352;0.001201152;0.0017489920000000002;0.002082816;0.0012994559999999998;0.0010608640000000001;0.0011448320000000001;0.001426432;0.0007976959999999999;0.000987136;0.0008386559999999999;0.0005601279999999999;0.000730112;0.000758784;0.0005304320000000001;0.000520192;0.00046284799999999997;0.000492544;0.00043315199999999996;0.00047923199999999995;0.000555008;0.00042496;0.00028671999999999997;0.000388096;0.000345088;0.000269312;0.000347136;0.000323584;0.00024576000000000003;0.00029593599999999995;0.000241664;0.00031744;0.00035430400000000006;0.000360448;0.000320512;0.00021504000000000003;0.000264192;0.000326656
1778639400,hdr,0.0293;0.03906;0.04883;0.05859;0.06836;0.07813;0.08789;0.09766;0.10742;0.11719;0.12695;0.13672;0.14648;0.15625;0.16602;0.17578;0.18555;0.19531;0.20508;0.21484;0.22461;0.23438;0.24414;0.25391;0.26367;0.27344;0.2832;0.29297;0.30273;0.3125;0.32227;0.33203;0.3418;0.35156;0.36133;0.37109;0.38086;0.39063;0.40039;0.41016;0.41992;0.42969;0.43945;0.44922;0.45898;0.46875;0.47852;0.48828;0.49805;0.50781;0.51758;0.52734;0.53711;0.54688;0.55664;0.56641;0.57617;0.58594;0.5957;0.60547;0.61523;0.625;0.63477;0.64453;0.6543;0.66406;0.67383;0.68359;0.69336;0.70313;0.71289;0.72266;0.73242;0.74219;0.75195;0.76172;0.77148;0.78125;0.79102,0.001327104;0.00422912;0.005100544;0.010213376;0.040619008000000005;0.117966848;0.127770624;0.109452288;0.120721408;0.104660992;0.090483712;0.07344537599999999;0.039470080000000005;0.0237312;0.026925056;0.018614272;0.010801152;0.007476224;0.004723712;0.005276672;0.006409216;0.006462464;0.003876864;0.00515584;0.003515392;0.007960576;0.012813312;0.013418495999999999;0.012557312;0.017449984;0.016032768;0.0076124159999999995;0.007652352;0.005024768;0.005236736;0.006110208000000001;0.003857408;0.00406016;0.00231936;0.001887232;0.0019210240000000001;0.0015892480000000001;0.0014438399999999998;0.001646592;0.001810432;0.001004544;0.0009727999999999999;0.00107008;0.001446912;0.00131584;0.00136192;0.001488896;0.00096768;0.0006041600000000001;0.00062976;0.000493568;0.0005601279999999999;0.000625664;0.00047718399999999996;0.000350208;0.0004956159999999999;0.0004956159999999999;0.000447488;0.00040448000000000003;0.000371712;0.00047308800000000003;0.000330752;0.00034816000000000003;0.00031232;0.000319488;0.000277504;0.000267264;0.000241664;0.00043315199999999996;0.000278528;0.000310272;0.000248832;0.00020172799999999998;0.000186368
1778640300,hdr,0.0293;0.03906;0.04883;0.05859;0.06836;0.07813;0.08789;0.09766;0.10742;0.11719;0.12695;0.13672;0.14648;0.15625;0.16602;0.17578;0.18555;0.19531;0.20508;0.21484;0.22461;0.23438;0.24414;0.25391;0.26367;0.27344;0.2832;0.29297;0.30273;0.3125;0.32227;0.33203;0.3418;0.35156;0.36133;0.37109;0.38086;0.39063;0.40039;0.41016;0.41992;0.42969;0.43945;0.44922;0.45898;0.46875;0.47852;0.48828;0.49805;0.50781;0.51758;0.52734;0.53711;0.54688;0.55664;0.56641;0.57617;0.58594;0.5957;0.60547;0.61523;0.625;0.63477;0.64453;0.6543;0.66406;0.67383;0.68359;0.69336;0.70313;0.71289;0.72266;0.73242;0.74219;0.75195;0.76172;0.77148;0.78125;0.79102,0.00083968;0.0013260799999999999;0.002029568;0.00599552;0.029996032;0.060484608;0.06160076800000001;0.059508736;0.105603072;0.1441024;0.08733184;0.050888704;0.050911231999999994;0.035062784;0.020699136;0.020011008;0.019268608;0.013140992;0.010810368;0.009319424;0.004867072;0.00417792;0.004365312;0.0035471359999999998;0.005063679999999999;0.004225024;0.00766976;0.010316800000000001;0.014952448;0.022760448;0.011640832;0.007651328000000001;0.005900287999999999;0.0034109440000000004;0.0031488;0.0038021120000000003;0.0039301119999999995;0.0033208319999999997;0.001775616;0.002026496;0.001692672;0.0013475839999999998;0.001152;0.00119808;0.001193984;0.000878592;0.001063936;0.00137728;0.001353728;0.000903168;0.0005877759999999999;0.00047616000000000005;0.00077824;0.0006737919999999999;0.000429056;0.00041676800000000003;0.0005918719999999999;0.00046080000000000003;0.000379904;0.000666624;0.000698368;0.000406528;0.000381952;0.000393216;0.000592896;0.000499712;0.000258048;0.00029593599999999995;0.000274432;0.000335872;0.000258048;0.000253952;0.00029593599999999995;0.0003584;0.000391168;0.000277504;0.00015462400000000002;0.000207872;0.000157696
1778641200,hdr,0.0293;0.03906;0.04883;0.05859;0.06836;0.07813;0.08789;0.09766;0.10742;0.11719;0.12695;0.13672;0.14648;0.15625;0.16602;0.17578;0.18555;0.19531;0.20508;0.21484;0.22461;0.23438;0.24414;0.25391;0.26367;0.27344;0.2832;0.29297;0.30273;0.3125;0.32227;0.33203;0.3418;0.35156;0.36133;0.37109;0.38086;0.39063;0.40039;0.41016;0.41992;0.42969;0.43945;0.44922;0.45898;0.46875;0.47852;0.48828;0.49805;0.50781;0.51758;0.52734;0.53711;0.54688;0.55664;0.56641;0.57617;0.58594;0.5957;0.60547;0.61523;0.625;0.63477;0.64453;0.6543;0.66406;0.67383;0.68359;0.69336;0.70313;0.71289;0.72266;0.73242;0.74219;0.75195;0.76172;0.77148;0.78125;0.79102,0.000444416;0.001480704;0.002154496;0.006458368000000001;0.04491776;0.071135232;0.093042688;0.083514368;0.145736704;0.142007296;0.101766144;0.053252096000000006;0.031389696;0.023742464;0.017813503999999997;0.01434624;0.015647743999999998;0.012795904;0.007696384;0.0062177280000000005;0.00571904;0.004995072;0.0028948479999999998;0.0023572479999999997;0.003378176;0.00410624;0.006700032;0.013481984;0.017833984;0.012758015999999999;0.010628096;0.012285952;0.010756096;0.007437312000000001;0.00565248;0.0033955839999999997;0.0016773119999999998;0.002156544;0.00141312;0.0010086399999999999;0.002332672;0.002792448;0.0024227840000000003;0.002523136;0.001707008;0.001227776;0.00141824;0.000898048;0.000754688;0.000698368;0.000887808;0.0008366080000000001;0.000905216;0.0007976959999999999;0.0005980159999999999;0.000632832;0.00065536;0.000553984;0.000545792;0.00052224;0.00047923199999999995;0.000339968;0.000468992;0.0005877759999999999;0.0005232639999999998;0.00039219200000000003;0.00036761599999999997;0.000253952;0.00028774400000000004;0.00044032;0.000408576;0.0002816;0.000252928;0.00023552000000000002;0.00025497599999999997;0.00022323200000000002;0.000210944;0.000263168;0.00030412799999999997
1778642100,hdr,0.0293;0.03906;0.04883;0.05859;0.06836;0.07813;0.08789;0.09766;0.10742;0.11719;0.12695;0.13672;0.14648;0.15625;0.16602;0.17578;0.18555;0.19531;0.20508;0.21484;0.22461;0.23438;0.24414;0.25391;0.26367;0.27344;0.2832;0.29297;0.30273;0.3125;0.32227;0.33203;0.3418;0.35156;0.36133;0.37109;0.38086;0.39063;0.40039;0.41016;0.41992;0.42969;0.43945;0.44922;0.45898;0.46875;0.47852;0.48828;0.49805;0.50781;0.51758;0.52734;0.53711;0.54688;0.55664;0.56641;0.57617;0.58594;0.5957;0.60547;0.61523;0.625;0.63477;0.64453;0.6543;0.66406;0.67383;0.68359;0.69336;0.70313;0.71289;0.72266;0.73242;0.74219;0.75195;0.76172;0.77148;0.78125;0.79102,0.000786432;0.0018841600000000002;0.00325632;0.007117824;0.030319615999999997;0.054578176;0.045105151999999996;0.059692032;0.054001664;0.12357836800000001;0.13196697599999999;0.057453567999999997;0.034723840000000006;0.029970431999999998;0.023168;0.018437119999999998;0.014345216000000001;0.01224192;0.0095488;0.006744063999999999;0.004072447999999999;0.002885632;0.0024545279999999997;0.004657152;0.005576704000000001;0.008116224000000002;0.008655872000000002;0.010688511999999999;0.013604864;0.013010944;0.016379904;0.010442752;0.006124544;0.005878784;0.004914176;0.0033884159999999996;0.002282496;0.002569216;0.002169856;0.001400832;0.00137216;0.0013035520000000001;0.001550336;0.00105472;0.000955392;0.0012400640000000001;0.001294336;0.001088512;0.00129024;0.0010598399999999998;0.000664576;0.000566272;0.00068608;0.000663552;0.000676864;0.000637952;0.000606208;0.000613376;0.000548864;0.000510976;0.0006000640000000001;0.00039423999999999997;0.000260096;0.00027648;0.000390144;0.000482304;0.000366592;0.00026112;0.000248832;0.00033894400000000004;0.00035532799999999997;0.00043315199999999996;0.00030412799999999997;0.00032870400000000003;0.000345088;0.00024780799999999997;0.000226304;0.000233472;0.00022016
1778643000,hdr,0.0293;0.03906;0.04883;0.05859;0.06836;0.07813;0.08789;0.09766;0.10742;0.11719;0.12695;0.13672;0.14648;0.15625;0.16602;0.17578;0.18555;0.19531;0.20508;0.21484;0.22461;0.23438;0.24414;0.25391;0.26367;0.27344;0.2832;0.29297;0.30273;0.3125;0.32227;0.33203;0.3418;0.35156;0.36133;0.37109;0.38086;0.39063;0.40039;0.41016;0.41992;0.42969;0.43945;0.44922;0.45898;0.46875;0.47852;0.48828;0.49805;0.50781;0.51758;0.52734;0.53711;0.54688;0.55664;0.56641;0.57617;0.58594;0.5957;0.60547;0.61523;0.625;0.63477;0.64453;0.6543;0.66406;0.67383;0.68359;0.69336;0.70313;0.71289;0.72266;0.73242;0.74219;0.75195;0.76172;0.77148;0.78125;0.79102,0.000648192;0.001680384;0.0017858560000000002;0.00549376;0.046492672;0.088003584;0.058641408;0.055218176;0.064144384;0.085515264;0.079859712;0.040378368000000005;0.022473728000000002;0.018807808000000002;0.015117311999999999;0.020722688000000003;0.014908416;0.009761792;0.005466112;0.008612864;0.006744063999999999;0.004378624000000001;0.00367616;0.0035942400000000003;0.002696192;0.003549184;0.006690816;0.011941888000000001;0.016521216000000002;0.014797824000000001;0.012490752;0.009457664;0.0073031680000000005;0.006208511999999999;0.005269504000000001;0.003396608;0.002640896;0.0025139200000000002;0.0018237440000000002;0.0007833599999999999;0.001097728;0.00157184;0.0013219840000000002;0.001579008;0.001118208;0.000606208;0.0009287680000000001;0.0008222720000000001;0.0007372800000000001;0.001048576;0.001214464;0.000863232;0.000760832;0.000482304;0.000382976;0.0005580800000000001;0.00039628799999999996;0.000569344;0.000632832;0.0006144;0.000387072;0.000316416;0.00052736;0.000613376;0.000492544;0.000382976;0.000279552;0.00039423999999999997;0.000408576;0.000439296;0.000386048;0.000320512;0.000318464;0.000260096;0.00024371200000000001;0.00018124799999999998;0.000229376;0.00023859199999999998;0.000144384
1778643900,hdr,0.0293;0.03906;0.04883;0.05859;0.06836;0.07813;0.08789;0.09766;0.10742;0.11719;0.12695;0.13672;0.14648;0.15625;0.16602;0.17578;0.18555;0.19531;0.20508;0.21484;0.22461;0.23438;0.24414;0.25391;0.26367;0.27344;0.2832;0.29297;0.30273;0.3125;0.32227;0.33203;0.3418;0.35156;0.36133;0.37109;0.38086;0.39063;0.40039;0.41016;0.41992;0.42969;0.43945;0.44922;0.45898;0.46875;0.47852;0.48828;0.49805;0.50781;0.51758;0.52734;0.53711;0.54688;0.55664;0.56641;0.57617;0.58594;0.5957;0.60547;0.61523;0.625;0.63477;0.64453;0.6543;0.66406;0.67383;0.68359;0.69336;0.70313;0.71289;0.72266;0.73242;0.74219;0.75195;0.76172;0.77148;0.78125;0.79102,0.000494592;0.001316864;0.0012001280000000002;0.00443392;0.032596992;0.052875264000000005;0.059140095999999996;0.057158656;0.07665868799999999;0.09834291199999999;0.064181248;0.05532876799999999;0.046134272000000004;0.019049472;0.015908863999999998;0.014946304;0.010604544;0.010310656;0.010781696;0.0076124159999999995;0.00460288;0.002924544;0.00326656;0.004332544000000001;0.005087232;0.004207616;0.008090624;0.013102080000000002;0.021067775999999996;0.023102464;0.02593792;0.014775296;0.008598528000000001;0.004570112;0.0037918720000000004;0.004409344;0.003934208;0.002522112;0.000937984;0.001210368;0.001293312;0.000898048;0.0009738240000000001;0.00101376;0.0005724160000000001;0.000692224;0.0007464960000000001;0.000893952;0.0007925759999999999;0.00042291200000000006;0.00046080000000000003;0.0005980159999999999;0.00063488;0.000519168;0.00027648;0.000413696;0.00029900799999999997;0.00041984;0.000427008;0.000380928;0.00041779199999999995;0.000449536;0.000283648;0.000346112;0.00032768;0.000289792;0.00030412799999999997;0.00029388799999999996;0.000314368;0.000242688;0.000161792;0.000192512;0.000257024;0.000224256;0.000242688;0.000253952;0.000167936;0.000176128;0.00029798400000000005
1778644800,hdr,0.0293;0.03906;0.04883;0.05859;0.06836;0.07813;0.08789;0.09766;0.10742;0.11719;0.12695;0.13672;0.14648;0.15625;0.16602;0.17578;0.18555;0.19531;0.20508;0.21484;0.22461;0.23438;0.24414;0.25391;0.26367;0.27344;0.2832;0.29297;0.30273;0.3125;0.32227;0.33203;0.3418;0.35156;0.36133;0.37109;0.38086;0.39063;0.40039;0.41016;0.41992;0.42969;0.43945;0.44922;0.45898;0.46875;0.47852;0.48828;0.49805;0.50781;0.51758;0.52734;0.53711;0.54688;0.55664;0.56641;0.57617;0.58594;0.5957;0.60547;0.61523;0.625;0.63477;0.64453;0.6543;0.66406;0.67383;0.68359;0.69336;0.70313;0.71289;0.72266;0.73242;0.74219;0.75195;0.76172;0.77148;0.78125;0.79102,0.000164864;0.001084416;0.0031907839999999995;0.008228863999999999;0.028259328;0.056205312;0.056772608;0.055476224000000005;0.07005183999999999;0.10486272;0.082985984;0.032949248;0.022542336;0.017758207999999998;0.021993472;0.018382847999999997;0.01430016;0.008036352;0.008700928;0.00741376;0.005144576;0.004478976000000001;0.00492544;0.0036966399999999997;0.00397312;0.005528576;0.006918144;0.008747008;0.017221631999999997;0.026908671999999998;0.034020352;0.023570432000000002;0.012115968000000001;0.0049408;0.003756032;0.004657152;0.0033832960000000005;0.0032174079999999997;0.00276992;0.0022425599999999998;0.0018483199999999999;0.00136192;0.0009973760000000001;0.001073152;0.001416192;0.001284096;0.001119232;0.001036288;0.001349632;0.0010496000000000001;0.0009830400000000001;0.000786432;0.000580608;0.000817152;0.000538624;0.000601088;0.000692224;0.000700416;0.000647168;0.0005468159999999999;0.00030924800000000003;0.000365568;0.000519168;0.0003584;0.000387072;0.000324608;0.000288768;0.00036454399999999996;0.000386048;0.00029491200000000004;0.00023552000000000002;0.000226304;0.00023244799999999998;0.00027033600000000004;0.000284672;0.00020377600000000002;0.00023244799999999998;0.00016896;0.00027648
1778645700,hdr,0.0293;0.03906;0.04883;0.05859;0.06836;0.07813;0.08789;0.09766;0.10742;0.11719;0.12695;0.13672;0.14648;0.15625;0.16602;0.17578;0.18555;0.19531;0.20508;0.21484;0.22461;0.23438;0.24414;0.25391;0.26367;0.27344;0.2832;0.29297;0.30273;0.3125;0.32227;0.33203;0.3418;0.35156;0.36133;0.37109;0.38086;0.39063;0.40039;0.41016;0.41992;0.42969;0.43945;0.44922;0.45898;0.46875;0.47852;0.48828;0.49805;0.50781;0.51758;0.52734;0.53711;0.54688;0.55664;0.56641;0.57617;0.58594;0.5957;0.60547;0.61523;0.625;0.63477;0.64453;0.6543;0.66406;0.67383;0.68359;0.69336;0.70313;0.71289;0.72266;0.73242;0.74219;0.75195;0.76172;0.77148;0.78125;0.79102,0.0005376000000000001;0.003677184;0.005448704;0.0047790079999999995;0.04712960000000001;0.095200256;0.06395904;0.07060275199999999;0.067728384;0.072382464;0.047552512000000005;0.024165376;0.027103232;0.019585024000000003;0.008682496000000001;0.008953856;0.010194944;0.011191296;0.007241728;0.005008384;0.005445632;0.005776384;0.0031703039999999997;0.0022067199999999997;0.004617216;0.004158464;0.006528;0.009765888;0.017282047999999998;0.019056640000000003;0.013448192000000001;0.014655488;0.011321343999999999;0.009554944000000001;0.006102016;0.00503808;0.004185088000000001;0.00466432;0.004139008;0.0024576;0.0026245120000000003;0.001676288;0.001243136;0.0016895999999999999;0.0011704320000000001;0.0011786239999999999;0.001430528;0.001383424;0.0009297919999999999;0.000841728;0.000719872;0.00043724800000000005;0.000651264;0.000754688;0.000592896;0.00046592000000000004;0.00041062399999999995;0.000524288;0.000321536;0.00029491200000000004;0.000253952;0.000157696;0.00024063999999999997;0.000233472;0.00024780799999999997;0.00033382400000000003;0.000454656;0.000350208;0.00028774400000000004;0.00029798400000000005;0.000191488;0.000178176;0.00023961599999999998;0.000262144;0.00023961599999999998;0.000164864;0.00020992;0.00023040000000000002;0.000262144
1778646600,hdr,0.0293;0.03906;0.04883;0.05859;0.06836;0.07813;0.08789;0.09766;0.10742;0.11719;0.12695;0.13672;0.14648;0.15625;0.16602;0.17578;0.18555;0.19531;0.20508;0.21484;0.22461;0.23438;0.24414;0.25391;0.26367;0.27344;0.2832;0.29297;0.30273;0.3125;0.32227;0.33203;0.3418;0.35156;0.36133;0.37109;0.38086;0.39063;0.40039;0.41016;0.41992;0.42969;0.43945;0.44922;0.45898;0.46875;0.47852;0.48828;0.49805;0.50781;0.51758;0.52734;0.53711;0.54688;0.55664;0.56641;0.57617;0.58594;0.5957;0.60547;0.61523;0.625;0.63477;0.64453;0.6543;0.66406;0.67383;0.68359;0.69336;0.70313;0.71289;0.72266;0.73242;0.74219;0.75195;0.76172;0.77148;0.78125;0.79102,0.003272704;0.005098496;0.007636992;0.010935295999999999;0.028696576;0.049763328;0.08264704;0.072753152;0.046025728;0.047763455999999996;0.042340352000000005;0.021294080000000003;0.018962432;0.015510528;0.01779712;0.017362943999999998;0.017421312;0.0099072;0.008937472;0.007817216;0.004476928;0.0035246080000000003;0.0022906879999999995;0.0034918399999999995;0.003011584;0.008001536;0.013420544;0.019817472;0.0291328;0.0252928;0.018014208;0.015072256;0.009865216;0.007721984;0.0076288;0.006534144;0.003807232;0.0024463360000000003;0.002382848;0.0019712;0.001830912;0.001664;0.002134016;0.002052096;0.001738752;0.001147904;0.00073216;0.00073216;0.0008048640000000001;0.000596992;0.000594944;0.000513024;0.0007188480000000001;0.0007106559999999999;0.000663552;0.000659456;0.000436224;0.0005847039999999999;0.000510976;0.00047923199999999995;0.000418816;0.000518144;0.000504832;0.000234496;0.000205824;0.000339968;0.00024576000000000003;0.000128;0.00025497599999999997;0.000257024;0.000205824;0.000173056;0.000110592;0.000173056;0.000167936;0.00015052799999999998;0.0001792;0.000197632;0.00016691200000000002
1778647500,hdr,0.0293;0.03906;0.04883;0.05859;0.06836;0.07813;0.08789;0.09766;0.10742;0.11719;0.12695;0.13672;0.14648;0.15625;0.16602;0.17578;0.18555;0.19531;0.20508;0.21484;0.22461;0.23438;0.24414;0.25391;0.26367;0.27344;0.2832;0.29297;0.30273;0.3125;0.32227;0.33203;0.3418;0.35156;0.36133;0.37109;0.38086;0.39063;0.40039;0.41016;0.41992;0.42969;0.43945;0.44922;0.45898;0.46875;0.47852;0.48828;0.49805;0.50781;0.51758;0.52734;0.53711;0.54688;0.55664;0.56641;0.57617;0.58594;0.5957;0.60547;0.61523;0.625;0.63477;0.64453;0.6543;0.66406;0.67383;0.68359;0.69336;0.70313;0.71289;0.72266;0.73242;0.74219;0.75195;0.76172;0.77148;0.78125;0.79102,0.0023336960000000006;0.005753856;0.004979712000000001;0.007800832;0.039209983999999996;0.06616268800000001;0.068315136;0.059317248;0.057841664;0.07788953600000001;0.052055040000000004;0.019131392000000004;0.01744384;0.016437247999999998;0.018212864000000002;0.022786048000000003;0.019124224000000002;0.010341376;0.006617088;0.00363008;0.003460096;0.002486272;0.00394752;0.0030781439999999997;0.003084288;0.009206784;0.012763135999999998;0.013761536;0.014536704;0.012891136;0.01552896;0.011629568000000002;0.005954559999999999;0.007538687999999999;0.007144447999999999;0.0045895680000000005;0.00398336;0.004487168;0.00285696;0.0020797439999999997;0.002193408;0.00185856;0.0010813440000000001;0.00115712;0.001155072;0.0007219199999999999;0.000884736;0.000841728;0.001099776;0.000795648;0.000986112;0.0008509440000000001;0.0007352319999999999;0.000717824;0.000847872;0.00077312;0.00062976;0.0006184960000000001;0.0005836799999999999;0.000493568;0.000451584;0.000272384;0.000356352;0.00051712;0.00040550399999999994;0.000503808;0.000513024;0.000303104;0.000282624;0.000388096;0.000278528;0.00026521600000000003;0.000268288;0.00023961599999999998;0.000216064;0.000222208;0.000289792;0.00024780799999999997;0.000289792
1778648400,hdr,0.0293;0.03906;0.04883;0.05859;0.06836;0.07813;0.08789;0.09766;0.10742;0.11719;0.12695;0.13672;0.14648;0.15625;0.16602;0.17578;0.18555;0.19531;0.20508;0.21484;0.22461;0.23438;0.24414;0.25391;0.26367;0.27344;0.2832;0.29297;0.30273;0.3125;0.32227;0.33203;0.3418;0.35156;0.36133;0.37109;0.38086;0.39063;0.40039;0.41016;0.41992;0.42969;0.43945;0.44922;0.45898;0.46875;0.47852;0.48828;0.49805;0.50781;0.51758;0.52734;0.53711;0.54688;0.55664;0.56641;0.57617;0.58594;0.5957;0.60547;0.61523;0.625;0.63477;0.64453;0.6543;0.66406;0.67383;0.68359;0.69336;0.70313;0.71289;0.72266;0.73242;0.74219;0.75195;0.76172;0.77148;0.78125;0.79102,0.000183296;0.0017602560000000002;0.00409088;0.005618688;0.032558079999999996;0.047597568;0.068498432;0.07506431999999999;0.070583296;0.053634048000000004;0.048862208000000004;0.033027072;0.019220479999999998;0.012093439999999999;0.011266047999999999;0.009949184000000002;0.006938624;0.007286783999999999;0.007897088;0.006110208000000001;0.00589312;0.004747264;0.00427008;0.005669888;0.004625408;0.006417408;0.011824128000000001;0.013759487999999999;0.019260416000000002;0.014979072;0.019781631999999997;0.021154816;0.017043456;0.010233856;0.004864;0.004696064;0.0038021120000000003;0.003500032;0.00279552;0.002617344;0.0022599680000000002;0.002377728;0.001523712;0.0009594880000000001;0.001275904;0.001149952;0.000990208;0.001455104;0.001225728;0.000970752;0.001199104;0.000672768;0.0010936319999999998;0.001006592;0.0006574080000000001;0.00047411199999999995;0.000418816;0.000525312;0.0006041600000000001;0.000698368;0.000704512;0.000566272;0.00030412799999999997;0.00028671999999999997;0.00032768;0.000344064;0.000423936;0.000398336;0.000283648;0.000279552;0.00029696;0.000315392;0.000347136;0.00020275199999999997;0.00018944;0.000251904;0.000252928;0.000172032;0.00021504000000000003
1778649300,hdr,0.0293;0.03906;0.04883;0.05859;0.06836;0.07813;0.08789;0.09766;0.10742;0.11719;0.12695;0.13672;0.14648;0.15625;0.16602;0.17578;0.18555;0.19531;0.20508;0.21484;0.22461;0.23438;0.24414;0.25391;0.26367;0.27344;0.2832;0.29297;0.30273;0.3125;0.32227;0.33203;0.3418;0.35156;0.36133;0.37109;0.38086;0.39063;0.40039;0.41016;0.41992;0.42969;0.43945;0.44922;0.45898;0.46875;0.47852;0.48828;0.49805;0.50781;0.51758;0.52734;0.53711;0.54688;0.55664;0.56641;0.57617;0.58594;0.5957;0.60547;0.61523;0.625;0.63477;0.64453;0.6543;0.66406;0.67383;0.68359;0.69336;0.70313;0.71289;0.72266;0.73242;0.74219;0.75195;0.76172;0.77148;0.78125;0.79102,0.000349184;0.0011601919999999998;0.002444288;0.007958528;0.045908991999999996;0.05328384;0.04641792000000001;0.08557260800000001;0.063751168;0.09607168;0.086079488;0.06431744;0.024568832000000002;0.014571520000000001;0.01481728;0.014363648;0.009270272000000001;0.005287936000000001;0.006011904;0.00817152;0.004369408;0.0036515840000000003;0.003900416;0.0031897600000000003;0.004296704;0.006204416;0.008072191999999999;0.016082944000000002;0.020430848;0.018031615999999997;0.021055488;0.020252672;0.010816511999999999;0.007411711999999999;0.005988352;0.003971072;0.004864;0.004342784;0.003934208;0.0035696639999999997;0.002272256;0.001983488;0.001680384;0.001358848;0.001065984;0.001199104;0.0012308479999999999;0.0012462080000000002;0.0009594880000000001;0.0007772160000000001;0.000631808;0.000690176;0.001014784;0.0005980159999999999;0.00050688;0.000656384;0.000893952;0.000951296;0.0005847039999999999;0.000388096;0.0006789119999999999;0.0009287680000000001;0.000658432;0.0004986880000000001;0.000463872;0.00033484799999999995;0.000315392;0.00047206399999999996;0.000259072;0.000224256;0.00031232;0.00037068800000000004;0.000427008;0.00018534400000000002;0.00037068800000000004;0.000492544;0.000303104;0.00027033600000000004;0.000205824
1778650200,hdr,0.0293;0.03906;0.04883;0.05859;0.06836;0.07813;0.08789;0.09766;0.10742;0.11719;0.12695;0.13672;0.14648;0.15625;0.16602;0.17578;0.18555;0.19531;0.20508;0.21484;0.22461;0.23438;0.24414;0.25391;0.26367;0.27344;0.2832;0.29297;0.30273;0.3125;0.32227;0.33203;0.3418;0.35156;0.36133;0.37109;0.38086;0.39063;0.40039;0.41016;0.41992;0.42969;0.43945;0.44922;0.45898;0.46875;0.47852;0.48828;0.49805;0.50781;0.51758;0.52734;0.53711;0.54688;0.55664;0.56641;0.57617;0.58594;0.5957;0.60547;0.61523;0.625;0.63477;0.64453;0.6543;0.66406;0.67383;0.68359;0.69336;0.70313;0.71289;0.72266;0.73242;0.74219;0.75195;0.76172;0.77148;0.78125;0.79102,0.003272704;0.010800128;0.009405440000000001;0.011789312;0.023559168;0.035066879999999995;0.050324480000000005;0.088204288;0.07680511999999999;0.07108403199999999;0.071282688;0.044640256;0.029820928;0.012910591999999999;0.010247168;0.009580544;0.008469504000000001;0.012167167999999999;0.009663488;0.004386816;0.003182592;0.0033802240000000002;0.0038932479999999998;0.003931136;0.004552704;0.005925888;0.009754624;0.016858111999999998;0.026560511999999998;0.023753727999999998;0.026227712;0.022131711999999998;0.011302911999999998;0.010432511999999998;0.007596032;0.006027264;0.004645888;0.004160512;0.002958336;0.002771968;0.0026695679999999998;0.002272256;0.00327168;0.0024299520000000004;0.0017530879999999999;0.0014530559999999999;0.00146944;0.001410048;0.000965632;0.0010956800000000001;0.0009748480000000001;0.0007014399999999999;0.000674816;0.000664576;0.00075776;0.00080384;0.0004986880000000001;0.00055296;0.0004956159999999999;0.000534528;0.00048742400000000003;0.000371712;0.000408576;0.0005867520000000001;0.0007075839999999999;0.000408576;0.00023961599999999998;0.000303104;0.0004352;0.000529408;0.000441344;0.00031129599999999997;0.00029798400000000005;0.00031232;0.00029286400000000005;0.00030208000000000004;0.00047718399999999996;0.000569344;0.000411648
1778651100,hdr,0.0293;0.03906;0.04883;0.05859;0.06836;0.07813;0.08789;0.09766;0.10742;0.11719;0.12695;0.13672;0.14648;0.15625;0.16602;0.17578;0.18555;0.19531;0.20508;0.21484;0.22461;0.23438;0.24414;0.25391;0.26367;0.27344;0.2832;0.29297;0.30273;0.3125;0.32227;0.33203;0.3418;0.35156;0.36133;0.37109;0.38086;0.39063;0.40039;0.41016;0.41992;0.42969;0.43945;0.44922;0.45898;0.46875;0.47852;0.48828;0.49805;0.50781;0.51758;0.52734;0.53711;0.54688;0.55664;0.56641;0.57617;0.58594;0.5957;0.60547;0.61523;0.625;0.63477;0.64453;0.6543;0.66406;0.67383;0.68359;0.69336;0.70313;0.71289;0.72266;0.73242;0.74219;0.75195;0.76172;0.77148;0.78125;0.79102,0.009114624;0.014021632;0.011972608;0.01373184;0.03763712;0.06555545600000001;0.060194816000000005;0.062544896;0.049696767999999995;0.045528064;0.046001152;0.025991168;0.015258624;0.011762688;0.010994688;0.006503424;0.005228544;0.008111104;0.008940544;0.004084736;0.003652608;0.0032501760000000005;0.002523136;0.003584;0.00493056;0.0073728000000000005;0.010169344;0.021693439999999998;0.020142080000000003;0.023217151999999998;0.021025791999999998;0.013372416;0.013416448000000001;0.012126208000000001;0.010310656;0.008446975999999998;0.005978112;0.002813952;0.003492864;0.005347328;0.003613696;0.001796096;0.001416192;0.002064384;0.001476608;0.0014817279999999999;0.001731584;0.00138752;0.001258496;0.00091136;0.0007393279999999999;0.000796672;0.00077312;0.0010291200000000001;0.000986112;0.000772096;0.000456704;0.000559104;0.000858112;0.00087552;0.00036864000000000005;0.00034099200000000003;0.00039731200000000003;0.000432128;0.0005560319999999999;0.000324608;0.000463872;0.00045568;0.000514048;0.000451584;0.000321536;0.000447488;0.00040960000000000004;0.000346112;0.00030617599999999996;0.00028671999999999997;0.00041779199999999995;0.00032870400000000003;0.000246784
1778652000,hdr,0.0293;0.03906;0.04883;0.05859;0.06836;0.07813;0.08789;0.09766;0.10742;0.11719;0.12695;0.13672;0.14648;0.15625;0.16602;0.17578;0.18555;0.19531;0.20508;0.21484;0.22461;0.23438;0.24414;0.25391;0.26367;0.27344;0.2832;0.29297;0.30273;0.3125;0.32227;0.33203;0.3418;0.35156;0.36133;0.37109;0.38086;0.39063;0.40039;0.41016;0.41992;0.42969;0.43945;0.44922;0.45898;0.46875;0.47852;0.48828;0.49805;0.50781;0.51758;0.52734;0.53711;0.54688;0.55664;0.56641;0.57617;0.58594;0.5957;0.60547;0.61523;0.625;0.63477;0.64453;0.6543;0.66406;0.67383;0.68359;0.69336;0.70313;0.71289;0.72266;0.73242;0.74219;0.75195;0.76172;0.77148;0.78125;0.79102,0.0023592960000000003;0.002881536;0.006547456;0.011611136000000001;0.038651904;0.04017152;0.045357056;0.059206656;0.059215871999999996;0.06949273599999999;0.08406425599999999;0.050504704;0.023730176;0.015230976;0.014216191999999999;0.010594304;0.009347072;0.006731776;0.006194175999999999;0.004186111999999999;0.002752512;0.002612224;0.002387968;0.00392192;0.00605696;0.006771711999999999;0.011706367999999998;0.018372608;0.01604608;0.014185472000000001;0.011936768;0.018403327999999997;0.023305216;0.018954239999999997;0.012874752;0.011452416;0.008562688;0.0032358400000000002;0.004616192;0.005211136;0.0026347520000000006;0.0024852480000000002;0.002220032;0.001317888;0.0009584639999999999;0.00183808;0.002034688;0.0015984640000000002;0.001803264;0.001898496;0.001519616;0.0010598399999999998;0.000535552;0.000831488;0.001281024;0.001199104;0.0006082559999999999;0.000714752;0.000658432;0.000550912;0.000616448;0.00043724800000000005;0.000526336;0.000427008;0.00057856;0.000592896;0.0005867520000000001;0.000449536;0.00046489599999999996;0.000339968;0.00036761599999999997;0.00035328;0.00036864000000000005;0.000218112;0.00023654400000000002;0.000221184;0.00019456;0.00031129599999999997;0.000326656
1778652900,hdr,0.0293;0.03906;0.04883;0.05859;0.06836;0.07813;0.08789;0.09766;0.10742;0.11719;0.12695;0.13672;0.14648;0.15625;0.16602;0.17578;0.18555;0.19531;0.20508;0.21484;0.22461;0.23438;0.24414;0.25391;0.26367;0.27344;0.2832;0.29297;0.30273;0.3125;0.32227;0.33203;0.3418;0.35156;0.36133;0.37109;0.38086;0.39063;0.40039;0.41016;0.41992;0.42969;0.43945;0.44922;0.45898;0.46875;0.47852;0.48828;0.49805;0.50781;0.51758;0.52734;0.53711;0.54688;0.55664;0.56641;0.57617;0.58594;0.5957;0.60547;0.61523;0.625;0.63477;0.64453;0.6543;0.66406;0.67383;0.68359;0.69336;0.70313;0.71289;0.72266;0.73242;0.74219;0.75195;0.76172;0.77148;0.78125;0.79102,0.0021227520000000003;0.004881408;0.006813696;0.009512959999999999;0.037175296000000004;0.061862912000000006;0.069796864;0.080498688;0.04492288;0.04352512;0.06609203200000001;0.052448256;0.029053951999999997;0.014470144;0.01364992;0.008519679999999998;0.007839744;0.009603071999999999;0.008564736000000002;0.0040704;0.0029265919999999996;0.004242432;0.003115008;0.0024801280000000003;0.0036280320000000002;0.0064768000000000004;0.011825152;0.013640704;0.017123328;0.01562624;0.016970752000000002;0.017978367999999998;0.015176704000000001;0.011260928;0.008669184;0.008477696;0.007376896000000001;0.0049807359999999995;0.0048015359999999995;0.004527104;0.00270336;0.0022353919999999997;0.0030535679999999996;0.003997696;0.003740672;0.0023930880000000002;0.002568192;0.002315264;0.0014438399999999998;0.00128512;0.0011264;0.001053696;0.0012308479999999999;0.001113088;0.000933888;0.0010680320000000002;0.000694272;0.000857088;0.0005304320000000001;0.00047411199999999995;0.0007946240000000001;0.0007772160000000001;0.000559104;0.00059392;0.00062464;0.00040345599999999995;0.00034304;0.00041779199999999995;0.0005683200000000001;0.000412672;0.000380928;0.000308224;0.000288768;0.00031744;0.000246784;0.00034201599999999995;0.000391168;0.000269312;0.00023552000000000002
1778653800,hdr,0.0293;0.03906;0.04883;0.05859;0.06836;0.07813;0.08789;0.09766;0.10742;0.11719;0.12695;0.13672;0.14648;0.15625;0.16602;0.17578;0.18555;0.19531;0.20508;0.21484;0.22461;0.23438;0.24414;0.25391;0.26367;0.27344;0.2832;0.29297;0.30273;0.3125;0.32227;0.33203;0.3418;0.35156;0.36133;0.37109;0.38086;0.39063;0.40039;0.41016;0.41992;0.42969;0.43945;0.44922;0.45898;0.46875;0.47852;0.48828;0.49805;0.50781;0.51758;0.52734;0.53711;0.54688;0.55664;0.56641;0.57617;0.58594;0.5957;0.60547;0.61523;0.625;0.63477;0.64453;0.6543;0.66406;0.67383;0.68359;0.69336;0.70313;0.71289;0.72266;0.73242;0.74219;0.75195;0.76172;0.77148;0.78125;0.79102,0.0006778880000000001;0.001383424;0.004319232;0.016452608;0.059910144;0.068953088;0.048389119999999994;0.055494656;0.063712256;0.07056588800000001;0.065995776;0.050320383999999996;0.030135296000000002;0.011510784;0.004605952;0.007155712000000001;0.009777152;0.009455616;0.0049807359999999995;0.004568063999999999;0.0033617919999999997;0.00258048;0.0027392;0.0033679359999999998;0.002586624;0.004745216;0.0074352640000000005;0.010319871999999999;0.021329920000000002;0.034674688;0.028123136;0.018257919999999997;0.012040192;0.013289472;0.01513984;0.010721280000000001;0.008749055999999998;0.0071167999999999995;0.005393408000000001;0.004952064;0.005305344;0.006417408;0.004535295999999999;0.003861504;0.003073024;0.003336192;0.0023674879999999996;0.003357696;0.00210944;0.00139776;0.001134592;0.0013557760000000002;0.001519616;0.001406976;0.0009574399999999999;0.000982016;0.000950272;0.0011366400000000002;0.00074752;0.000891904;0.0006154239999999999;0.0005304320000000001;0.000635904;0.0007290879999999999;0.000867328;0.0006952960000000001;0.000626688;0.000620544;0.00031744;0.000279552;0.00036761599999999997;0.000349184;0.000278528;0.00037888;0.00037478399999999997;0.000258048;0.00028774400000000004;0.000221184;0.000218112
1778654700,hdr,0.0293;0.03906;0.04883;0.05859;0.06836;0.07813;0.08789;0.09766;0.10742;0.11719;0.12695;0.13672;0.14648;0.15625;0.16602;0.17578;0.18555;0.19531;0.20508;0.21484;0.22461;0.23438;0.24414;0.25391;0.26367;0.27344;0.2832;0.29297;0.30273;0.3125;0.32227;0.33203;0.3418;0.35156;0.36133;0.37109;0.38086;0.39063;0.40039;0.41016;0.41992;0.42969;0.43945;0.44922;0.45898;0.46875;0.47852;0.48828;0.49805;0.50781;0.51758;0.52734;0.53711;0.54688;0.55664;0.56641;0.57617;0.58594;0.5957;0.60547;0.61523;0.625;0.63477;0.64453;0.6543;0.66406;0.67383;0.68359;0.69336;0.70313;0.71289;0.72266;0.73242;0.74219;0.75195;0.76172;0.77148;0.78125;0.79102,0.000434176;0.000596992;0.001866752;0.005859328;0.026431488;0.03130368;0.037527552000000006;0.047817728000000004;0.045587456000000005;0.060785663999999996;0.089316352;0.06402150399999999;0.020835328;0.007069696000000001;0.007586816;0.00848384;0.006048768;0.004289536;0.005797888000000001;0.0039168;0.003836928;0.002555904;0.0018964479999999998;0.00291328;0.003726336;0.004314112;0.009593856;0.013939712;0.017382400000000003;0.020840448;0.022583296000000003;0.02033664;0.0109824;0.011527167999999999;0.008664064;0.005323776;0.00626176;0.005614592;0.0034826239999999997;0.003574784;0.004368384;0.006039551999999999;0.00408064;0.0026071040000000003;0.002717696;0.0024852480000000002;0.002407424;0.0025651199999999997;0.0023470080000000003;0.00226304;0.00167424;0.001028096;0.0007843840000000001;0.000922624;0.0010209280000000002;0.0015667199999999997;0.0011212799999999999;0.000651264;0.000736256;0.000648192;0.000638976;0.00068096;0.000694272;0.00068096;0.0005580800000000001;0.0004956159999999999;0.000411648;0.00034304;0.000411648;0.0004915200000000001;0.00041984;0.000390144;0.000388096;0.00044544;0.00040243200000000004;0.000315392;0.000325632;0.000400384;0.00028569600000000005
1778655600,hdr,0.0293;0.03906;0.04883;0.05859;0.06836;0.07813;0.08789;0.09766;0.10742;0.11719;0.12695;0.13672;0.14648;0.15625;0.16602;0.17578;0.18555;0.19531;0.20508;0.21484;0.22461;0.23438;0.24414;0.25391;0.26367;0.27344;0.2832;0.29297;0.30273;0.3125;0.32227;0.33203;0.3418;0.35156;0.36133;0.37109;0.38086;0.39063;0.40039;0.41016;0.41992;0.42969;0.43945;0.44922;0.45898;0.46875;0.47852;0.48828;0.49805;0.50781;0.51758;0.52734;0.53711;0.54688;0.55664;0.56641;0.57617;0.58594;0.5957;0.60547;0.61523;0.625;0.63477;0.64453;0.6543;0.66406;0.67383;0.68359;0.69336;0.70313;0.71289;0.72266;0.73242;0.74219;0.75195;0.76172;0.77148;0.78125;0.79102,7.5776e-05;0.00124928;0.0018042879999999998;0.00263168;0.027684864;0.030214144000000002;0.033722368;0.040827904;0.050239488000000006;0.06406041600000001;0.050144256;0.049078272;0.03859456;0.016534528000000003;0.0063549439999999995;0.005916672;0.00338432;0.005152768;0.005094400000000001;0.004609024;0.004600831999999999;0.005157888;0.003720192;0.002556928;0.00187392;0.003121152;0.012271616;0.020293632;0.01951232;0.013755392;0.013116415999999999;0.01553408;0.016300032000000002;0.013505536;0.011569152;0.009068544;0.007103487999999999;0.004493312000000001;0.003872768;0.004805632000000001;0.004713472000000001;0.004117504;0.0037611520000000002;0.003457024;0.00296448;0.002214912;0.001796096;0.001298432;0.001425408;0.001523712;0.001214464;0.001439744;0.0018575360000000001;0.001893376;0.000805888;0.000698368;0.000745472;0.0011243520000000001;0.001114112;0.000858112;0.0004956159999999999;0.00030003200000000004;0.000644096;0.0006225919999999999;0.00045568;0.000502784;0.00037785600000000004;0.00036352;0.0005918719999999999;0.00048742400000000003;0.000310272;0.000248832;0.000197632;0.000258048;0.000280576;0.000237568;0.00024371200000000001;0.000244736;0.00032870400000000003
1778656500,hdr,0.0293;0.03906;0.04883;0.05859;0.06836;0.07813;0.08789;0.09766;0.10742;0.11719;0.12695;0.13672;0.14648;0.15625;0.16602;0.17578;0.18555;0.19531;0.20508;0.21484;0.22461;0.23438;0.24414;0.25391;0.26367;0.27344;0.2832;0.29297;0.30273;0.3125;0.32227;0.33203;0.3418;0.35156;0.36133;0.37109;0.38086;0.39063;0.40039;0.41016;0.41992;0.42969;0.43945;0.44922;0.45898;0.46875;0.47852;0.48828;0.49805;0.50781;0.51758;0.52734;0.53711;0.54688;0.55664;0.56641;0.57617;0.58594;0.5957;0.60547;0.61523;0.625;0.63477;0.64453;0.6543;0.66406;0.67383;0.68359;0.69336;0.70313;0.71289;0.72266;0.73242;0.74219;0.75195;0.76172;0.77148;0.78125;0.79102,0.000809984;0.00195072;0.002054144;0.006858752;0.053028864;0.056936447999999994;0.037856256;0.049846272;0.058930176;0.04184064;0.054043648;0.06496768;0.03508735999999999;0.012893183999999999;0.006669312;0.005977087999999999;0.006598656;0.008552448;0.004312064;0.004655103999999999;0.004153344;0.003315712;0.0027852800000000002;0.0031016959999999997;0.001956864;0.003248128;0.005106688;0.013406208;0.0253952;0.020054016;0.016207871999999998;0.019647487999999998;0.015350784000000001;0.008331264;0.008796159999999999;0.005682176000000001;0.007096320000000001;0.007305216;0.004706304;0.004192256;0.0048732160000000005;0.003540992;0.0029952000000000004;0.003492864;0.002700288;0.0019466239999999999;0.0027863040000000003;0.002605056;0.0010752000000000001;0.00085504;0.0013895679999999999;0.000937984;0.001004544;0.0008622079999999999;0.0008386559999999999;0.000662528;0.000411648;0.000750592;0.0007096320000000001;0.0005099519999999999;0.00059392;0.0011161600000000002;0.0009359360000000001;0.0006225919999999999;0.000623616;0.00046489599999999996;0.000459776;0.000466944;0.000533504;0.000518144;0.000320512;0.00024780799999999997;0.00032870400000000003;0.00048742400000000003;0.0003328;0.00018124799999999998;0.000205824;0.00025497599999999997;0.00018534400000000002
1778657400,hdr,0.0293;0.03906;0.04883;0.05859;0.06836;0.07813;0.08789;0.09766;0.10742;0.11719;0.12695;0.13672;0.14648;0.15625;0.16602;0.17578;0.18555;0.19531;0.20508;0.21484;0.22461;0.23438;0.24414;0.25391;0.26367;0.27344;0.2832;0.29297;0.30273;0.3125;0.32227;0.33203;0.3418;0.35156;0.36133;0.37109;0.38086;0.39063;0.40039;0.41016;0.41992;0.42969;0.43945;0.44922;0.45898;0.46875;0.47852;0.48828;0.49805;0.50781;0.51758;0.52734;0.53711;0.54688;0.55664;0.56641;0.57617;0.58594;0.5957;0.60547;0.61523;0.625;0.63477;0.64453;0.6543;0.66406;0.67383;0.68359;0.69336;0.70313;0.71289;0.72266;0.73242;0.74219;0.75195;0.76172;0.77148;0.78125;0.79102,0.003002368;0.008477696;0.00816128;0.0077690879999999995;0.029652992000000003;0.020768768;0.020124672;0.032931840000000004;0.04567552;0.05429248;0.065401856;0.08919552;0.055312384;0.019811328000000003;0.007809024;0.004020223999999999;0.004731904;0.005752831999999999;0.00555008;0.007230464;0.004211712;0.002306048;0.001973248;0.002704384;0.002712576;0.004352;0.00635904;0.01273856;0.029543424000000002;0.021296128;0.017222656;0.014808064000000001;0.01524736;0.010713088;0.010370048000000002;0.008383488;0.006595584;0.004475903999999999;0.00320512;0.003340288;0.00316416;0.003339264;0.0033372160000000005;0.003483648;0.003796992;0.0025139200000000002;0.002117632;0.001744896;0.001856512;0.0020398079999999997;0.001775616;0.001809408;0.0012185600000000003;0.0011796480000000002;0.001009664;0.0008519679999999999;0.001092608;0.001286144;0.001086464;0.001077248;0.00068096;0.000525312;0.000768;0.000690176;0.0005888;0.00039423999999999997;0.00040550399999999994;0.00043315199999999996;0.00032870400000000003;0.000421888;0.0005877759999999999;0.0005376000000000001;0.000274432;0.000316416;0.000249856;0.000227328;0.00027136;0.00024371200000000001;0.00024780799999999997
1778658300,hdr,0.0293;0.03906;0.04883;0.05859;0.06836;0.07813;0.08789;0.09766;0.10742;0.11719;0.12695;0.13672;0.14648;0.15625;0.16602;0.17578;0.18555;0.19531;0.20508;0.21484;0.22461;0.23438;0.24414;0.25391;0.26367;0.27344;0.2832;0.29297;0.30273;0.3125;0.32227;0.33203;0.3418;0.35156;0.36133;0.37109;0.38086;0.39063;0.40039;0.41016;0.41992;0.42969;0.43945;0.44922;0.45898;0.46875;0.47852;0.48828;0.49805;0.50781;0.51758;0.52734;0.53711;0.54688;0.55664;0.56641;0.57617;0.58594;0.5957;0.60547;0.61523;0.625;0.63477;0.64453;0.6543;0.66406;0.67383;0.68359;0.69336;0.70313;0.71289;0.72266;0.73242;0.74219;0.75195;0.76172;0.77148;0.78125;0.79102,0.000720896;0.004431872;0.004052992;0.003920896;0.040470528;0.041248768;0.036158464;0.04551168;0.053114879999999996;0.060363776;0.051888128000000006;0.035638272;0.029411328;0.02020864;0.014116864;0.007588864000000001;0.005543936;0.006619136;0.0054784;0.0048384;0.0043182080000000005;0.004087808;0.003774464;0.0019968;0.002234368;0.003099648;0.0048783360000000005;0.005438464;0.011722752000000001;0.027893760000000004;0.02114048;0.018977792;0.013450240000000002;0.009177088;0.011444224;0.006597632;0.005556224;0.00493056;0.005221376;0.004564992;0.0029859840000000006;0.0036864000000000003;0.003982336;0.003058688;0.002361344;0.002939904;0.002530304;0.001902592;0.001408;0.001462272;0.0012912639999999999;0.001775616;0.0016424959999999998;0.001165312;0.000601088;0.001086464;0.00111104;0.001061888;0.001038336;0.000745472;0.000626688;0.0005632;0.0008335360000000001;0.0005754880000000001;0.000664576;0.000637952;0.000621568;0.000420864;0.000494592;0.000339968;0.0003328;0.000388096;0.00039731200000000003;0.00031744;0.00028569600000000005;0.000264192;0.00024576000000000003;0.000186368;0.00031129599999999997
1778659200,hdr,0.0293;0.03906;0.04883;0.05859;0.06836;0.07813;0.08789;0.09766;0.10742;0.11719;0.12695;0.13672;0.14648;0.15625;0.16602;0.17578;0.18555;0.19531;0.20508;0.21484;0.22461;0.23438;0.24414;0.25391;0.26367;0.27344;0.2832;0.29297;0.30273;0.3125;0.32227;0.33203;0.3418;0.35156;0.36133;0.37109;0.38086;0.39063;0.40039;0.41016;0.41992;0.42969;0.43945;0.44922;0.45898;0.46875;0.47852;0.48828;0.49805;0.50781;0.51758;0.52734;0.53711;0.54688;0.55664;0.56641;0.57617;0.58594;0.5957;0.60547;0.61523;0.625;0.63477;0.64453;0.6543;0.66406;0.67383;0.68359;0.69336;0.70313;0.71289;0.72266;0.73242;0.74219;0.75195;0.76172;0.77148;0.78125;0.79102,0.0032204799999999995;0.014416895999999998;0.013745152;0.006823936;0.041321472000000005;0.052569088;0.037912576;0.029230080000000002;0.041220096;0.045282304;0.059324416;0.07855103999999999;0.048627712;0.021397504;0.00810496;0.00507392;0.007163904;0.0051271680000000005;0.00357376;0.002707456;0.004829183999999999;0.0030668799999999997;0.0030033919999999997;0.003306496;0.0027863040000000003;0.002993152;0.005918720000000001;0.009551872;0.013227008;0.023026688;0.025633792000000002;0.020417536;0.0175616;0.012158975999999998;0.0065464320000000005;0.004736;0.004651008;0.006403072;0.006559744;0.0038993920000000002;0.003325952;0.0029163519999999997;0.0025088;0.002619392;0.002555904;0.0017807360000000002;0.002134016;0.002399232;0.0021667839999999997;0.0017858560000000002;0.000989184;0.001420288;0.001683456;0.001101824;0.000879616;0.0007086080000000001;0.0010833919999999999;0.001410048;0.0014714879999999997;0.00075264;0.00052224;0.00068608;0.00090624;0.000601088;0.0005601279999999999;0.00043827199999999997;0.000401408;0.0005376000000000001;0.00047308800000000003;0.000630784;0.00082432;0.000561152;0.00047718399999999996;0.00035430400000000006;0.00026521600000000003;0.000218112;0.000280576;0.000280576;0.000253952
1778660100,hdr,0.0293;0.03906;0.04883;0.05859;0.06836;0.07813;0.08789;0.09766;0.10742;0.11719;0.12695;0.13672;0.14648;0.15625;0.16602;0.17578;0.18555;0.19531;0.20508;0.21484;0.22461;0.23438;0.24414;0.25391;0.26367;0.27344;0.2832;0.29297;0.30273;0.3125;0.32227;0.33203;0.3418;0.35156;0.36133;0.37109;0.38086;0.39063;0.40039;0.41016;0.41992;0.42969;0.43945;0.44922;0.45898;0.46875;0.47852;0.48828;0.49805;0.50781;0.51758;0.52734;0.53711;0.54688;0.55664;0.56641;0.57617;0.58594;0.5957;0.60547;0.61523;0.625;0.63477;0.64453;0.6543;0.66406;0.67383;0.68359;0.69336;0.70313;0.71289;0.72266;0.73242;0.74219;0.75195;0.76172;0.77148;0.78125;0.79102,0.0008744960000000001;0.00769024;0.014029824;0.008581120000000001;0.028360703999999997;0.045700096;0.030324736;0.035142656;0.038136831999999996;0.030446592;0.06875648;0.050335744;0.036265984;0.010677248000000002;0.007790592000000001;0.006961152;0.005081088000000001;0.006534144;0.006397952;0.005897216;0.0049807359999999995;0.0031559680000000003;0.002543616;0.0016066560000000001;0.001250304;0.0034713599999999997;0.006415359999999999;0.005255168;0.011174912;0.024548352000000002;0.047696896;0.027935744;0.014953471999999999;0.012735488;0.010990591999999999;0.006319104;0.0073062399999999994;0.00551424;0.0051456;0.005376;0.004365312;0.003990528;0.004391936000000001;0.0035932159999999998;0.0024227840000000003;0.001637376;0.0013701120000000002;0.0013424640000000002;0.0012165119999999999;0.001452032;0.001507328;0.001552384;0.00103936;0.0012052480000000001;0.001007616;0.001010688;0.000867328;0.000756736;0.0006737919999999999;0.000538624;0.000611328;0.00047923199999999995;0.000603136;0.000731136;0.0005468159999999999;0.000447488;0.000376832;0.000288768;0.00046796800000000003;0.0006850560000000001;0.000489472;0.000442368;0.000268288;0.00020275199999999997;0.000319488;0.000305152;0.00035430400000000006;0.000458752;0.000382976
1778661000,hdr,0.0293;0.03906;0.04883;0.05859;0.06836;0.07813;0.08789;0.09766;0.10742;0.11719;0.12695;0.13672;0.14648;0.15625;0.16602;0.17578;0.18555;0.19531;0.20508;0.21484;0.22461;0.23438;0.24414;0.25391;0.26367;0.27344;0.2832;0.29297;0.30273;0.3125;0.32227;0.33203;0.3418;0.35156;0.36133;0.37109;0.38086;0.39063;0.40039;0.41016;0.41992;0.42969;0.43945;0.44922;0.45898;0.46875;0.47852;0.48828;0.49805;0.50781;0.51758;0.52734;0.53711;0.54688;0.55664;0.56641;0.57617;0.58594;0.5957;0.60547;0.61523;0.625;0.63477;0.64453;0.6543;0.66406;0.67383;0.68359;0.69336;0.70313;0.71289;0.72266;0.73242;0.74219;0.75195;0.76172;0.77148;0.78125;0.79102,0.004901888;0.022499328;0.027010048000000002;0.012080128;0.043068416;0.071069696;0.066556928;0.05478809600000001;0.03346534400000001;0.023786496;0.053137408000000004;0.066444288;0.051172352;0.041465856;0.015367168;0.010089472000000002;0.005602304;0.005607424;0.005903360000000001;0.0041809920000000006;0.002748416;0.003351552;0.002322432;0.0015953919999999997;0.0025292799999999996;0.0031569919999999995;0.006501376;0.009157631999999999;0.019481599999999998;0.02200064;0.01819136;0.019028991999999998;0.018329599999999998;0.010998784;0.009222144;0.01307648;0.007782399999999999;0.005630976;0.0055132160000000005;0.0035583999999999998;0.004026368;0.003477504;0.0025036800000000003;0.0014745600000000002;0.002036736;0.002873344;0.001065984;0.00128;0.0015165439999999999;0.001101824;0.001028096;0.001016832;0.000802816;0.001052672;0.000882688;0.000754688;0.000900096;0.0011202559999999998;0.000843776;0.00064512;0.000726016;0.000664576;0.00047411199999999995;0.00040755200000000004;0.000352256;0.000505856;0.000381952;0.000490496;0.00033792;0.00044646400000000004;0.000453632;0.00033382400000000003;0.00034816000000000003;0.00034304;0.00027340799999999994;0.000371712;0.000356352;0.00043008000000000006;0.00036864000000000005
1778661900,hdr,0.0293;0.03906;0.04883;0.05859;0.06836;0.07813;0.08789;0.09766;0.10742;0.11719;0.12695;0.13672;0.14648;0.15625;0.16602;0.17578;0.18555;0.19531;0.20508;0.21484;0.22461;0.23438;0.24414;0.25391;0.26367;0.27344;0.2832;0.29297;0.30273;0.3125;0.32227;0.33203;0.3418;0.35156;0.36133;0.37109;0.38086;0.39063;0.40039;0.41016;0.41992;0.42969;0.43945;0.44922;0.45898;0.46875;0.47852;0.48828;0.49805;0.50781;0.51758;0.52734;0.53711;0.54688;0.55664;0.56641;0.57617;0.58594;0.5957;0.60547;0.61523;0.625;0.63477;0.64453;0.6543;0.66406;0.67383;0.68359;0.69336;0.70313;0.71289;0.72266;0.73242;0.74219;0.75195;0.76172;0.77148;0.78125;0.79102,0.00122368;0.007491584;0.013366272;0.00852992;0.030159872;0.06713139200000001;0.068983808;0.034921472;0.033915904;0.046849023999999996;0.056981504;0.065757184;0.052958208;0.02615808;0.010435584000000001;0.004652032;0.004004864;0.004094976;0.004868096000000001;0.0032471040000000002;0.00221184;0.0039546880000000005;0.0024801280000000003;0.00257024;0.004269055999999999;0.003054592;0.004663296;0.006408192;0.010151936;0.012659712000000002;0.028645376;0.030261248;0.016667648;0.0107776;0.009915392;0.009547776;0.006699008;0.0037304319999999997;0.004015104;0.004077568;0.004427776;0.0035440640000000004;0.002169856;0.001384448;0.001657856;0.002193408;0.001866752;0.001601536;0.001498112;0.0014028799999999998;0.001021952;0.001065984;0.001011712;0.000756736;0.0012052480000000001;0.000919552;0.000641024;0.0005877759999999999;0.00059392;0.000771072;0.000490496;0.00042598399999999997;0.000510976;0.0006696959999999999;0.000611328;0.000449536;0.000345088;0.00048742400000000003;0.000391168;0.000277504;0.000351232;0.000324608;0.000234496;0.000241664;0.000248832;0.00015564799999999998;0.00014950399999999998;0.000165888;0.000262144
1778663700,hdr,0.0293;0.03906;0.04883;0.05859;0.06836;0.07813;0.08789;0.09766;0.10742;0.11719;0.12695;0.13672;0.14648;0.15625;0.16602;0.17578;0.18555;0.19531;0.20508;0.21484;0.22461;0.23438;0.24414;0.25391;0.26367;0.27344;0.2832;0.29297;0.30273;0.3125;0.32227;0.33203;0.3418;0.35156;0.36133;0.37109;0.38086;0.39063;0.40039;0.41016;0.41992;0.42969;0.43945;0.44922;0.45898;0.46875;0.47852;0.48828;0.49805;0.50781;0.51758;0.52734;0.53711;0.54688;0.55664;0.56641;0.57617;0.58594;0.5957;0.60547;0.61523;0.625;0.63477;0.64453;0.6543;0.66406;0.67383;0.68359;0.69336;0.70313;0.71289;0.72266;0.73242;0.74219;0.75195;0.76172;0.77148;0.78125;0.79102,0.0071014400000000005;0.009601024000000001;0.013761536;0.011160576;0.028063743999999998;0.043234304;0.041264128;0.048821248;0.053710848;0.037317632;0.06842470400000002;0.06896537600000001;0.044259327999999994;0.03346432;0.014431232;0.0073656319999999996;0.004139008;0.006606848;0.004012032;0.006370304;0.007539712;0.002295808;0.0011356159999999999;0.0023818240000000003;0.003038208;0.003816448;0.004754432;0.006341632;0.00976384;0.017246208;0.015532032;0.014978047999999999;0.01165312;0.008208384;0.011153408000000002;0.011897856000000002;0.006639616;0.005426176;0.006531072;0.0044851199999999996;0.00354304;0.00281088;0.003049472;0.0028487680000000002;0.00215552;0.0012318720000000002;0.0010516479999999999;0.001097728;0.0010475520000000002;0.000802816;0.000937984;0.001099776;0.00103936;0.001226752;0.0014110720000000002;0.0010455039999999998;0.000613376;0.000543744;0.0005099519999999999;0.00034816000000000003;0.00040755200000000004;0.000442368;0.000494592;0.000412672;0.000514048;0.00044544;0.000442368;0.0004352;0.000412672;0.00041779199999999995;0.000379904;0.000316416;0.000234496;0.000251904;0.000329728;0.000320512;0.000222208;0.000218112;0.00023142399999999999
1778664600,hdr,0.0293;0.03906;0.04883;0.05859;0.06836;0.07813;0.08789;0.09766;0.10742;0.11719;0.12695;0.13672;0.14648;0.15625;0.16602;0.17578;0.18555;0.19531;0.20508;0.21484;0.22461;0.23438;0.24414;0.25391;0.26367;0.27344;0.2832;0.29297;0.30273;0.3125;0.32227;0.33203;0.3418;0.35156;0.36133;0.37109;0.38086;0.39063;0.40039;0.41016;0.41992;0.42969;0.43945;0.44922;0.45898;0.46875;0.47852;0.48828;0.49805;0.50781;0.51758;0.52734;0.53711;0.54688;0.55664;0.56641;0.57617;0.58594;0.5957;0.60547;0.61523;0.625;0.63477;0.64453;0.6543;0.66406;0.67383;0.68359;0.69336;0.70313;0.71289;0.72266;0.73242;0.74219;0.75195;0.76172;0.77148;0.78125;0.79102,0.00804352;0.013353984000000001;0.019781631999999997;0.015721472;0.043798527999999996;0.048681984;0.037531647999999994;0.029560832000000002;0.02000896;0.041008128;0.056382464;0.08722739199999999;0.077830144;0.027638784;0.015243264;0.007364607999999999;0.003612672;0.0042485760000000004;0.007183360000000001;0.006692864000000001;0.004508671999999999;0.0039546880000000005;0.0037611520000000002;0.00283136;0.00188928;0.003478528;0.0030894080000000005;0.00628224;0.007481344;0.011090944;0.008572928;0.015054848;0.0173568;0.014246912;0.010144768;0.006555648;0.0036648960000000004;0.00443904;0.0033546239999999996;0.002707456;0.002840576;0.0027392;0.0019947520000000002;0.0027095039999999997;0.0022835200000000003;0.001139712;0.0023357440000000003;0.002543616;0.0014346239999999998;0.0007976959999999999;0.000877568;0.00062976;0.00034201599999999995;0.000548864;0.0006082559999999999;0.000461824;0.000694272;0.000596992;0.0005724160000000001;0.00042598399999999997;0.000492544;0.000436224;0.00061952;0.000623616;0.000308224;0.00030003200000000004;0.000315392;0.000382976;0.000275456;0.00030412799999999997;0.000335872;0.000244736;0.000237568;0.000175104;0.00021401600000000003;0.00024780799999999997;0.000278528;0.000346112;0.000226304
1778665500,hdr,0.0293;0.03906;0.04883;0.05859;0.06836;0.07813;0.08789;0.09766;0.10742;0.11719;0.12695;0.13672;0.14648;0.15625;0.16602;0.17578;0.18555;0.19531;0.20508;0.21484;0.22461;0.23438;0.24414;0.25391;0.26367;0.27344;0.2832;0.29297;0.30273;0.3125;0.32227;0.33203;0.3418;0.35156;0.36133;0.37109;0.38086;0.39063;0.40039;0.41016;0.41992;0.42969;0.43945;0.44922;0.45898;0.46875;0.47852;0.48828;0.49805;0.50781;0.51758;0.52734;0.53711;0.54688;0.55664;0.56641;0.57617;0.58594;0.5957;0.60547;0.61523;0.625;0.63477;0.64453;0.6543;0.66406;0.67383;0.68359;0.69336;0.70313;0.71289;0.72266;0.73242;0.74219;0.75195;0.76172;0.77148;0.78125;0.79102,0.0035399679999999997;0.006677504;0.006664192;0.005627904;0.01934336;0.03629568;0.026039296;0.01851392;0.03569254399999999;0.07169433600000001;0.07484518400000001;0.082480128;0.082966528;0.043015168000000006;0.01954304;0.007919616;0.005156864;0.006308864;0.0060928;0.004898815999999999;0.003617792;0.0025088;0.0031477759999999997;0.0038502399999999996;0.003774464;0.003971072;0.0036608;0.004685824000000001;0.006950911999999999;0.011711487999999999;0.020775936000000002;0.020510719999999996;0.012730368;0.010002432;0.0077711360000000005;0.005450752;0.003377152;0.0035932159999999998;0.00360448;0.002818048;0.00265728;0.003216384;0.0022466560000000005;0.0022374400000000003;0.0013117439999999999;0.001466368;0.0012646399999999998;0.00101376;0.0013680639999999998;0.0011632640000000002;0.0009021439999999999;0.0009543679999999999;0.001145856;0.000577536;0.0004352;0.0005754880000000001;0.0005580800000000001;0.000329728;0.000272384;0.00051712;0.0005560319999999999;0.000413696;0.000490496;0.00048127999999999995;0.0006184960000000001;0.000385024;0.00032768;0.00044339199999999997;0.00040243200000000004;0.00051712;0.00044646400000000004;0.000277504;0.00028569600000000005;0.000224256;0.00014848;0.00018534400000000002;0.000176128;0.000137216;0.00013516800000000002
1778666400,hdr,0.0293;0.03906;0.04883;0.05859;0.06836;0.07813;0.08789;0.09766;0.10742;0.11719;0.12695;0.13672;0.14648;0.15625;0.16602;0.17578;0.18555;0.19531;0.20508;0.21484;0.22461;0.23438;0.24414;0.25391;0.26367;0.27344;0.2832;0.29297;0.30273;0.3125;0.32227;0.33203;0.3418;0.35156;0.36133;0.37109;0.38086;0.39063;0.40039;0.41016;0.41992;0.42969;0.43945;0.44922;0.45898;0.46875;0.47852;0.48828;0.49805;0.50781;0.51758;0.52734;0.53711;0.54688;0.55664;0.56641;0.57617;0.58594;0.5957;0.60547;0.61523;0.625;0.63477;0.64453;0.6543;0.66406;0.67383;0.68359;0.69336;0.70313;0.71289;0.72266;0.73242;0.74219;0.75195;0.76172;0.77148;0.78125;0.79102,0.004360192;0.006201344;0.004742143999999999;0.0077987840000000004;0.047182848;0.07154790400000001;0.039921663999999996;0.017769472;0.024159232;0.03919360000000001;0.071471104;0.08879718400000002;0.058131456;0.045023232;0.02607104;0.006448128;0.002914304;0.004543488;0.006843392;0.006142976;0.005195776000000001;0.005787648;0.004717568;0.003288064;0.003422208;0.004443136;0.00302592;0.00600064;0.008175616;0.008245248;0.009764864;0.015014912;0.015977472;0.00910848;0.005272576;0.005960704;0.00636416;0.0044605439999999994;0.003447808;0.004175872000000001;0.004312064;0.0033003520000000003;0.002468864;0.0022528;0.0024872960000000004;0.0014858240000000002;0.000857088;0.001041408;0.00074752;0.0007249919999999999;0.00090112;0.000753664;0.000785408;0.0009287680000000001;0.0008212479999999999;0.0008335360000000001;0.0008652800000000001;0.0007843840000000001;0.000653312;0.000771072;0.000447488;0.00035942400000000006;0.000371712;0.000344064;0.000448512;0.00032256;0.00020992;0.00023040000000000002;0.000360448;0.000590848;0.00045056;0.00020992;0.00025497599999999997;0.00036761599999999997;0.00029696;0.000237568;0.00024371200000000001;0.000234496;0.00022016
1778667300,hdr,0.0293;0.03906;0.04883;0.05859;0.06836;0.07813;0.08789;0.09766;0.10742;0.11719;0.12695;0.13672;0.14648;0.15625;0.16602;0.17578;0.18555;0.19531;0.20508;0.21484;0.22461;0.23438;0.24414;0.25391;0.26367;0.27344;0.2832;0.29297;0.30273;0.3125;0.32227;0.33203;0.3418;0.35156;0.36133;0.37109;0.38086;0.39063;0.40039;0.41016;0.41992;0.42969;0.43945;0.44922;0.45898;0.46875;0.47852;0.48828;0.49805;0.50781;0.51758;0.52734;0.53711;0.54688;0.55664;0.56641;0.57617;0.58594;0.5957;0.60547;0.61523;0.625;0.63477;0.64453;0.6543;0.66406;0.67383;0.68359;0.69336;0.70313;0.71289;0.72266;0.73242;0.74219;0.75195;0.76172;0.77148;0.78125;0.79102,0.00046592000000000004;0.00039219200000000003;0.0026951679999999995;0.0043980799999999995;0.025670656000000003;0.056689663999999994;0.035897344;0.01780224;0.0253696;0.035134464;0.045125632000000006;0.08057344;0.079414272;0.058159103999999996;0.018914304;0.007215104;0.005009407999999999;0.0035686399999999997;0.0047636480000000005;0.005705728;0.004214784;0.005462016000000001;0.006253567999999999;0.005809152;0.006603776;0.005597184;0.006831104;0.009397248;0.011645952;0.009096192000000001;0.010377216;0.014399488;0.013008896;0.011056127999999998;0.006349824;0.005700608;0.0037765119999999997;0.0038635519999999997;0.003605504;0.002522112;0.0023459839999999997;0.002443264;0.001774592;0.00171008;0.001302528;0.000881664;0.000922624;0.00075776;0.0008386559999999999;0.001073152;0.00101376;0.0007086080000000001;0.0007280640000000001;0.000668672;0.000805888;0.000652288;0.000516096;0.00054272;0.00042291200000000006;0.000387072;0.00043724800000000005;0.000257024;0.000313344;0.0003328;0.000325632;0.000241664;0.00033792;0.000395264;0.00029696;0.00020377600000000002;0.000228352;0.000382976;0.00017715200000000003;0.00022016;0.00029081600000000006;0.000222208;0.000257024;0.00029900799999999997;0.000345088
1778668200,hdr,0.0293;0.03906;0.04883;0.05859;0.06836;0.07813;0.08789;0.09766;0.10742;0.11719;0.12695;0.13672;0.14648;0.15625;0.16602;0.17578;0.18555;0.19531;0.20508;0.21484;0.22461;0.23438;0.24414;0.25391;0.26367;0.27344;0.2832;0.29297;0.30273;0.3125;0.32227;0.33203;0.3418;0.35156;0.36133;0.37109;0.38086;0.39063;0.40039;0.41016;0.41992;0.42969;0.43945;0.44922;0.45898;0.46875;0.47852;0.48828;0.49805;0.50781;0.51758;0.52734;0.53711;0.54688;0.55664;0.56641;0.57617;0.58594;0.5957;0.60547;0.61523;0.625;0.63477;0.64453;0.6543;0.66406;0.67383;0.68359;0.69336;0.70313;0.71289;0.72266;0.73242;0.74219;0.75195;0.76172;0.77148;0.78125;0.79102,1.7408e-05;0.0014336;0.00494592;0.007494656;0.041126911999999995;0.086904832;0.035040256;0.011635712;0.033645568;0.058150912;0.054574080000000004;0.06943334400000001;0.0674816;0.050953216;0.032147456;0.011731968;0.007279616;0.0065566719999999995;0.006075392;0.009752575999999999;0.009786368;0.008005632;0.006437888;0.005138432;0.004002816;0.006381567999999999;0.007563264;0.014799872;0.015469568000000001;0.009225216;0.010305536;0.00808448;0.008260608000000001;0.007730176;0.005762048;0.0068751360000000004;0.006047744;0.004835328;0.0038799359999999996;0.0024616959999999998;0.002308096;0.002609152;0.001161216;0.001942528;0.00170496;0.0016404479999999999;0.001483776;0.0011704320000000001;0.000791552;0.00093696;0.000760832;0.0009359360000000001;0.0007280640000000001;0.0006144;0.00075776;0.000536576;0.000505856;0.00035430400000000006;0.000432128;0.0005683200000000001;0.000524288;0.00037068800000000004;0.000444416;0.000482304;0.000510976;0.000484352;0.000350208;0.00040550399999999994;0.00043008000000000006;0.00046284799999999997;0.00036147200000000005;0.00034201599999999995;0.00033689599999999994;0.00024576000000000003;0.00020992;0.00031744;0.00047820800000000004;0.000484352;0.000371712
1778669100,hdr,0.0293;0.03906;0.04883;0.05859;0.06836;0.07813;0.08789;0.09766;0.10742;0.11719;0.12695;0.13672;0.14648;0.15625;0.16602;0.17578;0.18555;0.19531;0.20508;0.21484;0.22461;0.23438;0.24414;0.25391;0.26367;0.27344;0.2832;0.29297;0.30273;0.3125;0.32227;0.33203;0.3418;0.35156;0.36133;0.37109;0.38086;0.39063;0.40039;0.41016;0.41992;0.42969;0.43945;0.44922;0.45898;0.46875;0.47852;0.48828;0.49805;0.50781;0.51758;0.52734;0.53711;0.54688;0.55664;0.56641;0.57617;0.58594;0.5957;0.60547;0.61523;0.625;0.63477;0.64453;0.6543;0.66406;0.67383;0.68359;0.69336;0.70313;0.71289;0.72266;0.73242;0.74219;0.75195;0.76172;0.77148;0.78125;0.79102,0.003072;0.005611519999999999;0.0053504;0.005962752;0.025860096;0.051595264;0.03920793599999999;0.021563392;0.027290624;0.035607551999999994;0.036271104;0.069019648;0.08224358400000001;0.03781632;0.019868671999999997;0.008680448;0.004759552;0.004996095999999999;0.0075448320000000004;0.012642304;0.01659392;0.01737216;0.013533184000000002;0.011078656000000001;0.011676672;0.015589376;0.01679872;0.01360896;0.012476416;0.00972288;0.011595776000000002;0.013730816;0.012570623999999999;0.01116672;0.0077240320000000005;0.0063395840000000005;0.005515264;0.0055132160000000005;0.004396032;0.002331648;0.002116608;0.003360768;0.0022814719999999997;0.00157184;0.0012789759999999998;0.0013260799999999999;0.00108544;0.0015165439999999999;0.001292288;0.001009664;0.000545792;0.000463872;0.000520192;0.0006932479999999999;0.00068608;0.0006656;0.0007464960000000001;0.000548864;0.00027648;0.000249856;0.000356352;0.000434176;0.000421888;0.00023244799999999998;0.000269312;0.000344064;0.000284672;0.00020889599999999997;0.000188416;0.000233472;0.00023244799999999998;0.00018432000000000002;0.000190464;0.000352256;0.000284672;0.000303104;0.000252928;0.000156672;0.000139264
1778670000,hdr,0.0293;0.03906;0.04883;0.05859;0.06836;0.07813;0.08789;0.09766;0.10742;0.11719;0.12695;0.13672;0.14648;0.15625;0.16602;0.17578;0.18555;0.19531;0.20508;0.21484;0.22461;0.23438;0.24414;0.25391;0.26367;0.27344;0.2832;0.29297;0.30273;0.3125;0.32227;0.33203;0.3418;0.35156;0.36133;0.37109;0.38086;0.39063;0.40039;0.41016;0.41992;0.42969;0.43945;0.44922;0.45898;0.46875;0.47852;0.48828;0.49805;0.50781;0.51758;0.52734;0.53711;0.54688;0.55664;0.56641;0.57617;0.58594;0.5957;0.60547;0.61523;0.625;0.63477;0.64453;0.6543;0.66406;0.67383;0.68359;0.69336;0.70313;0.71289;0.72266;0.73242;0.74219;0.75195;0.76172;0.77148;0.78125;0.79102,0.005223424;0.005825536;0.00513536;0.005281792;0.04600627200000001;0.075446272;0.03757568;0.018011136;0.013152256;0.015062016;0.028741631999999996;0.04917452800000001;0.057961472;0.045923328;0.028439552;0.015211520000000001;0.008118272;0.004199424;0.007189504;0.009496576;0.01494016;0.018033664;0.016448512000000002;0.020585471999999997;0.012258304;0.007373823999999999;0.008701952;0.0155392;0.019245056;0.016367616;0.010721280000000001;0.008507391999999999;0.010000384;0.005364736;0.008014848000000001;0.006392832;0.005305344;0.00626176;0.003644416;0.002783232;0.0024012799999999996;0.00230912;0.0023388159999999996;0.001847296;0.001910784;0.001847296;0.00091136;0.000630784;0.000800768;0.0008652800000000001;0.000980992;0.000768;0.0005836799999999999;0.000927744;0.00084992;0.00047206399999999996;0.00076288;0.0006737919999999999;0.000494592;0.00039219200000000003;0.000449536;0.000350208;0.00032870400000000003;0.00040345599999999995;0.00033689599999999994;0.000233472;0.000218112;0.000305152;0.00033382400000000003;0.000249856;0.00022528;0.000211968;0.000249856;0.00028569600000000005;0.000315392;0.000390144;0.000319488;0.000192512;0.000176128
1778670900,hdr,0.0293;0.03906;0.04883;0.05859;0.06836;0.07813;0.08789;0.09766;0.10742;0.11719;0.12695;0.13672;0.14648;0.15625;0.16602;0.17578;0.18555;0.19531;0.20508;0.21484;0.22461;0.23438;0.24414;0.25391;0.26367;0.27344;0.2832;0.29297;0.30273;0.3125;0.32227;0.33203;0.3418;0.35156;0.36133;0.37109;0.38086;0.39063;0.40039;0.41016;0.41992;0.42969;0.43945;0.44922;0.45898;0.46875;0.47852;0.48828;0.49805;0.50781;0.51758;0.52734;0.53711;0.54688;0.55664;0.56641;0.57617;0.58594;0.5957;0.60547;0.61523;0.625;0.63477;0.64453;0.6543;0.66406;0.67383;0.68359;0.69336;0.70313;0.71289;0.72266;0.73242;0.74219;0.75195;0.76172;0.77148;0.78125;0.79102,0.005219328;0.007389184;0.005726208;0.00395264;0.030963712;0.06436761599999999;0.055424;0.02940416;0.019980288;0.027541504;0.034542592;0.044233728;0.060509184;0.04076543999999999;0.026413056;0.014789632;0.008404992;0.007729152;0.007955456;0.010720256;0.016983039999999998;0.020498432;0.025751552;0.024092672;0.018016255999999998;0.017353728;0.016135168;0.01307648;0.012389376;0.019275776;0.013150207999999998;0.010535936;0.012409856;0.005281792;0.005261312;0.005516288;0.007022592;0.003877888;0.0028620800000000004;0.0025415679999999997;0.002572288;0.002885632;0.0035471359999999998;0.003158016;0.0019937279999999997;0.0009973760000000001;0.000985088;0.001133568;0.001042432;0.000898048;0.001052672;0.000671744;0.00031744;0.000415744;0.000534528;0.00039423999999999997;0.000350208;0.00040550399999999994;0.000406528;0.000335872;0.000310272;0.00029696;0.000258048;0.000283648;0.00030924800000000003;0.00043827199999999997;0.000347136;0.00032256;0.00032870400000000003;0.000253952;0.00024576000000000003;0.000251904;0.000160768;0.00013311999999999997;0.00017100799999999997;0.00021504000000000003;0.000217088;0.000229376;0.00016691200000000002
1778671800,hdr,0.0293;0.03906;0.04883;0.05859;0.06836;0.07813;0.08789;0.09766;0.10742;0.11719;0.12695;0.13672;0.14648;0.15625;0.16602;0.17578;0.18555;0.19531;0.20508;0.21484;0.22461;0.23438;0.24414;0.25391;0.26367;0.27344;0.2832;0.29297;0.30273;0.3125;0.32227;0.33203;0.3418;0.35156;0.36133;0.37109;0.38086;0.39063;0.40039;0.41016;0.41992;0.42969;0.43945;0.44922;0.45898;0.46875;0.47852;0.48828;0.49805;0.50781;0.51758;0.52734;0.53711;0.54688;0.55664;0.56641;0.57617;0.58594;0.5957;0.60547;0.61523;0.625;0.63477;0.64453;0.6543;0.66406;0.67383;0.68359;0.69336;0.70313;0.71289;0.72266;0.73242;0.74219;0.75195;0.76172;0.77148;0.78125;0.79102,0.005218304;0.010395647999999999;0.012821504;0.00476672;0.039999488;0.07084339199999999;0.048822272;0.030002176;0.033142784;0.029531136;0.032004095999999996;0.05469184;0.055284736;0.051709952;0.026796032;0.014072832;0.010387456;0.004882432;0.0048732160000000005;0.011425791999999999;0.017015808;0.028388352000000002;0.038398975999999994;0.031837184000000004;0.024941568;0.023451648;0.017665023999999998;0.018260992000000004;0.015511552;0.010050560000000002;0.009736192000000001;0.011045887999999998;0.005369856000000001;0.00523264;0.008117247999999999;0.004113408;0.004327424;0.005358592;0.0026439680000000004;0.002231296;0.002077696;0.001432576;0.0017131520000000001;0.0015769599999999999;0.001420288;0.001139712;0.0013035520000000001;0.001147904;0.000719872;0.0008089600000000001;0.000915456;0.0007423999999999999;0.000535552;0.000715776;0.0007925759999999999;0.000676864;0.000401408;0.0005376000000000001;0.000760832;0.000458752;0.00063488;0.0006789119999999999;0.000543744;0.000490496;0.000441344;0.000229376;0.000381952;0.000347136;0.000442368;0.000415744;0.000350208;0.000390144;0.000339968;0.00034201599999999995;0.00029388799999999996;0.000195584;0.00016384;0.000139264;0.000191488
1778672700,hdr,0.0293;0.03906;0.04883;0.05859;0.06836;0.07813;0.08789;0.09766;0.10742;0.11719;0.12695;0.13672;0.14648;0.15625;0.16602;0.17578;0.18555;0.19531;0.20508;0.21484;0.22461;0.23438;0.24414;0.25391;0.26367;0.27344;0.2832;0.29297;0.30273;0.3125;0.32227;0.33203;0.3418;0.35156;0.36133;0.37109;0.38086;0.39063;0.40039;0.41016;0.41992;0.42969;0.43945;0.44922;0.45898;0.46875;0.47852;0.48828;0.49805;0.50781;0.51758;0.52734;0.53711;0.54688;0.55664;0.56641;0.57617;0.58594;0.5957;0.60547;0.61523;0.625;0.63477;0.64453;0.6543;0.66406;0.67383;0.68359;0.69336;0.70313;0.71289;0.72266;0.73242;0.74219;0.75195;0.76172;0.77148;0.78125;0.79102,0.039128064;0.037280768000000006;0.017309696;0.010968064;0.035345407999999995;0.061520896;0.046619648;0.028739584;0.025353216;0.04152832;0.050528256;0.07203328;0.041347072;0.033350656;0.030369792;0.01623552;0.010962943999999999;0.009071616;0.01027072;0.009212928;0.014854144;0.034964480000000006;0.04558336;0.0388352;0.023607296000000003;0.024813567999999998;0.024314879999999997;0.021983232;0.027129856;0.015688704;0.010061824;0.013713408;0.018162688;0.007723008;0.004503552;0.004718592000000001;0.0032808959999999997;0.002553856;0.00418816;0.003960832;0.0023767040000000003;0.0017602560000000002;0.001527808;0.001293312;0.0011468799999999999;0.0010649599999999998;0.001009664;0.0009523200000000001;0.0007557120000000001;0.000582656;0.000758784;0.0009400319999999999;0.000807936;0.00059904;0.00048127999999999995;0.00032256;0.000398336;0.00045568;0.00043008000000000006;0.000427008;0.000350208;0.0005601279999999999;0.000518144;0.00040960000000000004;0.0003584;0.0005416959999999999;0.000448512;0.00027340799999999994;0.00029388799999999996;0.00037888;0.00048639999999999995;0.00032870400000000003;0.00026623999999999994;0.000237568;0.00019456;0.00029491200000000004;0.000347136;0.00023961599999999998;0.00018739199999999998
1778673600,hdr,0.0293;0.03906;0.04883;0.05859;0.06836;0.07813;0.08789;0.09766;0.10742;0.11719;0.12695;0.13672;0.14648;0.15625;0.16602;0.17578;0.18555;0.19531;0.20508;0.21484;0.22461;0.23438;0.24414;0.25391;0.26367;0.27344;0.2832;0.29297;0.30273;0.3125;0.32227;0.33203;0.3418;0.35156;0.36133;0.37109;0.38086;0.39063;0.40039;0.41016;0.41992;0.42969;0.43945;0.44922;0.45898;0.46875;0.47852;0.48828;0.49805;0.50781;0.51758;0.52734;0.53711;0.54688;0.55664;0.56641;0.57617;0.58594;0.5957;0.60547;0.61523;0.625;0.63477;0.64453;0.6543;0.66406;0.67383;0.68359;0.69336;0.70313;0.71289;0.72266;0.73242;0.74219;0.75195;0.76172;0.77148;0.78125;0.79102,0.014039040000000001;0.043501568;0.013299712;0.010066944;0.04995072;0.093059072;0.04353024;0.018727936;0.025961472000000003;0.033334272;0.026545152000000002;0.042451968;0.050458624;0.037066752;0.022499328;0.017687552;0.010889215999999998;0.00459264;0.00567296;0.018427904000000002;0.028867584;0.022310911999999995;0.034262016000000006;0.026059775999999996;0.028260352000000002;0.025710591999999997;0.015879168;0.019072;0.015479808000000001;0.012351487999999999;0.011162624;0.012417023999999999;0.010606591999999998;0.008839168000000001;0.007143424000000001;0.004988928;0.00208896;0.002642944;0.0037990400000000005;0.002927616;0.002003968;0.001575936;0.002028544;0.002009088;0.002112512;0.0018698239999999997;0.0009144320000000001;0.000907264;0.0006778880000000001;0.000840704;0.0007352319999999999;0.000601088;0.000534528;0.000647168;0.000879616;0.000526336;0.000492544;0.00048742400000000003;0.000504832;0.00070656;0.000526336;0.000555008;0.00046796800000000003;0.00043008000000000006;0.00022016;0.00037478399999999997;0.00055296;0.00029491200000000004;0.000241664;0.00031744;0.000326656;0.00023142399999999999;0.000233472;0.00024371200000000001;0.00022016;0.00020172799999999998;0.000283648;0.000274432;0.000279552
1778674500,hdr,0.0293;0.03906;0.04883;0.05859;0.06836;0.07813;0.08789;0.09766;0.10742;0.11719;0.12695;0.13672;0.14648;0.15625;0.16602;0.17578;0.18555;0.19531;0.20508;0.21484;0.22461;0.23438;0.24414;0.25391;0.26367;0.27344;0.2832;0.29297;0.30273;0.3125;0.32227;0.33203;0.3418;0.35156;0.36133;0.37109;0.38086;0.39063;0.40039;0.41016;0.41992;0.42969;0.43945;0.44922;0.45898;0.46875;0.47852;0.48828;0.49805;0.50781;0.51758;0.52734;0.53711;0.54688;0.55664;0.56641;0.57617;0.58594;0.5957;0.60547;0.61523;0.625;0.63477;0.64453;0.6543;0.66406;0.67383;0.68359;0.69336;0.70313;0.71289;0.72266;0.73242;0.74219;0.75195;0.76172;0.77148;0.78125;0.79102,0.00193536;0.007031808;0.010735616;0.007399424;0.024685567999999998;0.074887168;0.049943551999999995;0.034771968;0.03163648;0.032764928;0.045080576000000004;0.051524608;0.045341695999999994;0.042783744;0.019946495999999998;0.011534336;0.0073011199999999995;0.007672831999999999;0.009605119999999998;0.02455552;0.026744832;0.023177216;0.041810943999999996;0.030339072;0.040314880000000004;0.02400768;0.019274752;0.014381055999999998;0.014698496000000002;0.0128;0.012521472;0.009402367999999998;0.0061706239999999996;0.0050155519999999995;0.0043827200000000005;0.00323072;0.003218432;0.0029009920000000002;0.0028057599999999996;0.002236416;0.00157184;0.001682432;0.001288192;0.0015738879999999998;0.0012994559999999998;0.000831488;0.001065984;0.0011960319999999999;0.000894976;0.000787456;0.0009973760000000001;0.0008366080000000001;0.0008458240000000001;0.000801792;0.00073216;0.000826368;0.000799744;0.0007106559999999999;0.00073216;0.000758784;0.00041984;0.00028671999999999997;0.00023654400000000002;0.000165888;0.00030105599999999996;0.000350208;0.000308224;0.000221184;0.00024063999999999997;0.00030105599999999996;0.00040960000000000004;0.000384;0.000314368;0.00040960000000000004;0.00033894400000000004;0.000316416;0.000248832;0.000210944;0.00021401600000000003
1778675400,hdr,0.0293;0.03906;0.04883;0.05859;0.06836;0.07813;0.08789;0.09766;0.10742;0.11719;0.12695;0.13672;0.14648;0.15625;0.16602;0.17578;0.18555;0.19531;0.20508;0.21484;0.22461;0.23438;0.24414;0.25391;0.26367;0.27344;0.2832;0.29297;0.30273;0.3125;0.32227;0.33203;0.3418;0.35156;0.36133;0.37109;0.38086;0.39063;0.40039;0.41016;0.41992;0.42969;0.43945;0.44922;0.45898;0.46875;0.47852;0.48828;0.49805;0.50781;0.51758;0.52734;0.53711;0.54688;0.55664;0.56641;0.57617;0.58594;0.5957;0.60547;0.61523;0.625;0.63477;0.64453;0.6543;0.66406;0.67383;0.68359;0.69336;0.70313;0.71289;0.72266;0.73242;0.74219;0.75195;0.76172;0.77148;0.78125;0.79102,0.002850816;0.008198144;0.012508159999999999;0.008810496000000001;0.031412223999999996;0.067181568;0.054628352;0.049181696000000004;0.029058048;0.023643136;0.025808896;0.034924543999999995;0.024890368;0.020126719999999997;0.016636928;0.009740288;0.009887743999999999;0.008492032;0.01468416;0.027195392;0.035662848;0.027282432000000002;0.033074176;0.060776448000000004;0.041996288;0.026614784;0.020455424;0.016964608;0.023684096;0.014055424;0.007028736;0.009608192000000002;0.010241024;0.008185856;0.0061706239999999996;0.003063808;0.0022097920000000004;0.0020951040000000004;0.004393983999999999;0.004072447999999999;0.003263488;0.001765376;0.0011755519999999998;0.001599488;0.001734656;0.001727488;0.00105472;0.0006830079999999999;0.0009431040000000001;0.001132544;0.0006993920000000001;0.000454656;0.000423936;0.00082944;0.000987136;0.0005642239999999999;0.00044646400000000004;0.000468992;0.00054272;0.0007843840000000001;0.000644096;0.000512;0.000533504;0.00065536;0.000497664;0.000319488;0.00035430400000000006;0.000380928;0.00046796800000000003;0.000442368;0.00041984;0.000274432;0.00024063999999999997;0.000330752;0.000259072;0.000192512;0.00029286400000000005;0.00031744;0.000346112
1778676300,hdr,0.0293;0.03906;0.04883;0.05859;0.06836;0.07813;0.08789;0.09766;0.10742;0.11719;0.12695;0.13672;0.14648;0.15625;0.16602;0.17578;0.18555;0.19531;0.20508;0.21484;0.22461;0.23438;0.24414;0.25391;0.26367;0.27344;0.2832;0.29297;0.30273;0.3125;0.32227;0.33203;0.3418;0.35156;0.36133;0.37109;0.38086;0.39063;0.40039;0.41016;0.41992;0.42969;0.43945;0.44922;0.45898;0.46875;0.47852;0.48828;0.49805;0.50781;0.51758;0.52734;0.53711;0.54688;0.55664;0.56641;0.57617;0.58594;0.5957;0.60547;0.61523;0.625;0.63477;0.64453;0.6543;0.66406;0.67383;0.68359;0.69336;0.70313;0.71289;0.72266;0.73242;0.74219;0.75195;0.76172;0.77148;0.78125;0.79102,0.001572864;0.002970624;0.006079487999999999;0.010141696;0.036555776;0.05133824;0.028005375999999995;0.020487168;0.027653120000000003;0.03909632;0.03944448;0.022453248;0.02231296;0.017987583999999997;0.014400512;0.008522752;0.0074004480000000004;0.011986944;0.016304127999999998;0.030729216;0.043730944;0.048191488;0.03500236799999999;0.038469632;0.041488384;0.034143231999999996;0.025306112;0.026366976000000004;0.016366592;0.012961792000000001;0.01526784;0.016103424;0.011269119999999999;0.00636416;0.005289983999999999;0.003656704;0.003708928;0.0028088320000000003;0.002265088;0.002530304;0.002859008;0.0024832;0.001885184;0.001806336;0.001442816;0.00123392;0.0009349119999999999;0.0009297919999999999;0.001301504;0.0012707839999999998;0.001161216;0.000790528;0.000515072;0.000768;0.000651264;0.0007884799999999999;0.000717824;0.000390144;0.0004986880000000001;0.00045056;0.000376832;0.000441344;0.00043724800000000005;0.0005724160000000001;0.000534528;0.00048025600000000003;0.000494592;0.000401408;0.00036454399999999996;0.00041676800000000003;0.000605184;0.000731136;0.0007423999999999999;0.000499712;0.000316416;0.000256;0.000252928;0.000221184;0.00020275199999999997
1778677200,hdr,0.0293;0.03906;0.04883;0.05859;0.06836;0.07813;0.08789;0.09766;0.10742;0.11719;0.12695;0.13672;0.14648;0.15625;0.16602;0.17578;0.18555;0.19531;0.20508;0.21484;0.22461;0.23438;0.24414;0.25391;0.26367;0.27344;0.2832;0.29297;0.30273;0.3125;0.32227;0.33203;0.3418;0.35156;0.36133;0.37109;0.38086;0.39063;0.40039;0.41016;0.41992;0.42969;0.43945;0.44922;0.45898;0.46875;0.47852;0.48828;0.49805;0.50781;0.51758;0.52734;0.53711;0.54688;0.55664;0.56641;0.57617;0.58594;0.5957;0.60547;0.61523;0.625;0.63477;0.64453;0.6543;0.66406;0.67383;0.68359;0.69336;0.70313;0.71289;0.72266;0.73242;0.74219;0.75195;0.76172;0.77148;0.78125;0.79102,0.0012523519999999998;0.00415744;0.0024381439999999997;0.001809408;0.022033408000000004;0.060957696;0.038320127999999995;0.024971264000000003;0.025219072;0.021912576;0.020079616;0.023161856;0.0151552;0.013095935999999999;0.013462528;0.011624447999999999;0.007794688;0.0054609920000000005;0.010167296000000001;0.015512575999999998;0.035137536;0.040333311999999996;0.03534848;0.026249216;0.031129599999999997;0.040080384000000004;0.030225408000000002;0.01970688;0.019124224000000002;0.018884608;0.009264127999999998;0.008229888000000001;0.00758784;0.007552;0.0025344;0.004176895999999999;0.004896768;0.003341312;0.004326399999999999;0.0041113600000000005;0.002362368;0.0021964800000000002;0.0023920639999999997;0.0021002239999999995;0.001343488;0.001329152;0.001202176;0.000982016;0.001155072;0.0013148160000000001;0.000965632;0.000703488;0.000534528;0.0007188480000000001;0.0007772160000000001;0.000582656;0.000868352;0.000636928;0.000434176;0.000748544;0.00061952;0.000316416;0.00036147200000000005;0.000550912;0.0006082559999999999;0.000648192;0.00061952;0.00040448000000000003;0.00033382400000000003;0.000366592;0.000512;0.000457728;0.00036454399999999996;0.00044646400000000004;0.00048025600000000003;0.00035430400000000006;0.00020480000000000002;0.00034099200000000003;0.000344064
1778678100,hdr,0.0293;0.03906;0.04883;0.05859;0.06836;0.07813;0.08789;0.09766;0.10742;0.11719;0.12695;0.13672;0.14648;0.15625;0.16602;0.17578;0.18555;0.19531;0.20508;0.21484;0.22461;0.23438;0.24414;0.25391;0.26367;0.27344;0.2832;0.29297;0.30273;0.3125;0.32227;0.33203;0.3418;0.35156;0.36133;0.37109;0.38086;0.39063;0.40039;0.41016;0.41992;0.42969;0.43945;0.44922;0.45898;0.46875;0.47852;0.48828;0.49805;0.50781;0.51758;0.52734;0.53711;0.54688;0.55664;0.56641;0.57617;0.58594;0.5957;0.60547;0.61523;0.625;0.63477;0.64453;0.6543;0.66406;0.67383;0.68359;0.69336;0.70313;0.71289;0.72266;0.73242;0.74219;0.75195;0.76172;0.77148;0.78125;0.79102,0.001374208;0.002116608;0.00200704;0.003341312;0.03004416;0.056510464;0.020721664;0.022284288;0.026106880000000002;0.017683455999999997;0.021254144;0.023191552000000004;0.018448384;0.014348288;0.017970176;0.020120576;0.012613632000000001;0.00505344;0.008572928;0.020224;0.031859712;0.038426624;0.034223104;0.031367168;0.036918272;0.022340608;0.018988032;0.029697024;0.027199487999999997;0.027884544;0.018215936;0.008551424;0.009561088;0.006346752000000001;0.004957184;0.005532672;0.0037222400000000004;0.00307712;0.002276352;0.001517568;0.0014376960000000002;0.001711104;0.001603584;0.0014714879999999997;0.001707008;0.001441792;0.0010598399999999998;0.001137664;0.001032192;0.000704512;0.000899072;0.000534528;0.000631808;0.0008601600000000001;0.000687104;0.000852992;0.0008048640000000001;0.00054272;0.000463872;0.000636928;0.000941056;0.000668672;0.000256;0.000280576;0.00042291200000000006;0.00028671999999999997;0.000233472;0.00028671999999999997;0.00033894400000000004;0.00040448000000000003;0.000386048;0.00039628799999999996;0.00027136;0.00021299199999999998;0.000228352;0.00030412799999999997;0.00022528;0.000222208;0.000196608
1778679000,hdr,0.0293;0.03906;0.04883;0.05859;0.06836;0.07813;0.08789;0.09766;0.10742;0.11719;0.12695;0.13672;0.14648;0.15625;0.16602;0.17578;0.18555;0.19531;0.20508;0.21484;0.22461;0.23438;0.24414;0.25391;0.26367;0.27344;0.2832;0.29297;0.30273;0.3125;0.32227;0.33203;0.3418;0.35156;0.36133;0.37109;0.38086;0.39063;0.40039;0.41016;0.41992;0.42969;0.43945;0.44922;0.45898;0.46875;0.47852;0.48828;0.49805;0.50781;0.51758;0.52734;0.53711;0.54688;0.55664;0.56641;0.57617;0.58594;0.5957;0.60547;0.61523;0.625;0.63477;0.64453;0.6543;0.66406;0.67383;0.68359;0.69336;0.70313;0.71289;0.72266;0.73242;0.74219;0.75195;0.76172;0.77148;0.78125;0.79102,0.0011212799999999999;0.002427904;0.001536;0.005132288;0.030061568000000004;0.07051161600000001;0.07716147200000001;0.036977664;0.02171392;0.020737024;0.0177152;0.017850368;0.02189312;0.020645887999999998;0.018478079999999997;0.011167744;0.009648128;0.01243648;0.01300992;0.021905408000000005;0.044377088;0.04081664;0.040495104;0.034814976000000004;0.029535232;0.021013504000000002;0.018460671999999997;0.020217856;0.018766848;0.007648256;0.007483392;0.00862208;0.009862144;0.0070993919999999995;0.004155392;0.005569536;0.008816639999999999;0.005860352;0.0056002560000000005;0.005070848;0.0042035200000000005;0.004749312;0.0032511999999999997;0.0020746239999999997;0.00154624;0.001521664;0.0014336;0.00105472;0.0008519679999999999;0.000743424;0.0005744639999999999;0.0007936;0.001352704;0.001502208;0.000986112;0.0008222720000000001;0.001000448;0.001102848;0.000881664;0.000577536;0.000505856;0.00082944;0.000620544;0.00042496;0.00039936;0.0005959680000000001;0.00068096;0.00052224;0.00033484799999999995;0.00037785600000000004;0.000441344;0.000310272;0.000260096;0.00022323200000000002;0.00029696;0.00043315199999999996;0.000257024;0.00015564799999999998;0.000356352
1778679900,hdr,0.0293;0.03906;0.04883;0.05859;0.06836;0.07813;0.08789;0.09766;0.10742;0.11719;0.12695;0.13672;0.14648;0.15625;0.16602;0.17578;0.18555;0.19531;0.20508;0.21484;0.22461;0.23438;0.24414;0.25391;0.26367;0.27344;0.2832;0.29297;0.30273;0.3125;0.32227;0.33203;0.3418;0.35156;0.36133;0.37109;0.38086;0.39063;0.40039;0.41016;0.41992;0.42969;0.43945;0.44922;0.45898;0.46875;0.47852;0.48828;0.49805;0.50781;0.51758;0.52734;0.53711;0.54688;0.55664;0.56641;0.57617;0.58594;0.5957;0.60547;0.61523;0.625;0.63477;0.64453;0.6543;0.66406;0.67383;0.68359;0.69336;0.70313;0.71289;0.72266;0.73242;0.74219;0.75195;0.76172;0.77148;0.78125;0.79102,0.0028846080000000003;0.003505152;0.002325504;0.001217536;0.017229824;0.053156864;0.032709631999999995;0.022604799999999998;0.015593472;0.015645696;0.009488384;0.006685696;0.01327104;0.011096064000000001;0.012144640000000002;0.010826752;0.008338431999999998;0.007825408;0.011159552;0.020034559999999996;0.053860352;0.061092864000000004;0.046685184000000005;0.031843328000000004;0.017680384;0.01665536;0.019774464;0.021822464;0.015483904;0.014214143999999998;0.019564544000000003;0.014215168;0.009367552;0.004082688;0.004957184;0.0060856320000000005;0.005619712;0.004861951999999999;0.0031334399999999995;0.0019660800000000003;0.0017039359999999999;0.001716224;0.001455104;0.0010516479999999999;0.0009625599999999999;0.00099328;0.0010946560000000003;0.000841728;0.0008192000000000001;0.000561152;0.001062912;0.0008601600000000001;0.0005376000000000001;0.000356352;0.000520192;0.0005847039999999999;0.000531456;0.0005847039999999999;0.000413696;0.000393216;0.0004352;0.0005580800000000001;0.00040550399999999994;0.000566272;0.0005099519999999999;0.000346112;0.000420864;0.0005007359999999999;0.000544768;0.00061952;0.00062976;0.000330752;0.000241664;0.00037785600000000004;0.00047104000000000004;0.00034201599999999995;0.00032870400000000003;0.000210944;0.000218112
1778680800,hdr,0.0293;0.03906;0.04883;0.05859;0.06836;0.07813;0.08789;0.09766;0.10742;0.11719;0.12695;0.13672;0.14648;0.15625;0.16602;0.17578;0.18555;0.19531;0.20508;0.21484;0.22461;0.23438;0.24414;0.25391;0.26367;0.27344;0.2832;0.29297;0.30273;0.3125;0.32227;0.33203;0.3418;0.35156;0.36133;0.37109;0.38086;0.39063;0.40039;0.41016;0.41992;0.42969;0.43945;0.44922;0.45898;0.46875;0.47852;0.48828;0.49805;0.50781;0.51758;0.52734;0.53711;0.54688;0.55664;0.56641;0.57617;0.58594;0.5957;0.60547;0.61523;0.625;0.63477;0.64453;0.6543;0.66406;0.67383;0.68359;0.69336;0.70313;0.71289;0.72266;0.73242;0.74219;0.75195;0.76172;0.77148;0.78125;0.79102,0.003011584;0.00525312;0.0077639679999999996;0.009305088;0.02160128;0.048443392;0.043209727999999996;0.020683776;0.025814016;0.03093504;0.027855872000000004;0.017849343999999996;0.014313472000000002;0.015367168;0.013744128000000001;0.011293696;0.009228288;0.009013248000000001;0.007580671999999999;0.014357504;0.038118400000000004;0.07176703999999999;0.06312960000000001;0.038024192000000005;0.024437760000000003;0.027049983999999996;0.019515392;0.028920832;0.012694528;0.009910272000000001;0.010885120000000002;0.01099264;0.008712191999999999;0.00687104;0.007973888;0.005813247999999999;0.003731456;0.0037662719999999998;0.004425728;0.00266752;0.0025200640000000002;0.001957888;0.0019251199999999998;0.0016179200000000001;0.0011694079999999998;0.001056768;0.00100352;0.0010373119999999999;0.00138752;0.0011007999999999999;0.00079872;0.000475136;0.000466944;0.000652288;0.000703488;0.000590848;0.000703488;0.000545792;0.000284672;0.000406528;0.000393216;0.00038912;0.00036352;0.000442368;0.00044646400000000004;0.000503808;0.000447488;0.00020480000000000002;0.000195584;0.00030105599999999996;0.00025088;0.00024371200000000001;0.000256;0.00032256;0.00035430400000000006;0.00037478399999999997;0.00033894400000000004;0.000253952;0.00028671999999999997
1778681700,hdr,0.0293;0.03906;0.04883;0.05859;0.06836;0.07813;0.08789;0.09766;0.10742;0.11719;0.12695;0.13672;0.14648;0.15625;0.16602;0.17578;0.18555;0.19531;0.20508;0.21484;0.22461;0.23438;0.24414;0.25391;0.26367;0.27344;0.2832;0.29297;0.30273;0.3125;0.32227;0.33203;0.3418;0.35156;0.36133;0.37109;0.38086;0.39063;0.40039;0.41016;0.41992;0.42969;0.43945;0.44922;0.45898;0.46875;0.47852;0.48828;0.49805;0.50781;0.51758;0.52734;0.53711;0.54688;0.55664;0.56641;0.57617;0.58594;0.5957;0.60547;0.61523;0.625;0.63477;0.64453;0.6543;0.66406;0.67383;0.68359;0.69336;0.70313;0.71289;0.72266;0.73242;0.74219;0.75195;0.76172;0.77148;0.78125;0.79102,0.0016087039999999999;0.003698688;0.007204863999999999;0.0054528;0.025095168;0.058007552;0.042450944000000004;0.029426688;0.0208128;0.014666752;0.015291392;0.010260479999999999;0.010014720000000001;0.009949184000000002;0.0066959359999999996;0.008087552000000001;0.006388736;0.006347775999999999;0.006931456;0.013158399999999999;0.023337984;0.034243583999999994;0.050203648000000003;0.04427776;0.031514624;0.025909248000000003;0.015411199999999998;0.015926272;0.021776384000000003;0.016244736;0.008594431999999999;0.0061306880000000005;0.007350272;0.0064296959999999995;0.00588288;0.005111808;0.004353024;0.004896768;0.003920896;0.002992128;0.002067456;0.001488896;0.001728512;0.001297408;0.0014110720000000002;0.001088512;0.000894976;0.0009041920000000001;0.001180672;0.0011673599999999999;0.000751616;0.000896;0.0006676480000000001;0.0007219199999999999;0.00042496;0.00037068800000000004;0.0002816;0.00030208000000000004;0.000429056;0.000406528;0.000515072;0.00038912;0.00037376;0.000365568;0.000349184;0.00029900799999999997;0.000447488;0.00044032;0.000282624;0.000224256;0.000248832;0.000205824;0.000252928;0.000228352;0.000173056;0.00017408000000000001;0.000192512;0.00022016;0.00018227199999999998
1778682600,hdr,0.0293;0.03906;0.04883;0.05859;0.06836;0.07813;0.08789;0.09766;0.10742;0.11719;0.12695;0.13672;0.14648;0.15625;0.16602;0.17578;0.18555;0.19531;0.20508;0.21484;0.22461;0.23438;0.24414;0.25391;0.26367;0.27344;0.2832;0.29297;0.30273;0.3125;0.32227;0.33203;0.3418;0.35156;0.36133;0.37109;0.38086;0.39063;0.40039;0.41016;0.41992;0.42969;0.43945;0.44922;0.45898;0.46875;0.47852;0.48828;0.49805;0.50781;0.51758;0.52734;0.53711;0.54688;0.55664;0.56641;0.57617;0.58594;0.5957;0.60547;0.61523;0.625;0.63477;0.64453;0.6543;0.66406;0.67383;0.68359;0.69336;0.70313;0.71289;0.72266;0.73242;0.74219;0.75195;0.76172;0.77148;0.78125;0.79102,0.002312192;0.008195072;0.00631808;0.003976192;0.0293888;0.06608896;0.062946304;0.027446272;0.024272896000000002;0.026971136000000003;0.019728383999999998;0.01821184;0.00870912;0.004325376000000001;0.0057149440000000004;0.006152192;0.009172992;0.010443776;0.00772096;0.011853823999999999;0.013735935999999999;0.016579583999999998;0.040726528;0.059695104;0.03579392;0.017269760000000002;0.012665856;0.00950272;0.009381888000000001;0.010405887999999999;0.009915392;0.0075223040000000005;0.007474175999999999;0.007463936000000001;0.003268608;0.004091904;0.003718144;0.0030330879999999998;0.0026081279999999995;0.0013209599999999997;0.001662976;0.002455552;0.002661376;0.001637376;0.001202176;0.0011007999999999999;0.00119296;0.0010373119999999999;0.0009615359999999999;0.0008202239999999999;0.0009472;0.000559104;0.0007168;0.0010598399999999998;0.001038336;0.0006082559999999999;0.00047001599999999997;0.000388096;0.000518144;0.00047104000000000004;0.000237568;0.00019968;0.00024576000000000003;0.000357376;0.0003584;0.000279552;0.00024780799999999997;0.000305152;0.00017100799999999997;0.000141312;0.00022528;0.000210944;0.000188416;0.000164864;0.000129024;0.00022323200000000002;0.000188416;0.00012390399999999998;0.000162816
1778683500,hdr,0.0293;0.03906;0.04883;0.05859;0.06836;0.07813;0.08789;0.09766;0.10742;0.11719;0.12695;0.13672;0.14648;0.15625;0.16602;0.17578;0.18555;0.19531;0.20508;0.21484;0.22461;0.23438;0.24414;0.25391;0.26367;0.27344;0.2832;0.29297;0.30273;0.3125;0.32227;0.33203;0.3418;0.35156;0.36133;0.37109;0.38086;0.39063;0.40039;0.41016;0.41992;0.42969;0.43945;0.44922;0.45898;0.46875;0.47852;0.48828;0.49805;0.50781;0.51758;0.52734;0.53711;0.54688;0.55664;0.56641;0.57617;0.58594;0.5957;0.60547;0.61523;0.625;0.63477;0.64453;0.6543;0.66406;0.67383;0.68359;0.69336;0.70313;0.71289;0.72266;0.73242;0.74219;0.75195;0.76172;0.77148;0.78125;0.79102,0.00040243200000000004;0.00023040000000000002;0.0009748480000000001;0.001426432;0.006070272;0.033017856;0.042012672;0.035086336;0.023742464;0.022878208000000004;0.018190335999999998;0.01325056;0.009665536;0.006874112;0.00555008;0.007246848;0.006724608;0.0053688320000000005;0.007356416;0.009135104;0.015639552;0.02534912;0.044261376;0.04703232;0.02376192;0.014625792000000002;0.007856128;0.008600576;0.010294271999999998;0.0122624;0.00971776;0.00792576;0.006827008;0.006923263999999999;0.003255296;0.002117632;0.0036270079999999997;0.004934656;0.005384192;0.005658624;0.0037990400000000005;0.001420288;0.0014991359999999999;0.001811456;0.0015472639999999998;0.0014376960000000002;0.001532928;0.0013219840000000002;0.0010373119999999999;0.000641024;0.000567296;0.000444416;0.00047616000000000005;0.000638976;0.000775168;0.0005836799999999999;0.000382976;0.000352256;0.000366592;0.00036352;0.00036249599999999997;0.000326656;0.000274432;0.00027136;0.00029696;0.00032256;0.00029183999999999997;0.000259072;0.000207872;0.000259072;0.000197632;0.000310272;0.000352256;0.000280576;0.00030003200000000004;0.00030208000000000004;0.000218112;0.000234496;0.000262144
1778684400,hdr,0.0293;0.03906;0.04883;0.05859;0.06836;0.07813;0.08789;0.09766;0.10742;0.11719;0.12695;0.13672;0.14648;0.15625;0.16602;0.17578;0.18555;0.19531;0.20508;0.21484;0.22461;0.23438;0.24414;0.25391;0.26367;0.27344;0.2832;0.29297;0.30273;0.3125;0.32227;0.33203;0.3418;0.35156;0.36133;0.37109;0.38086;0.39063;0.40039;0.41016;0.41992;0.42969;0.43945;0.44922;0.45898;0.46875;0.47852;0.48828;0.49805;0.50781;0.51758;0.52734;0.53711;0.54688;0.55664;0.56641;0.57617;0.58594;0.5957;0.60547;0.61523;0.625;0.63477;0.64453;0.6543;0.66406;0.67383;0.68359;0.69336;0.70313;0.71289;0.72266;0.73242;0.74219;0.75195;0.76172;0.77148;0.78125;0.79102,0.0057047040000000005;0.00812544;0.0090112;0.014764032000000002;0.029986816000000003;0.069440512;0.076092416;0.033184767999999996;0.018972672;0.018873344;0.017718271999999997;0.010430464;0.005392384;0.0062679039999999995;0.00858624;0.008268800000000001;0.008567808;0.008738816;0.008971264;0.011736064000000001;0.014724095999999999;0.02371584;0.029287424000000003;0.037174272;0.030392320000000004;0.025814016;0.015084544;0.013452287999999998;0.010108928;0.008031232;0.004839424;0.005983232;0.007635968;0.005076991999999999;0.003661824;0.00351744;0.003693568;0.0032440319999999996;0.0023941119999999995;0.003360768;0.0026644480000000003;0.002033664;0.002428928;0.001938432;0.0016895999999999999;0.001371136;0.001000448;0.0009523200000000001;0.000799744;0.000765952;0.0006778880000000001;0.00046796800000000003;0.000391168;0.000533504;0.000418816;0.0005416959999999999;0.000529408;0.000344064;0.00029696;0.000539648;0.00038912;0.00034201599999999995;0.00037068800000000004;0.000482304;0.0005877759999999999;0.000272384;0.000441344;0.000567296;0.000283648;0.000388096;0.0005621760000000001;0.0003328;0.00042291200000000006;0.00047001599999999997;0.000483328;0.00075264;0.0007055360000000001;0.00047411199999999995;0.000643072
1778685300,hdr,0.0293;0.03906;0.04883;0.05859;0.06836;0.07813;0.08789;0.09766;0.10742;0.11719;0.12695;0.13672;0.14648;0.15625;0.16602;0.17578;0.18555;0.19531;0.20508;0.21484;0.22461;0.23438;0.24414;0.25391;0.26367;0.27344;0.2832;0.29297;0.30273;0.3125;0.32227;0.33203;0.3418;0.35156;0.36133;0.37109;0.38086;0.39063;0.40039;0.41016;0.41992;0.42969;0.43945;0.44922;0.45898;0.46875;0.47852;0.48828;0.49805;0.50781;0.51758;0.52734;0.53711;0.54688;0.55664;0.56641;0.57617;0.58594;0.5957;0.60547;0.61523;0.625;0.63477;0.64453;0.6543;0.66406;0.67383;0.68359;0.69336;0.70313;0.71289;0.72266;0.73242;0.74219;0.75195;0.76172;0.77148;0.78125;0.79102,0.005311488;0.006578176000000001;0.007698432000000001;0.014124032;0.028474368;0.10394419199999999;0.12782592;0.06414848000000001;0.021002240000000002;0.0171776;0.015453184000000002;0.016214016;0.012448768;0.008086527999999999;0.0059811840000000005;0.005608448;0.007345152;0.009736192000000001;0.00723456;0.010034176;0.014247936;0.01635328;0.04181504;0.04585984;0.03239526399999999;0.015077375999999998;0.016996352000000003;0.02028032;0.016641024;0.015633407999999998;0.00942592;0.006440959999999999;0.007184384;0.005724160000000001;0.0064296959999999995;0.0055951360000000006;0.005787648;0.003125248;0.003912704;0.003832832;0.002909184;0.002205696;0.002700288;0.002871296;0.001741824;0.001401856;0.0014243840000000001;0.001277952;0.000897024;0.0008519679999999999;0.0005877759999999999;0.000878592;0.0008519679999999999;0.000743424;0.001030144;0.0007464960000000001;0.00036352;0.0006963200000000001;0.000894976;0.000740352;0.00103936;0.001425408;0.0010598399999999998;0.0017623040000000001;0.001593344;0.0021903359999999998;0.00206848;0.001738752;0.0024299520000000004;0.00251904;0.0018575360000000001;0.0016138239999999998;0.002102272;0.0022538239999999998;0.0020654080000000003;0.001714176;0.0015667199999999997;0.001106944;0.0018135039999999999
1778686200,hdr,0.0293;0.03906;0.04883;0.05859;0.06836;0.07813;0.08789;0.09766;0.10742;0.11719;0.12695;0.13672;0.14648;0.15625;0.16602;0.17578;0.18555;0.19531;0.20508;0.21484;0.22461;0.23438;0.24414;0.25391;0.26367;0.27344;0.2832;0.29297;0.30273;0.3125;0.32227;0.33203;0.3418;0.35156;0.36133;0.37109;0.38086;0.39063;0.40039;0.41016;0.41992;0.42969;0.43945;0.44922;0.45898;0.46875;0.47852;0.48828;0.49805;0.50781;0.51758;0.52734;0.53711;0.54688;0.55664;0.56641;0.57617;0.58594;0.5957;0.60547;0.61523;0.625;0.63477;0.64453;0.6543;0.66406;0.67383;0.68359;0.69336;0.70313;0.71289;0.72266;0.73242;0.74219;0.75195;0.76172;0.77148;0.78125;0.79102,0.004083712000000001;0.008781824;0.010781696;0.007899136000000001;0.018956288;0.050215936;0.06845337600000001;0.039700479999999996;0.020722688000000003;0.022955008;0.020247552;0.010305536;0.004655103999999999;0.005369856000000001;0.006350848;0.006249472;0.006100992;0.006687744000000001;0.006732800000000001;0.007873536;0.0089856;0.017861632000000002;0.040884224000000004;0.035513343999999995;0.034156544;0.02420736;0.015934464;0.012081152;0.014592;0.012310528;0.00836608;0.007703552000000001;0.006493184;0.007287808;0.008096768;0.009667583999999998;0.010149888000000001;0.008891392;0.00792576;0.006864896;0.007525375999999999;0.005185536;0.005143552;0.006590464;0.00636928;0.004512768;0.002435072;0.0020121600000000003;0.002322432;0.0035788799999999996;0.0034078719999999997;0.002151424;0.002272256;0.0027514880000000003;0.003326976;0.002861056;0.0023203839999999996;0.00187904;0.0020490240000000004;0.002813952;0.00274944;0.00296448;0.00356352;0.004105216;0.0033146879999999997;0.002807808;0.002849792;0.003929088;0.003753984;0.002659328;0.0036024319999999996;0.002904064;0.001540096;0.001362944;0.001475584;0.0017192959999999997;0.0020398079999999997;0.0012544;0.0011673599999999999
1778687100,hdr,0.0293;0.03906;0.04883;0.05859;0.06836;0.07813;0.08789;0.09766;0.10742;0.11719;0.12695;0.13672;0.14648;0.15625;0.16602;0.17578;0.18555;0.19531;0.20508;0.21484;0.22461;0.23438;0.24414;0.25391;0.26367;0.27344;0.2832;0.29297;0.30273;0.3125;0.32227;0.33203;0.3418;0.35156;0.36133;0.37109;0.38086;0.39063;0.40039;0.41016;0.41992;0.42969;0.43945;0.44922;0.45898;0.46875;0.47852;0.48828;0.49805;0.50781;0.51758;0.52734;0.53711;0.54688;0.55664;0.56641;0.57617;0.58594;0.5957;0.60547;0.61523;0.625;0.63477;0.64453;0.6543;0.66406;0.67383;0.68359;0.69336;0.70313;0.71289;0.72266;0.73242;0.74219;0.75195;0.76172;0.77148;0.78125;0.79102,0.0001536;0.0015206400000000002;0.006421504;0.007058432;0.038258688;0.061416448000000005;0.040198144;0.022718464;0.019346432;0.007348224;0.007339008;0.006199296;0.005554176;0.0036608;0.006674432000000001;0.007514112;0.0030126080000000004;0.003315712;0.0036474880000000004;0.00314368;0.010816511999999999;0.012781568;0.026557439999999998;0.027534336;0.030205952;0.021516288;0.01890304;0.015532032;0.010532864;0.012040192;0.018031615999999997;0.016480256000000002;0.017800192;0.014195712;0.013403136000000001;0.01727488;0.011885568;0.011141120000000001;0.010994688;0.008633344;0.01009664;0.009097216;0.011258879999999999;0.005280768;0.003462144;0.005480448000000001;0.005521408;0.006658048;0.008029184000000002;0.008521728;0.006329344;0.005383168000000001;0.004374527999999999;0.004816895999999999;0.004591616;0.004655103999999999;0.00489984;0.004174848;0.0047636480000000005;0.0039895040000000005;0.003239936;0.003698688;0.00236032;0.0036085759999999996;0.00491008;0.0038410239999999997;0.002613248;0.0025497600000000003;0.00200192;0.0034304;0.0013475839999999998;0.0014919679999999998;0.001755136;0.0022835200000000003;0.002195456;0.0014233599999999998;0.001794048;0.0014632959999999998;0.001330176
1778688000,hdr,0.0293;0.03906;0.04883;0.05859;0.06836;0.07813;0.08789;0.09766;0.10742;0.11719;0.12695;0.13672;0.14648;0.15625;0.16602;0.17578;0.18555;0.19531;0.20508;0.21484;0.22461;0.23438;0.24414;0.25391;0.26367;0.27344;0.2832;0.29297;0.30273;0.3125;0.32227;0.33203;0.3418;0.35156;0.36133;0.37109;0.38086;0.39063;0.40039;0.41016;0.41992;0.42969;0.43945;0.44922;0.45898;0.46875;0.47852;0.48828;0.49805;0.50781;0.51758;0.52734;0.53711;0.54688;0.55664;0.56641;0.57617;0.58594;0.5957;0.60547;0.61523;0.625;0.63477;0.64453;0.6543;0.66406;0.67383;0.68359;0.69336;0.70313;0.71289;0.72266;0.73242;0.74219;0.75195;0.76172;0.77148;0.78125;0.79102,0.003378176;0.0075171840000000005;0.010128384;0.0068751360000000004;0.019146752;0.07032832000000001;0.079059968;0.042471424;0.019430399999999997;0.016405504;0.008904704;0.003767296;0.003464192;0.0032348159999999997;0.00532992;0.005223424;0.004124672;0.00677376;0.005943296000000001;0.006278144;0.010001408;0.015076352000000001;0.026216448;0.030297088;0.037231616;0.020764672;0.011744256;0.013623296;0.020469760000000004;0.014615552;0.012259328;0.020490240000000003;0.019591168000000003;0.017975295999999998;0.024743936;0.030396416;0.017038335999999998;0.010609664000000001;0.012633088000000002;0.010319871999999999;0.009141248;0.011648;0.013295616;0.01617408;0.01248768;0.009275392;0.008224768;0.008650752000000001;0.006216704;0.005337087999999999;0.008620032;0.00772096;0.0068976639999999995;0.006941696;0.005149696;0.003675136;0.005788672000000001;0.006798336;0.004882432;0.004276224;0.004482048;0.00236544;0.0020398079999999997;0.0024494079999999997;0.0034795520000000003;0.002847744;0.0026398719999999997;0.003605504;0.00374784;0.002203648;0.001429504;0.002077696;0.0017121280000000003;0.0013148160000000001;0.0016435199999999999;0.002203648;0.0014827520000000002;0.00103936;0.000985088
1778688900,hdr,0.0293;0.03906;0.04883;0.05859;0.06836;0.07813;0.08789;0.09766;0.10742;0.11719;0.12695;0.13672;0.14648;0.15625;0.16602;0.17578;0.18555;0.19531;0.20508;0.21484;0.22461;0.23438;0.24414;0.25391;0.26367;0.27344;0.2832;0.29297;0.30273;0.3125;0.32227;0.33203;0.3418;0.35156;0.36133;0.37109;0.38086;0.39063;0.40039;0.41016;0.41992;0.42969;0.43945;0.44922;0.45898;0.46875;0.47852;0.48828;0.49805;0.50781;0.51758;0.52734;0.53711;0.54688;0.55664;0.56641;0.57617;0.58594;0.5957;0.60547;0.61523;0.625;0.63477;0.64453;0.6543;0.66406;0.67383;0.68359;0.69336;0.70313;0.71289;0.72266;0.73242;0.74219;0.75195;0.76172;0.77148;0.78125;0.79102,0.00047718399999999996;0.0017766400000000001;0.007609344;0.011971584;0.020087808;0.040559616;0.048447488;0.065574912;0.03858432;0.017171455999999998;0.012083199999999999;0.008467456;0.005352448;0.00470528;0.004393983999999999;0.0048384;0.00464896;0.0035614720000000004;0.0032573439999999997;0.0016936960000000002;0.003900416;0.014116864;0.031393792000000004;0.02285568;0.026172415999999997;0.025321472;0.020609024;0.015197183999999999;0.021076992000000003;0.02689536;0.0377344;0.028638208;0.024754176;0.021107712;0.01773568;0.018637823999999997;0.020270080000000003;0.019580928;0.013117440000000001;0.01295872;0.014321664000000001;0.010906624000000002;0.006950911999999999;0.012424191999999999;0.012760064;0.011260928;0.014988288;0.009864191999999999;0.007420928;0.007201792;0.006600704000000001;0.00746496;0.005943296000000001;0.005261312;0.004824064;0.005100544;0.005659648;0.008601600000000001;0.004389888;0.004052992;0.004566016000000001;0.003459072;0.0043284479999999995;0.003572736;0.0029184000000000002;0.003311616;0.0026531840000000003;0.0014653440000000002;0.0023173119999999998;0.002179072;0.001685504;0.0015964160000000002;0.001992704;0.002245632;0.00090624;0.001011712;0.001800192;0.002056192;0.002373632
1778689800,hdr,0.0293;0.03906;0.04883;0.05859;0.06836;0.07813;0.08789;0.09766;0.10742;0.11719;0.12695;0.13672;0.14648;0.15625;0.16602;0.17578;0.18555;0.19531;0.20508;0.21484;0.22461;0.23438;0.24414;0.25391;0.26367;0.27344;0.2832;0.29297;0.30273;0.3125;0.32227;0.33203;0.3418;0.35156;0.36133;0.37109;0.38086;0.39063;0.40039;0.41016;0.41992;0.42969;0.43945;0.44922;0.45898;0.46875;0.47852;0.48828;0.49805;0.50781;0.51758;0.52734;0.53711;0.54688;0.55664;0.56641;0.57617;0.58594;0.5957;0.60547;0.61523;0.625;0.63477;0.64453;0.6543;0.66406;0.67383;0.68359;0.69336;0.70313;0.71289;0.72266;0.73242;0.74219;0.75195;0.76172;0.77148;0.78125;0.79102,0.0037990400000000005;0.007931904;0.007891968000000001;0.006965247999999999;0.01884672;0.023512064;0.03776512;0.028040192000000002;0.017864704;0.015255552;0.014785536;0.005750784000000001;0.004824064;0.005920768;0.006662143999999999;0.003454976;0.002874368;0.003328;0.003059712;0.004483072;0.009191423999999998;0.014102528;0.03505664;0.034224128;0.033833984000000004;0.02273792;0.021999616;0.024300543999999997;0.017707007999999996;0.018872319999999998;0.021860352;0.03397120000000001;0.039223296;0.032787456;0.029750271999999998;0.017087488;0.01788416;0.025798656000000003;0.017034240000000003;0.015916032;0.016347135999999998;0.012223488;0.016885760000000003;0.012016640000000002;0.0120576;0.014913536;0.011936768;0.011037696;0.008675328;0.008159231999999999;0.008602624;0.007782399999999999;0.006770688;0.006503424;0.005064704;0.008048640000000001;0.009592832;0.006411264;0.007153664;0.006540288000000001;0.004651008;0.0030443519999999997;0.005126144;0.0051374079999999996;0.004159487999999999;0.0045772799999999995;0.004245504000000001;0.002791424;0.003707904;0.0024504320000000002;0.00139776;0.0026296320000000002;0.003928064;0.0034242560000000005;0.002158592;0.0019148799999999999;0.002369536;0.0018595839999999998;0.0009472
1778690700,hdr,0.0293;0.03906;0.04883;0.05859;0.06836;0.07813;0.08789;0.09766;0.10742;0.11719;0.12695;0.13672;0.14648;0.15625;0.16602;0.17578;0.18555;0.19531;0.20508;0.21484;0.22461;0.23438;0.24414;0.25391;0.26367;0.27344;0.2832;0.29297;0.30273;0.3125;0.32227;0.33203;0.3418;0.35156;0.36133;0.37109;0.38086;0.39063;0.40039;0.41016;0.41992;0.42969;0.43945;0.44922;0.45898;0.46875;0.47852;0.48828;0.49805;0.50781;0.51758;0.52734;0.53711;0.54688;0.55664;0.56641;0.57617;0.58594;0.5957;0.60547;0.61523;0.625;0.63477;0.64453;0.6543;0.66406;0.67383;0.68359;0.69336;0.70313;0.71289;0.72266;0.73242;0.74219;0.75195;0.76172;0.77148;0.78125;0.79102,0.00426496;0.0062853119999999995;0.006345728;0.0047144959999999994;0.015944704;0.031622144;0.034680832;0.031194112;0.018095104;0.011668480000000002;0.00725504;0.006488063999999999;0.004523008;0.002776064;0.00400896;0.005896192;0.003798016;0.002859008;0.0029911039999999996;0.003076096;0.007601152;0.011076608;0.014460928;0.021720064;0.023606272;0.024091648;0.027932672;0.03798016;0.032833536;0.010795008;0.014884864;0.044512256;0.036396032;0.019965952000000002;0.025208832;0.030337024;0.021479424000000004;0.015495168;0.016695296;0.014608384;0.019526656;0.013264896;0.012056576;0.016825344000000002;0.012099584;0.007660544;0.007708672;0.006152192;0.006652928;0.010519552;0.007294976000000001;0.007455744;0.011027456;0.009456639999999999;0.0037386240000000003;0.006450175999999999;0.00772096;0.009455616;0.009090047999999998;0.006537216;0.003939328;0.004329472;0.0043806719999999995;0.0045424639999999995;0.002844672;0.0029470720000000002;0.0027842559999999997;0.002362368;0.002637824;0.00385536;0.002581504;0.001992704;0.001430528;0.002080768;0.001874944;0.001954816;0.001385472;0.001488896;0.001584128
1778691600,hdr,0.0293;0.03906;0.04883;0.05859;0.06836;0.07813;0.08789;0.09766;0.10742;0.11719;0.12695;0.13672;0.14648;0.15625;0.16602;0.17578;0.18555;0.19531;0.20508;0.21484;0.22461;0.23438;0.24414;0.25391;0.26367;0.27344;0.2832;0.29297;0.30273;0.3125;0.32227;0.33203;0.3418;0.35156;0.36133;0.37109;0.38086;0.39063;0.40039;0.41016;0.41992;0.42969;0.43945;0.44922;0.45898;0.46875;0.47852;0.48828;0.49805;0.50781;0.51758;0.52734;0.53711;0.54688;0.55664;0.56641;0.57617;0.58594;0.5957;0.60547;0.61523;0.625;0.63477;0.64453;0.6543;0.66406;0.67383;0.68359;0.69336;0.70313;0.71289;0.72266;0.73242;0.74219;0.75195;0.76172;0.77148;0.78125;0.79102,0.00550912;0.005959679999999999;0.007222272;0.009594879999999998;0.032164864;0.042381312;0.042235904;0.030957567999999998;0.022448128;0.012603392;0.006135808;0.00555008;0.00388096;0.0034406400000000005;0.005245952;0.0073185279999999995;0.00558592;0.00356352;0.0024002560000000004;0.002531328;0.005286912;0.011896832;0.011512832;0.017088512000000004;0.023643136;0.03412070400000001;0.037592064;0.029739007999999997;0.017620992000000002;0.021344256000000002;0.018609152;0.020642815999999998;0.02572288;0.032459775999999996;0.027227136000000002;0.01797632;0.01970688;0.0266752;0.014416895999999998;0.009895936000000001;0.014763008;0.013616128;0.012181504000000001;0.013740032;0.008835072;0.006910975999999999;0.007477248000000001;0.006913024;0.010248192;0.010969088;0.006930431999999999;0.00784896;0.00694784;0.007455744;0.006752256;0.008474624;0.006836223999999999;0.004750336;0.004346879999999999;0.005842944;0.0064593919999999996;0.0053063680000000005;0.004312064;0.004187135999999999;0.00382464;0.0029255680000000004;0.0030832639999999996;0.0033310719999999996;0.003965952;0.005515264;0.003939328;0.0022067199999999997;0.0023019520000000003;0.00146944;0.001472512;0.001408;0.001307648;0.001527808;0.00168448
1778692500,hdr,0.0293;0.03906;0.04883;0.05859;0.06836;0.07813;0.08789;0.09766;0.10742;0.11719;0.12695;0.13672;0.14648;0.15625;0.16602;0.17578;0.18555;0.19531;0.20508;0.21484;0.22461;0.23438;0.24414;0.25391;0.26367;0.27344;0.2832;0.29297;0.30273;0.3125;0.32227;0.33203;0.3418;0.35156;0.36133;0.37109;0.38086;0.39063;0.40039;0.41016;0.41992;0.42969;0.43945;0.44922;0.45898;0.46875;0.47852;0.48828;0.49805;0.50781;0.51758;0.52734;0.53711;0.54688;0.55664;0.56641;0.57617;0.58594;0.5957;0.60547;0.61523;0.625;0.63477;0.64453;0.6543;0.66406;0.67383;0.68359;0.69336;0.70313;0.71289;0.72266;0.73242;0.74219;0.75195;0.76172;0.77148;0.78125;0.79102,0.002627584;0.00896;0.012292096;0.012099584;0.025296896;0.033247231999999995;0.046743552;0.053266432;0.033998848000000005;0.018793472000000002;0.019310592;0.006934528000000001;0.003554304;0.003666944;0.004673536;0.0032204799999999995;0.0016936960000000002;0.002705408;0.0025251839999999998;0.0037918720000000004;0.0070543360000000005;0.010569727999999999;0.010042368000000001;0.015678464;0.029582336000000004;0.037400576;0.023613440000000003;0.024791039999999997;0.03508531200000001;0.029817856;0.021476352;0.030676991999999997;0.031771648;0.025470976;0.032518144;0.029573119999999998;0.027660288;0.021658624;0.014176256000000002;0.008217599999999999;0.007800832;0.008615936;0.007220224;0.008731648;0.009587712;0.010297344000000002;0.008536064;0.004901888;0.005008384;0.0059391999999999995;0.008704;0.007518207999999999;0.006738944;0.00635904;0.005226496;0.003613696;0.003447808;0.003995648;0.004323328;0.003514368;0.0027658239999999996;0.0030453760000000002;0.002712576;0.0032174079999999997;0.002605056;0.002397184;0.0021504000000000002;0.0019466239999999999;0.001647616;0.0028692479999999996;0.0025108480000000004;0.0018216959999999998;0.0014796800000000001;0.0015677439999999998;0.0023296;0.002763776;0.0020244480000000003;0.0012441599999999998;0.001304576
1778693400,hdr,0.0293;0.03906;0.04883;0.05859;0.06836;0.07813;0.08789;0.09766;0.10742;0.11719;0.12695;0.13672;0.14648;0.15625;0.16602;0.17578;0.18555;0.19531;0.20508;0.21484;0.22461;0.23438;0.24414;0.25391;0.26367;0.27344;0.2832;0.29297;0.30273;0.3125;0.32227;0.33203;0.3418;0.35156;0.36133;0.37109;0.38086;0.39063;0.40039;0.41016;0.41992;0.42969;0.43945;0.44922;0.45898;0.46875;0.47852;0.48828;0.49805;0.50781;0.51758;0.52734;0.53711;0.54688;0.55664;0.56641;0.57617;0.58594;0.5957;0.60547;0.61523;0.625;0.63477;0.64453;0.6543;0.66406;0.67383;0.68359;0.69336;0.70313;0.71289;0.72266;0.73242;0.74219;0.75195;0.76172;0.77148;0.78125;0.79102,0.004530176;0.0048732160000000005;0.003713024;0.008997887999999999;0.036710400000000004;0.047395839999999995;0.03897856;0.046903296;0.025821183999999997;0.011150335999999999;0.007580671999999999;0.005124096;0.004033536;0.003434496;0.004118528000000001;0.0036812800000000003;0.002936832;0.0038963199999999996;0.0031098880000000003;0.004968448;0.006286336;0.007921664;0.009093120000000001;0.010233856;0.016854016000000003;0.031520768;0.032765952;0.028490752;0.041363456;0.039730176;0.024374272000000002;0.017181696;0.027331584;0.039438336000000004;0.032514048000000004;0.026002432000000002;0.014816256;0.016450559999999996;0.01588224;0.010109952;0.011681792;0.009618432000000001;0.010830848;0.010938368;0.0070891520000000005;0.006750208;0.006744063999999999;0.005521408;0.005377023999999999;0.0046295039999999996;0.006624256;0.005993472;0.007738368000000001;0.005261312;0.003920896;0.003311616;0.002275328;0.0025262080000000003;0.001558528;0.003357696;0.0032921599999999997;0.00231424;0.002763776;0.003277824;0.0028897280000000003;0.001905664;0.002215936;0.002558976;0.001835008;0.00226816;0.0018421759999999998;0.00199168;0.0025856;0.001997824;0.001381376;0.0016148479999999999;0.001312768;0.001133568;0.001645568
1778694300,hdr,0.0293;0.03906;0.04883;0.05859;0.06836;0.07813;0.08789;0.09766;0.10742;0.11719;0.12695;0.13672;0.14648;0.15625;0.16602;0.17578;0.18555;0.19531;0.20508;0.21484;0.22461;0.23438;0.24414;0.25391;0.26367;0.27344;0.2832;0.29297;0.30273;0.3125;0.32227;0.33203;0.3418;0.35156;0.36133;0.37109;0.38086;0.39063;0.40039;0.41016;0.41992;0.42969;0.43945;0.44922;0.45898;0.46875;0.47852;0.48828;0.49805;0.50781;0.51758;0.52734;0.53711;0.54688;0.55664;0.56641;0.57617;0.58594;0.5957;0.60547;0.61523;0.625;0.63477;0.64453;0.6543;0.66406;0.67383;0.68359;0.69336;0.70313;0.71289;0.72266;0.73242;0.74219;0.75195;0.76172;0.77148;0.78125;0.79102,0.001810432;0.0042936319999999995;0.005774336000000001;0.011406336;0.022818816000000002;0.045683712;0.039473152000000004;0.03103232;0.027155456;0.02300928;0.017970176;0.007118848;0.00384;0.0030453760000000002;0.0037611520000000002;0.002660352;0.00283136;0.004178944;0.004226048;0.002654208;0.005577727999999999;0.007672831999999999;0.006393856000000001;0.011643903999999998;0.016925696;0.03673088;0.02650112;0.020958208;0.025273344;0.032763903999999996;0.024938495999999997;0.028281856;0.033381376000000004;0.017750016;0.015222784000000001;0.023569408;0.023116800000000003;0.012028928;0.018366464;0.013830144;0.013524991999999998;0.009415680000000001;0.009204736000000002;0.007549952;0.006025216000000001;0.005839871999999999;0.004982784;0.004819968;0.006329344;0.004209664;0.00301568;0.0031354879999999996;0.0040345599999999995;0.0046970879999999994;0.004417536;0.0042496;0.00462848;0.004637696;0.002993152;0.0024084479999999997;0.00197632;0.002528256;0.003100672;0.001831936;0.001400832;0.0012523519999999998;0.001313792;0.0013322240000000001;0.0018810880000000002;0.0017602560000000002;0.0012113920000000002;0.0010649599999999998;0.001652736;0.0018411519999999998;0.001004544;0.001475584;0.0013926400000000001;0.001327104;0.001097728
1778695200,hdr,0.0293;0.03906;0.04883;0.05859;0.06836;0.07813;0.08789;0.09766;0.10742;0.11719;0.12695;0.13672;0.14648;0.15625;0.16602;0.17578;0.18555;0.19531;0.20508;0.21484;0.22461;0.23438;0.24414;0.25391;0.26367;0.27344;0.2832;0.29297;0.30273;0.3125;0.32227;0.33203;0.3418;0.35156;0.36133;0.37109;0.38086;0.39063;0.40039;0.41016;0.41992;0.42969;0.43945;0.44922;0.45898;0.46875;0.47852;0.48828;0.49805;0.50781;0.51758;0.52734;0.53711;0.54688;0.55664;0.56641;0.57617;0.58594;0.5957;0.60547;0.61523;0.625;0.63477;0.64453;0.6543;0.66406;0.67383;0.68359;0.69336;0.70313;0.71289;0.72266;0.73242;0.74219;0.75195;0.76172;0.77148;0.78125;0.79102,0.000719872;0.00579072;0.006490112;0.003076096;0.016794624;0.035261440000000005;0.046367743999999995;0.044630015999999995;0.024082432;0.011013120000000001;0.007794688;0.00507904;0.0016424959999999998;0.001755136;0.00301568;0.00385536;0.00323072;0.001876992;0.0018944;0.003265536;0.005670912;0.0079616;0.011761663999999998;0.01712128;0.015132671999999998;0.015504384;0.014020608;0.02150912;0.019907584;0.016100352000000002;0.017871872;0.018227200000000002;0.039763968000000004;0.029858816000000003;0.020030464;0.028547072;0.017659904;0.017288191999999997;0.014885887999999998;0.011157503999999999;0.011252736000000001;0.006073344;0.009555968000000001;0.007043072;0.005492736;0.004933632;0.003249152;0.002945024;0.003980288;0.004130816000000001;0.0031733760000000003;0.004052992;0.003165184;0.0026644480000000003;0.002477056;0.00379392;0.0027361279999999996;0.0022425599999999998;0.001944576;0.001558528;0.0018636800000000002;0.001779712;0.0020224;0.002180096;0.002117632;0.0013568;0.001570816;0.002021376;0.0016384000000000001;0.0022425599999999998;0.001212416;0.000816128;0.0008110079999999999;0.000881664;0.0007055360000000001;0.0008447999999999999;0.0008704;0.000698368;0.000671744
1778696100,hdr,0.0293;0.03906;0.04883;0.05859;0.06836;0.07813;0.08789;0.09766;0.10742;0.11719;0.12695;0.13672;0.14648;0.15625;0.16602;0.17578;0.18555;0.19531;0.20508;0.21484;0.22461;0.23438;0.24414;0.25391;0.26367;0.27344;0.2832;0.29297;0.30273;0.3125;0.32227;0.33203;0.3418;0.35156;0.36133;0.37109;0.38086;0.39063;0.40039;0.41016;0.41992;0.42969;0.43945;0.44922;0.45898;0.46875;0.47852;0.48828;0.49805;0.50781;0.51758;0.52734;0.53711;0.54688;0.55664;0.56641;0.57617;0.58594;0.5957;0.60547;0.61523;0.625;0.63477;0.64453;0.6543;0.66406;0.67383;0.68359;0.69336;0.70313;0.71289;0.72266;0.73242;0.74219;0.75195;0.76172;0.77148;0.78125;0.79102,0.0018360320000000002;0.004308992;0.002861056;0.003670016;0.015849472;0.034519039999999994;0.032745472;0.038350848;0.01693184;0.01518592;0.012285952;0.00170496;0.002863104;0.001031168;0.001385472;0.0014458880000000002;0.0016895999999999999;0.0009461760000000001;0.0010956800000000001;0.001929216;0.0030126080000000004;0.006534144;0.005777408;0.007876608;0.013575168;0.037234688;0.049964032000000005;0.033356800000000006;0.033103872000000006;0.031215616;0.026599424;0.03899904;0.036846592000000004;0.02953728;0.019427327999999997;0.018235392;0.012082176000000002;0.010681343999999999;0.010227712;0.007474175999999999;0.011097088;0.0075745280000000005;0.005897216;0.005873664;0.003919872;0.004123648;0.0055951360000000006;0.007547903999999999;0.007281664;0.004856831999999999;0.0037386240000000003;0.00272896;0.0032849919999999996;0.004007936;0.00251904;0.00341504;0.002692096;0.001779712;0.0022814719999999997;0.001934336;0.0017735679999999999;0.0014704639999999999;0.001855488;0.001763328;0.001292288;0.001752064;0.0017152;0.0016773119999999998;0.0012912639999999999;0.0015872;0.00131072;0.000903168;0.0011243520000000001;0.001538048;0.0015697920000000002;0.001130496;0.0007372800000000001;0.0006123519999999999;0.000813056
1778697000,hdr,0.0293;0.03906;0.04883;0.05859;0.06836;0.07813;0.08789;0.09766;0.10742;0.11719;0.12695;0.13672;0.14648;0.15625;0.16602;0.17578;0.18555;0.19531;0.20508;0.21484;0.22461;0.23438;0.24414;0.25391;0.26367;0.27344;0.2832;0.29297;0.30273;0.3125;0.32227;0.33203;0.3418;0.35156;0.36133;0.37109;0.38086;0.39063;0.40039;0.41016;0.41992;0.42969;0.43945;0.44922;0.45898;0.46875;0.47852;0.48828;0.49805;0.50781;0.51758;0.52734;0.53711;0.54688;0.55664;0.56641;0.57617;0.58594;0.5957;0.60547;0.61523;0.625;0.63477;0.64453;0.6543;0.66406;0.67383;0.68359;0.69336;0.70313;0.71289;0.72266;0.73242;0.74219;0.75195;0.76172;0.77148;0.78125;0.79102,0.003096576;0.0055408639999999995;0.004605952;0.009122816;0.046260224;0.058994687999999997;0.04315135999999999;0.043188224;0.026385408000000003;0.015966208;0.011292672;0.00549376;0.005190656;0.002832384;0.0019251199999999998;0.002195456;0.002953216;0.002614272;0.0032204799999999995;0.003291136;0.005117952;0.008166399999999999;0.007704576;0.008510464;0.013628415999999999;0.021199871999999998;0.030189568000000003;0.037716992;0.042978304;0.043047936;0.039339008;0.03212288;0.037132288;0.028896256000000002;0.024989696;0.01641984;0.011731968;0.01037824;0.007926784;0.007696384;0.007362560000000001;0.005599232;0.00654336;0.00764928;0.007809024;0.005740544;0.005965824;0.005442560000000001;0.004927488000000001;0.004041728;0.0028395519999999995;0.001941504;0.002748416;0.003531776;0.002399232;0.001898496;0.002852864;0.001708032;0.0019394560000000002;0.0020572159999999997;0.001792;0.002169856;0.00207872;0.001560576;0.001901568;0.0026009600000000003;0.0019230719999999998;0.0012912639999999999;0.00152576;0.001488896;0.001241088;0.0006891520000000001;0.000449536;0.000873472;0.00090112;0.000968704;0.00136192;0.000744448;0.0007116799999999999
1778697900,hdr,0.0293;0.03906;0.04883;0.05859;0.06836;0.07813;0.08789;0.09766;0.10742;0.11719;0.12695;0.13672;0.14648;0.15625;0.16602;0.17578;0.18555;0.19531;0.20508;0.21484;0.22461;0.23438;0.24414;0.25391;0.26367;0.27344;0.2832;0.29297;0.30273;0.3125;0.32227;0.33203;0.3418;0.35156;0.36133;0.37109;0.38086;0.39063;0.40039;0.41016;0.41992;0.42969;0.43945;0.44922;0.45898;0.46875;0.47852;0.48828;0.49805;0.50781;0.51758;0.52734;0.53711;0.54688;0.55664;0.56641;0.57617;0.58594;0.5957;0.60547;0.61523;0.625;0.63477;0.64453;0.6543;0.66406;0.67383;0.68359;0.69336;0.70313;0.71289;0.72266;0.73242;0.74219;0.75195;0.76172;0.77148;0.78125;0.79102,0.00398336;0.006057984000000001;0.00722944;0.007092224;0.026464256;0.043751424;0.040538112;0.035938304000000004;0.031096831999999998;0.01864704;0.011126784;0.00673792;0.003744768;0.003117056;0.003212288;0.0024156159999999998;0.003462144;0.006263808;0.005528576;0.004461567999999999;0.003446784;0.004518912;0.00868864;0.012208128;0.010720256;0.01419776;0.024845311999999998;0.025051135999999998;0.021682176;0.042033152000000004;0.044645375999999994;0.027487232;0.030793728000000003;0.030639104;0.035945472;0.031630336;0.030895104;0.018334720000000002;0.012614656;0.011564031999999998;0.00704;0.007998464;0.00881152;0.00536576;0.0050800640000000005;0.004006912;0.004788223999999999;0.005554176;0.005863424;0.00430592;0.0025415679999999997;0.003396608;0.002635776;0.0014346239999999998;0.0021667839999999997;0.00326144;0.004406272000000001;0.003088384;0.002458624;0.00244736;0.0026112;0.002371584;0.00296448;0.0025579519999999996;0.00298496;0.002778112;0.0024801280000000003;0.001948672;0.0017152;0.0012247039999999999;0.00128;0.001507328;0.0013424640000000002;0.001414144;0.0019394560000000002;0.0015738879999999998;0.001317888;0.0012042239999999998;0.001497088
1778698800,hdr,0.0293;0.03906;0.04883;0.05859;0.06836;0.07813;0.08789;0.09766;0.10742;0.11719;0.12695;0.13672;0.14648;0.15625;0.16602;0.17578;0.18555;0.19531;0.20508;0.21484;0.22461;0.23438;0.24414;0.25391;0.26367;0.27344;0.2832;0.29297;0.30273;0.3125;0.32227;0.33203;0.3418;0.35156;0.36133;0.37109;0.38086;0.39063;0.40039;0.41016;0.41992;0.42969;0.43945;0.44922;0.45898;0.46875;0.47852;0.48828;0.49805;0.50781;0.51758;0.52734;0.53711;0.54688;0.55664;0.56641;0.57617;0.58594;0.5957;0.60547;0.61523;0.625;0.63477;0.64453;0.6543;0.66406;0.67383;0.68359;0.69336;0.70313;0.71289;0.72266;0.73242;0.74219;0.75195;0.76172;0.77148;0.78125;0.79102,0.001672192;0.004296704;0.003677184;0.004581375999999999;0.019805184;0.037931008;0.036755456000000006;0.02902016;0.020783104000000004;0.015314944;0.010981375999999998;0.008414208000000001;0.004546560000000001;0.002924544;0.00247296;0.0017971200000000001;0.001462272;0.002603008;0.004129792;0.003377152;0.0051302399999999995;0.006260736;0.007001088000000001;0.00687104;0.012984319999999999;0.016196608;0.017790976000000003;0.027871232;0.034970624000000006;0.02976768;0.033077248;0.031954944;0.037692416000000006;0.021366784;0.020345856;0.020104192000000003;0.012480512;0.01219584;0.009366528;0.006413312;0.005123071999999999;0.007412736;0.006453248000000001;0.003680256;0.003853312;0.0026009600000000003;0.0035123199999999998;0.00339968;0.0036157439999999997;0.002458624;0.0022835200000000003;0.003822592;0.004199424;0.004363264;0.0034826239999999997;0.00198144;0.00276992;0.002825216;0.0026439680000000004;0.003296256;0.00239104;0.002258944;0.0020797439999999997;0.0030627840000000003;0.002528256;0.001603584;0.001878016;0.002566144;0.002188288;0.001711104;0.001297408;0.00169472;0.001498112;0.0009758719999999999;0.00131584;0.001222656;0.0009297919999999999;0.000825344;0.0012308479999999999
1778699700,hdr,0.0293;0.03906;0.04883;0.05859;0.06836;0.07813;0.08789;0.09766;0.10742;0.11719;0.12695;0.13672;0.14648;0.15625;0.16602;0.17578;0.18555;0.19531;0.20508;0.21484;0.22461;0.23438;0.24414;0.25391;0.26367;0.27344;0.2832;0.29297;0.30273;0.3125;0.32227;0.33203;0.3418;0.35156;0.36133;0.37109;0.38086;0.39063;0.40039;0.41016;0.41992;0.42969;0.43945;0.44922;0.45898;0.46875;0.47852;0.48828;0.49805;0.50781;0.51758;0.52734;0.53711;0.54688;0.55664;0.56641;0.57617;0.58594;0.5957;0.60547;0.61523;0.625;0.63477;0.64453;0.6543;0.66406;0.67383;0.68359;0.69336;0.70313;0.71289;0.72266;0.73242;0.74219;0.75195;0.76172;0.77148;0.78125;0.79102,0.000861184;0.000452608;0.001758208;0.004732928;0.016957439999999997;0.018607104;0.023561216;0.036993024;0.029649920000000003;0.01984;0.015869952;0.0076820479999999995;0.004303872;0.0028753920000000005;0.0020172799999999998;0.0023500800000000005;0.003004416;0.00270336;0.002656256;0.003744768;0.003764224;0.00582656;0.007540736;0.011396096;0.014168064;0.017281024;0.022953983999999997;0.025125888;0.027464704000000003;0.031130624;0.025619456;0.032029696;0.042442752;0.036780032;0.024791039999999997;0.012460032;0.012530688;0.008832;0.0055552;0.008722431999999999;0.010723327999999999;0.010199040000000001;0.006428672;0.006438912000000001;0.00589312;0.006653952;0.004640767999999999;0.00421888;0.003429376;0.00522752;0.004534272;0.003535872;0.0023132160000000003;0.003136512;0.002337792;0.003652608;0.0037928959999999996;0.0029952000000000004;0.002014208;0.002069504;0.0019046400000000002;0.002514944;0.002778112;0.001721344;0.00111104;0.001922048;0.0013557760000000002;0.001214464;0.001664;0.000987136;0.00088576;0.0009523200000000001;0.001284096;0.001139712;0.0009625599999999999;0.000779264;0.000766976;0.001282048;0.001286144
1778700600,hdr,0.0293;0.03906;0.04883;0.05859;0.06836;0.07813;0.08789;0.09766;0.10742;0.11719;0.12695;0.13672;0.14648;0.15625;0.16602;0.17578;0.18555;0.19531;0.20508;0.21484;0.22461;0.23438;0.24414;0.25391;0.26367;0.27344;0.2832;0.29297;0.30273;0.3125;0.32227;0.33203;0.3418;0.35156;0.36133;0.37109;0.38086;0.39063;0.40039;0.41016;0.41992;0.42969;0.43945;0.44922;0.45898;0.46875;0.47852;0.48828;0.49805;0.50781;0.51758;0.52734;0.53711;0.54688;0.55664;0.56641;0.57617;0.58594;0.5957;0.60547;0.61523;0.625;0.63477;0.64453;0.6543;0.66406;0.67383;0.68359;0.69336;0.70313;0.71289;0.72266;0.73242;0.74219;0.75195;0.76172;0.77148;0.78125;0.79102,6.2464e-05;0.001702912;0.00531456;0.003944448;0.016429056;0.044564480000000004;0.042690559999999995;0.031381504;0.017893376;0.01485824;0.018056192;0.011266047999999999;0.0031703039999999997;0.0029501439999999996;0.002055168;0.0019466239999999999;0.0016916480000000002;0.002159616;0.0032440319999999996;0.004077568;0.004882432;0.007602176;0.01183232;0.010067968;0.01059328;0.018875392;0.02565632;0.014297088;0.019220479999999998;0.032458751999999993;0.029703168000000002;0.016911359999999997;0.015405056;0.02267136;0.021530623999999998;0.01690112;0.010221567999999999;0.00668672;0.00954368;0.01063936;0.010693632;0.008434688000000001;0.00566784;0.00442368;0.0036884480000000004;0.006117376;0.006447104;0.004880384;0.002716672;0.001650688;0.002737152;0.00338432;0.003549184;0.0027432959999999997;0.001870848;0.0031242239999999997;0.003017728;0.002706432;0.0020121600000000003;0.001649664;0.0014192640000000002;0.001381376;0.002318336;0.00297472;0.003032064;0.002646016;0.0012042239999999998;0.00075264;0.0009461760000000001;0.001138688;0.001035264;0.0009912319999999999;0.000748544;0.001091584;0.001217536;0.001286144;0.0009768959999999999;0.0006144;0.0007372800000000001
1778701500,hdr,0.0293;0.03906;0.04883;0.05859;0.06836;0.07813;0.08789;0.09766;0.10742;0.11719;0.12695;0.13672;0.14648;0.15625;0.16602;0.17578;0.18555;0.19531;0.20508;0.21484;0.22461;0.23438;0.24414;0.25391;0.26367;0.27344;0.2832;0.29297;0.30273;0.3125;0.32227;0.33203;0.3418;0.35156;0.36133;0.37109;0.38086;0.39063;0.40039;0.41016;0.41992;0.42969;0.43945;0.44922;0.45898;0.46875;0.47852;0.48828;0.49805;0.50781;0.51758;0.52734;0.53711;0.54688;0.55664;0.56641;0.57617;0.58594;0.5957;0.60547;0.61523;0.625;0.63477;0.64453;0.6543;0.66406;0.67383;0.68359;0.69336;0.70313;0.71289;0.72266;0.73242;0.74219;0.75195;0.76172;0.77148;0.78125;0.79102,0.002573312;0.005149696;0.0017602560000000002;0.010937344;0.03347456;0.053613568;0.029558784;0.02201088;0.021013504000000002;0.013935616;0.01448448;0.013427712;0.007863296;0.0038799359999999996;0.0026941440000000003;0.0027279360000000002;0.001654784;0.0022712319999999998;0.00305152;0.005169152;0.007344128000000001;0.009012224000000001;0.007945216;0.009666560000000001;0.010381312;0.012512256000000001;0.014532608;0.017073152;0.023996416;0.026764288;0.032796672;0.028129280000000003;0.023921664000000002;0.030503936;0.025091072;0.017488896;0.014316544;0.010008576;0.008065023999999999;0.005741568;0.008740864;0.010384384;0.00643072;0.0077742079999999995;0.01028096;0.007570432000000001;0.00500224;0.006209536;0.005042176000000001;0.0046540800000000005;0.003796992;0.003442688;0.003421184;0.0020244480000000003;0.002546688;0.0020930559999999994;0.00170496;0.0015411200000000002;0.0014376960000000002;0.002034688;0.0019148799999999999;0.002142208;0.002484224;0.0019886079999999998;0.0022466560000000005;0.002215936;0.001938432;0.0011673599999999999;0.001036288;0.000930816;0.001133568;0.0016609279999999999;0.001298432;0.000731136;0.0007106559999999999;0.000774144;0.00052224;0.000661504;0.0007464960000000001
1778702400,hdr,0.0293;0.03906;0.04883;0.05859;0.06836;0.07813;0.08789;0.09766;0.10742;0.11719;0.12695;0.13672;0.14648;0.15625;0.16602;0.17578;0.18555;0.19531;0.20508;0.21484;0.22461;0.23438;0.24414;0.25391;0.26367;0.27344;0.2832;0.29297;0.30273;0.3125;0.32227;0.33203;0.3418;0.35156;0.36133;0.37109;0.38086;0.39063;0.40039;0.41016;0.41992;0.42969;0.43945;0.44922;0.45898;0.46875;0.47852;0.48828;0.49805;0.50781;0.51758;0.52734;0.53711;0.54688;0.55664;0.56641;0.57617;0.58594;0.5957;0.60547;0.61523;0.625;0.63477;0.64453;0.6543;0.66406;0.67383;0.68359;0.69336;0.70313;0.71289;0.72266;0.73242;0.74219;0.75195;0.76172;0.77148;0.78125;0.79102,0.0022702079999999997;0.001222656;0.001273856;0.003997696;0.024646656;0.038157312;0.03053056;0.036760576;0.027384831999999998;0.019480576;0.015368192000000001;0.006380544000000001;0.0032768000000000003;0.002655232;0.0020756480000000002;0.001820672;0.0017643519999999998;0.002364416;0.0026624;0.00473088;0.007169024;0.00732672;0.011382784;0.015233024000000001;0.018675712;0.022273024000000002;0.024408064;0.016470016;0.023546880000000003;0.022652928;0.021948416000000002;0.030528511999999997;0.02699776;0.022424575999999998;0.021370880000000002;0.022673408;0.019516416;0.015455232;0.01181696;0.012990464;0.010119168;0.006508544;0.007742464;0.011551744;0.0070144000000000005;0.0057047040000000005;0.005590016000000001;0.004535295999999999;0.002432;0.00290816;0.003708928;0.0032020480000000003;0.002542592;0.003359744;0.0030535679999999996;0.002275328;0.002855936;0.0027514880000000003;0.0021534719999999996;0.0019886079999999998;0.001180672;0.00159232;0.0022015999999999997;0.001388544;0.00183808;0.001891328;0.0010803199999999998;0.001159168;0.0019886079999999998;0.002217984;0.001410048;0.001002496;0.0014653440000000002;0.001202176;0.000937984;0.0009625599999999999;0.00067072;0.001323008;0.0014110720000000002
1778703300,hdr,0.0293;0.03906;0.04883;0.05859;0.06836;0.07813;0.08789;0.09766;0.10742;0.11719;0.12695;0.13672;0.14648;0.15625;0.16602;0.17578;0.18555;0.19531;0.20508;0.21484;0.22461;0.23438;0.24414;0.25391;0.26367;0.27344;0.2832;0.29297;0.30273;0.3125;0.32227;0.33203;0.3418;0.35156;0.36133;0.37109;0.38086;0.39063;0.40039;0.41016;0.41992;0.42969;0.43945;0.44922;0.45898;0.46875;0.47852;0.48828;0.49805;0.50781;0.51758;0.52734;0.53711;0.54688;0.55664;0.56641;0.57617;0.58594;0.5957;0.60547;0.61523;0.625;0.63477;0.64453;0.6543;0.66406;0.67383;0.68359;0.69336;0.70313;0.71289;0.72266;0.73242;0.74219;0.75195;0.76172;0.77148;0.78125;0.79102,0.0031027200000000002;0.005777408;0.0053411840000000006;0.0020797439999999997;0.017833984;0.034587648;0.024953856;0.015603711999999999;0.014745600000000001;0.011624447999999999;0.007090175999999999;0.009920512000000001;0.006961152;0.003513344;0.001750016;0.0014714879999999997;0.001890304;0.0019537919999999998;0.0016609279999999999;0.0036730879999999997;0.00820224;0.006710272;0.008190975999999999;0.008365056;0.012099584;0.017681408;0.020001791999999997;0.018400255999999997;0.021866496000000003;0.014770176;0.013320192000000002;0.027219968;0.030851072;0.027323392;0.018464768;0.018950144;0.011942912;0.009950208;0.013492224;0.01027072;0.00631808;0.005586944;0.0057999359999999995;0.003873792;0.00562176;0.006004736;0.005013504;0.004458496;0.004092928;0.0036167680000000002;0.00268288;0.002861056;0.0027566080000000002;0.0028057599999999996;0.002579456;0.00269824;0.002633728;0.002315264;0.0021985280000000004;0.0016906239999999997;0.002203648;0.001820672;0.0010936319999999998;0.001533952;0.001575936;0.00098816;0.00117248;0.00088576;0.0006574080000000001;0.000771072;0.000949248;0.000966656;0.0013035520000000001;0.000700416;0.000743424;0.000763904;0.000765952;0.000623616;0.0006184960000000001
1778704200,hdr,0.0293;0.03906;0.04883;0.05859;0.06836;0.07813;0.08789;0.09766;0.10742;0.11719;0.12695;0.13672;0.14648;0.15625;0.16602;0.17578;0.18555;0.19531;0.20508;0.21484;0.22461;0.23438;0.24414;0.25391;0.26367;0.27344;0.2832;0.29297;0.30273;0.3125;0.32227;0.33203;0.3418;0.35156;0.36133;0.37109;0.38086;0.39063;0.40039;0.41016;0.41992;0.42969;0.43945;0.44922;0.45898;0.46875;0.47852;0.48828;0.49805;0.50781;0.51758;0.52734;0.53711;0.54688;0.55664;0.56641;0.57617;0.58594;0.5957;0.60547;0.61523;0.625;0.63477;0.64453;0.6543;0.66406;0.67383;0.68359;0.69336;0.70313;0.71289;0.72266;0.73242;0.74219;0.75195;0.76172;0.77148;0.78125;0.79102,0.000912384;0.006037504;0.005392384;0.0037550080000000002;0.014163968;0.024287232;0.026991616000000003;0.029110271999999996;0.015781888;0.010514431999999999;0.015203328000000002;0.011347967999999998;0.007640063999999999;0.003982336;0.0024166400000000003;0.002448384;0.00237568;0.003129344;0.005033984;0.005947392;0.007192576;0.004508671999999999;0.006682624;0.009779199999999998;0.01143808;0.0115456;0.015838208;0.020411392;0.028941312;0.032657408;0.017374208;0.016283647999999998;0.018487296000000004;0.024621056;0.025534464;0.01957888;0.013042688;0.009361408000000002;0.007733248;0.007560192;0.005364736;0.0059269119999999995;0.005090304;0.003974144;0.00357376;0.003236864;0.0035942400000000003;0.00344576;0.003510272;0.003451904;0.002885632;0.0022732800000000004;0.001777664;0.002172928;0.001818624;0.001552384;0.001513472;0.002465792;0.002496512;0.0019496960000000001;0.002893824;0.001641472;0.001498112;0.0014243840000000001;0.001924096;0.001636352;0.001242112;0.0016250880000000002;0.00118784;0.000644096;0.0007423999999999999;0.000688128;0.000385024;0.000555008;0.0009256959999999999;0.000919552;0.0007137280000000001;0.000647168;0.0009359360000000001
1778705100,hdr,0.0293;0.03906;0.04883;0.05859;0.06836;0.07813;0.08789;0.09766;0.10742;0.11719;0.12695;0.13672;0.14648;0.15625;0.16602;0.17578;0.18555;0.19531;0.20508;0.21484;0.22461;0.23438;0.24414;0.25391;0.26367;0.27344;0.2832;0.29297;0.30273;0.3125;0.32227;0.33203;0.3418;0.35156;0.36133;0.37109;0.38086;0.39063;0.40039;0.41016;0.41992;0.42969;0.43945;0.44922;0.45898;0.46875;0.47852;0.48828;0.49805;0.50781;0.51758;0.52734;0.53711;0.54688;0.55664;0.56641;0.57617;0.58594;0.5957;0.60547;0.61523;0.625;0.63477;0.64453;0.6543;0.66406;0.67383;0.68359;0.69336;0.70313;0.71289;0.72266;0.73242;0.74219;0.75195;0.76172;0.77148;0.78125;0.79102,0.000196608;0.004438016;0.006352896;0.003447808;0.01318912;0.03684864000000001;0.031273984;0.026528768;0.013499392;0.010635263999999998;0.012780544000000001;0.013581312;0.003902464;0.00217088;0.002637824;0.001716224;0.001106944;0.0009738240000000001;0.002958336;0.0049479680000000005;0.0065064960000000005;0.009055232;0.006040576;0.005948416;0.007300096;0.011743232;0.024323072;0.020400127999999997;0.017265664;0.017721343999999997;0.018868224000000003;0.013710336;0.013526016;0.02729472;0.035027968;0.019558399999999997;0.012047359999999998;0.008676351999999998;0.00807424;0.010046464;0.005564415999999999;0.004893696;0.005405696;0.005156864;0.00456192;0.006807552000000001;0.0051374079999999996;0.0026449919999999997;0.003068928;0.0025364479999999997;0.0018432000000000001;0.002951168;0.00335872;0.002458624;0.0022896640000000003;0.00195072;0.002217984;0.002097152;0.001829888;0.001741824;0.00137216;0.00128512;0.001687552;0.001789952;0.0011161600000000002;0.000877568;0.0009216000000000001;0.000661504;0.0010475520000000002;0.0009625599999999999;0.000637952;0.0008325120000000001;0.000878592;0.000854016;0.000771072;0.000548864;0.00047411199999999995;0.0005406720000000001;0.00049664
1778706900,hdr,0.0293;0.03906;0.04883;0.05859;0.06836;0.07813;0.08789;0.09766;0.10742;0.11719;0.12695;0.13672;0.14648;0.15625;0.16602;0.17578;0.18555;0.19531;0.20508;0.21484;0.22461;0.23438;0.24414;0.25391;0.26367;0.27344;0.2832;0.29297;0.30273;0.3125;0.32227;0.33203;0.3418;0.35156;0.36133;0.37109;0.38086;0.39063;0.40039;0.41016;0.41992;0.42969;0.43945;0.44922;0.45898;0.46875;0.47852;0.48828;0.49805;0.50781;0.51758;0.52734;0.53711;0.54688;0.55664;0.56641;0.57617;0.58594;0.5957;0.60547;0.61523;0.625;0.63477;0.64453;0.6543;0.66406;0.67383;0.68359;0.69336;0.70313;0.71289;0.72266;0.73242;0.74219;0.75195;0.76172;0.77148;0.78125;0.79102,0.000776192;0.0027095039999999997;0.00225792;0.003707904;0.020446208;0.033746943999999994;0.021096448;0.020767743999999998;0.017463296;0.016008192;0.018048;0.014809088;0.010902528;0.003620864;0.0023347199999999998;0.002274304;0.001696768;0.001878016;0.0022323200000000003;0.00588288;0.006793216;0.009339904000000001;0.010307584000000002;0.0075745280000000005;0.009503743999999998;0.013616128;0.014184448;0.013470719999999999;0.016402432;0.019341312;0.014925824;0.017082367999999997;0.027403264;0.028261376;0.023995392;0.023849984;0.0155392;0.00979968;0.008612864;0.009427968;0.008466432;0.006811648;0.007846912;0.007292928;0.003940352;0.0041113600000000005;0.004924416;0.00419328;0.003917824;0.004081664;0.004130816000000001;0.0038000639999999997;0.003720192;0.0029409279999999998;0.003538944;0.0026480640000000003;0.001457152;0.0011007999999999999;0.001306624;0.0015063040000000002;0.0011837439999999998;0.000913408;0.00115712;0.0013783040000000001;0.001286144;0.0012646399999999998;0.001174528;0.0007925759999999999;0.0009625599999999999;0.000840704;0.00090624;0.001015808;0.000763904;0.00068096;0.0005959680000000001;0.0007976959999999999;0.000795648;0.00035328;0.000551936
1778707800,hdr,0.0293;0.03906;0.04883;0.05859;0.06836;0.07813;0.08789;0.09766;0.10742;0.11719;0.12695;0.13672;0.14648;0.15625;0.16602;0.17578;0.18555;0.19531;0.20508;0.21484;0.22461;0.23438;0.24414;0.25391;0.26367;0.27344;0.2832;0.29297;0.30273;0.3125;0.32227;0.33203;0.3418;0.35156;0.36133;0.37109;0.38086;0.39063;0.40039;0.41016;0.41992;0.42969;0.43945;0.44922;0.45898;0.46875;0.47852;0.48828;0.49805;0.50781;0.51758;0.52734;0.53711;0.54688;0.55664;0.56641;0.57617;0.58594;0.5957;0.60547;0.61523;0.625;0.63477;0.64453;0.6543;0.66406;0.67383;0.68359;0.69336;0.70313;0.71289;0.72266;0.73242;0.74219;0.75195;0.76172;0.77148;0.78125;0.79102,9.4208e-05;0.003311616;0.003278848;0.0028876799999999997;0.014974976000000001;0.027310079999999997;0.01553408;0.014430208;0.015588352000000001;0.013474816;0.01428992;0.014594048;0.012107776;0.006787072;0.002300928;0.000984064;0.00116224;0.0032337920000000005;0.003554304;0.003365888;0.008445952;0.012959744;0.016216064;0.019539967999999998;0.015466496;0.010872832;0.01492992;0.022280192;0.01613312;0.01357824;0.015666176;0.017051648000000003;0.02721792;0.036734976;0.019437568;0.01095168;0.01063936;0.007753728;0.008614912;0.0074926079999999996;0.009991168;0.007479295999999999;0.006697984000000001;0.0067205120000000005;0.005458943999999999;0.004083712000000001;0.004004864;0.003533824;0.002287616;0.0027842559999999997;0.0028129279999999997;0.002451456;0.002630656;0.002705408;0.002409472;0.00318464;0.0021626880000000003;0.001426432;0.001312768;0.0012994559999999998;0.0015851519999999998;0.001968128;0.0019394560000000002;0.001789952;0.001907712;0.0018800639999999999;0.001227776;0.0012247039999999999;0.001168384;0.0007936;0.000679936;0.00098816;0.000900096;0.0009297919999999999;0.0009318400000000001;0.000772096;0.0006225919999999999;0.000646144;0.00047206399999999996
1778708700,hdr,0.0293;0.03906;0.04883;0.05859;0.06836;0.07813;0.08789;0.09766;0.10742;0.11719;0.12695;0.13672;0.14648;0.15625;0.16602;0.17578;0.18555;0.19531;0.20508;0.21484;0.22461;0.23438;0.24414;0.25391;0.26367;0.27344;0.2832;0.29297;0.30273;0.3125;0.32227;0.33203;0.3418;0.35156;0.36133;0.37109;0.38086;0.39063;0.40039;0.41016;0.41992;0.42969;0.43945;0.44922;0.45898;0.46875;0.47852;0.48828;0.49805;0.50781;0.51758;0.52734;0.53711;0.54688;0.55664;0.56641;0.57617;0.58594;0.5957;0.60547;0.61523;0.625;0.63477;0.64453;0.6543;0.66406;0.67383;0.68359;0.69336;0.70313;0.71289;0.72266;0.73242;0.74219;0.75195;0.76172;0.77148;0.78125;0.79102,0.002116608;0.0020121600000000003;0.001700864;0.005502976000000001;0.020922368;0.048380928;0.023773184000000003;0.013396991999999998;0.009967616;0.009892864;0.008164352;0.012126208000000001;0.01533952;0.010459136;0.005085184;0.001527808;0.00182272;0.00285184;0.004563968;0.005188608;0.007065599999999999;0.010728448;0.013324287999999998;0.017805312;0.019014655999999998;0.016120832;0.015411199999999998;0.015145984000000001;0.024781824;0.018086912;0.017857536;0.02604544;0.030621696;0.026389503999999998;0.024476672;0.018632704;0.010754047999999999;0.007864320000000001;0.007732224;0.00613888;0.007003135999999999;0.00580608;0.00694784;0.005213184;0.0041492479999999995;0.0037928959999999996;0.003453952;0.003530752;0.004168704;0.00340992;0.0018176000000000002;0.00266752;0.002762752;0.003852288;0.003446784;0.0027893759999999997;0.001338368;0.001199104;0.0014919679999999998;0.0019947520000000002;0.002286592;0.001529856;0.001769472;0.002023424;0.00198656;0.00154624;0.001717248;0.001036288;0.00093696;0.001074176;0.0010373119999999999;0.000871424;0.0007557120000000001;0.00107008;0.000774144;0.00054272;0.0007106559999999999;0.000663552;0.00077312
1778709600,hdr,0.0293;0.03906;0.04883;0.05859;0.06836;0.07813;0.08789;0.09766;0.10742;0.11719;0.12695;0.13672;0.14648;0.15625;0.16602;0.17578;0.18555;0.19531;0.20508;0.21484;0.22461;0.23438;0.24414;0.25391;0.26367;0.27344;0.2832;0.29297;0.30273;0.3125;0.32227;0.33203;0.3418;0.35156;0.36133;0.37109;0.38086;0.39063;0.40039;0.41016;0.41992;0.42969;0.43945;0.44922;0.45898;0.46875;0.47852;0.48828;0.49805;0.50781;0.51758;0.52734;0.53711;0.54688;0.55664;0.56641;0.57617;0.58594;0.5957;0.60547;0.61523;0.625;0.63477;0.64453;0.6543;0.66406;0.67383;0.68359;0.69336;0.70313;0.71289;0.72266;0.73242;0.74219;0.75195;0.76172;0.77148;0.78125;0.79102,0.00122368;0.0029911039999999996;0.001707008;0.003750912;0.0316416;0.047233024;0.0295168;0.017062912;0.014212096000000002;0.018109439999999997;0.020066304;0.016369664;0.014048255999999999;0.007172095999999999;0.0040642560000000005;0.002791424;0.00296448;0.002569216;0.00263168;0.005438464;0.012346368;0.014987263999999998;0.013359104000000002;0.013734912;0.0143104;0.012949503999999999;0.012667904;0.024650752;0.030322687999999997;0.022766592000000002;0.020911104000000003;0.033617919999999996;0.02883072;0.025453568;0.022403072;0.019155968000000002;0.007855104;0.008977408000000001;0.011174912;0.00613888;0.00712704;0.009284608;0.0069222400000000005;0.005326848;0.0036382720000000006;0.003355648;0.0037836799999999998;0.004155392;0.003043328;0.002760704;0.00269824;0.003678208;0.003145728;0.00241152;0.0020254720000000004;0.001676288;0.0019968;0.001636352;0.0015984640000000002;0.0012544;0.001742848;0.00150016;0.00125952;0.00116224;0.000861184;0.0009830400000000001;0.0010496000000000001;0.00065536;0.0007925759999999999;0.000754688;0.000827392;0.00093696;0.000637952;0.000774144;0.000603136;0.00044032;0.00038912;0.00030617599999999996;0.000484352
1778710500,hdr,0.0293;0.03906;0.04883;0.05859;0.06836;0.07813;0.08789;0.09766;0.10742;0.11719;0.12695;0.13672;0.14648;0.15625;0.16602;0.17578;0.18555;0.19531;0.20508;0.21484;0.22461;0.23438;0.24414;0.25391;0.26367;0.27344;0.2832;0.29297;0.30273;0.3125;0.32227;0.33203;0.3418;0.35156;0.36133;0.37109;0.38086;0.39063;0.40039;0.41016;0.41992;0.42969;0.43945;0.44922;0.45898;0.46875;0.47852;0.48828;0.49805;0.50781;0.51758;0.52734;0.53711;0.54688;0.55664;0.56641;0.57617;0.58594;0.5957;0.60547;0.61523;0.625;0.63477;0.64453;0.6543;0.66406;0.67383;0.68359;0.69336;0.70313;0.71289;0.72266;0.73242;0.74219;0.75195;0.76172;0.77148;0.78125;0.79102,0.00274944;0.0026900479999999996;0.005064704;0.00942592;0.022042624;0.057327616000000005;0.04074496;0.01441792;0.005844992;0.007277567999999999;0.019039232;0.021850112;0.015113216;0.006063104000000001;0.0036157439999999997;0.003431424;0.0022712319999999998;0.001860608;0.00262144;0.003277824;0.00914944;0.011118591999999998;0.013908992;0.016379904;0.017975295999999998;0.015792128;0.009606144;0.014239744;0.018491392;0.022662144;0.02454016;0.027930624000000005;0.02985472;0.039216127999999996;0.039963648000000004;0.032596992;0.023964672;0.013514752;0.0074004480000000004;0.007110656;0.006569983999999999;0.00456192;0.00464384;0.005906432;0.006925312;0.0062904319999999994;0.004168704;0.003096576;0.0028538879999999997;0.0036884480000000004;0.004885504;0.0052592640000000005;0.004226048;0.0029655040000000003;0.0017326079999999998;0.0025108480000000004;0.002542592;0.001695744;0.001455104;0.002197504;0.0022640639999999997;0.0017602560000000002;0.0011212799999999999;0.000869376;0.001036288;0.0015513600000000001;0.001503232;0.0011776;0.001281024;0.0012032;0.0010014719999999998;0.0008304639999999999;0.0006891520000000001;0.00057856;0.00044646400000000004;0.000658432;0.00116224;0.0008704;0.00062976
1778711400,hdr,0.0293;0.03906;0.04883;0.05859;0.06836;0.07813;0.08789;0.09766;0.10742;0.11719;0.12695;0.13672;0.14648;0.15625;0.16602;0.17578;0.18555;0.19531;0.20508;0.21484;0.22461;0.23438;0.24414;0.25391;0.26367;0.27344;0.2832;0.29297;0.30273;0.3125;0.32227;0.33203;0.3418;0.35156;0.36133;0.37109;0.38086;0.39063;0.40039;0.41016;0.41992;0.42969;0.43945;0.44922;0.45898;0.46875;0.47852;0.48828;0.49805;0.50781;0.51758;0.52734;0.53711;0.54688;0.55664;0.56641;0.57617;0.58594;0.5957;0.60547;0.61523;0.625;0.63477;0.64453;0.6543;0.66406;0.67383;0.68359;0.69336;0.70313;0.71289;0.72266;0.73242;0.74219;0.75195;0.76172;0.77148;0.78125;0.79102,0.0033955839999999997;0.0009021439999999999;0.0008663039999999999;0.003912704;0.015877119999999998;0.021170176000000002;0.035171328;0.033640447999999996;0.01601536;0.0099328;0.008968192000000002;0.016878592;0.022433792;0.011220992;0.004890624;0.0031334399999999995;0.001903616;0.0033228800000000003;0.0040396799999999995;0.007220224;0.013967359999999998;0.013735935999999999;0.013395968000000001;0.014489599999999998;0.010809343999999999;0.010544128;0.017534975999999997;0.026660864000000003;0.023671807999999996;0.03136512;0.039010303999999996;0.057930752;0.033052672;0.028686336;0.025740288;0.019759104;0.016595968;0.014715904;0.008594431999999999;0.008304639999999999;0.00813056;0.007605247999999999;0.007204863999999999;0.005586944;0.004168704;0.005564415999999999;0.004257792000000001;0.00377856;0.0027432959999999997;0.0036505599999999997;0.003429376;0.0028600319999999998;0.0028395519999999995;0.00226304;0.00234496;0.0017561599999999999;0.001555456;0.00217088;0.002284544;0.0019824639999999998;0.001678336;0.00175104;0.001275904;0.001503232;0.00167424;0.001055744;0.0013209599999999997;0.001082368;0.001002496;0.001542144;0.000949248;0.000888832;0.00068608;0.00077824;0.0007096320000000001;0.0007096320000000001;0.000785408;0.000907264;0.0004986880000000001
1778712300,hdr,0.0293;0.03906;0.04883;0.05859;0.06836;0.07813;0.08789;0.09766;0.10742;0.11719;0.12695;0.13672;0.14648;0.15625;0.16602;0.17578;0.18555;0.19531;0.20508;0.21484;0.22461;0.23438;0.24414;0.25391;0.26367;0.27344;0.2832;0.29297;0.30273;0.3125;0.32227;0.33203;0.3418;0.35156;0.36133;0.37109;0.38086;0.39063;0.40039;0.41016;0.41992;0.42969;0.43945;0.44922;0.45898;0.46875;0.47852;0.48828;0.49805;0.50781;0.51758;0.52734;0.53711;0.54688;0.55664;0.56641;0.57617;0.58594;0.5957;0.60547;0.61523;0.625;0.63477;0.64453;0.6543;0.66406;0.67383;0.68359;0.69336;0.70313;0.71289;0.72266;0.73242;0.74219;0.75195;0.76172;0.77148;0.78125;0.79102,0.008334336000000001;0.009657344000000002;0.0025333760000000004;0.007021568000000001;0.020045824;0.027737088;0.019330048000000002;0.014275584000000001;0.009034751999999998;0.009465856;0.01128448;0.009296896;0.017411072;0.01476608;0.005163008;0.003150848;0.002562048;0.0034027519999999998;0.004728832;0.004841472;0.0048384;0.010785792;0.016044032;0.016427008000000003;0.019900416;0.021330944;0.034866176;0.037295104;0.044490752;0.06339584;0.050039808;0.030283776;0.026102784;0.033063936;0.026118144;0.015998976;0.010510336;0.012904448;0.009397248;0.0073902080000000005;0.007425024;0.007310336000000001;0.007155712000000001;0.005092352;0.004982784;0.004998144;0.006166527999999999;0.0044902399999999995;0.00210944;0.002172928;0.0021227520000000003;0.0033679359999999998;0.004028416;0.00305152;0.003273728;0.0036382720000000006;0.0022968320000000004;0.001933312;0.00160256;0.0018862080000000001;0.0018216959999999998;0.0013639680000000001;0.001086464;0.0009420800000000001;0.0008447999999999999;0.001159168;0.001199104;0.001011712;0.001206272;0.000903168;0.000704512;0.0005703679999999999;0.000468992;0.00042803200000000007;0.0006993920000000001;0.000642048;0.000702464;0.000688128;0.000524288
1778713200,hdr,0.0293;0.03906;0.04883;0.05859;0.06836;0.07813;0.08789;0.09766;0.10742;0.11719;0.12695;0.13672;0.14648;0.15625;0.16602;0.17578;0.18555;0.19531;0.20508;0.21484;0.22461;0.23438;0.24414;0.25391;0.26367;0.27344;0.2832;0.29297;0.30273;0.3125;0.32227;0.33203;0.3418;0.35156;0.36133;0.37109;0.38086;0.39063;0.40039;0.41016;0.41992;0.42969;0.43945;0.44922;0.45898;0.46875;0.47852;0.48828;0.49805;0.50781;0.51758;0.52734;0.53711;0.54688;0.55664;0.56641;0.57617;0.58594;0.5957;0.60547;0.61523;0.625;0.63477;0.64453;0.6543;0.66406;0.67383;0.68359;0.69336;0.70313;0.71289;0.72266;0.73242;0.74219;0.75195;0.76172;0.77148;0.78125;0.79102,0.004073472;0.008457216;0.009001984000000001;0.0041963519999999995;0.008312832000000001;0.014436352;0.011674624;0.01522688;0.011537407999999999;0.009888768;0.00909824;0.013851648000000001;0.022587392;0.024251392;0.007416832;0.0026071040000000003;0.003411968;0.003751936;0.004944896;0.005571584;0.009793536;0.012838912000000001;0.028196864000000002;0.03371520000000001;0.033539072;0.051929088000000005;0.060832768;0.042176512;0.042064896;0.06647910400000001;0.062829568;0.061477888;0.056716288000000004;0.037666816;0.02102272;0.024041471999999998;0.028276736;0.020840448;0.015394816;0.01648128;0.011732992;0.007474175999999999;0.005917696;0.006028288;0.009395200000000001;0.008808448;0.008259584;0.007586816;0.005958656;0.004929536;0.004037632;0.0053442559999999995;0.004498432;0.003291136;0.0040448;0.0038420480000000003;0.0032471040000000002;0.00261632;0.001831936;0.001385472;0.0018135039999999999;0.0017889280000000002;0.001944576;0.0016128;0.0014458880000000002;0.001048576;0.001527808;0.0011233280000000003;0.0007137280000000001;0.000992256;0.001027072;0.0009697280000000001;0.000891904;0.0008304639999999999;0.0006123519999999999;0.00047411199999999995;0.000412672;0.00048127999999999995;0.0005560319999999999
1778714100,hdr,0.0293;0.03906;0.04883;0.05859;0.06836;0.07813;0.08789;0.09766;0.10742;0.11719;0.12695;0.13672;0.14648;0.15625;0.16602;0.17578;0.18555;0.19531;0.20508;0.21484;0.22461;0.23438;0.24414;0.25391;0.26367;0.27344;0.2832;0.29297;0.30273;0.3125;0.32227;0.33203;0.3418;0.35156;0.36133;0.37109;0.38086;0.39063;0.40039;0.41016;0.41992;0.42969;0.43945;0.44922;0.45898;0.46875;0.47852;0.48828;0.49805;0.50781;0.51758;0.52734;0.53711;0.54688;0.55664;0.56641;0.57617;0.58594;0.5957;0.60547;0.61523;0.625;0.63477;0.64453;0.6543;0.66406;0.67383;0.68359;0.69336;0.70313;0.71289;0.72266;0.73242;0.74219;0.75195;0.76172;0.77148;0.78125;0.79102,0.0015185919999999998;0.007840768;0.008739839999999999;0.007810048;0.019894272;0.021010432;0.009816064000000001;0.017233920000000003;0.013805567999999999;0.008909824;0.009189376;0.012816384;0.014854144;0.008706048;0.004941824000000001;0.00275968;0.0026951679999999995;0.002746368;0.004054016;0.01000448;0.020818944;0.024279039999999998;0.03783168;0.054085631999999995;0.062734336;0.087847936;0.09385881600000001;0.099033088;0.096432128;0.08529817599999999;0.068332544;0.059232256000000004;0.066818048;0.070066176;0.043381760000000005;0.026580991999999998;0.018700288;0.023716864;0.015076352000000001;0.012716032;0.010431488;0.011569152;0.010066944;0.007373823999999999;0.005606399999999999;0.005123071999999999;0.006921216;0.005627904;0.005085184;0.006220799999999999;0.004632576;0.00312832;0.002968576;0.00230912;0.0026245120000000003;0.003735552;0.0049008640000000004;0.002803712;0.0017244159999999999;0.0022067199999999997;0.002482176;0.00217088;0.0025610240000000003;0.00200192;0.002364416;0.002011136;0.001212416;0.0008192000000000001;0.001024;0.0012400640000000001;0.001139712;0.0013578239999999999;0.001132544;0.001092608;0.000918528;0.000730112;0.0006973439999999999;0.000648192;0.000736256
1778715000,hdr,0.0293;0.03906;0.04883;0.05859;0.06836;0.07813;0.08789;0.09766;0.10742;0.11719;0.12695;0.13672;0.14648;0.15625;0.16602;0.17578;0.18555;0.19531;0.20508;0.21484;0.22461;0.23438;0.24414;0.25391;0.26367;0.27344;0.2832;0.29297;0.30273;0.3125;0.32227;0.33203;0.3418;0.35156;0.36133;0.37109;0.38086;0.39063;0.40039;0.41016;0.41992;0.42969;0.43945;0.44922;0.45898;0.46875;0.47852;0.48828;0.49805;0.50781;0.51758;0.52734;0.53711;0.54688;0.55664;0.56641;0.57617;0.58594;0.5957;0.60547;0.61523;0.625;0.63477;0.64453;0.6543;0.66406;0.67383;0.68359;0.69336;0.70313;0.71289;0.72266;0.73242;0.74219;0.75195;0.76172;0.77148;0.78125;0.79102,0.002203648;0.01020416;0.012660736;0.009227263999999999;0.01974272;0.050036736;0.05125017600000001;0.020574208;0.007564288000000001;0.010859520000000001;0.013620224;0.018071552;0.013339648;0.009264127999999998;0.006627328;0.004473856;0.003579904;0.003723264;0.009207808000000001;0.015671296;0.022753279999999997;0.035715072;0.044341248;0.09280511999999999;0.146977792;0.167187456;0.128910336;0.101179392;0.089800704;0.082335744;0.082528256;0.078000128;0.060186624;0.041285631999999996;0.028639232;0.033267712;0.016432127999999997;0.017742848;0.010906624000000002;0.014960639999999999;0.015865856;0.010547200000000001;0.008638464;0.005648384;0.006304768;0.006907904;0.006465536;0.0063395840000000005;0.0057344;0.005854208;0.004377600000000001;0.004152319999999999;0.004847616;0.0038082560000000003;0.0033536000000000004;0.0025292799999999996;0.003115008;0.002558976;0.0023838720000000004;0.0029593600000000003;0.0022272;0.001855488;0.0025917439999999996;0.00192;0.0012308479999999999;0.0009768959999999999;0.0011161600000000002;0.0012113920000000002;0.0011284479999999998;0.000922624;0.0012554240000000002;0.0008519679999999999;0.0006000640000000001;0.0005724160000000001;0.00077312;0.000750592;0.000768;0.000840704;0.000745472
1778715900,hdr,0.0293;0.03906;0.04883;0.05859;0.06836;0.07813;0.08789;0.09766;0.10742;0.11719;0.12695;0.13672;0.14648;0.15625;0.16602;0.17578;0.18555;0.19531;0.20508;0.21484;0.22461;0.23438;0.24414;0.25391;0.26367;0.27344;0.2832;0.29297;0.30273;0.3125;0.32227;0.33203;0.3418;0.35156;0.36133;0.37109;0.38086;0.39063;0.40039;0.41016;0.41992;0.42969;0.43945;0.44922;0.45898;0.46875;0.47852;0.48828;0.49805;0.50781;0.51758;0.52734;0.53711;0.54688;0.55664;0.56641;0.57617;0.58594;0.5957;0.60547;0.61523;0.625;0.63477;0.64453;0.6543;0.66406;0.67383;0.68359;0.69336;0.70313;0.71289;0.72266;0.73242;0.74219;0.75195;0.76172;0.77148;0.78125;0.79102,0.00023142399999999999;0.001015808;0.0059136;0.0059740159999999995;0.0199424;0.023261184;0.015166464;0.023343104;0.012815360000000001;0.008358912;0.00534528;0.006634496;0.01613312;0.030194687999999997;0.017883135999999997;0.003390464;0.002707456;0.004158464;0.011091967999999999;0.018154496000000003;0.018478079999999997;0.029906943999999998;0.058719231999999996;0.06042624;0.08304742400000001;0.08614297600000001;0.101121024;0.11483238400000001;0.083299328;0.054130688;0.0254208;0.03409203200000001;0.02413568;0.035111936;0.036880383999999995;0.030164992;0.022883327999999998;0.025189376;0.022649856;0.013524991999999998;0.0132864;0.017123328;0.016422912;0.011445248;0.011076608;0.01150976;0.00886784;0.00942592;0.005666816;0.0049602560000000006;0.006116352;0.006589439999999999;0.005297152;0.0068864;0.0038993920000000002;0.00270336;0.003492864;0.00370688;0.002863104;0.0024330239999999998;0.001927168;0.001626112;0.002177024;0.001746944;0.001229824;0.0017479680000000001;0.002221056;0.001688576;0.000978944;0.00119808;0.0010752000000000001;0.001026048;0.0009318400000000001;0.00082944;0.000842752;0.0010086399999999999;0.000761856;0.00050688;0.00068608
