Epoch Time,Processing Source,f,varianceDensity
1776470400,hdr,0.0293;0.03906;0.04883;0.05859;0.06836;0.07813;0.08789;0.09766;0.10742;0.11719;0.12695;0.13672;0.14648;0.15625;0.16602;0.17578;0.18555;0.19531;0.20508;0.21484;0.22461;0.23438;0.24414;0.25391;0.26367;0.27344;0.2832;0.29297;0.30273;0.3125;0.32227;0.33203;0.3418;0.35156;0.36133;0.37109;0.38086;0.39063;0.40039;0.41016;0.41992;0.42969;0.43945;0.44922;0.45898;0.46875;0.47852;0.48828;0.49805;0.50781;0.51758;0.52734;0.53711;0.54688;0.55664;0.56641;0.57617;0.58594;0.5957;0.60547;0.61523;0.625;0.63477;0.64453;0.6543;0.66406;0.67383;0.68359;0.69336;0.70313;0.71289;0.72266;0.73242;0.74219;0.75195;0.76172;0.77148;0.78125;0.79102,0.00098816;0.0036720640000000005;0.006337536;0.010104832000000001;0.01680384;0.031100928;0.041445376000000006;0.028763135999999998;0.053517312;0.124614656;0.158308352;0.117054464;0.11297075200000001;0.097057792;0.113487872;0.070264832;0.03847065599999999;0.030664704;0.034761728;0.028066815999999998;0.03227136;0.031438848;0.029384703999999998;0.024521728;0.013726720000000001;0.009327616;0.008771584;0.010708992;0.009691136000000001;0.006332416;0.004624384;0.004929536;0.0038871039999999997;0.0024739840000000003;0.002530304;0.00210944;0.002424832;0.00246272;0.00313856;0.001983488;0.001067008;0.0010946560000000003;0.001562624;0.000992256;0.0009441279999999999;0.0012288;0.0008509440000000001;0.001079296;0.0011468799999999999;0.000937984;0.001022976;0.000772096;0.000909312;0.001129472;0.001041408;0.0006021119999999999;0.000692224;0.0006891520000000001;0.0007229440000000001;0.000768;0.000703488;0.000617472;0.000524288;0.000387072;0.000427008;0.00036864000000000005;0.000316416;0.000329728;0.0005232639999999998;0.000444416;0.00023244799999999998;0.000453632;0.000365568;0.00026112;0.00035942400000000006;0.000459776;0.000344064;0.000277504;0.000252928
1776471300,hdr,0.0293;0.03906;0.04883;0.05859;0.06836;0.07813;0.08789;0.09766;0.10742;0.11719;0.12695;0.13672;0.14648;0.15625;0.16602;0.17578;0.18555;0.19531;0.20508;0.21484;0.22461;0.23438;0.24414;0.25391;0.26367;0.27344;0.2832;0.29297;0.30273;0.3125;0.32227;0.33203;0.3418;0.35156;0.36133;0.37109;0.38086;0.39063;0.40039;0.41016;0.41992;0.42969;0.43945;0.44922;0.45898;0.46875;0.47852;0.48828;0.49805;0.50781;0.51758;0.52734;0.53711;0.54688;0.55664;0.56641;0.57617;0.58594;0.5957;0.60547;0.61523;0.625;0.63477;0.64453;0.6543;0.66406;0.67383;0.68359;0.69336;0.70313;0.71289;0.72266;0.73242;0.74219;0.75195;0.76172;0.77148;0.78125;0.79102,0.0023848959999999996;0.003975168;0.005095424;0.0054609920000000005;0.015903743999999997;0.032007168;0.033394688;0.027173888000000004;0.056520704000000005;0.108684288;0.12333772800000001;0.144172032;0.09816678400000002;0.080649216;0.068123648;0.061181952000000005;0.066154496;0.059533312000000005;0.04187136;0.032652288;0.039244799999999996;0.03648;0.029435904000000002;0.040329216;0.029601792000000002;0.014061568;0.012770304;0.01230336;0.009969664000000001;0.008338431999999998;0.006004736;0.0042752;0.00406016;0.003924992;0.0024709120000000005;0.003127296;0.002768896;0.001980416;0.002787328;0.003262464;0.0025374720000000003;0.0015738879999999998;0.0014858240000000002;0.002096128;0.0018237440000000002;0.001062912;0.001035264;0.001376256;0.0015493120000000002;0.001042432;0.0009717759999999999;0.0011151359999999999;0.001306624;0.001021952;0.000990208;0.00143872;0.001184768;0.000992256;0.00064512;0.0005703679999999999;0.00067072;0.000601088;0.0005376000000000001;0.000528384;0.000679936;0.0005888;0.00050688;0.000415744;0.000289792;0.00047718399999999996;0.000360448;0.00026623999999999994;0.000418816;0.00036352;0.000280576;0.000282624;0.000372736;0.000314368;0.00019865600000000002
1776472200,hdr,0.0293;0.03906;0.04883;0.05859;0.06836;0.07813;0.08789;0.09766;0.10742;0.11719;0.12695;0.13672;0.14648;0.15625;0.16602;0.17578;0.18555;0.19531;0.20508;0.21484;0.22461;0.23438;0.24414;0.25391;0.26367;0.27344;0.2832;0.29297;0.30273;0.3125;0.32227;0.33203;0.3418;0.35156;0.36133;0.37109;0.38086;0.39063;0.40039;0.41016;0.41992;0.42969;0.43945;0.44922;0.45898;0.46875;0.47852;0.48828;0.49805;0.50781;0.51758;0.52734;0.53711;0.54688;0.55664;0.56641;0.57617;0.58594;0.5957;0.60547;0.61523;0.625;0.63477;0.64453;0.6543;0.66406;0.67383;0.68359;0.69336;0.70313;0.71289;0.72266;0.73242;0.74219;0.75195;0.76172;0.77148;0.78125;0.79102,0.001232896;0.0055951360000000006;0.007772160000000001;0.009294848;0.01588224;0.013072384;0.023129088;0.070929408;0.085214208;0.11692953599999999;0.111603712;0.09807155199999999;0.105716736;0.07868108800000001;0.13101056;0.113956864;0.071724032;0.04277248;0.028873727999999998;0.033431552;0.035171328;0.039139328;0.04959232;0.043411456;0.027753471999999998;0.016676863999999996;0.010335232;0.006486016000000001;0.005776384;0.007227392;0.00474112;0.004077568;0.005484544;0.003127296;0.0030443519999999997;0.002967552;0.0022067199999999997;0.002650112;0.002807808;0.0025415679999999997;0.002455552;0.003417088;0.004004864;0.00416256;0.0029757440000000002;0.0038656000000000003;0.003892224;0.004066304;0.003642368;0.0020121600000000003;0.000985088;0.0013117439999999999;0.0010813440000000001;0.0010813440000000001;0.001446912;0.001634304;0.00146432;0.001027072;0.00088576;0.0005857280000000001;0.000760832;0.0008386559999999999;0.000743424;0.000671744;0.0005744639999999999;0.000690176;0.000628736;0.00029696;0.000237568;0.000241664;0.000229376;0.000221184;0.00035430400000000006;0.0004352;0.00037376;0.000528384;0.0005847039999999999;0.00040345599999999995;0.000329728
1776473100,hdr,0.0293;0.03906;0.04883;0.05859;0.06836;0.07813;0.08789;0.09766;0.10742;0.11719;0.12695;0.13672;0.14648;0.15625;0.16602;0.17578;0.18555;0.19531;0.20508;0.21484;0.22461;0.23438;0.24414;0.25391;0.26367;0.27344;0.2832;0.29297;0.30273;0.3125;0.32227;0.33203;0.3418;0.35156;0.36133;0.37109;0.38086;0.39063;0.40039;0.41016;0.41992;0.42969;0.43945;0.44922;0.45898;0.46875;0.47852;0.48828;0.49805;0.50781;0.51758;0.52734;0.53711;0.54688;0.55664;0.56641;0.57617;0.58594;0.5957;0.60547;0.61523;0.625;0.63477;0.64453;0.6543;0.66406;0.67383;0.68359;0.69336;0.70313;0.71289;0.72266;0.73242;0.74219;0.75195;0.76172;0.77148;0.78125;0.79102,0.0015656959999999999;0.003076096;0.0031313919999999998;0.0030627840000000003;0.011034624000000002;0.029427711999999998;0.050869248;0.054161408;0.11314687999999999;0.119887872;0.100974592;0.127281152;0.181900288;0.153822208;0.06810316799999999;0.046773247999999996;0.041733120000000005;0.03286528;0.033436672;0.033116160000000006;0.032305152;0.030532608;0.03136512;0.025733119999999998;0.021757952;0.018350079999999998;0.011101184;0.011070464;0.009897983999999999;0.009874432;0.006376448000000001;0.006234112;0.005587968;0.004371456;0.004057088;0.0037693439999999996;0.0051456;0.00388096;0.0030945279999999996;0.002770944;0.00341504;0.004031488000000001;0.0045322240000000005;0.004271104;0.006002688;0.006137856;0.004570112;0.005804032;0.00418304;0.0035287039999999997;0.002579456;0.002944;0.002404352;0.0021360640000000005;0.001286144;0.001645568;0.0013783040000000001;0.000831488;0.0008192000000000001;0.0008089600000000001;0.001036288;0.0010127360000000002;0.000492544;0.000837632;0.001069056;0.0008048640000000001;0.000659456;0.00063488;0.000386048;0.000569344;0.00046489599999999996;0.00033382400000000003;0.000352256;0.00030617599999999996;0.000413696;0.0005632;0.00040243200000000004;0.00047411199999999995;0.000380928
1776474000,hdr,0.0293;0.03906;0.04883;0.05859;0.06836;0.07813;0.08789;0.09766;0.10742;0.11719;0.12695;0.13672;0.14648;0.15625;0.16602;0.17578;0.18555;0.19531;0.20508;0.21484;0.22461;0.23438;0.24414;0.25391;0.26367;0.27344;0.2832;0.29297;0.30273;0.3125;0.32227;0.33203;0.3418;0.35156;0.36133;0.37109;0.38086;0.39063;0.40039;0.41016;0.41992;0.42969;0.43945;0.44922;0.45898;0.46875;0.47852;0.48828;0.49805;0.50781;0.51758;0.52734;0.53711;0.54688;0.55664;0.56641;0.57617;0.58594;0.5957;0.60547;0.61523;0.625;0.63477;0.64453;0.6543;0.66406;0.67383;0.68359;0.69336;0.70313;0.71289;0.72266;0.73242;0.74219;0.75195;0.76172;0.77148;0.78125;0.79102,0.0007495679999999999;0.00301056;0.00560128;0.009131008;0.016562175999999998;0.024713216;0.052736;0.07256064;0.091598848;0.08731238399999999;0.130495488;0.174130176;0.162009088;0.193250304;0.18581504000000001;0.10612224;0.0493056;0.017297408;0.04245503999999999;0.043065344000000005;0.033793024000000005;0.022800384000000003;0.037968896;0.044981248;0.035515392;0.020947968;0.017560576;0.019018752;0.010250239999999999;0.008538111999999999;0.009859072;0.005238784;0.003349504;0.0031856640000000004;0.004099072;0.004992;0.002578432;0.00251904;0.004883456;0.004260864;0.001876992;0.0033167360000000002;0.002719744;0.002615296;0.004001792;0.002799616;0.0032194560000000003;0.003417088;0.003429376;0.004020223999999999;0.0031016959999999997;0.004757504;0.003161088;0.0016097280000000002;0.00150528;0.00159744;0.0014499839999999999;0.001313792;0.002188288;0.001833984;0.00124928;0.000897024;0.000659456;0.000984064;0.001307648;0.001048576;0.0011356159999999999;0.00091136;0.000823296;0.000770048;0.0011448320000000001;0.000802816;0.0007188480000000001;0.0008089600000000001;0.0005632;0.00046592000000000004;0.00040243200000000004;0.000356352;0.000316416
1776474900,hdr,0.0293;0.03906;0.04883;0.05859;0.06836;0.07813;0.08789;0.09766;0.10742;0.11719;0.12695;0.13672;0.14648;0.15625;0.16602;0.17578;0.18555;0.19531;0.20508;0.21484;0.22461;0.23438;0.24414;0.25391;0.26367;0.27344;0.2832;0.29297;0.30273;0.3125;0.32227;0.33203;0.3418;0.35156;0.36133;0.37109;0.38086;0.39063;0.40039;0.41016;0.41992;0.42969;0.43945;0.44922;0.45898;0.46875;0.47852;0.48828;0.49805;0.50781;0.51758;0.52734;0.53711;0.54688;0.55664;0.56641;0.57617;0.58594;0.5957;0.60547;0.61523;0.625;0.63477;0.64453;0.6543;0.66406;0.67383;0.68359;0.69336;0.70313;0.71289;0.72266;0.73242;0.74219;0.75195;0.76172;0.77148;0.78125;0.79102,0.0008355839999999999;0.001814528;0.002910208;0.004557824;0.019173376;0.025136128;0.018217984;0.065069056;0.115221504;0.15535615999999997;0.187677696;0.174353408;0.201854976;0.20169728;0.10787430399999999;0.062217216;0.050735103999999996;0.04904448;0.05300736;0.028475392;0.017189888;0.026297343999999997;0.027117567999999998;0.023824383999999997;0.02168832;0.026452991999999998;0.016319488;0.009923584000000001;0.007880704;0.011139072;0.007779327999999999;0.005442560000000001;0.004593664000000001;0.0051599359999999995;0.004553728;0.005033984;0.0055982079999999995;0.004132864;0.002699264;0.00249344;0.00207872;0.001854464;0.001531904;0.001655808;0.002464768;0.002579456;0.002960384;0.0032337920000000005;0.0018995200000000002;0.0023173119999999998;0.004494335999999999;0.004215808;0.0016906239999999997;0.001915904;0.00266752;0.001987584;0.0017131520000000001;0.001787904;0.00125952;0.000982016;0.0008929280000000001;0.000751616;0.0008519679999999999;0.0008222720000000001;0.00115712;0.00088064;0.0005744639999999999;0.0009441279999999999;0.000666624;0.000611328;0.000623616;0.000385024;0.000626688;0.000816128;0.00045568;0.000375808;0.00033792;0.000282624;0.000356352
1776475800,hdr,0.0293;0.03906;0.04883;0.05859;0.06836;0.07813;0.08789;0.09766;0.10742;0.11719;0.12695;0.13672;0.14648;0.15625;0.16602;0.17578;0.18555;0.19531;0.20508;0.21484;0.22461;0.23438;0.24414;0.25391;0.26367;0.27344;0.2832;0.29297;0.30273;0.3125;0.32227;0.33203;0.3418;0.35156;0.36133;0.37109;0.38086;0.39063;0.40039;0.41016;0.41992;0.42969;0.43945;0.44922;0.45898;0.46875;0.47852;0.48828;0.49805;0.50781;0.51758;0.52734;0.53711;0.54688;0.55664;0.56641;0.57617;0.58594;0.5957;0.60547;0.61523;0.625;0.63477;0.64453;0.6543;0.66406;0.67383;0.68359;0.69336;0.70313;0.71289;0.72266;0.73242;0.74219;0.75195;0.76172;0.77148;0.78125;0.79102,0.000674816;0.0009420800000000001;0.002356224;0.006278144;0.018102272;0.038549504;0.040351744;0.047060991999999996;0.07913574400000001;0.11358924799999999;0.145030144;0.178681856;0.212127744;0.183322624;0.17736806400000002;0.091215872;0.057363456;0.064766976;0.055716864000000005;0.035523584000000004;0.025107455999999997;0.024685567999999998;0.02505216;0.026637312000000003;0.025726976;0.017173504;0.02442752;0.0192512;0.012858368;0.007821312;0.009616384;0.006969344;0.00551424;0.006211584;0.004054016;0.002586624;0.001830912;0.001619968;0.002496512;0.001796096;0.002601984;0.0024576;0.002476032;0.00311808;0.002220032;0.0020582400000000002;0.0019537919999999998;0.001958912;0.002265088;0.00276992;0.0019527680000000001;0.002034688;0.0021370879999999997;0.001447936;0.001540096;0.001472512;0.0016732160000000002;0.001338368;0.000912384;0.00103936;0.000625664;0.000611328;0.000676864;0.001015808;0.00109056;0.000802816;0.000545792;0.0005857280000000001;0.000461824;0.00047206399999999996;0.00041676800000000003;0.0005713920000000001;0.00039423999999999997;0.000283648;0.00047616000000000005;0.0005089280000000001;0.000211968;0.00024576000000000003;0.000543744
1776476700,hdr,0.0293;0.03906;0.04883;0.05859;0.06836;0.07813;0.08789;0.09766;0.10742;0.11719;0.12695;0.13672;0.14648;0.15625;0.16602;0.17578;0.18555;0.19531;0.20508;0.21484;0.22461;0.23438;0.24414;0.25391;0.26367;0.27344;0.2832;0.29297;0.30273;0.3125;0.32227;0.33203;0.3418;0.35156;0.36133;0.37109;0.38086;0.39063;0.40039;0.41016;0.41992;0.42969;0.43945;0.44922;0.45898;0.46875;0.47852;0.48828;0.49805;0.50781;0.51758;0.52734;0.53711;0.54688;0.55664;0.56641;0.57617;0.58594;0.5957;0.60547;0.61523;0.625;0.63477;0.64453;0.6543;0.66406;0.67383;0.68359;0.69336;0.70313;0.71289;0.72266;0.73242;0.74219;0.75195;0.76172;0.77148;0.78125;0.79102,0.000779264;0.0050677759999999995;0.007417856;0.008304639999999999;0.018095104;0.021904384000000002;0.034450432;0.061200384;0.094749696;0.07729971199999999;0.150889472;0.171119616;0.146696192;0.223491072;0.20734464;0.16629452800000002;0.06501376;0.033398784;0.043629568;0.045109248;0.040682496;0.027456512;0.034738176;0.027854848;0.028105728;0.028846080000000003;0.021788672;0.023220224;0.012836864;0.009330688;0.007990272;0.008643584000000001;0.006336512;0.005922816;0.004574208;0.004113408;0.004000768;0.003489792;0.0037990400000000005;0.0031938559999999997;0.0023889920000000004;0.002040832;0.002108416;0.001734656;0.0015964160000000002;0.002659328;0.002159616;0.001905664;0.0026951679999999995;0.0018718720000000001;0.00200192;0.001958912;0.001509376;0.00164864;0.001895424;0.0017018880000000001;0.0012523519999999998;0.0013056;0.001429504;0.000996352;0.0006952960000000001;0.00083968;0.0007495679999999999;0.000852992;0.0008663039999999999;0.0006973439999999999;0.000647168;0.0003328;0.000456704;0.000648192;0.000366592;0.000350208;0.000360448;0.0006604799999999999;0.000490496;0.000277504;0.00034816000000000003;0.000321536;0.00023040000000000002
1776477600,hdr,0.0293;0.03906;0.04883;0.05859;0.06836;0.07813;0.08789;0.09766;0.10742;0.11719;0.12695;0.13672;0.14648;0.15625;0.16602;0.17578;0.18555;0.19531;0.20508;0.21484;0.22461;0.23438;0.24414;0.25391;0.26367;0.27344;0.2832;0.29297;0.30273;0.3125;0.32227;0.33203;0.3418;0.35156;0.36133;0.37109;0.38086;0.39063;0.40039;0.41016;0.41992;0.42969;0.43945;0.44922;0.45898;0.46875;0.47852;0.48828;0.49805;0.50781;0.51758;0.52734;0.53711;0.54688;0.55664;0.56641;0.57617;0.58594;0.5957;0.60547;0.61523;0.625;0.63477;0.64453;0.6543;0.66406;0.67383;0.68359;0.69336;0.70313;0.71289;0.72266;0.73242;0.74219;0.75195;0.76172;0.77148;0.78125;0.79102,0.0010936319999999998;0.005835776;0.007648256;0.004954112;0.02674688;0.03649024;0.03236864;0.049859584;0.07431167999999999;0.0767232;0.094119936;0.18385510400000002;0.22595174399999998;0.15571763200000002;0.096462848;0.10663424;0.081052672;0.057292800000000005;0.048616448;0.036554752;0.039419904000000006;0.03764224;0.024609792;0.029605888;0.023519232;0.026871808;0.014288895999999999;0.007871488000000001;0.005978112;0.005666816;0.006829056;0.005737472;0.004432896;0.004212736;0.00276992;0.003308544;0.003610624;0.002310144;0.002528256;0.002720768;0.00282112;0.0033679359999999998;0.0027402240000000003;0.00154624;0.0011356159999999999;0.001532928;0.001728512;0.0014940160000000001;0.0019886079999999998;0.002577408;0.0025333760000000004;0.0015667199999999997;0.000818176;0.001875968;0.002169856;0.001891328;0.0010946560000000003;0.001078272;0.0011714560000000002;0.00101376;0.000882688;0.000879616;0.0007936;0.00091136;0.000879616;0.000661504;0.000700416;0.000643072;0.0006891520000000001;0.000607232;0.00055296;0.000277504;0.00039628799999999996;0.00037376;0.000269312;0.00024063999999999997;0.00027648;0.00028671999999999997;0.00021913599999999998
1776478500,hdr,0.0293;0.03906;0.04883;0.05859;0.06836;0.07813;0.08789;0.09766;0.10742;0.11719;0.12695;0.13672;0.14648;0.15625;0.16602;0.17578;0.18555;0.19531;0.20508;0.21484;0.22461;0.23438;0.24414;0.25391;0.26367;0.27344;0.2832;0.29297;0.30273;0.3125;0.32227;0.33203;0.3418;0.35156;0.36133;0.37109;0.38086;0.39063;0.40039;0.41016;0.41992;0.42969;0.43945;0.44922;0.45898;0.46875;0.47852;0.48828;0.49805;0.50781;0.51758;0.52734;0.53711;0.54688;0.55664;0.56641;0.57617;0.58594;0.5957;0.60547;0.61523;0.625;0.63477;0.64453;0.6543;0.66406;0.67383;0.68359;0.69336;0.70313;0.71289;0.72266;0.73242;0.74219;0.75195;0.76172;0.77148;0.78125;0.79102,0.000611328;0.002813952;0.003538944;0.00566272;0.014055424;0.025976832000000002;0.031965184;0.04263424;0.086447104;0.0895488;0.17765888;0.16215859200000002;0.1769472;0.177765376;0.07523123200000001;0.07068672;0.043433984;0.047753216;0.059211776;0.054275072;0.028895232;0.031056895999999997;0.03403776;0.034254848000000004;0.023518208000000002;0.017293312;0.0198656;0.022041599999999998;0.015306751999999998;0.00882176;0.00707584;0.005357567999999999;0.0023920639999999997;0.0019824639999999998;0.0023388159999999996;0.0027566080000000002;0.00318464;0.0028917760000000004;0.0025937919999999997;0.002500608;0.003120128;0.002896896;0.001620992;0.002445312;0.002076672;0.002076672;0.0018964479999999998;0.00195072;0.002244608;0.002151424;0.002148352;0.002177024;0.000963584;0.001317888;0.001928192;0.0012625919999999999;0.0011284479999999998;0.0015431680000000001;0.0012308479999999999;0.0014243840000000001;0.00096768;0.0009349119999999999;0.001103872;0.0011919360000000002;0.000786432;0.000723968;0.0010496000000000001;0.000826368;0.000631808;0.0005898240000000001;0.00035430400000000006;0.00047104000000000004;0.00041062399999999995;0.000244736;0.00027136;0.00035532799999999997;0.000284672;0.000391168;0.000331776
1776479400,hdr,0.0293;0.03906;0.04883;0.05859;0.06836;0.07813;0.08789;0.09766;0.10742;0.11719;0.12695;0.13672;0.14648;0.15625;0.16602;0.17578;0.18555;0.19531;0.20508;0.21484;0.22461;0.23438;0.24414;0.25391;0.26367;0.27344;0.2832;0.29297;0.30273;0.3125;0.32227;0.33203;0.3418;0.35156;0.36133;0.37109;0.38086;0.39063;0.40039;0.41016;0.41992;0.42969;0.43945;0.44922;0.45898;0.46875;0.47852;0.48828;0.49805;0.50781;0.51758;0.52734;0.53711;0.54688;0.55664;0.56641;0.57617;0.58594;0.5957;0.60547;0.61523;0.625;0.63477;0.64453;0.6543;0.66406;0.67383;0.68359;0.69336;0.70313;0.71289;0.72266;0.73242;0.74219;0.75195;0.76172;0.77148;0.78125;0.79102,0.000497664;0.0015226880000000001;0.003981312;0.0050524160000000005;0.013196287999999999;0.024701951999999996;0.026022912;0.057155583999999995;0.096023552;0.098516992;0.09354137600000001;0.149937152;0.23972454399999998;0.194292736;0.19903590399999999;0.18230886400000001;0.07188992;0.032016384;0.03379712;0.033168384;0.027389952000000002;0.020763648000000003;0.028060672;0.028713984;0.038610944;0.024231936000000003;0.021673984;0.018968575999999997;0.011820032;0.007748608000000001;0.009245696;0.00932352;0.007779327999999999;0.0033925120000000003;0.003694592;0.005395456;0.003511296;0.0028948479999999998;0.00234496;0.0022353919999999997;0.002532352;0.002412544;0.001657856;0.00198656;0.002322432;0.002441216;0.00134656;0.001959936;0.002491392;0.0023889920000000004;0.002551808;0.0017674240000000003;0.00136704;0.001531904;0.001970176;0.00238592;0.0016609279999999999;0.00119808;0.001286144;0.000638976;0.000970752;0.001312768;0.001393664;0.000978944;0.001107968;0.00087552;0.0006676480000000001;0.0007014399999999999;0.00036352;0.000385024;0.00052736;0.000692224;0.000413696;0.000263168;0.00041472;0.00046080000000000003;0.000264192;0.000319488;0.000205824
1776480300,hdr,0.0293;0.03906;0.04883;0.05859;0.06836;0.07813;0.08789;0.09766;0.10742;0.11719;0.12695;0.13672;0.14648;0.15625;0.16602;0.17578;0.18555;0.19531;0.20508;0.21484;0.22461;0.23438;0.24414;0.25391;0.26367;0.27344;0.2832;0.29297;0.30273;0.3125;0.32227;0.33203;0.3418;0.35156;0.36133;0.37109;0.38086;0.39063;0.40039;0.41016;0.41992;0.42969;0.43945;0.44922;0.45898;0.46875;0.47852;0.48828;0.49805;0.50781;0.51758;0.52734;0.53711;0.54688;0.55664;0.56641;0.57617;0.58594;0.5957;0.60547;0.61523;0.625;0.63477;0.64453;0.6543;0.66406;0.67383;0.68359;0.69336;0.70313;0.71289;0.72266;0.73242;0.74219;0.75195;0.76172;0.77148;0.78125;0.79102,0.0006656;0.0036392959999999998;0.006642688;0.009137152;0.03553792;0.033368063999999996;0.03853824000000001;0.076760064;0.09556787199999998;0.10138624;0.122852352;0.18609766400000002;0.216476672;0.194700288;0.198660096;0.11912294400000001;0.070961152;0.063323136;0.052517888;0.038730752;0.025371648;0.02502144;0.03292057599999999;0.036489216;0.032592896;0.019864576000000002;0.013329408000000001;0.010835968;0.007547903999999999;0.006272;0.007385088;0.006222848;0.006417408;0.0053043199999999995;0.005669888;0.004484096000000001;0.006477823999999999;0.005533696;0.0020981759999999998;0.0024156159999999998;0.0032511999999999997;0.003035136;0.00233984;0.002558976;0.00180224;0.00136704;0.00154624;0.0017858560000000002;0.002045952;0.002700288;0.002316288;0.0020490240000000004;0.0009564160000000001;0.001294336;0.001683456;0.002169856;0.002443264;0.001156096;0.0010373119999999999;0.001502208;0.000889856;0.000897024;0.001091584;0.0010014719999999998;0.000873472;0.00047718399999999996;0.000526336;0.000651264;0.00042803200000000007;0.000429056;0.00041062399999999995;0.0003584;0.000256;0.000210944;0.000248832;0.000251904;0.00034099200000000003;0.00029798400000000005;0.000252928
1776481200,hdr,0.0293;0.03906;0.04883;0.05859;0.06836;0.07813;0.08789;0.09766;0.10742;0.11719;0.12695;0.13672;0.14648;0.15625;0.16602;0.17578;0.18555;0.19531;0.20508;0.21484;0.22461;0.23438;0.24414;0.25391;0.26367;0.27344;0.2832;0.29297;0.30273;0.3125;0.32227;0.33203;0.3418;0.35156;0.36133;0.37109;0.38086;0.39063;0.40039;0.41016;0.41992;0.42969;0.43945;0.44922;0.45898;0.46875;0.47852;0.48828;0.49805;0.50781;0.51758;0.52734;0.53711;0.54688;0.55664;0.56641;0.57617;0.58594;0.5957;0.60547;0.61523;0.625;0.63477;0.64453;0.6543;0.66406;0.67383;0.68359;0.69336;0.70313;0.71289;0.72266;0.73242;0.74219;0.75195;0.76172;0.77148;0.78125;0.79102,0.003303424;0.006361088;0.005185536;0.00435712;0.013435904;0.028247039999999998;0.048991231999999996;0.06768332800000001;0.09123225600000001;0.147639296;0.15307878400000002;0.184137728;0.24922316799999997;0.249893888;0.15305523199999999;0.09393152;0.105988096;0.056470528;0.051422208;0.041388032;0.028273664;0.024269824;0.027611135999999998;0.032457728000000005;0.022565888000000003;0.015386624;0.019228672;0.017564672000000003;0.008460288;0.00764416;0.006895616;0.006218752;0.006472704000000001;0.004185088000000001;0.00494592;0.005394432;0.0038635519999999997;0.003070976;0.00384512;0.0026368000000000003;0.003610624;0.002562048;0.004593664000000001;0.00404992;0.002620416;0.001746944;0.001790976;0.002003968;0.002185216;0.0025937919999999997;0.003282944;0.003001344;0.002460672;0.0021667839999999997;0.0030976;0.0032573439999999997;0.002961408;0.0015964160000000002;0.001101824;0.001586176;0.001425408;0.001186816;0.0008048640000000001;0.000633856;0.000903168;0.000837632;0.000924672;0.000932864;0.000775168;0.000751616;0.00039423999999999997;0.00030412799999999997;0.000499712;0.00025497599999999997;0.00022016;0.000246784;0.00026623999999999994;0.000320512;0.000263168
1776482100,hdr,0.0293;0.03906;0.04883;0.05859;0.06836;0.07813;0.08789;0.09766;0.10742;0.11719;0.12695;0.13672;0.14648;0.15625;0.16602;0.17578;0.18555;0.19531;0.20508;0.21484;0.22461;0.23438;0.24414;0.25391;0.26367;0.27344;0.2832;0.29297;0.30273;0.3125;0.32227;0.33203;0.3418;0.35156;0.36133;0.37109;0.38086;0.39063;0.40039;0.41016;0.41992;0.42969;0.43945;0.44922;0.45898;0.46875;0.47852;0.48828;0.49805;0.50781;0.51758;0.52734;0.53711;0.54688;0.55664;0.56641;0.57617;0.58594;0.5957;0.60547;0.61523;0.625;0.63477;0.64453;0.6543;0.66406;0.67383;0.68359;0.69336;0.70313;0.71289;0.72266;0.73242;0.74219;0.75195;0.76172;0.77148;0.78125;0.79102,0.0018411519999999998;0.009957376;0.011180032000000001;0.009204736000000002;0.013575168;0.020624384;0.039908352;0.040736768;0.044230656;0.083866624;0.09488691199999999;0.125827072;0.169211904;0.203288576;0.1696;0.177024;0.104087552;0.064718848;0.042719231999999996;0.029197312000000003;0.026613759999999997;0.019655680000000002;0.025793536;0.033987583999999994;0.022862847999999998;0.013795327999999999;0.012161024;0.01169408;0.012652544;0.009783296;0.010742784;0.01153024;0.004452352;0.004258816;0.004251648;0.0032511999999999997;0.003633152;0.0041216000000000004;0.0020746239999999997;0.002096128;0.002455552;0.001292288;0.0013690880000000003;0.001634304;0.002712576;0.0026419199999999994;0.002146304;0.0016650240000000002;0.001524736;0.002084864;0.00207872;0.0022661120000000002;0.00131584;0.002113536;0.002210816;0.0023429120000000004;0.0017090559999999998;0.00123392;0.0015165439999999999;0.001683456;0.001752064;0.001548288;0.00115712;0.0006993920000000001;0.000463872;0.001014784;0.000881664;0.00077312;0.000656384;0.0008560640000000001;0.000786432;0.00043724800000000005;0.000316416;0.00039731200000000003;0.000492544;0.000516096;0.00049664;0.00042803200000000007;0.000315392
1776483000,hdr,0.0293;0.03906;0.04883;0.05859;0.06836;0.07813;0.08789;0.09766;0.10742;0.11719;0.12695;0.13672;0.14648;0.15625;0.16602;0.17578;0.18555;0.19531;0.20508;0.21484;0.22461;0.23438;0.24414;0.25391;0.26367;0.27344;0.2832;0.29297;0.30273;0.3125;0.32227;0.33203;0.3418;0.35156;0.36133;0.37109;0.38086;0.39063;0.40039;0.41016;0.41992;0.42969;0.43945;0.44922;0.45898;0.46875;0.47852;0.48828;0.49805;0.50781;0.51758;0.52734;0.53711;0.54688;0.55664;0.56641;0.57617;0.58594;0.5957;0.60547;0.61523;0.625;0.63477;0.64453;0.6543;0.66406;0.67383;0.68359;0.69336;0.70313;0.71289;0.72266;0.73242;0.74219;0.75195;0.76172;0.77148;0.78125;0.79102,0.001462272;0.00345088;0.004818944;0.0074751999999999996;0.016731135999999997;0.024228864000000003;0.036125696;0.039645184;0.062462975999999996;0.106628096;0.09214976;0.15692288000000001;0.187416576;0.26267955200000004;0.19790131199999997;0.061599744;0.050609152000000004;0.08438272;0.08045568;0.051269631999999996;0.022555648;0.02843648;0.02830848;0.017755135999999998;0.019447807999999997;0.010991616;0.014010368;0.01888768;0.014419968;0.008543232;0.006858752;0.005829632;0.005943296000000001;0.0049879040000000005;0.006367232;0.00525824;0.0038840320000000004;0.005124096;0.005226496;0.003272704;0.002993152;0.00150016;0.0020756480000000002;0.0021043200000000002;0.001650688;0.001536;0.0023889920000000004;0.0019189760000000002;0.00275456;0.003504128;0.0028549120000000002;0.002910208;0.002845696;0.0017039359999999999;0.00128;0.002464768;0.0022067199999999997;0.002195456;0.00172544;0.001212416;0.0014786559999999999;0.001313792;0.001333248;0.0014592000000000001;0.000950272;0.00052736;0.00047718399999999996;0.00047820800000000004;0.000702464;0.00090112;0.00067584;0.000566272;0.00039628799999999996;0.000319488;0.0005007359999999999;0.00036966399999999996;0.000221184;0.00029286400000000005;0.000316416
1776483900,hdr,0.0293;0.03906;0.04883;0.05859;0.06836;0.07813;0.08789;0.09766;0.10742;0.11719;0.12695;0.13672;0.14648;0.15625;0.16602;0.17578;0.18555;0.19531;0.20508;0.21484;0.22461;0.23438;0.24414;0.25391;0.26367;0.27344;0.2832;0.29297;0.30273;0.3125;0.32227;0.33203;0.3418;0.35156;0.36133;0.37109;0.38086;0.39063;0.40039;0.41016;0.41992;0.42969;0.43945;0.44922;0.45898;0.46875;0.47852;0.48828;0.49805;0.50781;0.51758;0.52734;0.53711;0.54688;0.55664;0.56641;0.57617;0.58594;0.5957;0.60547;0.61523;0.625;0.63477;0.64453;0.6543;0.66406;0.67383;0.68359;0.69336;0.70313;0.71289;0.72266;0.73242;0.74219;0.75195;0.76172;0.77148;0.78125;0.79102,0.000754688;0.003390464;0.005397504;0.004780032;0.009508864;0.020645887999999998;0.035241984000000004;0.05641728;0.085070848;0.100934656;0.154107904;0.14678528;0.18182758400000001;0.20950323199999998;0.16773836800000003;0.085756928;0.06696038400000001;0.06714777599999999;0.050259968;0.01852416;0.01764352;0.031111167999999998;0.026774528;0.021693439999999998;0.012795904;0.012749824;0.01806336;0.015250432000000001;0.011961344;0.009101312;0.004793344;0.00704;0.009338879999999999;0.005458943999999999;0.004588544;0.004744192;0.003889152;0.0033955839999999997;0.0031160320000000004;0.003779584;0.003780608;0.003355648;0.003352576;0.002605056;0.0021360640000000005;0.0017725439999999998;0.0021862400000000003;0.001911808;0.0020172799999999998;0.002300928;0.00177152;0.0015943679999999999;0.002445312;0.001716224;0.0012113920000000002;0.0011151359999999999;0.001091584;0.0011407359999999998;0.001731584;0.001922048;0.0015165439999999999;0.001209344;0.000900096;0.001248256;0.0010199039999999999;0.0011161600000000002;0.001308672;0.000825344;0.000580608;0.00050688;0.000502784;0.000687104;0.000553984;0.000553984;0.000504832;0.00027340799999999994;0.00030208000000000004;0.000284672;0.00043110399999999997
1776484800,hdr,0.0293;0.03906;0.04883;0.05859;0.06836;0.07813;0.08789;0.09766;0.10742;0.11719;0.12695;0.13672;0.14648;0.15625;0.16602;0.17578;0.18555;0.19531;0.20508;0.21484;0.22461;0.23438;0.24414;0.25391;0.26367;0.27344;0.2832;0.29297;0.30273;0.3125;0.32227;0.33203;0.3418;0.35156;0.36133;0.37109;0.38086;0.39063;0.40039;0.41016;0.41992;0.42969;0.43945;0.44922;0.45898;0.46875;0.47852;0.48828;0.49805;0.50781;0.51758;0.52734;0.53711;0.54688;0.55664;0.56641;0.57617;0.58594;0.5957;0.60547;0.61523;0.625;0.63477;0.64453;0.6543;0.66406;0.67383;0.68359;0.69336;0.70313;0.71289;0.72266;0.73242;0.74219;0.75195;0.76172;0.77148;0.78125;0.79102,0.000774144;0.003801088;0.007951360000000001;0.008194048;0.016598016;0.023099392000000003;0.017738752;0.038989824;0.047295488;0.05516697599999999;0.103800832;0.15339519999999998;0.227733504;0.24791961599999998;0.16882687999999998;0.105581568;0.10067456;0.07180697600000001;0.036877312;0.037924864;0.042441728;0.02358784;0.025137152000000003;0.031693824;0.020526080000000002;0.017932288;0.016238592;0.017964031999999998;0.012823552;0.006424576;0.0071167999999999995;0.003605504;0.003642368;0.005302272;0.0050749440000000005;0.0030873599999999995;0.0030289920000000003;0.003858432;0.004286464;0.0025651199999999997;0.004082688;0.003822592;0.003201024;0.00302592;0.002663424;0.0016650240000000002;0.0012451839999999999;0.0013578239999999999;0.0018257920000000001;0.0019169279999999998;0.0014243840000000001;0.00150528;0.00176128;0.00169984;0.001599488;0.001501184;0.001601536;0.001087488;0.001328128;0.0013117439999999999;0.000986112;0.000907264;0.0008366080000000001;0.00119808;0.001307648;0.0009318400000000001;0.0006082559999999999;0.001031168;0.000903168;0.000526336;0.000483328;0.000723968;0.000827392;0.000512;0.0005560319999999999;0.000565248;0.00039219200000000003;0.000497664;0.00047411199999999995
1776485700,hdr,0.0293;0.03906;0.04883;0.05859;0.06836;0.07813;0.08789;0.09766;0.10742;0.11719;0.12695;0.13672;0.14648;0.15625;0.16602;0.17578;0.18555;0.19531;0.20508;0.21484;0.22461;0.23438;0.24414;0.25391;0.26367;0.27344;0.2832;0.29297;0.30273;0.3125;0.32227;0.33203;0.3418;0.35156;0.36133;0.37109;0.38086;0.39063;0.40039;0.41016;0.41992;0.42969;0.43945;0.44922;0.45898;0.46875;0.47852;0.48828;0.49805;0.50781;0.51758;0.52734;0.53711;0.54688;0.55664;0.56641;0.57617;0.58594;0.5957;0.60547;0.61523;0.625;0.63477;0.64453;0.6543;0.66406;0.67383;0.68359;0.69336;0.70313;0.71289;0.72266;0.73242;0.74219;0.75195;0.76172;0.77148;0.78125;0.79102,0.001789952;0.005868544;0.006982656000000001;0.008685568;0.028591104000000003;0.043928576000000004;0.044354559999999994;0.056367104;0.071488512;0.11763712;0.16861183999999999;0.14842060799999998;0.18573824;0.187086848;0.18097664000000002;0.103760896;0.08034508800000001;0.0644352;0.039361536;0.021561343999999996;0.032705536;0.02509312;0.024345600000000002;0.015902720000000002;0.017710080000000003;0.013249536;0.02077696;0.014143488;0.010628096;0.012941312;0.007373823999999999;0.003500032;0.0034990079999999996;0.003767296;0.003315712;0.0043407359999999996;0.0035061759999999997;0.002321408;0.002451456;0.0016732160000000002;0.001503232;0.002205696;0.0032256;0.001755136;0.0012247039999999999;0.0009605120000000001;0.0012247039999999999;0.001435648;0.0013056;0.001488896;0.0016128;0.0014458880000000002;0.0017152;0.0017489920000000002;0.0021248;0.0017889280000000002;0.001056768;0.000816128;0.0009216000000000001;0.000990208;0.00134656;0.0016168960000000003;0.001193984;0.0008447999999999999;0.0006154239999999999;0.0008335360000000001;0.000933888;0.0007280640000000001;0.000802816;0.000854016;0.0006123519999999999;0.000676864;0.000623616;0.000350208;0.000513024;0.000456704;0.00027136;0.000267264;0.000310272
1776486600,hdr,0.0293;0.03906;0.04883;0.05859;0.06836;0.07813;0.08789;0.09766;0.10742;0.11719;0.12695;0.13672;0.14648;0.15625;0.16602;0.17578;0.18555;0.19531;0.20508;0.21484;0.22461;0.23438;0.24414;0.25391;0.26367;0.27344;0.2832;0.29297;0.30273;0.3125;0.32227;0.33203;0.3418;0.35156;0.36133;0.37109;0.38086;0.39063;0.40039;0.41016;0.41992;0.42969;0.43945;0.44922;0.45898;0.46875;0.47852;0.48828;0.49805;0.50781;0.51758;0.52734;0.53711;0.54688;0.55664;0.56641;0.57617;0.58594;0.5957;0.60547;0.61523;0.625;0.63477;0.64453;0.6543;0.66406;0.67383;0.68359;0.69336;0.70313;0.71289;0.72266;0.73242;0.74219;0.75195;0.76172;0.77148;0.78125;0.79102,0.0016384000000000001;0.003974144;0.005914623999999999;0.008786944;0.020369408;0.023298048000000002;0.041739264;0.054660096000000005;0.086555648;0.101505024;0.16006656;0.16590131199999997;0.15817318399999997;0.16460288;0.17533747199999997;0.15845990399999998;0.096434176;0.089055232;0.055330816;0.027710464;0.027234304;0.025385984;0.023484416;0.018721792;0.01931264;0.01571328;0.013182976;0.011867136;0.008892416000000002;0.008000512000000001;0.011900928;0.006938624;0.007703552000000001;0.006238208;0.005634048;0.005935104;0.005428224000000001;0.0035440640000000004;0.002115584;0.002444288;0.0027105280000000002;0.001833984;0.001906688;0.001619968;0.0013148160000000001;0.001212416;0.002399232;0.001451008;0.0013946879999999998;0.00203264;0.0019527680000000001;0.002330624;0.001575936;0.0015114240000000001;0.0010127360000000002;0.001441792;0.0013987840000000001;0.001073152;0.001250304;0.0011007999999999999;0.000913408;0.000770048;0.000704512;0.0011714560000000002;0.0013322240000000001;0.00089088;0.0009256959999999999;0.0006973439999999999;0.0008560640000000001;0.000771072;0.0005632;0.0005898240000000001;0.000751616;0.0008345599999999999;0.00048127999999999995;0.00051712;0.000579584;0.00052224;0.00046796800000000003
1776487500,hdr,0.0293;0.03906;0.04883;0.05859;0.06836;0.07813;0.08789;0.09766;0.10742;0.11719;0.12695;0.13672;0.14648;0.15625;0.16602;0.17578;0.18555;0.19531;0.20508;0.21484;0.22461;0.23438;0.24414;0.25391;0.26367;0.27344;0.2832;0.29297;0.30273;0.3125;0.32227;0.33203;0.3418;0.35156;0.36133;0.37109;0.38086;0.39063;0.40039;0.41016;0.41992;0.42969;0.43945;0.44922;0.45898;0.46875;0.47852;0.48828;0.49805;0.50781;0.51758;0.52734;0.53711;0.54688;0.55664;0.56641;0.57617;0.58594;0.5957;0.60547;0.61523;0.625;0.63477;0.64453;0.6543;0.66406;0.67383;0.68359;0.69336;0.70313;0.71289;0.72266;0.73242;0.74219;0.75195;0.76172;0.77148;0.78125;0.79102,0.0034365439999999997;0.009300992000000001;0.011592704;0.011321343999999999;0.020129791999999997;0.037855232;0.026820608;0.048944127999999996;0.049777664000000006;0.068759552;0.079578112;0.09205452800000001;0.19023257600000001;0.146701312;0.19881574400000002;0.234399744;0.09410048000000001;0.043748352;0.034500608;0.032873472;0.032652288;0.023201792000000002;0.023258112;0.0216576;0.026733568000000003;0.022311935999999997;0.013651968;0.01318912;0.012756992;0.007119872;0.006059008000000001;0.005289983999999999;0.00334848;0.004373504;0.003820544;0.004775936;0.004267008;0.003313664;0.002138112;0.0013475839999999998;0.0025333760000000004;0.003565568;0.003822592;0.002692096;0.001830912;0.001687552;0.001601536;0.00143872;0.0010721279999999999;0.00113152;0.0014929920000000003;0.000894976;0.00118272;0.001391616;0.001626112;0.001933312;0.0013568;0.001166336;0.0012369920000000001;0.0009216000000000001;0.0005918719999999999;0.0005836799999999999;0.000963584;0.001388544;0.0011601919999999998;0.0009748480000000001;0.000580608;0.000676864;0.0007086080000000001;0.0005376000000000001;0.000720896;0.000919552;0.0007936;0.000663552;0.0006021119999999999;0.0005099519999999999;0.0007106559999999999;0.0007495679999999999;0.000641024
1776488400,hdr,0.0293;0.03906;0.04883;0.05859;0.06836;0.07813;0.08789;0.09766;0.10742;0.11719;0.12695;0.13672;0.14648;0.15625;0.16602;0.17578;0.18555;0.19531;0.20508;0.21484;0.22461;0.23438;0.24414;0.25391;0.26367;0.27344;0.2832;0.29297;0.30273;0.3125;0.32227;0.33203;0.3418;0.35156;0.36133;0.37109;0.38086;0.39063;0.40039;0.41016;0.41992;0.42969;0.43945;0.44922;0.45898;0.46875;0.47852;0.48828;0.49805;0.50781;0.51758;0.52734;0.53711;0.54688;0.55664;0.56641;0.57617;0.58594;0.5957;0.60547;0.61523;0.625;0.63477;0.64453;0.6543;0.66406;0.67383;0.68359;0.69336;0.70313;0.71289;0.72266;0.73242;0.74219;0.75195;0.76172;0.77148;0.78125;0.79102,0.004032511999999999;0.005496832;0.006084608;0.008213504000000002;0.012990464;0.045479936;0.056223744000000006;0.059536384;0.050279423999999996;0.091047936;0.092996608;0.078487552;0.12013875199999999;0.13395865599999998;0.11681075199999999;0.07389696000000001;0.046717952;0.052248576;0.05660672;0.029107199999999996;0.029116416000000003;0.035296256;0.031308800000000005;0.02074112;0.02504704;0.019822592;0.016799744;0.012427263999999999;0.011338752;0.010343424;0.009038848;0.010345472;0.010099712;0.006417408;0.006135808;0.0045895680000000005;0.0036095999999999997;0.003149824;0.002282496;0.002642944;0.001406976;0.0016936960000000002;0.002666496;0.002748416;0.002689024;0.002226176;0.000879616;0.001652736;0.002086912;0.001974272;0.001452032;0.0013148160000000001;0.001273856;0.000978944;0.001010688;0.000611328;0.000990208;0.0012083200000000001;0.0014745600000000002;0.0014735360000000001;0.001006592;0.0008222720000000001;0.0012666880000000002;0.0014448640000000001;0.001726464;0.001575936;0.0009041920000000001;0.001062912;0.001117184;0.000995328;0.00067584;0.000658432;0.000594944;0.000525312;0.000637952;0.000633856;0.0005007359999999999;0.00030003200000000004;0.0005560319999999999
1776489300,hdr,0.0293;0.03906;0.04883;0.05859;0.06836;0.07813;0.08789;0.09766;0.10742;0.11719;0.12695;0.13672;0.14648;0.15625;0.16602;0.17578;0.18555;0.19531;0.20508;0.21484;0.22461;0.23438;0.24414;0.25391;0.26367;0.27344;0.2832;0.29297;0.30273;0.3125;0.32227;0.33203;0.3418;0.35156;0.36133;0.37109;0.38086;0.39063;0.40039;0.41016;0.41992;0.42969;0.43945;0.44922;0.45898;0.46875;0.47852;0.48828;0.49805;0.50781;0.51758;0.52734;0.53711;0.54688;0.55664;0.56641;0.57617;0.58594;0.5957;0.60547;0.61523;0.625;0.63477;0.64453;0.6543;0.66406;0.67383;0.68359;0.69336;0.70313;0.71289;0.72266;0.73242;0.74219;0.75195;0.76172;0.77148;0.78125;0.79102,0.0024903679999999997;0.003982336;0.003777536;0.008708096;0.022222847999999996;0.029039615999999997;0.019425280000000003;0.032973824;0.062116864;0.065235968;0.101677056;0.162212864;0.333666304;0.296147968;0.16366694399999998;0.155636736;0.071484416;0.042556416;0.037711872;0.029637632;0.03191808;0.01769472;0.034598911999999996;0.020854784;0.017581056;0.014724095999999999;0.010347519999999999;0.00914432;0.008576;0.007478272;0.009358336;0.008993791999999999;0.0057077759999999995;0.005225472;0.00442368;0.003745792;0.0031733760000000003;0.003386368;0.003923968;0.002428928;0.00262144;0.0025415679999999997;0.001734656;0.001581056;0.0012165119999999999;0.001632256;0.00222208;0.001755136;0.0011202559999999998;0.00146944;0.001221632;0.001327104;0.00146432;0.0014929920000000003;0.00171008;0.001743872;0.001345536;0.00116224;0.0012154879999999998;0.001440768;0.00099328;0.00081408;0.0009400319999999999;0.0007393279999999999;0.000982016;0.000893952;0.0007557120000000001;0.000631808;0.000887808;0.0008089600000000001;0.00070656;0.0009400319999999999;0.0008867839999999999;0.0008765439999999999;0.00047820800000000004;0.000442368;0.000549888;0.000468992;0.000463872
1776490200,hdr,0.0293;0.03906;0.04883;0.05859;0.06836;0.07813;0.08789;0.09766;0.10742;0.11719;0.12695;0.13672;0.14648;0.15625;0.16602;0.17578;0.18555;0.19531;0.20508;0.21484;0.22461;0.23438;0.24414;0.25391;0.26367;0.27344;0.2832;0.29297;0.30273;0.3125;0.32227;0.33203;0.3418;0.35156;0.36133;0.37109;0.38086;0.39063;0.40039;0.41016;0.41992;0.42969;0.43945;0.44922;0.45898;0.46875;0.47852;0.48828;0.49805;0.50781;0.51758;0.52734;0.53711;0.54688;0.55664;0.56641;0.57617;0.58594;0.5957;0.60547;0.61523;0.625;0.63477;0.64453;0.6543;0.66406;0.67383;0.68359;0.69336;0.70313;0.71289;0.72266;0.73242;0.74219;0.75195;0.76172;0.77148;0.78125;0.79102,0.001637376;0.004327424;0.008001536;0.014523392;0.023404544000000003;0.03236864;0.051049472;0.051613695999999994;0.056943616;0.07793664;0.18357964799999998;0.147260416;0.130535424;0.120681472;0.165076992;0.170343424;0.089547776;0.06291865599999999;0.050869248;0.04311654399999999;0.034649087999999995;0.018074624;0.019861504000000002;0.02585088;0.015448064000000001;0.0075970560000000005;0.010539008000000002;0.008357888;0.0070123519999999995;0.008573952000000001;0.007322624;0.0056330239999999995;0.005378048;0.006198272;0.004968448;0.002605056;0.002547712;0.00152576;0.0021227520000000003;0.0027013120000000004;0.0021985280000000004;0.002151424;0.0014172160000000002;0.001814528;0.001692672;0.001217536;0.0011366400000000002;0.0013322240000000001;0.0012687360000000001;0.001508352;0.0015656959999999999;0.001414144;0.0018974719999999999;0.001431552;0.0009584639999999999;0.000795648;0.000861184;0.0009748480000000001;0.000652288;0.001395712;0.001401856;0.0008192000000000001;0.001038336;0.0009758719999999999;0.000823296;0.0009830400000000001;0.0009359360000000001;0.001024;0.0009615359999999999;0.0007772160000000001;0.000494592;0.000512;0.000544768;0.000580608;0.000687104;0.000774144;0.0008069119999999999;0.000805888;0.000544768
1776491100,hdr,0.0293;0.03906;0.04883;0.05859;0.06836;0.07813;0.08789;0.09766;0.10742;0.11719;0.12695;0.13672;0.14648;0.15625;0.16602;0.17578;0.18555;0.19531;0.20508;0.21484;0.22461;0.23438;0.24414;0.25391;0.26367;0.27344;0.2832;0.29297;0.30273;0.3125;0.32227;0.33203;0.3418;0.35156;0.36133;0.37109;0.38086;0.39063;0.40039;0.41016;0.41992;0.42969;0.43945;0.44922;0.45898;0.46875;0.47852;0.48828;0.49805;0.50781;0.51758;0.52734;0.53711;0.54688;0.55664;0.56641;0.57617;0.58594;0.5957;0.60547;0.61523;0.625;0.63477;0.64453;0.6543;0.66406;0.67383;0.68359;0.69336;0.70313;0.71289;0.72266;0.73242;0.74219;0.75195;0.76172;0.77148;0.78125;0.79102,0.001063936;0.002302976;0.003733504;0.0062924800000000005;0.01195008;0.023610368000000003;0.034309120000000005;0.060951552;0.095041536;0.08617369600000001;0.105802752;0.14270873599999997;0.202469376;0.139337728;0.094596096;0.069733376;0.073389056;0.04708352;0.052327424;0.061536256000000004;0.035617792;0.027743232;0.021141504000000002;0.023757824;0.021049344;0.012901376;0.010633216;0.008710144;0.008906751999999999;0.008627200000000002;0.006263808;0.0038993920000000002;0.002953216;0.004234239999999999;0.0050401280000000005;0.005813247999999999;0.004687871999999999;0.0043407359999999996;0.003231744;0.001513472;0.002535424;0.001985536;0.0019128320000000002;0.0010475520000000002;0.000932864;0.0012953600000000002;0.0011632640000000002;0.000825344;0.0009420800000000001;0.001159168;0.001452032;0.000917504;0.000823296;0.000641024;0.000823296;0.001527808;0.001288192;0.0008591359999999999;0.001062912;0.0012523519999999998;0.0016435199999999999;0.001050624;0.0009461760000000001;0.00107008;0.0009564160000000001;0.00067072;0.0005560319999999999;0.00040550399999999994;0.000390144;0.000692224;0.000913408;0.000740352;0.000388096;0.0005406720000000001;0.00041472;0.0004986880000000001;0.000448512;0.000268288;0.000365568
1776492000,hdr,0.0293;0.03906;0.04883;0.05859;0.06836;0.07813;0.08789;0.09766;0.10742;0.11719;0.12695;0.13672;0.14648;0.15625;0.16602;0.17578;0.18555;0.19531;0.20508;0.21484;0.22461;0.23438;0.24414;0.25391;0.26367;0.27344;0.2832;0.29297;0.30273;0.3125;0.32227;0.33203;0.3418;0.35156;0.36133;0.37109;0.38086;0.39063;0.40039;0.41016;0.41992;0.42969;0.43945;0.44922;0.45898;0.46875;0.47852;0.48828;0.49805;0.50781;0.51758;0.52734;0.53711;0.54688;0.55664;0.56641;0.57617;0.58594;0.5957;0.60547;0.61523;0.625;0.63477;0.64453;0.6543;0.66406;0.67383;0.68359;0.69336;0.70313;0.71289;0.72266;0.73242;0.74219;0.75195;0.76172;0.77148;0.78125;0.79102,0.002164736;0.007269376;0.012454912;0.0065218559999999995;0.023112704;0.033197056;0.036534272000000007;0.047712255999999995;0.06585344;0.07662796799999999;0.13248;0.162666496;0.140367872;0.16820019199999997;0.169325568;0.125594624;0.066262016;0.038683648;0.04319232;0.033659904;0.022053888;0.018066432;0.017168384;0.012581888;0.015570944000000001;0.016576512;0.015927296;0.014830591999999998;0.012923904;0.009894912;0.007322624;0.004672512;0.002849792;0.002768896;0.002850816;0.002535424;0.002676736;0.0026941440000000003;0.003079168;0.00385536;0.003286016;0.002568192;0.0019517439999999998;0.000978944;0.00091648;0.000857088;0.001058816;0.001483776;0.001101824;0.000949248;0.0008366080000000001;0.0007352319999999999;0.000779264;0.000483328;0.0005847039999999999;0.0006574080000000001;0.000738304;0.000544768;0.0005416959999999999;0.0008560640000000001;0.00084992;0.000507904;0.0005304320000000001;0.0006932479999999999;0.0008151040000000001;0.0006041600000000001;0.00040243200000000004;0.000376832;0.000516096;0.000611328;0.00075776;0.00043315199999999996;0.00023552000000000002;0.000272384;0.000371712;0.000502784;0.00024063999999999997;0.00040345599999999995;0.000381952
1776492900,hdr,0.0293;0.03906;0.04883;0.05859;0.06836;0.07813;0.08789;0.09766;0.10742;0.11719;0.12695;0.13672;0.14648;0.15625;0.16602;0.17578;0.18555;0.19531;0.20508;0.21484;0.22461;0.23438;0.24414;0.25391;0.26367;0.27344;0.2832;0.29297;0.30273;0.3125;0.32227;0.33203;0.3418;0.35156;0.36133;0.37109;0.38086;0.39063;0.40039;0.41016;0.41992;0.42969;0.43945;0.44922;0.45898;0.46875;0.47852;0.48828;0.49805;0.50781;0.51758;0.52734;0.53711;0.54688;0.55664;0.56641;0.57617;0.58594;0.5957;0.60547;0.61523;0.625;0.63477;0.64453;0.6543;0.66406;0.67383;0.68359;0.69336;0.70313;0.71289;0.72266;0.73242;0.74219;0.75195;0.76172;0.77148;0.78125;0.79102,0.002164736;0.006848512000000001;0.006998015999999999;0.010627072;0.022870016;0.020470784;0.04141568;0.06329856;0.069947392;0.076975104;0.093293568;0.148560896;0.142098432;0.131712;0.09301094399999998;0.062242816;0.050509824;0.049328128;0.052179968;0.04428083199999999;0.022818816000000002;0.019275776;0.020983808;0.016664576;0.017635328000000002;0.02015232;0.016193536;0.010973183999999999;0.00978944;0.010642431999999999;0.008656895999999999;0.006047744;0.006837248;0.006734848;0.0042414079999999995;0.0036433919999999996;0.003765248;0.002287616;0.0028088320000000003;0.003268608;0.0017326079999999998;0.001574912;0.001533952;0.0016773119999999998;0.001789952;0.001337344;0.001217536;0.0015544320000000001;0.001420288;0.0007936;0.000802816;0.001099776;0.000780288;0.000644096;0.0006144;0.00072704;0.000734208;0.0009758719999999999;0.00098816;0.0006778880000000001;0.0005324799999999999;0.000789504;0.000620544;0.000451584;0.000401408;0.00046796800000000003;0.000529408;0.000352256;0.000320512;0.00047820800000000004;0.00048127999999999995;0.00031232;0.00046796800000000003;0.000344064;0.000324608;0.00036352;0.000318464;0.000388096;0.000310272
1776493800,hdr,0.0293;0.03906;0.04883;0.05859;0.06836;0.07813;0.08789;0.09766;0.10742;0.11719;0.12695;0.13672;0.14648;0.15625;0.16602;0.17578;0.18555;0.19531;0.20508;0.21484;0.22461;0.23438;0.24414;0.25391;0.26367;0.27344;0.2832;0.29297;0.30273;0.3125;0.32227;0.33203;0.3418;0.35156;0.36133;0.37109;0.38086;0.39063;0.40039;0.41016;0.41992;0.42969;0.43945;0.44922;0.45898;0.46875;0.47852;0.48828;0.49805;0.50781;0.51758;0.52734;0.53711;0.54688;0.55664;0.56641;0.57617;0.58594;0.5957;0.60547;0.61523;0.625;0.63477;0.64453;0.6543;0.66406;0.67383;0.68359;0.69336;0.70313;0.71289;0.72266;0.73242;0.74219;0.75195;0.76172;0.77148;0.78125;0.79102,0.0048660479999999996;0.008737792000000001;0.011741184000000002;0.01425408;0.023615487999999997;0.023980032000000002;0.03778048;0.06683238400000001;0.0571648;0.042012672;0.095387648;0.12023398400000002;0.15693004800000002;0.198923264;0.148625408;0.07852031999999999;0.076274688;0.058073087999999995;0.049024;0.042036224;0.030654464;0.034539520000000004;0.015814656;0.010631168000000002;0.010212352;0.010582016;0.015734783999999998;0.015978496;0.010608639999999999;0.006452224;0.005448704;0.006193152;0.0055582719999999995;0.004093952;0.0025579519999999996;0.0016168960000000003;0.00293888;0.003011584;0.0025978880000000005;0.002944;0.002108416;0.001645568;0.001906688;0.0016250880000000002;0.0013312;0.0013608960000000001;0.00088576;0.000528384;0.0013824;0.001317888;0.000951296;0.0007352319999999999;0.000818176;0.001099776;0.001033216;0.0007280640000000001;0.00090624;0.000391168;0.000557056;0.000603136;0.00047104000000000004;0.00046796800000000003;0.000662528;0.00062464;0.0006778880000000001;0.000672768;0.0007352319999999999;0.0009041920000000001;0.0009738240000000001;0.0007884799999999999;0.00043315199999999996;0.000432128;0.000529408;0.000603136;0.0005847039999999999;0.0004884479999999999;0.00046592000000000004;0.000607232;0.0007106559999999999
1776494700,hdr,0.0293;0.03906;0.04883;0.05859;0.06836;0.07813;0.08789;0.09766;0.10742;0.11719;0.12695;0.13672;0.14648;0.15625;0.16602;0.17578;0.18555;0.19531;0.20508;0.21484;0.22461;0.23438;0.24414;0.25391;0.26367;0.27344;0.2832;0.29297;0.30273;0.3125;0.32227;0.33203;0.3418;0.35156;0.36133;0.37109;0.38086;0.39063;0.40039;0.41016;0.41992;0.42969;0.43945;0.44922;0.45898;0.46875;0.47852;0.48828;0.49805;0.50781;0.51758;0.52734;0.53711;0.54688;0.55664;0.56641;0.57617;0.58594;0.5957;0.60547;0.61523;0.625;0.63477;0.64453;0.6543;0.66406;0.67383;0.68359;0.69336;0.70313;0.71289;0.72266;0.73242;0.74219;0.75195;0.76172;0.77148;0.78125;0.79102,0.0005959680000000001;0.007222272;0.009175039999999999;0.005131264;0.012284928;0.019938304;0.039492608;0.040119296;0.043181055999999995;0.066574336;0.104373248;0.162033664;0.173677568;0.15017881600000002;0.12451328;0.09616076800000001;0.057807872;0.038955008;0.025826304;0.024864768;0.023219200000000002;0.013276160000000002;0.009840640000000001;0.011247616;0.008392703999999999;0.009886720000000002;0.006593536;0.005449728;0.006344704;0.006272;0.003997696;0.002699264;0.004072447999999999;0.005745664;0.003447808;0.003076096;0.002107392;0.001805312;0.0018042879999999998;0.002873344;0.00285696;0.0019496960000000001;0.002655232;0.002915328;0.0017356799999999999;0.001759232;0.0014653440000000002;0.0013864959999999999;0.00097792;0.00092672;0.0017192959999999997;0.00115712;0.001006592;0.0009256959999999999;0.0005478400000000001;0.000538624;0.0006696959999999999;0.000613376;0.0007352319999999999;0.000617472;0.000415744;0.000412672;0.00037888;0.00039628799999999996;0.000544768;0.0008509440000000001;0.001057792;0.000651264;0.000503808;0.000567296;0.0004956159999999999;0.00047308800000000003;0.000323584;0.000385024;0.000553984;0.0005089280000000001;0.000277504;0.00040960000000000004;0.000427008
1776495600,hdr,0.0293;0.03906;0.04883;0.05859;0.06836;0.07813;0.08789;0.09766;0.10742;0.11719;0.12695;0.13672;0.14648;0.15625;0.16602;0.17578;0.18555;0.19531;0.20508;0.21484;0.22461;0.23438;0.24414;0.25391;0.26367;0.27344;0.2832;0.29297;0.30273;0.3125;0.32227;0.33203;0.3418;0.35156;0.36133;0.37109;0.38086;0.39063;0.40039;0.41016;0.41992;0.42969;0.43945;0.44922;0.45898;0.46875;0.47852;0.48828;0.49805;0.50781;0.51758;0.52734;0.53711;0.54688;0.55664;0.56641;0.57617;0.58594;0.5957;0.60547;0.61523;0.625;0.63477;0.64453;0.6543;0.66406;0.67383;0.68359;0.69336;0.70313;0.71289;0.72266;0.73242;0.74219;0.75195;0.76172;0.77148;0.78125;0.79102,0.001583104;0.003245056;0.0058019840000000005;0.006575103999999999;0.02365952;0.040303615999999994;0.058769407999999995;0.069610496;0.04443955199999999;0.07318016000000001;0.093105152;0.09456128;0.13762355199999998;0.11945676799999999;0.07472025600000001;0.06433177600000001;0.038321152;0.023547903999999998;0.021525504;0.027194368000000003;0.022531072;0.014703616;0.017716224000000003;0.017830912;0.014685183999999999;0.008717312;0.006398976000000001;0.00662528;0.0071884800000000006;0.006754304;0.005139456;0.0066682880000000005;0.006041599999999999;0.005810176;0.004431872;0.0024391680000000002;0.001721344;0.002304;0.0019128320000000002;0.0019947520000000002;0.0017623040000000001;0.0018636800000000002;0.002243584;0.0019128320000000002;0.0014878720000000001;0.001477632;0.001234944;0.000662528;0.000878592;0.000992256;0.0007055360000000001;0.000557056;0.00046592000000000004;0.0006850560000000001;0.0008048640000000001;0.000979968;0.0010250239999999998;0.000879616;0.001043456;0.000776192;0.000750592;0.0005888;0.000549888;0.000772096;0.0005713920000000001;0.000626688;0.00047308800000000003;0.0005683200000000001;0.000579584;0.00041062399999999995;0.000475136;0.0006277120000000001;0.00047616000000000005;0.000400384;0.000329728;0.0003328;0.00040550399999999994;0.000386048;0.00041062399999999995
1776496500,hdr,0.0293;0.03906;0.04883;0.05859;0.06836;0.07813;0.08789;0.09766;0.10742;0.11719;0.12695;0.13672;0.14648;0.15625;0.16602;0.17578;0.18555;0.19531;0.20508;0.21484;0.22461;0.23438;0.24414;0.25391;0.26367;0.27344;0.2832;0.29297;0.30273;0.3125;0.32227;0.33203;0.3418;0.35156;0.36133;0.37109;0.38086;0.39063;0.40039;0.41016;0.41992;0.42969;0.43945;0.44922;0.45898;0.46875;0.47852;0.48828;0.49805;0.50781;0.51758;0.52734;0.53711;0.54688;0.55664;0.56641;0.57617;0.58594;0.5957;0.60547;0.61523;0.625;0.63477;0.64453;0.6543;0.66406;0.67383;0.68359;0.69336;0.70313;0.71289;0.72266;0.73242;0.74219;0.75195;0.76172;0.77148;0.78125;0.79102,0.002418688;0.009271296;0.013315072;0.005587968;0.01100288;0.027372544000000002;0.04610048;0.04375552;0.060997632;0.08888217600000001;0.071799808;0.135472128;0.104681472;0.07163903999999999;0.07284428800000001;0.068373504;0.05718630399999999;0.047491072;0.042662912;0.028282879999999996;0.014702591999999999;0.014162944;0.017956864;0.010942464;0.009106432000000001;0.012346368;0.00849408;0.008682496000000001;0.00606208;0.005851136000000001;0.004518912;0.002199552;0.003245056;0.002902016;0.002688;0.002581504;0.002476032;0.001626112;0.001770496;0.0023592960000000003;0.001664;0.001878016;0.00192;0.001129472;0.0009943039999999999;0.0016168960000000003;0.0006963200000000001;0.000723968;0.000649216;0.0009021439999999999;0.001077248;0.00088576;0.0005836799999999999;0.0005632;0.0004986880000000001;0.000805888;0.001333248;0.000759808;0.0007464960000000001;0.000861184;0.000888832;0.000603136;0.000485376;0.00039219200000000003;0.000505856;0.000753664;0.000882688;0.000507904;0.0007137280000000001;0.0006154239999999999;0.00047308800000000003;0.000536576;0.00048025600000000003;0.00047718399999999996;0.0004986880000000001;0.000325632;0.000282624;0.00042598399999999997;0.00046592000000000004
1776497400,hdr,0.0293;0.03906;0.04883;0.05859;0.06836;0.07813;0.08789;0.09766;0.10742;0.11719;0.12695;0.13672;0.14648;0.15625;0.16602;0.17578;0.18555;0.19531;0.20508;0.21484;0.22461;0.23438;0.24414;0.25391;0.26367;0.27344;0.2832;0.29297;0.30273;0.3125;0.32227;0.33203;0.3418;0.35156;0.36133;0.37109;0.38086;0.39063;0.40039;0.41016;0.41992;0.42969;0.43945;0.44922;0.45898;0.46875;0.47852;0.48828;0.49805;0.50781;0.51758;0.52734;0.53711;0.54688;0.55664;0.56641;0.57617;0.58594;0.5957;0.60547;0.61523;0.625;0.63477;0.64453;0.6543;0.66406;0.67383;0.68359;0.69336;0.70313;0.71289;0.72266;0.73242;0.74219;0.75195;0.76172;0.77148;0.78125;0.79102,0.001528832;0.00324096;0.004022272;0.005858304;0.013733888000000001;0.041870336;0.042423296;0.042087424;0.081383424;0.12263731199999998;0.09522790399999999;0.117164032;0.14265446399999998;0.15137689599999998;0.092519424;0.065415168;0.065603584;0.09491148800000002;0.071092224;0.030022656;0.026999808;0.021936128;0.014974976000000001;0.010095616;0.01344512;0.014198783999999999;0.011862016000000001;0.010929152;0.005337087999999999;0.0047339520000000005;0.004366336;0.0029839359999999995;0.0037765119999999997;0.004688896;0.002776064;0.001742848;0.002453504;0.0022978559999999996;0.001754112;0.002306048;0.001800192;0.001234944;0.001531904;0.001523712;0.001174528;0.001063936;0.001006592;0.000909312;0.0006092800000000001;0.000529408;0.00109056;0.0014336;0.001533952;0.0017725439999999998;0.0015953919999999997;0.000922624;0.0010291200000000001;0.00103424;0.0010014719999999998;0.0009472;0.00090112;0.00123904;0.001041408;0.000982016;0.000828416;0.000630784;0.0007229440000000001;0.0005754880000000001;0.000519168;0.00054272;0.000451584;0.00032768;0.00024780799999999997;0.000229376;0.0002816;0.000264192;0.000318464;0.000493568;0.00040755200000000004
1776498300,hdr,0.0293;0.03906;0.04883;0.05859;0.06836;0.07813;0.08789;0.09766;0.10742;0.11719;0.12695;0.13672;0.14648;0.15625;0.16602;0.17578;0.18555;0.19531;0.20508;0.21484;0.22461;0.23438;0.24414;0.25391;0.26367;0.27344;0.2832;0.29297;0.30273;0.3125;0.32227;0.33203;0.3418;0.35156;0.36133;0.37109;0.38086;0.39063;0.40039;0.41016;0.41992;0.42969;0.43945;0.44922;0.45898;0.46875;0.47852;0.48828;0.49805;0.50781;0.51758;0.52734;0.53711;0.54688;0.55664;0.56641;0.57617;0.58594;0.5957;0.60547;0.61523;0.625;0.63477;0.64453;0.6543;0.66406;0.67383;0.68359;0.69336;0.70313;0.71289;0.72266;0.73242;0.74219;0.75195;0.76172;0.77148;0.78125;0.79102,0.001384448;0.0022476799999999997;0.00307712;0.009186304;0.012862464;0.01875456;0.031683584;0.060486656;0.065656832;0.050081792;0.078327808;0.099561472;0.13309235200000002;0.11936767999999999;0.07300710399999999;0.066040832;0.06214144;0.036890624000000004;0.025038848000000002;0.03544268799999999;0.025315328;0.016581632;0.019507200000000002;0.014256128;0.009632768;0.004926464;0.004799488;0.006519808;0.005830656;0.005640192;0.003958784;0.0031733760000000003;0.002697216;0.002460672;0.0027852800000000002;0.0031559680000000003;0.001799168;0.0019169279999999998;0.0012195840000000001;0.0012441599999999998;0.00091648;0.001143808;0.001513472;0.001271808;0.001226752;0.001563648;0.001241088;0.000879616;0.00046592000000000004;0.000837632;0.000785408;0.00047206399999999996;0.0007843840000000001;0.000953344;0.000817152;0.001009664;0.0009461760000000001;0.000671744;0.000569344;0.00064;0.000592896;0.00037478399999999997;0.00050688;0.000781312;0.00065536;0.000398336;0.00043110399999999997;0.000544768;0.0002816;0.00030412799999999997;0.000284672;0.00029286400000000005;0.00031129599999999997;0.00033792;0.00026521600000000003;0.000244736;0.000178176;0.00022528;0.000251904
1776499200,hdr,0.0293;0.03906;0.04883;0.05859;0.06836;0.07813;0.08789;0.09766;0.10742;0.11719;0.12695;0.13672;0.14648;0.15625;0.16602;0.17578;0.18555;0.19531;0.20508;0.21484;0.22461;0.23438;0.24414;0.25391;0.26367;0.27344;0.2832;0.29297;0.30273;0.3125;0.32227;0.33203;0.3418;0.35156;0.36133;0.37109;0.38086;0.39063;0.40039;0.41016;0.41992;0.42969;0.43945;0.44922;0.45898;0.46875;0.47852;0.48828;0.49805;0.50781;0.51758;0.52734;0.53711;0.54688;0.55664;0.56641;0.57617;0.58594;0.5957;0.60547;0.61523;0.625;0.63477;0.64453;0.6543;0.66406;0.67383;0.68359;0.69336;0.70313;0.71289;0.72266;0.73242;0.74219;0.75195;0.76172;0.77148;0.78125;0.79102,0.0024576;0.005686272;0.004822015999999999;0.007287808;0.020508672000000002;0.022501376;0.030598144;0.047074304;0.07075328;0.064075776;0.083520512;0.12255129599999999;0.12348518400000001;0.07383039999999999;0.075491328;0.065253376;0.051615744;0.039622656000000006;0.02597888;0.023909376;0.01165312;0.011787264;0.010456064000000001;0.010228735999999999;0.006726656;0.006844416;0.005840896;0.004855808;0.004417536;0.003625984;0.004364288000000001;0.00370688;0.00287744;0.0028487680000000002;0.001770496;0.002051072;0.0031242239999999997;0.0027740160000000002;0.002148352;0.001711104;0.0014704639999999999;0.0016179200000000001;0.000723968;0.00067584;0.0008048640000000001;0.00119296;0.001011712;0.001381376;0.0014336;0.000917504;0.0007075839999999999;0.000559104;0.000731136;0.0005857280000000001;0.000857088;0.0006850560000000001;0.000447488;0.000485376;0.000671744;0.00040755200000000004;0.00040755200000000004;0.000525312;0.000533504;0.00030105599999999996;0.00028671999999999997;0.000466944;0.000372736;0.00040243200000000004;0.00030105599999999996;0.000192512;0.000331776;0.000351232;0.000319488;0.000356352;0.00019456;0.000159744;0.00022323200000000002;0.00034099200000000003;0.00036966399999999996
1776500100,hdr,0.0293;0.03906;0.04883;0.05859;0.06836;0.07813;0.08789;0.09766;0.10742;0.11719;0.12695;0.13672;0.14648;0.15625;0.16602;0.17578;0.18555;0.19531;0.20508;0.21484;0.22461;0.23438;0.24414;0.25391;0.26367;0.27344;0.2832;0.29297;0.30273;0.3125;0.32227;0.33203;0.3418;0.35156;0.36133;0.37109;0.38086;0.39063;0.40039;0.41016;0.41992;0.42969;0.43945;0.44922;0.45898;0.46875;0.47852;0.48828;0.49805;0.50781;0.51758;0.52734;0.53711;0.54688;0.55664;0.56641;0.57617;0.58594;0.5957;0.60547;0.61523;0.625;0.63477;0.64453;0.6543;0.66406;0.67383;0.68359;0.69336;0.70313;0.71289;0.72266;0.73242;0.74219;0.75195;0.76172;0.77148;0.78125;0.79102,0.00037478399999999997;0.0011776;0.0025047039999999995;0.009154559999999999;0.019522559999999998;0.025560064;0.024016896;0.039170048000000006;0.037214208;0.054782976;0.07162675199999999;0.08116736;0.07761920000000001;0.070807552;0.062649344;0.043560959999999996;0.023254016;0.014922752;0.015952896;0.016129024000000002;0.011964415999999999;0.010780671999999998;0.013106175999999999;0.009890815999999998;0.010726399999999999;0.006288384;0.0060682240000000005;0.0068679679999999995;0.005588992;0.004737024;0.003456;0.0026112;0.003209216;0.0018411519999999998;0.001184768;0.001580032;0.001913856;0.0017930239999999998;0.0010649599999999998;0.0011120639999999998;0.001327104;0.001794048;0.001000448;0.00097792;0.001209344;0.0013895679999999999;0.00123392;0.001082368;0.00090112;0.000782336;0.00048127999999999995;0.000429056;0.000384;0.000651264;0.000596992;0.00040243200000000004;0.00047718399999999996;0.0006184960000000001;0.000466944;0.000257024;0.000421888;0.000429056;0.000516096;0.000605184;0.000413696;0.000319488;0.00029696;0.00029593599999999995;0.000384;0.000380928;0.000330752;0.000242688;0.000280576;0.000376832;0.000371712;0.000277504;0.000257024;0.00030924800000000003;0.00029593599999999995
1776501000,hdr,0.0293;0.03906;0.04883;0.05859;0.06836;0.07813;0.08789;0.09766;0.10742;0.11719;0.12695;0.13672;0.14648;0.15625;0.16602;0.17578;0.18555;0.19531;0.20508;0.21484;0.22461;0.23438;0.24414;0.25391;0.26367;0.27344;0.2832;0.29297;0.30273;0.3125;0.32227;0.33203;0.3418;0.35156;0.36133;0.37109;0.38086;0.39063;0.40039;0.41016;0.41992;0.42969;0.43945;0.44922;0.45898;0.46875;0.47852;0.48828;0.49805;0.50781;0.51758;0.52734;0.53711;0.54688;0.55664;0.56641;0.57617;0.58594;0.5957;0.60547;0.61523;0.625;0.63477;0.64453;0.6543;0.66406;0.67383;0.68359;0.69336;0.70313;0.71289;0.72266;0.73242;0.74219;0.75195;0.76172;0.77148;0.78125;0.79102,0.0010086399999999999;0.0024156159999999998;0.0033228800000000003;0.004652032;0.02274816;0.025310207999999997;0.030466048000000003;0.036163584000000006;0.06517043200000001;0.08735129600000001;0.080119808;0.07059353600000001;0.08601702400000001;0.096382976;0.105245696;0.078625792;0.04657152;0.027928576;0.021116928;0.02096128;0.014053376;0.012905472;0.012411904;0.007284736;0.008685568;0.009784319999999999;0.005771264;0.0047104;0.004585472000000001;0.004450304;0.0033791999999999997;0.003666944;0.0033546239999999996;0.00200704;0.002118656;0.002506752;0.002148352;0.0011202559999999998;0.00085504;0.001330176;0.0011735040000000001;0.001267712;0.001412096;0.0011366400000000002;0.0010936319999999998;0.001010688;0.000841728;0.00062976;0.000653312;0.0006277120000000001;0.000436224;0.000375808;0.000687104;0.000712704;0.000674816;0.0005713920000000001;0.00081408;0.0007188480000000001;0.000536576;0.000412672;0.00037888;0.00038912;0.000366592;0.000411648;0.00045568;0.00042598399999999997;0.0005007359999999999;0.000484352;0.0005232639999999998;0.00036249599999999997;0.0002816;0.00028671999999999997;0.00034304;0.00032870400000000003;0.000398336;0.000325632;0.000257024;0.000206848;0.000257024
1776501900,hdr,0.0293;0.03906;0.04883;0.05859;0.06836;0.07813;0.08789;0.09766;0.10742;0.11719;0.12695;0.13672;0.14648;0.15625;0.16602;0.17578;0.18555;0.19531;0.20508;0.21484;0.22461;0.23438;0.24414;0.25391;0.26367;0.27344;0.2832;0.29297;0.30273;0.3125;0.32227;0.33203;0.3418;0.35156;0.36133;0.37109;0.38086;0.39063;0.40039;0.41016;0.41992;0.42969;0.43945;0.44922;0.45898;0.46875;0.47852;0.48828;0.49805;0.50781;0.51758;0.52734;0.53711;0.54688;0.55664;0.56641;0.57617;0.58594;0.5957;0.60547;0.61523;0.625;0.63477;0.64453;0.6543;0.66406;0.67383;0.68359;0.69336;0.70313;0.71289;0.72266;0.73242;0.74219;0.75195;0.76172;0.77148;0.78125;0.79102,9.216000000000001e-06;0.00029696;0.000449536;0.005487616;0.019217408;0.012099584;0.018648064000000002;0.044443648;0.059300863999999995;0.062142464;0.076082176;0.06849024000000001;0.053142528;0.043242496;0.054163456;0.052306944;0.042860543999999993;0.021702656000000004;0.025992192;0.022488064000000002;0.031163392000000005;0.024509440000000004;0.013528064000000001;0.009352192;0.006503424;0.006898688;0.004855808;0.003991552;0.0039895040000000005;0.00405504;0.003994624;0.0028057599999999996;0.003103744;0.0020183040000000003;0.0018964479999999998;0.00109056;0.000764928;0.0009205759999999999;0.0012072959999999998;0.001531904;0.001468416;0.001009664;0.0007946240000000001;0.000918528;0.000979968;0.0006225919999999999;0.0006973439999999999;0.000837632;0.000740352;0.000812032;0.000897024;0.000641024;0.00050688;0.0004986880000000001;0.0005416959999999999;0.000549888;0.0005754880000000001;0.000661504;0.0005232639999999998;0.000413696;0.00039423999999999997;0.00047308800000000003;0.000356352;0.000350208;0.000357376;0.000316416;0.00038912;0.00036966399999999996;0.000408576;0.00036352;0.00032256;0.000283648;0.00029183999999999997;0.000458752;0.000482304;0.000502784;0.000347136;0.000256;0.000288768
1776503700,hdr,0.0293;0.03906;0.04883;0.05859;0.06836;0.07813;0.08789;0.09766;0.10742;0.11719;0.12695;0.13672;0.14648;0.15625;0.16602;0.17578;0.18555;0.19531;0.20508;0.21484;0.22461;0.23438;0.24414;0.25391;0.26367;0.27344;0.2832;0.29297;0.30273;0.3125;0.32227;0.33203;0.3418;0.35156;0.36133;0.37109;0.38086;0.39063;0.40039;0.41016;0.41992;0.42969;0.43945;0.44922;0.45898;0.46875;0.47852;0.48828;0.49805;0.50781;0.51758;0.52734;0.53711;0.54688;0.55664;0.56641;0.57617;0.58594;0.5957;0.60547;0.61523;0.625;0.63477;0.64453;0.6543;0.66406;0.67383;0.68359;0.69336;0.70313;0.71289;0.72266;0.73242;0.74219;0.75195;0.76172;0.77148;0.78125;0.79102,0.00167936;0.008452096;0.007488512;0.008041472000000001;0.0122368;0.011711487999999999;0.018909184000000002;0.035464192;0.067605504;0.0682752;0.08752230400000001;0.103441408;0.056936447999999994;0.029707264;0.022060032;0.018567168;0.028557311999999998;0.018310144;0.013985791999999999;0.020634624;0.022709248;0.019076096;0.016436224;0.010139648;0.0058869759999999995;0.006616064;0.006223872;0.004819968;0.004232192;0.00367616;0.002934784;0.001805312;0.0025364479999999997;0.001831936;0.001875968;0.001462272;0.0013701120000000002;0.0014530559999999999;0.0011356159999999999;0.000740352;0.0008744960000000001;0.000930816;0.000712704;0.000941056;0.001028096;0.0006123519999999999;0.000780288;0.001004544;0.0008151040000000001;0.000637952;0.000643072;0.000576512;0.000781312;0.0008591359999999999;0.000545792;0.000526336;0.0004986880000000001;0.000441344;0.00046284799999999997;0.000671744;0.000536576;0.000439296;0.000248832;0.000288768;0.00034201599999999995;0.00026112;0.000211968;0.000237568;0.00024371200000000001;0.000151552;0.000246784;0.00035430400000000006;0.000326656;0.00030617599999999996;0.00029798400000000005;0.000274432;0.00035430400000000006;0.000272384;0.000237568
1776504600,hdr,0.0293;0.03906;0.04883;0.05859;0.06836;0.07813;0.08789;0.09766;0.10742;0.11719;0.12695;0.13672;0.14648;0.15625;0.16602;0.17578;0.18555;0.19531;0.20508;0.21484;0.22461;0.23438;0.24414;0.25391;0.26367;0.27344;0.2832;0.29297;0.30273;0.3125;0.32227;0.33203;0.3418;0.35156;0.36133;0.37109;0.38086;0.39063;0.40039;0.41016;0.41992;0.42969;0.43945;0.44922;0.45898;0.46875;0.47852;0.48828;0.49805;0.50781;0.51758;0.52734;0.53711;0.54688;0.55664;0.56641;0.57617;0.58594;0.5957;0.60547;0.61523;0.625;0.63477;0.64453;0.6543;0.66406;0.67383;0.68359;0.69336;0.70313;0.71289;0.72266;0.73242;0.74219;0.75195;0.76172;0.77148;0.78125;0.79102,0.004069376;0.010933248000000001;0.015801344000000002;0.012332032;0.02653184;0.020636672000000002;0.01954304;0.050922496;0.08033894400000001;0.09806848;0.09840230400000001;0.097055744;0.062821376;0.031391744;0.027413504;0.020327424;0.013398016;0.0183808;0.019495936000000002;0.013134848;0.014932992;0.015521792;0.011313152;0.010145791999999999;0.007268352;0.00453632;0.004527104;0.0044103680000000004;0.00326656;0.00295424;0.003295232;0.002609152;0.0021667839999999997;0.001666048;0.001257472;0.002586624;0.002260992;0.0013895679999999999;0.001063936;0.001004544;0.0011909120000000001;0.001133568;0.0005867520000000001;0.00044032;0.0007188480000000001;0.0012165119999999999;0.000978944;0.001396736;0.001816576;0.001256448;0.001005568;0.000863232;0.0008110079999999999;0.000867328;0.00068608;0.000494592;0.00041676800000000003;0.00029900799999999997;0.000449536;0.000630784;0.0006819840000000001;0.0008192000000000001;0.0007168;0.0006789119999999999;0.000719872;0.000357376;0.00033894400000000004;0.000516096;0.00052224;0.000350208;0.000320512;0.000305152;0.000241664;0.000242688;0.000248832;0.00034816000000000003;0.000391168;0.000324608;0.000406528
1776505500,hdr,0.0293;0.03906;0.04883;0.05859;0.06836;0.07813;0.08789;0.09766;0.10742;0.11719;0.12695;0.13672;0.14648;0.15625;0.16602;0.17578;0.18555;0.19531;0.20508;0.21484;0.22461;0.23438;0.24414;0.25391;0.26367;0.27344;0.2832;0.29297;0.30273;0.3125;0.32227;0.33203;0.3418;0.35156;0.36133;0.37109;0.38086;0.39063;0.40039;0.41016;0.41992;0.42969;0.43945;0.44922;0.45898;0.46875;0.47852;0.48828;0.49805;0.50781;0.51758;0.52734;0.53711;0.54688;0.55664;0.56641;0.57617;0.58594;0.5957;0.60547;0.61523;0.625;0.63477;0.64453;0.6543;0.66406;0.67383;0.68359;0.69336;0.70313;0.71289;0.72266;0.73242;0.74219;0.75195;0.76172;0.77148;0.78125;0.79102,0.007267328000000001;0.012215296;0.012863488;0.006193152;0.0109568;0.014514176000000002;0.020340736;0.033634304000000004;0.07471103999999999;0.10395033599999999;0.185160704;0.16636416;0.082827264;0.055077888;0.026698752;0.014800896000000001;0.023415807999999996;0.024698879999999996;0.02305024;0.01849344;0.011238399999999999;0.011911168;0.012694528;0.015571968;0.010669055999999998;0.005679103999999999;0.0069498879999999996;0.0060385280000000005;0.003340288;0.001809408;0.0018432000000000001;0.001887232;0.0022026240000000002;0.0017244159999999999;0.001521664;0.001763328;0.001229824;0.000891904;0.0009482239999999999;0.00089088;0.0010475520000000002;0.0009144320000000001;0.000555008;0.0006656;0.000823296;0.00082944;0.000616448;0.0008345599999999999;0.0007116799999999999;0.0005918719999999999;0.0005416959999999999;0.000664576;0.000658432;0.0007106559999999999;0.00029388799999999996;0.0005724160000000001;0.000544768;0.000420864;0.000628736;0.000526336;0.00039936;0.000329728;0.000319488;0.00029183999999999997;0.00035942400000000006;0.00027136;0.000360448;0.000365568;0.000283648;0.00017715200000000003;0.000192512;0.000173056;0.000308224;0.000253952;0.000248832;0.000211968;0.000224256;0.000310272;0.000267264
1776506400,hdr,0.0293;0.03906;0.04883;0.05859;0.06836;0.07813;0.08789;0.09766;0.10742;0.11719;0.12695;0.13672;0.14648;0.15625;0.16602;0.17578;0.18555;0.19531;0.20508;0.21484;0.22461;0.23438;0.24414;0.25391;0.26367;0.27344;0.2832;0.29297;0.30273;0.3125;0.32227;0.33203;0.3418;0.35156;0.36133;0.37109;0.38086;0.39063;0.40039;0.41016;0.41992;0.42969;0.43945;0.44922;0.45898;0.46875;0.47852;0.48828;0.49805;0.50781;0.51758;0.52734;0.53711;0.54688;0.55664;0.56641;0.57617;0.58594;0.5957;0.60547;0.61523;0.625;0.63477;0.64453;0.6543;0.66406;0.67383;0.68359;0.69336;0.70313;0.71289;0.72266;0.73242;0.74219;0.75195;0.76172;0.77148;0.78125;0.79102,0.005249024000000001;0.012988416000000001;0.008634368;0.007197696;0.022709248;0.024851455999999997;0.027056128000000002;0.025438208;0.041206783999999996;0.052724735999999994;0.109643776;0.12116992;0.052273152;0.038710272000000004;0.039975936;0.033985536;0.018568192;0.015386624;0.018542592;0.013465600000000001;0.013346816000000001;0.012833792000000002;0.008939520000000001;0.0085248;0.00850432;0.003299328;0.0032819200000000002;0.003064832;0.0030607359999999997;0.00463872;0.00239104;0.0012247039999999999;0.0015656959999999999;0.0020858880000000006;0.0015185919999999998;0.0015687680000000001;0.001248256;0.001508352;0.0011704320000000001;0.0009441279999999999;0.0008560640000000001;0.0009216000000000001;0.00077312;0.000325632;0.00030617599999999996;0.000356352;0.00046592000000000004;0.000555008;0.000514048;0.00047308800000000003;0.000621568;0.00076288;0.000646144;0.0005959680000000001;0.0005304320000000001;0.000664576;0.00064512;0.000444416;0.000484352;0.000535552;0.0006778880000000001;0.000744448;0.000663552;0.00033484799999999995;0.000224256;0.000207872;0.000217088;0.00023859199999999998;0.000260096;0.000226304;0.000222208;0.000326656;0.000349184;0.000320512;0.000408576;0.00034099200000000003;0.000192512;0.0001792;0.00018432000000000002
1776507300,hdr,0.0293;0.03906;0.04883;0.05859;0.06836;0.07813;0.08789;0.09766;0.10742;0.11719;0.12695;0.13672;0.14648;0.15625;0.16602;0.17578;0.18555;0.19531;0.20508;0.21484;0.22461;0.23438;0.24414;0.25391;0.26367;0.27344;0.2832;0.29297;0.30273;0.3125;0.32227;0.33203;0.3418;0.35156;0.36133;0.37109;0.38086;0.39063;0.40039;0.41016;0.41992;0.42969;0.43945;0.44922;0.45898;0.46875;0.47852;0.48828;0.49805;0.50781;0.51758;0.52734;0.53711;0.54688;0.55664;0.56641;0.57617;0.58594;0.5957;0.60547;0.61523;0.625;0.63477;0.64453;0.6543;0.66406;0.67383;0.68359;0.69336;0.70313;0.71289;0.72266;0.73242;0.74219;0.75195;0.76172;0.77148;0.78125;0.79102,0.0056350720000000005;0.009025536;0.013719552;0.021500928;0.024220672;0.015853568;0.018937856;0.042313727999999995;0.061210624000000005;0.07162675199999999;0.06725324799999999;0.0891392;0.07014297600000001;0.055579648;0.051223552;0.03870208;0.039666688;0.027961344000000003;0.028320768;0.020000768;0.008981504;0.0068976639999999995;0.008245248;0.010791936;0.008517632;0.007349248000000001;0.0057149440000000004;0.0034611200000000003;0.004677631999999999;0.0023838720000000004;0.002275328;0.0014827520000000002;0.001637376;0.001911808;0.0017674240000000003;0.0014714879999999997;0.0011161600000000002;0.0011202559999999998;0.0010475520000000002;0.000842752;0.0009912319999999999;0.000535552;0.000654336;0.0008447999999999999;0.0008069119999999999;0.000698368;0.0008663039999999999;0.000521216;0.000514048;0.0006676480000000001;0.00035532799999999997;0.000512;0.000625664;0.000456704;0.000520192;0.00039731200000000003;0.00037478399999999997;0.000380928;0.000413696;0.00046796800000000003;0.00030003200000000004;0.000274432;0.00033484799999999995;0.000406528;0.000325632;0.00027648;0.000279552;0.000200704;0.00033792;0.000434176;0.000164864;0.000176128;0.00016384;0.000192512;0.00029286400000000005;0.000269312;0.000244736;0.000134144;0.00011571199999999999
1776508200,hdr,0.0293;0.03906;0.04883;0.05859;0.06836;0.07813;0.08789;0.09766;0.10742;0.11719;0.12695;0.13672;0.14648;0.15625;0.16602;0.17578;0.18555;0.19531;0.20508;0.21484;0.22461;0.23438;0.24414;0.25391;0.26367;0.27344;0.2832;0.29297;0.30273;0.3125;0.32227;0.33203;0.3418;0.35156;0.36133;0.37109;0.38086;0.39063;0.40039;0.41016;0.41992;0.42969;0.43945;0.44922;0.45898;0.46875;0.47852;0.48828;0.49805;0.50781;0.51758;0.52734;0.53711;0.54688;0.55664;0.56641;0.57617;0.58594;0.5957;0.60547;0.61523;0.625;0.63477;0.64453;0.6543;0.66406;0.67383;0.68359;0.69336;0.70313;0.71289;0.72266;0.73242;0.74219;0.75195;0.76172;0.77148;0.78125;0.79102,0.002948096;0.003938304;0.0053442559999999995;0.009489408;0.018041856;0.018879487999999996;0.024462335999999998;0.036400128000000004;0.081819648;0.07479808;0.080676864;0.088213504;0.07217868799999999;0.07672422400000001;0.06235136;0.038432768000000006;0.032262144;0.027588608;0.017959936;0.013483008;0.016392192000000003;0.012836864;0.0065187840000000006;0.007831552;0.006416384;0.005940224;0.007814143999999999;0.006023168;0.002817024;0.0038656000000000003;0.00334336;0.001973248;0.001755136;0.001138688;0.0013352960000000001;0.001619968;0.001199104;0.001082368;0.001091584;0.001294336;0.000726016;0.000918528;0.000676864;0.000534528;0.00067584;0.000867328;0.0007086080000000001;0.000644096;0.00047616000000000005;0.000376832;0.000507904;0.0007772160000000001;0.0008345599999999999;0.00047001599999999997;0.000280576;0.000391168;0.000412672;0.000344064;0.00037888;0.000344064;0.000421888;0.00032256;0.000400384;0.00044339199999999997;0.00025497599999999997;0.000451584;0.000423936;0.000316416;0.000420864;0.00033689599999999994;0.000284672;0.000253952;0.00017715200000000003;0.000226304;0.000180224;0.00016896;0.000192512;0.000329728;0.00029900799999999997
1776509100,hdr,0.0293;0.03906;0.04883;0.05859;0.06836;0.07813;0.08789;0.09766;0.10742;0.11719;0.12695;0.13672;0.14648;0.15625;0.16602;0.17578;0.18555;0.19531;0.20508;0.21484;0.22461;0.23438;0.24414;0.25391;0.26367;0.27344;0.2832;0.29297;0.30273;0.3125;0.32227;0.33203;0.3418;0.35156;0.36133;0.37109;0.38086;0.39063;0.40039;0.41016;0.41992;0.42969;0.43945;0.44922;0.45898;0.46875;0.47852;0.48828;0.49805;0.50781;0.51758;0.52734;0.53711;0.54688;0.55664;0.56641;0.57617;0.58594;0.5957;0.60547;0.61523;0.625;0.63477;0.64453;0.6543;0.66406;0.67383;0.68359;0.69336;0.70313;0.71289;0.72266;0.73242;0.74219;0.75195;0.76172;0.77148;0.78125;0.79102,0.004468736;0.00668672;0.007962624;0.009515008;0.015021056;0.026400768;0.043283456;0.030112768;0.094420992;0.086309888;0.05016064;0.10635776;0.106486784;0.06690816;0.037133311999999995;0.033613824;0.03560448;0.027276288;0.024680447999999997;0.016897023999999997;0.008343552000000002;0.011026432000000001;0.014876671999999999;0.00972288;0.00803328;0.007943168;0.006207488;0.004657152;0.0030197759999999996;0.004112384;0.003813376;0.003376128;0.0028088320000000003;0.0018237440000000002;0.002000896;0.001558528;0.0014735360000000001;0.001399808;0.000968704;0.000559104;0.00093696;0.00103936;0.000970752;0.001005568;0.001086464;0.001021952;0.000882688;0.000768;0.00103424;0.0008458240000000001;0.0006154239999999999;0.0005734399999999999;0.000427008;0.000461824;0.00041472;0.000461824;0.00045568;0.000493568;0.000432128;0.00029183999999999997;0.00033894400000000004;0.000315392;0.00036147200000000005;0.000512;0.00047001599999999997;0.00027136;0.000229376;0.000275456;0.000325632;0.000251904;0.000264192;0.000269312;0.000277504;0.000229376;0.00022016;0.000253952;0.000331776;0.000352256;0.000305152
1776510000,hdr,0.0293;0.03906;0.04883;0.05859;0.06836;0.07813;0.08789;0.09766;0.10742;0.11719;0.12695;0.13672;0.14648;0.15625;0.16602;0.17578;0.18555;0.19531;0.20508;0.21484;0.22461;0.23438;0.24414;0.25391;0.26367;0.27344;0.2832;0.29297;0.30273;0.3125;0.32227;0.33203;0.3418;0.35156;0.36133;0.37109;0.38086;0.39063;0.40039;0.41016;0.41992;0.42969;0.43945;0.44922;0.45898;0.46875;0.47852;0.48828;0.49805;0.50781;0.51758;0.52734;0.53711;0.54688;0.55664;0.56641;0.57617;0.58594;0.5957;0.60547;0.61523;0.625;0.63477;0.64453;0.6543;0.66406;0.67383;0.68359;0.69336;0.70313;0.71289;0.72266;0.73242;0.74219;0.75195;0.76172;0.77148;0.78125;0.79102,0.006169600000000001;0.016562175999999998;0.021049344;0.021925887999999998;0.02072064;0.025027584000000002;0.031994879999999996;0.039473152000000004;0.05063884800000001;0.059976704;0.07292825600000001;0.097345536;0.07865446400000001;0.061833216;0.0482048;0.040155136;0.022053888;0.019152895999999996;0.017599488;0.012667904;0.018109439999999997;0.01458176;0.008015872;0.009490432;0.009338879999999999;0.005953536;0.0034416639999999997;0.003956736;0.002791424;0.002982912;0.00331264;0.002967552;0.002084864;0.002023424;0.002060288;0.001754112;0.001517568;0.00206848;0.002499584;0.002729984;0.001778688;0.0009205759999999999;0.0008110079999999999;0.0012871680000000002;0.0007936;0.0007884799999999999;0.0007352319999999999;0.00088064;0.000566272;0.000401408;0.000565248;0.000887808;0.0009041920000000001;0.000388096;0.00062976;0.00096768;0.000872448;0.0005877759999999999;0.0008222720000000001;0.000813056;0.000448512;0.0007219199999999999;0.000702464;0.000308224;0.00047616000000000005;0.001062912;0.001040384;0.000543744;0.000451584;0.00057856;0.000492544;0.000813056;0.000903168;0.00077824;0.0010813440000000001;0.0011755519999999998;0.000941056;0.0006850560000000001;0.000606208
1776510900,hdr,0.0293;0.03906;0.04883;0.05859;0.06836;0.07813;0.08789;0.09766;0.10742;0.11719;0.12695;0.13672;0.14648;0.15625;0.16602;0.17578;0.18555;0.19531;0.20508;0.21484;0.22461;0.23438;0.24414;0.25391;0.26367;0.27344;0.2832;0.29297;0.30273;0.3125;0.32227;0.33203;0.3418;0.35156;0.36133;0.37109;0.38086;0.39063;0.40039;0.41016;0.41992;0.42969;0.43945;0.44922;0.45898;0.46875;0.47852;0.48828;0.49805;0.50781;0.51758;0.52734;0.53711;0.54688;0.55664;0.56641;0.57617;0.58594;0.5957;0.60547;0.61523;0.625;0.63477;0.64453;0.6543;0.66406;0.67383;0.68359;0.69336;0.70313;0.71289;0.72266;0.73242;0.74219;0.75195;0.76172;0.77148;0.78125;0.79102,0.008179712;0.009974784;0.010267647999999999;0.015306751999999998;0.025353216;0.03466752000000001;0.04725247999999999;0.044504063999999996;0.056035328;0.064638976;0.09439948800000002;0.137755648;0.115187712;0.057484288;0.045109248;0.038569983999999995;0.025650176;0.018139136000000004;0.020646912;0.014765055999999999;0.017380351999999998;0.016074752;0.010253312;0.0076666880000000005;0.007555072;0.0058245120000000004;0.006397952;0.0040765440000000005;0.0034754559999999996;0.0035368960000000003;0.002076672;0.002494464;0.003278848;0.002469888;0.001645568;0.001610752;0.0020500479999999996;0.002158592;0.001798144;0.0018155520000000002;0.0021606399999999997;0.001501184;0.001467392;0.001079296;0.0012728319999999998;0.001323008;0.001028096;0.000950272;0.00108544;0.0015677439999999998;0.0011151359999999999;0.00124928;0.001714176;0.00231936;0.002149376;0.001787904;0.0015431680000000001;0.001153024;0.001646592;0.00164864;0.00119808;0.001534976;0.001983488;0.0026327039999999996;0.001591296;0.00131072;0.00142848;0.0011735040000000001;0.000879616;0.000888832;0.0014448640000000001;0.0011407359999999998;0.001009664;0.001348608;0.001298432;0.000674816;0.0009400319999999999;0.0010250239999999998;0.0009420800000000001
1776511800,hdr,0.0293;0.03906;0.04883;0.05859;0.06836;0.07813;0.08789;0.09766;0.10742;0.11719;0.12695;0.13672;0.14648;0.15625;0.16602;0.17578;0.18555;0.19531;0.20508;0.21484;0.22461;0.23438;0.24414;0.25391;0.26367;0.27344;0.2832;0.29297;0.30273;0.3125;0.32227;0.33203;0.3418;0.35156;0.36133;0.37109;0.38086;0.39063;0.40039;0.41016;0.41992;0.42969;0.43945;0.44922;0.45898;0.46875;0.47852;0.48828;0.49805;0.50781;0.51758;0.52734;0.53711;0.54688;0.55664;0.56641;0.57617;0.58594;0.5957;0.60547;0.61523;0.625;0.63477;0.64453;0.6543;0.66406;0.67383;0.68359;0.69336;0.70313;0.71289;0.72266;0.73242;0.74219;0.75195;0.76172;0.77148;0.78125;0.79102,0.00379392;0.005839871999999999;0.007530496;0.005495808;0.016488448;0.025894912;0.0209152;0.024464384;0.046272512;0.08342732800000001;0.13497241599999998;0.15409766400000002;0.104198144;0.064237568;0.046987264;0.03838464;0.03903488000000001;0.028121088;0.027863040000000002;0.025596928;0.017816576;0.016033791999999998;0.012997632;0.0076032;0.008213504000000002;0.005448704;0.003176448;0.003376128;0.004005887999999999;0.003026944;0.0030750720000000003;0.0029255680000000004;0.0016977919999999998;0.002096128;0.0018575360000000001;0.00169472;0.0020224;0.001937408;0.0014346239999999998;0.001139712;0.00126976;0.0013117439999999999;0.000987136;0.0010946560000000003;0.001316864;0.00089088;0.00107008;0.002030592;0.001910784;0.0016906239999999997;0.002371584;0.002691072;0.0018196479999999999;0.00200192;0.002850816;0.003149824;0.002861056;0.0032430080000000003;0.003721216;0.00385536;0.0027115520000000003;0.0025753599999999996;0.00131584;0.0012994559999999998;0.0016773119999999998;0.001209344;0.0016445440000000002;0.001488896;0.000884736;0.0011837439999999998;0.0014632959999999998;0.00097792;0.001027072;0.0010209280000000002;0.001212416;0.0011837439999999998;0.000763904;0.001384448;0.001509376
1776512700,hdr,0.0293;0.03906;0.04883;0.05859;0.06836;0.07813;0.08789;0.09766;0.10742;0.11719;0.12695;0.13672;0.14648;0.15625;0.16602;0.17578;0.18555;0.19531;0.20508;0.21484;0.22461;0.23438;0.24414;0.25391;0.26367;0.27344;0.2832;0.29297;0.30273;0.3125;0.32227;0.33203;0.3418;0.35156;0.36133;0.37109;0.38086;0.39063;0.40039;0.41016;0.41992;0.42969;0.43945;0.44922;0.45898;0.46875;0.47852;0.48828;0.49805;0.50781;0.51758;0.52734;0.53711;0.54688;0.55664;0.56641;0.57617;0.58594;0.5957;0.60547;0.61523;0.625;0.63477;0.64453;0.6543;0.66406;0.67383;0.68359;0.69336;0.70313;0.71289;0.72266;0.73242;0.74219;0.75195;0.76172;0.77148;0.78125;0.79102,0.004217856000000001;0.010203136;0.008304639999999999;0.015399936;0.033990656;0.03636224;0.023860224;0.030782464;0.047895552;0.11686809599999999;0.194774016;0.164481024;0.15821721600000002;0.11635916799999999;0.049558528000000004;0.027070464;0.027032575999999996;0.028338176;0.017299455999999998;0.017067008;0.01609216;0.017990656000000004;0.012028928;0.009332736000000001;0.0069498879999999996;0.00618496;0.006816768;0.008404992;0.006352896;0.0041216000000000004;0.0012789759999999998;0.0015779840000000002;0.002920448;0.002566144;0.00232448;0.002164736;0.0025200640000000002;0.002453504;0.0018862080000000001;0.001913856;0.00188928;0.002054144;0.0013056;0.001686528;0.001534976;0.0012748800000000002;0.001055744;0.0012154879999999998;0.00139776;0.001911808;0.0017561599999999999;0.002587648;0.002171904;0.002280448;0.001564672;0.001790976;0.002105344;0.00221184;0.002143232;0.002161664;0.001867776;0.00239104;0.0022968320000000004;0.0014632959999999998;0.000847872;0.0012083200000000001;0.0009523200000000001;0.001114112;0.0008468480000000001;0.000738304;0.000601088;0.000494592;0.0006963200000000001;0.0009768959999999999;0.000871424;0.0008704;0.001114112;0.001015808;0.0008366080000000001
1776513600,hdr,0.0293;0.03906;0.04883;0.05859;0.06836;0.07813;0.08789;0.09766;0.10742;0.11719;0.12695;0.13672;0.14648;0.15625;0.16602;0.17578;0.18555;0.19531;0.20508;0.21484;0.22461;0.23438;0.24414;0.25391;0.26367;0.27344;0.2832;0.29297;0.30273;0.3125;0.32227;0.33203;0.3418;0.35156;0.36133;0.37109;0.38086;0.39063;0.40039;0.41016;0.41992;0.42969;0.43945;0.44922;0.45898;0.46875;0.47852;0.48828;0.49805;0.50781;0.51758;0.52734;0.53711;0.54688;0.55664;0.56641;0.57617;0.58594;0.5957;0.60547;0.61523;0.625;0.63477;0.64453;0.6543;0.66406;0.67383;0.68359;0.69336;0.70313;0.71289;0.72266;0.73242;0.74219;0.75195;0.76172;0.77148;0.78125;0.79102,0.0037304319999999997;0.005798911999999999;0.008838144000000001;0.009876480000000002;0.02755584;0.026809344000000002;0.018953216000000002;0.034193407999999995;0.049908735999999995;0.077000704;0.09800908800000001;0.119606272;0.138317824;0.103411712;0.038642688;0.024069120000000003;0.020547583999999997;0.015998976;0.014358528;0.015483904;0.013106175999999999;0.014200832;0.013018112000000002;0.014332928;0.009443327999999999;0.009060352;0.006943744;0.00633856;0.005909504;0.00360448;0.0037591039999999997;0.003818496;0.003232768;0.002617344;0.0023930880000000002;0.0022978559999999996;0.0021872639999999995;0.0020029439999999996;0.001856512;0.001286144;0.001344512;0.001557504;0.001477632;0.001337344;0.001149952;0.0011786239999999999;0.000965632;0.000750592;0.001359872;0.001441792;0.0013783040000000001;0.002793472;0.002922496;0.0020254720000000004;0.002423808;0.00210944;0.002014208;0.002097152;0.002238464;0.002026496;0.00150528;0.0015984640000000002;0.001600512;0.0013824;0.001736704;0.001964032;0.001308672;0.001188864;0.0014899199999999998;0.0011704320000000001;0.000812032;0.001345536;0.00101888;0.0012052480000000001;0.0010127360000000002;0.0006696959999999999;0.000771072;0.0009912319999999999;0.000861184
1776514500,hdr,0.0293;0.03906;0.04883;0.05859;0.06836;0.07813;0.08789;0.09766;0.10742;0.11719;0.12695;0.13672;0.14648;0.15625;0.16602;0.17578;0.18555;0.19531;0.20508;0.21484;0.22461;0.23438;0.24414;0.25391;0.26367;0.27344;0.2832;0.29297;0.30273;0.3125;0.32227;0.33203;0.3418;0.35156;0.36133;0.37109;0.38086;0.39063;0.40039;0.41016;0.41992;0.42969;0.43945;0.44922;0.45898;0.46875;0.47852;0.48828;0.49805;0.50781;0.51758;0.52734;0.53711;0.54688;0.55664;0.56641;0.57617;0.58594;0.5957;0.60547;0.61523;0.625;0.63477;0.64453;0.6543;0.66406;0.67383;0.68359;0.69336;0.70313;0.71289;0.72266;0.73242;0.74219;0.75195;0.76172;0.77148;0.78125;0.79102,0.010858496;0.016342016;0.015512575999999998;0.012418048000000001;0.015420416;0.025753599999999998;0.048628736000000006;0.041872384;0.05380096000000001;0.090857472;0.11499622400000001;0.128918528;0.112673792;0.07404339199999999;0.042766336;0.03458867200000001;0.030220288;0.028299263999999998;0.018788351999999998;0.019372032;0.015091712;0.010027008;0.012914688;0.009703424;0.006536192;0.005896192;0.006352896;0.004929536;0.004453375999999999;0.003514368;0.0029184000000000002;0.0028088320000000003;0.001789952;0.00169984;0.001750016;0.0029255680000000004;0.001990656;0.00143872;0.0014991359999999999;0.0008837120000000001;0.0008355839999999999;0.0010680320000000002;0.00119296;0.000817152;0.001092608;0.0013424640000000002;0.0013506560000000002;0.001327104;0.0015185919999999998;0.001446912;0.00239616;0.0031907839999999995;0.003357696;0.003720192;0.0035583999999999998;0.0038932479999999998;0.0025108480000000004;0.0019087359999999999;0.002576384;0.002243584;0.002029568;0.002475008;0.002766848;0.0025108480000000004;0.00233984;0.00225792;0.0019466239999999999;0.001626112;0.002238464;0.001584128;0.002163712;0.003073024;0.002034688;0.002071552;0.0022528;0.0022302719999999997;0.002262016;0.0018042879999999998;0.0016988160000000001
1776515400,hdr,0.0293;0.03906;0.04883;0.05859;0.06836;0.07813;0.08789;0.09766;0.10742;0.11719;0.12695;0.13672;0.14648;0.15625;0.16602;0.17578;0.18555;0.19531;0.20508;0.21484;0.22461;0.23438;0.24414;0.25391;0.26367;0.27344;0.2832;0.29297;0.30273;0.3125;0.32227;0.33203;0.3418;0.35156;0.36133;0.37109;0.38086;0.39063;0.40039;0.41016;0.41992;0.42969;0.43945;0.44922;0.45898;0.46875;0.47852;0.48828;0.49805;0.50781;0.51758;0.52734;0.53711;0.54688;0.55664;0.56641;0.57617;0.58594;0.5957;0.60547;0.61523;0.625;0.63477;0.64453;0.6543;0.66406;0.67383;0.68359;0.69336;0.70313;0.71289;0.72266;0.73242;0.74219;0.75195;0.76172;0.77148;0.78125;0.79102,0.004048896000000001;0.010328064;0.008220672;0.0088576;0.019265536;0.029301760000000003;0.029150208;0.033462271999999994;0.051398656;0.07468339199999999;0.118801408;0.129498112;0.13249023999999998;0.06434508800000001;0.031302656;0.03367936;0.028371968;0.02187776;0.0215808;0.017134592;0.012339200000000002;0.017959936;0.020690944;0.011884544;0.01001984;0.008697856;0.007322624;0.004413439999999999;0.0029859840000000006;0.0036116480000000003;0.004210688;0.0024739840000000003;0.001840128;0.001618944;0.0024791039999999998;0.0028190719999999997;0.002139136;0.001388544;0.001343488;0.0015943679999999999;0.002066432;0.002043904;0.001932288;0.001542144;0.001441792;0.001604608;0.0018964479999999998;0.0017766400000000001;0.001552384;0.002180096;0.0023408640000000002;0.004298752;0.006025216000000001;0.006259712000000001;0.004590591999999999;0.004032511999999999;0.003613696;0.002762752;0.003013632;0.004321279999999999;0.00319488;0.0024084479999999997;0.00290816;0.002622464;0.0026849280000000005;0.0020992000000000003;0.00158208;0.0020254720000000004;0.002272256;0.0022568959999999996;0.00281088;0.001806336;0.0026859519999999997;0.003822592;0.002873344;0.0027740160000000002;0.0019773440000000002;0.002217984;0.0021248
1776516300,hdr,0.0293;0.03906;0.04883;0.05859;0.06836;0.07813;0.08789;0.09766;0.10742;0.11719;0.12695;0.13672;0.14648;0.15625;0.16602;0.17578;0.18555;0.19531;0.20508;0.21484;0.22461;0.23438;0.24414;0.25391;0.26367;0.27344;0.2832;0.29297;0.30273;0.3125;0.32227;0.33203;0.3418;0.35156;0.36133;0.37109;0.38086;0.39063;0.40039;0.41016;0.41992;0.42969;0.43945;0.44922;0.45898;0.46875;0.47852;0.48828;0.49805;0.50781;0.51758;0.52734;0.53711;0.54688;0.55664;0.56641;0.57617;0.58594;0.5957;0.60547;0.61523;0.625;0.63477;0.64453;0.6543;0.66406;0.67383;0.68359;0.69336;0.70313;0.71289;0.72266;0.73242;0.74219;0.75195;0.76172;0.77148;0.78125;0.79102,0.011432959999999999;0.019475456000000002;0.012818432;0.006278144;0.011899904;0.021267455999999997;0.04474368;0.07216844800000001;0.07523635199999999;0.110839808;0.14689792000000002;0.168897536;0.16205107200000002;0.110367744;0.044079104;0.020680703999999998;0.024351743999999998;0.020144127999999997;0.014906368;0.015181824;0.014187519999999999;0.011588608;0.007902207999999999;0.009335808000000001;0.010882047999999998;0.008210432;0.006634496;0.0063744;0.006265856000000001;0.004964352;0.004687871999999999;0.004504576;0.003622912;0.0027791359999999998;0.002425856;0.0038297599999999998;0.003868672;0.0025262080000000003;0.0016445440000000002;0.001624064;0.001778688;0.002361344;0.003492864;0.0034908160000000003;0.00325632;0.004315136;0.005164032;0.004682751999999999;0.005300224;0.00628224;0.008799232;0.009462784;0.011147263999999999;0.009900032;0.010403840000000001;0.007044096;0.004799488;0.00565248;0.00654336;0.00614912;0.0056832;0.004164608;0.0042014719999999995;0.0036433919999999996;0.0032256;0.004347904;0.0038963199999999996;0.002419712;0.002368512;0.0033832960000000005;0.0039874559999999995;0.0029419520000000003;0.002330624;0.0020224;0.002610176;0.002548736;0.001750016;0.0025528319999999997;0.0017858560000000002
1776517200,hdr,0.0293;0.03906;0.04883;0.05859;0.06836;0.07813;0.08789;0.09766;0.10742;0.11719;0.12695;0.13672;0.14648;0.15625;0.16602;0.17578;0.18555;0.19531;0.20508;0.21484;0.22461;0.23438;0.24414;0.25391;0.26367;0.27344;0.2832;0.29297;0.30273;0.3125;0.32227;0.33203;0.3418;0.35156;0.36133;0.37109;0.38086;0.39063;0.40039;0.41016;0.41992;0.42969;0.43945;0.44922;0.45898;0.46875;0.47852;0.48828;0.49805;0.50781;0.51758;0.52734;0.53711;0.54688;0.55664;0.56641;0.57617;0.58594;0.5957;0.60547;0.61523;0.625;0.63477;0.64453;0.6543;0.66406;0.67383;0.68359;0.69336;0.70313;0.71289;0.72266;0.73242;0.74219;0.75195;0.76172;0.77148;0.78125;0.79102,0.006636544;0.010776576000000001;0.010062848;0.011179007999999999;0.019388416000000002;0.027354112;0.031049728000000002;0.044230656;0.094547968;0.13874483199999998;0.165392384;0.200972288;0.14012416;0.11379404800000001;0.076374016;0.038177791999999995;0.022860800000000004;0.01816576;0.015049727999999998;0.012933120000000001;0.010468351999999998;0.011844607999999998;0.010434559999999999;0.012658688;0.009428991999999999;0.008543232;0.009962496;0.008221696;0.00530944;0.005905408;0.003782656;0.002456576;0.002679808;0.003072;0.0035246080000000003;0.0024381439999999997;0.0024309759999999996;0.002847744;0.003382272;0.0030361600000000004;0.0028057599999999996;0.002729984;0.0036167680000000002;0.005311488;0.005989376;0.006807552000000001;0.008155136;0.010285056;0.011238399999999999;0.012265472000000001;0.013679616;0.011807743999999998;0.006987776;0.006497279999999999;0.006974464;0.004955136000000001;0.004655103999999999;0.0051619840000000005;0.0045844480000000005;0.006263808;0.00396288;0.001979392;0.002792448;0.002284544;0.002219008;0.0035010560000000002;0.003918848;0.002681856;0.003377152;0.003782656;0.0030945279999999996;0.0030371839999999996;0.003134464;0.0024463360000000003;0.001636352;0.0018083840000000001;0.001096704;0.0015267839999999998;0.001702912
1776518100,hdr,0.0293;0.03906;0.04883;0.05859;0.06836;0.07813;0.08789;0.09766;0.10742;0.11719;0.12695;0.13672;0.14648;0.15625;0.16602;0.17578;0.18555;0.19531;0.20508;0.21484;0.22461;0.23438;0.24414;0.25391;0.26367;0.27344;0.2832;0.29297;0.30273;0.3125;0.32227;0.33203;0.3418;0.35156;0.36133;0.37109;0.38086;0.39063;0.40039;0.41016;0.41992;0.42969;0.43945;0.44922;0.45898;0.46875;0.47852;0.48828;0.49805;0.50781;0.51758;0.52734;0.53711;0.54688;0.55664;0.56641;0.57617;0.58594;0.5957;0.60547;0.61523;0.625;0.63477;0.64453;0.6543;0.66406;0.67383;0.68359;0.69336;0.70313;0.71289;0.72266;0.73242;0.74219;0.75195;0.76172;0.77148;0.78125;0.79102,0.012358655999999999;0.016789504;0.017542144;0.0161792;0.023732224;0.035572735999999994;0.020775936000000002;0.047941632;0.082782208;0.089547776;0.114399232;0.145272832;0.228606976;0.167566336;0.09466982400000001;0.037981184;0.029871104;0.019523584;0.011212799999999998;0.012568576000000001;0.017168384;0.018308096;0.015038464;0.014321664000000001;0.006386688;0.006075392;0.007713792;0.0042414079999999995;0.00367616;0.0048486399999999995;0.0029788160000000004;0.00234496;0.0019824639999999998;0.0023500800000000005;0.001862656;0.0042065919999999994;0.00630272;0.005198848;0.0047144959999999994;0.003936256;0.00481792;0.004077568;0.007221248;0.009735167999999999;0.006306816000000001;0.005408768;0.0066682880000000005;0.005762048;0.003565568;0.0033802240000000002;0.007463936000000001;0.006900736;0.008482815999999999;0.004487168;0.005872639999999999;0.0046469120000000004;0.0045424639999999995;0.004954112;0.003349504;0.002816;0.003018752;0.002691072;0.0031907839999999995;0.003422208;0.002130944;0.003584;0.0035686399999999997;0.003129344;0.00213504;0.001867776;0.0019476480000000002;0.001721344;0.002084864;0.0016988160000000001;0.002188288;0.001425408;0.00123904;0.000951296;0.001199104
1776519000,hdr,0.0293;0.03906;0.04883;0.05859;0.06836;0.07813;0.08789;0.09766;0.10742;0.11719;0.12695;0.13672;0.14648;0.15625;0.16602;0.17578;0.18555;0.19531;0.20508;0.21484;0.22461;0.23438;0.24414;0.25391;0.26367;0.27344;0.2832;0.29297;0.30273;0.3125;0.32227;0.33203;0.3418;0.35156;0.36133;0.37109;0.38086;0.39063;0.40039;0.41016;0.41992;0.42969;0.43945;0.44922;0.45898;0.46875;0.47852;0.48828;0.49805;0.50781;0.51758;0.52734;0.53711;0.54688;0.55664;0.56641;0.57617;0.58594;0.5957;0.60547;0.61523;0.625;0.63477;0.64453;0.6543;0.66406;0.67383;0.68359;0.69336;0.70313;0.71289;0.72266;0.73242;0.74219;0.75195;0.76172;0.77148;0.78125;0.79102,0.001985536;0.012275712;0.018077696;0.01102848;0.01656832;0.038108159999999995;0.029529088000000002;0.040958976;0.071447552;0.127236096;0.25448447999999996;0.17074176000000002;0.130076672;0.15524352;0.10225664;0.058590208;0.030001152000000003;0.013227008;0.01671168;0.020829184;0.014615552;0.014901248;0.015977472;0.01568256;0.016141312;0.008943616;0.0096768;0.008220672;0.005978112;0.005064704;0.0024954879999999997;0.002234368;0.002635776;0.002469888;0.001927168;0.0037847040000000003;0.005444607999999999;0.00632832;0.009908224;0.009952256;0.006244352;0.009862144;0.010753024;0.010669055999999998;0.007311359999999999;0.0038430719999999995;0.005994496;0.00641024;0.004819968;0.0055060479999999995;0.005952512;0.0048783360000000005;0.004209664;0.0034048;0.005061632000000001;0.0040704;0.0022712319999999998;0.0027586560000000004;0.003621888;0.0019650559999999997;0.0016773119999999998;0.001936384;0.001599488;0.0017152;0.00142848;0.000863232;0.0008447999999999999;0.0012554240000000002;0.001257472;0.00122368;0.0009697280000000001;0.0009625599999999999;0.0009564160000000001;0.001352704;0.0014929920000000003;0.000738304;0.0006912;0.00084992;0.001174528
1776519900,hdr,0.0293;0.03906;0.04883;0.05859;0.06836;0.07813;0.08789;0.09766;0.10742;0.11719;0.12695;0.13672;0.14648;0.15625;0.16602;0.17578;0.18555;0.19531;0.20508;0.21484;0.22461;0.23438;0.24414;0.25391;0.26367;0.27344;0.2832;0.29297;0.30273;0.3125;0.32227;0.33203;0.3418;0.35156;0.36133;0.37109;0.38086;0.39063;0.40039;0.41016;0.41992;0.42969;0.43945;0.44922;0.45898;0.46875;0.47852;0.48828;0.49805;0.50781;0.51758;0.52734;0.53711;0.54688;0.55664;0.56641;0.57617;0.58594;0.5957;0.60547;0.61523;0.625;0.63477;0.64453;0.6543;0.66406;0.67383;0.68359;0.69336;0.70313;0.71289;0.72266;0.73242;0.74219;0.75195;0.76172;0.77148;0.78125;0.79102,0.004364288000000001;0.009558015999999999;0.011743232;0.010988544;0.011815936;0.013463552;0.016897023999999997;0.045033472000000005;0.052665343999999996;0.043538432;0.084662272;0.168329216;0.17350963200000002;0.10691993600000001;0.094021632;0.045554688;0.029474815999999997;0.018266112;0.01691648;0.016272383999999997;0.013959168;0.015721472;0.016410624;0.016203776000000003;0.010811392;0.006929408;0.005426176;0.00557568;0.006167552;0.003838976;0.002904064;0.004093952;0.0035061759999999997;0.003055616;0.007937024;0.009576447999999998;0.009987072;0.010626048;0.009735167999999999;0.006918144;0.004736;0.0077711360000000005;0.008670208;0.004361215999999999;0.007041024000000001;0.006057984000000001;0.006903808;0.0060928;0.006134784;0.0053667839999999994;0.005410816;0.004432896;0.003183616;0.0030535679999999996;0.002515968;0.001742848;0.002286592;0.0030822400000000004;0.002435072;0.002195456;0.002279424;0.002295808;0.002142208;0.00077824;0.001007616;0.001738752;0.00163328;0.0015656959999999999;0.001338368;0.001345536;0.001528832;0.00129024;0.00172544;0.0018216959999999998;0.0015738879999999998;0.001619968;0.001330176;0.000939008;0.000736256
1776520800,hdr,0.0293;0.03906;0.04883;0.05859;0.06836;0.07813;0.08789;0.09766;0.10742;0.11719;0.12695;0.13672;0.14648;0.15625;0.16602;0.17578;0.18555;0.19531;0.20508;0.21484;0.22461;0.23438;0.24414;0.25391;0.26367;0.27344;0.2832;0.29297;0.30273;0.3125;0.32227;0.33203;0.3418;0.35156;0.36133;0.37109;0.38086;0.39063;0.40039;0.41016;0.41992;0.42969;0.43945;0.44922;0.45898;0.46875;0.47852;0.48828;0.49805;0.50781;0.51758;0.52734;0.53711;0.54688;0.55664;0.56641;0.57617;0.58594;0.5957;0.60547;0.61523;0.625;0.63477;0.64453;0.6543;0.66406;0.67383;0.68359;0.69336;0.70313;0.71289;0.72266;0.73242;0.74219;0.75195;0.76172;0.77148;0.78125;0.79102,0.001915904;0.007240704;0.010727424;0.00853504;0.020158464;0.035222527999999996;0.036457472000000005;0.055999488;0.075640832;0.129815552;0.165564416;0.240521216;0.23821824000000003;0.135355392;0.085670912;0.046454784;0.026576896;0.019803136;0.021425152000000003;0.014093312;0.008434688000000001;0.011200512000000001;0.012143616;0.009954304;0.009347072;0.014542848;0.009947136;0.006777856;0.004788223999999999;0.004731904;0.003067904;0.004920320000000001;0.003168256;0.005083135999999999;0.005063679999999999;0.009610239999999999;0.008779776;0.007938048;0.010376192;0.013390848;0.009644031999999999;0.011338752;0.009664512;0.007915519999999999;0.009437184000000001;0.007175168000000001;0.005054464;0.006115328;0.0052469759999999996;0.003991552;0.0045844480000000005;0.0018524160000000002;0.004089856;0.003744768;0.002171904;0.0027975680000000003;0.003105792;0.003161088;0.002284544;0.00377856;0.00283648;0.002405376;0.0017807360000000002;0.001777664;0.00172544;0.001507328;0.001098752;0.001552384;0.0013783040000000001;0.001099776;0.000898048;0.00128;0.0016179200000000001;0.0008560640000000001;0.000837632;0.001086464;0.001212416;0.001327104;0.0008468480000000001
1776521700,hdr,0.0293;0.03906;0.04883;0.05859;0.06836;0.07813;0.08789;0.09766;0.10742;0.11719;0.12695;0.13672;0.14648;0.15625;0.16602;0.17578;0.18555;0.19531;0.20508;0.21484;0.22461;0.23438;0.24414;0.25391;0.26367;0.27344;0.2832;0.29297;0.30273;0.3125;0.32227;0.33203;0.3418;0.35156;0.36133;0.37109;0.38086;0.39063;0.40039;0.41016;0.41992;0.42969;0.43945;0.44922;0.45898;0.46875;0.47852;0.48828;0.49805;0.50781;0.51758;0.52734;0.53711;0.54688;0.55664;0.56641;0.57617;0.58594;0.5957;0.60547;0.61523;0.625;0.63477;0.64453;0.6543;0.66406;0.67383;0.68359;0.69336;0.70313;0.71289;0.72266;0.73242;0.74219;0.75195;0.76172;0.77148;0.78125;0.79102,0.002665472;0.017573888;0.019941376;0.00777728;0.012626944;0.021851136;0.028728319999999998;0.04301312;0.092673024;0.107899904;0.126682112;0.153624576;0.142944256;0.106742784;0.087896064;0.04350976;0.017828863999999996;0.018962432;0.023493632;0.016563199999999997;0.018219008;0.019300352;0.015236096;0.015865856;0.01079296;0.009483264000000002;0.0056227840000000005;0.004493312000000001;0.0062699520000000005;0.00459776;0.004312064;0.00648704;0.01073152;0.008163328;0.014299136;0.01504256;0.017360896;0.014267392;0.014404608000000001;0.013527039999999999;0.011244544;0.00489984;0.006027264;0.01030656;0.00805376;0.00605696;0.00555008;0.005623808;0.006166527999999999;0.004999168;0.003432448;0.002378752;0.0046766080000000005;0.003546112;0.0022323200000000003;0.002893824;0.003920896;0.00390144;0.0022978559999999996;0.0032501760000000005;0.0023500800000000005;0.0033331199999999997;0.0037632;0.0025036800000000003;0.001408;0.001122304;0.00151552;0.0018862080000000001;0.001957888;0.0017356799999999999;0.001861632;0.0017152;0.00097792;0.001293312;0.001532928;0.001139712;0.000731136;0.000594944;0.001273856
1776522600,hdr,0.0293;0.03906;0.04883;0.05859;0.06836;0.07813;0.08789;0.09766;0.10742;0.11719;0.12695;0.13672;0.14648;0.15625;0.16602;0.17578;0.18555;0.19531;0.20508;0.21484;0.22461;0.23438;0.24414;0.25391;0.26367;0.27344;0.2832;0.29297;0.30273;0.3125;0.32227;0.33203;0.3418;0.35156;0.36133;0.37109;0.38086;0.39063;0.40039;0.41016;0.41992;0.42969;0.43945;0.44922;0.45898;0.46875;0.47852;0.48828;0.49805;0.50781;0.51758;0.52734;0.53711;0.54688;0.55664;0.56641;0.57617;0.58594;0.5957;0.60547;0.61523;0.625;0.63477;0.64453;0.6543;0.66406;0.67383;0.68359;0.69336;0.70313;0.71289;0.72266;0.73242;0.74219;0.75195;0.76172;0.77148;0.78125;0.79102,0.0042659840000000004;0.018935808000000002;0.023595008;0.013724672;0.015535104000000001;0.034581504;0.0359424;0.026682367999999998;0.056127487999999996;0.12565811200000002;0.128167936;0.16720281600000003;0.21102284799999999;0.128754688;0.07283609599999999;0.032556032000000006;0.040881152000000004;0.040700928;0.023510015999999998;0.026203136000000002;0.018523136000000003;0.01220096;0.0132864;0.011921408;0.016315392;0.017746944;0.012920832;0.013698048;0.010586112;0.007458816;0.008838144000000001;0.011502592;0.011736064000000001;0.013256704;0.011006976;0.0181504;0.01775616;0.018018304;0.016812031999999998;0.011258879999999999;0.01167872;0.006823936;0.009257984;0.007531520000000001;0.00301056;0.006337536;0.00523264;0.003493888;0.0036270079999999997;0.003798016;0.003207168;0.003816448;0.00249344;0.003416064;0.0029061119999999998;0.0026347520000000006;0.0023050239999999997;0.002105344;0.002243584;0.002576384;0.0020858880000000006;0.0017971200000000001;0.002501632;0.00194048;0.002028544;0.00188928;0.0016773119999999998;0.000826368;0.0013424640000000002;0.001789952;0.001122304;0.001241088;0.001048576;0.001241088;0.0014110720000000002;0.0011796480000000002;0.0008765439999999999;0.000873472;0.000801792
1776523500,hdr,0.0293;0.03906;0.04883;0.05859;0.06836;0.07813;0.08789;0.09766;0.10742;0.11719;0.12695;0.13672;0.14648;0.15625;0.16602;0.17578;0.18555;0.19531;0.20508;0.21484;0.22461;0.23438;0.24414;0.25391;0.26367;0.27344;0.2832;0.29297;0.30273;0.3125;0.32227;0.33203;0.3418;0.35156;0.36133;0.37109;0.38086;0.39063;0.40039;0.41016;0.41992;0.42969;0.43945;0.44922;0.45898;0.46875;0.47852;0.48828;0.49805;0.50781;0.51758;0.52734;0.53711;0.54688;0.55664;0.56641;0.57617;0.58594;0.5957;0.60547;0.61523;0.625;0.63477;0.64453;0.6543;0.66406;0.67383;0.68359;0.69336;0.70313;0.71289;0.72266;0.73242;0.74219;0.75195;0.76172;0.77148;0.78125;0.79102,0.00671232;0.008073216000000001;0.01069568;0.008469504000000001;0.010674175999999999;0.01573376;0.020876288;0.032346111999999996;0.04624896;0.03924992000000001;0.0942848;0.232817664;0.329674752;0.275757056;0.145048576;0.068107264;0.03139584;0.03209728;0.018520064000000003;0.024300543999999997;0.018348032;0.019480576;0.02257408;0.016677888;0.014057472;0.010522624;0.004475903999999999;0.009563136;0.007056384;0.006704127999999999;0.007177215999999999;0.0075325439999999995;0.013254656;0.014708736;0.014447616;0.01995264;0.017954816000000002;0.017572863999999997;0.020923392;0.014974976000000001;0.009757696;0.007112704;0.007180288;0.006251520000000001;0.005175296;0.00555008;0.005954559999999999;0.0048486399999999995;0.0034242560000000005;0.0021893120000000005;0.002341888;0.003048448;0.002741248;0.003231744;0.002752512;0.0019517439999999998;0.002291712;0.002269184;0.002048;0.0017489920000000002;0.0018135039999999999;0.0017131520000000001;0.00158208;0.001583104;0.001276928;0.0019435519999999999;0.0024340480000000003;0.001870848;0.001396736;0.0012789759999999998;0.00128;0.001475584;0.001032192;0.001251328;0.0012912639999999999;0.001139712;0.00115712;0.000761856;0.000908288
1776524400,hdr,0.0293;0.03906;0.04883;0.05859;0.06836;0.07813;0.08789;0.09766;0.10742;0.11719;0.12695;0.13672;0.14648;0.15625;0.16602;0.17578;0.18555;0.19531;0.20508;0.21484;0.22461;0.23438;0.24414;0.25391;0.26367;0.27344;0.2832;0.29297;0.30273;0.3125;0.32227;0.33203;0.3418;0.35156;0.36133;0.37109;0.38086;0.39063;0.40039;0.41016;0.41992;0.42969;0.43945;0.44922;0.45898;0.46875;0.47852;0.48828;0.49805;0.50781;0.51758;0.52734;0.53711;0.54688;0.55664;0.56641;0.57617;0.58594;0.5957;0.60547;0.61523;0.625;0.63477;0.64453;0.6543;0.66406;0.67383;0.68359;0.69336;0.70313;0.71289;0.72266;0.73242;0.74219;0.75195;0.76172;0.77148;0.78125;0.79102,0.002881536;0.007878656;0.00707584;0.003933184;0.01069568;0.026960896;0.028635136;0.033691648;0.09383936;0.129420288;0.15934976;0.24351641599999999;0.32849305600000006;0.15021056;0.07689932799999999;0.06040780800000001;0.030917632;0.024206336;0.01575936;0.015797248;0.020436991999999998;0.023043072;0.02062336;0.01533952;0.019672064;0.021343232;0.017833984;0.012121088;0.007766016;0.008684544;0.007025664;0.006428672;0.008280064;0.012598271999999999;0.017074176000000003;0.018761728000000002;0.021998591999999997;0.011204608;0.010554368;0.009126912000000001;0.0065064960000000005;0.0050677759999999995;0.005230592;0.004635648;0.002792448;0.0055480320000000005;0.006602752;0.006889472;0.0052469759999999996;0.004799488;0.004077568;0.003853312;0.003750912;0.002374656;0.003500032;0.0026449919999999997;0.0018964479999999998;0.002934784;0.0026286079999999997;0.0021217280000000002;0.0027402240000000003;0.002161664;0.0017192959999999997;0.001261568;0.001462272;0.0017203200000000002;0.001744896;0.0016609279999999999;0.0014919679999999998;0.001152;0.0009758719999999999;0.0009727999999999999;0.00155648;0.0014735360000000001;0.0012462080000000002;0.00123392;0.001242112;0.0008560640000000001;0.00081408
1776525300,hdr,0.0293;0.03906;0.04883;0.05859;0.06836;0.07813;0.08789;0.09766;0.10742;0.11719;0.12695;0.13672;0.14648;0.15625;0.16602;0.17578;0.18555;0.19531;0.20508;0.21484;0.22461;0.23438;0.24414;0.25391;0.26367;0.27344;0.2832;0.29297;0.30273;0.3125;0.32227;0.33203;0.3418;0.35156;0.36133;0.37109;0.38086;0.39063;0.40039;0.41016;0.41992;0.42969;0.43945;0.44922;0.45898;0.46875;0.47852;0.48828;0.49805;0.50781;0.51758;0.52734;0.53711;0.54688;0.55664;0.56641;0.57617;0.58594;0.5957;0.60547;0.61523;0.625;0.63477;0.64453;0.6543;0.66406;0.67383;0.68359;0.69336;0.70313;0.71289;0.72266;0.73242;0.74219;0.75195;0.76172;0.77148;0.78125;0.79102,0.0036280320000000002;0.009224192;0.005961728;0.003902464;0.022033408000000004;0.031470592;0.028447744;0.053501952000000005;0.086636544;0.0909056;0.16697344;0.244955136;0.19031449599999997;0.187188224;0.08942591999999999;0.091726848;0.04864;0.025744384000000002;0.028622848000000003;0.019881984000000002;0.014386176;0.015707136;0.01494016;0.015627264000000002;0.015355904;0.014057472;0.011700224;0.008643584000000001;0.00543232;0.0059791359999999995;0.019490815999999998;0.019245056;0.013411328;0.014067712;0.025958400000000003;0.033108992;0.023088128;0.01451008;0.014445567999999999;0.013729792;0.011232256;0.008152063999999999;0.004884479999999999;0.004067328;0.004827136;0.005526528;0.003979264;0.003429376;0.005016576;0.004727808;0.0030863360000000003;0.00255488;0.00211456;0.00267264;0.002312192;0.0022272;0.0021626880000000003;0.0027105280000000002;0.003035136;0.003069952;0.0025374720000000003;0.001782784;0.001486848;0.001106944;0.0013424640000000002;0.0018135039999999999;0.001435648;0.001548288;0.001308672;0.0011120639999999998;0.0012052480000000001;0.001408;0.001575936;0.0013926400000000001;0.001159168;0.0013424640000000002;0.0008325120000000001;0.0007936;0.000557056
1776526200,hdr,0.0293;0.03906;0.04883;0.05859;0.06836;0.07813;0.08789;0.09766;0.10742;0.11719;0.12695;0.13672;0.14648;0.15625;0.16602;0.17578;0.18555;0.19531;0.20508;0.21484;0.22461;0.23438;0.24414;0.25391;0.26367;0.27344;0.2832;0.29297;0.30273;0.3125;0.32227;0.33203;0.3418;0.35156;0.36133;0.37109;0.38086;0.39063;0.40039;0.41016;0.41992;0.42969;0.43945;0.44922;0.45898;0.46875;0.47852;0.48828;0.49805;0.50781;0.51758;0.52734;0.53711;0.54688;0.55664;0.56641;0.57617;0.58594;0.5957;0.60547;0.61523;0.625;0.63477;0.64453;0.6543;0.66406;0.67383;0.68359;0.69336;0.70313;0.71289;0.72266;0.73242;0.74219;0.75195;0.76172;0.77148;0.78125;0.79102,0.0031016959999999997;0.010979328000000002;0.012826624;0.011689984;0.017897472;0.034651136;0.038206464;0.050597888;0.127961088;0.184941568;0.17388134400000002;0.1935104;0.212573184;0.181747712;0.100192256;0.055874560000000004;0.05712384;0.037696511999999995;0.0193792;0.014078976;0.014139392000000002;0.017473536;0.016470016;0.013466624;0.010083327999999999;0.007624704;0.0067655680000000004;0.009223168;0.010029056;0.013597696;0.01852416;0.016244736;0.013836288;0.017324032;0.015541247999999999;0.015977472;0.015857664;0.016012288000000003;0.015617024000000002;0.015842304;0.014701568;0.008029184000000002;0.005848064;0.006948864000000001;0.006223872;0.003958784;0.0045312;0.0038881280000000002;0.00463872;0.005942272;0.004799488;0.003700736;0.004139008;0.0046223359999999995;0.00443392;0.0034365439999999997;0.003366912;0.003315712;0.0032849919999999996;0.002506752;0.001446912;0.0015513600000000001;0.0018974719999999999;0.0019660800000000003;0.002243584;0.001999872;0.001803264;0.001727488;0.001426432;0.0012195840000000001;0.0014192640000000002;0.00062464;0.0013578239999999999;0.0013690880000000003;0.001286144;0.001251328;0.001391616;0.0012646399999999998;0.0006604799999999999
1776527100,hdr,0.0293;0.03906;0.04883;0.05859;0.06836;0.07813;0.08789;0.09766;0.10742;0.11719;0.12695;0.13672;0.14648;0.15625;0.16602;0.17578;0.18555;0.19531;0.20508;0.21484;0.22461;0.23438;0.24414;0.25391;0.26367;0.27344;0.2832;0.29297;0.30273;0.3125;0.32227;0.33203;0.3418;0.35156;0.36133;0.37109;0.38086;0.39063;0.40039;0.41016;0.41992;0.42969;0.43945;0.44922;0.45898;0.46875;0.47852;0.48828;0.49805;0.50781;0.51758;0.52734;0.53711;0.54688;0.55664;0.56641;0.57617;0.58594;0.5957;0.60547;0.61523;0.625;0.63477;0.64453;0.6543;0.66406;0.67383;0.68359;0.69336;0.70313;0.71289;0.72266;0.73242;0.74219;0.75195;0.76172;0.77148;0.78125;0.79102,0.006453248000000001;0.021306368;0.041238528;0.011394047999999999;0.014150656;0.02454016;0.025158655999999998;0.054293504;0.09644646400000001;0.099922944;0.11663769600000001;0.123261952;0.20184268800000002;0.20941312;0.09670860799999999;0.06621696;0.045044735999999995;0.023057407999999998;0.021595135999999997;0.025521152000000002;0.028817408;0.028189696;0.016863232;0.01302528;0.013981696;0.011983872;0.008489984;0.00809472;0.012374016;0.015747072;0.016365568;0.018237439999999997;0.023651328;0.029042687999999997;0.0301568;0.029313023999999997;0.026785792000000003;0.014419968;0.008417280000000001;0.008472576;0.008813567999999999;0.00669184;0.00596992;0.005737472;0.005320704;0.004717568;0.00414208;0.0038656000000000003;0.006689791999999999;0.00735232;0.004262912000000001;0.005283839999999999;0.006488063999999999;0.004426751999999999;0.00377344;0.00409088;0.004250624;0.005751808;0.004500479999999999;0.003556352;0.00330752;0.00370176;0.0025497600000000003;0.001798144;0.002412544;0.0019169279999999998;0.001829888;0.00199168;0.001927168;0.002306048;0.001754112;0.001374208;0.001212416;0.001476608;0.001829888;0.001726464;0.001065984;0.000907264;0.001253376
1776528000,hdr,0.0293;0.03906;0.04883;0.05859;0.06836;0.07813;0.08789;0.09766;0.10742;0.11719;0.12695;0.13672;0.14648;0.15625;0.16602;0.17578;0.18555;0.19531;0.20508;0.21484;0.22461;0.23438;0.24414;0.25391;0.26367;0.27344;0.2832;0.29297;0.30273;0.3125;0.32227;0.33203;0.3418;0.35156;0.36133;0.37109;0.38086;0.39063;0.40039;0.41016;0.41992;0.42969;0.43945;0.44922;0.45898;0.46875;0.47852;0.48828;0.49805;0.50781;0.51758;0.52734;0.53711;0.54688;0.55664;0.56641;0.57617;0.58594;0.5957;0.60547;0.61523;0.625;0.63477;0.64453;0.6543;0.66406;0.67383;0.68359;0.69336;0.70313;0.71289;0.72266;0.73242;0.74219;0.75195;0.76172;0.77148;0.78125;0.79102,0.001328128;0.012539904000000001;0.015541247999999999;0.00933376;0.024011776000000002;0.029064192;0.031838208;0.04181504;0.065120256;0.10153983999999999;0.21050675200000002;0.1868288;0.155879424;0.245907456;0.180544512;0.123229184;0.063409152;0.039110655999999994;0.021080064;0.011515904;0.015000576000000002;0.01816576;0.021545984;0.019033088;0.013187072;0.014173184;0.015700992;0.015670272000000002;0.016054272;0.017036288;0.024029184000000002;0.026371072;0.02880512;0.030765056;0.01778688;0.019533824;0.01916416;0.019134464;0.015409152;0.012575744;0.011951104;0.012301312;0.008295424000000001;0.006747136000000001;0.006413312;0.005579776;0.006122496;0.0054784;0.006397952;0.005767168;0.005724160000000001;0.004137984000000001;0.0032256;0.0048732160000000005;0.005920768;0.00523264;0.006202368;0.0055582719999999995;0.0038062079999999997;0.0033720319999999996;0.002330624;0.003848192;0.004573184;0.002921472;0.0025610240000000003;0.0024494079999999997;0.003282944;0.004700160000000001;0.003204096;0.0026398719999999997;0.0020162559999999997;0.001062912;0.0008355839999999999;0.001277952;0.001969152;0.0013895679999999999;0.001050624;0.0017397760000000002;0.0013312
1776528900,hdr,0.0293;0.03906;0.04883;0.05859;0.06836;0.07813;0.08789;0.09766;0.10742;0.11719;0.12695;0.13672;0.14648;0.15625;0.16602;0.17578;0.18555;0.19531;0.20508;0.21484;0.22461;0.23438;0.24414;0.25391;0.26367;0.27344;0.2832;0.29297;0.30273;0.3125;0.32227;0.33203;0.3418;0.35156;0.36133;0.37109;0.38086;0.39063;0.40039;0.41016;0.41992;0.42969;0.43945;0.44922;0.45898;0.46875;0.47852;0.48828;0.49805;0.50781;0.51758;0.52734;0.53711;0.54688;0.55664;0.56641;0.57617;0.58594;0.5957;0.60547;0.61523;0.625;0.63477;0.64453;0.6543;0.66406;0.67383;0.68359;0.69336;0.70313;0.71289;0.72266;0.73242;0.74219;0.75195;0.76172;0.77148;0.78125;0.79102,0.007648256;0.011517952;0.00896512;0.008305664;0.012638208;0.026729472;0.032718848;0.047107072;0.084649984;0.100992;0.14684467199999998;0.146412544;0.166923264;0.1322752;0.125305856;0.06414848000000001;0.053989376;0.038985728000000004;0.011721728;0.014770176;0.022669312;0.015098879999999999;0.013587456;0.014705664;0.014755839999999997;0.014897152;0.010934272;0.008358912;0.015194112000000001;0.01877504;0.043242496;0.04860928;0.022319104;0.023983103999999998;0.030394367999999998;0.036824064;0.03479654399999999;0.022358015999999998;0.013872128000000001;0.01600512;0.01171456;0.011873279999999998;0.0076769279999999995;0.011713536;0.010169344;0.010500095999999999;0.007531520000000001;0.006368255999999999;0.0066211840000000004;0.004864;0.006316032;0.006586368;0.006320128;0.008356864;0.006100992;0.004815872;0.005054464;0.0053248;0.005698559999999999;0.004113408;0.003902464;0.0035368960000000003;0.00400384;0.0032296959999999998;0.0027217920000000002;0.00311296;0.001750016;0.002469888;0.002262016;0.002280448;0.002522112;0.0017930239999999998;0.001021952;0.001348608;0.001850368;0.0015779840000000002;0.0012625919999999999;0.0012523519999999998;0.001195008
1776529800,hdr,0.0293;0.03906;0.04883;0.05859;0.06836;0.07813;0.08789;0.09766;0.10742;0.11719;0.12695;0.13672;0.14648;0.15625;0.16602;0.17578;0.18555;0.19531;0.20508;0.21484;0.22461;0.23438;0.24414;0.25391;0.26367;0.27344;0.2832;0.29297;0.30273;0.3125;0.32227;0.33203;0.3418;0.35156;0.36133;0.37109;0.38086;0.39063;0.40039;0.41016;0.41992;0.42969;0.43945;0.44922;0.45898;0.46875;0.47852;0.48828;0.49805;0.50781;0.51758;0.52734;0.53711;0.54688;0.55664;0.56641;0.57617;0.58594;0.5957;0.60547;0.61523;0.625;0.63477;0.64453;0.6543;0.66406;0.67383;0.68359;0.69336;0.70313;0.71289;0.72266;0.73242;0.74219;0.75195;0.76172;0.77148;0.78125;0.79102,0.0064942080000000004;0.017081344000000002;0.011386879999999999;0.007530496;0.021426176;0.047978496;0.029175808;0.025513984;0.054269952;0.074518528;0.15165235200000002;0.150397952;0.16951705599999997;0.23240908799999999;0.18072883200000003;0.09789132800000001;0.09819033599999999;0.043498496000000005;0.024201216;0.022111232;0.016856063999999997;0.014394368000000001;0.013563904;0.012730368;0.012900351999999999;0.012837887999999999;0.010637312;0.014032896;0.025698304;0.024763392;0.02808832;0.044148735999999994;0.053032960000000004;0.038971392;0.031796224;0.021031936;0.018712575999999998;0.017672192;0.010237952;0.009936896;0.008427519999999999;0.005956608;0.006387711999999999;0.005110783999999999;0.006116352;0.006578176000000001;0.0074854399999999995;0.008538111999999999;0.007071744;0.005200896000000001;0.003521536;0.005400576;0.006905856;0.00613888;0.004089856;0.0039075839999999995;0.0046766080000000005;0.0050176;0.0058419200000000004;0.0052172799999999995;0.005186560000000001;0.005718016;0.00225792;0.003295232;0.003617792;0.0030371839999999996;0.0031426559999999997;0.0035614720000000004;0.003351552;0.00185856;0.0015779840000000002;0.0012369920000000001;0.001681408;0.0022947840000000002;0.001672192;0.001702912;0.00158208;0.0008335360000000001;0.001011712
1776530700,hdr,0.0293;0.03906;0.04883;0.05859;0.06836;0.07813;0.08789;0.09766;0.10742;0.11719;0.12695;0.13672;0.14648;0.15625;0.16602;0.17578;0.18555;0.19531;0.20508;0.21484;0.22461;0.23438;0.24414;0.25391;0.26367;0.27344;0.2832;0.29297;0.30273;0.3125;0.32227;0.33203;0.3418;0.35156;0.36133;0.37109;0.38086;0.39063;0.40039;0.41016;0.41992;0.42969;0.43945;0.44922;0.45898;0.46875;0.47852;0.48828;0.49805;0.50781;0.51758;0.52734;0.53711;0.54688;0.55664;0.56641;0.57617;0.58594;0.5957;0.60547;0.61523;0.625;0.63477;0.64453;0.6543;0.66406;0.67383;0.68359;0.69336;0.70313;0.71289;0.72266;0.73242;0.74219;0.75195;0.76172;0.77148;0.78125;0.79102,0.0037375999999999998;0.004571136000000001;0.006272;0.008735744;0.022622207999999998;0.023187456000000002;0.031921152;0.034562048;0.056158208;0.10731212799999999;0.09888768;0.145125376;0.257522688;0.249596928;0.135089152;0.090614784;0.08052224;0.042063872;0.015613951999999999;0.013745152;0.016649216;0.014467072000000001;0.014445567999999999;0.013212671999999998;0.015520768;0.017236992000000003;0.024264703999999998;0.013190144000000001;0.014582784;0.023245824000000002;0.021516288;0.015862784;0.016293888;0.027866112000000002;0.022528;0.017488896;0.01775104;0.018504704;0.008244224;0.009235455999999998;0.011118591999999998;0.008562688;0.00912384;0.010081279999999998;0.0065064960000000005;0.004588544;0.006246400000000001;0.005006336;0.004588544;0.004375552;0.005187583999999999;0.007629824;0.007581696;0.007885824000000001;0.004755456;0.00554496;0.0058818559999999995;0.004210688;0.002622464;0.00311296;0.0022015999999999997;0.002609152;0.003396608;0.00285696;0.003525632;0.0034959360000000003;0.001990656;0.002131968;0.002130944;0.002994176;0.002142208;0.002390016;0.0015165439999999999;0.001820672;0.0022896640000000003;0.001763328;0.001408;0.001435648;0.001426432
1776531600,hdr,0.0293;0.03906;0.04883;0.05859;0.06836;0.07813;0.08789;0.09766;0.10742;0.11719;0.12695;0.13672;0.14648;0.15625;0.16602;0.17578;0.18555;0.19531;0.20508;0.21484;0.22461;0.23438;0.24414;0.25391;0.26367;0.27344;0.2832;0.29297;0.30273;0.3125;0.32227;0.33203;0.3418;0.35156;0.36133;0.37109;0.38086;0.39063;0.40039;0.41016;0.41992;0.42969;0.43945;0.44922;0.45898;0.46875;0.47852;0.48828;0.49805;0.50781;0.51758;0.52734;0.53711;0.54688;0.55664;0.56641;0.57617;0.58594;0.5957;0.60547;0.61523;0.625;0.63477;0.64453;0.6543;0.66406;0.67383;0.68359;0.69336;0.70313;0.71289;0.72266;0.73242;0.74219;0.75195;0.76172;0.77148;0.78125;0.79102,0.0024084479999999997;0.005984256;0.008252416;0.011558912000000001;0.02533888;0.031052800000000002;0.034907136;0.03915776;0.050737152;0.13480140799999998;0.10583961600000001;0.18535424;0.218595328;0.135728128;0.18824601600000002;0.17084620799999997;0.09502310400000001;0.053354496;0.036502528;0.023384064;0.025203712;0.0190976;0.020169727999999998;0.014168064;0.012284928;0.016494592;0.013540352;0.01770496;0.017622016;0.020421632;0.022975488;0.016456704;0.02329088;0.027909120000000003;0.016671744;0.01462784;0.014747647999999999;0.010404864;0.009579520000000001;0.009527296000000001;0.006626304;0.005643264;0.008014848000000001;0.006534144;0.004347904;0.0066304;0.004598784000000001;0.004158464;0.004528127999999999;0.0037345280000000004;0.005352448;0.004867072;0.005005312;0.0037877759999999996;0.0037662719999999998;0.003565568;0.002502656;0.002123776;0.00096768;0.001765376;0.0028672;0.002921472;0.003171328;0.002080768;0.0015738879999999998;0.0016066560000000001;0.0017408;0.0014172160000000002;0.00180224;0.001998848;0.001829888;0.001410048;0.001292288;0.0010178560000000001;0.000861184;0.000802816;0.001053696;0.000995328;0.0007249919999999999
1776532500,hdr,0.0293;0.03906;0.04883;0.05859;0.06836;0.07813;0.08789;0.09766;0.10742;0.11719;0.12695;0.13672;0.14648;0.15625;0.16602;0.17578;0.18555;0.19531;0.20508;0.21484;0.22461;0.23438;0.24414;0.25391;0.26367;0.27344;0.2832;0.29297;0.30273;0.3125;0.32227;0.33203;0.3418;0.35156;0.36133;0.37109;0.38086;0.39063;0.40039;0.41016;0.41992;0.42969;0.43945;0.44922;0.45898;0.46875;0.47852;0.48828;0.49805;0.50781;0.51758;0.52734;0.53711;0.54688;0.55664;0.56641;0.57617;0.58594;0.5957;0.60547;0.61523;0.625;0.63477;0.64453;0.6543;0.66406;0.67383;0.68359;0.69336;0.70313;0.71289;0.72266;0.73242;0.74219;0.75195;0.76172;0.77148;0.78125;0.79102,0.0026449919999999997;0.010173439999999999;0.008797184;0.005869568;0.011823104000000001;0.01698816;0.048556032;0.084355072;0.08195788799999999;0.096147456;0.134150144;0.15221248;0.21077503999999997;0.20600832;0.11142348800000001;0.093147136;0.060471296;0.028333056;0.033744896;0.027449344;0.022014976000000002;0.013215744;0.014696448;0.01359872;0.01612288;0.017637376;0.015885312;0.02211328;0.02236928;0.021799936;0.027235327999999996;0.035055616000000005;0.043075584;0.03539456;0.022317056000000002;0.011515904;0.008802304;0.013872128000000001;0.0094208;0.004624384;0.007016448;0.010738688;0.008222720000000001;0.005126144;0.005494784000000001;0.004890624;0.005564415999999999;0.003111936;0.0037191679999999997;0.006310912;0.004789247999999999;0.0028395519999999995;0.003816448;0.0031897600000000003;0.0032573439999999997;0.003121152;0.00200704;0.0028221440000000004;0.002573312;0.0022231040000000005;0.002919424;0.00285184;0.0023132160000000003;0.0022886399999999998;0.0026859519999999997;0.0024064;0.001430528;0.001504256;0.001185792;0.0013056;0.0020930559999999994;0.0018135039999999999;0.001626112;0.0014213119999999999;0.0016097280000000002;0.001429504;0.001227776;0.000878592;0.001189888
1776533400,hdr,0.0293;0.03906;0.04883;0.05859;0.06836;0.07813;0.08789;0.09766;0.10742;0.11719;0.12695;0.13672;0.14648;0.15625;0.16602;0.17578;0.18555;0.19531;0.20508;0.21484;0.22461;0.23438;0.24414;0.25391;0.26367;0.27344;0.2832;0.29297;0.30273;0.3125;0.32227;0.33203;0.3418;0.35156;0.36133;0.37109;0.38086;0.39063;0.40039;0.41016;0.41992;0.42969;0.43945;0.44922;0.45898;0.46875;0.47852;0.48828;0.49805;0.50781;0.51758;0.52734;0.53711;0.54688;0.55664;0.56641;0.57617;0.58594;0.5957;0.60547;0.61523;0.625;0.63477;0.64453;0.6543;0.66406;0.67383;0.68359;0.69336;0.70313;0.71289;0.72266;0.73242;0.74219;0.75195;0.76172;0.77148;0.78125;0.79102,0.003617792;0.010786816000000001;0.013316096;0.010385407999999999;0.026765312000000003;0.036127743999999996;0.053977088000000006;0.051140608;0.049179648;0.064193536;0.07380889600000001;0.130011136;0.22581247999999998;0.223009792;0.118065152;0.101946368;0.08878592;0.046938112;0.028438528;0.022274047999999998;0.015958016000000002;0.010131456;0.015378432000000001;0.019724288;0.01734656;0.019554304;0.024936448;0.020633600000000002;0.018177023999999996;0.026993664;0.028967936000000003;0.023001088;0.027901952;0.024979455999999997;0.024802304;0.028511232;0.026530816000000002;0.018180095999999996;0.008599552;0.008379392;0.00673792;0.007135232;0.007543808;0.009097216;0.008563712000000001;0.005952512;0.010017792;0.008340479999999999;0.008930304;0.007662591999999999;0.00723968;0.0071362560000000005;0.004929536;0.0033003520000000003;0.004796416;0.004615167999999999;0.004487168;0.003408896;0.003720192;0.004099072;0.00510464;0.007600127999999999;0.005615616;0.002825216;0.002909184;0.0017663999999999998;0.0020572159999999997;0.0029409279999999998;0.00217088;0.0017090559999999998;0.002117632;0.0020633599999999998;0.00236032;0.0021964800000000002;0.002269184;0.001359872;0.001253376;0.001668096;0.0016936960000000002
1776534300,hdr,0.0293;0.03906;0.04883;0.05859;0.06836;0.07813;0.08789;0.09766;0.10742;0.11719;0.12695;0.13672;0.14648;0.15625;0.16602;0.17578;0.18555;0.19531;0.20508;0.21484;0.22461;0.23438;0.24414;0.25391;0.26367;0.27344;0.2832;0.29297;0.30273;0.3125;0.32227;0.33203;0.3418;0.35156;0.36133;0.37109;0.38086;0.39063;0.40039;0.41016;0.41992;0.42969;0.43945;0.44922;0.45898;0.46875;0.47852;0.48828;0.49805;0.50781;0.51758;0.52734;0.53711;0.54688;0.55664;0.56641;0.57617;0.58594;0.5957;0.60547;0.61523;0.625;0.63477;0.64453;0.6543;0.66406;0.67383;0.68359;0.69336;0.70313;0.71289;0.72266;0.73242;0.74219;0.75195;0.76172;0.77148;0.78125;0.79102,0.003521536;0.006167552;0.008950784;0.012295168;0.021275648;0.026935296;0.040185856;0.063947776;0.07129804799999999;0.07716659199999999;0.092746752;0.135315456;0.12369920000000001;0.143720448;0.141129728;0.135177216;0.12323123200000001;0.068871168;0.027689984;0.033595392;0.026566655999999998;0.012619776;0.008341504000000001;0.014074880000000001;0.018074624;0.01735168;0.019430399999999997;0.027654144;0.029053951999999997;0.040892416;0.033680384;0.043382784;0.040608767999999996;0.017547264;0.025795584000000003;0.030731263999999998;0.016346112;0.012911616;0.016352256000000003;0.012270592;0.009795584000000001;0.006995968000000001;0.005912576;0.008927232;0.00918528;0.006779904000000001;0.007292928;0.006444032000000001;0.009013248000000001;0.008184832;0.005532672;0.0071424;0.00643584;0.006079487999999999;0.0055982079999999995;0.007457792;0.007655424;0.004798464;0.004334592;0.003493888;0.004551680000000001;0.00485376;0.005245952;0.006499328;0.004450304;0.0030361600000000004;0.003340288;0.003007488;0.0033003520000000003;0.0031242239999999997;0.001882112;0.00256;0.0024391680000000002;0.0019937279999999997;0.001584128;0.001661952;0.001374208;0.001651712;0.001532928
1776535200,hdr,0.0293;0.03906;0.04883;0.05859;0.06836;0.07813;0.08789;0.09766;0.10742;0.11719;0.12695;0.13672;0.14648;0.15625;0.16602;0.17578;0.18555;0.19531;0.20508;0.21484;0.22461;0.23438;0.24414;0.25391;0.26367;0.27344;0.2832;0.29297;0.30273;0.3125;0.32227;0.33203;0.3418;0.35156;0.36133;0.37109;0.38086;0.39063;0.40039;0.41016;0.41992;0.42969;0.43945;0.44922;0.45898;0.46875;0.47852;0.48828;0.49805;0.50781;0.51758;0.52734;0.53711;0.54688;0.55664;0.56641;0.57617;0.58594;0.5957;0.60547;0.61523;0.625;0.63477;0.64453;0.6543;0.66406;0.67383;0.68359;0.69336;0.70313;0.71289;0.72266;0.73242;0.74219;0.75195;0.76172;0.77148;0.78125;0.79102,0.00301056;0.00985088;0.011212799999999998;0.009804799999999999;0.033817599999999996;0.055575552;0.049815552;0.045006847999999995;0.04994252800000001;0.07815884800000002;0.147547136;0.19271270399999998;0.21650022400000002;0.167415808;0.12813824;0.085175296;0.075972608;0.059262976;0.041209856;0.021324799999999998;0.01626112;0.012176384;0.014495744000000001;0.021914624;0.022042624;0.018525184;0.023838719999999997;0.03152384;0.041375744;0.030487552;0.037106688;0.05796864;0.053890048;0.053421055999999995;0.030641152;0.023600128;0.011352064;0.01254912;0.014050304;0.012665856;0.012681215999999999;0.0162048;0.015588352000000001;0.016479232;0.016867328;0.008334336000000001;0.009360384;0.0068096;0.007906304;0.007940095999999999;0.007185407999999999;0.004683776;0.005083135999999999;0.004758528000000001;0.00344576;0.004236288;0.004089856;0.005425152;0.005373952;0.0070246399999999995;0.006498304;0.005157888;0.0025047039999999995;0.005295104;0.004456448;0.002405376;0.002522112;0.004257792000000001;0.003074048;0.0029757440000000002;0.0038492160000000004;0.00349696;0.002151424;0.0020633599999999998;0.00213504;0.002229248;0.002014208;0.001149952;0.001040384
1776536100,hdr,0.0293;0.03906;0.04883;0.05859;0.06836;0.07813;0.08789;0.09766;0.10742;0.11719;0.12695;0.13672;0.14648;0.15625;0.16602;0.17578;0.18555;0.19531;0.20508;0.21484;0.22461;0.23438;0.24414;0.25391;0.26367;0.27344;0.2832;0.29297;0.30273;0.3125;0.32227;0.33203;0.3418;0.35156;0.36133;0.37109;0.38086;0.39063;0.40039;0.41016;0.41992;0.42969;0.43945;0.44922;0.45898;0.46875;0.47852;0.48828;0.49805;0.50781;0.51758;0.52734;0.53711;0.54688;0.55664;0.56641;0.57617;0.58594;0.5957;0.60547;0.61523;0.625;0.63477;0.64453;0.6543;0.66406;0.67383;0.68359;0.69336;0.70313;0.71289;0.72266;0.73242;0.74219;0.75195;0.76172;0.77148;0.78125;0.79102,0.006772736;0.016703488000000002;0.017069056;0.016390144;0.017926144;0.028931072;0.06643302400000001;0.055966720000000005;0.053532671999999996;0.087646208;0.096159744;0.14242816;0.14206464;0.10752102399999999;0.09439948800000002;0.075968512;0.07490047999999999;0.050076671999999996;0.030806016;0.047128576;0.024670208;0.019965952000000002;0.020981760000000002;0.022109183999999997;0.017717248000000005;0.017269760000000002;0.023386112;0.026544128;0.03305472;0.031046656;0.037377023999999995;0.033895424;0.027009024;0.022743040000000003;0.025752576;0.019739648;0.02080256;0.019734528;0.012901376;0.01224704;0.015668224;0.018269183999999997;0.01147904;0.012093439999999999;0.01522688;0.011496447999999998;0.010425344000000001;0.008336384;0.006587392000000001;0.01004032;0.010187775999999999;0.006162432;0.004598784000000001;0.004759552;0.008000512000000001;0.005204992;0.0039495680000000005;0.003268608;0.004731904;0.006301696;0.005636096;0.004879360000000001;0.00296448;0.002673664;0.00319488;0.003282944;0.004189184;0.004476928;0.00305664;0.001696768;0.002138112;0.002312192;0.002671616;0.001948672;0.001692672;0.002134016;0.002364416;0.001734656;0.001229824
1776537000,hdr,0.0293;0.03906;0.04883;0.05859;0.06836;0.07813;0.08789;0.09766;0.10742;0.11719;0.12695;0.13672;0.14648;0.15625;0.16602;0.17578;0.18555;0.19531;0.20508;0.21484;0.22461;0.23438;0.24414;0.25391;0.26367;0.27344;0.2832;0.29297;0.30273;0.3125;0.32227;0.33203;0.3418;0.35156;0.36133;0.37109;0.38086;0.39063;0.40039;0.41016;0.41992;0.42969;0.43945;0.44922;0.45898;0.46875;0.47852;0.48828;0.49805;0.50781;0.51758;0.52734;0.53711;0.54688;0.55664;0.56641;0.57617;0.58594;0.5957;0.60547;0.61523;0.625;0.63477;0.64453;0.6543;0.66406;0.67383;0.68359;0.69336;0.70313;0.71289;0.72266;0.73242;0.74219;0.75195;0.76172;0.77148;0.78125;0.79102,0.001281024;0.007042048;0.01112064;0.007320576;0.020110336;0.026392575999999997;0.04473856;0.056710144;0.072215552;0.0957952;0.07952384000000001;0.062671872;0.040819712;0.097446912;0.093817856;0.093659136;0.092686336;0.07506329599999999;0.044005376;0.023820288000000002;0.016691199999999996;0.022552575999999998;0.017540095999999998;0.015821823999999998;0.017815552;0.018627584;0.027101184;0.040649728;0.035425279999999996;0.035154944;0.03830272;0.021680128;0.025665536;0.029640703999999997;0.026650624;0.026389503999999998;0.0184064;0.012694528;0.0158208;0.014002176000000002;0.014180351999999998;0.01375232;0.016761856000000002;0.011503616;0.008744960000000001;0.010484736;0.007892992;0.009852928;0.009660416;0.007275520000000001;0.00557568;0.007425024;0.008220672;0.007458816;0.007105536;0.007446528;0.006483968;0.004402176;0.003371008;0.003749888;0.005271552;0.0036024319999999996;0.003434496;0.003357696;0.004112384;0.00385536;0.0029378560000000004;0.0037048320000000004;0.0030607359999999997;0.0019712;0.0024739840000000003;0.0019712;0.0016711679999999998;0.0018687999999999999;0.0020183040000000003;0.001533952;0.002265088;0.002282496;0.0014929920000000003
1776537900,hdr,0.0293;0.03906;0.04883;0.05859;0.06836;0.07813;0.08789;0.09766;0.10742;0.11719;0.12695;0.13672;0.14648;0.15625;0.16602;0.17578;0.18555;0.19531;0.20508;0.21484;0.22461;0.23438;0.24414;0.25391;0.26367;0.27344;0.2832;0.29297;0.30273;0.3125;0.32227;0.33203;0.3418;0.35156;0.36133;0.37109;0.38086;0.39063;0.40039;0.41016;0.41992;0.42969;0.43945;0.44922;0.45898;0.46875;0.47852;0.48828;0.49805;0.50781;0.51758;0.52734;0.53711;0.54688;0.55664;0.56641;0.57617;0.58594;0.5957;0.60547;0.61523;0.625;0.63477;0.64453;0.6543;0.66406;0.67383;0.68359;0.69336;0.70313;0.71289;0.72266;0.73242;0.74219;0.75195;0.76172;0.77148;0.78125;0.79102,0.00436736;0.009381888000000001;0.00916992;0.008684544;0.012529664000000001;0.026205183999999996;0.054197247999999996;0.05444608;0.045575168;0.09150259200000001;0.123894784;0.085665792;0.07847526399999999;0.092850176;0.119349248;0.10055987200000001;0.053267456000000005;0.03404390399999999;0.04391116800000001;0.043680768;0.019802112;0.018789376;0.024742912;0.018089984;0.02058752;0.03318988800000001;0.041070591999999996;0.03099136;0.042053632;0.045692928;0.025531392;0.018064384000000003;0.01494016;0.020175872;0.018082816;0.018451456;0.015902720000000002;0.017980416000000003;0.018198528;0.011860992;0.01355264;0.007887871999999999;0.007605247999999999;0.008918015999999999;0.008132608;0.01168896;0.014568448;0.00708608;0.006726656;0.006929408;0.007561216;0.005376;0.006002688;0.005594112;0.006059008000000001;0.00580608;0.005142528;0.003606528;0.003620864;0.0031938559999999997;0.002506752;0.0036311040000000004;0.003818496;0.0035327999999999996;0.003796992;0.002676736;0.002213888;0.002418688;0.002052096;0.003355648;0.003385344;0.002556928;0.0019046400000000002;0.0015411200000000002;0.002110464;0.002034688;0.0011601919999999998;0.0014714879999999997;0.001809408
1776538800,hdr,0.0293;0.03906;0.04883;0.05859;0.06836;0.07813;0.08789;0.09766;0.10742;0.11719;0.12695;0.13672;0.14648;0.15625;0.16602;0.17578;0.18555;0.19531;0.20508;0.21484;0.22461;0.23438;0.24414;0.25391;0.26367;0.27344;0.2832;0.29297;0.30273;0.3125;0.32227;0.33203;0.3418;0.35156;0.36133;0.37109;0.38086;0.39063;0.40039;0.41016;0.41992;0.42969;0.43945;0.44922;0.45898;0.46875;0.47852;0.48828;0.49805;0.50781;0.51758;0.52734;0.53711;0.54688;0.55664;0.56641;0.57617;0.58594;0.5957;0.60547;0.61523;0.625;0.63477;0.64453;0.6543;0.66406;0.67383;0.68359;0.69336;0.70313;0.71289;0.72266;0.73242;0.74219;0.75195;0.76172;0.77148;0.78125;0.79102,0.002052096;0.009658367999999999;0.01560576;0.007422976;0.02210304;0.037346304000000004;0.019990528;0.030043136;0.048262144;0.045042688;0.068984832;0.091684864;0.10850816;0.124095488;0.095120384;0.05637632;0.07775231999999999;0.069851136;0.05408768;0.045092864;0.022936575999999997;0.020588543999999997;0.018236416;0.033221632;0.037065728000000006;0.030384128;0.030570496;0.053786624000000005;0.08396595200000001;0.06415257599999999;0.05311283199999999;0.028219392;0.016777216;0.02948608;0.024000511999999998;0.017359872;0.012361727999999999;0.012044288;0.010474496000000002;0.012158975999999998;0.014571520000000001;0.009970688;0.008654848;0.008382464;0.007602176;0.009992191999999999;0.013456384;0.012372992;0.006468607999999999;0.005868544;0.004574208;0.006925312;0.006144;0.005902336;0.006895616;0.004222976;0.004413439999999999;0.004182015999999999;0.003661824;0.006888448;0.005927936;0.004363264;0.0024371200000000005;0.002675712;0.0014233599999999998;0.0021504000000000002;0.003488768;0.004234239999999999;0.0023941119999999995;0.003341312;0.0023336960000000006;0.0024545279999999997;0.0021862400000000003;0.0019824639999999998;0.002404352;0.00246784;0.0019968;0.001714176;0.002176
1776539700,hdr,0.0293;0.03906;0.04883;0.05859;0.06836;0.07813;0.08789;0.09766;0.10742;0.11719;0.12695;0.13672;0.14648;0.15625;0.16602;0.17578;0.18555;0.19531;0.20508;0.21484;0.22461;0.23438;0.24414;0.25391;0.26367;0.27344;0.2832;0.29297;0.30273;0.3125;0.32227;0.33203;0.3418;0.35156;0.36133;0.37109;0.38086;0.39063;0.40039;0.41016;0.41992;0.42969;0.43945;0.44922;0.45898;0.46875;0.47852;0.48828;0.49805;0.50781;0.51758;0.52734;0.53711;0.54688;0.55664;0.56641;0.57617;0.58594;0.5957;0.60547;0.61523;0.625;0.63477;0.64453;0.6543;0.66406;0.67383;0.68359;0.69336;0.70313;0.71289;0.72266;0.73242;0.74219;0.75195;0.76172;0.77148;0.78125;0.79102,0.002092032;0.016268288;0.017157119999999998;0.00950784;0.021414912;0.017608704;0.049304576;0.08381337600000001;0.045851647999999995;0.09437081600000001;0.13173759999999998;0.133504;0.102555648;0.07827046400000001;0.047704064000000004;0.08460288;0.081124352;0.051723264000000005;0.033389568;0.026939392;0.037174272;0.0246016;0.033662976000000004;0.028931072;0.043475968000000004;0.057209855999999996;0.074646528;0.074749952;0.0810752;0.053921792;0.03859968;0.033137664000000004;0.024774656;0.027145216;0.032123904;0.025668608;0.015353855999999999;0.020481024;0.01521664;0.008905728;0.011054079999999999;0.013425663999999999;0.011242496;0.010929152;0.009160704000000002;0.011885568;0.012228608;0.0092416;0.008547328;0.006964224;0.007624704;0.00822784;0.007325696;0.005873664;0.002164736;0.003134464;0.005216255999999999;0.004471808;0.003653632;0.004198400000000001;0.004335616;0.0018042879999999998;0.00247296;0.003125248;0.003248128;0.003456;0.003069952;0.002199552;0.001446912;0.0015616000000000002;0.002337792;0.0019435519999999999;0.001933312;0.001795072;0.00203776;0.002423808;0.001672192;0.0011632640000000002;0.001624064
1776540600,hdr,0.0293;0.03906;0.04883;0.05859;0.06836;0.07813;0.08789;0.09766;0.10742;0.11719;0.12695;0.13672;0.14648;0.15625;0.16602;0.17578;0.18555;0.19531;0.20508;0.21484;0.22461;0.23438;0.24414;0.25391;0.26367;0.27344;0.2832;0.29297;0.30273;0.3125;0.32227;0.33203;0.3418;0.35156;0.36133;0.37109;0.38086;0.39063;0.40039;0.41016;0.41992;0.42969;0.43945;0.44922;0.45898;0.46875;0.47852;0.48828;0.49805;0.50781;0.51758;0.52734;0.53711;0.54688;0.55664;0.56641;0.57617;0.58594;0.5957;0.60547;0.61523;0.625;0.63477;0.64453;0.6543;0.66406;0.67383;0.68359;0.69336;0.70313;0.71289;0.72266;0.73242;0.74219;0.75195;0.76172;0.77148;0.78125;0.79102,0.010834943999999999;0.02328064;0.013707264;0.008357888;0.018596864;0.039583744000000004;0.035517440000000004;0.049061888000000005;0.051469312;0.10611609600000001;0.126610432;0.076043264;0.062132224;0.05676032;0.054776832000000004;0.07523737600000001;0.05331456;0.046403584000000005;0.046820351999999996;0.073700352;0.038348799999999995;0.03569152;0.050554879999999996;0.06936576;0.066405376;0.06871859200000001;0.093498368;0.10224639999999999;0.10526105599999999;0.041739264;0.025647104;0.036657152;0.028530688000000002;0.020751359999999996;0.01826304;0.013184;0.014440448;0.012333055999999998;0.010172416;0.011291648000000001;0.015594496;0.012910591999999999;0.012423168;0.010007552;0.006667264;0.007166975999999999;0.0061184;0.005776384;0.006793216;0.005850112;0.004760576;0.006592512;0.006142976;0.005180416;0.005325824;0.004554752;0.0038092800000000004;0.0029880320000000003;0.0041113600000000005;0.004641792;0.003780608;0.0032389119999999996;0.003484672;0.005632;0.00464384;0.002412544;0.002707456;0.0035287039999999997;0.0026777600000000004;0.0021626880000000003;0.0023459839999999997;0.002364416;0.002352128;0.0014192640000000002;0.001654784;0.001681408;0.001759232;0.0017684480000000002;0.001308672
1776541500,hdr,0.0293;0.03906;0.04883;0.05859;0.06836;0.07813;0.08789;0.09766;0.10742;0.11719;0.12695;0.13672;0.14648;0.15625;0.16602;0.17578;0.18555;0.19531;0.20508;0.21484;0.22461;0.23438;0.24414;0.25391;0.26367;0.27344;0.2832;0.29297;0.30273;0.3125;0.32227;0.33203;0.3418;0.35156;0.36133;0.37109;0.38086;0.39063;0.40039;0.41016;0.41992;0.42969;0.43945;0.44922;0.45898;0.46875;0.47852;0.48828;0.49805;0.50781;0.51758;0.52734;0.53711;0.54688;0.55664;0.56641;0.57617;0.58594;0.5957;0.60547;0.61523;0.625;0.63477;0.64453;0.6543;0.66406;0.67383;0.68359;0.69336;0.70313;0.71289;0.72266;0.73242;0.74219;0.75195;0.76172;0.77148;0.78125;0.79102,0.004719616;0.007581696;0.012582912;0.014360576;0.022735872;0.046558208;0.06061056;0.053599232000000004;0.048646144;0.079463424;0.09163264;0.06343987200000001;0.048374784;0.067719168;0.083075072;0.049081344000000006;0.043020288000000004;0.038077440000000004;0.03702272;0.0298752;0.042761216;0.068851712;0.097722368;0.108060672;0.07123968000000001;0.081913856;0.073836544;0.059713536;0.056348671999999995;0.0734464;0.059302912;0.037619712;0.03564851199999999;0.031737856;0.026681344000000003;0.019195904;0.022298624;0.017909759999999997;0.017796095999999997;0.01603584;0.012929023999999999;0.022014976000000002;0.020384768;0.017053696;0.008004608;0.007011328;0.00643584;0.0069222400000000005;0.008139776;0.00916992;0.009285632;0.007118848;0.005968896;0.004870144;0.00677376;0.00801792;0.005118976;0.003385344;0.0020183040000000003;0.00226304;0.003115008;0.004122624;0.004339712;0.0030341120000000003;0.0028395519999999995;0.0031375360000000002;0.0022712319999999998;0.002000896;0.001901568;0.0023572479999999997;0.002108416;0.001757184;0.001680384;0.001477632;0.00163328;0.0021534719999999996;0.0015544320000000001;0.00113152;0.0014878720000000001
1776542400,hdr,0.0293;0.03906;0.04883;0.05859;0.06836;0.07813;0.08789;0.09766;0.10742;0.11719;0.12695;0.13672;0.14648;0.15625;0.16602;0.17578;0.18555;0.19531;0.20508;0.21484;0.22461;0.23438;0.24414;0.25391;0.26367;0.27344;0.2832;0.29297;0.30273;0.3125;0.32227;0.33203;0.3418;0.35156;0.36133;0.37109;0.38086;0.39063;0.40039;0.41016;0.41992;0.42969;0.43945;0.44922;0.45898;0.46875;0.47852;0.48828;0.49805;0.50781;0.51758;0.52734;0.53711;0.54688;0.55664;0.56641;0.57617;0.58594;0.5957;0.60547;0.61523;0.625;0.63477;0.64453;0.6543;0.66406;0.67383;0.68359;0.69336;0.70313;0.71289;0.72266;0.73242;0.74219;0.75195;0.76172;0.77148;0.78125;0.79102,0.003790848;0.010642431999999999;0.008342528;0.013566976000000001;0.02852864;0.032728064;0.048203776;0.08347647999999999;0.095917056;0.10983731199999999;0.064820224;0.032345087999999994;0.04172390399999999;0.06520422399999999;0.078205952;0.080024576;0.063053824;0.06367948799999999;0.05454028799999999;0.05444710400000001;0.06492672000000001;0.05592576;0.070226944;0.07249100799999998;0.099625984;0.072157184;0.06595481599999999;0.069102592;0.062473216;0.040925184;0.034243583999999994;0.034179072;0.037030912000000006;0.037873663999999994;0.033519616;0.025665536;0.018199552;0.013756415999999999;0.022628351999999997;0.020048896;0.014139392000000002;0.0096256;0.010549247999999999;0.008153088000000001;0.007655424;0.005648384;0.006624256;0.006020096;0.00848384;0.00883712;0.008792064;0.006569983999999999;0.003134464;0.004165632;0.003429376;0.00375808;0.00391168;0.00314368;0.003721216;0.00267264;0.002577408;0.002914304;0.003175424;0.002953216;0.0023173119999999998;0.00265728;0.0015411200000000002;0.00182272;0.002618368;0.002551808;0.002722816;0.0011048960000000002;0.0016230399999999999;0.001302528;0.001317888;0.001133568;0.001220608;0.00160256;0.001442816
1776543300,hdr,0.0293;0.03906;0.04883;0.05859;0.06836;0.07813;0.08789;0.09766;0.10742;0.11719;0.12695;0.13672;0.14648;0.15625;0.16602;0.17578;0.18555;0.19531;0.20508;0.21484;0.22461;0.23438;0.24414;0.25391;0.26367;0.27344;0.2832;0.29297;0.30273;0.3125;0.32227;0.33203;0.3418;0.35156;0.36133;0.37109;0.38086;0.39063;0.40039;0.41016;0.41992;0.42969;0.43945;0.44922;0.45898;0.46875;0.47852;0.48828;0.49805;0.50781;0.51758;0.52734;0.53711;0.54688;0.55664;0.56641;0.57617;0.58594;0.5957;0.60547;0.61523;0.625;0.63477;0.64453;0.6543;0.66406;0.67383;0.68359;0.69336;0.70313;0.71289;0.72266;0.73242;0.74219;0.75195;0.76172;0.77148;0.78125;0.79102,0.001040384;0.007200768;0.010246143999999999;0.014104575999999999;0.019675136;0.015199232;0.03751936;0.054573056;0.041437184;0.10943795199999999;0.09573683200000001;0.06216192;0.054837248;0.04150271999999999;0.052207616;0.040288255999999995;0.037736448000000006;0.056544255999999994;0.05284864000000001;0.054120448;0.075075584;0.08905728;0.089592832;0.17904025599999998;0.193212416;0.141672448;0.07647027199999999;0.062686208;0.05138944;0.03372544;0.03108352;0.013858816;0.017532928;0.017444863999999997;0.021523456;0.026120192;0.012883967999999999;0.011619328;0.015432704;0.017224703999999997;0.018622464;0.012928;0.013701119999999999;0.011034624000000002;0.010073088;0.007272447999999999;0.006874112;0.009519104;0.009115648;0.008890368000000001;0.008052736;0.008639487999999999;0.00768;0.005602304;0.007164928;0.0055582719999999995;0.004478976000000001;0.004120576;0.003677184;0.00340992;0.003641344;0.0035010560000000002;0.002936832;0.0036321279999999997;0.003521536;0.003670016;0.003813376;0.002981888;0.0026900479999999996;0.002850816;0.0026849280000000005;0.00200192;0.0016148479999999999;0.001248256;0.002341888;0.002130944;0.001376256;0.001153024;0.0016302080000000002
1776544200,hdr,0.0293;0.03906;0.04883;0.05859;0.06836;0.07813;0.08789;0.09766;0.10742;0.11719;0.12695;0.13672;0.14648;0.15625;0.16602;0.17578;0.18555;0.19531;0.20508;0.21484;0.22461;0.23438;0.24414;0.25391;0.26367;0.27344;0.2832;0.29297;0.30273;0.3125;0.32227;0.33203;0.3418;0.35156;0.36133;0.37109;0.38086;0.39063;0.40039;0.41016;0.41992;0.42969;0.43945;0.44922;0.45898;0.46875;0.47852;0.48828;0.49805;0.50781;0.51758;0.52734;0.53711;0.54688;0.55664;0.56641;0.57617;0.58594;0.5957;0.60547;0.61523;0.625;0.63477;0.64453;0.6543;0.66406;0.67383;0.68359;0.69336;0.70313;0.71289;0.72266;0.73242;0.74219;0.75195;0.76172;0.77148;0.78125;0.79102,0.0026695679999999998;0.006889472;0.005224448;0.008233984;0.021738496000000003;0.047767552000000005;0.033804288;0.047818752;0.059774976;0.0346624;0.063848448;0.08390655999999999;0.04234752000000001;0.054258688;0.039236608;0.039476224000000004;0.058195968;0.04623360000000001;0.044957696;0.097025024;0.100717568;0.086731776;0.14697881599999998;0.173001728;0.161542144;0.121853952;0.06560256;0.065446912;0.056579072;0.038789119999999996;0.031991808;0.025238528;0.024879104000000003;0.01622016;0.020183039999999996;0.017260544;0.019034112000000002;0.0153344;0.014788608;0.012102656;0.010528768;0.014519296000000001;0.018904064;0.017161216;0.008638464;0.004912128;0.010496;0.014529536000000001;0.009101312;0.006436864;0.004448255999999999;0.003955712;0.004528127999999999;0.005608448;0.005864448;0.007753728;0.006289408;0.005233664;0.005599232;0.00377856;0.002809856;0.002719744;0.003008512;0.003504128;0.0042496;0.004400128;0.003218432;0.00258048;0.0031887359999999997;0.002404352;0.001649664;0.0019712;0.001651712;0.001333248;0.001928192;0.001814528;0.0017735679999999999;0.0018862080000000001;0.0025262080000000003
1776545100,hdr,0.0293;0.03906;0.04883;0.05859;0.06836;0.07813;0.08789;0.09766;0.10742;0.11719;0.12695;0.13672;0.14648;0.15625;0.16602;0.17578;0.18555;0.19531;0.20508;0.21484;0.22461;0.23438;0.24414;0.25391;0.26367;0.27344;0.2832;0.29297;0.30273;0.3125;0.32227;0.33203;0.3418;0.35156;0.36133;0.37109;0.38086;0.39063;0.40039;0.41016;0.41992;0.42969;0.43945;0.44922;0.45898;0.46875;0.47852;0.48828;0.49805;0.50781;0.51758;0.52734;0.53711;0.54688;0.55664;0.56641;0.57617;0.58594;0.5957;0.60547;0.61523;0.625;0.63477;0.64453;0.6543;0.66406;0.67383;0.68359;0.69336;0.70313;0.71289;0.72266;0.73242;0.74219;0.75195;0.76172;0.77148;0.78125;0.79102,0.001041408;0.000411648;0.002177024;0.00468992;0.022149119999999998;0.027208704;0.030401536;0.044244992000000004;0.046179328;0.053342208;0.093923328;0.065897472;0.046316544;0.042160128;0.054919168;0.06427648;0.04417024;0.045360128000000006;0.041621504000000004;0.070342656;0.099769344;0.140758016;0.071235584;0.091998208;0.08481177599999999;0.05161472;0.043644928;0.027336704;0.028111872000000003;0.025259008000000003;0.029110271999999996;0.037796864;0.032393216;0.021311488;0.020881408;0.028688383999999997;0.023404544000000003;0.013406208;0.013955072;0.01148416;0.011101184;0.01056256;0.009791488;0.0142848;0.018276352;0.013367296;0.015647743999999998;0.012713984000000001;0.011695104000000001;0.009705472;0.007120896;0.00918528;0.008093696;0.009852928;0.005957632000000001;0.005330944;0.0059340799999999996;0.00560128;0.005741568;0.006448128;0.006739968;0.004285440000000001;0.002712576;0.00239616;0.002482176;0.0022323200000000003;0.0018974719999999999;0.00255488;0.003831808;0.003252224;0.0026900479999999996;0.003267584;0.0022487040000000002;0.001645568;0.002423808;0.001887232;0.0013895679999999999;0.002009088;0.002051072
1776546900,hdr,0.0293;0.03906;0.04883;0.05859;0.06836;0.07813;0.08789;0.09766;0.10742;0.11719;0.12695;0.13672;0.14648;0.15625;0.16602;0.17578;0.18555;0.19531;0.20508;0.21484;0.22461;0.23438;0.24414;0.25391;0.26367;0.27344;0.2832;0.29297;0.30273;0.3125;0.32227;0.33203;0.3418;0.35156;0.36133;0.37109;0.38086;0.39063;0.40039;0.41016;0.41992;0.42969;0.43945;0.44922;0.45898;0.46875;0.47852;0.48828;0.49805;0.50781;0.51758;0.52734;0.53711;0.54688;0.55664;0.56641;0.57617;0.58594;0.5957;0.60547;0.61523;0.625;0.63477;0.64453;0.6543;0.66406;0.67383;0.68359;0.69336;0.70313;0.71289;0.72266;0.73242;0.74219;0.75195;0.76172;0.77148;0.78125;0.79102,0.0027402240000000003;0.005634048;0.005157888;0.0091904;0.02294272;0.018833408;0.037036031999999997;0.047571968;0.05595136;0.079106048;0.07293952000000001;0.081800192;0.054462464;0.0432128;0.034622464;0.033916928;0.056328192000000006;0.070262784;0.08625152;0.08522752;0.06611968000000001;0.099992576;0.098212864;0.130878464;0.106200064;0.07363072;0.056602624;0.045924352;0.06624153599999999;0.050737152;0.041084928;0.038893567999999996;0.031810559999999995;0.024832;0.025612288;0.023625728;0.02907648;0.02440192;0.01907712;0.014070784;0.015633407999999998;0.016997376;0.01801728;0.013689856000000002;0.013877248;0.014626816;0.012998656;0.01021952;0.010333183999999999;0.007810048;0.0111616;0.01287168;0.007642112;0.005818368;0.008042496;0.0068976639999999995;0.0056576000000000005;0.002640896;0.0029419520000000003;0.0032204799999999995;0.0038410239999999997;0.004006912;0.004329472;0.004224;0.0041809920000000006;0.0036403200000000003;0.003115008;0.001845248;0.002069504;0.002064384;0.001963008;0.001742848;0.002131968;0.00204288;0.0017766400000000001;0.0015779840000000002;0.0015616000000000002;0.00183296;0.001580032
1776547800,hdr,0.0293;0.03906;0.04883;0.05859;0.06836;0.07813;0.08789;0.09766;0.10742;0.11719;0.12695;0.13672;0.14648;0.15625;0.16602;0.17578;0.18555;0.19531;0.20508;0.21484;0.22461;0.23438;0.24414;0.25391;0.26367;0.27344;0.2832;0.29297;0.30273;0.3125;0.32227;0.33203;0.3418;0.35156;0.36133;0.37109;0.38086;0.39063;0.40039;0.41016;0.41992;0.42969;0.43945;0.44922;0.45898;0.46875;0.47852;0.48828;0.49805;0.50781;0.51758;0.52734;0.53711;0.54688;0.55664;0.56641;0.57617;0.58594;0.5957;0.60547;0.61523;0.625;0.63477;0.64453;0.6543;0.66406;0.67383;0.68359;0.69336;0.70313;0.71289;0.72266;0.73242;0.74219;0.75195;0.76172;0.77148;0.78125;0.79102,0.0014110720000000002;0.0026419199999999994;0.0054138879999999995;0.00721408;0.02276352;0.02591744;0.028664832;0.048697344000000004;0.056634368000000004;0.064741376;0.053562368;0.062403584000000005;0.038856704;0.03378176;0.033742848000000006;0.037368832;0.041907200000000006;0.076604416;0.121959424;0.12321894399999998;0.123219968;0.11013120000000001;0.111050752;0.101646336;0.06569472;0.063543296;0.038175744;0.032774144;0.023796736000000002;0.032751616;0.038123519999999994;0.031407104;0.03209728;0.01829888;0.018363392;0.017847296;0.029526016;0.024968192;0.016338944;0.013064192;0.012894208;0.011450367999999999;0.012904448;0.012768255999999999;0.01285632;0.014224384;0.013143039999999998;0.010976256;0.008295424000000001;0.007266304;0.009116672;0.012269568;0.008394752;0.004862976;0.0049807359999999995;0.004465664;0.003693568;0.005355520000000001;0.004794368;0.004614144;0.00451584;0.003567616;0.0036812800000000003;0.002071552;0.0022323200000000003;0.0030289920000000003;0.002696192;0.002599936;0.0027975680000000003;0.002864128;0.003161088;0.0025344;0.0035440640000000004;0.002994176;0.0021862400000000003;0.0016732160000000002;0.0017326079999999998;0.0017889280000000002;0.002123776
1776548700,hdr,0.0293;0.03906;0.04883;0.05859;0.06836;0.07813;0.08789;0.09766;0.10742;0.11719;0.12695;0.13672;0.14648;0.15625;0.16602;0.17578;0.18555;0.19531;0.20508;0.21484;0.22461;0.23438;0.24414;0.25391;0.26367;0.27344;0.2832;0.29297;0.30273;0.3125;0.32227;0.33203;0.3418;0.35156;0.36133;0.37109;0.38086;0.39063;0.40039;0.41016;0.41992;0.42969;0.43945;0.44922;0.45898;0.46875;0.47852;0.48828;0.49805;0.50781;0.51758;0.52734;0.53711;0.54688;0.55664;0.56641;0.57617;0.58594;0.5957;0.60547;0.61523;0.625;0.63477;0.64453;0.6543;0.66406;0.67383;0.68359;0.69336;0.70313;0.71289;0.72266;0.73242;0.74219;0.75195;0.76172;0.77148;0.78125;0.79102,0.006163456;0.01624064;0.019928064;0.016202752;0.031342592;0.026734592;0.033819648;0.043707392;0.029280256;0.067329024;0.096591872;0.069008384;0.04032511999999999;0.041259008;0.049968127999999994;0.045291519999999995;0.052201472;0.07948083200000002;0.128526336;0.127777792;0.089069568;0.08991129599999999;0.077073408;0.05950566400000001;0.046722048;0.05447065599999999;0.052450304;0.042637312;0.045295616000000004;0.031808512;0.034771968;0.036596736;0.029765632;0.026099712;0.027777024;0.027952127999999996;0.018814976000000004;0.015148032;0.020321280000000004;0.021343232;0.030086144;0.019553280000000003;0.008865792;0.007288832;0.005663744000000001;0.0109824;0.011922432;0.010643456;0.004546560000000001;0.003933184;0.005571584;0.004788223999999999;0.004824064;0.005712895999999999;0.005179392;0.004617216;0.003813376;0.004130816000000001;0.005579776;0.0038717440000000003;0.002244608;0.0033536000000000004;0.003489792;0.002705408;0.002169856;0.002688;0.003590144;0.003709952;0.0035481600000000003;0.00237568;0.001810432;0.00183808;0.001723392;0.00199168;0.002286592;0.001559552;0.001862656;0.001282048;0.001282048
1776549600,hdr,0.0293;0.03906;0.04883;0.05859;0.06836;0.07813;0.08789;0.09766;0.10742;0.11719;0.12695;0.13672;0.14648;0.15625;0.16602;0.17578;0.18555;0.19531;0.20508;0.21484;0.22461;0.23438;0.24414;0.25391;0.26367;0.27344;0.2832;0.29297;0.30273;0.3125;0.32227;0.33203;0.3418;0.35156;0.36133;0.37109;0.38086;0.39063;0.40039;0.41016;0.41992;0.42969;0.43945;0.44922;0.45898;0.46875;0.47852;0.48828;0.49805;0.50781;0.51758;0.52734;0.53711;0.54688;0.55664;0.56641;0.57617;0.58594;0.5957;0.60547;0.61523;0.625;0.63477;0.64453;0.6543;0.66406;0.67383;0.68359;0.69336;0.70313;0.71289;0.72266;0.73242;0.74219;0.75195;0.76172;0.77148;0.78125;0.79102,0.006063104000000001;0.019775487999999997;0.021983232;0.008548351999999999;0.015275008;0.021820416000000002;0.0558336;0.060136448;0.04948070400000001;0.08799744;0.099704832;0.129862656;0.10302361600000001;0.055279616;0.0391424;0.049453055999999995;0.051109888;0.08858624000000001;0.152193024;0.18770636799999998;0.20187647999999997;0.14279065600000002;0.089018368;0.067306496;0.066599936;0.046744576;0.050223104;0.036473856;0.026684416;0.03728384;0.033974272;0.030467072;0.042232832000000005;0.035371008;0.020983808;0.020249600000000003;0.015394816;0.013487104000000001;0.019534848;0.016699392;0.01271808;0.008568832;0.014345216000000001;0.013973504000000001;0.008910848;0.0063395840000000005;0.008323072;0.00894464;0.008496128;0.013084671999999999;0.0120576;0.010180608;0.007259135999999999;0.007386112;0.008123392;0.006631424;0.007185407999999999;0.005260288;0.005151744;0.005113856;0.005954559999999999;0.00541696;0.004013055999999999;0.006081536;0.005367808;0.0026624;0.002312192;0.0029009920000000002;0.003398656;0.001601536;0.0019824639999999998;0.002820096;0.0033832960000000005;0.001723392;0.00153088;0.001364992;0.0013219840000000002;0.001057792;0.00107008
1776550500,hdr,0.0293;0.03906;0.04883;0.05859;0.06836;0.07813;0.08789;0.09766;0.10742;0.11719;0.12695;0.13672;0.14648;0.15625;0.16602;0.17578;0.18555;0.19531;0.20508;0.21484;0.22461;0.23438;0.24414;0.25391;0.26367;0.27344;0.2832;0.29297;0.30273;0.3125;0.32227;0.33203;0.3418;0.35156;0.36133;0.37109;0.38086;0.39063;0.40039;0.41016;0.41992;0.42969;0.43945;0.44922;0.45898;0.46875;0.47852;0.48828;0.49805;0.50781;0.51758;0.52734;0.53711;0.54688;0.55664;0.56641;0.57617;0.58594;0.5957;0.60547;0.61523;0.625;0.63477;0.64453;0.6543;0.66406;0.67383;0.68359;0.69336;0.70313;0.71289;0.72266;0.73242;0.74219;0.75195;0.76172;0.77148;0.78125;0.79102,0.007507968;0.010557440000000001;0.00980992;0.010434559999999999;0.019639296;0.030375936;0.053858303999999996;0.057596928;0.062181376000000003;0.080124928;0.097082368;0.16214732799999998;0.095574016;0.050212864;0.040823807999999996;0.055675904000000005;0.054258688;0.07294054400000001;0.17191424000000002;0.18111488;0.14060748799999997;0.097810432;0.09675264;0.064982016;0.047488;0.047906816;0.06625279999999999;0.05318656;0.04155084800000001;0.024572928;0.041141248;0.042451968;0.018627584;0.0177152;0.019412991999999997;0.018870272;0.017873919999999998;0.016328704;0.0162816;0.01569792;0.017147904000000002;0.019146752;0.01976832;0.015660032;0.015211520000000001;0.014573567999999999;0.011831296;0.008537088000000002;0.013266944000000001;0.011194368;0.01286144;0.010953728;0.007539712;0.008430592;0.008310784;0.004576256;0.00316416;0.0036515840000000003;0.004748288;0.0038297599999999998;0.004324352;0.0050728959999999995;0.0034037760000000003;0.002573312;0.003093504;0.003332096;0.003509248;0.00327168;0.0016773119999999998;0.001639424;0.002043904;0.0035072000000000002;0.003088384;0.002451456;0.002064384;0.0016988160000000001;0.002361344;0.00169472;0.0013568
1776551400,hdr,0.0293;0.03906;0.04883;0.05859;0.06836;0.07813;0.08789;0.09766;0.10742;0.11719;0.12695;0.13672;0.14648;0.15625;0.16602;0.17578;0.18555;0.19531;0.20508;0.21484;0.22461;0.23438;0.24414;0.25391;0.26367;0.27344;0.2832;0.29297;0.30273;0.3125;0.32227;0.33203;0.3418;0.35156;0.36133;0.37109;0.38086;0.39063;0.40039;0.41016;0.41992;0.42969;0.43945;0.44922;0.45898;0.46875;0.47852;0.48828;0.49805;0.50781;0.51758;0.52734;0.53711;0.54688;0.55664;0.56641;0.57617;0.58594;0.5957;0.60547;0.61523;0.625;0.63477;0.64453;0.6543;0.66406;0.67383;0.68359;0.69336;0.70313;0.71289;0.72266;0.73242;0.74219;0.75195;0.76172;0.77148;0.78125;0.79102,0.00572928;0.008242176000000002;0.007656448000000001;0.014534656000000002;0.03419648;0.032960512000000004;0.037410816;0.041680896;0.08019968000000001;0.122005504;0.11401011200000001;0.126605312;0.09593344000000001;0.07751884800000002;0.061169664;0.058917888;0.08198041600000001;0.098299904;0.157333504;0.208669696;0.16199065599999998;0.106730496;0.082258944;0.108973056;0.09330995199999999;0.06259097599999999;0.039164928;0.027148288;0.03505664;0.036763648;0.033516544;0.03352166400000001;0.030501888;0.025626624;0.024956928;0.04180992;0.042016767999999996;0.026728448000000002;0.019067904;0.016756736;0.015215616;0.016708608;0.014369792;0.010560512;0.007694336;0.0050524160000000005;0.004564992;0.006944768;0.008081408;0.007417856;0.011209728;0.0080896;0.006968320000000001;0.007449600000000001;0.008824832;0.007404544;0.006299648;0.00717824;0.0069427199999999994;0.003923968;0.004409344;0.005041152;0.0029952000000000004;0.0032256;0.0035235839999999997;0.0038952960000000003;0.004046848;0.004173824;0.0032768000000000003;0.0036556799999999997;0.003073024;0.00301056;0.002907136;0.002089984;0.00183808;0.002633728;0.0026685439999999997;0.00187392;0.001457152
1776552300,hdr,0.0293;0.03906;0.04883;0.05859;0.06836;0.07813;0.08789;0.09766;0.10742;0.11719;0.12695;0.13672;0.14648;0.15625;0.16602;0.17578;0.18555;0.19531;0.20508;0.21484;0.22461;0.23438;0.24414;0.25391;0.26367;0.27344;0.2832;0.29297;0.30273;0.3125;0.32227;0.33203;0.3418;0.35156;0.36133;0.37109;0.38086;0.39063;0.40039;0.41016;0.41992;0.42969;0.43945;0.44922;0.45898;0.46875;0.47852;0.48828;0.49805;0.50781;0.51758;0.52734;0.53711;0.54688;0.55664;0.56641;0.57617;0.58594;0.5957;0.60547;0.61523;0.625;0.63477;0.64453;0.6543;0.66406;0.67383;0.68359;0.69336;0.70313;0.71289;0.72266;0.73242;0.74219;0.75195;0.76172;0.77148;0.78125;0.79102,0.0030668799999999997;0.006706176;0.008348672;0.011575296;0.030705663999999997;0.022943744;0.017478656000000002;0.0447744;0.06537523199999999;0.10134732800000001;0.13116313599999999;0.103231488;0.093408256;0.058904576;0.08902144000000001;0.081978368;0.09593344000000001;0.17345638400000002;0.10776064;0.08075776000000001;0.13033676800000002;0.12136038399999999;0.09692876800000001;0.094420992;0.08256204800000001;0.042693631999999995;0.035913728;0.04306432;0.022423552;0.02229248;0.025389056;0.032927744;0.03726847999999999;0.037504;0.022776831999999997;0.021044223999999997;0.024820736;0.027163648;0.02325504;0.020555776;0.025269248;0.019854336;0.01160192;0.01297408;0.014263296;0.020371456;0.017826816000000002;0.007588864000000001;0.01130496;0.01262592;0.011405311999999999;0.007824384;0.005898240000000001;0.005797888000000001;0.004158464;0.0056176640000000005;0.00682496;0.005775359999999999;0.005111808;0.00456192;0.005111808;0.0047912960000000004;0.0032839680000000004;0.003923968;0.003735552;0.0044103680000000004;0.005936128;0.0033228800000000003;0.003748864;0.0025528319999999997;0.0024463360000000003;0.00211456;0.002071552;0.00234496;0.002080768;0.001861632;0.00164864;0.001779712;0.001924096
1776553200,hdr,0.0293;0.03906;0.04883;0.05859;0.06836;0.07813;0.08789;0.09766;0.10742;0.11719;0.12695;0.13672;0.14648;0.15625;0.16602;0.17578;0.18555;0.19531;0.20508;0.21484;0.22461;0.23438;0.24414;0.25391;0.26367;0.27344;0.2832;0.29297;0.30273;0.3125;0.32227;0.33203;0.3418;0.35156;0.36133;0.37109;0.38086;0.39063;0.40039;0.41016;0.41992;0.42969;0.43945;0.44922;0.45898;0.46875;0.47852;0.48828;0.49805;0.50781;0.51758;0.52734;0.53711;0.54688;0.55664;0.56641;0.57617;0.58594;0.5957;0.60547;0.61523;0.625;0.63477;0.64453;0.6543;0.66406;0.67383;0.68359;0.69336;0.70313;0.71289;0.72266;0.73242;0.74219;0.75195;0.76172;0.77148;0.78125;0.79102,0.0043161599999999994;0.003359744;0.005043199999999999;0.01248256;0.029093888;0.01900032;0.044017664000000005;0.052303871999999994;0.052656128;0.046145536;0.12011519999999999;0.14508748800000001;0.14402969599999998;0.16395264;0.15002623999999998;0.11215872;0.180744192;0.126971904;0.196839424;0.27701760000000003;0.13518335999999997;0.076541952;0.118606848;0.092929024;0.07838105599999999;0.059359232;0.048789504;0.048461824;0.038203392;0.024144896;0.03375923199999999;0.03336704;0.033855487999999996;0.028232703999999997;0.024690688000000002;0.021156863999999997;0.01730048;0.0185088;0.023803903999999997;0.018329599999999998;0.012087296;0.015710208;0.016785407999999998;0.01549824;0.009375743999999998;0.017366015999999998;0.012207104;0.005758976;0.007681024;0.010499072;0.010707967999999998;0.009745407999999999;0.012719104;0.013962239999999999;0.0095488;0.005230592;0.0034263040000000002;0.004595711999999999;0.0046295039999999996;0.00582656;0.006370304;0.004757504;0.00321024;0.0030750720000000003;0.005875712000000001;0.00643584;0.005807104;0.0037427199999999997;0.002361344;0.002762752;0.0037427199999999997;0.002548736;0.0026419199999999994;0.0023439359999999996;0.00167936;0.001979392;0.0020162559999999997;0.001795072;0.00210944
1776554100,hdr,0.0293;0.03906;0.04883;0.05859;0.06836;0.07813;0.08789;0.09766;0.10742;0.11719;0.12695;0.13672;0.14648;0.15625;0.16602;0.17578;0.18555;0.19531;0.20508;0.21484;0.22461;0.23438;0.24414;0.25391;0.26367;0.27344;0.2832;0.29297;0.30273;0.3125;0.32227;0.33203;0.3418;0.35156;0.36133;0.37109;0.38086;0.39063;0.40039;0.41016;0.41992;0.42969;0.43945;0.44922;0.45898;0.46875;0.47852;0.48828;0.49805;0.50781;0.51758;0.52734;0.53711;0.54688;0.55664;0.56641;0.57617;0.58594;0.5957;0.60547;0.61523;0.625;0.63477;0.64453;0.6543;0.66406;0.67383;0.68359;0.69336;0.70313;0.71289;0.72266;0.73242;0.74219;0.75195;0.76172;0.77148;0.78125;0.79102,0.001860608;0.004727808;0.011408384;0.017286144;0.020647936000000002;0.02756608;0.058555392;0.056496128;0.033395712;0.050080768;0.098446336;0.117915648;0.11210649600000001;0.11808870400000002;0.13873049599999998;0.151207936;0.198669312;0.18954854399999999;0.140246016;0.119222272;0.125345792;0.09517056;0.103815168;0.069163008;0.04205568;0.051357695999999994;0.057897984000000006;0.041724928;0.046775295999999994;0.032236544;0.020596736;0.016750592;0.02589696;0.025863168000000002;0.013628415999999999;0.014654464;0.02397184;0.027086847999999997;0.022476799999999998;0.020318207999999997;0.016111616000000002;0.01124352;0.011180032000000001;0.012410880000000001;0.0072806400000000005;0.007337984;0.008080384;0.009479168;0.009495551999999999;0.0069847039999999996;0.007999488;0.010669055999999998;0.009063423999999999;0.008131583999999999;0.006422528;0.0044974080000000005;0.006763519999999999;0.007199744;0.004835328;0.003065856;0.0034488319999999998;0.00468992;0.006552576;0.005557248000000001;0.00384;0.0021524480000000004;0.003099648;0.004864;0.004094976;0.003398656;0.002981888;0.0026777600000000004;0.002371584;0.002020352;0.001447936;0.0018841600000000002;0.001928192;0.0018595839999999998;0.001559552
1776555000,hdr,0.0293;0.03906;0.04883;0.05859;0.06836;0.07813;0.08789;0.09766;0.10742;0.11719;0.12695;0.13672;0.14648;0.15625;0.16602;0.17578;0.18555;0.19531;0.20508;0.21484;0.22461;0.23438;0.24414;0.25391;0.26367;0.27344;0.2832;0.29297;0.30273;0.3125;0.32227;0.33203;0.3418;0.35156;0.36133;0.37109;0.38086;0.39063;0.40039;0.41016;0.41992;0.42969;0.43945;0.44922;0.45898;0.46875;0.47852;0.48828;0.49805;0.50781;0.51758;0.52734;0.53711;0.54688;0.55664;0.56641;0.57617;0.58594;0.5957;0.60547;0.61523;0.625;0.63477;0.64453;0.6543;0.66406;0.67383;0.68359;0.69336;0.70313;0.71289;0.72266;0.73242;0.74219;0.75195;0.76172;0.77148;0.78125;0.79102,0.007907328;0.014313472000000002;0.011474944;0.013698048;0.023612416;0.026447872;0.03228672;0.043831296;0.051835904;0.07594495999999999;0.18515046400000001;0.224433152;0.140255232;0.09270784000000001;0.101932032;0.21077503999999997;0.242950144;0.13116006400000002;0.09549823999999998;0.09583616;0.11460608;0.09618534399999999;0.07884390399999999;0.06135398399999999;0.044251136;0.024417280000000003;0.030155776;0.04118323199999999;0.05478912;0.06296473600000001;0.044258304000000005;0.024147968;0.031665151999999995;0.028843008000000003;0.02852864;0.029299712;0.01493504;0.015362048;0.013774848;0.015675392;0.02345472;0.022129663999999997;0.014111744;0.010315776;0.013835264000000002;0.012007424000000001;0.012926976;0.015491072;0.015705088;0.012819456;0.009953279999999998;0.005660671999999999;0.008946688;0.007311359999999999;0.006043648;0.007273472;0.007183360000000001;0.005634048;0.0062627839999999995;0.005456896000000001;0.0046223359999999995;0.003556352;0.001509376;0.0026327039999999996;0.003984384;0.004127744;0.0041472;0.004375552;0.00361984;0.003575808;0.003306496;0.0027729919999999997;0.00307712;0.0024954879999999997;0.0018288640000000001;0.002489344;0.002622464;0.001650688;0.0014213119999999999
1776555900,hdr,0.0293;0.03906;0.04883;0.05859;0.06836;0.07813;0.08789;0.09766;0.10742;0.11719;0.12695;0.13672;0.14648;0.15625;0.16602;0.17578;0.18555;0.19531;0.20508;0.21484;0.22461;0.23438;0.24414;0.25391;0.26367;0.27344;0.2832;0.29297;0.30273;0.3125;0.32227;0.33203;0.3418;0.35156;0.36133;0.37109;0.38086;0.39063;0.40039;0.41016;0.41992;0.42969;0.43945;0.44922;0.45898;0.46875;0.47852;0.48828;0.49805;0.50781;0.51758;0.52734;0.53711;0.54688;0.55664;0.56641;0.57617;0.58594;0.5957;0.60547;0.61523;0.625;0.63477;0.64453;0.6543;0.66406;0.67383;0.68359;0.69336;0.70313;0.71289;0.72266;0.73242;0.74219;0.75195;0.76172;0.77148;0.78125;0.79102,0.0017152;0.0029870079999999998;0.002929664;0.01074688;0.030757888000000004;0.029049856;0.042816512;0.065050624;0.076105728;0.082597888;0.113997824;0.252509184;0.29785497600000005;0.196482048;0.226614272;0.226732032;0.164098048;0.244402176;0.256067584;0.151559168;0.100972544;0.081998848;0.05718016;0.044314624000000004;0.062266368;0.06620876800000002;0.062332928;0.04844543999999999;0.039958528;0.029119488000000002;0.02630144;0.026150912000000002;0.03763712;0.02672128;0.016920576;0.024450048;0.02162688;0.025028608;0.023974912;0.016830464;0.016486400000000002;0.011225088;0.011420672;0.015705088;0.01639424;0.012894208;0.012572672;0.013136896;0.00733184;0.006796287999999999;0.00723456;0.01111552;0.006900736;0.004743168;0.005441536;0.006684671999999999;0.004665344;0.005016576;0.005179392;0.00567808;0.004417536;0.0049152;0.004724736;0.00273408;0.002500608;0.002243584;0.0022241279999999997;0.001782784;0.0017459199999999998;0.002238464;0.0020746239999999997;0.0022835200000000003;0.002586624;0.00275968;0.002315264;0.00267264;0.001678336;0.0021504000000000002;0.00269312
