Epoch Time,Processing Source,f,varianceDensity
1770681600,hdr,0.0293;0.03906;0.04883;0.05859;0.06836;0.07813;0.08789;0.09766;0.10742;0.11719;0.12695;0.13672;0.14648;0.15625;0.16602;0.17578;0.18555;0.19531;0.20508;0.21484;0.22461;0.23438;0.24414;0.25391;0.26367;0.27344;0.2832;0.29297;0.30273;0.3125;0.32227;0.33203;0.3418;0.35156;0.36133;0.37109;0.38086;0.39063;0.40039;0.41016;0.41992;0.42969;0.43945;0.44922;0.45898;0.46875;0.47852;0.48828;0.49805;0.50781;0.51758;0.52734;0.53711;0.54688;0.55664;0.56641;0.57617;0.58594;0.5957;0.60547;0.61523;0.625;0.63477;0.64453;0.6543;0.66406;0.67383;0.68359;0.69336;0.70313;0.71289;0.72266;0.73242;0.74219;0.75195;0.76172;0.77148;0.78125;0.79102,0.001282048;0.0018964479999999998;0.00300032;0.022152191999999998;0.11324825599999999;0.247924736;0.285807616;0.224227328;0.143332352;0.041683968;0.016697344;0.011663360000000001;0.007436288;0.010760191999999998;0.02830336;0.026771456000000003;0.017497088;0.008795135999999999;0.00536576;0.004617216;0.00622592;0.005492736;0.004754432;0.007181312;0.008838144000000001;0.006317056;0.004916224;0.0040642560000000005;0.0029839359999999995;0.005182464000000001;0.005018624;0.00390656;0.002688;0.0033955839999999997;0.0037928959999999996;0.00239616;0.002803712;0.002741248;0.003014656;0.003357696;0.003459072;0.002328576;0.0020572159999999997;0.0018513919999999999;0.001723392;0.001519616;0.00215552;0.0021329920000000002;0.0030853119999999998;0.002733056;0.002390016;0.001969152;0.002234368;0.001533952;0.0014028799999999998;0.0017930239999999998;0.001063936;0.001077248;0.001384448;0.001559552;0.0011243520000000001;0.001114112;0.0011489279999999998;0.000941056;0.000594944;0.0006092800000000001;0.000738304;0.000869376;0.0009144320000000001;0.0006912;0.000524288;0.000662528;0.000723968;0.000458752;0.00040243200000000004;0.0005376000000000001;0.000512;0.000344064;0.000275456
1770682500,hdr,0.0293;0.03906;0.04883;0.05859;0.06836;0.07813;0.08789;0.09766;0.10742;0.11719;0.12695;0.13672;0.14648;0.15625;0.16602;0.17578;0.18555;0.19531;0.20508;0.21484;0.22461;0.23438;0.24414;0.25391;0.26367;0.27344;0.2832;0.29297;0.30273;0.3125;0.32227;0.33203;0.3418;0.35156;0.36133;0.37109;0.38086;0.39063;0.40039;0.41016;0.41992;0.42969;0.43945;0.44922;0.45898;0.46875;0.47852;0.48828;0.49805;0.50781;0.51758;0.52734;0.53711;0.54688;0.55664;0.56641;0.57617;0.58594;0.5957;0.60547;0.61523;0.625;0.63477;0.64453;0.6543;0.66406;0.67383;0.68359;0.69336;0.70313;0.71289;0.72266;0.73242;0.74219;0.75195;0.76172;0.77148;0.78125;0.79102,0.002405376;0.0034109440000000004;0.014519296000000001;0.046810111999999994;0.179877888;0.385589248;0.53770752;0.388811776;0.147571712;0.030492672;0.008955904;0.006998015999999999;0.008872960000000001;0.011586560000000001;0.009639936;0.012318720000000002;0.01458176;0.007757824000000001;0.005367808;0.0031744;0.003816448;0.007163904;0.01032192;0.00781312;0.0066088959999999995;0.006884352;0.005564415999999999;0.003975168;0.00452608;0.005484544;0.008398848;0.00811008;0.00666112;0.006011904;0.004231168;0.00315904;0.0053391359999999995;0.005677056000000001;0.004287487999999999;0.0048363519999999995;0.004004864;0.003195904;0.002295808;0.0024504320000000002;0.002817024;0.00315904;0.0031375360000000002;0.00255488;0.002054144;0.0020838399999999996;0.002028544;0.00185344;0.0027822079999999996;0.002527232;0.001831936;0.0010250239999999998;0.000982016;0.001318912;0.001288192;0.0015687680000000001;0.000986112;0.000930816;0.0007075839999999999;0.000512;0.0008192000000000001;0.0009420800000000001;0.0008744960000000001;0.00093696;0.001130496;0.000837632;0.0005099519999999999;0.0005980159999999999;0.000401408;0.000376832;0.000371712;0.000237568;0.000262144;0.000386048;0.000339968
1770683400,hdr,0.0293;0.03906;0.04883;0.05859;0.06836;0.07813;0.08789;0.09766;0.10742;0.11719;0.12695;0.13672;0.14648;0.15625;0.16602;0.17578;0.18555;0.19531;0.20508;0.21484;0.22461;0.23438;0.24414;0.25391;0.26367;0.27344;0.2832;0.29297;0.30273;0.3125;0.32227;0.33203;0.3418;0.35156;0.36133;0.37109;0.38086;0.39063;0.40039;0.41016;0.41992;0.42969;0.43945;0.44922;0.45898;0.46875;0.47852;0.48828;0.49805;0.50781;0.51758;0.52734;0.53711;0.54688;0.55664;0.56641;0.57617;0.58594;0.5957;0.60547;0.61523;0.625;0.63477;0.64453;0.6543;0.66406;0.67383;0.68359;0.69336;0.70313;0.71289;0.72266;0.73242;0.74219;0.75195;0.76172;0.77148;0.78125;0.79102,0.005572608000000001;0.010721280000000001;0.007700479999999999;0.007827456;0.116415488;0.5201541120000001;0.625132544;0.24564735999999998;0.10525593600000001;0.0432128;0.018114560000000002;0.012468224;0.012883967999999999;0.024532992;0.031781888;0.020044799999999998;0.013456384;0.009558015999999999;0.0075724799999999995;0.005604352;0.006075392;0.00507392;0.00469504;0.00771072;0.006959104000000001;0.00493568;0.004186111999999999;0.0029491200000000004;0.005434368;0.004530176;0.004115456;0.004698112;0.0065187840000000006;0.0038092800000000004;0.0032296959999999998;0.004324352;0.0026859519999999997;0.00324096;0.00390144;0.003296256;0.003685376;0.00387072;0.004291584000000001;0.0037396479999999995;0.0027473920000000004;0.0025907200000000003;0.0030341120000000003;0.003273728;0.0014745600000000002;0.0012318720000000002;0.0013701120000000002;0.001783808;0.001318912;0.0013475839999999998;0.0022067199999999997;0.00226816;0.001910784;0.001840128;0.001593344;0.00103424;0.00135168;0.001222656;0.001041408;0.000626688;0.000730112;0.00091136;0.00067584;0.000635904;0.000730112;0.000688128;0.0005724160000000001;0.0005304320000000001;0.0006277120000000001;0.0005601279999999999;0.000448512;0.000372736;0.000411648;0.000335872;0.000366592
1770684300,hdr,0.0293;0.03906;0.04883;0.05859;0.06836;0.07813;0.08789;0.09766;0.10742;0.11719;0.12695;0.13672;0.14648;0.15625;0.16602;0.17578;0.18555;0.19531;0.20508;0.21484;0.22461;0.23438;0.24414;0.25391;0.26367;0.27344;0.2832;0.29297;0.30273;0.3125;0.32227;0.33203;0.3418;0.35156;0.36133;0.37109;0.38086;0.39063;0.40039;0.41016;0.41992;0.42969;0.43945;0.44922;0.45898;0.46875;0.47852;0.48828;0.49805;0.50781;0.51758;0.52734;0.53711;0.54688;0.55664;0.56641;0.57617;0.58594;0.5957;0.60547;0.61523;0.625;0.63477;0.64453;0.6543;0.66406;0.67383;0.68359;0.69336;0.70313;0.71289;0.72266;0.73242;0.74219;0.75195;0.76172;0.77148;0.78125;0.79102,0.004289536;0.009746432000000001;0.016997376;0.051600384;0.19156479999999998;0.513421312;0.601083904;0.30158848;0.12323225600000001;0.039027712;0.016145408;0.01452032;0.01483264;0.013555712;0.018215936;0.019500032;0.014430208;0.010510336;0.005354496;0.003922944;0.00679936;0.0077342719999999995;0.006605824000000001;0.006188032;0.0055705600000000004;0.008480768;0.007223296000000001;0.0048609280000000005;0.004512768;0.003990528;0.0044953599999999995;0.0039168;0.003835904;0.0048209920000000005;0.0040345599999999995;0.0033228800000000003;0.002295808;0.0028272640000000003;0.004170752000000001;0.002650112;0.0019435519999999999;0.003279872;0.0034744320000000004;0.002725888;0.0025088;0.003315712;0.003262464;0.0027381760000000006;0.0031160320000000004;0.003265536;0.0029501439999999996;0.002045952;0.002215936;0.001564672;0.0012165119999999999;0.0017674240000000003;0.0017725439999999998;0.00169472;0.001907712;0.001430528;0.001728512;0.0008325120000000001;0.000516096;0.000759808;0.001385472;0.0009758719999999999;0.000750592;0.000726016;0.0009482239999999999;0.0004986880000000001;0.000569344;0.000544768;0.0005918719999999999;0.000525312;0.0005754880000000001;0.000932864;0.00082432;0.000649216;0.000582656
1770685200,hdr,0.0293;0.03906;0.04883;0.05859;0.06836;0.07813;0.08789;0.09766;0.10742;0.11719;0.12695;0.13672;0.14648;0.15625;0.16602;0.17578;0.18555;0.19531;0.20508;0.21484;0.22461;0.23438;0.24414;0.25391;0.26367;0.27344;0.2832;0.29297;0.30273;0.3125;0.32227;0.33203;0.3418;0.35156;0.36133;0.37109;0.38086;0.39063;0.40039;0.41016;0.41992;0.42969;0.43945;0.44922;0.45898;0.46875;0.47852;0.48828;0.49805;0.50781;0.51758;0.52734;0.53711;0.54688;0.55664;0.56641;0.57617;0.58594;0.5957;0.60547;0.61523;0.625;0.63477;0.64453;0.6543;0.66406;0.67383;0.68359;0.69336;0.70313;0.71289;0.72266;0.73242;0.74219;0.75195;0.76172;0.77148;0.78125;0.79102,0.0029061119999999998;0.007702528;0.014192640000000001;0.038939648;0.130016256;0.31929344;0.591326208;0.369729536;0.094596096;0.041489408;0.018796544000000002;0.011907072;0.011518976;0.013049856;0.028745727999999998;0.025990144;0.01202176;0.008578048000000001;0.012224512;0.007951360000000001;0.00685568;0.00562688;0.004207616;0.006259712000000001;0.006528;0.00528896;0.0038635519999999997;0.0038799359999999996;0.003740672;0.003278848;0.003422208;0.0063078399999999995;0.0054558720000000005;0.004575232;0.0031016959999999997;0.00433664;0.0033679359999999998;0.003683328;0.002829312;0.002028544;0.0025753599999999996;0.001900544;0.0021288960000000003;0.00195072;0.0015872;0.001795072;0.001212416;0.0009420800000000001;0.001147904;0.0018288640000000001;0.00213504;0.00162816;0.0013312;0.00134144;0.001620992;0.001631232;0.001610752;0.0012687360000000001;0.00091648;0.0011632640000000002;0.0017039359999999999;0.000827392;0.000900096;0.000878592;0.000766976;0.000638976;0.0007075839999999999;0.0007772160000000001;0.000847872;0.000927744;0.000785408;0.0008222720000000001;0.0015144960000000002;0.0010936319999999998;0.000733184;0.000616448;0.000816128;0.001027072;0.000953344
1770686100,hdr,0.0293;0.03906;0.04883;0.05859;0.06836;0.07813;0.08789;0.09766;0.10742;0.11719;0.12695;0.13672;0.14648;0.15625;0.16602;0.17578;0.18555;0.19531;0.20508;0.21484;0.22461;0.23438;0.24414;0.25391;0.26367;0.27344;0.2832;0.29297;0.30273;0.3125;0.32227;0.33203;0.3418;0.35156;0.36133;0.37109;0.38086;0.39063;0.40039;0.41016;0.41992;0.42969;0.43945;0.44922;0.45898;0.46875;0.47852;0.48828;0.49805;0.50781;0.51758;0.52734;0.53711;0.54688;0.55664;0.56641;0.57617;0.58594;0.5957;0.60547;0.61523;0.625;0.63477;0.64453;0.6543;0.66406;0.67383;0.68359;0.69336;0.70313;0.71289;0.72266;0.73242;0.74219;0.75195;0.76172;0.77148;0.78125;0.79102,0.003366912;0.00924672;0.006975488;0.034392064;0.181393408;0.38158131200000006;0.280150016;0.238445568;0.10198323200000001;0.022670336;0.015927296;0.011200512000000001;0.020225024;0.022308864;0.022959104;0.019761151999999997;0.011662335999999999;0.0076666880000000005;0.007362560000000001;0.004798464;0.006534144;0.007820288;0.008747008;0.00513536;0.006532096;0.006909952;0.005303295999999999;0.00555008;0.004795392;0.00381952;0.003951616;0.00526336;0.00594432;0.0036167680000000002;0.005064704;0.0028395519999999995;0.002352128;0.0021360640000000005;0.004563968;0.0038502399999999996;0.00256;0.003120128;0.002312192;0.00185856;0.00208896;0.001862656;0.001856512;0.002115584;0.002009088;0.001847296;0.001618944;0.001668096;0.002156544;0.001646592;0.001655808;0.0009748480000000001;0.000922624;0.001061888;0.001532928;0.002015232;0.0015677439999999998;0.001118208;0.000704512;0.000945152;0.0010127360000000002;0.000802816;0.000818176;0.00075776;0.000776192;0.0008304639999999999;0.000790528;0.000579584;0.000654336;0.0006656;0.0006604799999999999;0.0005734399999999999;0.000592896;0.0007833599999999999;0.000484352
1770687000,hdr,0.0293;0.03906;0.04883;0.05859;0.06836;0.07813;0.08789;0.09766;0.10742;0.11719;0.12695;0.13672;0.14648;0.15625;0.16602;0.17578;0.18555;0.19531;0.20508;0.21484;0.22461;0.23438;0.24414;0.25391;0.26367;0.27344;0.2832;0.29297;0.30273;0.3125;0.32227;0.33203;0.3418;0.35156;0.36133;0.37109;0.38086;0.39063;0.40039;0.41016;0.41992;0.42969;0.43945;0.44922;0.45898;0.46875;0.47852;0.48828;0.49805;0.50781;0.51758;0.52734;0.53711;0.54688;0.55664;0.56641;0.57617;0.58594;0.5957;0.60547;0.61523;0.625;0.63477;0.64453;0.6543;0.66406;0.67383;0.68359;0.69336;0.70313;0.71289;0.72266;0.73242;0.74219;0.75195;0.76172;0.77148;0.78125;0.79102,0.001263616;0.0008192000000000001;0.006710272;0.039889919999999995;0.17656319999999998;0.342016;0.361186304;0.293603328;0.16998912000000002;0.060132352;0.017179648000000002;0.009758720000000002;0.016541696000000005;0.030867456;0.025042944;0.023365632;0.023028735999999998;0.009729024000000001;0.006166527999999999;0.003588096;0.00542208;0.005477375999999999;0.007144447999999999;0.013932544;0.012940288000000001;0.011152384;0.007057407999999999;0.005700608;0.005742592;0.003877888;0.002767872;0.003591168;0.00474112;0.004441088;0.004933632;0.004391936000000001;0.006077440000000001;0.005111808;0.003400704;0.004375552;0.0036515840000000003;0.002948096;0.0030535679999999996;0.0030453760000000002;0.0023807999999999998;0.0015667199999999997;0.001743872;0.002425856;0.00164864;0.000966656;0.001056768;0.001468416;0.0019496960000000001;0.002605056;0.0020582400000000002;0.002115584;0.0018944;0.001755136;0.0017244159999999999;0.0014581759999999998;0.0013864959999999999;0.001232896;0.001803264;0.001811456;0.0014172160000000002;0.001281024;0.001033216;0.00088064;0.0010465279999999997;0.001210368;0.0008509440000000001;0.00062976;0.000738304;0.000714752;0.0008601600000000001;0.00072704;0.000659456;0.0006676480000000001;0.000842752
1770687900,hdr,0.0293;0.03906;0.04883;0.05859;0.06836;0.07813;0.08789;0.09766;0.10742;0.11719;0.12695;0.13672;0.14648;0.15625;0.16602;0.17578;0.18555;0.19531;0.20508;0.21484;0.22461;0.23438;0.24414;0.25391;0.26367;0.27344;0.2832;0.29297;0.30273;0.3125;0.32227;0.33203;0.3418;0.35156;0.36133;0.37109;0.38086;0.39063;0.40039;0.41016;0.41992;0.42969;0.43945;0.44922;0.45898;0.46875;0.47852;0.48828;0.49805;0.50781;0.51758;0.52734;0.53711;0.54688;0.55664;0.56641;0.57617;0.58594;0.5957;0.60547;0.61523;0.625;0.63477;0.64453;0.6543;0.66406;0.67383;0.68359;0.69336;0.70313;0.71289;0.72266;0.73242;0.74219;0.75195;0.76172;0.77148;0.78125;0.79102,0.002823168;0.005590016000000001;0.015812608;0.057734144;0.21932339200000003;0.585012224;0.640566272;0.30688972800000003;0.108121088;0.056271872;0.01840128;0.008136704;0.013014016;0.02037248;0.028824576;0.02704384;0.017503232;0.011129856;0.005947392;0.0045670400000000005;0.005804032;0.007455744;0.006115328;0.005209088000000001;0.005066752000000001;0.003856384;0.004464640000000001;0.003644416;0.004063232;0.005407744;0.00646144;0.0071393279999999995;0.00659968;0.004959232;0.003953664;0.0023674879999999996;0.0025333760000000004;0.003371008;0.002275328;0.0022947840000000002;0.002563072;0.002284544;0.0025364479999999997;0.0019527680000000001;0.0025344;0.002512896;0.00245248;0.00282624;0.002183168;0.0021268479999999998;0.0018012159999999998;0.0018862080000000001;0.001412096;0.00151552;0.001488896;0.001308672;0.001513472;0.001531904;0.001661952;0.001480704;0.001820672;0.0019189760000000002;0.001425408;0.0010465279999999997;0.001078272;0.0005847039999999999;0.000594944;0.000712704;0.001022976;0.0009758719999999999;0.00101888;0.000761856;0.0005683200000000001;0.000915456;0.000726016;0.000398336;0.00050688;0.000388096;0.000288768
1770688800,hdr,0.0293;0.03906;0.04883;0.05859;0.06836;0.07813;0.08789;0.09766;0.10742;0.11719;0.12695;0.13672;0.14648;0.15625;0.16602;0.17578;0.18555;0.19531;0.20508;0.21484;0.22461;0.23438;0.24414;0.25391;0.26367;0.27344;0.2832;0.29297;0.30273;0.3125;0.32227;0.33203;0.3418;0.35156;0.36133;0.37109;0.38086;0.39063;0.40039;0.41016;0.41992;0.42969;0.43945;0.44922;0.45898;0.46875;0.47852;0.48828;0.49805;0.50781;0.51758;0.52734;0.53711;0.54688;0.55664;0.56641;0.57617;0.58594;0.5957;0.60547;0.61523;0.625;0.63477;0.64453;0.6543;0.66406;0.67383;0.68359;0.69336;0.70313;0.71289;0.72266;0.73242;0.74219;0.75195;0.76172;0.77148;0.78125;0.79102,0.0037058559999999996;0.005403648;0.006278144;0.029891584000000002;0.15171584;0.32385331200000006;0.474407936;0.38405222400000005;0.16097996800000003;0.051554304;0.020189184000000002;0.011986944;0.012257279999999999;0.022394880000000002;0.015533056;0.010766336000000001;0.012834816;0.014669824;0.009756672000000001;0.00463872;0.003245056;0.007157759999999999;0.008460288;0.00643072;0.005149696;0.006029312;0.005573631999999999;0.004802559999999999;0.00401408;0.004732928;0.004498432;0.005028863999999999;0.003308544;0.003603456;0.004025343999999999;0.0044748800000000005;0.004134912;0.00370176;0.002640896;0.00198144;0.001850368;0.002617344;0.0027648;0.0026286079999999997;0.00202752;0.002149376;0.00200704;0.0018083840000000001;0.002138112;0.0030412800000000004;0.00231936;0.002051072;0.0011366400000000002;0.001007616;0.0013004800000000001;0.0011407359999999998;0.0011755519999999998;0.0011632640000000002;0.001186816;0.001359872;0.000996352;0.0006952960000000001;0.000941056;0.000807936;0.000795648;0.000789504;0.000646144;0.0007557120000000001;0.0008192000000000001;0.000596992;0.0004915200000000001;0.000654336;0.000795648;0.000760832;0.0005867520000000001;0.000449536;0.000466944;0.00041984;0.000429056
1770689700,hdr,0.0293;0.03906;0.04883;0.05859;0.06836;0.07813;0.08789;0.09766;0.10742;0.11719;0.12695;0.13672;0.14648;0.15625;0.16602;0.17578;0.18555;0.19531;0.20508;0.21484;0.22461;0.23438;0.24414;0.25391;0.26367;0.27344;0.2832;0.29297;0.30273;0.3125;0.32227;0.33203;0.3418;0.35156;0.36133;0.37109;0.38086;0.39063;0.40039;0.41016;0.41992;0.42969;0.43945;0.44922;0.45898;0.46875;0.47852;0.48828;0.49805;0.50781;0.51758;0.52734;0.53711;0.54688;0.55664;0.56641;0.57617;0.58594;0.5957;0.60547;0.61523;0.625;0.63477;0.64453;0.6543;0.66406;0.67383;0.68359;0.69336;0.70313;0.71289;0.72266;0.73242;0.74219;0.75195;0.76172;0.77148;0.78125;0.79102,0.003183616;0.004211712;0.004824064;0.032021504;0.11169791999999999;0.336140288;0.42201088;0.252142592;0.127393792;0.0509952;0.015514624;0.010556416;0.017592319999999998;0.026771456000000003;0.026473472;0.020463615999999997;0.019286016;0.010715135999999998;0.006289408;0.005561344;0.0047339520000000005;0.006790144;0.01181696;0.010060800000000002;0.006879232;0.0070768639999999996;0.004552704;0.003365888;0.0036812800000000003;0.004482048;0.006497279999999999;0.004286464;0.005123071999999999;0.00584704;0.0042086400000000005;0.002832384;0.0025108480000000004;0.002176;0.0025344;0.0021452800000000003;0.001490944;0.001872896;0.0026245120000000003;0.0025856;0.0025333760000000004;0.001436672;0.0008765439999999999;0.001250304;0.001430528;0.001092608;0.0010762240000000002;0.0013557760000000002;0.001234944;0.001275904;0.0011048960000000002;0.000795648;0.00089088;0.000617472;0.000823296;0.0009758719999999999;0.000770048;0.000647168;0.000557056;0.000357376;0.000813056;0.0012666880000000002;0.00083968;0.000659456;0.0006819840000000001;0.000579584;0.000688128;0.000499712;0.00050176;0.00051712;0.00052224;0.00036352;0.000408576;0.000382976;0.00039936
1770690600,hdr,0.0293;0.03906;0.04883;0.05859;0.06836;0.07813;0.08789;0.09766;0.10742;0.11719;0.12695;0.13672;0.14648;0.15625;0.16602;0.17578;0.18555;0.19531;0.20508;0.21484;0.22461;0.23438;0.24414;0.25391;0.26367;0.27344;0.2832;0.29297;0.30273;0.3125;0.32227;0.33203;0.3418;0.35156;0.36133;0.37109;0.38086;0.39063;0.40039;0.41016;0.41992;0.42969;0.43945;0.44922;0.45898;0.46875;0.47852;0.48828;0.49805;0.50781;0.51758;0.52734;0.53711;0.54688;0.55664;0.56641;0.57617;0.58594;0.5957;0.60547;0.61523;0.625;0.63477;0.64453;0.6543;0.66406;0.67383;0.68359;0.69336;0.70313;0.71289;0.72266;0.73242;0.74219;0.75195;0.76172;0.77148;0.78125;0.79102,0.001537024;0.009925632;0.015736832;0.052851712;0.20813619199999997;0.36273664;0.533475328;0.415557632;0.12492390399999999;0.05331968;0.017301504000000002;0.009428991999999999;0.01601024;0.019887104;0.017909759999999997;0.02013696;0.016032768;0.013396991999999998;0.009832448;0.005660671999999999;0.006611968;0.008093696;0.015807487999999998;0.01267712;0.006647808;0.006968320000000001;0.004952064;0.0041216000000000004;0.004982784;0.006711296;0.006770688;0.005993472;0.0056227840000000005;0.006573056000000001;0.004185088000000001;0.002236416;0.002564096;0.003126272;0.0027504639999999998;0.0024739840000000003;0.002911232;0.0031703039999999997;0.0031856640000000004;0.002809856;0.001645568;0.001590272;0.0021411840000000004;0.00169472;0.0012400640000000001;0.0012462080000000002;0.002000896;0.002084864;0.0013895679999999999;0.001752064;0.0021288960000000003;0.00122368;0.0009431040000000001;0.0013793280000000002;0.0012646399999999998;0.000990208;0.001292288;0.00088576;0.0008151040000000001;0.00088576;0.0006850560000000001;0.000726016;0.00083968;0.000837632;0.000687104;0.0005754880000000001;0.0006656;0.000771072;0.000887808;0.000941056;0.00037376;0.00035532799999999997;0.000356352;0.00039423999999999997;0.00028671999999999997
1770691500,hdr,0.0293;0.03906;0.04883;0.05859;0.06836;0.07813;0.08789;0.09766;0.10742;0.11719;0.12695;0.13672;0.14648;0.15625;0.16602;0.17578;0.18555;0.19531;0.20508;0.21484;0.22461;0.23438;0.24414;0.25391;0.26367;0.27344;0.2832;0.29297;0.30273;0.3125;0.32227;0.33203;0.3418;0.35156;0.36133;0.37109;0.38086;0.39063;0.40039;0.41016;0.41992;0.42969;0.43945;0.44922;0.45898;0.46875;0.47852;0.48828;0.49805;0.50781;0.51758;0.52734;0.53711;0.54688;0.55664;0.56641;0.57617;0.58594;0.5957;0.60547;0.61523;0.625;0.63477;0.64453;0.6543;0.66406;0.67383;0.68359;0.69336;0.70313;0.71289;0.72266;0.73242;0.74219;0.75195;0.76172;0.77148;0.78125;0.79102,0.00116224;0.001866752;0.005152768;0.035805184;0.20881100799999996;0.571568128;0.55328256;0.240432128;0.119100416;0.04856832;0.020660223999999998;0.010934272;0.010469376;0.020663295999999998;0.027195392;0.029853696;0.023970816;0.011834368;0.00671744;0.0061777920000000005;0.004185088000000001;0.001736704;0.004343808;0.008923135999999998;0.008638464;0.008092672;0.008274944;0.006734848;0.00642048;0.004803584;0.00639488;0.005827584;0.005410816;0.004346879999999999;0.002243584;0.002147328;0.002989056;0.00283648;0.001910784;0.0020981759999999998;0.0025856;0.0023347199999999998;0.0018575360000000001;0.001910784;0.002528256;0.002958336;0.001624064;0.00136704;0.001210368;0.00097792;0.000966656;0.00134144;0.0018155520000000002;0.002084864;0.0013568;0.001637376;0.0016220159999999998;0.00101376;0.001147904;0.0015267839999999998;0.000917504;0.000922624;0.000908288;0.0006225919999999999;0.000653312;0.001030144;0.000768;0.00047104000000000004;0.000679936;0.000712704;0.000415744;0.00042598399999999997;0.000406528;0.000457728;0.000518144;0.000493568;0.00030003200000000004;0.00036352;0.000520192
1770692400,hdr,0.0293;0.03906;0.04883;0.05859;0.06836;0.07813;0.08789;0.09766;0.10742;0.11719;0.12695;0.13672;0.14648;0.15625;0.16602;0.17578;0.18555;0.19531;0.20508;0.21484;0.22461;0.23438;0.24414;0.25391;0.26367;0.27344;0.2832;0.29297;0.30273;0.3125;0.32227;0.33203;0.3418;0.35156;0.36133;0.37109;0.38086;0.39063;0.40039;0.41016;0.41992;0.42969;0.43945;0.44922;0.45898;0.46875;0.47852;0.48828;0.49805;0.50781;0.51758;0.52734;0.53711;0.54688;0.55664;0.56641;0.57617;0.58594;0.5957;0.60547;0.61523;0.625;0.63477;0.64453;0.6543;0.66406;0.67383;0.68359;0.69336;0.70313;0.71289;0.72266;0.73242;0.74219;0.75195;0.76172;0.77148;0.78125;0.79102,0.002572288;0.003579904;0.010373120000000001;0.035396608;0.218251264;0.470689792;0.521353216;0.30927667200000003;0.19775283200000002;0.073432064;0.018839552;0.01051136;0.013515776;0.022578176;0.033629184;0.028123136;0.027293696;0.022464512;0.009734144;0.005620736;0.004103168000000001;0.006253567999999999;0.008517632;0.010809343999999999;0.011201536;0.005594112;0.004824064;0.004227072;0.00335872;0.003510272;0.004190208000000001;0.003048448;0.002231296;0.002477056;0.0037877759999999996;0.004002816;0.003206144;0.0026449919999999997;0.0021411840000000004;0.002771968;0.0017152;0.0011264;0.001117184;0.0012789759999999998;0.001263616;0.00178688;0.0011489279999999998;0.0011366400000000002;0.0016711679999999998;0.001948672;0.0017018880000000001;0.0016087039999999999;0.001089536;0.000758784;0.000700416;0.000840704;0.001312768;0.001165312;0.000802816;0.000769024;0.001009664;0.001050624;0.001089536;0.000594944;0.0006819840000000001;0.00077824;0.000406528;0.000516096;0.000528384;0.0005601279999999999;0.000704512;0.000520192;0.000642048;0.000912384;0.0006277120000000001;0.00043724800000000005;0.000375808;0.000330752;0.000439296
1770693300,hdr,0.0293;0.03906;0.04883;0.05859;0.06836;0.07813;0.08789;0.09766;0.10742;0.11719;0.12695;0.13672;0.14648;0.15625;0.16602;0.17578;0.18555;0.19531;0.20508;0.21484;0.22461;0.23438;0.24414;0.25391;0.26367;0.27344;0.2832;0.29297;0.30273;0.3125;0.32227;0.33203;0.3418;0.35156;0.36133;0.37109;0.38086;0.39063;0.40039;0.41016;0.41992;0.42969;0.43945;0.44922;0.45898;0.46875;0.47852;0.48828;0.49805;0.50781;0.51758;0.52734;0.53711;0.54688;0.55664;0.56641;0.57617;0.58594;0.5957;0.60547;0.61523;0.625;0.63477;0.64453;0.6543;0.66406;0.67383;0.68359;0.69336;0.70313;0.71289;0.72266;0.73242;0.74219;0.75195;0.76172;0.77148;0.78125;0.79102,0.003070976;0.004069376;0.006380544000000001;0.018095104;0.11560448;0.490013696;0.6985267199999999;0.352106496;0.151957504;0.054454272000000005;0.01888256;0.007883776;0.013266944000000001;0.015138816000000001;0.020068352;0.036020224;0.028339200000000002;0.016731135999999997;0.006836223999999999;0.005094400000000001;0.003339264;0.0052541440000000005;0.006592512;0.005005312;0.008761343999999999;0.006559744;0.003416064;0.00320512;0.003596288;0.003542016;0.003414016;0.002111488;0.002945024;0.004028416;0.0031088640000000002;0.00233984;0.0026009600000000003;0.0019886079999999998;0.002489344;0.002659328;0.002205696;0.002566144;0.0021606399999999997;0.00128;0.002076672;0.0013568;0.0019712;0.0022886399999999998;0.001513472;0.001316864;0.0019128320000000002;0.001964032;0.0013004800000000001;0.0012646399999999998;0.0014438399999999998;0.0016302080000000002;0.00141824;0.000780288;0.0009441279999999999;0.0010127360000000002;0.0008929280000000001;0.000889856;0.001073152;0.0008212479999999999;0.001435648;0.001027072;0.00036352;0.000658432;0.0009615359999999999;0.0009256959999999999;0.0006184960000000001;0.000395264;0.00036761599999999997;0.000497664;0.0005099519999999999;0.00032768;0.00047206399999999996;0.000651264;0.00048742400000000003
1770694200,hdr,0.0293;0.03906;0.04883;0.05859;0.06836;0.07813;0.08789;0.09766;0.10742;0.11719;0.12695;0.13672;0.14648;0.15625;0.16602;0.17578;0.18555;0.19531;0.20508;0.21484;0.22461;0.23438;0.24414;0.25391;0.26367;0.27344;0.2832;0.29297;0.30273;0.3125;0.32227;0.33203;0.3418;0.35156;0.36133;0.37109;0.38086;0.39063;0.40039;0.41016;0.41992;0.42969;0.43945;0.44922;0.45898;0.46875;0.47852;0.48828;0.49805;0.50781;0.51758;0.52734;0.53711;0.54688;0.55664;0.56641;0.57617;0.58594;0.5957;0.60547;0.61523;0.625;0.63477;0.64453;0.6543;0.66406;0.67383;0.68359;0.69336;0.70313;0.71289;0.72266;0.73242;0.74219;0.75195;0.76172;0.77148;0.78125;0.79102,0.0025374720000000003;0.00571392;0.002208768;0.030767104;0.116174848;0.37749964799999997;0.427328512;0.267429888;0.17964748800000002;0.10085068800000001;0.032561151999999996;0.012630015999999999;0.014737407999999999;0.02164224;0.031663104;0.034971648;0.032303104;0.014570496;0.009849856000000002;0.005946368;0.005031936;0.006593536;0.008266752;0.0077987840000000004;0.007598080000000001;0.005581824000000001;0.003468288;0.003176448;0.004957184;0.0052019200000000005;0.00327168;0.00288256;0.004190208000000001;0.003171328;0.002026496;0.0016906239999999997;0.001948672;0.0017725439999999998;0.002691072;0.0027115520000000003;0.001580032;0.0018278399999999998;0.001480704;0.001692672;0.00185856;0.001087488;0.00084992;0.001615872;0.001782784;0.001225728;0.001099776;0.001214464;0.001040384;0.0009738240000000001;0.0013639680000000001;0.0011120639999999998;0.000672768;0.001106944;0.001056768;0.001185792;0.001043456;0.000704512;0.000539648;0.000514048;0.000617472;0.000703488;0.000978944;0.0013219840000000002;0.0008704;0.000601088;0.0005468159999999999;0.00032870400000000003;0.00039423999999999997;0.000515072;0.000356352;0.00044544;0.0003328;0.00029081600000000006;0.00031129599999999997
1770695100,hdr,0.0293;0.03906;0.04883;0.05859;0.06836;0.07813;0.08789;0.09766;0.10742;0.11719;0.12695;0.13672;0.14648;0.15625;0.16602;0.17578;0.18555;0.19531;0.20508;0.21484;0.22461;0.23438;0.24414;0.25391;0.26367;0.27344;0.2832;0.29297;0.30273;0.3125;0.32227;0.33203;0.3418;0.35156;0.36133;0.37109;0.38086;0.39063;0.40039;0.41016;0.41992;0.42969;0.43945;0.44922;0.45898;0.46875;0.47852;0.48828;0.49805;0.50781;0.51758;0.52734;0.53711;0.54688;0.55664;0.56641;0.57617;0.58594;0.5957;0.60547;0.61523;0.625;0.63477;0.64453;0.6543;0.66406;0.67383;0.68359;0.69336;0.70313;0.71289;0.72266;0.73242;0.74219;0.75195;0.76172;0.77148;0.78125;0.79102,0.007626752;0.016293888;0.019446783999999998;0.05091737599999999;0.225420288;0.36486656;0.366388224;0.253719552;0.15090278399999998;0.043226112000000004;0.017290240000000002;0.013360127999999999;0.021202943999999998;0.024932352;0.019392511999999997;0.021704704;0.013425663999999999;0.00884224;0.008603647999999998;0.0075745280000000005;0.006349824;0.007481344;0.008291327999999999;0.007415808;0.007754751999999999;0.011833344;0.009822208;0.006340607999999999;0.00500224;0.00416256;0.003753984;0.003074048;0.003007488;0.0036157439999999997;0.0038144;0.002572288;0.00214016;0.0026071040000000003;0.002994176;0.0020572159999999997;0.001337344;0.002951168;0.00327168;0.002158592;0.001711104;0.000893952;0.0010813440000000001;0.0009318400000000001;0.001408;0.0017725439999999998;0.001936384;0.00133632;0.0011632640000000002;0.001087488;0.00136192;0.0012953600000000002;0.001409024;0.001110016;0.0011509760000000002;0.0012072959999999998;0.000751616;0.0008069119999999999;0.000818176;0.000756736;0.000825344;0.0008089600000000001;0.0006840319999999999;0.000632832;0.0005724160000000001;0.000759808;0.0006830079999999999;0.000346112;0.000521216;0.000453632;0.00044544;0.000432128;0.000690176;0.0005560319999999999;0.00029491200000000004
1770696000,hdr,0.0293;0.03906;0.04883;0.05859;0.06836;0.07813;0.08789;0.09766;0.10742;0.11719;0.12695;0.13672;0.14648;0.15625;0.16602;0.17578;0.18555;0.19531;0.20508;0.21484;0.22461;0.23438;0.24414;0.25391;0.26367;0.27344;0.2832;0.29297;0.30273;0.3125;0.32227;0.33203;0.3418;0.35156;0.36133;0.37109;0.38086;0.39063;0.40039;0.41016;0.41992;0.42969;0.43945;0.44922;0.45898;0.46875;0.47852;0.48828;0.49805;0.50781;0.51758;0.52734;0.53711;0.54688;0.55664;0.56641;0.57617;0.58594;0.5957;0.60547;0.61523;0.625;0.63477;0.64453;0.6543;0.66406;0.67383;0.68359;0.69336;0.70313;0.71289;0.72266;0.73242;0.74219;0.75195;0.76172;0.77148;0.78125;0.79102,0.010727424;0.011821056;0.012740608;0.04472832;0.16853708800000003;0.414589952;0.503847936;0.346587136;0.148084736;0.034855936000000004;0.016295936;0.007299072;0.009592832;0.019993600000000004;0.026164224000000003;0.024902656;0.015446016;0.010001408;0.008968192000000002;0.0087808;0.00580096;0.00907776;0.007970816;0.005761024;0.008970239999999999;0.006278144;0.005792768;0.00766464;0.0048209920000000005;0.004225024;0.004524032;0.004731904;0.00319488;0.0015851519999999998;0.0019394560000000002;0.00275968;0.003145728;0.002915328;0.001922048;0.002046976;0.0021207039999999997;0.0024166400000000003;0.001936384;0.001803264;0.002208768;0.001509376;0.001344512;0.001403904;0.00165888;0.001742848;0.001536;0.001590272;0.001680384;0.0017131520000000001;0.0014110720000000002;0.001328128;0.001344512;0.0009297919999999999;0.00101888;0.0014110720000000002;0.001317888;0.0011356159999999999;0.0011417600000000001;0.0008509440000000001;0.000905216;0.001188864;0.0007106559999999999;0.000924672;0.000897024;0.000490496;0.000545792;0.0005560319999999999;0.000672768;0.000690176;0.0006696959999999999;0.0008222720000000001;0.000630784;0.0007075839999999999;0.0005478400000000001
1770696900,hdr,0.0293;0.03906;0.04883;0.05859;0.06836;0.07813;0.08789;0.09766;0.10742;0.11719;0.12695;0.13672;0.14648;0.15625;0.16602;0.17578;0.18555;0.19531;0.20508;0.21484;0.22461;0.23438;0.24414;0.25391;0.26367;0.27344;0.2832;0.29297;0.30273;0.3125;0.32227;0.33203;0.3418;0.35156;0.36133;0.37109;0.38086;0.39063;0.40039;0.41016;0.41992;0.42969;0.43945;0.44922;0.45898;0.46875;0.47852;0.48828;0.49805;0.50781;0.51758;0.52734;0.53711;0.54688;0.55664;0.56641;0.57617;0.58594;0.5957;0.60547;0.61523;0.625;0.63477;0.64453;0.6543;0.66406;0.67383;0.68359;0.69336;0.70313;0.71289;0.72266;0.73242;0.74219;0.75195;0.76172;0.77148;0.78125;0.79102,0.002295808;0.003678208;0.00924672;0.034180096;0.145913856;0.294643712;0.25475072;0.218776576;0.14717235199999998;0.056580095999999996;0.023504895999999997;0.010169344;0.011507712;0.028632064;0.02816;0.014838783999999999;0.0125952;0.00967168;0.008245248;0.005583872;0.004551680000000001;0.004661248;0.005467136;0.005990400000000001;0.0069632;0.005561344;0.004626432000000001;0.004798464;0.003587072;0.0038799359999999996;0.005878784;0.0048762879999999995;0.00385536;0.003151872;0.003293184;0.00263168;0.002656256;0.003001344;0.00221696;0.002659328;0.0031467520000000005;0.002794496;0.001550336;0.0012871680000000002;0.001358848;0.0009216000000000001;0.00105472;0.0013864959999999999;0.0014878720000000001;0.00076288;0.00117248;0.001647616;0.00143872;0.001086464;0.0007833599999999999;0.000538624;0.0013824;0.001865728;0.001062912;0.000781312;0.000825344;0.0005683200000000001;0.0006676480000000001;0.00075264;0.000421888;0.00042496;0.000662528;0.0004956159999999999;0.000503808;0.000565248;0.0005703679999999999;0.00054272;0.000411648;0.000365568;0.00057856;0.0005642239999999999;0.00036352;0.00042496;0.0005601279999999999
1770697800,hdr,0.0293;0.03906;0.04883;0.05859;0.06836;0.07813;0.08789;0.09766;0.10742;0.11719;0.12695;0.13672;0.14648;0.15625;0.16602;0.17578;0.18555;0.19531;0.20508;0.21484;0.22461;0.23438;0.24414;0.25391;0.26367;0.27344;0.2832;0.29297;0.30273;0.3125;0.32227;0.33203;0.3418;0.35156;0.36133;0.37109;0.38086;0.39063;0.40039;0.41016;0.41992;0.42969;0.43945;0.44922;0.45898;0.46875;0.47852;0.48828;0.49805;0.50781;0.51758;0.52734;0.53711;0.54688;0.55664;0.56641;0.57617;0.58594;0.5957;0.60547;0.61523;0.625;0.63477;0.64453;0.6543;0.66406;0.67383;0.68359;0.69336;0.70313;0.71289;0.72266;0.73242;0.74219;0.75195;0.76172;0.77148;0.78125;0.79102,0.0012871680000000002;0.0012195840000000001;0.004296704;0.038507519999999996;0.30488576;0.6078074880000001;0.34578124800000004;0.18785894400000003;0.14970163199999997;0.062215168;0.026029056000000002;0.010457088;0.017611776;0.027201536;0.026214400000000002;0.023408639999999998;0.020404224;0.013961216;0.007994368;0.007872512;0.006299648;0.004950016;0.005724160000000001;0.006780928;0.00548352;0.005819392;0.006313983999999999;0.005395456;0.004236288;0.005446656;0.006776831999999999;0.005862399999999999;0.002640896;0.001765376;0.003069952;0.0021667839999999997;0.001708032;0.002184192;0.002660352;0.0022097920000000004;0.001910784;0.0013578239999999999;0.001636352;0.001970176;0.0020029439999999996;0.001527808;0.001775616;0.002008064;0.00170496;0.0018800639999999999;0.001185792;0.001333248;0.0011417600000000001;0.000992256;0.001330176;0.0009400319999999999;0.001048576;0.001061888;0.0008447999999999999;0.001221632;0.0013568;0.000905216;0.000913408;0.0008151040000000001;0.0006574080000000001;0.00046796800000000003;0.0007075839999999999;0.00055296;0.000628736;0.0007833599999999999;0.000769024;0.00075264;0.000726016;0.000411648;0.00033894400000000004;0.00023961599999999998;0.0003072;0.000218112;0.00027340799999999994
1770698700,hdr,0.0293;0.03906;0.04883;0.05859;0.06836;0.07813;0.08789;0.09766;0.10742;0.11719;0.12695;0.13672;0.14648;0.15625;0.16602;0.17578;0.18555;0.19531;0.20508;0.21484;0.22461;0.23438;0.24414;0.25391;0.26367;0.27344;0.2832;0.29297;0.30273;0.3125;0.32227;0.33203;0.3418;0.35156;0.36133;0.37109;0.38086;0.39063;0.40039;0.41016;0.41992;0.42969;0.43945;0.44922;0.45898;0.46875;0.47852;0.48828;0.49805;0.50781;0.51758;0.52734;0.53711;0.54688;0.55664;0.56641;0.57617;0.58594;0.5957;0.60547;0.61523;0.625;0.63477;0.64453;0.6543;0.66406;0.67383;0.68359;0.69336;0.70313;0.71289;0.72266;0.73242;0.74219;0.75195;0.76172;0.77148;0.78125;0.79102,0.001069056;0.002686976;0.003718144;0.025832448;0.16739635200000003;0.28205158399999997;0.26724864000000004;0.256113664;0.231491584;0.091660288;0.023461888;0.00942592;0.011197440000000001;0.019166208000000004;0.02507776;0.033210368000000004;0.024323072;0.022309888;0.00927744;0.007636992;0.005013504;0.00634368;0.010184704;0.010912768;0.01069056;0.007392256;0.00299008;0.004527104;0.0040704;0.00457216;0.004446208000000001;0.003934208;0.007344128000000001;0.005095424;0.003006464;0.0024801280000000003;0.002874368;0.002961408;0.002197504;0.002226176;0.002008064;0.001702912;0.0016384000000000001;0.002929664;0.002363392;0.001401856;0.001534976;0.001362944;0.001736704;0.002043904;0.0017602560000000002;0.001232896;0.001555456;0.001830912;0.001349632;0.0016302080000000002;0.001627136;0.001353728;0.00109056;0.000772096;0.0008765439999999999;0.000796672;0.0010086399999999999;0.0009021439999999999;0.000518144;0.0005888;0.000625664;0.0007229440000000001;0.000923648;0.000857088;0.0006021119999999999;0.000774144;0.0008519679999999999;0.000516096;0.00042496;0.000843776;0.000823296;0.000592896;0.00048742400000000003
1770699600,hdr,0.0293;0.03906;0.04883;0.05859;0.06836;0.07813;0.08789;0.09766;0.10742;0.11719;0.12695;0.13672;0.14648;0.15625;0.16602;0.17578;0.18555;0.19531;0.20508;0.21484;0.22461;0.23438;0.24414;0.25391;0.26367;0.27344;0.2832;0.29297;0.30273;0.3125;0.32227;0.33203;0.3418;0.35156;0.36133;0.37109;0.38086;0.39063;0.40039;0.41016;0.41992;0.42969;0.43945;0.44922;0.45898;0.46875;0.47852;0.48828;0.49805;0.50781;0.51758;0.52734;0.53711;0.54688;0.55664;0.56641;0.57617;0.58594;0.5957;0.60547;0.61523;0.625;0.63477;0.64453;0.6543;0.66406;0.67383;0.68359;0.69336;0.70313;0.71289;0.72266;0.73242;0.74219;0.75195;0.76172;0.77148;0.78125;0.79102,0.00185344;0.004624384;0.008044544;0.03334656;0.15003852800000003;0.437687296;0.488952832;0.269526016;0.14336716800000002;0.08701132800000001;0.028638208;0.009686016;0.010001408;0.022877184000000002;0.028382208;0.02574848;0.03412684800000001;0.018015232;0.009331711999999999;0.01010176;0.00805376;0.009892864;0.006647808;0.0073154560000000006;0.006349824;0.004849664;0.004934656;0.003218432;0.004617216;0.0058839040000000006;0.0064512;0.003914752;0.005003264;0.0043827200000000005;0.002033664;0.002134016;0.003099648;0.00290304;0.0028948479999999998;0.002204672;0.001069056;0.001723392;0.001605632;0.001741824;0.001774592;0.002148352;0.0018237440000000002;0.001036288;0.0017725439999999998;0.0014704639999999999;0.00085504;0.001185792;0.001435648;0.001686528;0.0016445440000000002;0.001685504;0.001201152;0.0008386559999999999;0.0006778880000000001;0.0011151359999999999;0.0012994559999999998;0.00081408;0.001283072;0.001032192;0.0009144320000000001;0.00083968;0.0011048960000000002;0.001527808;0.001227776;0.00118784;0.001050624;0.000823296;0.0007086080000000001;0.000871424;0.001143808;0.00087552;0.000937984;0.000882688;0.0005683200000000001
1770700500,hdr,0.0293;0.03906;0.04883;0.05859;0.06836;0.07813;0.08789;0.09766;0.10742;0.11719;0.12695;0.13672;0.14648;0.15625;0.16602;0.17578;0.18555;0.19531;0.20508;0.21484;0.22461;0.23438;0.24414;0.25391;0.26367;0.27344;0.2832;0.29297;0.30273;0.3125;0.32227;0.33203;0.3418;0.35156;0.36133;0.37109;0.38086;0.39063;0.40039;0.41016;0.41992;0.42969;0.43945;0.44922;0.45898;0.46875;0.47852;0.48828;0.49805;0.50781;0.51758;0.52734;0.53711;0.54688;0.55664;0.56641;0.57617;0.58594;0.5957;0.60547;0.61523;0.625;0.63477;0.64453;0.6543;0.66406;0.67383;0.68359;0.69336;0.70313;0.71289;0.72266;0.73242;0.74219;0.75195;0.76172;0.77148;0.78125;0.79102,0.003874816;0.007030784;0.0031139839999999998;0.015665152;0.13309952000000003;0.395302912;0.432265216;0.25171865600000004;0.15583539200000002;0.093922304;0.030128128;0.011983872;0.016785407999999998;0.029032448;0.024147968;0.01189888;0.008723456000000001;0.006879232;0.006945792;0.007062528;0.005238784;0.007760896;0.010020863999999999;0.010018815999999998;0.008282112;0.005016576;0.0038635519999999997;0.005305344;0.00467968;0.004788223999999999;0.00383488;0.003222528;0.003509248;0.0040796159999999995;0.004163584;0.003473408;0.0027381760000000006;0.002484224;0.0024330239999999998;0.002372608;0.002409472;0.002675712;0.0023429120000000004;0.002443264;0.003622912;0.002501632;0.001432576;0.001632256;0.001634304;0.001176576;0.001053696;0.000922624;0.0016220159999999998;0.0021329920000000002;0.0012369920000000001;0.001283072;0.001412096;0.001837056;0.0012400640000000001;0.0007188480000000001;0.00088064;0.001468416;0.000761856;0.00029491200000000004;0.0004986880000000001;0.0008509440000000001;0.001026048;0.000867328;0.0007280640000000001;0.000723968;0.000897024;0.0010608640000000001;0.000903168;0.0006144;0.0004884479999999999;0.00037888;0.000432128;0.000779264;0.0008212479999999999
1770701400,hdr,0.0293;0.03906;0.04883;0.05859;0.06836;0.07813;0.08789;0.09766;0.10742;0.11719;0.12695;0.13672;0.14648;0.15625;0.16602;0.17578;0.18555;0.19531;0.20508;0.21484;0.22461;0.23438;0.24414;0.25391;0.26367;0.27344;0.2832;0.29297;0.30273;0.3125;0.32227;0.33203;0.3418;0.35156;0.36133;0.37109;0.38086;0.39063;0.40039;0.41016;0.41992;0.42969;0.43945;0.44922;0.45898;0.46875;0.47852;0.48828;0.49805;0.50781;0.51758;0.52734;0.53711;0.54688;0.55664;0.56641;0.57617;0.58594;0.5957;0.60547;0.61523;0.625;0.63477;0.64453;0.6543;0.66406;0.67383;0.68359;0.69336;0.70313;0.71289;0.72266;0.73242;0.74219;0.75195;0.76172;0.77148;0.78125;0.79102,0.000907264;0.00062464;0.002689024;0.02472448;0.15481344;0.36670668799999995;0.43881881600000006;0.20865536;0.14944051200000003;0.070967296;0.022784;0.013956096000000001;0.01357312;0.018514944;0.023685120000000004;0.020148224;0.014226432;0.015772672;0.009001984000000001;0.006987776;0.005946368;0.007834624;0.00824832;0.00689152;0.007489536;0.008748032000000001;0.007583744000000001;0.007211008;0.005804032;0.002729984;0.004339712;0.0046540800000000005;0.004872192;0.004400128;0.00312832;0.002336768;0.00306176;0.003723264;0.003126272;0.0024719359999999997;0.001911808;0.002110464;0.0017489920000000002;0.002154496;0.002681856;0.001435648;0.0021032959999999997;0.001890304;0.001396736;0.001277952;0.0012359679999999998;0.0015390719999999998;0.001682432;0.0011601919999999998;0.0008110079999999999;0.001086464;0.001316864;0.0014714879999999997;0.0015431680000000001;0.0011120639999999998;0.0011233280000000003;0.001308672;0.001212416;0.0009984;0.001306624;0.0008355839999999999;0.000753664;0.001048576;0.0005703679999999999;0.0005847039999999999;0.00075264;0.0008192000000000001;0.000879616;0.00088576;0.000649216;0.000617472;0.000538624;0.000780288;0.0006144
1770702300,hdr,0.0293;0.03906;0.04883;0.05859;0.06836;0.07813;0.08789;0.09766;0.10742;0.11719;0.12695;0.13672;0.14648;0.15625;0.16602;0.17578;0.18555;0.19531;0.20508;0.21484;0.22461;0.23438;0.24414;0.25391;0.26367;0.27344;0.2832;0.29297;0.30273;0.3125;0.32227;0.33203;0.3418;0.35156;0.36133;0.37109;0.38086;0.39063;0.40039;0.41016;0.41992;0.42969;0.43945;0.44922;0.45898;0.46875;0.47852;0.48828;0.49805;0.50781;0.51758;0.52734;0.53711;0.54688;0.55664;0.56641;0.57617;0.58594;0.5957;0.60547;0.61523;0.625;0.63477;0.64453;0.6543;0.66406;0.67383;0.68359;0.69336;0.70313;0.71289;0.72266;0.73242;0.74219;0.75195;0.76172;0.77148;0.78125;0.79102,0.0006737919999999999;0.000439296;0.002935808;0.026084351999999998;0.337261568;0.498848768;0.275027968;0.189080576;0.139654144;0.074469376;0.029968384;0.00836096;0.011981823999999999;0.009997312000000001;0.022867968000000002;0.031346688000000004;0.021719040000000002;0.012037119999999998;0.0034048;0.004283392;0.007062528;0.011045887999999998;0.010564608;0.008542208;0.005832703999999999;0.004804608;0.005583872;0.004974592000000001;0.004122624;0.002907136;0.003953664;0.004117504;0.004993024;0.00468992;0.0027648;0.0027883520000000005;0.0037683200000000003;0.0034959360000000003;0.001738752;0.0019650559999999997;0.0025292799999999996;0.002620416;0.00168448;0.001548288;0.001125376;0.001256448;0.000963584;0.0014346239999999998;0.00193536;0.001636352;0.001777664;0.0014919679999999998;0.0011048960000000002;0.0012462080000000002;0.00097792;0.001091584;0.0013148160000000001;0.0018360320000000002;0.0015185919999999998;0.0007290879999999999;0.00089088;0.0011407359999999998;0.000765952;0.000656384;0.0006912;0.000770048;0.0009727999999999999;0.000909312;0.000795648;0.0009768959999999999;0.0007086080000000001;0.0009727999999999999;0.000744448;0.000439296;0.0006840319999999999;0.000717824;0.000723968;0.000475136;0.00041472
1770703200,hdr,0.0293;0.03906;0.04883;0.05859;0.06836;0.07813;0.08789;0.09766;0.10742;0.11719;0.12695;0.13672;0.14648;0.15625;0.16602;0.17578;0.18555;0.19531;0.20508;0.21484;0.22461;0.23438;0.24414;0.25391;0.26367;0.27344;0.2832;0.29297;0.30273;0.3125;0.32227;0.33203;0.3418;0.35156;0.36133;0.37109;0.38086;0.39063;0.40039;0.41016;0.41992;0.42969;0.43945;0.44922;0.45898;0.46875;0.47852;0.48828;0.49805;0.50781;0.51758;0.52734;0.53711;0.54688;0.55664;0.56641;0.57617;0.58594;0.5957;0.60547;0.61523;0.625;0.63477;0.64453;0.6543;0.66406;0.67383;0.68359;0.69336;0.70313;0.71289;0.72266;0.73242;0.74219;0.75195;0.76172;0.77148;0.78125;0.79102,0.001675264;0.005302272;0.009092096;0.0267008;0.169745408;0.36896153600000003;0.296164352;0.14046617599999997;0.128848896;0.126409728;0.046908416;0.020089856;0.018494464;0.022908928;0.016641024;0.020249600000000003;0.019561471999999996;0.00941056;0.008206336000000002;0.0059115520000000005;0.007514112;0.009124864000000002;0.008281087999999999;0.008497152000000001;0.0070195200000000004;0.006489088;0.005659648;0.006769664;0.003991552;0.00245248;0.00283136;0.0018513919999999999;0.0030750720000000003;0.00236544;0.001501184;0.0018432000000000001;0.002771968;0.00232448;0.001811456;0.001447936;0.001978368;0.001769472;0.001512448;0.0012462080000000002;0.0014592000000000001;0.001388544;0.0022097920000000004;0.0015493120000000002;0.000899072;0.001097728;0.001011712;0.001053696;0.000950272;0.000887808;0.0009359360000000001;0.0009543679999999999;0.0009943039999999999;0.001079296;0.000995328;0.001082368;0.0010598399999999998;0.001067008;0.0012318720000000002;0.0009144320000000001;0.000884736;0.0011632640000000002;0.0008458240000000001;0.000900096;0.0014847999999999999;0.0014786559999999999;0.000505856;0.000534528;0.000789504;0.00072704;0.0005867520000000001;0.00044544;0.000423936;0.00033792;0.00045056
1770704100,hdr,0.0293;0.03906;0.04883;0.05859;0.06836;0.07813;0.08789;0.09766;0.10742;0.11719;0.12695;0.13672;0.14648;0.15625;0.16602;0.17578;0.18555;0.19531;0.20508;0.21484;0.22461;0.23438;0.24414;0.25391;0.26367;0.27344;0.2832;0.29297;0.30273;0.3125;0.32227;0.33203;0.3418;0.35156;0.36133;0.37109;0.38086;0.39063;0.40039;0.41016;0.41992;0.42969;0.43945;0.44922;0.45898;0.46875;0.47852;0.48828;0.49805;0.50781;0.51758;0.52734;0.53711;0.54688;0.55664;0.56641;0.57617;0.58594;0.5957;0.60547;0.61523;0.625;0.63477;0.64453;0.6543;0.66406;0.67383;0.68359;0.69336;0.70313;0.71289;0.72266;0.73242;0.74219;0.75195;0.76172;0.77148;0.78125;0.79102,0.00545792;0.012746752;0.008203264000000002;0.082023424;0.37519155200000004;0.44101529599999995;0.27101491199999994;0.182889472;0.157394944;0.08828108800000001;0.034412543999999996;0.0169728;0.014780416000000001;0.018384896;0.011449343999999998;0.012101632;0.014253056;0.010477568;0.01099264;0.006903808;0.008522752;0.006449152;0.004016128;0.004182015999999999;0.007636992;0.007892992;0.004806656;0.0036321279999999997;0.00298496;0.00400896;0.004120576;0.00433664;0.00452608;0.003308544;0.00251904;0.003216384;0.003208192;0.00354304;0.003581952;0.0023296;0.0023296;0.0029419520000000003;0.002054144;0.0015431680000000001;0.0008929280000000001;0.0011837439999999998;0.001777664;0.001261568;0.001736704;0.002048;0.001337344;0.001741824;0.0017858560000000002;0.0011427840000000002;0.000761856;0.0010373119999999999;0.0008212479999999999;0.0012369920000000001;0.001619968;0.001746944;0.001229824;0.0011356159999999999;0.0013240320000000002;0.0014632959999999998;0.001125376;0.000761856;0.000658432;0.0009441279999999999;0.0009287680000000001;0.00061952;0.00062976;0.000753664;0.000576512;0.000779264;0.00051712;0.0003584;0.000356352;0.00046284799999999997;0.000376832
1770705000,hdr,0.0293;0.03906;0.04883;0.05859;0.06836;0.07813;0.08789;0.09766;0.10742;0.11719;0.12695;0.13672;0.14648;0.15625;0.16602;0.17578;0.18555;0.19531;0.20508;0.21484;0.22461;0.23438;0.24414;0.25391;0.26367;0.27344;0.2832;0.29297;0.30273;0.3125;0.32227;0.33203;0.3418;0.35156;0.36133;0.37109;0.38086;0.39063;0.40039;0.41016;0.41992;0.42969;0.43945;0.44922;0.45898;0.46875;0.47852;0.48828;0.49805;0.50781;0.51758;0.52734;0.53711;0.54688;0.55664;0.56641;0.57617;0.58594;0.5957;0.60547;0.61523;0.625;0.63477;0.64453;0.6543;0.66406;0.67383;0.68359;0.69336;0.70313;0.71289;0.72266;0.73242;0.74219;0.75195;0.76172;0.77148;0.78125;0.79102,0.0017397760000000002;0.005921792;0.007948288;0.041413632;0.27419443200000004;0.790203392;0.5109227519999999;0.28858368;0.14831001600000002;0.054700032;0.031660032;0.015495168;0.012470272;0.03073536;0.01916416;0.012326912;0.015051776;0.010077184000000001;0.007043072;0.00549376;0.004593664000000001;0.006004736;0.007826432;0.008929280000000001;0.0062679039999999995;0.0043878400000000005;0.00461824;0.0030668799999999997;0.004494335999999999;0.00327168;0.003001344;0.003867648;0.003463168;0.0027586560000000004;0.004342784;0.0052142080000000006;0.003597312;0.0023807999999999998;0.001903616;0.002055168;0.002361344;0.00275456;0.002475008;0.002794496;0.003592192;0.0022855680000000004;0.001680384;0.0023838720000000004;0.001830912;0.001705984;0.001564672;0.001902592;0.001942528;0.0015114240000000001;0.001258496;0.001222656;0.001283072;0.0010250239999999998;0.000970752;0.000800768;0.001002496;0.0009472;0.000816128;0.001022976;0.001542144;0.00123392;0.000516096;0.000579584;0.000723968;0.000781312;0.000785408;0.000919552;0.000653312;0.000386048;0.00039423999999999997;0.00040345599999999995;0.000436224;0.000526336;0.00042803200000000007
1770705900,hdr,0.0293;0.03906;0.04883;0.05859;0.06836;0.07813;0.08789;0.09766;0.10742;0.11719;0.12695;0.13672;0.14648;0.15625;0.16602;0.17578;0.18555;0.19531;0.20508;0.21484;0.22461;0.23438;0.24414;0.25391;0.26367;0.27344;0.2832;0.29297;0.30273;0.3125;0.32227;0.33203;0.3418;0.35156;0.36133;0.37109;0.38086;0.39063;0.40039;0.41016;0.41992;0.42969;0.43945;0.44922;0.45898;0.46875;0.47852;0.48828;0.49805;0.50781;0.51758;0.52734;0.53711;0.54688;0.55664;0.56641;0.57617;0.58594;0.5957;0.60547;0.61523;0.625;0.63477;0.64453;0.6543;0.66406;0.67383;0.68359;0.69336;0.70313;0.71289;0.72266;0.73242;0.74219;0.75195;0.76172;0.77148;0.78125;0.79102,0.002686976;0.008992768;0.008615936;0.021356543999999998;0.106587136;0.302374912;0.333293568;0.191721472;0.183194624;0.106370048;0.047253504;0.016473088;0.014705664;0.018148352;0.014841856;0.008144895999999999;0.013677568000000001;0.014440448;0.007950336;0.003529728;0.00335872;0.005663744000000001;0.009242624;0.005129216000000001;0.004235264;0.0037591039999999997;0.004959232;0.002654208;0.002229248;0.002587648;0.003278848;0.002816;0.003040256;0.00319488;0.002857984;0.003081216;0.002174976;0.00196096;0.0019660800000000003;0.002192384;0.0020756480000000002;0.0018718720000000001;0.0021504000000000002;0.002328576;0.002029568;0.002169856;0.001635328;0.001731584;0.001989632;0.00134144;0.0012185600000000003;0.00167424;0.0015851519999999998;0.001338368;0.001325056;0.001033216;0.0006144;0.0008202239999999999;0.000775168;0.000745472;0.00077824;0.000647168;0.0004986880000000001;0.0005416959999999999;0.000569344;0.000418816;0.0005877759999999999;0.00088576;0.000775168;0.000494592;0.0007086080000000001;0.000623616;0.0005734399999999999;0.000590848;0.00045056;0.00046592000000000004;0.00036966399999999996;0.000277504;0.00044032
1770706800,hdr,0.0293;0.03906;0.04883;0.05859;0.06836;0.07813;0.08789;0.09766;0.10742;0.11719;0.12695;0.13672;0.14648;0.15625;0.16602;0.17578;0.18555;0.19531;0.20508;0.21484;0.22461;0.23438;0.24414;0.25391;0.26367;0.27344;0.2832;0.29297;0.30273;0.3125;0.32227;0.33203;0.3418;0.35156;0.36133;0.37109;0.38086;0.39063;0.40039;0.41016;0.41992;0.42969;0.43945;0.44922;0.45898;0.46875;0.47852;0.48828;0.49805;0.50781;0.51758;0.52734;0.53711;0.54688;0.55664;0.56641;0.57617;0.58594;0.5957;0.60547;0.61523;0.625;0.63477;0.64453;0.6543;0.66406;0.67383;0.68359;0.69336;0.70313;0.71289;0.72266;0.73242;0.74219;0.75195;0.76172;0.77148;0.78125;0.79102,0.00296448;0.003735552;0.00246784;0.020191232;0.23944089600000001;0.582996992;0.35322265599999997;0.29635072;0.215389184;0.09256857599999999;0.028676096;0.017708032;0.01247232;0.014867456;0.018279424;0.012209152000000001;0.010570752000000001;0.009457664;0.00622592;0.006002688;0.005982207999999999;0.005549056;0.004957184;0.0042414079999999995;0.004237312;0.004461567999999999;0.004457472;0.003677184;0.002535424;0.0029839359999999995;0.005279743999999999;0.005798911999999999;0.003668992;0.0028692479999999996;0.003489792;0.0026060799999999998;0.0029163519999999997;0.0032358400000000002;0.003245056;0.0023848959999999996;0.002741248;0.0028620800000000004;0.002890752;0.00214016;0.0025200640000000002;0.002051072;0.003216384;0.002368512;0.001805312;0.0019947520000000002;0.0009717759999999999;0.0011776;0.001670144;0.0020418560000000003;0.001927168;0.001441792;0.001226752;0.00160256;0.00141824;0.001153024;0.000897024;0.000679936;0.000740352;0.0008386559999999999;0.00059392;0.000525312;0.000641024;0.000625664;0.0005099519999999999;0.00044646400000000004;0.00074752;0.00064512;0.0005406720000000001;0.000538624;0.00062976;0.000731136;0.000453632;0.000386048;0.000423936
1770707700,hdr,0.0293;0.03906;0.04883;0.05859;0.06836;0.07813;0.08789;0.09766;0.10742;0.11719;0.12695;0.13672;0.14648;0.15625;0.16602;0.17578;0.18555;0.19531;0.20508;0.21484;0.22461;0.23438;0.24414;0.25391;0.26367;0.27344;0.2832;0.29297;0.30273;0.3125;0.32227;0.33203;0.3418;0.35156;0.36133;0.37109;0.38086;0.39063;0.40039;0.41016;0.41992;0.42969;0.43945;0.44922;0.45898;0.46875;0.47852;0.48828;0.49805;0.50781;0.51758;0.52734;0.53711;0.54688;0.55664;0.56641;0.57617;0.58594;0.5957;0.60547;0.61523;0.625;0.63477;0.64453;0.6543;0.66406;0.67383;0.68359;0.69336;0.70313;0.71289;0.72266;0.73242;0.74219;0.75195;0.76172;0.77148;0.78125;0.79102,0.0033331199999999997;0.01024;0.013417472;0.020233216000000002;0.16777011200000003;0.464692224;0.42166067199999996;0.181412864;0.188367872;0.09083494399999999;0.043208704;0.022584320000000005;0.014742528;0.0119552;0.013620224;0.015614976000000001;0.012087296;0.010228735999999999;0.008345599999999998;0.008045568;0.005579776;0.005143552;0.004892672000000001;0.006424576;0.005781504;0.003933184;0.002909184;0.00475136;0.004310016;0.0028999679999999997;0.0027136;0.003801088;0.003848192;0.005124096;0.0037222400000000004;0.0025262080000000003;0.00302592;0.0027811840000000003;0.00388096;0.003827712;0.0040642560000000005;0.00316416;0.00306176;0.003014656;0.0016168960000000003;0.0016445440000000002;0.003093504;0.0021964800000000002;0.0015452159999999999;0.002229248;0.00205312;0.0016404479999999999;0.001618944;0.001792;0.0017305600000000001;0.001800192;0.000953344;0.001523712;0.001467392;0.001682432;0.0013322240000000001;0.0007075839999999999;0.000730112;0.0013260799999999999;0.001559552;0.000980992;0.001063936;0.0015411200000000002;0.001348608;0.0006932479999999999;0.000852992;0.0009717759999999999;0.000499712;0.000763904;0.0008560640000000001;0.000579584;0.00044544;0.00034201599999999995;0.000483328
1770708600,hdr,0.0293;0.03906;0.04883;0.05859;0.06836;0.07813;0.08789;0.09766;0.10742;0.11719;0.12695;0.13672;0.14648;0.15625;0.16602;0.17578;0.18555;0.19531;0.20508;0.21484;0.22461;0.23438;0.24414;0.25391;0.26367;0.27344;0.2832;0.29297;0.30273;0.3125;0.32227;0.33203;0.3418;0.35156;0.36133;0.37109;0.38086;0.39063;0.40039;0.41016;0.41992;0.42969;0.43945;0.44922;0.45898;0.46875;0.47852;0.48828;0.49805;0.50781;0.51758;0.52734;0.53711;0.54688;0.55664;0.56641;0.57617;0.58594;0.5957;0.60547;0.61523;0.625;0.63477;0.64453;0.6543;0.66406;0.67383;0.68359;0.69336;0.70313;0.71289;0.72266;0.73242;0.74219;0.75195;0.76172;0.77148;0.78125;0.79102,0.005987327999999999;0.019022848;0.020058112;0.030067712;0.176751616;0.412428288;0.36496384000000004;0.213597184;0.153826304;0.109116416;0.03482316800000001;0.015227904;0.011162624;0.016345088;0.01505792;0.012020735999999999;0.013437952;0.00630272;0.006938624;0.004498432;0.004339712;0.004717568;0.007416832;0.006150144000000001;0.005920768;0.005404671999999999;0.004564992;0.005323776;0.004289536;0.00300544;0.00370688;0.004304896000000001;0.005343232;0.0047841279999999995;0.004107264;0.003324928;0.0024002560000000004;0.0027115520000000003;0.003014656;0.0027392;0.002369536;0.001770496;0.002106368;0.001964032;0.001959936;0.00236032;0.002362368;0.0015206400000000002;0.001271808;0.0014919679999999998;0.00203264;0.0016291839999999999;0.001102848;0.0008458240000000001;0.0014592000000000001;0.00158208;0.001472512;0.0013117439999999999;0.001352704;0.001014784;0.001022976;0.0015114240000000001;0.001011712;0.0008663039999999999;0.000817152;0.000429056;0.000499712;0.00040960000000000004;0.0005232639999999998;0.000674816;0.000654336;0.000451584;0.00035430400000000006;0.000412672;0.00067072;0.000468992;0.000569344;0.000631808;0.0006123519999999999
1770709500,hdr,0.0293;0.03906;0.04883;0.05859;0.06836;0.07813;0.08789;0.09766;0.10742;0.11719;0.12695;0.13672;0.14648;0.15625;0.16602;0.17578;0.18555;0.19531;0.20508;0.21484;0.22461;0.23438;0.24414;0.25391;0.26367;0.27344;0.2832;0.29297;0.30273;0.3125;0.32227;0.33203;0.3418;0.35156;0.36133;0.37109;0.38086;0.39063;0.40039;0.41016;0.41992;0.42969;0.43945;0.44922;0.45898;0.46875;0.47852;0.48828;0.49805;0.50781;0.51758;0.52734;0.53711;0.54688;0.55664;0.56641;0.57617;0.58594;0.5957;0.60547;0.61523;0.625;0.63477;0.64453;0.6543;0.66406;0.67383;0.68359;0.69336;0.70313;0.71289;0.72266;0.73242;0.74219;0.75195;0.76172;0.77148;0.78125;0.79102,0.005451776;0.007952384;0.012577792;0.029540352;0.144498688;0.29334016;0.203317248;0.147972096;0.082921472;0.07167283199999999;0.056333311999999996;0.018703360000000002;0.012033024;0.018007040000000002;0.014899200000000001;0.016749568;0.010032128000000001;0.011270144000000001;0.010990591999999999;0.007010304;0.005244928;0.004609024;0.006254592;0.006402048;0.004319232;0.005533696;0.006682624;0.005356544;0.005004288;0.003110912;0.003249152;0.002958336;0.002581504;0.002500608;0.0027217920000000002;0.002229248;0.003223552;0.003163136;0.003559424;0.0030464;0.0021411840000000004;0.0023408640000000002;0.0025671680000000003;0.0022599680000000002;0.001959936;0.0017090559999999998;0.0011212799999999999;0.00203776;0.001864704;0.00141312;0.0019773440000000002;0.001742848;0.0012871680000000002;0.001106944;0.000789504;0.001154048;0.001800192;0.00205312;0.00144896;0.0008355839999999999;0.0009584639999999999;0.0012666880000000002;0.00077824;0.0005877759999999999;0.0005560319999999999;0.0006656;0.000730112;0.0005580800000000001;0.000516096;0.000694272;0.000441344;0.0003328;0.000549888;0.0007280640000000001;0.000536576;0.00046796800000000003;0.000320512;0.000485376;0.000466944
1770710400,hdr,0.0293;0.03906;0.04883;0.05859;0.06836;0.07813;0.08789;0.09766;0.10742;0.11719;0.12695;0.13672;0.14648;0.15625;0.16602;0.17578;0.18555;0.19531;0.20508;0.21484;0.22461;0.23438;0.24414;0.25391;0.26367;0.27344;0.2832;0.29297;0.30273;0.3125;0.32227;0.33203;0.3418;0.35156;0.36133;0.37109;0.38086;0.39063;0.40039;0.41016;0.41992;0.42969;0.43945;0.44922;0.45898;0.46875;0.47852;0.48828;0.49805;0.50781;0.51758;0.52734;0.53711;0.54688;0.55664;0.56641;0.57617;0.58594;0.5957;0.60547;0.61523;0.625;0.63477;0.64453;0.6543;0.66406;0.67383;0.68359;0.69336;0.70313;0.71289;0.72266;0.73242;0.74219;0.75195;0.76172;0.77148;0.78125;0.79102,0.004745216;0.005818368;0.011044864;0.028192768;0.16343449599999998;0.38502707199999997;0.368617472;0.18443673600000002;0.125021184;0.087008256;0.044289023999999996;0.031369216;0.020178944000000004;0.015242239999999999;0.024321024;0.017682431999999998;0.013817856000000002;0.012260351999999999;0.009339904000000001;0.006468607999999999;0.00409088;0.006534144;0.008425472;0.008041472000000001;0.006409216;0.006591488;0.00618496;0.004854784000000001;0.004347904;0.00536576;0.005983232;0.005693439999999999;0.004530176;0.004789247999999999;0.0034181119999999996;0.0038174719999999997;0.005292032;0.004240384;0.0022067199999999997;0.001910784;0.00410112;0.004396032;0.00326656;0.002168832;0.0027392;0.0028549120000000002;0.0013680639999999998;0.0013035520000000001;0.001659904;0.00135168;0.0015656959999999999;0.001717248;0.001248256;0.001483776;0.001125376;0.00043724800000000005;0.000717824;0.0009216000000000001;0.000963584;0.0010250239999999998;0.000986112;0.000987136;0.000966656;0.000787456;0.000812032;0.0007557120000000001;0.001058816;0.000979968;0.0004986880000000001;0.000632832;0.00064;0.00048025600000000003;0.000449536;0.000385024;0.00047718399999999996;0.00046796800000000003;0.0005324799999999999;0.000510976;0.00034099200000000003
1770711300,hdr,0.0293;0.03906;0.04883;0.05859;0.06836;0.07813;0.08789;0.09766;0.10742;0.11719;0.12695;0.13672;0.14648;0.15625;0.16602;0.17578;0.18555;0.19531;0.20508;0.21484;0.22461;0.23438;0.24414;0.25391;0.26367;0.27344;0.2832;0.29297;0.30273;0.3125;0.32227;0.33203;0.3418;0.35156;0.36133;0.37109;0.38086;0.39063;0.40039;0.41016;0.41992;0.42969;0.43945;0.44922;0.45898;0.46875;0.47852;0.48828;0.49805;0.50781;0.51758;0.52734;0.53711;0.54688;0.55664;0.56641;0.57617;0.58594;0.5957;0.60547;0.61523;0.625;0.63477;0.64453;0.6543;0.66406;0.67383;0.68359;0.69336;0.70313;0.71289;0.72266;0.73242;0.74219;0.75195;0.76172;0.77148;0.78125;0.79102,0.0033638400000000003;0.003414016;0.002260992;0.019037184000000002;0.158918656;0.33522995200000005;0.22787379200000002;0.140638208;0.097806336;0.067715072;0.04944896;0.021009408;0.017301504000000002;0.015616;0.02338816;0.014162944;0.006468607999999999;0.008340479999999999;0.007036928;0.006585344;0.004538368;0.005891072;0.0067481600000000004;0.005711872;0.0035645440000000002;0.003421184;0.004968448;0.004861951999999999;0.005597184;0.009306112000000002;0.011657216;0.006618112;0.005271552;0.005632;0.0069621760000000005;0.0035778560000000004;0.002688;0.004179968;0.004173824;0.002374656;0.0025671680000000003;0.002793472;0.002203648;0.002699264;0.0023500800000000005;0.0024064;0.001926144;0.0016609279999999999;0.0021442559999999998;0.0017459199999999998;0.001277952;0.0012001280000000002;0.0016916480000000002;0.0010516479999999999;0.000828416;0.001373184;0.001304576;0.0007280640000000001;0.0006676480000000001;0.000594944;0.000826368;0.0011161600000000002;0.0009697280000000001;0.0005416959999999999;0.0005918719999999999;0.000704512;0.0008089600000000001;0.000881664;0.0006502400000000001;0.00038912;0.000386048;0.000577536;0.000485376;0.000432128;0.00035328;0.000408576;0.00037888;0.000325632;0.00043110399999999997
1770712200,hdr,0.0293;0.03906;0.04883;0.05859;0.06836;0.07813;0.08789;0.09766;0.10742;0.11719;0.12695;0.13672;0.14648;0.15625;0.16602;0.17578;0.18555;0.19531;0.20508;0.21484;0.22461;0.23438;0.24414;0.25391;0.26367;0.27344;0.2832;0.29297;0.30273;0.3125;0.32227;0.33203;0.3418;0.35156;0.36133;0.37109;0.38086;0.39063;0.40039;0.41016;0.41992;0.42969;0.43945;0.44922;0.45898;0.46875;0.47852;0.48828;0.49805;0.50781;0.51758;0.52734;0.53711;0.54688;0.55664;0.56641;0.57617;0.58594;0.5957;0.60547;0.61523;0.625;0.63477;0.64453;0.6543;0.66406;0.67383;0.68359;0.69336;0.70313;0.71289;0.72266;0.73242;0.74219;0.75195;0.76172;0.77148;0.78125;0.79102,0.004140032;0.006730752;0.008449024;0.027938815999999998;0.107938816;0.31555788799999995;0.377885696;0.222982144;0.126045184;0.051239936;0.031736832;0.02902016;0.0145152;0.009352192;0.012423168;0.014698496000000002;0.009628672000000001;0.006204416;0.005727232;0.006082560000000001;0.006181888;0.008226816;0.0072806400000000005;0.00601088;0.005153792000000001;0.005966848;0.005970944000000001;0.007792639999999999;0.007266304;0.005189632;0.004292608;0.00453632;0.0048209920000000005;0.005417984;0.004550656;0.00374784;0.00225792;0.0025989119999999997;0.0018575360000000001;0.001557504;0.0021964800000000002;0.001948672;0.002116608;0.001685504;0.001579008;0.0018810880000000002;0.001854464;0.0015943679999999999;0.001893376;0.0010762240000000002;0.0009216000000000001;0.0006000640000000001;0.0012288;0.001416192;0.001092608;0.000912384;0.001552384;0.001380352;0.001106944;0.000867328;0.000504832;0.00061952;0.0007976959999999999;0.0005754880000000001;0.000878592;0.000635904;0.000559104;0.0006891520000000001;0.0009318400000000001;0.0007188480000000001;0.0006604799999999999;0.0005959680000000001;0.00047104000000000004;0.000456704;0.000321536;0.000413696;0.000510976;0.0005376000000000001;0.000519168
1770713100,hdr,0.0293;0.03906;0.04883;0.05859;0.06836;0.07813;0.08789;0.09766;0.10742;0.11719;0.12695;0.13672;0.14648;0.15625;0.16602;0.17578;0.18555;0.19531;0.20508;0.21484;0.22461;0.23438;0.24414;0.25391;0.26367;0.27344;0.2832;0.29297;0.30273;0.3125;0.32227;0.33203;0.3418;0.35156;0.36133;0.37109;0.38086;0.39063;0.40039;0.41016;0.41992;0.42969;0.43945;0.44922;0.45898;0.46875;0.47852;0.48828;0.49805;0.50781;0.51758;0.52734;0.53711;0.54688;0.55664;0.56641;0.57617;0.58594;0.5957;0.60547;0.61523;0.625;0.63477;0.64453;0.6543;0.66406;0.67383;0.68359;0.69336;0.70313;0.71289;0.72266;0.73242;0.74219;0.75195;0.76172;0.77148;0.78125;0.79102,0.003667968;0.010057727999999998;0.017398784;0.03943936;0.13574860799999997;0.445771776;0.590360576;0.28502835199999993;0.144804864;0.08804864;0.043546624000000006;0.022592512;0.0101376;0.016443392;0.023392256;0.014433280000000001;0.011027456;0.008932352;0.005237759999999999;0.0052992;0.00768;0.009504768;0.01143808;0.007926784;0.0054016;0.003700736;0.0065587200000000005;0.006224896000000001;0.00623616;0.004979712000000001;0.00514048;0.0042936319999999995;0.003013632;0.004231168;0.0035932159999999998;0.002761728;0.003206144;0.0025753599999999996;0.0034611200000000003;0.0028303359999999997;0.002515968;0.001814528;0.0011417600000000001;0.001130496;0.0014192640000000002;0.0013219840000000002;0.001338368;0.0014817279999999999;0.0012185600000000003;0.0010649599999999998;0.001021952;0.001036288;0.0017018880000000001;0.0015063040000000002;0.0008110079999999999;0.00083968;0.000690176;0.00047616000000000005;0.000668672;0.000772096;0.000800768;0.000744448;0.0006963200000000001;0.00046592000000000004;0.000442368;0.00036966399999999996;0.000429056;0.00043827199999999997;0.000553984;0.000493568;0.00033894400000000004;0.000352256;0.000280576;0.00035532799999999997;0.00041984;0.00029900799999999997;0.00029798400000000005;0.000262144;0.00030412799999999997
1770714900,hdr,0.0293;0.03906;0.04883;0.05859;0.06836;0.07813;0.08789;0.09766;0.10742;0.11719;0.12695;0.13672;0.14648;0.15625;0.16602;0.17578;0.18555;0.19531;0.20508;0.21484;0.22461;0.23438;0.24414;0.25391;0.26367;0.27344;0.2832;0.29297;0.30273;0.3125;0.32227;0.33203;0.3418;0.35156;0.36133;0.37109;0.38086;0.39063;0.40039;0.41016;0.41992;0.42969;0.43945;0.44922;0.45898;0.46875;0.47852;0.48828;0.49805;0.50781;0.51758;0.52734;0.53711;0.54688;0.55664;0.56641;0.57617;0.58594;0.5957;0.60547;0.61523;0.625;0.63477;0.64453;0.6543;0.66406;0.67383;0.68359;0.69336;0.70313;0.71289;0.72266;0.73242;0.74219;0.75195;0.76172;0.77148;0.78125;0.79102,0.002825216;0.006078464;0.009019392;0.034936832;0.126887936;0.40121344;0.41253273599999996;0.22031052799999998;0.116252672;0.055697408000000004;0.034864128;0.022162432;0.012710912;0.010462208;0.012019712;0.010693632;0.006856704;0.005869568;0.004349952;0.00531456;0.00479232;0.004406272000000001;0.004633600000000001;0.004473856;0.006407168;0.008266752;0.004783103999999999;0.003957759999999999;0.006761472000000001;0.004021248;0.003678208;0.0043929600000000004;0.00400896;0.004955136000000001;0.004534272;0.0038911999999999996;0.003040256;0.0023275519999999997;0.002387968;0.003074048;0.002225152;0.002404352;0.002386944;0.001574912;0.001775616;0.002448384;0.00285696;0.002127872;0.0016220159999999998;0.001420288;0.00162816;0.001963008;0.001979392;0.0013824;0.0009615359999999999;0.001125376;0.000927744;0.000801792;0.000893952;0.00092672;0.0005744639999999999;0.0004986880000000001;0.000809984;0.000646144;0.0005847039999999999;0.000652288;0.000515072;0.000387072;0.000151552;0.000390144;0.000519168;0.000329728;0.000395264;0.00040960000000000004;0.00036966399999999996;0.00028569600000000005;0.00030003200000000004;0.000246784;0.000264192
1770715800,hdr,0.0293;0.03906;0.04883;0.05859;0.06836;0.07813;0.08789;0.09766;0.10742;0.11719;0.12695;0.13672;0.14648;0.15625;0.16602;0.17578;0.18555;0.19531;0.20508;0.21484;0.22461;0.23438;0.24414;0.25391;0.26367;0.27344;0.2832;0.29297;0.30273;0.3125;0.32227;0.33203;0.3418;0.35156;0.36133;0.37109;0.38086;0.39063;0.40039;0.41016;0.41992;0.42969;0.43945;0.44922;0.45898;0.46875;0.47852;0.48828;0.49805;0.50781;0.51758;0.52734;0.53711;0.54688;0.55664;0.56641;0.57617;0.58594;0.5957;0.60547;0.61523;0.625;0.63477;0.64453;0.6543;0.66406;0.67383;0.68359;0.69336;0.70313;0.71289;0.72266;0.73242;0.74219;0.75195;0.76172;0.77148;0.78125;0.79102,0.004366336;0.009903104000000001;0.008199168;0.014712832;0.15337676800000002;0.76646912;0.625876992;0.17812992000000002;0.105216;0.057381888;0.038624256;0.016653311999999997;0.014983168;0.012493824;0.018624512;0.014552064;0.013632512000000001;0.008242176000000002;0.006483968;0.006082560000000001;0.00634368;0.008413183999999999;0.006880256;0.00694784;0.010433536;0.010625024;0.008419328;0.005094400000000001;0.004683776;0.003198976;0.0028620800000000004;0.006019072;0.006690816;0.005117952;0.0063232;0.00463872;0.004047872;0.003530752;0.0025200640000000002;0.002000896;0.0022855680000000004;0.0029306880000000003;0.002871296;0.001867776;0.00190976;0.0025835520000000002;0.0027822079999999996;0.0024637440000000004;0.001504256;0.0015984640000000002;0.0018687999999999999;0.001954816;0.0013219840000000002;0.001475584;0.0017182719999999999;0.00107008;0.001238016;0.001460224;0.001358848;0.0009359360000000001;0.0005560319999999999;0.0006789119999999999;0.000965632;0.00072704;0.00062464;0.0004956159999999999;0.00049664;0.00052736;0.00047923199999999995;0.00037068800000000004;0.00046489599999999996;0.000393216;0.00035942400000000006;0.00029696;0.00039219200000000003;0.00048127999999999995;0.00037785600000000004;0.000323584;0.00031129599999999997
1770716700,hdr,0.0293;0.03906;0.04883;0.05859;0.06836;0.07813;0.08789;0.09766;0.10742;0.11719;0.12695;0.13672;0.14648;0.15625;0.16602;0.17578;0.18555;0.19531;0.20508;0.21484;0.22461;0.23438;0.24414;0.25391;0.26367;0.27344;0.2832;0.29297;0.30273;0.3125;0.32227;0.33203;0.3418;0.35156;0.36133;0.37109;0.38086;0.39063;0.40039;0.41016;0.41992;0.42969;0.43945;0.44922;0.45898;0.46875;0.47852;0.48828;0.49805;0.50781;0.51758;0.52734;0.53711;0.54688;0.55664;0.56641;0.57617;0.58594;0.5957;0.60547;0.61523;0.625;0.63477;0.64453;0.6543;0.66406;0.67383;0.68359;0.69336;0.70313;0.71289;0.72266;0.73242;0.74219;0.75195;0.76172;0.77148;0.78125;0.79102,0.0009727999999999999;0.004388863999999999;0.006142976;0.012147712;0.08492953599999999;0.326409216;0.334030848;0.22839807999999998;0.12478464;0.067513344;0.035899392;0.019008511999999998;0.011851776;0.015669248;0.01913856;0.014830591999999998;0.010285056;0.009452544;0.006552576;0.004979712000000001;0.00562176;0.0066508800000000005;0.005670912;0.0047861760000000005;0.00742912;0.008032256;0.005743616;0.004072447999999999;0.005891072;0.005215232;0.00549376;0.004212736;0.002820096;0.0030464;0.0032573439999999997;0.002556928;0.0023470080000000003;0.003208192;0.00303104;0.004667392000000001;0.002966528;0.001425408;0.002142208;0.001435648;0.0012748800000000002;0.001242112;0.001451008;0.001284096;0.0015452159999999999;0.001624064;0.0013608960000000001;0.00170496;0.0011960319999999999;0.0014376960000000002;0.0010178560000000001;0.000654336;0.000687104;0.0008652800000000001;0.000857088;0.00088576;0.000872448;0.000642048;0.0005601279999999999;0.000497664;0.00046489599999999996;0.000352256;0.00047820800000000004;0.000457728;0.000621568;0.000401408;0.00029798400000000005;0.000242688;0.00038912;0.000324608;0.00024371200000000001;0.00018432000000000002;0.000258048;0.000356352;0.000252928
1770717600,hdr,0.0293;0.03906;0.04883;0.05859;0.06836;0.07813;0.08789;0.09766;0.10742;0.11719;0.12695;0.13672;0.14648;0.15625;0.16602;0.17578;0.18555;0.19531;0.20508;0.21484;0.22461;0.23438;0.24414;0.25391;0.26367;0.27344;0.2832;0.29297;0.30273;0.3125;0.32227;0.33203;0.3418;0.35156;0.36133;0.37109;0.38086;0.39063;0.40039;0.41016;0.41992;0.42969;0.43945;0.44922;0.45898;0.46875;0.47852;0.48828;0.49805;0.50781;0.51758;0.52734;0.53711;0.54688;0.55664;0.56641;0.57617;0.58594;0.5957;0.60547;0.61523;0.625;0.63477;0.64453;0.6543;0.66406;0.67383;0.68359;0.69336;0.70313;0.71289;0.72266;0.73242;0.74219;0.75195;0.76172;0.77148;0.78125;0.79102,0.000352256;0.002706432;0.007936;0.017739776;0.183610368;0.5101557760000001;0.442210304;0.241967104;0.091245568;0.071222272;0.040545279999999996;0.021061631999999997;0.012785664;0.012706816000000001;0.012438528;0.014662656000000001;0.00773632;0.007478272;0.007498751999999999;0.004559872;0.004868096000000001;0.006800384;0.010510336;0.007892992;0.006734848;0.0038082560000000003;0.006489088;0.0065167359999999995;0.0036556799999999997;0.005470208000000001;0.007412736;0.005838848;0.0046817280000000005;0.003416064;0.004216832;0.004347904;0.004041728;0.003542016;0.0026009600000000003;0.002748416;0.002817024;0.002172928;0.0014530559999999999;0.00088064;0.0012318720000000002;0.001202176;0.0012052480000000001;0.001209344;0.001000448;0.001524736;0.001226752;0.000930816;0.0012032;0.0011601919999999998;0.00103424;0.00128512;0.0008192000000000001;0.000606208;0.000596992;0.000649216;0.0006000640000000001;0.000436224;0.000381952;0.000401408;0.00030003200000000004;0.00047411199999999995;0.0005601279999999999;0.000447488;0.00048639999999999995;0.000248832;0.000233472;0.00035328;0.000376832;0.00029183999999999997;0.000249856;0.00032768;0.000349184;0.000366592;0.000346112
1770718500,hdr,0.0293;0.03906;0.04883;0.05859;0.06836;0.07813;0.08789;0.09766;0.10742;0.11719;0.12695;0.13672;0.14648;0.15625;0.16602;0.17578;0.18555;0.19531;0.20508;0.21484;0.22461;0.23438;0.24414;0.25391;0.26367;0.27344;0.2832;0.29297;0.30273;0.3125;0.32227;0.33203;0.3418;0.35156;0.36133;0.37109;0.38086;0.39063;0.40039;0.41016;0.41992;0.42969;0.43945;0.44922;0.45898;0.46875;0.47852;0.48828;0.49805;0.50781;0.51758;0.52734;0.53711;0.54688;0.55664;0.56641;0.57617;0.58594;0.5957;0.60547;0.61523;0.625;0.63477;0.64453;0.6543;0.66406;0.67383;0.68359;0.69336;0.70313;0.71289;0.72266;0.73242;0.74219;0.75195;0.76172;0.77148;0.78125;0.79102,0.0010956800000000001;0.003744768;0.003971072;0.024891392;0.100117504;0.3028736;0.252167168;0.10187980799999999;0.06500863999999999;0.059710464;0.056593408;0.026758144;0.011457536;0.007729152;0.008941567999999999;0.008000512000000001;0.008886272;0.007584768;0.006406144;0.006793216;0.006071296;0.005994496;0.006818816;0.005643264;0.004297728;0.0031232000000000005;0.0044605439999999994;0.005909504;0.005156864;0.004412416;0.0036382720000000006;0.004216832;0.003274752;0.00300032;0.004334592;0.004260864;0.0040243200000000005;0.0037222400000000004;0.0017889280000000002;0.0024381439999999997;0.0024852480000000002;0.002516992;0.0018810880000000002;0.002792448;0.0031969280000000004;0.002707456;0.001557504;0.001327104;0.001409024;0.000970752;0.0011233280000000003;0.0018698239999999997;0.001412096;0.00117248;0.00096768;0.0009461760000000001;0.001041408;0.000999424;0.00062976;0.000539648;0.0005406720000000001;0.000519168;0.000837632;0.00082432;0.000323584;0.000308224;0.0005816320000000001;0.000715776;0.000432128;0.000329728;0.000268288;0.00020377600000000002;0.000344064;0.000395264;0.000413696;0.00032768;0.0002816;0.0005324799999999999;0.00041984
1770719400,hdr,0.0293;0.03906;0.04883;0.05859;0.06836;0.07813;0.08789;0.09766;0.10742;0.11719;0.12695;0.13672;0.14648;0.15625;0.16602;0.17578;0.18555;0.19531;0.20508;0.21484;0.22461;0.23438;0.24414;0.25391;0.26367;0.27344;0.2832;0.29297;0.30273;0.3125;0.32227;0.33203;0.3418;0.35156;0.36133;0.37109;0.38086;0.39063;0.40039;0.41016;0.41992;0.42969;0.43945;0.44922;0.45898;0.46875;0.47852;0.48828;0.49805;0.50781;0.51758;0.52734;0.53711;0.54688;0.55664;0.56641;0.57617;0.58594;0.5957;0.60547;0.61523;0.625;0.63477;0.64453;0.6543;0.66406;0.67383;0.68359;0.69336;0.70313;0.71289;0.72266;0.73242;0.74219;0.75195;0.76172;0.77148;0.78125;0.79102,0.002377728;0.0051671040000000005;0.004313088;0.011889664000000001;0.089860096;0.428014592;0.31738368000000006;0.12364288000000001;0.09404006399999999;0.060386304;0.044932096000000005;0.030077952;0.016441344;0.014799872;0.019456;0.014178304000000001;0.010840064;0.010229760000000001;0.008343552000000002;0.006571008;0.006057984000000001;0.008817664000000001;0.008723456000000001;0.006332416;0.006375424;0.004583424;0.00672256;0.007384064;0.005696512000000001;0.00492544;0.004948991999999999;0.006600704000000001;0.006099968;0.00453632;0.0031313919999999998;0.003815424;0.005219328;0.004591616;0.002770944;0.004999168;0.005082112;0.003160064;0.0025415679999999997;0.00384512;0.0023500800000000005;0.002548736;0.00339968;0.0025364479999999997;0.0013424640000000002;0.0007884799999999999;0.001153024;0.001483776;0.001442816;0.001961984;0.00170496;0.001117184;0.001036288;0.000888832;0.000719872;0.0008509440000000001;0.00090624;0.000674816;0.0005099519999999999;0.00043110399999999997;0.000429056;0.00035430400000000006;0.0005416959999999999;0.000524288;0.00041676800000000003;0.000427008;0.00042291200000000006;0.000329728;0.00035942400000000006;0.000494592;0.000528384;0.000420864;0.000421888;0.000350208;0.000308224
1770720300,hdr,0.0293;0.03906;0.04883;0.05859;0.06836;0.07813;0.08789;0.09766;0.10742;0.11719;0.12695;0.13672;0.14648;0.15625;0.16602;0.17578;0.18555;0.19531;0.20508;0.21484;0.22461;0.23438;0.24414;0.25391;0.26367;0.27344;0.2832;0.29297;0.30273;0.3125;0.32227;0.33203;0.3418;0.35156;0.36133;0.37109;0.38086;0.39063;0.40039;0.41016;0.41992;0.42969;0.43945;0.44922;0.45898;0.46875;0.47852;0.48828;0.49805;0.50781;0.51758;0.52734;0.53711;0.54688;0.55664;0.56641;0.57617;0.58594;0.5957;0.60547;0.61523;0.625;0.63477;0.64453;0.6543;0.66406;0.67383;0.68359;0.69336;0.70313;0.71289;0.72266;0.73242;0.74219;0.75195;0.76172;0.77148;0.78125;0.79102,0.001147904;0.004560896;0.006595584;0.01786368;0.102866944;0.26733875199999996;0.540053504;0.29988351999999996;0.095238144;0.054574080000000004;0.041603072;0.020625407999999998;0.010104832000000001;0.013364224000000001;0.014358528;0.013290495999999999;0.008807424;0.007428096;0.008552448;0.007432192;0.00500224;0.006373376;0.008307712;0.008478719999999999;0.008623104;0.006304768;0.004983808;0.0038307840000000003;0.00377344;0.0031426559999999997;0.002953216;0.003136512;0.0028047360000000004;0.002642944;0.002689024;0.0023889920000000004;0.0020858880000000006;0.001312768;0.0021606399999999997;0.0030750720000000003;0.002354176;0.0022394880000000004;0.0012625919999999999;0.0015964160000000002;0.002161664;0.002102272;0.002009088;0.002199552;0.001814528;0.00139776;0.001811456;0.0014735360000000001;0.001685504;0.001603584;0.000912384;0.000922624;0.0009717759999999999;0.000913408;0.0008222720000000001;0.000698368;0.000400384;0.0004915200000000001;0.000503808;0.000521216;0.0006737919999999999;0.000385024;0.000510976;0.00041676800000000003;0.000418816;0.00043827199999999997;0.000429056;0.0003584;0.000284672;0.00029593599999999995;0.00031232;0.00018432000000000002;0.00021504000000000003;0.000224256;0.000164864
1770721200,hdr,0.0293;0.03906;0.04883;0.05859;0.06836;0.07813;0.08789;0.09766;0.10742;0.11719;0.12695;0.13672;0.14648;0.15625;0.16602;0.17578;0.18555;0.19531;0.20508;0.21484;0.22461;0.23438;0.24414;0.25391;0.26367;0.27344;0.2832;0.29297;0.30273;0.3125;0.32227;0.33203;0.3418;0.35156;0.36133;0.37109;0.38086;0.39063;0.40039;0.41016;0.41992;0.42969;0.43945;0.44922;0.45898;0.46875;0.47852;0.48828;0.49805;0.50781;0.51758;0.52734;0.53711;0.54688;0.55664;0.56641;0.57617;0.58594;0.5957;0.60547;0.61523;0.625;0.63477;0.64453;0.6543;0.66406;0.67383;0.68359;0.69336;0.70313;0.71289;0.72266;0.73242;0.74219;0.75195;0.76172;0.77148;0.78125;0.79102,0.001042432;0.002719744;0.006029312;0.010244096000000001;0.075821056;0.31587737600000004;0.509749248;0.237165568;0.065196032;0.06651289599999999;0.031666176;0.007417856;0.0066682880000000005;0.012121088;0.017117184;0.015870976000000002;0.013837312;0.009875456;0.008794112000000001;0.005440512;0.00366592;0.0030033919999999997;0.004570112;0.00464384;0.0037191679999999997;0.003992576;0.004251648;0.00366592;0.004850688;0.0044605439999999994;0.003336192;0.002863104;0.003341312;0.003606528;0.004301823999999999;0.0031354879999999996;0.00241152;0.003241984;0.0026705920000000003;0.00230912;0.0019230719999999998;0.0019466239999999999;0.0023807999999999998;0.0017674240000000003;0.001440768;0.0015616000000000002;0.002368512;0.001650688;0.00134144;0.001289216;0.000950272;0.000970752;0.0006225919999999999;0.0009943039999999999;0.000884736;0.00119296;0.00093696;0.001014784;0.0009605120000000001;0.0006000640000000001;0.000458752;0.000579584;0.000484352;0.000535552;0.0005642239999999999;0.000579584;0.00046592000000000004;0.000329728;0.000393216;0.00046284799999999997;0.000315392;0.000260096;0.000275456;0.00019968;0.000196608;0.00019456;0.000277504;0.000313344;0.000278528
1770722100,hdr,0.0293;0.03906;0.04883;0.05859;0.06836;0.07813;0.08789;0.09766;0.10742;0.11719;0.12695;0.13672;0.14648;0.15625;0.16602;0.17578;0.18555;0.19531;0.20508;0.21484;0.22461;0.23438;0.24414;0.25391;0.26367;0.27344;0.2832;0.29297;0.30273;0.3125;0.32227;0.33203;0.3418;0.35156;0.36133;0.37109;0.38086;0.39063;0.40039;0.41016;0.41992;0.42969;0.43945;0.44922;0.45898;0.46875;0.47852;0.48828;0.49805;0.50781;0.51758;0.52734;0.53711;0.54688;0.55664;0.56641;0.57617;0.58594;0.5957;0.60547;0.61523;0.625;0.63477;0.64453;0.6543;0.66406;0.67383;0.68359;0.69336;0.70313;0.71289;0.72266;0.73242;0.74219;0.75195;0.76172;0.77148;0.78125;0.79102,0.004247552;0.006406144;0.00628224;0.017693696;0.08332390399999999;0.31197183999999994;0.4348928;0.191041536;0.098796544;0.059976704;0.039025663999999995;0.027059200000000002;0.014900224;0.015653888;0.011807743999999998;0.015002624;0.010688511999999999;0.01013248;0.007852032;0.002865152;0.002197504;0.002725888;0.006017024;0.007221248;0.004257792000000001;0.004555776;0.004298752;0.002546688;0.003104768;0.002576384;0.003533824;0.003605504;0.0020930559999999994;0.0021043200000000002;0.00300032;0.003175424;0.002210816;0.002168832;0.0018483199999999999;0.002003968;0.001814528;0.001563648;0.0017397760000000002;0.001775616;0.0010475520000000002;0.0014274560000000001;0.0013240320000000002;0.001258496;0.001416192;0.001149952;0.0015534079999999998;0.0013793280000000002;0.001014784;0.000919552;0.001028096;0.000733184;0.000623616;0.0005754880000000001;0.000786432;0.0006819840000000001;0.000607232;0.000714752;0.000644096;0.000582656;0.000529408;0.00040960000000000004;0.000375808;0.000330752;0.00044339199999999997;0.00048025600000000003;0.000279552;0.0003328;0.000280576;0.000197632;0.00022323200000000002;0.000253952;0.000207872;0.00025088;0.000226304
1770723000,hdr,0.0293;0.03906;0.04883;0.05859;0.06836;0.07813;0.08789;0.09766;0.10742;0.11719;0.12695;0.13672;0.14648;0.15625;0.16602;0.17578;0.18555;0.19531;0.20508;0.21484;0.22461;0.23438;0.24414;0.25391;0.26367;0.27344;0.2832;0.29297;0.30273;0.3125;0.32227;0.33203;0.3418;0.35156;0.36133;0.37109;0.38086;0.39063;0.40039;0.41016;0.41992;0.42969;0.43945;0.44922;0.45898;0.46875;0.47852;0.48828;0.49805;0.50781;0.51758;0.52734;0.53711;0.54688;0.55664;0.56641;0.57617;0.58594;0.5957;0.60547;0.61523;0.625;0.63477;0.64453;0.6543;0.66406;0.67383;0.68359;0.69336;0.70313;0.71289;0.72266;0.73242;0.74219;0.75195;0.76172;0.77148;0.78125;0.79102,0.001847296;0.007003135999999999;0.012044288;0.024485887999999997;0.115145728;0.319511552;0.449844224;0.190536704;0.066638848;0.050956288;0.03552563200000001;0.017730560000000003;0.013722624;0.018734079999999997;0.027292671999999997;0.016791552;0.009136127999999999;0.009392128;0.008730624;0.007109632;0.0048015359999999995;0.004802559999999999;0.006045696000000001;0.0056801279999999996;0.005103616;0.006580224;0.0051251199999999995;0.006629375999999999;0.008194048;0.005639168;0.0056872960000000005;0.005433344;0.0034979840000000004;0.0027217920000000002;0.002665472;0.002886656;0.004473856;0.0031467520000000005;0.002070528;0.003416064;0.00190976;0.001446912;0.0025292799999999996;0.002409472;0.0013240320000000002;0.0014581759999999998;0.001284096;0.001078272;0.00168448;0.002054144;0.001130496;0.0005683200000000001;0.0008837120000000001;0.000882688;0.0007884799999999999;0.00077312;0.0011233280000000003;0.000899072;0.0007290879999999999;0.000748544;0.000867328;0.000813056;0.000816128;0.0005724160000000001;0.000350208;0.000421888;0.0005713920000000001;0.00039219200000000003;0.00033894400000000004;0.00046489599999999996;0.000384;0.00018944;0.00018227199999999998;0.00024576000000000003;0.000237568;0.000224256;0.000224256;0.000197632;0.00026521600000000003
1770723900,hdr,0.0293;0.03906;0.04883;0.05859;0.06836;0.07813;0.08789;0.09766;0.10742;0.11719;0.12695;0.13672;0.14648;0.15625;0.16602;0.17578;0.18555;0.19531;0.20508;0.21484;0.22461;0.23438;0.24414;0.25391;0.26367;0.27344;0.2832;0.29297;0.30273;0.3125;0.32227;0.33203;0.3418;0.35156;0.36133;0.37109;0.38086;0.39063;0.40039;0.41016;0.41992;0.42969;0.43945;0.44922;0.45898;0.46875;0.47852;0.48828;0.49805;0.50781;0.51758;0.52734;0.53711;0.54688;0.55664;0.56641;0.57617;0.58594;0.5957;0.60547;0.61523;0.625;0.63477;0.64453;0.6543;0.66406;0.67383;0.68359;0.69336;0.70313;0.71289;0.72266;0.73242;0.74219;0.75195;0.76172;0.77148;0.78125;0.79102,0.002587648;0.005043199999999999;0.008598528000000001;0.016965631999999998;0.13620736;0.282121216;0.28802764799999997;0.184656896;0.113342464;0.06516019199999999;0.034655231999999994;0.020681728;0.020498432;0.018321408000000004;0.015474688;0.015527935999999999;0.013647872;0.008838144000000001;0.005871616;0.00546816;0.00579584;0.004662272;0.003876864;0.006707200000000001;0.007124992;0.0067184639999999995;0.00571392;0.005060608;0.004775936;0.004388863999999999;0.00311296;0.0028917760000000004;0.00293888;0.002824192;0.00225792;0.001937408;0.0015851519999999998;0.0021504000000000002;0.0019210240000000001;0.001729536;0.002185216;0.002274304;0.00141824;0.001323008;0.0016711679999999998;0.001680384;0.0013424640000000002;0.000818176;0.001048576;0.001138688;0.001337344;0.001707008;0.001446912;0.0009984;0.0011509760000000002;0.001096704;0.000582656;0.00048127999999999995;0.0009472;0.000831488;0.000502784;0.000507904;0.000442368;0.000330752;0.000596992;0.000482304;0.000350208;0.00044339199999999997;0.000671744;0.000644096;0.00042496;0.000356352;0.000444416;0.000351232;0.000278528;0.000388096;0.000352256;0.000349184;0.000249856
1770724800,hdr,0.0293;0.03906;0.04883;0.05859;0.06836;0.07813;0.08789;0.09766;0.10742;0.11719;0.12695;0.13672;0.14648;0.15625;0.16602;0.17578;0.18555;0.19531;0.20508;0.21484;0.22461;0.23438;0.24414;0.25391;0.26367;0.27344;0.2832;0.29297;0.30273;0.3125;0.32227;0.33203;0.3418;0.35156;0.36133;0.37109;0.38086;0.39063;0.40039;0.41016;0.41992;0.42969;0.43945;0.44922;0.45898;0.46875;0.47852;0.48828;0.49805;0.50781;0.51758;0.52734;0.53711;0.54688;0.55664;0.56641;0.57617;0.58594;0.5957;0.60547;0.61523;0.625;0.63477;0.64453;0.6543;0.66406;0.67383;0.68359;0.69336;0.70313;0.71289;0.72266;0.73242;0.74219;0.75195;0.76172;0.77148;0.78125;0.79102,0.002989056;0.008954879999999998;0.010691584;0.0133888;0.111075328;0.4735744;0.507071488;0.236898304;0.05940531200000001;0.04784025599999999;0.025086976;0.014742528;0.01084416;0.012392448;0.024895488;0.028658688;0.012768255999999999;0.010396672000000001;0.007391232;0.006093823999999999;0.003733504;0.006554624;0.009213952000000001;0.008863744;0.006772736;0.00767488;0.004528127999999999;0.003781632;0.003710976;0.006458368000000001;0.007536640000000001;0.005105663999999999;0.004663296;0.0040192;0.003984384;0.003613696;0.003529728;0.0029378560000000004;0.002362368;0.001795072;0.00326144;0.002958336;0.00192;0.0015667199999999997;0.0013260799999999999;0.001759232;0.001586176;0.0010936319999999998;0.000979968;0.0008151040000000001;0.00085504;0.0014745600000000002;0.001188864;0.0010199039999999999;0.000827392;0.0006604799999999999;0.000715776;0.000654336;0.0007249919999999999;0.000768;0.000828416;0.0007116799999999999;0.000687104;0.000638976;0.000764928;0.00068096;0.00048025600000000003;0.000357376;0.0005734399999999999;0.0005713920000000001;0.000423936;0.000427008;0.000384;0.00052736;0.000439296;0.000448512;0.0002816;0.000269312;0.000326656
1770725700,hdr,0.0293;0.03906;0.04883;0.05859;0.06836;0.07813;0.08789;0.09766;0.10742;0.11719;0.12695;0.13672;0.14648;0.15625;0.16602;0.17578;0.18555;0.19531;0.20508;0.21484;0.22461;0.23438;0.24414;0.25391;0.26367;0.27344;0.2832;0.29297;0.30273;0.3125;0.32227;0.33203;0.3418;0.35156;0.36133;0.37109;0.38086;0.39063;0.40039;0.41016;0.41992;0.42969;0.43945;0.44922;0.45898;0.46875;0.47852;0.48828;0.49805;0.50781;0.51758;0.52734;0.53711;0.54688;0.55664;0.56641;0.57617;0.58594;0.5957;0.60547;0.61523;0.625;0.63477;0.64453;0.6543;0.66406;0.67383;0.68359;0.69336;0.70313;0.71289;0.72266;0.73242;0.74219;0.75195;0.76172;0.77148;0.78125;0.79102,0.002157568;0.0050749440000000005;0.007073792000000001;0.017264639999999998;0.071190528;0.252572672;0.42356633599999993;0.264957952;0.13378969599999999;0.052806655999999993;0.029703168000000002;0.012742656000000002;0.006250496;0.01121792;0.013213696;0.0186368;0.010851328000000002;0.006276095999999999;0.005123071999999999;0.005158912;0.00330752;0.0045772799999999995;0.004323328;0.006974464;0.008223744;0.00531968;0.005250047999999999;0.005150719999999999;0.004048896000000001;0.003892224;0.00424448;0.0040243200000000005;0.003613696;0.0034918399999999995;0.003362816;0.002620416;0.0023674879999999996;0.0021524480000000004;0.001425408;0.00152576;0.003073024;0.003765248;0.00171008;0.001010688;0.0015667199999999997;0.00135168;0.001298432;0.00145408;0.0015226880000000001;0.00162816;0.0012032;0.001343488;0.0014233599999999998;0.0010465279999999997;0.0009738240000000001;0.0010373119999999999;0.000990208;0.000772096;0.00089088;0.000756736;0.0006819840000000001;0.001035264;0.001048576;0.0005724160000000001;0.00042496;0.000559104;0.000561152;0.000666624;0.000736256;0.00040243200000000004;0.000391168;0.000632832;0.00062976;0.000388096;0.00052224;0.00041676800000000003;0.000406528;0.0006184960000000001;0.00063488
1770726600,hdr,0.0293;0.03906;0.04883;0.05859;0.06836;0.07813;0.08789;0.09766;0.10742;0.11719;0.12695;0.13672;0.14648;0.15625;0.16602;0.17578;0.18555;0.19531;0.20508;0.21484;0.22461;0.23438;0.24414;0.25391;0.26367;0.27344;0.2832;0.29297;0.30273;0.3125;0.32227;0.33203;0.3418;0.35156;0.36133;0.37109;0.38086;0.39063;0.40039;0.41016;0.41992;0.42969;0.43945;0.44922;0.45898;0.46875;0.47852;0.48828;0.49805;0.50781;0.51758;0.52734;0.53711;0.54688;0.55664;0.56641;0.57617;0.58594;0.5957;0.60547;0.61523;0.625;0.63477;0.64453;0.6543;0.66406;0.67383;0.68359;0.69336;0.70313;0.71289;0.72266;0.73242;0.74219;0.75195;0.76172;0.77148;0.78125;0.79102,0.0026112;0.005859328;0.006969344;0.016959488;0.09900032;0.220445696;0.24957132799999998;0.18706841600000002;0.064352256;0.052742144;0.054022144;0.030493696;0.007812096;0.009986048;0.020964352000000002;0.021691392;0.009741312;0.006222848;0.006647808;0.008112128000000001;0.006412288;0.006335487999999999;0.005827584;0.005983232;0.004912128;0.004013055999999999;0.005372928;0.0047564799999999996;0.0044052480000000005;0.005984256;0.00558592;0.00559616;0.00407552;0.0034037760000000003;0.0030832639999999996;0.003096576;0.0033740800000000002;0.0041164800000000005;0.002674688;0.002435072;0.0017643519999999998;0.001603584;0.00168448;0.001292288;0.0017479680000000001;0.001202176;0.001371136;0.001349632;0.0011007999999999999;0.001232896;0.0012544;0.00167424;0.001497088;0.001329152;0.001537024;0.001309696;0.0009943039999999999;0.00037376;0.000423936;0.000644096;0.000524288;0.000553984;0.000610304;0.000662528;0.0008325120000000001;0.0008519679999999999;0.000690176;0.000484352;0.000421888;0.000663552;0.000579584;0.00041984;0.000466944;0.000401408;0.00033484799999999995;0.000349184;0.000457728;0.000408576;0.00043008000000000006
1770727500,hdr,0.0293;0.03906;0.04883;0.05859;0.06836;0.07813;0.08789;0.09766;0.10742;0.11719;0.12695;0.13672;0.14648;0.15625;0.16602;0.17578;0.18555;0.19531;0.20508;0.21484;0.22461;0.23438;0.24414;0.25391;0.26367;0.27344;0.2832;0.29297;0.30273;0.3125;0.32227;0.33203;0.3418;0.35156;0.36133;0.37109;0.38086;0.39063;0.40039;0.41016;0.41992;0.42969;0.43945;0.44922;0.45898;0.46875;0.47852;0.48828;0.49805;0.50781;0.51758;0.52734;0.53711;0.54688;0.55664;0.56641;0.57617;0.58594;0.5957;0.60547;0.61523;0.625;0.63477;0.64453;0.6543;0.66406;0.67383;0.68359;0.69336;0.70313;0.71289;0.72266;0.73242;0.74219;0.75195;0.76172;0.77148;0.78125;0.79102,0.000441344;0.000631808;0.001307648;0.01447424;0.05933772799999999;0.32395263999999996;0.614770688;0.26134016000000004;0.124674048;0.046113791999999994;0.02779136;0.018823167999999998;0.012978176;0.017746944;0.029552639999999998;0.018364415999999998;0.007432192;0.006298624;0.006508544;0.00532992;0.003698688;0.0035246080000000003;0.005829632;0.006159360000000001;0.0048762879999999995;0.004443136;0.004837376;0.003597312;0.002817024;0.001803264;0.0022015999999999997;0.003175424;0.003301376;0.002528256;0.002390016;0.0018196479999999999;0.0024391680000000002;0.00241152;0.0039075839999999995;0.0036014080000000004;0.002768896;0.001941504;0.002435072;0.002748416;0.0017377279999999998;0.0009431040000000001;0.001022976;0.0010649599999999998;0.0012318720000000002;0.001325056;0.001122304;0.0015892480000000001;0.001000448;0.000871424;0.000800768;0.0012001280000000002;0.000905216;0.000626688;0.001053696;0.00079872;0.000468992;0.00041062399999999995;0.000524288;0.0006277120000000001;0.00065536;0.0010936319999999998;0.000897024;0.0005959680000000001;0.0005376000000000001;0.000493568;0.00041984;0.00036454399999999996;0.000427008;0.00043724800000000005;0.000463872;0.00046796800000000003;0.000398336;0.00029900799999999997;0.00019865600000000002
1770728400,hdr,0.0293;0.03906;0.04883;0.05859;0.06836;0.07813;0.08789;0.09766;0.10742;0.11719;0.12695;0.13672;0.14648;0.15625;0.16602;0.17578;0.18555;0.19531;0.20508;0.21484;0.22461;0.23438;0.24414;0.25391;0.26367;0.27344;0.2832;0.29297;0.30273;0.3125;0.32227;0.33203;0.3418;0.35156;0.36133;0.37109;0.38086;0.39063;0.40039;0.41016;0.41992;0.42969;0.43945;0.44922;0.45898;0.46875;0.47852;0.48828;0.49805;0.50781;0.51758;0.52734;0.53711;0.54688;0.55664;0.56641;0.57617;0.58594;0.5957;0.60547;0.61523;0.625;0.63477;0.64453;0.6543;0.66406;0.67383;0.68359;0.69336;0.70313;0.71289;0.72266;0.73242;0.74219;0.75195;0.76172;0.77148;0.78125;0.79102,0.0016384000000000001;0.0015851519999999998;0.001306624;0.004647936;0.085598208;0.17915494399999998;0.2583552;0.270452736;0.090215424;0.0566016;0.039986176;0.018777088;0.007624704;0.014024703999999999;0.019098623999999998;0.018601984000000002;0.013011967999999999;0.012534784;0.008781824;0.0049807359999999995;0.003712;0.004077568;0.005661696;0.0070768639999999996;0.0053063680000000005;0.005837824;0.004255744;0.003160064;0.003641344;0.003581952;0.00305152;0.003345408;0.003625984;0.0024064;0.00208896;0.002970624;0.0035778560000000004;0.003054592;0.001856512;0.0018513919999999999;0.0016179200000000001;0.0015165439999999999;0.0016250880000000002;0.001926144;0.00131584;0.001496064;0.0018176000000000002;0.0013352960000000001;0.002117632;0.002229248;0.0013393919999999998;0.001343488;0.001079296;0.0009431040000000001;0.000987136;0.0008663039999999999;0.0006840319999999999;0.00073216;0.000903168;0.001067008;0.000744448;0.0009021439999999999;0.0008929280000000001;0.0007372800000000001;0.001174528;0.000887808;0.000702464;0.000756736;0.001069056;0.00082432;0.000632832;0.000620544;0.00075264;0.000400384;0.00044339199999999997;0.00048025600000000003;0.00047616000000000005;0.000418816;0.00030924800000000003
1770729300,hdr,0.0293;0.03906;0.04883;0.05859;0.06836;0.07813;0.08789;0.09766;0.10742;0.11719;0.12695;0.13672;0.14648;0.15625;0.16602;0.17578;0.18555;0.19531;0.20508;0.21484;0.22461;0.23438;0.24414;0.25391;0.26367;0.27344;0.2832;0.29297;0.30273;0.3125;0.32227;0.33203;0.3418;0.35156;0.36133;0.37109;0.38086;0.39063;0.40039;0.41016;0.41992;0.42969;0.43945;0.44922;0.45898;0.46875;0.47852;0.48828;0.49805;0.50781;0.51758;0.52734;0.53711;0.54688;0.55664;0.56641;0.57617;0.58594;0.5957;0.60547;0.61523;0.625;0.63477;0.64453;0.6543;0.66406;0.67383;0.68359;0.69336;0.70313;0.71289;0.72266;0.73242;0.74219;0.75195;0.76172;0.77148;0.78125;0.79102,0.000372736;0.002443264;0.003386368;0.007272447999999999;0.07683584000000002;0.26528563200000005;0.314038272;0.25151692800000003;0.138988544;0.053985280000000004;0.024930304;0.014641152;0.012109824;0.013965312000000002;0.018159615999999996;0.014457856;0.011111423999999998;0.00827392;0.00512;0.006510592;0.003914752;0.0026296320000000002;0.0026071040000000003;0.0042065919999999994;0.006951936;0.005723136;0.00282624;0.004637696;0.004560896;0.002468864;0.001257472;0.0023592960000000003;0.002404352;0.002757632;0.0029378560000000004;0.003510272;0.003038208;0.001959936;0.002371584;0.001508352;0.001738752;0.0014745600000000002;0.0020633599999999998;0.00128;0.00180224;0.001626112;0.001451008;0.001711104;0.0011960319999999999;0.0008151040000000001;0.001276928;0.001099776;0.0016230399999999999;0.0013557760000000002;0.000623616;0.00077312;0.0006737919999999999;0.001118208;0.001069056;0.000744448;0.000545792;0.000569344;0.000497664;0.00040345599999999995;0.000580608;0.00059392;0.000812032;0.000982016;0.000791552;0.00049664;0.00048639999999999995;0.0005560319999999999;0.000780288;0.000666624;0.00041984;0.00033894400000000004;0.00048742400000000003;0.000436224;0.000372736
1770730200,hdr,0.0293;0.03906;0.04883;0.05859;0.06836;0.07813;0.08789;0.09766;0.10742;0.11719;0.12695;0.13672;0.14648;0.15625;0.16602;0.17578;0.18555;0.19531;0.20508;0.21484;0.22461;0.23438;0.24414;0.25391;0.26367;0.27344;0.2832;0.29297;0.30273;0.3125;0.32227;0.33203;0.3418;0.35156;0.36133;0.37109;0.38086;0.39063;0.40039;0.41016;0.41992;0.42969;0.43945;0.44922;0.45898;0.46875;0.47852;0.48828;0.49805;0.50781;0.51758;0.52734;0.53711;0.54688;0.55664;0.56641;0.57617;0.58594;0.5957;0.60547;0.61523;0.625;0.63477;0.64453;0.6543;0.66406;0.67383;0.68359;0.69336;0.70313;0.71289;0.72266;0.73242;0.74219;0.75195;0.76172;0.77148;0.78125;0.79102,8.4992e-05;0.000635904;0.002832384;0.011542528;0.05522432;0.243536896;0.454664192;0.36499558400000004;0.174803968;0.041963520000000004;0.020440063999999997;0.014028800000000001;0.011121664;0.011251711999999999;0.010876928;0.013126656;0.02340352;0.011449343999999998;0.007611392000000001;0.0033146879999999997;0.003362816;0.003876864;0.004944896;0.00462336;0.005962752;0.008832;0.0056453119999999996;0.005055488;0.003187712;0.0012789759999999998;0.001000448;0.001995776;0.002849792;0.0035778560000000004;0.00273408;0.0020951040000000004;0.001770496;0.001942528;0.002586624;0.0029992960000000003;0.00168448;0.000918528;0.001446912;0.0013660159999999998;0.0016711679999999998;0.0016230399999999999;0.001501184;0.000913408;0.0007843840000000001;0.001159168;0.001692672;0.001374208;0.0012154879999999998;0.00101376;0.0009984;0.000968704;0.000719872;0.0007280640000000001;0.0006993920000000001;0.000606208;0.000565248;0.00077824;0.000823296;0.0008447999999999999;0.0007219199999999999;0.00065536;0.000623616;0.000565248;0.00032870400000000003;0.000423936;0.00035942400000000006;0.000379904;0.000439296;0.0004956159999999999;0.000335872;0.000346112;0.000376832;0.0003072;0.00021299199999999998
1770731100,hdr,0.0293;0.03906;0.04883;0.05859;0.06836;0.07813;0.08789;0.09766;0.10742;0.11719;0.12695;0.13672;0.14648;0.15625;0.16602;0.17578;0.18555;0.19531;0.20508;0.21484;0.22461;0.23438;0.24414;0.25391;0.26367;0.27344;0.2832;0.29297;0.30273;0.3125;0.32227;0.33203;0.3418;0.35156;0.36133;0.37109;0.38086;0.39063;0.40039;0.41016;0.41992;0.42969;0.43945;0.44922;0.45898;0.46875;0.47852;0.48828;0.49805;0.50781;0.51758;0.52734;0.53711;0.54688;0.55664;0.56641;0.57617;0.58594;0.5957;0.60547;0.61523;0.625;0.63477;0.64453;0.6543;0.66406;0.67383;0.68359;0.69336;0.70313;0.71289;0.72266;0.73242;0.74219;0.75195;0.76172;0.77148;0.78125;0.79102,0.0011468799999999999;0.0013393919999999998;0.007241728;0.020301824;0.095494144;0.31028121599999997;0.387342336;0.258830336;0.102740992;0.06500966400000001;0.036137984000000005;0.012895232;0.009321471999999999;0.01145856;0.016907264;0.019139583999999998;0.020970495999999998;0.009400320000000002;0.007056384;0.006925312;0.0031815679999999996;0.002968576;0.004617216;0.004734975999999999;0.004683776;0.005677056000000001;0.003994624;0.00225792;0.0027361279999999996;0.002453504;0.00242176;0.003454976;0.0032604160000000004;0.00216576;0.0020357120000000003;0.002706432;0.001818624;0.00205312;0.001759232;0.001579008;0.001723392;0.0021872639999999995;0.001583104;0.001504256;0.0023511039999999997;0.0022231040000000005;0.0010833919999999999;0.001147904;0.0005642239999999999;0.00044646400000000004;0.0007413760000000001;0.000779264;0.000703488;0.0009349119999999999;0.001155072;0.0010649599999999998;0.000795648;0.001067008;0.0010516479999999999;0.0006963200000000001;0.0008509440000000001;0.0007055360000000001;0.0005621760000000001;0.0006021119999999999;0.000847872;0.0010833919999999999;0.000698368;0.000616448;0.000663552;0.0005857280000000001;0.0006092800000000001;0.000384;0.000323584;0.000272384;0.000456704;0.000628736;0.0005099519999999999;0.000387072;0.000263168
1770732000,hdr,0.0293;0.03906;0.04883;0.05859;0.06836;0.07813;0.08789;0.09766;0.10742;0.11719;0.12695;0.13672;0.14648;0.15625;0.16602;0.17578;0.18555;0.19531;0.20508;0.21484;0.22461;0.23438;0.24414;0.25391;0.26367;0.27344;0.2832;0.29297;0.30273;0.3125;0.32227;0.33203;0.3418;0.35156;0.36133;0.37109;0.38086;0.39063;0.40039;0.41016;0.41992;0.42969;0.43945;0.44922;0.45898;0.46875;0.47852;0.48828;0.49805;0.50781;0.51758;0.52734;0.53711;0.54688;0.55664;0.56641;0.57617;0.58594;0.5957;0.60547;0.61523;0.625;0.63477;0.64453;0.6543;0.66406;0.67383;0.68359;0.69336;0.70313;0.71289;0.72266;0.73242;0.74219;0.75195;0.76172;0.77148;0.78125;0.79102,0.002445312;0.005997568;0.007006208;0.014380032;0.067798016;0.27913728;0.43194879999999997;0.282249216;0.118327296;0.052246528;0.024701951999999996;0.01035264;0.009325568000000001;0.017761279999999997;0.020410367999999998;0.019003392;0.01746944;0.009640959999999999;0.00630272;0.004901888;0.004023296;0.0027095039999999997;0.003943424;0.005233664;0.004805632000000001;0.004503552;0.004834304;0.003231744;0.002051072;0.001412096;0.00169472;0.002108416;0.0025415679999999997;0.0027310080000000005;0.001603584;0.001209344;0.001570816;0.0015779840000000002;0.001645568;0.0014704639999999999;0.001503232;0.001263616;0.0013547519999999999;0.0020029439999999996;0.002200576;0.0018687999999999999;0.001102848;0.000896;0.000607232;0.00068096;0.00093696;0.000945152;0.001031168;0.00068096;0.0009256959999999999;0.0012001280000000002;0.00108544;0.0011284479999999998;0.000982016;0.000857088;0.000852992;0.000893952;0.000750592;0.000796672;0.000694272;0.0006225919999999999;0.000538624;0.000516096;0.00029183999999999997;0.00041676800000000003;0.000390144;0.000515072;0.000561152;0.000451584;0.000528384;0.000371712;0.000263168;0.000264192;0.000315392
1770732900,hdr,0.0293;0.03906;0.04883;0.05859;0.06836;0.07813;0.08789;0.09766;0.10742;0.11719;0.12695;0.13672;0.14648;0.15625;0.16602;0.17578;0.18555;0.19531;0.20508;0.21484;0.22461;0.23438;0.24414;0.25391;0.26367;0.27344;0.2832;0.29297;0.30273;0.3125;0.32227;0.33203;0.3418;0.35156;0.36133;0.37109;0.38086;0.39063;0.40039;0.41016;0.41992;0.42969;0.43945;0.44922;0.45898;0.46875;0.47852;0.48828;0.49805;0.50781;0.51758;0.52734;0.53711;0.54688;0.55664;0.56641;0.57617;0.58594;0.5957;0.60547;0.61523;0.625;0.63477;0.64453;0.6543;0.66406;0.67383;0.68359;0.69336;0.70313;0.71289;0.72266;0.73242;0.74219;0.75195;0.76172;0.77148;0.78125;0.79102,0.004457472;0.013978624;0.0071424;0.015926272;0.071467008;0.301421568;0.57870848;0.43299532799999996;0.158287872;0.073474048;0.032124928;0.011419648000000001;0.009458688;0.015178751999999998;0.017082367999999997;0.020882432;0.027241472000000003;0.010799103999999999;0.005392384;0.004971519999999999;0.003451904;0.0063846400000000005;0.010656768;0.008081408;0.006099968;0.003828736;0.002722816;0.002265088;0.002382848;0.002244608;0.002850816;0.003332096;0.00267264;0.0028917760000000004;0.0025364479999999997;0.0018524160000000002;0.0018831359999999999;0.001497088;0.0014336;0.0014530559999999999;0.001839104;0.001974272;0.0013905920000000002;0.001998848;0.0015185919999999998;0.0013660159999999998;0.0015687680000000001;0.0014632959999999998;0.001226752;0.0011284479999999998;0.000764928;0.00082432;0.000630784;0.0006184960000000001;0.0007096320000000001;0.000605184;0.000607232;0.00074752;0.000628736;0.000668672;0.00052224;0.000497664;0.000676864;0.000621568;0.0005713920000000001;0.000893952;0.0006021119999999999;0.00064;0.0006819840000000001;0.000499712;0.000384;0.000382976;0.000376832;0.00028569600000000005;0.00041779199999999995;0.0005632;0.00041676800000000003;0.000398336;0.00035328
1770733800,hdr,0.0293;0.03906;0.04883;0.05859;0.06836;0.07813;0.08789;0.09766;0.10742;0.11719;0.12695;0.13672;0.14648;0.15625;0.16602;0.17578;0.18555;0.19531;0.20508;0.21484;0.22461;0.23438;0.24414;0.25391;0.26367;0.27344;0.2832;0.29297;0.30273;0.3125;0.32227;0.33203;0.3418;0.35156;0.36133;0.37109;0.38086;0.39063;0.40039;0.41016;0.41992;0.42969;0.43945;0.44922;0.45898;0.46875;0.47852;0.48828;0.49805;0.50781;0.51758;0.52734;0.53711;0.54688;0.55664;0.56641;0.57617;0.58594;0.5957;0.60547;0.61523;0.625;0.63477;0.64453;0.6543;0.66406;0.67383;0.68359;0.69336;0.70313;0.71289;0.72266;0.73242;0.74219;0.75195;0.76172;0.77148;0.78125;0.79102,0.0030668799999999997;0.006171648;0.009264127999999998;0.008768512;0.055412736000000004;0.228107264;0.375023616;0.24577536000000003;0.107608064;0.063689728;0.034922496;0.009805824;0.007622656;0.010863616;0.019762176;0.015903743999999997;0.017508351999999998;0.013523968;0.00897536;0.005373952;0.004099072;0.004066304;0.004023296;0.004762624;0.005404671999999999;0.010051584;0.006703104;0.003866624;0.0029839359999999995;0.0030126080000000004;0.002420736;0.003790848;0.0038420480000000003;0.002972672;0.003774464;0.0034580479999999996;0.002212864;0.001686528;0.001990656;0.001789952;0.001532928;0.001312768;0.0014274560000000001;0.002509824;0.001298432;0.001158144;0.000899072;0.0009738240000000001;0.001371136;0.001212416;0.0011601919999999998;0.000879616;0.0008765439999999999;0.00091136;0.000736256;0.0008622079999999999;0.001079296;0.0009359360000000001;0.0005918719999999999;0.0005468159999999999;0.0005959680000000001;0.0006604799999999999;0.0006891520000000001;0.000623616;0.000601088;0.00036352;0.000468992;0.0005847039999999999;0.000463872;0.000434176;0.00048639999999999995;0.000461824;0.00059904;0.00040960000000000004;0.00020889599999999997;0.000188416;0.000458752;0.000601088;0.000372736
1770734700,hdr,0.0293;0.03906;0.04883;0.05859;0.06836;0.07813;0.08789;0.09766;0.10742;0.11719;0.12695;0.13672;0.14648;0.15625;0.16602;0.17578;0.18555;0.19531;0.20508;0.21484;0.22461;0.23438;0.24414;0.25391;0.26367;0.27344;0.2832;0.29297;0.30273;0.3125;0.32227;0.33203;0.3418;0.35156;0.36133;0.37109;0.38086;0.39063;0.40039;0.41016;0.41992;0.42969;0.43945;0.44922;0.45898;0.46875;0.47852;0.48828;0.49805;0.50781;0.51758;0.52734;0.53711;0.54688;0.55664;0.56641;0.57617;0.58594;0.5957;0.60547;0.61523;0.625;0.63477;0.64453;0.6543;0.66406;0.67383;0.68359;0.69336;0.70313;0.71289;0.72266;0.73242;0.74219;0.75195;0.76172;0.77148;0.78125;0.79102,0.0020746239999999997;0.004337664;0.00656896;0.013143039999999998;0.07092224000000001;0.24923648;0.250565632;0.140299264;0.115209216;0.060285952000000004;0.018792448;0.007886848;0.009659392;0.004267008;0.011767808000000001;0.023189504;0.020918272;0.021946367999999997;0.009029632;0.006806528;0.007624704;0.006588415999999999;0.00492544;0.004825088;0.004349952;0.004348928;0.005782528;0.006134784;0.002939904;0.0021606399999999997;0.002468864;0.0018595839999999998;0.00185856;0.002527232;0.002028544;0.002143232;0.002210816;0.001959936;0.001619968;0.001349632;0.000813056;0.001635328;0.00242176;0.0013557760000000002;0.001687552;0.001900544;0.001374208;0.001199104;0.0012001280000000002;0.001058816;0.0013240320000000002;0.0008509440000000001;0.000643072;0.000795648;0.000799744;0.000748544;0.0008591359999999999;0.0009943039999999999;0.000698368;0.000807936;0.0008458240000000001;0.000770048;0.000894976;0.00047718399999999996;0.000528384;0.00050176;0.000420864;0.000559104;0.000544768;0.000408576;0.00047411199999999995;0.000490496;0.000442368;0.000346112;0.00028671999999999997;0.00035942400000000006;0.000325632;0.00033484799999999995;0.00034201599999999995
1770735600,hdr,0.0293;0.03906;0.04883;0.05859;0.06836;0.07813;0.08789;0.09766;0.10742;0.11719;0.12695;0.13672;0.14648;0.15625;0.16602;0.17578;0.18555;0.19531;0.20508;0.21484;0.22461;0.23438;0.24414;0.25391;0.26367;0.27344;0.2832;0.29297;0.30273;0.3125;0.32227;0.33203;0.3418;0.35156;0.36133;0.37109;0.38086;0.39063;0.40039;0.41016;0.41992;0.42969;0.43945;0.44922;0.45898;0.46875;0.47852;0.48828;0.49805;0.50781;0.51758;0.52734;0.53711;0.54688;0.55664;0.56641;0.57617;0.58594;0.5957;0.60547;0.61523;0.625;0.63477;0.64453;0.6543;0.66406;0.67383;0.68359;0.69336;0.70313;0.71289;0.72266;0.73242;0.74219;0.75195;0.76172;0.77148;0.78125;0.79102,0.001119232;0.003750912;0.0043407359999999996;0.021195776;0.10257510399999999;0.306936832;0.2599424;0.18477670399999999;0.188199936;0.069325824;0.029278208;0.014029824;0.009565184000000001;0.007586816;0.012432384;0.024771584;0.021399552;0.013762560000000002;0.01048576;0.008439807999999998;0.0046919679999999995;0.004198400000000001;0.004488192;0.005124096;0.0025262080000000003;0.010318848;0.010850304;0.0042936319999999995;0.003272704;0.003918848;0.0032358400000000002;0.004554752;0.003910656;0.004220928;0.004914176;0.004979712000000001;0.004205568;0.00470528;0.003171328;0.00221184;0.0014151679999999999;0.00170496;0.001778688;0.00143872;0.001273856;0.001275904;0.000807936;0.001101824;0.00141824;0.0017674240000000003;0.001074176;0.0009297919999999999;0.00096768;0.0006154239999999999;0.000654336;0.000802816;0.001082368;0.0008202239999999999;0.000949248;0.000723968;0.00045568;0.000625664;0.0006000640000000001;0.000726016;0.0005898240000000001;0.000512;0.000493568;0.000393216;0.00039423999999999997;0.00036249599999999997;0.000421888;0.000418816;0.000318464;0.00035328;0.00041779199999999995;0.00041676800000000003;0.00030105599999999996;0.000217088;0.000180224
1770736500,hdr,0.0293;0.03906;0.04883;0.05859;0.06836;0.07813;0.08789;0.09766;0.10742;0.11719;0.12695;0.13672;0.14648;0.15625;0.16602;0.17578;0.18555;0.19531;0.20508;0.21484;0.22461;0.23438;0.24414;0.25391;0.26367;0.27344;0.2832;0.29297;0.30273;0.3125;0.32227;0.33203;0.3418;0.35156;0.36133;0.37109;0.38086;0.39063;0.40039;0.41016;0.41992;0.42969;0.43945;0.44922;0.45898;0.46875;0.47852;0.48828;0.49805;0.50781;0.51758;0.52734;0.53711;0.54688;0.55664;0.56641;0.57617;0.58594;0.5957;0.60547;0.61523;0.625;0.63477;0.64453;0.6543;0.66406;0.67383;0.68359;0.69336;0.70313;0.71289;0.72266;0.73242;0.74219;0.75195;0.76172;0.77148;0.78125;0.79102,0.0008212479999999999;0.002840576;0.003324928;0.009078784000000001;0.065063936;0.26969497600000003;0.38051635199999995;0.222301184;0.19385139199999998;0.088486912;0.03040768;0.009449472;0.009013248000000001;0.012279808;0.017488896;0.022483968;0.02176;0.009422848;0.00751104;0.00529408;0.004593664000000001;0.00366592;0.00507392;0.007832576;0.0047564799999999996;0.004251648;0.004483072;0.002915328;0.0031969280000000004;0.00300544;0.002716672;0.002147328;0.0016128;0.0029992960000000003;0.003136512;0.003130368;0.0018831359999999999;0.001895424;0.001941504;0.0020183040000000003;0.001579008;0.0014714879999999997;0.0015656959999999999;0.0013752319999999999;0.00139776;0.001265664;0.0006932479999999999;0.0009144320000000001;0.0013404159999999999;0.000786432;0.001189888;0.0010813440000000001;0.000888832;0.001122304;0.0008151040000000001;0.0004956159999999999;0.0007290879999999999;0.0009359360000000001;0.000745472;0.000744448;0.0009482239999999999;0.000539648;0.000457728;0.0005703679999999999;0.000505856;0.000349184;0.00054272;0.00057856;0.00047104000000000004;0.000391168;0.000345088;0.00038912;0.0004352;0.000423936;0.00033382400000000003;0.000263168;0.000264192;0.00026521600000000003;0.000278528
1770737400,hdr,0.0293;0.03906;0.04883;0.05859;0.06836;0.07813;0.08789;0.09766;0.10742;0.11719;0.12695;0.13672;0.14648;0.15625;0.16602;0.17578;0.18555;0.19531;0.20508;0.21484;0.22461;0.23438;0.24414;0.25391;0.26367;0.27344;0.2832;0.29297;0.30273;0.3125;0.32227;0.33203;0.3418;0.35156;0.36133;0.37109;0.38086;0.39063;0.40039;0.41016;0.41992;0.42969;0.43945;0.44922;0.45898;0.46875;0.47852;0.48828;0.49805;0.50781;0.51758;0.52734;0.53711;0.54688;0.55664;0.56641;0.57617;0.58594;0.5957;0.60547;0.61523;0.625;0.63477;0.64453;0.6543;0.66406;0.67383;0.68359;0.69336;0.70313;0.71289;0.72266;0.73242;0.74219;0.75195;0.76172;0.77148;0.78125;0.79102,0.00183808;0.004373504;0.003822592;0.0074803199999999995;0.086576128;0.316372992;0.330133504;0.29796864;0.17906995199999998;0.072448;0.035565568;0.010619904000000001;0.005866496;0.013300736;0.02189312;0.015484928;0.008697856;0.012996608;0.012120063999999998;0.007938048;0.0062279679999999995;0.005818368;0.005793792;0.005643264;0.0037632;0.0034795520000000003;0.004317184;0.003472384;0.002663424;0.002051072;0.0026531840000000003;0.003063808;0.002719744;0.0023203839999999996;0.00263168;0.0027791359999999998;0.0023572479999999997;0.0018882559999999998;0.001371136;0.000965632;0.001053696;0.0010598399999999998;0.001383424;0.0009431040000000001;0.000551936;0.000652288;0.000766976;0.001214464;0.001403904;0.0011837439999999998;0.001005568;0.00088064;0.000764928;0.00103424;0.000950272;0.000610304;0.00047308800000000003;0.000533504;0.0006000640000000001;0.0006912;0.0008622079999999999;0.000825344;0.0005980159999999999;0.0005007359999999999;0.00042598399999999997;0.000529408;0.000536576;0.000391168;0.000561152;0.00057856;0.000349184;0.000345088;0.00029286400000000005;0.000413696;0.000503808;0.000423936;0.00033894400000000004;0.00038912;0.00045568
1770738300,hdr,0.0293;0.03906;0.04883;0.05859;0.06836;0.07813;0.08789;0.09766;0.10742;0.11719;0.12695;0.13672;0.14648;0.15625;0.16602;0.17578;0.18555;0.19531;0.20508;0.21484;0.22461;0.23438;0.24414;0.25391;0.26367;0.27344;0.2832;0.29297;0.30273;0.3125;0.32227;0.33203;0.3418;0.35156;0.36133;0.37109;0.38086;0.39063;0.40039;0.41016;0.41992;0.42969;0.43945;0.44922;0.45898;0.46875;0.47852;0.48828;0.49805;0.50781;0.51758;0.52734;0.53711;0.54688;0.55664;0.56641;0.57617;0.58594;0.5957;0.60547;0.61523;0.625;0.63477;0.64453;0.6543;0.66406;0.67383;0.68359;0.69336;0.70313;0.71289;0.72266;0.73242;0.74219;0.75195;0.76172;0.77148;0.78125;0.79102,0.001641472;0.005014528;0.006675455999999999;0.013825024000000002;0.07333683199999999;0.23561011199999998;0.414848;0.422611968;0.142942208;0.082189312;0.055963648;0.01517056;0.010115072;0.02190336;0.024711168000000002;0.01779712;0.010376192;0.006353919999999999;0.009134080000000001;0.00648704;0.003781632;0.0032133120000000003;0.00433664;0.00673792;0.005277696;0.006682624;0.007300096;0.00361984;0.0035778560000000004;0.004292608;0.0031477759999999997;0.0026327039999999996;0.003831808;0.00334336;0.003417088;0.002594816;0.001759232;0.001742848;0.00247296;0.0025333760000000004;0.0026900479999999996;0.00150016;0.001420288;0.0020490240000000004;0.0015063040000000002;0.0010209280000000002;0.0009830400000000001;0.000896;0.000787456;0.000807936;0.0011468799999999999;0.001007616;0.001069056;0.000789504;0.0007976959999999999;0.000765952;0.000765952;0.001022976;0.00084992;0.000780288;0.0005703679999999999;0.000899072;0.0005304320000000001;0.00041984;0.0005642239999999999;0.000637952;0.0006676480000000001;0.000485376;0.000325632;0.000518144;0.00045056;0.000489472;0.00052224;0.000324608;0.00033894400000000004;0.0005324799999999999;0.000420864;0.00031129599999999997;0.00040960000000000004
1770739200,hdr,0.0293;0.03906;0.04883;0.05859;0.06836;0.07813;0.08789;0.09766;0.10742;0.11719;0.12695;0.13672;0.14648;0.15625;0.16602;0.17578;0.18555;0.19531;0.20508;0.21484;0.22461;0.23438;0.24414;0.25391;0.26367;0.27344;0.2832;0.29297;0.30273;0.3125;0.32227;0.33203;0.3418;0.35156;0.36133;0.37109;0.38086;0.39063;0.40039;0.41016;0.41992;0.42969;0.43945;0.44922;0.45898;0.46875;0.47852;0.48828;0.49805;0.50781;0.51758;0.52734;0.53711;0.54688;0.55664;0.56641;0.57617;0.58594;0.5957;0.60547;0.61523;0.625;0.63477;0.64453;0.6543;0.66406;0.67383;0.68359;0.69336;0.70313;0.71289;0.72266;0.73242;0.74219;0.75195;0.76172;0.77148;0.78125;0.79102,0.0011366400000000002;0.004770816;0.002771968;0.01312256;0.08467046399999999;0.27987046400000004;0.27598848;0.29226188799999997;0.13857792000000002;0.086718464;0.053287936;0.021001216;0.010392576;0.013387776;0.017385472000000003;0.013745152;0.014221312;0.011864064;0.007891968000000001;0.008894464;0.0055080960000000005;0.003035136;0.00326656;0.004127744;0.0030986240000000003;0.004170752000000001;0.0032839680000000004;0.003923968;0.005189632;0.00343552;0.002962432;0.002989056;0.002683904;0.0031232000000000005;0.00385536;0.003171328;0.002587648;0.002169856;0.0012912639999999999;0.001229824;0.00154624;0.00183296;0.001451008;0.0017674240000000003;0.001282048;0.000787456;0.0007086080000000001;0.0009605120000000001;0.00103424;0.000758784;0.000980992;0.0011776;0.001102848;0.0006973439999999999;0.00050176;0.000303104;0.00075776;0.000771072;0.000702464;0.001082368;0.001452032;0.0009256959999999999;0.0007280640000000001;0.0007168;0.000658432;0.00040755200000000004;0.00047718399999999996;0.0005232639999999998;0.000536576;0.000413696;0.00026521600000000003;0.000356352;0.00046592000000000004;0.000390144;0.00028774400000000004;0.00019456;0.000272384;0.000284672;0.000190464
1770740100,hdr,0.0293;0.03906;0.04883;0.05859;0.06836;0.07813;0.08789;0.09766;0.10742;0.11719;0.12695;0.13672;0.14648;0.15625;0.16602;0.17578;0.18555;0.19531;0.20508;0.21484;0.22461;0.23438;0.24414;0.25391;0.26367;0.27344;0.2832;0.29297;0.30273;0.3125;0.32227;0.33203;0.3418;0.35156;0.36133;0.37109;0.38086;0.39063;0.40039;0.41016;0.41992;0.42969;0.43945;0.44922;0.45898;0.46875;0.47852;0.48828;0.49805;0.50781;0.51758;0.52734;0.53711;0.54688;0.55664;0.56641;0.57617;0.58594;0.5957;0.60547;0.61523;0.625;0.63477;0.64453;0.6543;0.66406;0.67383;0.68359;0.69336;0.70313;0.71289;0.72266;0.73242;0.74219;0.75195;0.76172;0.77148;0.78125;0.79102,0.003588096;0.008543232;0.009163776;0.021015552;0.118189056;0.301145088;0.31650816;0.23479910399999998;0.084837376;0.09545523199999999;0.050459648;0.014206975999999998;0.011319296;0.014601216;0.01422848;0.00925184;0.017350656;0.010181632;0.008519679999999998;0.0068126720000000005;0.0032348159999999997;0.0035471359999999998;0.004719616;0.0066713599999999994;0.005653504;0.0048486399999999995;0.00384512;0.005321728;0.004810752;0.00300032;0.002321408;0.00164864;0.001987584;0.002143232;0.0015267839999999998;0.0014878720000000001;0.001475584;0.001685504;0.001906688;0.001707008;0.00110592;0.00080384;0.001298432;0.0013752319999999999;0.00117248;0.0014847999999999999;0.0015616000000000002;0.001275904;0.001201152;0.000898048;0.0013260799999999999;0.001063936;0.000526336;0.000632832;0.000953344;0.000760832;0.000726016;0.000900096;0.00103424;0.000963584;0.0005888;0.0005724160000000001;0.0005601279999999999;0.0008837120000000001;0.001106944;0.000576512;0.000607232;0.000454656;0.000326656;0.000449536;0.00038912;0.000349184;0.00046592000000000004;0.000451584;0.00037785600000000004;0.00029183999999999997;0.0001536;0.000315392;0.000349184
1770741000,hdr,0.0293;0.03906;0.04883;0.05859;0.06836;0.07813;0.08789;0.09766;0.10742;0.11719;0.12695;0.13672;0.14648;0.15625;0.16602;0.17578;0.18555;0.19531;0.20508;0.21484;0.22461;0.23438;0.24414;0.25391;0.26367;0.27344;0.2832;0.29297;0.30273;0.3125;0.32227;0.33203;0.3418;0.35156;0.36133;0.37109;0.38086;0.39063;0.40039;0.41016;0.41992;0.42969;0.43945;0.44922;0.45898;0.46875;0.47852;0.48828;0.49805;0.50781;0.51758;0.52734;0.53711;0.54688;0.55664;0.56641;0.57617;0.58594;0.5957;0.60547;0.61523;0.625;0.63477;0.64453;0.6543;0.66406;0.67383;0.68359;0.69336;0.70313;0.71289;0.72266;0.73242;0.74219;0.75195;0.76172;0.77148;0.78125;0.79102,0.002192384;0.004152319999999999;0.004378624000000001;0.01767424;0.098023424;0.17080832;0.170800128;0.186832896;0.15754752;0.084873216;0.032935936;0.015582207999999998;0.01112576;0.016232448000000003;0.018624512;0.016310272;0.020739072;0.014233599999999999;0.007048192;0.007860223999999999;0.004564992;0.0028385280000000003;0.0036864000000000003;0.004890624;0.004921344;0.005245952;0.0046848;0.004256768;0.003617792;0.002530304;0.00211456;0.002530304;0.0024391680000000002;0.0038840320000000004;0.003982336;0.003364864;0.003836928;0.002234368;0.002352128;0.0020357120000000003;0.0022702079999999997;0.0017326079999999998;0.0015656959999999999;0.0010127360000000002;0.001134592;0.000592896;0.000897024;0.00158208;0.001414144;0.001061888;0.001199104;0.001579008;0.0010199039999999999;0.0006952960000000001;0.000891904;0.000664576;0.0007884799999999999;0.000687104;0.000740352;0.0007055360000000001;0.000715776;0.000666624;0.000854016;0.000937984;0.000666624;0.000391168;0.000366592;0.000451584;0.00040550399999999994;0.000398336;0.000567296;0.000436224;0.00036454399999999996;0.00043315199999999996;0.00036249599999999997;0.00034201599999999995;0.000315392;0.000169984;0.00021913599999999998
1770741900,hdr,0.0293;0.03906;0.04883;0.05859;0.06836;0.07813;0.08789;0.09766;0.10742;0.11719;0.12695;0.13672;0.14648;0.15625;0.16602;0.17578;0.18555;0.19531;0.20508;0.21484;0.22461;0.23438;0.24414;0.25391;0.26367;0.27344;0.2832;0.29297;0.30273;0.3125;0.32227;0.33203;0.3418;0.35156;0.36133;0.37109;0.38086;0.39063;0.40039;0.41016;0.41992;0.42969;0.43945;0.44922;0.45898;0.46875;0.47852;0.48828;0.49805;0.50781;0.51758;0.52734;0.53711;0.54688;0.55664;0.56641;0.57617;0.58594;0.5957;0.60547;0.61523;0.625;0.63477;0.64453;0.6543;0.66406;0.67383;0.68359;0.69336;0.70313;0.71289;0.72266;0.73242;0.74219;0.75195;0.76172;0.77148;0.78125;0.79102,0.002859008;0.005722112;0.0046694399999999995;0.012759040000000001;0.114139136;0.29103513599999997;0.242978816;0.14123007999999998;0.111488;0.101997568;0.048907264;0.021981183999999997;0.007588864000000001;0.0114176;0.014400512;0.013297663999999999;0.013732864;0.014565376;0.009167871999999999;0.007958528;0.004307968;0.0044206079999999995;0.005985280000000001;0.005446656;0.006473728;0.004359168000000001;0.0031375360000000002;0.0025907200000000003;0.0019773440000000002;0.004307968;0.004922368;0.00290304;0.00217088;0.001829888;0.001683456;0.0019169279999999998;0.0017459199999999998;0.001393664;0.000717824;0.0010199039999999999;0.000950272;0.0012083200000000001;0.001447936;0.0012042239999999998;0.001258496;0.001079296;0.001374208;0.00125952;0.001209344;0.001130496;0.001021952;0.001118208;0.001056768;0.001186816;0.0008704;0.0005734399999999999;0.0005867520000000001;0.000646144;0.000842752;0.000927744;0.00090624;0.000922624;0.000659456;0.000482304;0.000503808;0.000635904;0.000384;0.00026623999999999994;0.000611328;0.0005724160000000001;0.000518144;0.00048025600000000003;0.00039731200000000003;0.00040550399999999994;0.000436224;0.00043724800000000005;0.000429056;0.000386048;0.00037376
1770742800,hdr,0.0293;0.03906;0.04883;0.05859;0.06836;0.07813;0.08789;0.09766;0.10742;0.11719;0.12695;0.13672;0.14648;0.15625;0.16602;0.17578;0.18555;0.19531;0.20508;0.21484;0.22461;0.23438;0.24414;0.25391;0.26367;0.27344;0.2832;0.29297;0.30273;0.3125;0.32227;0.33203;0.3418;0.35156;0.36133;0.37109;0.38086;0.39063;0.40039;0.41016;0.41992;0.42969;0.43945;0.44922;0.45898;0.46875;0.47852;0.48828;0.49805;0.50781;0.51758;0.52734;0.53711;0.54688;0.55664;0.56641;0.57617;0.58594;0.5957;0.60547;0.61523;0.625;0.63477;0.64453;0.6543;0.66406;0.67383;0.68359;0.69336;0.70313;0.71289;0.72266;0.73242;0.74219;0.75195;0.76172;0.77148;0.78125;0.79102,0.00484352;0.00567296;0.0067184639999999995;0.012260351999999999;0.068086784;0.123702272;0.11459379199999999;0.24621056;0.190385152;0.122698752;0.051358720000000004;0.025011199999999997;0.011029503999999999;0.013515776;0.014855168000000002;0.01462784;0.010898432;0.013953024;0.013950976;0.0067553280000000005;0.005715968;0.004078592000000001;0.002768896;0.0038819839999999998;0.004393983999999999;0.0060958720000000004;0.0064665600000000005;0.00419328;0.0026060799999999998;0.0026060799999999998;0.002287616;0.0029911039999999996;0.0022896640000000003;0.002219008;0.002071552;0.002008064;0.001672192;0.001887232;0.002550784;0.001830912;0.001466368;0.0016916480000000002;0.0018432000000000001;0.001202176;0.000840704;0.0008591359999999999;0.0010946560000000003;0.000765952;0.0008601600000000001;0.000995328;0.00098816;0.001371136;0.001396736;0.001209344;0.000847872;0.0007495679999999999;0.000524288;0.000519168;0.00047718399999999996;0.000659456;0.0008458240000000001;0.000666624;0.000663552;0.000513024;0.0006502400000000001;0.0006737919999999999;0.000543744;0.0005980159999999999;0.00047820800000000004;0.000514048;0.000538624;0.00037068800000000004;0.00035430400000000006;0.00030617599999999996;0.00023142399999999999;0.00037785600000000004;0.0007229440000000001;0.0005713920000000001;0.0005877759999999999
1770743700,hdr,0.0293;0.03906;0.04883;0.05859;0.06836;0.07813;0.08789;0.09766;0.10742;0.11719;0.12695;0.13672;0.14648;0.15625;0.16602;0.17578;0.18555;0.19531;0.20508;0.21484;0.22461;0.23438;0.24414;0.25391;0.26367;0.27344;0.2832;0.29297;0.30273;0.3125;0.32227;0.33203;0.3418;0.35156;0.36133;0.37109;0.38086;0.39063;0.40039;0.41016;0.41992;0.42969;0.43945;0.44922;0.45898;0.46875;0.47852;0.48828;0.49805;0.50781;0.51758;0.52734;0.53711;0.54688;0.55664;0.56641;0.57617;0.58594;0.5957;0.60547;0.61523;0.625;0.63477;0.64453;0.6543;0.66406;0.67383;0.68359;0.69336;0.70313;0.71289;0.72266;0.73242;0.74219;0.75195;0.76172;0.77148;0.78125;0.79102,0.002460672;0.007289856000000001;0.010713088;0.020529152;0.08226201600000001;0.19674624;0.40588185600000004;0.30580121600000004;0.12452966399999998;0.085767168;0.050108415999999996;0.026025984000000002;0.014175232;0.012631040000000001;0.013722624;0.017286144;0.018733056;0.016843775999999998;0.014567424;0.010800128;0.007442432;0.006042624;0.005204992;0.005013504;0.005126144;0.003621888;0.0058019840000000005;0.0060610559999999996;0.004617216;0.002803712;0.003625984;0.002890752;0.002226176;0.0030453760000000002;0.0026521599999999998;0.003378176;0.0031897600000000003;0.001974272;0.0030197759999999996;0.0034908160000000003;0.002683904;0.0020951040000000004;0.001615872;0.001403904;0.0011120639999999998;0.0009574399999999999;0.001055744;0.001011712;0.001318912;0.001035264;0.001036288;0.001292288;0.0008304639999999999;0.001069056;0.000879616;0.0009144320000000001;0.000801792;0.000442368;0.0005232639999999998;0.000485376;0.000715776;0.0009625599999999999;0.0006840319999999999;0.0007464960000000001;0.000852992;0.0006737919999999999;0.0006993920000000001;0.00089088;0.0008744960000000001;0.000512;0.000514048;0.0008601600000000001;0.0009441279999999999;0.000950272;0.00044032;0.00055296;0.000652288;0.000903168;0.001537024
1770744600,hdr,0.0293;0.03906;0.04883;0.05859;0.06836;0.07813;0.08789;0.09766;0.10742;0.11719;0.12695;0.13672;0.14648;0.15625;0.16602;0.17578;0.18555;0.19531;0.20508;0.21484;0.22461;0.23438;0.24414;0.25391;0.26367;0.27344;0.2832;0.29297;0.30273;0.3125;0.32227;0.33203;0.3418;0.35156;0.36133;0.37109;0.38086;0.39063;0.40039;0.41016;0.41992;0.42969;0.43945;0.44922;0.45898;0.46875;0.47852;0.48828;0.49805;0.50781;0.51758;0.52734;0.53711;0.54688;0.55664;0.56641;0.57617;0.58594;0.5957;0.60547;0.61523;0.625;0.63477;0.64453;0.6543;0.66406;0.67383;0.68359;0.69336;0.70313;0.71289;0.72266;0.73242;0.74219;0.75195;0.76172;0.77148;0.78125;0.79102,0.005963776;0.008699904;0.020020224;0.02317824;0.080297984;0.25897472;0.29126451200000003;0.29918207999999996;0.21354905600000001;0.162267136;0.08214528;0.02064384;0.010545152;0.009819136000000001;0.009407488000000002;0.012634112;0.019453952;0.017112064;0.01010688;0.007441408;0.005372928;0.003936256;0.005342208;0.004546560000000001;0.004078592000000001;0.005623808;0.004692992;0.0038307840000000003;0.003470336;0.004191232;0.00317952;0.0029009920000000002;0.002060288;0.0027975680000000003;0.0037591039999999997;0.0033873920000000004;0.002349056;0.0021524480000000004;0.001775616;0.00146432;0.002330624;0.0025415679999999997;0.002251776;0.001604608;0.001466368;0.0015493120000000002;0.0012165119999999999;0.001308672;0.0012646399999999998;0.0011264;0.0013260799999999999;0.0011151359999999999;0.001097728;0.0013240320000000002;0.001221632;0.000989184;0.0007055360000000001;0.0009041920000000001;0.000899072;0.0006184960000000001;0.0005959680000000001;0.000731136;0.001024;0.001657856;0.001107968;0.000813056;0.0013322240000000001;0.0011960319999999999;0.001297408;0.001519616;0.002072576;0.001364992;0.000965632;0.0018964479999999998;0.001905664;0.001978368;0.0017090559999999998;0.001604608;0.002896896
1770745500,hdr,0.0293;0.03906;0.04883;0.05859;0.06836;0.07813;0.08789;0.09766;0.10742;0.11719;0.12695;0.13672;0.14648;0.15625;0.16602;0.17578;0.18555;0.19531;0.20508;0.21484;0.22461;0.23438;0.24414;0.25391;0.26367;0.27344;0.2832;0.29297;0.30273;0.3125;0.32227;0.33203;0.3418;0.35156;0.36133;0.37109;0.38086;0.39063;0.40039;0.41016;0.41992;0.42969;0.43945;0.44922;0.45898;0.46875;0.47852;0.48828;0.49805;0.50781;0.51758;0.52734;0.53711;0.54688;0.55664;0.56641;0.57617;0.58594;0.5957;0.60547;0.61523;0.625;0.63477;0.64453;0.6543;0.66406;0.67383;0.68359;0.69336;0.70313;0.71289;0.72266;0.73242;0.74219;0.75195;0.76172;0.77148;0.78125;0.79102,0.005876736;0.018058240000000003;0.01319424;0.008481792000000002;0.086744064;0.247534592;0.227113984;0.13439488;0.129362944;0.077105152;0.071472128;0.044305408000000004;0.010445824000000001;0.008316928;0.012022784;0.012297216;0.012570623999999999;0.011785216000000001;0.009486336;0.008018944;0.0064665600000000005;0.007458816;0.005798911999999999;0.005049344;0.004593664000000001;0.004045824;0.005128192;0.005211136;0.006278144;0.004990975999999999;0.003150848;0.002579456;0.002638848;0.003013632;0.0041164800000000005;0.001903616;0.002115584;0.0028897280000000003;0.002496512;0.001605632;0.0014714879999999997;0.0012625919999999999;0.001399808;0.0020797439999999997;0.001288192;0.0010455039999999998;0.001153024;0.0009984;0.001097728;0.000951296;0.000688128;0.0008560640000000001;0.00087552;0.0008089600000000001;0.0009830400000000001;0.00085504;0.000872448;0.001134592;0.001113088;0.0009205759999999999;0.001480704;0.0009297919999999999;0.001401856;0.001217536;0.0013506560000000002;0.0015544320000000001;0.0019496960000000001;0.00217088;0.002614272;0.002164736;0.001634304;0.0019148799999999999;0.001924096;0.00134656;0.00195584;0.0030668799999999997;0.00329728;0.0025036800000000003;0.001661952
1770746400,hdr,0.0293;0.03906;0.04883;0.05859;0.06836;0.07813;0.08789;0.09766;0.10742;0.11719;0.12695;0.13672;0.14648;0.15625;0.16602;0.17578;0.18555;0.19531;0.20508;0.21484;0.22461;0.23438;0.24414;0.25391;0.26367;0.27344;0.2832;0.29297;0.30273;0.3125;0.32227;0.33203;0.3418;0.35156;0.36133;0.37109;0.38086;0.39063;0.40039;0.41016;0.41992;0.42969;0.43945;0.44922;0.45898;0.46875;0.47852;0.48828;0.49805;0.50781;0.51758;0.52734;0.53711;0.54688;0.55664;0.56641;0.57617;0.58594;0.5957;0.60547;0.61523;0.625;0.63477;0.64453;0.6543;0.66406;0.67383;0.68359;0.69336;0.70313;0.71289;0.72266;0.73242;0.74219;0.75195;0.76172;0.77148;0.78125;0.79102,0.001496064;0.006361088;0.011272192;0.0157952;0.07725056;0.19912396799999998;0.257057792;0.133064704;0.144134144;0.167576576;0.07104716800000001;0.017738752;0.015506432;0.013906944;0.01212416;0.012838912000000001;0.0162304;0.010662912;0.007366656;0.00453632;0.0034662399999999998;0.006498304;0.006141952;0.007041024000000001;0.006596608;0.004927488000000001;0.0035706880000000002;0.005521408;0.004535295999999999;0.0029184000000000002;0.003096576;0.004186111999999999;0.004120576;0.00262656;0.0024739840000000003;0.002395136;0.002013184;0.001416192;0.002568192;0.002866176;0.001983488;0.0013424640000000002;0.00131072;0.001391616;0.0018012159999999998;0.00134656;0.001181696;0.001574912;0.001301504;0.000939008;0.0009584639999999999;0.0012083200000000001;0.0008222720000000001;0.00090624;0.000769024;0.000817152;0.0011601919999999998;0.001214464;0.001476608;0.0012359679999999998;0.001306624;0.00131584;0.001915904;0.0023296;0.001847296;0.0018176000000000002;0.002051072;0.0021893120000000005;0.002992128;0.0027432959999999997;0.0017889280000000002;0.002177024;0.0020500479999999996;0.00257024;0.00199168;0.0019496960000000001;0.00226304;0.002185216;0.001682432
1770747300,hdr,0.0293;0.03906;0.04883;0.05859;0.06836;0.07813;0.08789;0.09766;0.10742;0.11719;0.12695;0.13672;0.14648;0.15625;0.16602;0.17578;0.18555;0.19531;0.20508;0.21484;0.22461;0.23438;0.24414;0.25391;0.26367;0.27344;0.2832;0.29297;0.30273;0.3125;0.32227;0.33203;0.3418;0.35156;0.36133;0.37109;0.38086;0.39063;0.40039;0.41016;0.41992;0.42969;0.43945;0.44922;0.45898;0.46875;0.47852;0.48828;0.49805;0.50781;0.51758;0.52734;0.53711;0.54688;0.55664;0.56641;0.57617;0.58594;0.5957;0.60547;0.61523;0.625;0.63477;0.64453;0.6543;0.66406;0.67383;0.68359;0.69336;0.70313;0.71289;0.72266;0.73242;0.74219;0.75195;0.76172;0.77148;0.78125;0.79102,0.008444928;0.014597120000000002;0.016101375999999997;0.025462784;0.12045312;0.180685824;0.11084083200000001;0.159527936;0.187137024;0.14334976000000002;0.067877888;0.020037631999999996;0.008407040000000001;0.00752128;0.0073881599999999995;0.010467328;0.018778112;0.018224128;0.009688064;0.005076991999999999;0.009358336;0.005510144;0.00434176;0.006590464;0.004294656;0.002390016;0.00288256;0.0029061119999999998;0.0021360640000000005;0.0033331199999999997;0.003649536;0.002300928;0.004005887999999999;0.002337792;0.003279872;0.004402176;0.00301056;0.0017489920000000002;0.002179072;0.0025333760000000004;0.0022896640000000003;0.002366464;0.0020254720000000004;0.000995328;0.001581056;0.001636352;0.001061888;0.001185792;0.0011212799999999999;0.00090112;0.00076288;0.001031168;0.000955392;0.000715776;0.00075776;0.00090112;0.0017192959999999997;0.0017131520000000001;0.001358848;0.001649664;0.001294336;0.0011243520000000001;0.001984512;0.003099648;0.003473408;0.003055616;0.0022968320000000004;0.001974272;0.0015779840000000002;0.001683456;0.001938432;0.002499584;0.002131968;0.002243584;0.002106368;0.001887232;0.00151552;0.0018237440000000002;0.001911808
1770748200,hdr,0.0293;0.03906;0.04883;0.05859;0.06836;0.07813;0.08789;0.09766;0.10742;0.11719;0.12695;0.13672;0.14648;0.15625;0.16602;0.17578;0.18555;0.19531;0.20508;0.21484;0.22461;0.23438;0.24414;0.25391;0.26367;0.27344;0.2832;0.29297;0.30273;0.3125;0.32227;0.33203;0.3418;0.35156;0.36133;0.37109;0.38086;0.39063;0.40039;0.41016;0.41992;0.42969;0.43945;0.44922;0.45898;0.46875;0.47852;0.48828;0.49805;0.50781;0.51758;0.52734;0.53711;0.54688;0.55664;0.56641;0.57617;0.58594;0.5957;0.60547;0.61523;0.625;0.63477;0.64453;0.6543;0.66406;0.67383;0.68359;0.69336;0.70313;0.71289;0.72266;0.73242;0.74219;0.75195;0.76172;0.77148;0.78125;0.79102,0.004342784;0.010539008000000002;0.009899007999999999;0.012473344;0.11414015999999999;0.27708211200000005;0.241490944;0.109334528;0.07655424;0.114523136;0.06565376;0.030640128;0.011051008;0.00495104;0.010297344000000002;0.013010944;0.013705216000000001;0.011248639999999999;0.009085952000000001;0.006002688;0.006500352000000001;0.007585791999999999;0.007357440000000001;0.004983808;0.004417536;0.004124672;0.00468992;0.003610624;0.003456;0.002379776;0.0041216000000000004;0.005063679999999999;0.0031733760000000003;0.001845248;0.001574912;0.002531328;0.0026808319999999997;0.0021207039999999997;0.001531904;0.002176;0.002304;0.001722368;0.00077824;0.001137664;0.001243136;0.001564672;0.001528832;0.000964608;0.001057792;0.0013690880000000003;0.001296384;0.0013793280000000002;0.001089536;0.0008110079999999999;0.001133568;0.001154048;0.000881664;0.0007014399999999999;0.000753664;0.001537024;0.001890304;0.001181696;0.002229248;0.00164864;0.00207872;0.003203072;0.002448384;0.0029880320000000003;0.003209216;0.002274304;0.0024883199999999996;0.002238464;0.0022784000000000003;0.00159232;0.0016404479999999999;0.0011786239999999999;0.001293312;0.001447936;0.0013424640000000002
1770749100,hdr,0.0293;0.03906;0.04883;0.05859;0.06836;0.07813;0.08789;0.09766;0.10742;0.11719;0.12695;0.13672;0.14648;0.15625;0.16602;0.17578;0.18555;0.19531;0.20508;0.21484;0.22461;0.23438;0.24414;0.25391;0.26367;0.27344;0.2832;0.29297;0.30273;0.3125;0.32227;0.33203;0.3418;0.35156;0.36133;0.37109;0.38086;0.39063;0.40039;0.41016;0.41992;0.42969;0.43945;0.44922;0.45898;0.46875;0.47852;0.48828;0.49805;0.50781;0.51758;0.52734;0.53711;0.54688;0.55664;0.56641;0.57617;0.58594;0.5957;0.60547;0.61523;0.625;0.63477;0.64453;0.6543;0.66406;0.67383;0.68359;0.69336;0.70313;0.71289;0.72266;0.73242;0.74219;0.75195;0.76172;0.77148;0.78125;0.79102,0.008576;0.013206528;0.012336128;0.022510592;0.081186816;0.24350617600000002;0.211429376;0.101339136;0.124084224;0.138953728;0.06581247999999999;0.029097984;0.012967936;0.015719424;0.01324032;0.01352192;0.01573376;0.01849856;0.012142592;0.007168;0.0069918720000000005;0.007548928;0.0055930879999999995;0.004202496;0.007406592;0.007251968;0.0045076479999999995;0.003278848;0.00374784;0.003151872;0.001590272;0.0015943679999999999;0.0020357120000000003;0.001632256;0.0019455999999999998;0.00281088;0.002386944;0.00187904;0.002072576;0.00134144;0.0015892480000000001;0.001958912;0.00195584;0.0019046400000000002;0.0022906879999999995;0.0016384000000000001;0.001040384;0.001221632;0.0018421759999999998;0.001441792;0.001181696;0.00135168;0.001550336;0.0012625919999999999;0.0013260799999999999;0.0013199359999999999;0.0011909120000000001;0.000979968;0.000900096;0.00117248;0.0015452159999999999;0.0017356799999999999;0.00207872;0.0017356799999999999;0.00207872;0.001563648;0.0017090559999999998;0.002873344;0.0030361600000000004;0.0028538879999999997;0.00272384;0.002116608;0.0033423359999999996;0.00265728;0.00239616;0.00217088;0.001395712;0.001031168;0.001294336
1770750000,hdr,0.0293;0.03906;0.04883;0.05859;0.06836;0.07813;0.08789;0.09766;0.10742;0.11719;0.12695;0.13672;0.14648;0.15625;0.16602;0.17578;0.18555;0.19531;0.20508;0.21484;0.22461;0.23438;0.24414;0.25391;0.26367;0.27344;0.2832;0.29297;0.30273;0.3125;0.32227;0.33203;0.3418;0.35156;0.36133;0.37109;0.38086;0.39063;0.40039;0.41016;0.41992;0.42969;0.43945;0.44922;0.45898;0.46875;0.47852;0.48828;0.49805;0.50781;0.51758;0.52734;0.53711;0.54688;0.55664;0.56641;0.57617;0.58594;0.5957;0.60547;0.61523;0.625;0.63477;0.64453;0.6543;0.66406;0.67383;0.68359;0.69336;0.70313;0.71289;0.72266;0.73242;0.74219;0.75195;0.76172;0.77148;0.78125;0.79102,0.008055808000000001;0.018414592;0.024153088;0.023085056;0.06423142400000001;0.167120896;0.19623936;0.13792768000000002;0.092239872;0.064826368;0.09802751999999999;0.043271168000000006;0.01865728;0.017743872;0.014409727999999998;0.015742976000000002;0.011298816000000001;0.010838015999999999;0.010421248;0.006385664000000001;0.006639616;0.008126464;0.00723968;0.004783103999999999;0.006052864;0.004242432;0.00326144;0.004612096;0.003723264;0.0023592960000000003;0.0027904;0.002500608;0.002412544;0.001989632;0.002696192;0.0040448;0.0032204799999999995;0.002291712;0.0015144960000000002;0.001632256;0.002458624;0.003366912;0.002328576;0.001634304;0.001284096;0.001631232;0.00139776;0.00136704;0.001276928;0.001695744;0.0018278399999999998;0.0009943039999999999;0.000779264;0.0007168;0.0013209599999999997;0.001501184;0.00123392;0.00119808;0.001615872;0.001412096;0.00100352;0.001166336;0.001907712;0.0027217920000000002;0.002543616;0.002071552;0.003708928;0.002844672;0.003048448;0.0034754559999999996;0.0032020480000000003;0.002717696;0.00283136;0.002312192;0.002084864;0.001961984;0.0020224;0.0018831359999999999;0.001468416
1770750900,hdr,0.0293;0.03906;0.04883;0.05859;0.06836;0.07813;0.08789;0.09766;0.10742;0.11719;0.12695;0.13672;0.14648;0.15625;0.16602;0.17578;0.18555;0.19531;0.20508;0.21484;0.22461;0.23438;0.24414;0.25391;0.26367;0.27344;0.2832;0.29297;0.30273;0.3125;0.32227;0.33203;0.3418;0.35156;0.36133;0.37109;0.38086;0.39063;0.40039;0.41016;0.41992;0.42969;0.43945;0.44922;0.45898;0.46875;0.47852;0.48828;0.49805;0.50781;0.51758;0.52734;0.53711;0.54688;0.55664;0.56641;0.57617;0.58594;0.5957;0.60547;0.61523;0.625;0.63477;0.64453;0.6543;0.66406;0.67383;0.68359;0.69336;0.70313;0.71289;0.72266;0.73242;0.74219;0.75195;0.76172;0.77148;0.78125;0.79102,0.01065472;0.015826944;0.007161855999999999;0.01452544;0.127210496;0.293914624;0.175312896;0.11755212799999999;0.17707008;0.124708864;0.057515008;0.038621184;0.016797696;0.014508031999999999;0.023374848;0.023315456000000002;0.01150464;0.006642688;0.009340928;0.00645632;0.003400704;0.0032757759999999998;0.004463616;0.004719616;0.007460863999999999;0.006858752;0.006014976;0.005947392;0.004105216;0.002753536;0.002615296;0.002207744;0.0020500479999999996;0.002364416;0.002192384;0.002760704;0.0020183040000000003;0.001570816;0.001431552;0.0017684480000000002;0.002895872;0.0015872;0.002101248;0.001143808;0.001232896;0.001048576;0.000930816;0.001580032;0.00180224;0.000903168;0.0010291200000000001;0.00111104;0.00119296;0.001122304;0.001065984;0.001632256;0.002820096;0.00134144;0.000924672;0.0014028799999999998;0.00183296;0.0022528;0.003803136;0.003340288;0.003966976;0.004025343999999999;0.0031856640000000004;0.0038502399999999996;0.0046192640000000005;0.004808704;0.005181440000000001;0.003295232;0.003272704;0.002967552;0.0023930880000000002;0.002069504;0.002599936;0.002576384;0.0022405119999999996
1770751800,hdr,0.0293;0.03906;0.04883;0.05859;0.06836;0.07813;0.08789;0.09766;0.10742;0.11719;0.12695;0.13672;0.14648;0.15625;0.16602;0.17578;0.18555;0.19531;0.20508;0.21484;0.22461;0.23438;0.24414;0.25391;0.26367;0.27344;0.2832;0.29297;0.30273;0.3125;0.32227;0.33203;0.3418;0.35156;0.36133;0.37109;0.38086;0.39063;0.40039;0.41016;0.41992;0.42969;0.43945;0.44922;0.45898;0.46875;0.47852;0.48828;0.49805;0.50781;0.51758;0.52734;0.53711;0.54688;0.55664;0.56641;0.57617;0.58594;0.5957;0.60547;0.61523;0.625;0.63477;0.64453;0.6543;0.66406;0.67383;0.68359;0.69336;0.70313;0.71289;0.72266;0.73242;0.74219;0.75195;0.76172;0.77148;0.78125;0.79102,0.004273152;0.010182655999999998;0.009834496;0.018729984;0.12209049599999999;0.26591744;0.208960512;0.144892928;0.14933503999999997;0.11549184;0.093535232;0.036021248;0.018516992;0.016544768;0.012660736;0.011593728000000001;0.013984768;0.00769024;0.0077762560000000005;0.008052736;0.00833024;0.011594752;0.00812544;0.0049233919999999995;0.005060608;0.006398976000000001;0.004276224;0.004558848;0.00352256;0.0033331199999999997;0.00392704;0.00387072;0.003985408;0.004396032;0.003637248;0.002762752;0.002696192;0.001983488;0.0021862400000000003;0.002221056;0.001954816;0.0013219840000000002;0.00167936;0.0019169279999999998;0.001814528;0.0013608960000000001;0.0013752319999999999;0.002101248;0.00249856;0.002586624;0.002179072;0.0016435199999999999;0.001645568;0.002208768;0.003004416;0.0028487680000000002;0.004822015999999999;0.004303872;0.004502528;0.003591168;0.006204416;0.0071915519999999995;0.00610816;0.00716288;0.006814720000000001;0.004912128;0.004996095999999999;0.004376576;0.003931136;0.0026644480000000003;0.0037048320000000004;0.0030535679999999996;0.00241152;0.002562048;0.0025364479999999997;0.00200192;0.001529856;0.001263616;0.001114112
1770752700,hdr,0.0293;0.03906;0.04883;0.05859;0.06836;0.07813;0.08789;0.09766;0.10742;0.11719;0.12695;0.13672;0.14648;0.15625;0.16602;0.17578;0.18555;0.19531;0.20508;0.21484;0.22461;0.23438;0.24414;0.25391;0.26367;0.27344;0.2832;0.29297;0.30273;0.3125;0.32227;0.33203;0.3418;0.35156;0.36133;0.37109;0.38086;0.39063;0.40039;0.41016;0.41992;0.42969;0.43945;0.44922;0.45898;0.46875;0.47852;0.48828;0.49805;0.50781;0.51758;0.52734;0.53711;0.54688;0.55664;0.56641;0.57617;0.58594;0.5957;0.60547;0.61523;0.625;0.63477;0.64453;0.6543;0.66406;0.67383;0.68359;0.69336;0.70313;0.71289;0.72266;0.73242;0.74219;0.75195;0.76172;0.77148;0.78125;0.79102,0.004292608;0.007801855999999999;0.008114176;0.023969792;0.138312704;0.33307545599999994;0.35078656;0.201499648;0.153672704;0.105892864;0.06973132800000001;0.03960832;0.016879615999999997;0.024621056;0.026843136000000004;0.016996352000000003;0.008980479999999999;0.008528896;0.008594431999999999;0.00787456;0.007908352;0.00610816;0.005494784000000001;0.004749312;0.006181888;0.007591936;0.0058368000000000005;0.0042659840000000004;0.0048384;0.004864;0.003411968;0.004728832;0.004140032;0.0032604160000000004;0.00344576;0.002512896;0.002704384;0.00230912;0.001913856;0.0017131520000000001;0.001775616;0.002177024;0.001992704;0.001957888;0.002308096;0.0026081279999999995;0.002586624;0.0034672640000000003;0.004125696;0.003529728;0.003390464;0.00464384;0.006116352;0.009777152;0.009545728000000002;0.01021952;0.0055480320000000005;0.003992576;0.0065740799999999995;0.0078592;0.006513664000000001;0.00542208;0.003810304;0.0030863360000000003;0.00254464;0.0039936;0.0038656000000000003;0.003733504;0.003867648;0.00297472;0.0027136;0.002909184;0.001979392;0.0023889920000000004;0.001878016;0.0020101119999999997;0.00180224;0.0016404479999999999;0.0012400640000000001
1770753600,hdr,0.0293;0.03906;0.04883;0.05859;0.06836;0.07813;0.08789;0.09766;0.10742;0.11719;0.12695;0.13672;0.14648;0.15625;0.16602;0.17578;0.18555;0.19531;0.20508;0.21484;0.22461;0.23438;0.24414;0.25391;0.26367;0.27344;0.2832;0.29297;0.30273;0.3125;0.32227;0.33203;0.3418;0.35156;0.36133;0.37109;0.38086;0.39063;0.40039;0.41016;0.41992;0.42969;0.43945;0.44922;0.45898;0.46875;0.47852;0.48828;0.49805;0.50781;0.51758;0.52734;0.53711;0.54688;0.55664;0.56641;0.57617;0.58594;0.5957;0.60547;0.61523;0.625;0.63477;0.64453;0.6543;0.66406;0.67383;0.68359;0.69336;0.70313;0.71289;0.72266;0.73242;0.74219;0.75195;0.76172;0.77148;0.78125;0.79102,0.007872512;0.015367168;0.008154112;0.009161728000000001;0.06619852799999999;0.151871488;0.16999116799999997;0.0935424;0.09990860800000001;0.141348864;0.10600243200000001;0.043542528;0.015981567999999998;0.017034240000000003;0.016067584;0.018003968000000002;0.010448896;0.010165248;0.010195968000000001;0.0087296;0.006766592000000001;0.002953216;0.003851264;0.004431872;0.0046919679999999995;0.0032174079999999997;0.004137984000000001;0.0036608;0.00318464;0.00433664;0.003350528;0.003447808;0.002423808;0.0022528;0.0034252799999999997;0.003279872;0.004666368000000001;0.006291456;0.006316032;0.0047144959999999994;0.00367104;0.0028149760000000003;0.0023930880000000002;0.003203072;0.0028948479999999998;0.0030126080000000004;0.004276224;0.004661248;0.004950016;0.006296576;0.006703104;0.009930752000000001;0.011630592;0.011923456;0.010380288;0.013651968;0.012477440000000001;0.008209408;0.006495232;0.011423744;0.007744512;0.005499904;0.005277696;0.005525504;0.005090304;0.004472832;0.0030535679999999996;0.002746368;0.00377344;0.0034918399999999995;0.003007488;0.002204672;0.00197632;0.001795072;0.0021196799999999997;0.001917952;0.00160768;0.001442816;0.0008704
1770754500,hdr,0.0293;0.03906;0.04883;0.05859;0.06836;0.07813;0.08789;0.09766;0.10742;0.11719;0.12695;0.13672;0.14648;0.15625;0.16602;0.17578;0.18555;0.19531;0.20508;0.21484;0.22461;0.23438;0.24414;0.25391;0.26367;0.27344;0.2832;0.29297;0.30273;0.3125;0.32227;0.33203;0.3418;0.35156;0.36133;0.37109;0.38086;0.39063;0.40039;0.41016;0.41992;0.42969;0.43945;0.44922;0.45898;0.46875;0.47852;0.48828;0.49805;0.50781;0.51758;0.52734;0.53711;0.54688;0.55664;0.56641;0.57617;0.58594;0.5957;0.60547;0.61523;0.625;0.63477;0.64453;0.6543;0.66406;0.67383;0.68359;0.69336;0.70313;0.71289;0.72266;0.73242;0.74219;0.75195;0.76172;0.77148;0.78125;0.79102,0.006366208000000001;0.012788736;0.010724352;0.006591488;0.033015808;0.184321024;0.20249292800000002;0.169684992;0.18877440000000004;0.09710284799999999;0.04635136;0.041247743999999996;0.030525439999999997;0.018364415999999998;0.015704064;0.013800447999999998;0.010172416;0.0069273600000000005;0.005093376;0.006393856000000001;0.008928255999999999;0.007542784;0.004753408000000001;0.004610047999999999;0.004028416;0.0031979519999999996;0.004827136;0.0034181119999999996;0.00354304;0.0057251839999999995;0.004115456;0.004984832000000001;0.005321728;0.005576704000000001;0.004251648;0.00242688;0.001999872;0.0024330239999999998;0.002689024;0.0020797439999999997;0.003130368;0.003529728;0.003694592;0.003731456;0.003172352;0.005188608;0.007396352;0.006132736000000001;0.008576;0.012658688;0.010927104;0.010958848;0.006769664;0.006596608;0.0146432;0.014021632;0.011926528;0.010223616;0.009013248000000001;0.00628736;0.00387584;0.008516608;0.005967871999999999;0.0037304319999999997;0.002568192;0.003890176;0.0032849919999999996;0.003530752;0.0029409279999999998;0.00266752;0.0025917439999999996;0.0031242239999999997;0.0030627840000000003;0.002646016;0.001809408;0.001534976;0.001570816;0.00116224;0.00083968
1770755400,hdr,0.0293;0.03906;0.04883;0.05859;0.06836;0.07813;0.08789;0.09766;0.10742;0.11719;0.12695;0.13672;0.14648;0.15625;0.16602;0.17578;0.18555;0.19531;0.20508;0.21484;0.22461;0.23438;0.24414;0.25391;0.26367;0.27344;0.2832;0.29297;0.30273;0.3125;0.32227;0.33203;0.3418;0.35156;0.36133;0.37109;0.38086;0.39063;0.40039;0.41016;0.41992;0.42969;0.43945;0.44922;0.45898;0.46875;0.47852;0.48828;0.49805;0.50781;0.51758;0.52734;0.53711;0.54688;0.55664;0.56641;0.57617;0.58594;0.5957;0.60547;0.61523;0.625;0.63477;0.64453;0.6543;0.66406;0.67383;0.68359;0.69336;0.70313;0.71289;0.72266;0.73242;0.74219;0.75195;0.76172;0.77148;0.78125;0.79102,0.0049664;0.014107647999999999;0.01127936;0.010008576;0.09328844800000001;0.20329369600000002;0.159941632;0.160464896;0.108284928;0.063379456;0.055934976000000004;0.05073408;0.032973824;0.027167743999999997;0.040329216;0.028298240000000002;0.008387584;0.007213056;0.007537664;0.006639616;0.0037949439999999997;0.003427328;0.006093823999999999;0.00476672;0.004700160000000001;0.006992895999999999;0.0052592640000000005;0.003649536;0.003068928;0.0047861760000000005;0.005267456;0.004934656;0.0031334399999999995;0.004179968;0.005470208000000001;0.0062627839999999995;0.0035072000000000002;0.00265728;0.0036648960000000004;0.003805184;0.003663872;0.004952064;0.008092672;0.009275392;0.011560959999999999;0.01572352;0.013822976;0.013807616;0.011943936000000002;0.012664832;0.01974272;0.02426368;0.018583552;0.014026752;0.01419776;0.00953344;0.0070471679999999995;0.0071464960000000004;0.0069027839999999995;0.00645632;0.006654976;0.004989951999999999;0.00459264;0.003694592;0.003154944;0.0028692479999999996;0.0028989440000000005;0.004621312;0.003464192;0.00146944;0.0015103999999999999;0.002013184;0.0021032959999999997;0.001352704;0.001362944;0.0017479680000000001;0.00197632;0.001574912;0.001409024
1770756300,hdr,0.0293;0.03906;0.04883;0.05859;0.06836;0.07813;0.08789;0.09766;0.10742;0.11719;0.12695;0.13672;0.14648;0.15625;0.16602;0.17578;0.18555;0.19531;0.20508;0.21484;0.22461;0.23438;0.24414;0.25391;0.26367;0.27344;0.2832;0.29297;0.30273;0.3125;0.32227;0.33203;0.3418;0.35156;0.36133;0.37109;0.38086;0.39063;0.40039;0.41016;0.41992;0.42969;0.43945;0.44922;0.45898;0.46875;0.47852;0.48828;0.49805;0.50781;0.51758;0.52734;0.53711;0.54688;0.55664;0.56641;0.57617;0.58594;0.5957;0.60547;0.61523;0.625;0.63477;0.64453;0.6543;0.66406;0.67383;0.68359;0.69336;0.70313;0.71289;0.72266;0.73242;0.74219;0.75195;0.76172;0.77148;0.78125;0.79102,0.003735552;0.010858496;0.007419904;0.022112255999999997;0.079506432;0.21915136000000002;0.17246208;0.1039616;0.094577664;0.077449216;0.07787008000000001;0.053971967999999995;0.023070720000000003;0.014536704;0.029288448;0.029632512;0.012908544;0.007530496;0.007904256;0.00508928;0.008147968;0.004726784;0.004857856;0.005792768;0.003683328;0.003350528;0.003892224;0.0047912960000000004;0.005668864000000001;0.002686976;0.0032276479999999996;0.00444928;0.004314112;0.00470528;0.0039772159999999996;0.003902464;0.003099648;0.00426496;0.007944192;0.008636416000000001;0.008879103999999999;0.008935423999999999;0.009249792;0.015635456;0.02968576;0.03003904;0.016318463999999998;0.01816576;0.01971712;0.012163072;0.010976256;0.013374463999999999;0.009889792;0.007440384;0.009147391999999999;0.0075325439999999995;0.0060385280000000005;0.005190656;0.006134784;0.006358016;0.004464640000000001;0.005082112;0.005308416;0.004211712;0.003525632;0.00433152;0.003514368;0.0022097920000000004;0.00265728;0.002097152;0.0027965439999999998;0.0022394880000000004;0.0014796800000000001;0.001329152;0.0011714560000000002;0.001327104;0.001637376;0.001680384;0.001265664
1770758100,hdr,0.0293;0.03906;0.04883;0.05859;0.06836;0.07813;0.08789;0.09766;0.10742;0.11719;0.12695;0.13672;0.14648;0.15625;0.16602;0.17578;0.18555;0.19531;0.20508;0.21484;0.22461;0.23438;0.24414;0.25391;0.26367;0.27344;0.2832;0.29297;0.30273;0.3125;0.32227;0.33203;0.3418;0.35156;0.36133;0.37109;0.38086;0.39063;0.40039;0.41016;0.41992;0.42969;0.43945;0.44922;0.45898;0.46875;0.47852;0.48828;0.49805;0.50781;0.51758;0.52734;0.53711;0.54688;0.55664;0.56641;0.57617;0.58594;0.5957;0.60547;0.61523;0.625;0.63477;0.64453;0.6543;0.66406;0.67383;0.68359;0.69336;0.70313;0.71289;0.72266;0.73242;0.74219;0.75195;0.76172;0.77148;0.78125;0.79102,0.0027586560000000004;0.008068096;0.012765183999999999;0.007578624;0.039246848;0.13408256;0.14740479999999997;0.143906816;0.14749388800000002;0.09377894399999999;0.047035392;0.038989824;0.024491008;0.016794624;0.0275456;0.018374656000000003;0.01240064;0.007860223999999999;0.008674304;0.009528320000000002;0.0070297599999999995;0.00544768;0.004332544000000001;0.005009407999999999;0.004959232;0.0038062079999999997;0.004374527999999999;0.002688;0.001967104;0.003183616;0.004652032;0.0060139519999999995;0.004465664;0.0030781439999999997;0.003695616;0.0037632;0.003359744;0.004952064;0.005634048;0.007576576;0.009128959999999998;0.012097536;0.007093248;0.014199808000000001;0.018297856;0.016843775999999998;0.011191296;0.009810944;0.011168768;0.015625216;0.012345344000000001;0.012087296;0.011107328000000001;0.005904384;0.003736576;0.005993472;0.006280192;0.002852864;0.003203072;0.00530944;0.005291008;0.005164032;0.004455424;0.002601984;0.003357696;0.0028672;0.0028692479999999996;0.002746368;0.002885632;0.0034795520000000003;0.0025835520000000002;0.002215936;0.001659904;0.001528832;0.0018432000000000001;0.001296384;0.0022374400000000003;0.0018196479999999999;0.000980992
1770759000,hdr,0.0293;0.03906;0.04883;0.05859;0.06836;0.07813;0.08789;0.09766;0.10742;0.11719;0.12695;0.13672;0.14648;0.15625;0.16602;0.17578;0.18555;0.19531;0.20508;0.21484;0.22461;0.23438;0.24414;0.25391;0.26367;0.27344;0.2832;0.29297;0.30273;0.3125;0.32227;0.33203;0.3418;0.35156;0.36133;0.37109;0.38086;0.39063;0.40039;0.41016;0.41992;0.42969;0.43945;0.44922;0.45898;0.46875;0.47852;0.48828;0.49805;0.50781;0.51758;0.52734;0.53711;0.54688;0.55664;0.56641;0.57617;0.58594;0.5957;0.60547;0.61523;0.625;0.63477;0.64453;0.6543;0.66406;0.67383;0.68359;0.69336;0.70313;0.71289;0.72266;0.73242;0.74219;0.75195;0.76172;0.77148;0.78125;0.79102,0.003311616;0.004989951999999999;0.006250496;0.011977728000000002;0.053211136000000006;0.191366144;0.372990976;0.283193344;0.151374848;0.112067584;0.07567974400000001;0.045090816;0.018850816;0.02781696;0.035716095999999996;0.018342911999999996;0.0150016;0.007565312;0.008984576000000001;0.00773632;0.006022144;0.00584704;0.007519232;0.003724288;0.0031160320000000004;0.004263936;0.005147648;0.007268352;0.006332416;0.005677056000000001;0.00464896;0.004545536;0.00399872;0.0036014080000000004;0.003600384;0.004617216;0.004155392;0.002922496;0.003293184;0.003999744;0.0050401280000000005;0.004883456;0.007785472000000001;0.009591808;0.015148032;0.01819136;0.015993856;0.01433088;0.01724928;0.014236672;0.009404415999999999;0.010129408;0.007501824;0.004959232;0.0033300480000000004;0.0029716480000000003;0.0034304;0.00507904;0.004487168;0.0053411840000000006;0.004990975999999999;0.002850816;0.0029265919999999996;0.003154944;0.0037150720000000003;0.006976512;0.006084608;0.002676736;0.0025907200000000003;0.0036085759999999996;0.002620416;0.002192384;0.002179072;0.0023357440000000003;0.0025333760000000004;0.002111488;0.0010250239999999998;0.001359872;0.0015472639999999998
1770759900,hdr,0.0293;0.03906;0.04883;0.05859;0.06836;0.07813;0.08789;0.09766;0.10742;0.11719;0.12695;0.13672;0.14648;0.15625;0.16602;0.17578;0.18555;0.19531;0.20508;0.21484;0.22461;0.23438;0.24414;0.25391;0.26367;0.27344;0.2832;0.29297;0.30273;0.3125;0.32227;0.33203;0.3418;0.35156;0.36133;0.37109;0.38086;0.39063;0.40039;0.41016;0.41992;0.42969;0.43945;0.44922;0.45898;0.46875;0.47852;0.48828;0.49805;0.50781;0.51758;0.52734;0.53711;0.54688;0.55664;0.56641;0.57617;0.58594;0.5957;0.60547;0.61523;0.625;0.63477;0.64453;0.6543;0.66406;0.67383;0.68359;0.69336;0.70313;0.71289;0.72266;0.73242;0.74219;0.75195;0.76172;0.77148;0.78125;0.79102,0.0024811519999999995;0.006034432;0.005499904;0.016528383999999997;0.07731916800000001;0.226837504;0.296346624;0.142529536;0.091785216;0.054985728000000005;0.06298419200000001;0.05074432;0.032160768;0.020656128;0.020481024;0.023903232;0.016750592;0.018095104;0.011839487999999999;0.01120256;0.00788992;0.005399551999999999;0.005282816000000001;0.008707072;0.008723456000000001;0.0064348159999999995;0.006350848;0.006468607999999999;0.005858304;0.004939776;0.003122176;0.0029491200000000004;0.004237312;0.00456192;0.0026071040000000003;0.005792768;0.005058559999999999;0.00339456;0.002944;0.003693568;0.003873792;0.00631296;0.012233728;0.012886016;0.013643776000000002;0.013912064;0.020748288;0.018473984;0.014599168000000001;0.008656895999999999;0.00515584;0.006564863999999999;0.007108608;0.005537792;0.004112384;0.007553023999999999;0.0054210560000000005;0.006246400000000001;0.006560768;0.00482304;0.003678208;0.003158016;0.004580352000000001;0.004120576;0.002568192;0.0019968;0.001891328;0.003668992;0.003323904;0.002013184;0.002021376;0.0016445440000000002;0.0015390719999999998;0.00125952;0.0009461760000000001;0.001559552;0.00196096;0.0020357120000000003;0.001890304
1770760800,hdr,0.0293;0.03906;0.04883;0.05859;0.06836;0.07813;0.08789;0.09766;0.10742;0.11719;0.12695;0.13672;0.14648;0.15625;0.16602;0.17578;0.18555;0.19531;0.20508;0.21484;0.22461;0.23438;0.24414;0.25391;0.26367;0.27344;0.2832;0.29297;0.30273;0.3125;0.32227;0.33203;0.3418;0.35156;0.36133;0.37109;0.38086;0.39063;0.40039;0.41016;0.41992;0.42969;0.43945;0.44922;0.45898;0.46875;0.47852;0.48828;0.49805;0.50781;0.51758;0.52734;0.53711;0.54688;0.55664;0.56641;0.57617;0.58594;0.5957;0.60547;0.61523;0.625;0.63477;0.64453;0.6543;0.66406;0.67383;0.68359;0.69336;0.70313;0.71289;0.72266;0.73242;0.74219;0.75195;0.76172;0.77148;0.78125;0.79102,0.0061808639999999995;0.009750527999999998;0.015356928;0.011704319999999999;0.030171136;0.160661504;0.279808;0.18945024000000002;0.163999744;0.081221632;0.071990272;0.029968384;0.016573440000000002;0.02561536;0.042228735999999996;0.042985472000000004;0.026235904;0.014066687999999999;0.007871488000000001;0.0061255680000000005;0.0056975360000000004;0.006311936000000001;0.006873087999999999;0.005195776000000001;0.0073472;0.006605824000000001;0.006121471999999999;0.005204992;0.007133184;0.007158784;0.00661504;0.005848064;0.00470528;0.00613888;0.004717568;0.00394752;0.0030126080000000004;0.00656896;0.007929855999999999;0.006956032;0.007479295999999999;0.007958528;0.012444672;0.014897152;0.015362048;0.013581312;0.007828479999999999;0.007717888;0.014800896000000001;0.011035647999999999;0.00612352;0.006605824000000001;0.005682176000000001;0.010251264000000001;0.007457792;0.005293056;0.007097344;0.007622656;0.0055306240000000005;0.003492864;0.003303424;0.0048261120000000005;0.0043335679999999994;0.00247808;0.002316288;0.002960384;0.002419712;0.00182272;0.001149952;0.0021944319999999996;0.003165184;0.0026449919999999997;0.00265728;0.0019496960000000001;0.001599488;0.001559552;0.001572864;0.0014581759999999998;0.001615872
1770761700,hdr,0.0293;0.03906;0.04883;0.05859;0.06836;0.07813;0.08789;0.09766;0.10742;0.11719;0.12695;0.13672;0.14648;0.15625;0.16602;0.17578;0.18555;0.19531;0.20508;0.21484;0.22461;0.23438;0.24414;0.25391;0.26367;0.27344;0.2832;0.29297;0.30273;0.3125;0.32227;0.33203;0.3418;0.35156;0.36133;0.37109;0.38086;0.39063;0.40039;0.41016;0.41992;0.42969;0.43945;0.44922;0.45898;0.46875;0.47852;0.48828;0.49805;0.50781;0.51758;0.52734;0.53711;0.54688;0.55664;0.56641;0.57617;0.58594;0.5957;0.60547;0.61523;0.625;0.63477;0.64453;0.6543;0.66406;0.67383;0.68359;0.69336;0.70313;0.71289;0.72266;0.73242;0.74219;0.75195;0.76172;0.77148;0.78125;0.79102,0.002760704;0.004366336;0.004769791999999999;0.008607744;0.04828672;0.196631552;0.30318694399999996;0.185196544;0.086218752;0.054467584;0.06433791999999999;0.03378688;0.022585344;0.016805887999999998;0.014971904000000001;0.017006592;0.016293888;0.015621119999999999;0.014641152;0.010403840000000001;0.008699904;0.004849664;0.003554304;0.00550912;0.005126144;0.0038000639999999997;0.005429248;0.007442432;0.004644864;0.004415488;0.004975616;0.0037396479999999995;0.003700736;0.006877183999999999;0.006286336;0.003386368;0.005092352;0.006077440000000001;0.005865472;0.005610496;0.011001855999999999;0.012351487999999999;0.011774976000000001;0.017831935999999996;0.024576;0.019590144;0.017306624;0.01580032;0.018368512;0.0168704;0.009632768;0.006724608;0.006417408;0.006794240000000001;0.007732224;0.005199872;0.005021696000000001;0.003917824;0.003117056;0.004385792;0.005337087999999999;0.0057794560000000005;0.003999744;0.0042536959999999995;0.0029163519999999997;0.0030904319999999997;0.003236864;0.001837056;0.002337792;0.002280448;0.002505728;0.002212864;0.0018155520000000002;0.0024422399999999996;0.002193408;0.0013824;0.00157184;0.002146304;0.001662976
1770762600,hdr,0.0293;0.03906;0.04883;0.05859;0.06836;0.07813;0.08789;0.09766;0.10742;0.11719;0.12695;0.13672;0.14648;0.15625;0.16602;0.17578;0.18555;0.19531;0.20508;0.21484;0.22461;0.23438;0.24414;0.25391;0.26367;0.27344;0.2832;0.29297;0.30273;0.3125;0.32227;0.33203;0.3418;0.35156;0.36133;0.37109;0.38086;0.39063;0.40039;0.41016;0.41992;0.42969;0.43945;0.44922;0.45898;0.46875;0.47852;0.48828;0.49805;0.50781;0.51758;0.52734;0.53711;0.54688;0.55664;0.56641;0.57617;0.58594;0.5957;0.60547;0.61523;0.625;0.63477;0.64453;0.6543;0.66406;0.67383;0.68359;0.69336;0.70313;0.71289;0.72266;0.73242;0.74219;0.75195;0.76172;0.77148;0.78125;0.79102,0.002850816;0.005182464000000001;0.006820864;0.014797824000000001;0.060403712;0.162228224;0.233088;0.175579136;0.113614848;0.080366592;0.042802176;0.033270784;0.03139584;0.027774976;0.026468352;0.023329792000000002;0.02091008;0.015132671999999998;0.010448896;0.006370304;0.007095296;0.008939520000000001;0.009261056;0.007855104;0.0060016639999999994;0.005849088;0.0053411840000000006;0.0038819839999999998;0.0031406079999999996;0.0032870399999999998;0.0043980799999999995;0.005868544;0.004057088;0.002637824;0.004427776;0.0052592640000000005;0.010148863999999999;0.010107904000000001;0.014795776;0.02353152;0.014466048;0.011974655999999998;0.018490368;0.01633792;0.013927424;0.010827775999999999;0.011316224;0.009515008;0.010835968;0.008103935999999999;0.009488384;0.013646848;0.009814016;0.009155584;0.00784896;0.006532096;0.006807552000000001;0.005931008000000001;0.006226944;0.00541184;0.00379392;0.004722688;0.004304896000000001;0.0036085759999999996;0.004317184;0.004225024;0.002613248;0.002013184;0.002269184;0.002197504;0.002262016;0.001431552;0.002316288;0.0028467199999999996;0.0021913600000000003;0.001672192;0.0015185919999999998;0.0014592000000000001;0.001042432
1770763500,hdr,0.0293;0.03906;0.04883;0.05859;0.06836;0.07813;0.08789;0.09766;0.10742;0.11719;0.12695;0.13672;0.14648;0.15625;0.16602;0.17578;0.18555;0.19531;0.20508;0.21484;0.22461;0.23438;0.24414;0.25391;0.26367;0.27344;0.2832;0.29297;0.30273;0.3125;0.32227;0.33203;0.3418;0.35156;0.36133;0.37109;0.38086;0.39063;0.40039;0.41016;0.41992;0.42969;0.43945;0.44922;0.45898;0.46875;0.47852;0.48828;0.49805;0.50781;0.51758;0.52734;0.53711;0.54688;0.55664;0.56641;0.57617;0.58594;0.5957;0.60547;0.61523;0.625;0.63477;0.64453;0.6543;0.66406;0.67383;0.68359;0.69336;0.70313;0.71289;0.72266;0.73242;0.74219;0.75195;0.76172;0.77148;0.78125;0.79102,0.00323072;0.00903168;0.008699904;0.011442176;0.044867584;0.148994048;0.35530035199999993;0.26731417599999996;0.10147737600000001;0.055602175999999996;0.051878912;0.048966656000000004;0.028659712;0.01637376;0.021649408;0.019948544;0.014399488;0.008791040000000002;0.009526272;0.007953407999999999;0.007274496;0.008307712;0.007172095999999999;0.005124096;0.006329344;0.007783424;0.0075171840000000005;0.007324672;0.005865472;0.005363712;0.005351424;0.006479872;0.011383808;0.008349696;0.010129408;0.01308672;0.016260096;0.012713984000000001;0.018049023999999997;0.017871872;0.022109183999999997;0.027385856;0.020345856;0.016489471999999998;0.016460799999999998;0.01626112;0.019707904;0.011380736;0.009358336;0.007274496;0.00683008;0.009388032000000001;0.010074112;0.007274496;0.005869568;0.006757376;0.005592063999999999;0.004924416;0.004231168;0.005474304;0.007066624;0.005367808;0.00381952;0.00386048;0.0036311040000000004;0.003931136;0.005946368;0.00545792;0.004553728;0.002681856;0.00144896;0.0027811840000000003;0.002914304;0.00262144;0.002594816;0.001882112;0.001294336;0.0015144960000000002;0.00167424
1770764400,hdr,0.0293;0.03906;0.04883;0.05859;0.06836;0.07813;0.08789;0.09766;0.10742;0.11719;0.12695;0.13672;0.14648;0.15625;0.16602;0.17578;0.18555;0.19531;0.20508;0.21484;0.22461;0.23438;0.24414;0.25391;0.26367;0.27344;0.2832;0.29297;0.30273;0.3125;0.32227;0.33203;0.3418;0.35156;0.36133;0.37109;0.38086;0.39063;0.40039;0.41016;0.41992;0.42969;0.43945;0.44922;0.45898;0.46875;0.47852;0.48828;0.49805;0.50781;0.51758;0.52734;0.53711;0.54688;0.55664;0.56641;0.57617;0.58594;0.5957;0.60547;0.61523;0.625;0.63477;0.64453;0.6543;0.66406;0.67383;0.68359;0.69336;0.70313;0.71289;0.72266;0.73242;0.74219;0.75195;0.76172;0.77148;0.78125;0.79102,0.000129024;0.00361472;0.009181183999999998;0.005994496;0.035743744;0.184869888;0.315559936;0.19401523199999998;0.117385216;0.08132608;0.047307775999999996;0.038755328;0.020570112;0.014521343999999999;0.016519168;0.012504064;0.012420096;0.014138368;0.009793536;0.008416256;0.008704;0.009081856;0.007764992;0.007667711999999999;0.006030336;0.005351424;0.0074055679999999995;0.010492928;0.008978432;0.004921344;0.007614464;0.00816128;0.008508416000000001;0.01027072;0.015184896;0.02906624;0.024655872;0.019096575999999997;0.026991616000000003;0.021387264;0.015479808000000001;0.024751104000000003;0.032054271999999995;0.021518336000000002;0.022754304;0.015207423999999999;0.013755392;0.013758464;0.012025856;0.008844288;0.011486208;0.012650496;0.007568384;0.005352448;0.008853503999999998;0.008805376;0.00799744;0.009468928;0.007302144;0.004757504;0.0055111679999999994;0.005202943999999999;0.003084288;0.002651136;0.003469312;0.003707904;0.004073472;0.0021964800000000002;0.003912704;0.003902464;0.0035205120000000004;0.0030289920000000003;0.0025200640000000002;0.0034949119999999998;0.0026490879999999995;0.002277376;0.00131584;0.001440768;0.001513472
1770765300,hdr,0.0293;0.03906;0.04883;0.05859;0.06836;0.07813;0.08789;0.09766;0.10742;0.11719;0.12695;0.13672;0.14648;0.15625;0.16602;0.17578;0.18555;0.19531;0.20508;0.21484;0.22461;0.23438;0.24414;0.25391;0.26367;0.27344;0.2832;0.29297;0.30273;0.3125;0.32227;0.33203;0.3418;0.35156;0.36133;0.37109;0.38086;0.39063;0.40039;0.41016;0.41992;0.42969;0.43945;0.44922;0.45898;0.46875;0.47852;0.48828;0.49805;0.50781;0.51758;0.52734;0.53711;0.54688;0.55664;0.56641;0.57617;0.58594;0.5957;0.60547;0.61523;0.625;0.63477;0.64453;0.6543;0.66406;0.67383;0.68359;0.69336;0.70313;0.71289;0.72266;0.73242;0.74219;0.75195;0.76172;0.77148;0.78125;0.79102,0.006219776000000001;0.009440256;0.002147328;0.013638655999999999;0.044879871999999994;0.158891008;0.270794752;0.182736896;0.10581401599999998;0.085287936;0.06635417599999999;0.039763968000000004;0.024290304;0.014385152;0.01945088;0.019453952;0.014960639999999999;0.016751615999999997;0.014110720000000002;0.010360832;0.00548864;0.004078592000000001;0.00540672;0.008278016;0.009145344;0.007048192;0.0076595199999999995;0.007451647999999999;0.006627328;0.006174719999999999;0.005727232;0.008019968;0.0099328;0.013019136;0.020434944000000003;0.018976768;0.022940672;0.019110912;0.030657536;0.040441856;0.025921536;0.030839808;0.025467904000000003;0.01409024;0.010785792;0.010865664;0.017306624;0.015282176;0.010362880000000001;0.009135104;0.00976384;0.0074301440000000005;0.010558464;0.013019136;0.011618304;0.009156608;0.010287104;0.006924288;0.006063104000000001;0.006950911999999999;0.005828608;0.003572736;0.003910656;0.0076032;0.005082112;0.003744768;0.003375104;0.001721344;0.0023357440000000003;0.0038430719999999995;0.002807808;0.002535424;0.002638848;0.00215552;0.0019476480000000002;0.0014847999999999999;0.0016250880000000002;0.001586176;0.001688576
1770766200,hdr,0.0293;0.03906;0.04883;0.05859;0.06836;0.07813;0.08789;0.09766;0.10742;0.11719;0.12695;0.13672;0.14648;0.15625;0.16602;0.17578;0.18555;0.19531;0.20508;0.21484;0.22461;0.23438;0.24414;0.25391;0.26367;0.27344;0.2832;0.29297;0.30273;0.3125;0.32227;0.33203;0.3418;0.35156;0.36133;0.37109;0.38086;0.39063;0.40039;0.41016;0.41992;0.42969;0.43945;0.44922;0.45898;0.46875;0.47852;0.48828;0.49805;0.50781;0.51758;0.52734;0.53711;0.54688;0.55664;0.56641;0.57617;0.58594;0.5957;0.60547;0.61523;0.625;0.63477;0.64453;0.6543;0.66406;0.67383;0.68359;0.69336;0.70313;0.71289;0.72266;0.73242;0.74219;0.75195;0.76172;0.77148;0.78125;0.79102,0.004066304;0.011316224;0.008507391999999999;0.005983232;0.05401088;0.156432384;0.187789312;0.20613632;0.145651712;0.048587776;0.04414976;0.034453504;0.030472192;0.021251072;0.022555648;0.022669312;0.021358592;0.017861632000000002;0.012073984;0.006915072;0.009228288;0.005828608;0.007324672;0.009842688;0.006892544;0.006265856000000001;0.005275648;0.004066304;0.0038338559999999996;0.007837696;0.011133952;0.017793023999999998;0.022370304;0.022837248;0.025119744000000003;0.029225984;0.030942208000000002;0.035332096;0.028393472;0.044166144;0.029657088000000005;0.027021312000000002;0.030598144;0.03126272;0.021070848000000003;0.017225728;0.019043327999999998;0.015597568000000001;0.017399808;0.012863488;0.008825856;0.011685888;0.008569855999999999;0.0088832;0.0044974080000000005;0.005628928;0.008467456;0.00577024;0.00508928;0.007847936;0.009673728000000001;0.009086976;0.006363135999999999;0.006636544;0.004815872;0.002336768;0.00320512;0.004465664;0.005868544;0.004800512000000001;0.0043335679999999994;0.0032890880000000003;0.0032440319999999996;0.002675712;0.002651136;0.002011136;0.00146944;0.002387968;0.0020121600000000003
1770767100,hdr,0.0293;0.03906;0.04883;0.05859;0.06836;0.07813;0.08789;0.09766;0.10742;0.11719;0.12695;0.13672;0.14648;0.15625;0.16602;0.17578;0.18555;0.19531;0.20508;0.21484;0.22461;0.23438;0.24414;0.25391;0.26367;0.27344;0.2832;0.29297;0.30273;0.3125;0.32227;0.33203;0.3418;0.35156;0.36133;0.37109;0.38086;0.39063;0.40039;0.41016;0.41992;0.42969;0.43945;0.44922;0.45898;0.46875;0.47852;0.48828;0.49805;0.50781;0.51758;0.52734;0.53711;0.54688;0.55664;0.56641;0.57617;0.58594;0.5957;0.60547;0.61523;0.625;0.63477;0.64453;0.6543;0.66406;0.67383;0.68359;0.69336;0.70313;0.71289;0.72266;0.73242;0.74219;0.75195;0.76172;0.77148;0.78125;0.79102,0.002547712;0.010770431999999998;0.0058839040000000006;0.006832128;0.02312704;0.12040192;0.232696832;0.143676416;0.12658995199999998;0.07505919999999999;0.026528768;0.024936448;0.023433216;0.015755264;0.01146368;0.010561536;0.008093696;0.013799424000000001;0.013308928;0.009531392;0.008869888;0.007826432;0.005640192;0.005491711999999999;0.00720896;0.005907456;0.0057477119999999994;0.00740352;0.008129536;0.007000064;0.015072256;0.01828864;0.027161599999999998;0.03888128;0.06536089599999999;0.062435328;0.062138368;0.056788991999999996;0.02845184;0.0337408;0.027202559999999997;0.017636351999999998;0.023199743999999998;0.021602304;0.021248;0.020009984;0.01872896;0.01388032;0.008471552000000002;0.008538111999999999;0.011370495999999999;0.010276864;0.011375616;0.008431616;0.008170496;0.010208256;0.00984576;0.008923135999999998;0.00572928;0.0060139519999999995;0.0041093119999999995;0.00485376;0.004709376;0.005198848;0.00592896;0.005063679999999999;0.005096447999999999;0.003950592;0.005320704;0.006052864;0.004069376;0.0033228800000000003;0.003295232;0.00422912;0.002302976;0.001676288;0.0019947520000000002;0.001911808;0.0015738879999999998
