Epoch Time,Processing Source,f,varianceDensity
1782518400,hdr,0.0293;0.03906;0.04883;0.05859;0.06836;0.07813;0.08789;0.09766;0.10742;0.11719;0.12695;0.13672;0.14648;0.15625;0.16602;0.17578;0.18555;0.19531;0.20508;0.21484;0.22461;0.23438;0.24414;0.25391;0.26367;0.27344;0.2832;0.29297;0.30273;0.3125;0.32227;0.33203;0.3418;0.35156;0.36133;0.37109;0.38086;0.39063;0.40039;0.41016;0.41992;0.42969;0.43945;0.44922;0.45898;0.46875;0.47852;0.48828;0.49805;0.50781;0.51758;0.52734;0.53711;0.54688;0.55664;0.56641;0.57617;0.58594;0.5957;0.60547;0.61523;0.625;0.63477;0.64453;0.6543;0.66406;0.67383;0.68359;0.69336;0.70313;0.71289;0.72266;0.73242;0.74219;0.75195;0.76172;0.77148;0.78125;0.79102,0.0006993920000000001;0.001374208;0.001805312;0.002070528;0.009603071999999999;0.019751936;0.015223808;0.020637696;0.018931712;0.03473408;0.07023104;0.057628672;0.094031872;0.08231936;0.067321856;0.0251904;0.016623615999999997;0.010816511999999999;0.013789184000000001;0.021111808;0.03119616;0.032379904;0.020985856;0.024665087999999998;0.017763328000000002;0.017881088;0.022665216000000002;0.024938495999999997;0.019936256000000003;0.017864704;0.01454592;0.013514752;0.013023232;0.00715264;0.005215232;0.007677952;0.009211904;0.007800832;0.006270975999999999;0.005907456;0.005671936;0.0051722240000000004;0.005325824;0.004031488000000001;0.002896896;0.00208896;0.0020029439999999996;0.002163712;0.0022323200000000003;0.0018964479999999998;0.00222208;0.002613248;0.0016302080000000002;0.00180224;0.001420288;0.0011509760000000002;0.0008335360000000001;0.0009216000000000001;0.001084416;0.000790528;0.0007188480000000001;0.0004884479999999999;0.00048742400000000003;0.00068608;0.000949248;0.00089088;0.000664576;0.0006154239999999999;0.00044544;0.00046284799999999997;0.00050176;0.00038912;0.000452608;0.00046284799999999997;0.000398336;0.00035328;0.000253952;0.000420864;0.00042291200000000006
1782519300,hdr,0.0293;0.03906;0.04883;0.05859;0.06836;0.07813;0.08789;0.09766;0.10742;0.11719;0.12695;0.13672;0.14648;0.15625;0.16602;0.17578;0.18555;0.19531;0.20508;0.21484;0.22461;0.23438;0.24414;0.25391;0.26367;0.27344;0.2832;0.29297;0.30273;0.3125;0.32227;0.33203;0.3418;0.35156;0.36133;0.37109;0.38086;0.39063;0.40039;0.41016;0.41992;0.42969;0.43945;0.44922;0.45898;0.46875;0.47852;0.48828;0.49805;0.50781;0.51758;0.52734;0.53711;0.54688;0.55664;0.56641;0.57617;0.58594;0.5957;0.60547;0.61523;0.625;0.63477;0.64453;0.6543;0.66406;0.67383;0.68359;0.69336;0.70313;0.71289;0.72266;0.73242;0.74219;0.75195;0.76172;0.77148;0.78125;0.79102,0.004023296;0.004907008;0.003885056;0.00360448;0.008249344;0.015666176;0.022545408;0.011569152;0.031860736;0.07608320000000002;0.089822208;0.084431872;0.0751872;0.052425728000000005;0.034243583999999994;0.021250048;0.012301312;0.013786112;0.027679744;0.027352064;0.028029952;0.019601408;0.017655808000000002;0.024066048;0.038295552000000004;0.047922176;0.041216;0.031331328;0.023558144;0.009442304;0.010149888000000001;0.007713792;0.004503552;0.0059238400000000005;0.008031232;0.006347775999999999;0.007023616;0.009453568;0.008884224;0.004687871999999999;0.003982336;0.003050496;0.00331776;0.0036884480000000004;0.003779584;0.0034037760000000003;0.0024156159999999998;0.00264704;0.003064832;0.0027473920000000004;0.001752064;0.0013608960000000001;0.00256;0.001944576;0.001286144;0.00138752;0.0018513919999999999;0.0015226880000000001;0.000867328;0.0006144;0.000596992;0.000625664;0.000518144;0.000371712;0.000395264;0.00043110399999999997;0.000607232;0.000566272;0.000557056;0.00039219200000000003;0.000520192;0.000690176;0.000524288;0.00028671999999999997;0.00028774400000000004;0.00039731200000000003;0.0004352;0.000207872;0.000167936
1782520200,hdr,0.0293;0.03906;0.04883;0.05859;0.06836;0.07813;0.08789;0.09766;0.10742;0.11719;0.12695;0.13672;0.14648;0.15625;0.16602;0.17578;0.18555;0.19531;0.20508;0.21484;0.22461;0.23438;0.24414;0.25391;0.26367;0.27344;0.2832;0.29297;0.30273;0.3125;0.32227;0.33203;0.3418;0.35156;0.36133;0.37109;0.38086;0.39063;0.40039;0.41016;0.41992;0.42969;0.43945;0.44922;0.45898;0.46875;0.47852;0.48828;0.49805;0.50781;0.51758;0.52734;0.53711;0.54688;0.55664;0.56641;0.57617;0.58594;0.5957;0.60547;0.61523;0.625;0.63477;0.64453;0.6543;0.66406;0.67383;0.68359;0.69336;0.70313;0.71289;0.72266;0.73242;0.74219;0.75195;0.76172;0.77148;0.78125;0.79102,0.0018513919999999999;0.003923968;0.006232064000000001;0.004758528000000001;0.012225536;0.024716288;0.017963008;0.013100032000000001;0.029601792000000002;0.07236710399999999;0.072938496;0.09002188800000001;0.109995008;0.07209779200000001;0.036639744;0.034392064;0.0246272;0.014343168;0.017946624;0.025886720000000002;0.028089344000000002;0.028143616000000003;0.028693504;0.037582847999999995;0.033251328000000004;0.032887808;0.039519232;0.032789504000000004;0.024607743999999997;0.008641536;0.010309632;0.015025152;0.009437184000000001;0.006028288;0.00726016;0.007878656;0.006211584;0.003513344;0.005192703999999999;0.00536576;0.004509696;0.0031395840000000004;0.004427776;0.004535295999999999;0.003567616;0.002722816;0.0024463360000000003;0.0017336320000000001;0.001700864;0.00144896;0.001257472;0.0011735040000000001;0.001647616;0.0015063040000000002;0.001253376;0.001253376;0.00118784;0.0012912639999999999;0.00141824;0.0012523519999999998;0.0010956800000000001;0.0010455039999999998;0.000985088;0.000687104;0.000406528;0.00047820800000000004;0.00042803200000000007;0.000390144;0.000444416;0.00039731200000000003;0.000518144;0.00044544;0.00032256;0.00029183999999999997;0.000321536;0.000207872;0.000279552;0.000365568;0.00029491200000000004
1782521100,hdr,0.0293;0.03906;0.04883;0.05859;0.06836;0.07813;0.08789;0.09766;0.10742;0.11719;0.12695;0.13672;0.14648;0.15625;0.16602;0.17578;0.18555;0.19531;0.20508;0.21484;0.22461;0.23438;0.24414;0.25391;0.26367;0.27344;0.2832;0.29297;0.30273;0.3125;0.32227;0.33203;0.3418;0.35156;0.36133;0.37109;0.38086;0.39063;0.40039;0.41016;0.41992;0.42969;0.43945;0.44922;0.45898;0.46875;0.47852;0.48828;0.49805;0.50781;0.51758;0.52734;0.53711;0.54688;0.55664;0.56641;0.57617;0.58594;0.5957;0.60547;0.61523;0.625;0.63477;0.64453;0.6543;0.66406;0.67383;0.68359;0.69336;0.70313;0.71289;0.72266;0.73242;0.74219;0.75195;0.76172;0.77148;0.78125;0.79102,0.0016128;0.00309248;0.003070976;0.003207168;0.008369152;0.02138624;0.011285503999999998;0.012869631999999999;0.043146239999999995;0.079553536;0.07089664;0.09587609600000001;0.134457344;0.124122112;0.08159232000000001;0.042815488000000006;0.021525504;0.018830336;0.024294399999999997;0.026090496;0.025544703999999998;0.032610304;0.030568448;0.027637759999999997;0.021369856;0.023610368000000003;0.035197952;0.025665536;0.01923072;0.014985215999999999;0.011091967999999999;0.010369024;0.011943936000000002;0.008393728;0.0062904319999999994;0.008097792000000001;0.006700032;0.00602112;0.004974592000000001;0.006537216;0.0047861760000000005;0.004938752;0.0055531520000000004;0.004327424;0.0034498560000000003;0.00262656;0.002692096;0.002663424;0.001959936;0.0017121280000000003;0.0021227520000000003;0.0014929920000000003;0.0012359679999999998;0.001932288;0.002046976;0.00164864;0.001593344;0.001344512;0.001030144;0.0009482239999999999;0.001284096;0.001158144;0.000643072;0.000565248;0.00046284799999999997;0.000525312;0.000877568;0.0007219199999999999;0.00040448000000000003;0.00034304;0.00041779199999999995;0.000565248;0.000418816;0.00041676800000000003;0.00037068800000000004;0.000351232;0.000289792;0.000282624;0.00036249599999999997
1782522000,hdr,0.0293;0.03906;0.04883;0.05859;0.06836;0.07813;0.08789;0.09766;0.10742;0.11719;0.12695;0.13672;0.14648;0.15625;0.16602;0.17578;0.18555;0.19531;0.20508;0.21484;0.22461;0.23438;0.24414;0.25391;0.26367;0.27344;0.2832;0.29297;0.30273;0.3125;0.32227;0.33203;0.3418;0.35156;0.36133;0.37109;0.38086;0.39063;0.40039;0.41016;0.41992;0.42969;0.43945;0.44922;0.45898;0.46875;0.47852;0.48828;0.49805;0.50781;0.51758;0.52734;0.53711;0.54688;0.55664;0.56641;0.57617;0.58594;0.5957;0.60547;0.61523;0.625;0.63477;0.64453;0.6543;0.66406;0.67383;0.68359;0.69336;0.70313;0.71289;0.72266;0.73242;0.74219;0.75195;0.76172;0.77148;0.78125;0.79102,0.000717824;0.002398208;0.004932608;0.002403328;0.009570304;0.016129024000000002;0.018004992;0.018286592;0.040503296;0.054352896;0.055377920000000004;0.098446336;0.112569344;0.074564608;0.055243776;0.037681151999999996;0.034774016000000005;0.029980672;0.021712896000000002;0.021094400000000003;0.021783552;0.034453504;0.041058304;0.037628928;0.031642624;0.027145216;0.033017856;0.03362304;0.020450304;0.012909568;0.009269247999999999;0.006361088;0.013604864;0.009737216;0.007038976;0.0078336;0.007073792000000001;0.007555072;0.0064194560000000005;0.005586944;0.003540992;0.004399104;0.004436992;0.004354048;0.003946496;0.0040294400000000005;0.002832384;0.003909632;0.0023265280000000004;0.002304;0.0020162559999999997;0.00178688;0.0016179200000000001;0.0014991359999999999;0.00203264;0.001504256;0.0010803199999999998;0.000937984;0.0007393279999999999;0.000796672;0.0007413760000000001;0.000704512;0.000543744;0.000700416;0.00075776;0.00052736;0.0005713920000000001;0.000534528;0.000656384;0.00057856;0.000264192;0.00033382400000000003;0.000386048;0.00048025600000000003;0.000505856;0.000507904;0.00043008000000000006;0.00032870400000000003;0.00029081600000000006
1782522900,hdr,0.0293;0.03906;0.04883;0.05859;0.06836;0.07813;0.08789;0.09766;0.10742;0.11719;0.12695;0.13672;0.14648;0.15625;0.16602;0.17578;0.18555;0.19531;0.20508;0.21484;0.22461;0.23438;0.24414;0.25391;0.26367;0.27344;0.2832;0.29297;0.30273;0.3125;0.32227;0.33203;0.3418;0.35156;0.36133;0.37109;0.38086;0.39063;0.40039;0.41016;0.41992;0.42969;0.43945;0.44922;0.45898;0.46875;0.47852;0.48828;0.49805;0.50781;0.51758;0.52734;0.53711;0.54688;0.55664;0.56641;0.57617;0.58594;0.5957;0.60547;0.61523;0.625;0.63477;0.64453;0.6543;0.66406;0.67383;0.68359;0.69336;0.70313;0.71289;0.72266;0.73242;0.74219;0.75195;0.76172;0.77148;0.78125;0.79102,0.00277504;0.008108032;0.013223936;0.007339008;0.012093439999999999;0.022825983999999997;0.015126528;0.020049920000000002;0.02971648;0.058728447999999996;0.066399232;0.074233856;0.11788902400000001;0.109545472;0.052465663999999995;0.034489344000000005;0.026596352;0.01279488;0.017979392;0.02123264;0.019074048000000003;0.025862144;0.028882944;0.021770240000000003;0.029103103999999998;0.038342655999999996;0.024056832;0.032074752;0.050496512;0.033073152;0.019152895999999996;0.015309824000000001;0.012498944;0.011664384;0.012604416;0.009348096;0.007939072;0.009805824;0.008796159999999999;0.0061952;0.006727680000000001;0.005804032;0.005808128;0.005066752000000001;0.004344832000000001;0.004120576;0.002260992;0.0021360640000000005;0.002089984;0.003088384;0.0032296959999999998;0.00283136;0.002308096;0.0013660159999999998;0.0019517439999999998;0.0014745600000000002;0.001002496;0.0008366080000000001;0.0011212799999999999;0.001181696;0.0009359360000000001;0.000800768;0.000791552;0.0008458240000000001;0.000643072;0.000826368;0.0009420800000000001;0.000646144;0.000795648;0.000941056;0.0009615359999999999;0.000831488;0.000442368;0.00044339199999999997;0.000576512;0.000512;0.0004352;0.00043724800000000005;0.000391168
1782523800,hdr,0.0293;0.03906;0.04883;0.05859;0.06836;0.07813;0.08789;0.09766;0.10742;0.11719;0.12695;0.13672;0.14648;0.15625;0.16602;0.17578;0.18555;0.19531;0.20508;0.21484;0.22461;0.23438;0.24414;0.25391;0.26367;0.27344;0.2832;0.29297;0.30273;0.3125;0.32227;0.33203;0.3418;0.35156;0.36133;0.37109;0.38086;0.39063;0.40039;0.41016;0.41992;0.42969;0.43945;0.44922;0.45898;0.46875;0.47852;0.48828;0.49805;0.50781;0.51758;0.52734;0.53711;0.54688;0.55664;0.56641;0.57617;0.58594;0.5957;0.60547;0.61523;0.625;0.63477;0.64453;0.6543;0.66406;0.67383;0.68359;0.69336;0.70313;0.71289;0.72266;0.73242;0.74219;0.75195;0.76172;0.77148;0.78125;0.79102,0.001002496;0.0029757440000000002;0.0041512960000000005;0.003364864;0.010281984000000001;0.02640896;0.019739648;0.017788928;0.029701119999999998;0.047651839999999994;0.05403136;0.074307584;0.1284864;0.099981312;0.058601472;0.047238144;0.0306944;0.016339968;0.013104128;0.018885632000000003;0.023827456;0.030008319999999998;0.033406976000000005;0.032118784;0.056762368;0.065676288;0.047758336000000005;0.026684416;0.027216895999999997;0.025319424000000004;0.022025216;0.016826367999999998;0.009075712;0.016793600000000002;0.014742528;0.011367424;0.0076544;0.006472704000000001;0.0069027839999999995;0.004590591999999999;0.00321536;0.0029306880000000003;0.00361984;0.003605504;0.0027432959999999997;0.00261632;0.003898368;0.0036894719999999996;0.003452928;0.00288256;0.0018687999999999999;0.00093696;0.001439744;0.0016670720000000001;0.000719872;0.0011632640000000002;0.001414144;0.0014817279999999999;0.0013404159999999999;0.0011448320000000001;0.00096768;0.001016832;0.000842752;0.000897024;0.000922624;0.000893952;0.000620544;0.000510976;0.0005416959999999999;0.00063488;0.0006778880000000001;0.000611328;0.00061952;0.000406528;0.000357376;0.000288768;0.000459776;0.0005642239999999999;0.000483328
1782524700,hdr,0.0293;0.03906;0.04883;0.05859;0.06836;0.07813;0.08789;0.09766;0.10742;0.11719;0.12695;0.13672;0.14648;0.15625;0.16602;0.17578;0.18555;0.19531;0.20508;0.21484;0.22461;0.23438;0.24414;0.25391;0.26367;0.27344;0.2832;0.29297;0.30273;0.3125;0.32227;0.33203;0.3418;0.35156;0.36133;0.37109;0.38086;0.39063;0.40039;0.41016;0.41992;0.42969;0.43945;0.44922;0.45898;0.46875;0.47852;0.48828;0.49805;0.50781;0.51758;0.52734;0.53711;0.54688;0.55664;0.56641;0.57617;0.58594;0.5957;0.60547;0.61523;0.625;0.63477;0.64453;0.6543;0.66406;0.67383;0.68359;0.69336;0.70313;0.71289;0.72266;0.73242;0.74219;0.75195;0.76172;0.77148;0.78125;0.79102,0.0025088;0.008850431999999998;0.01133568;0.003883008;0.016840703999999998;0.026539008;0.013016064;0.007916544;0.027490304;0.04252672;0.088829952;0.09363455999999999;0.08381952000000001;0.06456012800000001;0.053522432;0.039088128;0.025088;0.011606016;0.0060887039999999995;0.013796352000000001;0.025699328;0.036584448000000006;0.044760063999999995;0.058064896;0.022560768;0.030856191999999998;0.032299008000000004;0.045011968;0.046430208;0.030344192;0.022238208;0.025947136;0.022017023999999996;0.013168639999999999;0.013359104000000002;0.016627712;0.013330432000000001;0.014312448;0.013436927999999999;0.01219072;0.007553023999999999;0.004994048000000001;0.006226944;0.005504;0.0040366080000000006;0.004002816;0.0031569919999999995;0.002771968;0.0038911999999999996;0.002572288;0.0019937279999999997;0.002077696;0.002228224;0.001987584;0.0020244480000000003;0.0016148479999999999;0.0009420800000000001;0.001538048;0.0013568;0.0009912319999999999;0.001069056;0.000818176;0.000630784;0.0009021439999999999;0.0010475520000000002;0.0010680320000000002;0.001108992;0.001234944;0.0009287680000000001;0.000646144;0.000758784;0.000531456;0.000489472;0.00052736;0.0005468159999999999;0.0005099519999999999;0.0006502400000000001;0.000663552;0.00040960000000000004
1782525600,hdr,0.0293;0.03906;0.04883;0.05859;0.06836;0.07813;0.08789;0.09766;0.10742;0.11719;0.12695;0.13672;0.14648;0.15625;0.16602;0.17578;0.18555;0.19531;0.20508;0.21484;0.22461;0.23438;0.24414;0.25391;0.26367;0.27344;0.2832;0.29297;0.30273;0.3125;0.32227;0.33203;0.3418;0.35156;0.36133;0.37109;0.38086;0.39063;0.40039;0.41016;0.41992;0.42969;0.43945;0.44922;0.45898;0.46875;0.47852;0.48828;0.49805;0.50781;0.51758;0.52734;0.53711;0.54688;0.55664;0.56641;0.57617;0.58594;0.5957;0.60547;0.61523;0.625;0.63477;0.64453;0.6543;0.66406;0.67383;0.68359;0.69336;0.70313;0.71289;0.72266;0.73242;0.74219;0.75195;0.76172;0.77148;0.78125;0.79102,0.0028620800000000004;0.004559872;0.005989376;0.005888;0.011075584;0.019495936000000002;0.015650816;0.017113088;0.049374208;0.06889881599999999;0.068608;0.091823104;0.094915584;0.048818176;0.047409152;0.043416576;0.028606464;0.00809984;0.01115136;0.013615104000000001;0.019887104;0.028762111999999996;0.055993344;0.06412185599999999;0.058018816;0.038729728000000005;0.035680256;0.028841984;0.021224448;0.019206143999999998;0.019977216;0.015910912;0.012932095999999999;0.014388223999999998;0.009061375999999998;0.009486336;0.008779776;0.006296576;0.005322752;0.004642816;0.003323904;0.003274752;0.004559872;0.007491584;0.004230144;0.005121024;0.0027279360000000002;0.002828288;0.00290816;0.0038799359999999996;0.0035235839999999997;0.0029122560000000002;0.002184192;0.001686528;0.00255488;0.00237568;0.001798144;0.001358848;0.000897024;0.000970752;0.001165312;0.001201152;0.00098816;0.000702464;0.00099328;0.000963584;0.000941056;0.0008151040000000001;0.00045056;0.000743424;0.0008069119999999999;0.000900096;0.000989184;0.000652288;0.00064512;0.000626688;0.00036147200000000005;0.0005406720000000001;0.000676864
1782526500,hdr,0.0293;0.03906;0.04883;0.05859;0.06836;0.07813;0.08789;0.09766;0.10742;0.11719;0.12695;0.13672;0.14648;0.15625;0.16602;0.17578;0.18555;0.19531;0.20508;0.21484;0.22461;0.23438;0.24414;0.25391;0.26367;0.27344;0.2832;0.29297;0.30273;0.3125;0.32227;0.33203;0.3418;0.35156;0.36133;0.37109;0.38086;0.39063;0.40039;0.41016;0.41992;0.42969;0.43945;0.44922;0.45898;0.46875;0.47852;0.48828;0.49805;0.50781;0.51758;0.52734;0.53711;0.54688;0.55664;0.56641;0.57617;0.58594;0.5957;0.60547;0.61523;0.625;0.63477;0.64453;0.6543;0.66406;0.67383;0.68359;0.69336;0.70313;0.71289;0.72266;0.73242;0.74219;0.75195;0.76172;0.77148;0.78125;0.79102,0.000869376;0.003961856000000001;0.005777408;0.00283136;0.007963648;0.019432448;0.009598976;0.008633344;0.037676032;0.079609856;0.08396390399999999;0.054168576;0.0892928;0.073862144;0.042781695999999994;0.051854336;0.030577663999999997;0.018996224000000003;0.014204928;0.0128;0.023142399999999997;0.03670528;0.039410688;0.049399807999999996;0.06525747200000001;0.051903488000000005;0.023665664;0.02956288;0.034601984;0.02678272;0.021796864;0.021086208;0.019469312;0.020946944;0.0208384;0.011424768;0.006156287999999999;0.00573952;0.00635904;0.005888;0.004102144;0.004112384;0.004802559999999999;0.005036031999999999;0.006027264;0.00500224;0.0033228800000000003;0.00272384;0.002587648;0.00249856;0.001457152;0.001974272;0.001540096;0.0022231040000000005;0.002052096;0.0020746239999999997;0.001779712;0.001410048;0.000744448;0.00090112;0.001540096;0.0013322240000000001;0.00113152;0.000879616;0.00047820800000000004;0.000674816;0.0007946240000000001;0.000756736;0.0005468159999999999;0.0005632;0.000799744;0.000649216;0.000642048;0.0005478400000000001;0.0005007359999999999;0.000771072;0.000796672;0.000497664;0.000415744
1782527400,hdr,0.0293;0.03906;0.04883;0.05859;0.06836;0.07813;0.08789;0.09766;0.10742;0.11719;0.12695;0.13672;0.14648;0.15625;0.16602;0.17578;0.18555;0.19531;0.20508;0.21484;0.22461;0.23438;0.24414;0.25391;0.26367;0.27344;0.2832;0.29297;0.30273;0.3125;0.32227;0.33203;0.3418;0.35156;0.36133;0.37109;0.38086;0.39063;0.40039;0.41016;0.41992;0.42969;0.43945;0.44922;0.45898;0.46875;0.47852;0.48828;0.49805;0.50781;0.51758;0.52734;0.53711;0.54688;0.55664;0.56641;0.57617;0.58594;0.5957;0.60547;0.61523;0.625;0.63477;0.64453;0.6543;0.66406;0.67383;0.68359;0.69336;0.70313;0.71289;0.72266;0.73242;0.74219;0.75195;0.76172;0.77148;0.78125;0.79102,0.0015431680000000001;0.005567488000000001;0.008135680000000001;0.0030464;0.009928704;0.023964672;0.015393792;0.01664;0.04537856;0.069035008;0.059542528;0.057634816;0.08137215999999999;0.06168883199999999;0.0621568;0.043452416;0.037039103999999996;0.019064831999999997;0.016538624;0.021630976;0.023831552;0.024384512000000004;0.040776704000000004;0.061705216;0.053602303999999996;0.037220352;0.04520448;0.040014848;0.019299327999999998;0.018696192;0.01804288;0.014220288000000001;0.010087424000000001;0.008835072;0.013422592;0.016254975999999997;0.007805952;0.008604672;0.007636992;0.00907264;0.007488512;0.0040294400000000005;0.005602304;0.004852736;0.00397312;0.0037601279999999997;0.002576384;0.003254272;0.002243584;0.00289792;0.0024012799999999996;0.0025978880000000005;0.0022241279999999997;0.001820672;0.001752064;0.0017684480000000002;0.001502208;0.00125952;0.0010649599999999998;0.000949248;0.001052672;0.0005478400000000001;0.000671744;0.001110016;0.0009359360000000001;0.000694272;0.000698368;0.000780288;0.000748544;0.000930816;0.001016832;0.000791552;0.000617472;0.00044339199999999997;0.00046592000000000004;0.000483328;0.000475136;0.00046796800000000003;0.000656384
1782528300,hdr,0.0293;0.03906;0.04883;0.05859;0.06836;0.07813;0.08789;0.09766;0.10742;0.11719;0.12695;0.13672;0.14648;0.15625;0.16602;0.17578;0.18555;0.19531;0.20508;0.21484;0.22461;0.23438;0.24414;0.25391;0.26367;0.27344;0.2832;0.29297;0.30273;0.3125;0.32227;0.33203;0.3418;0.35156;0.36133;0.37109;0.38086;0.39063;0.40039;0.41016;0.41992;0.42969;0.43945;0.44922;0.45898;0.46875;0.47852;0.48828;0.49805;0.50781;0.51758;0.52734;0.53711;0.54688;0.55664;0.56641;0.57617;0.58594;0.5957;0.60547;0.61523;0.625;0.63477;0.64453;0.6543;0.66406;0.67383;0.68359;0.69336;0.70313;0.71289;0.72266;0.73242;0.74219;0.75195;0.76172;0.77148;0.78125;0.79102,0.00080384;0.008435712000000001;0.015217663999999999;0.0020183040000000003;0.011322368000000001;0.031896576;0.028709888;0.009935872;0.0150016;0.053166080000000004;0.077336576;0.051649536;0.044893184;0.063940608;0.049101824;0.042436608;0.035764224000000004;0.026290176;0.020462592;0.015112192000000002;0.018015232;0.039762943999999995;0.054023167999999996;0.068860928;0.105207808;0.066784256;0.048854016;0.052924415999999995;0.031188992;0.026047488;0.029215744000000002;0.021413888;0.014872576;0.012762112;0.013391871999999999;0.009324544;0.00916992;0.00965632;0.008610815999999999;0.007079935999999999;0.006909952;0.00421888;0.00283136;0.003293184;0.003971072;0.00375296;0.0031979519999999996;0.002948096;0.00262144;0.002729984;0.00187392;0.0019773440000000002;0.00136192;0.0021248;0.00203264;0.002071552;0.002146304;0.001403904;0.0009349119999999999;0.0012052480000000001;0.000923648;0.001358848;0.00133632;0.0008765439999999999;0.000779264;0.0005416959999999999;0.000664576;0.000776192;0.000704512;0.000528384;0.000611328;0.00075264;0.000603136;0.000388096;0.000454656;0.00036147200000000005;0.00040755200000000004;0.000375808;0.000429056
1782529200,hdr,0.0293;0.03906;0.04883;0.05859;0.06836;0.07813;0.08789;0.09766;0.10742;0.11719;0.12695;0.13672;0.14648;0.15625;0.16602;0.17578;0.18555;0.19531;0.20508;0.21484;0.22461;0.23438;0.24414;0.25391;0.26367;0.27344;0.2832;0.29297;0.30273;0.3125;0.32227;0.33203;0.3418;0.35156;0.36133;0.37109;0.38086;0.39063;0.40039;0.41016;0.41992;0.42969;0.43945;0.44922;0.45898;0.46875;0.47852;0.48828;0.49805;0.50781;0.51758;0.52734;0.53711;0.54688;0.55664;0.56641;0.57617;0.58594;0.5957;0.60547;0.61523;0.625;0.63477;0.64453;0.6543;0.66406;0.67383;0.68359;0.69336;0.70313;0.71289;0.72266;0.73242;0.74219;0.75195;0.76172;0.77148;0.78125;0.79102,0.000323584;0.0030525440000000004;0.00443392;0.001722368;0.002717696;0.013775872;0.014179328;0.021992448;0.042804223999999995;0.064488448;0.06494208;0.074791936;0.060665856;0.045303807999999994;0.030167040000000003;0.026875904;0.028526592;0.015579136;0.01199616;0.011611136000000001;0.023291904;0.044633088;0.03912704;0.055435264;0.08854118400000001;0.082679808;0.06232064;0.031767552;0.02653184;0.028503039999999997;0.018866176;0.019146752;0.020133888;0.015173632;0.012529664000000001;0.009413632;0.00773632;0.008167424000000001;0.006792192;0.00603648;0.005272576;0.004452352;0.002658304;0.0023572479999999997;0.003815424;0.005380095999999999;0.002787328;0.001636352;0.0018432000000000001;0.0015677439999999998;0.001639424;0.0013148160000000001;0.0022978559999999996;0.003017728;0.001998848;0.0015390719999999998;0.001442816;0.00128;0.0008663039999999999;0.00118272;0.0008652800000000001;0.0005376000000000001;0.0005232639999999998;0.000518144;0.000852992;0.000605184;0.000366592;0.000594944;0.00046592000000000004;0.000529408;0.000388096;0.0005898240000000001;0.00047820800000000004;0.0004956159999999999;0.000457728;0.000267264;0.000326656;0.00036966399999999996;0.000415744
1782530100,hdr,0.0293;0.03906;0.04883;0.05859;0.06836;0.07813;0.08789;0.09766;0.10742;0.11719;0.12695;0.13672;0.14648;0.15625;0.16602;0.17578;0.18555;0.19531;0.20508;0.21484;0.22461;0.23438;0.24414;0.25391;0.26367;0.27344;0.2832;0.29297;0.30273;0.3125;0.32227;0.33203;0.3418;0.35156;0.36133;0.37109;0.38086;0.39063;0.40039;0.41016;0.41992;0.42969;0.43945;0.44922;0.45898;0.46875;0.47852;0.48828;0.49805;0.50781;0.51758;0.52734;0.53711;0.54688;0.55664;0.56641;0.57617;0.58594;0.5957;0.60547;0.61523;0.625;0.63477;0.64453;0.6543;0.66406;0.67383;0.68359;0.69336;0.70313;0.71289;0.72266;0.73242;0.74219;0.75195;0.76172;0.77148;0.78125;0.79102,0.000436224;0.001727488;0.0020254720000000004;0.001512448;0.007461888;0.018940928;0.025900032;0.013559808000000001;0.022652928;0.038882304;0.06618112000000001;0.06258380799999999;0.05144268799999999;0.044044288;0.040354816;0.026478592000000002;0.020438016;0.020534272;0.027675647999999997;0.020606976;0.020699136;0.021699584;0.049127423999999996;0.06892339200000001;0.0928256;0.105121792;0.080164864;0.057522176;0.039714816;0.025518080000000002;0.024769536;0.023806975999999997;0.016073728;0.011185152;0.010505216;0.01135616;0.007540736;0.009670656;0.007778304;0.004768768;0.005722112;0.006883327999999999;0.005088256;0.0030228480000000003;0.002398208;0.002226176;0.002673664;0.002956288;0.0024330239999999998;0.001783808;0.0016128;0.001650688;0.00103424;0.00125952;0.001184768;0.000965632;0.000884736;0.001488896;0.001758208;0.001184768;0.000932864;0.0005580800000000001;0.000869376;0.000745472;0.000668672;0.0005621760000000001;0.00067072;0.000720896;0.0007423999999999999;0.000717824;0.00040345599999999995;0.000544768;0.000553984;0.000449536;0.00047718399999999996;0.00023654400000000002;0.000253952;0.00039219200000000003;0.00035328
1782531000,hdr,0.0293;0.03906;0.04883;0.05859;0.06836;0.07813;0.08789;0.09766;0.10742;0.11719;0.12695;0.13672;0.14648;0.15625;0.16602;0.17578;0.18555;0.19531;0.20508;0.21484;0.22461;0.23438;0.24414;0.25391;0.26367;0.27344;0.2832;0.29297;0.30273;0.3125;0.32227;0.33203;0.3418;0.35156;0.36133;0.37109;0.38086;0.39063;0.40039;0.41016;0.41992;0.42969;0.43945;0.44922;0.45898;0.46875;0.47852;0.48828;0.49805;0.50781;0.51758;0.52734;0.53711;0.54688;0.55664;0.56641;0.57617;0.58594;0.5957;0.60547;0.61523;0.625;0.63477;0.64453;0.6543;0.66406;0.67383;0.68359;0.69336;0.70313;0.71289;0.72266;0.73242;0.74219;0.75195;0.76172;0.77148;0.78125;0.79102,0.0004352;0.001328128;0.0016302080000000002;0.0025292799999999996;0.006498304;0.020874240000000002;0.031483904;0.015977472;0.018092032;0.035459072;0.07926476800000001;0.071231488;0.07802982400000001;0.059482112000000004;0.024554496;0.036616192;0.043598847999999996;0.021141504000000002;0.017275904;0.011982848;0.022459391999999998;0.029266944;0.040240128;0.07155609599999999;0.083007488;0.059339776;0.041486336000000006;0.042932224;0.036979712;0.038812672;0.033526784;0.022834176;0.013266944000000001;0.010861567999999999;0.009731072;0.010505216;0.009669632;0.013553663999999998;0.0065464320000000005;0.0048332800000000006;0.003693568;0.006124544;0.004744192;0.003416064;0.002425856;0.0017602560000000002;0.0026531840000000003;0.0019169279999999998;0.0021504000000000002;0.00204288;0.001563648;0.0017971200000000001;0.00187904;0.001414144;0.001101824;0.0013312;0.001794048;0.000986112;0.000858112;0.00067072;0.000503808;0.00084992;0.0008089600000000001;0.000642048;0.000656384;0.000528384;0.000603136;0.0006092800000000001;0.000515072;0.000611328;0.000485376;0.0005847039999999999;0.000386048;0.00029388799999999996;0.00027648;0.000325632;0.0002816;0.000249856;0.000305152
1782531900,hdr,0.0293;0.03906;0.04883;0.05859;0.06836;0.07813;0.08789;0.09766;0.10742;0.11719;0.12695;0.13672;0.14648;0.15625;0.16602;0.17578;0.18555;0.19531;0.20508;0.21484;0.22461;0.23438;0.24414;0.25391;0.26367;0.27344;0.2832;0.29297;0.30273;0.3125;0.32227;0.33203;0.3418;0.35156;0.36133;0.37109;0.38086;0.39063;0.40039;0.41016;0.41992;0.42969;0.43945;0.44922;0.45898;0.46875;0.47852;0.48828;0.49805;0.50781;0.51758;0.52734;0.53711;0.54688;0.55664;0.56641;0.57617;0.58594;0.5957;0.60547;0.61523;0.625;0.63477;0.64453;0.6543;0.66406;0.67383;0.68359;0.69336;0.70313;0.71289;0.72266;0.73242;0.74219;0.75195;0.76172;0.77148;0.78125;0.79102,0.000372736;0.000632832;0.001436672;0.001130496;0.005848064;0.015269887999999999;0.019835903999999998;0.017170432;0.029215744000000002;0.04978176;0.06661324799999999;0.04998656;0.069781504;0.052434944000000004;0.042836992000000004;0.03270860799999999;0.028775424000000004;0.020898816;0.012812288;0.011680768;0.008935423999999999;0.016897023999999997;0.033158144;0.04898816;0.05012992;0.060765184;0.063532032;0.052684800000000004;0.03263488;0.02255872;0.01959424;0.014611456;0.012637184;0.014148608;0.013166592;0.017270784;0.011044864;0.005859328;0.006943744;0.004647936;0.003975168;0.0048762879999999995;0.0026419199999999994;0.003892224;0.004401152;0.0032337920000000005;0.00278016;0.0015513600000000001;0.001563648;0.00134656;0.0013824;0.002031616;0.001599488;0.00138752;0.0012789759999999998;0.0013148160000000001;0.0008458240000000001;0.00047104000000000004;0.000607232;0.000759808;0.0010291200000000001;0.000966656;0.000613376;0.00029798400000000005;0.00043110399999999997;0.00029286400000000005;0.00037068800000000004;0.00035942400000000006;0.000325632;0.000267264;0.00041472;0.000548864;0.00057856;0.000379904;0.000371712;0.000284672;0.000169984;0.000242688;0.000382976
1782532800,hdr,0.0293;0.03906;0.04883;0.05859;0.06836;0.07813;0.08789;0.09766;0.10742;0.11719;0.12695;0.13672;0.14648;0.15625;0.16602;0.17578;0.18555;0.19531;0.20508;0.21484;0.22461;0.23438;0.24414;0.25391;0.26367;0.27344;0.2832;0.29297;0.30273;0.3125;0.32227;0.33203;0.3418;0.35156;0.36133;0.37109;0.38086;0.39063;0.40039;0.41016;0.41992;0.42969;0.43945;0.44922;0.45898;0.46875;0.47852;0.48828;0.49805;0.50781;0.51758;0.52734;0.53711;0.54688;0.55664;0.56641;0.57617;0.58594;0.5957;0.60547;0.61523;0.625;0.63477;0.64453;0.6543;0.66406;0.67383;0.68359;0.69336;0.70313;0.71289;0.72266;0.73242;0.74219;0.75195;0.76172;0.77148;0.78125;0.79102,0.000968704;0.0014745600000000002;0.002390016;0.003168256;0.00815104;0.030967808;0.024112127999999997;0.013814784;0.02105344;0.038894592000000006;0.068529152;0.054306816;0.035751936;0.042187775999999996;0.041097216;0.0314368;0.022837248;0.022455296000000003;0.016609279999999997;0.016859136;0.02172416;0.027342848000000003;0.027139072;0.050226176;0.068256768;0.074826752;0.076642304;0.050888704;0.037745664;0.031423488;0.022624256;0.012305407999999999;0.011347967999999998;0.007095296;0.0077987840000000004;0.007646208;0.006920192;0.009777152;0.008782848;0.005374976000000001;0.007692287999999999;0.0047104;0.0037877759999999996;0.003714048;0.002045952;0.002654208;0.0030832639999999996;0.003567616;0.001774592;0.001133568;0.001147904;0.001610752;0.0013148160000000001;0.000949248;0.0009256959999999999;0.00090112;0.000945152;0.001176576;0.001371136;0.00084992;0.000658432;0.00062464;0.0005847039999999999;0.0005406720000000001;0.000411648;0.00030617599999999996;0.000601088;0.000548864;0.00043315199999999996;0.0003072;0.00026112;0.000447488;0.00040345599999999995;0.000222208;0.00029183999999999997;0.000379904;0.000346112;0.000305152;0.000186368
1782533700,hdr,0.0293;0.03906;0.04883;0.05859;0.06836;0.07813;0.08789;0.09766;0.10742;0.11719;0.12695;0.13672;0.14648;0.15625;0.16602;0.17578;0.18555;0.19531;0.20508;0.21484;0.22461;0.23438;0.24414;0.25391;0.26367;0.27344;0.2832;0.29297;0.30273;0.3125;0.32227;0.33203;0.3418;0.35156;0.36133;0.37109;0.38086;0.39063;0.40039;0.41016;0.41992;0.42969;0.43945;0.44922;0.45898;0.46875;0.47852;0.48828;0.49805;0.50781;0.51758;0.52734;0.53711;0.54688;0.55664;0.56641;0.57617;0.58594;0.5957;0.60547;0.61523;0.625;0.63477;0.64453;0.6543;0.66406;0.67383;0.68359;0.69336;0.70313;0.71289;0.72266;0.73242;0.74219;0.75195;0.76172;0.77148;0.78125;0.79102,0.0005468159999999999;0.003469312;0.004617216;0.0017203200000000002;0.007770112;0.022920192;0.021224448;0.020252672;0.015913984;0.049707008000000004;0.059142144;0.055172096000000004;0.04525977600000001;0.051069951999999995;0.035364863999999996;0.026236928;0.022612992;0.015028224;0.017937408000000002;0.022569984;0.020929536;0.024158207999999997;0.032456704;0.03968;0.037619712;0.064771072;0.050801664;0.04759142400000001;0.038779904000000004;0.028407808;0.022262784;0.017222656;0.011206656;0.013213696;0.013012992000000001;0.012318720000000002;0.007667711999999999;0.005233664;0.007449600000000001;0.006132736000000001;0.004652032;0.0044544;0.003720192;0.002369536;0.001917952;0.0015206400000000002;0.001964032;0.0025978880000000005;0.002096128;0.0018155520000000002;0.001926144;0.001451008;0.0008509440000000001;0.001048576;0.001297408;0.001294336;0.0009523200000000001;0.000996352;0.000841728;0.000774144;0.0006656;0.0005580800000000001;0.0005734399999999999;0.000658432;0.00062464;0.0005683200000000001;0.000447488;0.000313344;0.000375808;0.000393216;0.00044339199999999997;0.00034816000000000003;0.000279552;0.000283648;0.000216064;0.00025088;0.000260096;0.00020275199999999997;0.000283648
1782534600,hdr,0.0293;0.03906;0.04883;0.05859;0.06836;0.07813;0.08789;0.09766;0.10742;0.11719;0.12695;0.13672;0.14648;0.15625;0.16602;0.17578;0.18555;0.19531;0.20508;0.21484;0.22461;0.23438;0.24414;0.25391;0.26367;0.27344;0.2832;0.29297;0.30273;0.3125;0.32227;0.33203;0.3418;0.35156;0.36133;0.37109;0.38086;0.39063;0.40039;0.41016;0.41992;0.42969;0.43945;0.44922;0.45898;0.46875;0.47852;0.48828;0.49805;0.50781;0.51758;0.52734;0.53711;0.54688;0.55664;0.56641;0.57617;0.58594;0.5957;0.60547;0.61523;0.625;0.63477;0.64453;0.6543;0.66406;0.67383;0.68359;0.69336;0.70313;0.71289;0.72266;0.73242;0.74219;0.75195;0.76172;0.77148;0.78125;0.79102,0.00110592;0.0109312;0.017938431999999997;0.006879232;0.017723392;0.04420608;0.046284799999999994;0.021988352;0.020685824000000002;0.025488384;0.05438259200000001;0.063112192;0.05049344;0.047695872;0.045502464;0.039496704;0.015700992;0.016731135999999997;0.012309504;0.012366848;0.016663551999999998;0.0324096;0.050637824;0.049187840000000004;0.060035072;0.050014208000000004;0.040726528;0.024992768;0.041801727999999996;0.024662016;0.018495488;0.0139776;0.013073408000000002;0.01222656;0.00726528;0.008143872;0.007581696;0.006904832;0.007452672;0.006194175999999999;0.004851712;0.003648512;0.00356352;0.004216832;0.003249152;0.0041963519999999995;0.002878464;0.002183168;0.001922048;0.001681408;0.001329152;0.0014172160000000002;0.00076288;0.00091648;0.0014704639999999999;0.001298432;0.0011007999999999999;0.000840704;0.000692224;0.0006656;0.000726016;0.0007106559999999999;0.0006123519999999999;0.000347136;0.000412672;0.000375808;0.00044544;0.000372736;0.00037785600000000004;0.00046284799999999997;0.00029593599999999995;0.000175104;0.000277504;0.00029900799999999997;0.000375808;0.000454656;0.000314368;0.000379904;0.000234496
1782535500,hdr,0.0293;0.03906;0.04883;0.05859;0.06836;0.07813;0.08789;0.09766;0.10742;0.11719;0.12695;0.13672;0.14648;0.15625;0.16602;0.17578;0.18555;0.19531;0.20508;0.21484;0.22461;0.23438;0.24414;0.25391;0.26367;0.27344;0.2832;0.29297;0.30273;0.3125;0.32227;0.33203;0.3418;0.35156;0.36133;0.37109;0.38086;0.39063;0.40039;0.41016;0.41992;0.42969;0.43945;0.44922;0.45898;0.46875;0.47852;0.48828;0.49805;0.50781;0.51758;0.52734;0.53711;0.54688;0.55664;0.56641;0.57617;0.58594;0.5957;0.60547;0.61523;0.625;0.63477;0.64453;0.6543;0.66406;0.67383;0.68359;0.69336;0.70313;0.71289;0.72266;0.73242;0.74219;0.75195;0.76172;0.77148;0.78125;0.79102,0.001309696;0.007820288;0.00962048;0.003405824;0.005557248000000001;0.009660416;0.020072448;0.016118784;0.024710144;0.049325056;0.05336064;0.026273792;0.022026240000000002;0.029272063999999997;0.035313664;0.033010688;0.02186752;0.019383296;0.012076031999999999;0.016605184000000002;0.020641792;0.024994816;0.026095616;0.037981184;0.039544832;0.050151424;0.044716031999999996;0.030260224000000002;0.030011392;0.027636736000000002;0.020654080000000002;0.023809024;0.021230592;0.015382528;0.014660608;0.013392896000000001;0.006979584;0.004739072;0.006500352000000001;0.005019648;0.004977664;0.004252672;0.0030033919999999997;0.002770944;0.0017848319999999999;0.001056768;0.0014581759999999998;0.0025497600000000003;0.002412544;0.00178176;0.001021952;0.002245632;0.001153024;0.0008765439999999999;0.000918528;0.0007229440000000001;0.000733184;0.0007557120000000001;0.0008304639999999999;0.000635904;0.0007116799999999999;0.0005304320000000001;0.000277504;0.000372736;0.000611328;0.000704512;0.000781312;0.000712704;0.000590848;0.000447488;0.000335872;0.00028774400000000004;0.00023654400000000002;0.000246784;0.00023142399999999999;0.000331776;0.00038912;0.00035430400000000006;0.000275456
1782536400,hdr,0.0293;0.03906;0.04883;0.05859;0.06836;0.07813;0.08789;0.09766;0.10742;0.11719;0.12695;0.13672;0.14648;0.15625;0.16602;0.17578;0.18555;0.19531;0.20508;0.21484;0.22461;0.23438;0.24414;0.25391;0.26367;0.27344;0.2832;0.29297;0.30273;0.3125;0.32227;0.33203;0.3418;0.35156;0.36133;0.37109;0.38086;0.39063;0.40039;0.41016;0.41992;0.42969;0.43945;0.44922;0.45898;0.46875;0.47852;0.48828;0.49805;0.50781;0.51758;0.52734;0.53711;0.54688;0.55664;0.56641;0.57617;0.58594;0.5957;0.60547;0.61523;0.625;0.63477;0.64453;0.6543;0.66406;0.67383;0.68359;0.69336;0.70313;0.71289;0.72266;0.73242;0.74219;0.75195;0.76172;0.77148;0.78125;0.79102,0.001688576;0.004824064;0.007897088;0.00334336;0.011267072;0.029968384;0.027657216;0.011375616;0.016902144;0.029941759999999998;0.05234688;0.032657408;0.02500096;0.029521920000000004;0.047982592;0.048142336;0.02689536;0.010369024;0.011436032;0.013192192;0.012248063999999998;0.012464128000000001;0.021045248;0.036502528;0.054449151999999994;0.042207232;0.046022655999999995;0.036969472;0.033108992;0.032833536;0.026678272;0.01296384;0.015000576000000002;0.012265472000000001;0.01065472;0.008264704;0.006699008;0.00849408;0.007402496;0.006473728;0.005216255999999999;0.004425728;0.004785152;0.004041728;0.0027842559999999997;0.0027013120000000004;0.0023296;0.0016097280000000002;0.001174528;0.0012083200000000001;0.001327104;0.001338368;0.000789504;0.000950272;0.0009441279999999999;0.000837632;0.000698368;0.0006932479999999999;0.0005980159999999999;0.0007352319999999999;0.000674816;0.000632832;0.000536576;0.000769024;0.000662528;0.00046080000000000003;0.0005089280000000001;0.00044032;0.00043008000000000006;0.000283648;0.000533504;0.00048639999999999995;0.00036147200000000005;0.0006021119999999999;0.000401408;0.00024063999999999997;0.000210944;0.000305152;0.000288768
1782537300,hdr,0.0293;0.03906;0.04883;0.05859;0.06836;0.07813;0.08789;0.09766;0.10742;0.11719;0.12695;0.13672;0.14648;0.15625;0.16602;0.17578;0.18555;0.19531;0.20508;0.21484;0.22461;0.23438;0.24414;0.25391;0.26367;0.27344;0.2832;0.29297;0.30273;0.3125;0.32227;0.33203;0.3418;0.35156;0.36133;0.37109;0.38086;0.39063;0.40039;0.41016;0.41992;0.42969;0.43945;0.44922;0.45898;0.46875;0.47852;0.48828;0.49805;0.50781;0.51758;0.52734;0.53711;0.54688;0.55664;0.56641;0.57617;0.58594;0.5957;0.60547;0.61523;0.625;0.63477;0.64453;0.6543;0.66406;0.67383;0.68359;0.69336;0.70313;0.71289;0.72266;0.73242;0.74219;0.75195;0.76172;0.77148;0.78125;0.79102,0.002558976;0.014134272;0.019452928;0.005543936;0.008090624;0.032004095999999996;0.043635712;0.021135359999999995;0.026707968000000002;0.050488319999999996;0.041812992;0.051729408;0.055394304;0.023904256000000002;0.024310784000000002;0.027455487999999997;0.023707647999999998;0.020774912;0.020944896;0.01377792;0.015724544;0.019709952000000003;0.028883968;0.038069248;0.035482624000000004;0.049755136;0.048940032;0.029842432;0.02663936;0.031158272;0.025372672000000002;0.017084416;0.010099712;0.010878976;0.008894464;0.007693312;0.009986048;0.009176064000000001;0.006484992;0.005937152;0.005853183999999999;0.005269504000000001;0.0030207999999999997;0.0043827200000000005;0.003683328;0.003160064;0.0019527680000000001;0.00176128;0.002156544;0.0018862080000000001;0.001528832;0.001777664;0.001313792;0.001077248;0.001189888;0.001401856;0.00122368;0.001063936;0.000955392;0.0007249919999999999;0.000754688;0.000468992;0.000664576;0.00052736;0.0005713920000000001;0.0005632;0.00035430400000000006;0.00031232;0.00036249599999999997;0.000387072;0.00036147200000000005;0.000345088;0.00021504000000000003;0.00021913599999999998;0.00029388799999999996;0.000229376;0.000262144;0.00038912;0.000331776
1782538200,hdr,0.0293;0.03906;0.04883;0.05859;0.06836;0.07813;0.08789;0.09766;0.10742;0.11719;0.12695;0.13672;0.14648;0.15625;0.16602;0.17578;0.18555;0.19531;0.20508;0.21484;0.22461;0.23438;0.24414;0.25391;0.26367;0.27344;0.2832;0.29297;0.30273;0.3125;0.32227;0.33203;0.3418;0.35156;0.36133;0.37109;0.38086;0.39063;0.40039;0.41016;0.41992;0.42969;0.43945;0.44922;0.45898;0.46875;0.47852;0.48828;0.49805;0.50781;0.51758;0.52734;0.53711;0.54688;0.55664;0.56641;0.57617;0.58594;0.5957;0.60547;0.61523;0.625;0.63477;0.64453;0.6543;0.66406;0.67383;0.68359;0.69336;0.70313;0.71289;0.72266;0.73242;0.74219;0.75195;0.76172;0.77148;0.78125;0.79102,0.001442816;0.005906432;0.008316928;0.0034365439999999997;0.00932352;0.018130944;0.014550015999999999;0.019383296;0.029254656;0.047673344;0.04391731200000001;0.05439488;0.033331200000000005;0.038767616;0.0341504;0.033736704000000006;0.028239872;0.020603904;0.017347584000000003;0.01535488;0.022223872;0.02485248;0.027817984;0.023259136000000003;0.040531968;0.071258112;0.040827904;0.039652352;0.038819839999999994;0.031484928;0.023931903999999997;0.012872704;0.013400064;0.013995008;0.006974464;0.008311807999999999;0.008388608;0.006851584;0.005637120000000001;0.005588992;0.00424448;0.003049472;0.003493888;0.0034652159999999997;0.002352128;0.0021207039999999997;0.002096128;0.0020357120000000003;0.001872896;0.001937408;0.001846272;0.001130496;0.001711104;0.001502208;0.0011120639999999998;0.000787456;0.001134592;0.00107008;0.000878592;0.0009584639999999999;0.000970752;0.0008601600000000001;0.0006604799999999999;0.000531456;0.00047308800000000003;0.000539648;0.00055296;0.000592896;0.000444416;0.00040243200000000004;0.00042291200000000006;0.00027033600000000004;0.00027648;0.00025497599999999997;0.000229376;0.00036966399999999996;0.000375808;0.000391168;0.00029388799999999996
1782539100,hdr,0.0293;0.03906;0.04883;0.05859;0.06836;0.07813;0.08789;0.09766;0.10742;0.11719;0.12695;0.13672;0.14648;0.15625;0.16602;0.17578;0.18555;0.19531;0.20508;0.21484;0.22461;0.23438;0.24414;0.25391;0.26367;0.27344;0.2832;0.29297;0.30273;0.3125;0.32227;0.33203;0.3418;0.35156;0.36133;0.37109;0.38086;0.39063;0.40039;0.41016;0.41992;0.42969;0.43945;0.44922;0.45898;0.46875;0.47852;0.48828;0.49805;0.50781;0.51758;0.52734;0.53711;0.54688;0.55664;0.56641;0.57617;0.58594;0.5957;0.60547;0.61523;0.625;0.63477;0.64453;0.6543;0.66406;0.67383;0.68359;0.69336;0.70313;0.71289;0.72266;0.73242;0.74219;0.75195;0.76172;0.77148;0.78125;0.79102,0.002295808;0.009547776;0.013733888000000001;0.005075968;0.007042048;0.020654080000000002;0.024286208;0.01696256;0.02308096;0.037970944000000006;0.033870848;0.019871744;0.028457984;0.029088768;0.026468352;0.028255232;0.017532928;0.017022976;0.01480192;0.020883455999999998;0.016430080000000003;0.01664512;0.022996991999999997;0.023274496;0.023656448;0.042668032;0.044884992;0.04400128;0.029379584000000004;0.016755712;0.022355968;0.02243584;0.014906368;0.012065791999999999;0.007610368;0.0073431040000000005;0.006352896;0.00370176;0.004315136;0.004207616;0.004811776;0.006070272;0.004001792;0.0038307840000000003;0.002331648;0.001364992;0.0020879360000000003;0.002348032;0.002613248;0.002809856;0.00247296;0.0027361279999999996;0.002131968;0.0020633599999999998;0.001327104;0.0012369920000000001;0.001275904;0.000869376;0.000771072;0.000869376;0.001006592;0.0009461760000000001;0.0008591359999999999;0.000787456;0.0007014399999999999;0.000448512;0.000330752;0.00032870400000000003;0.000303104;0.000482304;0.000372736;0.00040960000000000004;0.00041472;0.000372736;0.00031129599999999997;0.000344064;0.00034816000000000003;0.000275456;0.00020889599999999997
1782540000,hdr,0.0293;0.03906;0.04883;0.05859;0.06836;0.07813;0.08789;0.09766;0.10742;0.11719;0.12695;0.13672;0.14648;0.15625;0.16602;0.17578;0.18555;0.19531;0.20508;0.21484;0.22461;0.23438;0.24414;0.25391;0.26367;0.27344;0.2832;0.29297;0.30273;0.3125;0.32227;0.33203;0.3418;0.35156;0.36133;0.37109;0.38086;0.39063;0.40039;0.41016;0.41992;0.42969;0.43945;0.44922;0.45898;0.46875;0.47852;0.48828;0.49805;0.50781;0.51758;0.52734;0.53711;0.54688;0.55664;0.56641;0.57617;0.58594;0.5957;0.60547;0.61523;0.625;0.63477;0.64453;0.6543;0.66406;0.67383;0.68359;0.69336;0.70313;0.71289;0.72266;0.73242;0.74219;0.75195;0.76172;0.77148;0.78125;0.79102,0.00192;0.0073216;0.006265856000000001;0.006350848;0.013084671999999999;0.022804480000000002;0.02812416;0.020201471999999998;0.019537919999999997;0.031106048000000004;0.03233792;0.026471424;0.0335616;0.025422847999999998;0.0188416;0.022658048000000004;0.029960192;0.020807680000000002;0.009157631999999999;0.01777664;0.024088576;0.024927232;0.015527935999999999;0.021002240000000002;0.03500032;0.060919808000000006;0.06824960000000001;0.066614272;0.037465088;0.022183935999999998;0.021663744000000002;0.021707775999999998;0.01252352;0.004921344;0.005481471999999999;0.006486016000000001;0.006263808;0.006972416;0.006782976;0.005962752;0.007804928;0.0053616639999999995;0.003269632;0.00377856;0.005088256;0.0034713599999999997;0.0020981759999999998;0.001860608;0.002260992;0.0024156159999999998;0.0017684480000000002;0.0012072959999999998;0.00088064;0.0008192000000000001;0.001533952;0.001257472;0.001069056;0.000760832;0.0009349119999999999;0.000818176;0.0008089600000000001;0.000867328;0.001027072;0.001055744;0.000628736;0.000456704;0.000512;0.00046592000000000004;0.00046592000000000004;0.000545792;0.0005601279999999999;0.000510976;0.000282624;0.00028569600000000005;0.00040243200000000004;0.00026521600000000003;0.00020480000000000002;0.00027033600000000004;0.00032256
1782540900,hdr,0.0293;0.03906;0.04883;0.05859;0.06836;0.07813;0.08789;0.09766;0.10742;0.11719;0.12695;0.13672;0.14648;0.15625;0.16602;0.17578;0.18555;0.19531;0.20508;0.21484;0.22461;0.23438;0.24414;0.25391;0.26367;0.27344;0.2832;0.29297;0.30273;0.3125;0.32227;0.33203;0.3418;0.35156;0.36133;0.37109;0.38086;0.39063;0.40039;0.41016;0.41992;0.42969;0.43945;0.44922;0.45898;0.46875;0.47852;0.48828;0.49805;0.50781;0.51758;0.52734;0.53711;0.54688;0.55664;0.56641;0.57617;0.58594;0.5957;0.60547;0.61523;0.625;0.63477;0.64453;0.6543;0.66406;0.67383;0.68359;0.69336;0.70313;0.71289;0.72266;0.73242;0.74219;0.75195;0.76172;0.77148;0.78125;0.79102,0.005608448;0.007218176;0.008638464;0.006888448;0.017657856;0.019802112;0.025764864;0.021515264;0.023566336;0.035563519999999994;0.046159872000000005;0.032831488;0.030799872;0.027810816;0.017767424;0.010648576000000002;0.011357184;0.01304576;0.00784896;0.011638784;0.02248704;0.019451904;0.016069631999999997;0.02213376;0.029963264;0.033422336000000004;0.03915776;0.035227648;0.042452991999999995;0.027416576;0.020130816;0.00886272;0.006417408;0.004476928;0.003955712;0.009753600000000001;0.008091648;0.0044544;0.004533248;0.006135808;0.004895744;0.0024616959999999998;0.001911808;0.0020746239999999997;0.0017889280000000002;0.0022487040000000002;0.002714624;0.0016087039999999999;0.001661952;0.000795648;0.0010803199999999998;0.001467392;0.001486848;0.0015943679999999999;0.001009664;0.00124928;0.001073152;0.0008601600000000001;0.0008345599999999999;0.00088064;0.0007925759999999999;0.000616448;0.000601088;0.000654336;0.000325632;0.0007168;0.0006604799999999999;0.0005468159999999999;0.000494592;0.000346112;0.00026521600000000003;0.000493568;0.00037376;0.000524288;0.000505856;0.00030208000000000004;0.000376832;0.000339968;0.000234496
1782541800,hdr,0.0293;0.03906;0.04883;0.05859;0.06836;0.07813;0.08789;0.09766;0.10742;0.11719;0.12695;0.13672;0.14648;0.15625;0.16602;0.17578;0.18555;0.19531;0.20508;0.21484;0.22461;0.23438;0.24414;0.25391;0.26367;0.27344;0.2832;0.29297;0.30273;0.3125;0.32227;0.33203;0.3418;0.35156;0.36133;0.37109;0.38086;0.39063;0.40039;0.41016;0.41992;0.42969;0.43945;0.44922;0.45898;0.46875;0.47852;0.48828;0.49805;0.50781;0.51758;0.52734;0.53711;0.54688;0.55664;0.56641;0.57617;0.58594;0.5957;0.60547;0.61523;0.625;0.63477;0.64453;0.6543;0.66406;0.67383;0.68359;0.69336;0.70313;0.71289;0.72266;0.73242;0.74219;0.75195;0.76172;0.77148;0.78125;0.79102,0.004242432;0.011855872;0.008245248;0.007467008;0.011169792;0.010995712;0.00852992;0.013732864;0.019810304;0.05159424;0.046340096000000004;0.026811392;0.021035008;0.022936575999999997;0.01425408;0.022480896;0.02898432;0.025928704;0.017068032;0.015386624;0.012722176;0.012043264000000001;0.015491072;0.019236864000000003;0.03371520000000001;0.056699903999999995;0.059182080000000005;0.032354304;0.014447616;0.02601472;0.023570432000000002;0.008717312;0.006075392;0.006096896;0.006409216;0.008988671999999998;0.007440384;0.0056381439999999994;0.004569088;0.0027842559999999997;0.002226176;0.00265728;0.003390464;0.002046976;0.002407424;0.0023838720000000004;0.002589696;0.0024104960000000003;0.001552384;0.0015472639999999998;0.0015390719999999998;0.001860608;0.001632256;0.001420288;0.0017889280000000002;0.001343488;0.00135168;0.001872896;0.001854464;0.00103936;0.001010688;0.000837632;0.000873472;0.00070656;0.0006789119999999999;0.000761856;0.000753664;0.000457728;0.00047206399999999996;0.000418816;0.000535552;0.00040243200000000004;0.00025088;0.000251904;0.00029593599999999995;0.00030617599999999996;0.000275456;0.00039628799999999996;0.000316416
1782542700,hdr,0.0293;0.03906;0.04883;0.05859;0.06836;0.07813;0.08789;0.09766;0.10742;0.11719;0.12695;0.13672;0.14648;0.15625;0.16602;0.17578;0.18555;0.19531;0.20508;0.21484;0.22461;0.23438;0.24414;0.25391;0.26367;0.27344;0.2832;0.29297;0.30273;0.3125;0.32227;0.33203;0.3418;0.35156;0.36133;0.37109;0.38086;0.39063;0.40039;0.41016;0.41992;0.42969;0.43945;0.44922;0.45898;0.46875;0.47852;0.48828;0.49805;0.50781;0.51758;0.52734;0.53711;0.54688;0.55664;0.56641;0.57617;0.58594;0.5957;0.60547;0.61523;0.625;0.63477;0.64453;0.6543;0.66406;0.67383;0.68359;0.69336;0.70313;0.71289;0.72266;0.73242;0.74219;0.75195;0.76172;0.77148;0.78125;0.79102,0.002081792;0.0033679359999999998;0.0030289920000000003;0.005197823999999999;0.011328512;0.017212416;0.023085056;0.019975168;0.0253952;0.04304896;0.042580992;0.032272384;0.016041984;0.014256128;0.017150976;0.013210623999999999;0.015211520000000001;0.009000959999999999;0.006475776;0.008518656000000001;0.010404864;0.014608384;0.020276224;0.02697216;0.030177279999999997;0.025281536;0.03406336;0.0401408;0.028233728;0.027523072;0.014709759999999999;0.007001088000000001;0.009566207999999998;0.009380864000000001;0.00726016;0.00652288;0.005706752;0.0033208319999999997;0.00247808;0.002904064;0.004563968;0.0032020480000000003;0.002847744;0.002920448;0.0015953919999999997;0.002054144;0.00197632;0.002427904;0.0020592640000000003;0.001431552;0.0014735360000000001;0.00197632;0.0013701120000000002;0.001352704;0.00123392;0.000899072;0.0007423999999999999;0.000714752;0.000887808;0.000776192;0.0009738240000000001;0.000787456;0.000801792;0.00077312;0.000607232;0.000620544;0.0005642239999999999;0.00028671999999999997;0.000451584;0.000592896;0.000388096;0.000421888;0.00035942400000000006;0.000382976;0.000391168;0.000413696;0.00042291200000000006;0.00022528;0.000161792
1782543600,hdr,0.0293;0.03906;0.04883;0.05859;0.06836;0.07813;0.08789;0.09766;0.10742;0.11719;0.12695;0.13672;0.14648;0.15625;0.16602;0.17578;0.18555;0.19531;0.20508;0.21484;0.22461;0.23438;0.24414;0.25391;0.26367;0.27344;0.2832;0.29297;0.30273;0.3125;0.32227;0.33203;0.3418;0.35156;0.36133;0.37109;0.38086;0.39063;0.40039;0.41016;0.41992;0.42969;0.43945;0.44922;0.45898;0.46875;0.47852;0.48828;0.49805;0.50781;0.51758;0.52734;0.53711;0.54688;0.55664;0.56641;0.57617;0.58594;0.5957;0.60547;0.61523;0.625;0.63477;0.64453;0.6543;0.66406;0.67383;0.68359;0.69336;0.70313;0.71289;0.72266;0.73242;0.74219;0.75195;0.76172;0.77148;0.78125;0.79102,0.000390144;0.002584576;0.003603456;0.001862656;0.00837632;0.016964608;0.024131583999999998;0.019326976;0.020810752000000002;0.035700736;0.043439104;0.035638272;0.032823296;0.021311488;0.014675968;0.017666048;0.015848448;0.014725120000000001;0.006829056;0.009433088;0.013942784;0.009755648;0.016094208;0.020062207999999998;0.022539264;0.030815232;0.038541312;0.031869952;0.021321727999999998;0.013627392;0.012486656;0.0139776;0.01038848;0.007675904000000001;0.006839296;0.007573504;0.005970944000000001;0.0052469759999999996;0.005358592;0.003359744;0.0043827200000000005;0.0056453119999999996;0.003099648;0.0031016959999999997;0.0022937599999999997;0.003035136;0.0024309759999999996;0.001026048;0.001234944;0.0013424640000000002;0.0011048960000000002;0.0006676480000000001;0.0013424640000000002;0.001307648;0.001032192;0.001031168;0.0014899199999999998;0.000917504;0.0006277120000000001;0.000812032;0.000758784;0.000791552;0.000813056;0.0008048640000000001;0.000772096;0.00041779199999999995;0.00035942400000000006;0.0005980159999999999;0.00047820800000000004;0.00040243200000000004;0.000331776;0.000315392;0.00029286400000000005;0.00029286400000000005;0.000259072;0.00035942400000000006;0.00029183999999999997;0.000242688;0.00023040000000000002
1782544500,hdr,0.0293;0.03906;0.04883;0.05859;0.06836;0.07813;0.08789;0.09766;0.10742;0.11719;0.12695;0.13672;0.14648;0.15625;0.16602;0.17578;0.18555;0.19531;0.20508;0.21484;0.22461;0.23438;0.24414;0.25391;0.26367;0.27344;0.2832;0.29297;0.30273;0.3125;0.32227;0.33203;0.3418;0.35156;0.36133;0.37109;0.38086;0.39063;0.40039;0.41016;0.41992;0.42969;0.43945;0.44922;0.45898;0.46875;0.47852;0.48828;0.49805;0.50781;0.51758;0.52734;0.53711;0.54688;0.55664;0.56641;0.57617;0.58594;0.5957;0.60547;0.61523;0.625;0.63477;0.64453;0.6543;0.66406;0.67383;0.68359;0.69336;0.70313;0.71289;0.72266;0.73242;0.74219;0.75195;0.76172;0.77148;0.78125;0.79102,0.004534272;0.006474751999999999;0.0039936;0.005267456;0.011446272;0.020442112000000002;0.019459072;0.014700544;0.015774720000000002;0.03494912;0.029769728;0.033875968;0.036054015999999994;0.019539967999999998;0.013741056;0.019635200000000002;0.01732608;0.017982464;0.014270464;0.00804352;0.010817536;0.016964608;0.013357056;0.018620415999999997;0.032907264;0.046808063999999996;0.040221696;0.023703552;0.024309760000000003;0.023008255999999998;0.017895424;0.01057792;0.006705152;0.0057149440000000004;0.007416832;0.007995392;0.004726784;0.004150272;0.004412416;0.0044544;0.005780479999999999;0.0038952960000000003;0.0028692479999999996;0.003110912;0.003305472;0.0028487680000000002;0.002229248;0.002097152;0.0020746239999999997;0.001078272;0.0017090559999999998;0.0017459199999999998;0.001654784;0.0012687360000000001;0.001048576;0.0011601919999999998;0.001110016;0.0007280640000000001;0.0007393279999999999;0.000951296;0.0009400319999999999;0.0010475520000000002;0.000632832;0.00054272;0.000766976;0.000813056;0.00044339199999999997;0.000623616;0.0005232639999999998;0.000492544;0.000494592;0.000603136;0.000518144;0.00047001599999999997;0.00030412799999999997;0.00029696;0.00031129599999999997;0.000267264;0.000277504
1782545400,hdr,0.0293;0.03906;0.04883;0.05859;0.06836;0.07813;0.08789;0.09766;0.10742;0.11719;0.12695;0.13672;0.14648;0.15625;0.16602;0.17578;0.18555;0.19531;0.20508;0.21484;0.22461;0.23438;0.24414;0.25391;0.26367;0.27344;0.2832;0.29297;0.30273;0.3125;0.32227;0.33203;0.3418;0.35156;0.36133;0.37109;0.38086;0.39063;0.40039;0.41016;0.41992;0.42969;0.43945;0.44922;0.45898;0.46875;0.47852;0.48828;0.49805;0.50781;0.51758;0.52734;0.53711;0.54688;0.55664;0.56641;0.57617;0.58594;0.5957;0.60547;0.61523;0.625;0.63477;0.64453;0.6543;0.66406;0.67383;0.68359;0.69336;0.70313;0.71289;0.72266;0.73242;0.74219;0.75195;0.76172;0.77148;0.78125;0.79102,0.00088576;0.002220032;0.002982912;0.00230912;0.004774911999999999;0.010319871999999999;0.01734144;0.017202176000000003;0.016222208;0.033143808;0.04605644800000001;0.032689152;0.017275904;0.017767424;0.014022656;0.017412096;0.018980864;0.014471168;0.013953024;0.009593856;0.009040896000000001;0.013109248;0.018906112000000003;0.017265664;0.02379264;0.044332032;0.03388416;0.027203584;0.027425792;0.018050048;0.017806336000000002;0.020323328;0.010945536;0.005586944;0.004544512;0.00622592;0.00363008;0.004195328;0.00562176;0.00444928;0.004130816000000001;0.002527232;0.0031477759999999997;0.0028549120000000002;0.003038208;0.002052096;0.001289216;0.001404928;0.0011007999999999999;0.00151552;0.002304;0.001680384;0.000989184;0.0012400640000000001;0.0014847999999999999;0.0012605440000000002;0.0011970559999999997;0.001364992;0.00128512;0.001273856;0.00165376;0.001722368;0.00110592;0.000635904;0.00047411199999999995;0.000754688;0.000779264;0.000643072;0.0005324799999999999;0.000386048;0.00030617599999999996;0.00038912;0.00040345599999999995;0.000412672;0.00048742400000000003;0.00033792;0.000347136;0.000463872;0.00042496
1782546300,hdr,0.0293;0.03906;0.04883;0.05859;0.06836;0.07813;0.08789;0.09766;0.10742;0.11719;0.12695;0.13672;0.14648;0.15625;0.16602;0.17578;0.18555;0.19531;0.20508;0.21484;0.22461;0.23438;0.24414;0.25391;0.26367;0.27344;0.2832;0.29297;0.30273;0.3125;0.32227;0.33203;0.3418;0.35156;0.36133;0.37109;0.38086;0.39063;0.40039;0.41016;0.41992;0.42969;0.43945;0.44922;0.45898;0.46875;0.47852;0.48828;0.49805;0.50781;0.51758;0.52734;0.53711;0.54688;0.55664;0.56641;0.57617;0.58594;0.5957;0.60547;0.61523;0.625;0.63477;0.64453;0.6543;0.66406;0.67383;0.68359;0.69336;0.70313;0.71289;0.72266;0.73242;0.74219;0.75195;0.76172;0.77148;0.78125;0.79102,0.00027648;0.002619392;0.008049664;0.003115008;0.0123648;0.019171327999999998;0.017912832000000004;0.00766976;0.01479168;0.03202048;0.037873663999999994;0.022236160000000005;0.02026496;0.01161216;0.012331008;0.012257279999999999;0.012083199999999999;0.014903295999999998;0.009804799999999999;0.010521599999999999;0.012105728;0.014427136;0.010049536;0.013797376;0.031197184000000003;0.028603392;0.017334271999999998;0.016999424000000003;0.016212992;0.013657088;0.010404864;0.008567808;0.008436735999999999;0.008570880000000001;0.007703552000000001;0.004373504;0.006515712;0.004931584;0.003096576;0.002752512;0.0016977919999999998;0.003422208;0.004819968;0.0035717120000000003;0.003483648;0.003001344;0.002722816;0.002125824;0.002212864;0.0014376960000000002;0.0013209599999999997;0.001820672;0.001069056;0.0009021439999999999;0.0009256959999999999;0.000775168;0.0011366400000000002;0.0012052480000000001;0.001289216;0.00107008;0.001288192;0.0013475839999999998;0.000736256;0.000715776;0.00089088;0.0009984;0.000847872;0.0005888;0.00044544;0.00046080000000000003;0.00041676800000000003;0.000605184;0.0006778880000000001;0.0005007359999999999;0.00057856;0.000406528;0.00034816000000000003;0.00045568;0.00023961599999999998
1782547200,hdr,0.0293;0.03906;0.04883;0.05859;0.06836;0.07813;0.08789;0.09766;0.10742;0.11719;0.12695;0.13672;0.14648;0.15625;0.16602;0.17578;0.18555;0.19531;0.20508;0.21484;0.22461;0.23438;0.24414;0.25391;0.26367;0.27344;0.2832;0.29297;0.30273;0.3125;0.32227;0.33203;0.3418;0.35156;0.36133;0.37109;0.38086;0.39063;0.40039;0.41016;0.41992;0.42969;0.43945;0.44922;0.45898;0.46875;0.47852;0.48828;0.49805;0.50781;0.51758;0.52734;0.53711;0.54688;0.55664;0.56641;0.57617;0.58594;0.5957;0.60547;0.61523;0.625;0.63477;0.64453;0.6543;0.66406;0.67383;0.68359;0.69336;0.70313;0.71289;0.72266;0.73242;0.74219;0.75195;0.76172;0.77148;0.78125;0.79102,0.003414016;0.006178816000000001;0.006631424;0.003035136;0.01000448;0.020631552;0.014593024;0.013382656000000001;0.015586304;0.022196224;0.036804608;0.02940416;0.023003136000000004;0.015261696;0.01152512;0.006672384;0.01546752;0.019158016;0.008809472;0.008949760000000001;0.0055982079999999995;0.01093632;0.021236736;0.019815423999999998;0.021168128;0.037535743999999996;0.034101248;0.025336832000000004;0.0262656;0.023487487999999997;0.015234047999999998;0.009255936;0.011875328;0.010013696;0.008449024;0.007359487999999999;0.006002688;0.004939776;0.0051271680000000005;0.0038297599999999998;0.00364544;0.003328;0.0033679359999999998;0.0024156159999999998;0.001887232;0.0027392;0.0031467520000000005;0.0026081279999999995;0.002617344;0.001901568;0.0012165119999999999;0.0018882559999999998;0.0016179200000000001;0.001905664;0.0016650240000000002;0.001391616;0.001011712;0.001221632;0.0015206400000000002;0.001189888;0.0011007999999999999;0.0009758719999999999;0.000982016;0.001284096;0.0010680320000000002;0.000679936;0.0005980159999999999;0.001030144;0.0007290879999999999;0.000323584;0.00043110399999999997;0.000659456;0.000692224;0.000350208;0.00037478399999999997;0.00050688;0.000536576;0.000502784;0.000319488
1782548100,hdr,0.0293;0.03906;0.04883;0.05859;0.06836;0.07813;0.08789;0.09766;0.10742;0.11719;0.12695;0.13672;0.14648;0.15625;0.16602;0.17578;0.18555;0.19531;0.20508;0.21484;0.22461;0.23438;0.24414;0.25391;0.26367;0.27344;0.2832;0.29297;0.30273;0.3125;0.32227;0.33203;0.3418;0.35156;0.36133;0.37109;0.38086;0.39063;0.40039;0.41016;0.41992;0.42969;0.43945;0.44922;0.45898;0.46875;0.47852;0.48828;0.49805;0.50781;0.51758;0.52734;0.53711;0.54688;0.55664;0.56641;0.57617;0.58594;0.5957;0.60547;0.61523;0.625;0.63477;0.64453;0.6543;0.66406;0.67383;0.68359;0.69336;0.70313;0.71289;0.72266;0.73242;0.74219;0.75195;0.76172;0.77148;0.78125;0.79102,0.003110912;0.009552896;0.010457088;0.002515968;0.010039296;0.01821184;0.021236736;0.015577088;0.025032704;0.033995776;0.041279487999999996;0.035081216;0.0361984;0.034624512;0.021656576;0.009860095999999999;0.010909696;0.008200191999999999;0.008255488;0.00818688;0.008154112;0.009897983999999999;0.008497152000000001;0.016577536;0.027193344;0.024507392;0.029805568;0.03540992;0.024223744;0.019088384000000003;0.020733951999999996;0.01064448;0.006905856;0.007044096;0.008884224;0.007411711999999999;0.004093952;0.003328;0.003182592;0.0031027200000000002;0.003027968;0.002509824;0.0027965439999999998;0.002441216;0.001924096;0.0021299199999999996;0.00213504;0.0017459199999999998;0.0016179200000000001;0.0018595839999999998;0.00217088;0.0022835200000000003;0.0014151679999999999;0.001026048;0.001294336;0.001306624;0.0012195840000000001;0.001005568;0.000842752;0.0007229440000000001;0.0008488959999999999;0.000896;0.0005683200000000001;0.000700416;0.000736256;0.0008335360000000001;0.0008192000000000001;0.000714752;0.0007557120000000001;0.0005754880000000001;0.00034816000000000003;0.000454656;0.000519168;0.000398336;0.000463872;0.000548864;0.00062976;0.000726016;0.00046489599999999996
1782549000,hdr,0.0293;0.03906;0.04883;0.05859;0.06836;0.07813;0.08789;0.09766;0.10742;0.11719;0.12695;0.13672;0.14648;0.15625;0.16602;0.17578;0.18555;0.19531;0.20508;0.21484;0.22461;0.23438;0.24414;0.25391;0.26367;0.27344;0.2832;0.29297;0.30273;0.3125;0.32227;0.33203;0.3418;0.35156;0.36133;0.37109;0.38086;0.39063;0.40039;0.41016;0.41992;0.42969;0.43945;0.44922;0.45898;0.46875;0.47852;0.48828;0.49805;0.50781;0.51758;0.52734;0.53711;0.54688;0.55664;0.56641;0.57617;0.58594;0.5957;0.60547;0.61523;0.625;0.63477;0.64453;0.6543;0.66406;0.67383;0.68359;0.69336;0.70313;0.71289;0.72266;0.73242;0.74219;0.75195;0.76172;0.77148;0.78125;0.79102,0.004017152;0.029883391999999998;0.025533439999999998;0.006335487999999999;0.022740991999999998;0.028211200000000002;0.016409600000000003;0.018951167999999997;0.016198656;0.018640896;0.025918464;0.027368448;0.022017023999999996;0.01291264;0.007304192;0.009916415999999999;0.013699072;0.010164224;0.007508992;0.009362432;0.011044864;0.009063423999999999;0.011986944;0.017844224000000002;0.028562432000000002;0.034805760000000005;0.020062207999999998;0.0211456;0.02847232;0.016673791999999996;0.015633407999999998;0.011624447999999999;0.009754624;0.0075950079999999994;0.006685696;0.005798911999999999;0.006109184;0.006251520000000001;0.003654656;0.0035809279999999997;0.00382464;0.00433152;0.002844672;0.001472512;0.0013946879999999998;0.0015114240000000001;0.0012165119999999999;0.0009472;0.001662976;0.001775616;0.000939008;0.001371136;0.001119232;0.000867328;0.00117248;0.001033216;0.001359872;0.001564672;0.001149952;0.001166336;0.0011407359999999998;0.001344512;0.001457152;0.0011007999999999999;0.000733184;0.000868352;0.0007168;0.000512;0.00050176;0.0005683200000000001;0.000579584;0.00072704;0.0006778880000000001;0.000774144;0.000748544;0.00052224;0.000646144;0.001022976;0.00103936
1782549900,hdr,0.0293;0.03906;0.04883;0.05859;0.06836;0.07813;0.08789;0.09766;0.10742;0.11719;0.12695;0.13672;0.14648;0.15625;0.16602;0.17578;0.18555;0.19531;0.20508;0.21484;0.22461;0.23438;0.24414;0.25391;0.26367;0.27344;0.2832;0.29297;0.30273;0.3125;0.32227;0.33203;0.3418;0.35156;0.36133;0.37109;0.38086;0.39063;0.40039;0.41016;0.41992;0.42969;0.43945;0.44922;0.45898;0.46875;0.47852;0.48828;0.49805;0.50781;0.51758;0.52734;0.53711;0.54688;0.55664;0.56641;0.57617;0.58594;0.5957;0.60547;0.61523;0.625;0.63477;0.64453;0.6543;0.66406;0.67383;0.68359;0.69336;0.70313;0.71289;0.72266;0.73242;0.74219;0.75195;0.76172;0.77148;0.78125;0.79102,0.00092672;0.011742208;0.019757056;0.008205312;0.008788992;0.017047552;0.016160768;0.015624192;0.021019648000000002;0.031725568;0.035099648000000004;0.032617471999999995;0.022501376;0.016579583999999998;0.011841536;0.011362304;0.012168192;0.011788288000000001;0.014635008;0.014809088;0.015838208;0.013293568;0.014057472;0.011187200000000001;0.022268928;0.025147392;0.024162304;0.032442368;0.026627072;0.017529856;0.013491199999999998;0.009561088;0.007174144;0.0062750720000000005;0.006968320000000001;0.006577152;0.0040704;0.0048486399999999995;0.004553728;0.0036157439999999997;0.00312832;0.002569216;0.00293888;0.0022466560000000005;0.0018411519999999998;0.002204672;0.002176;0.0018176000000000002;0.001091584;0.0009697280000000001;0.00137728;0.001498112;0.0013793280000000002;0.000986112;0.001325056;0.001457152;0.0008601600000000001;0.0012195840000000001;0.001281024;0.001232896;0.001344512;0.001529856;0.001580032;0.000987136;0.0012032;0.00119808;0.001087488;0.000807936;0.001292288;0.001436672;0.000963584;0.0009830400000000001;0.0008069119999999999;0.000837632;0.001091584;0.00115712;0.0007946240000000001;0.000550912;0.0006789119999999999
1782551700,hdr,0.0293;0.03906;0.04883;0.05859;0.06836;0.07813;0.08789;0.09766;0.10742;0.11719;0.12695;0.13672;0.14648;0.15625;0.16602;0.17578;0.18555;0.19531;0.20508;0.21484;0.22461;0.23438;0.24414;0.25391;0.26367;0.27344;0.2832;0.29297;0.30273;0.3125;0.32227;0.33203;0.3418;0.35156;0.36133;0.37109;0.38086;0.39063;0.40039;0.41016;0.41992;0.42969;0.43945;0.44922;0.45898;0.46875;0.47852;0.48828;0.49805;0.50781;0.51758;0.52734;0.53711;0.54688;0.55664;0.56641;0.57617;0.58594;0.5957;0.60547;0.61523;0.625;0.63477;0.64453;0.6543;0.66406;0.67383;0.68359;0.69336;0.70313;0.71289;0.72266;0.73242;0.74219;0.75195;0.76172;0.77148;0.78125;0.79102,0.004491264;0.009576447999999998;0.008819712000000002;0.004393983999999999;0.018343935999999998;0.023657472;0.021832703999999998;0.014962688;0.020045824;0.024359936000000002;0.033636352;0.0361984;0.0111616;0.013267968;0.016913407999999998;0.012116992;0.012763135999999998;0.012410880000000001;0.011499520000000001;0.009590784;0.013526016;0.010189824;0.009450496;0.012960768;0.02259456;0.024725504000000002;0.02116096;0.030014464;0.024027135999999998;0.011112448;0.008168448;0.00781312;0.005888;0.00470528;0.005788672000000001;0.005009407999999999;0.005763072;0.00581632;0.004117504;0.00331264;0.00229888;0.002696192;0.001783808;0.0019394560000000002;0.0017336320000000001;0.002000896;0.001989632;0.000897024;0.0014714879999999997;0.001006592;0.0012083200000000001;0.0014561280000000001;0.001292288;0.001659904;0.0012400640000000001;0.0011007999999999999;0.001364992;0.001558528;0.001711104;0.001113088;0.0012369920000000001;0.00152576;0.001451008;0.002358272;0.002681856;0.002064384;0.001754112;0.001580032;0.002353152;0.0017674240000000003;0.001048576;0.001282048;0.0014796800000000001;0.001898496;0.0012748800000000002;0.000966656;0.000933888;0.000900096;0.001050624
1782552600,hdr,0.0293;0.03906;0.04883;0.05859;0.06836;0.07813;0.08789;0.09766;0.10742;0.11719;0.12695;0.13672;0.14648;0.15625;0.16602;0.17578;0.18555;0.19531;0.20508;0.21484;0.22461;0.23438;0.24414;0.25391;0.26367;0.27344;0.2832;0.29297;0.30273;0.3125;0.32227;0.33203;0.3418;0.35156;0.36133;0.37109;0.38086;0.39063;0.40039;0.41016;0.41992;0.42969;0.43945;0.44922;0.45898;0.46875;0.47852;0.48828;0.49805;0.50781;0.51758;0.52734;0.53711;0.54688;0.55664;0.56641;0.57617;0.58594;0.5957;0.60547;0.61523;0.625;0.63477;0.64453;0.6543;0.66406;0.67383;0.68359;0.69336;0.70313;0.71289;0.72266;0.73242;0.74219;0.75195;0.76172;0.77148;0.78125;0.79102,0.009910272000000001;0.015326208;0.016318463999999998;0.009084927999999999;0.026234880000000002;0.03272192;0.022875136;0.027415552000000003;0.032877567999999996;0.021875712;0.024203264;0.028257280000000003;0.020269056;0.018518015999999998;0.010397696;0.009063423999999999;0.009547776;0.009046016;0.011698176;0.01871872;0.012044288;0.015935487999999998;0.01580032;0.02351616;0.024462335999999998;0.015063040000000001;0.021043199999999998;0.022754304;0.021353472000000002;0.012792832;0.006877183999999999;0.011094016;0.010186752;0.010935295999999999;0.007161855999999999;0.004976639999999999;0.003670016;0.002267136;0.0029839359999999995;0.002874368;0.0017244159999999999;0.00205312;0.00229888;0.00229888;0.00211456;0.001227776;0.000744448;0.00125952;0.001053696;0.001575936;0.001799168;0.002134016;0.001329152;0.00115712;0.001258496;0.001035264;0.0011151359999999999;0.0010936319999999998;0.000543744;0.0012154879999999998;0.001298432;0.001580032;0.001457152;0.001486848;0.0013056;0.001079296;0.001890304;0.0011704320000000001;0.0007946240000000001;0.000771072;0.000734208;0.0006000640000000001;0.0006912;0.000611328;0.000525312;0.001101824;0.0007936;0.000816128;0.000913408
1782553500,hdr,0.0293;0.03906;0.04883;0.05859;0.06836;0.07813;0.08789;0.09766;0.10742;0.11719;0.12695;0.13672;0.14648;0.15625;0.16602;0.17578;0.18555;0.19531;0.20508;0.21484;0.22461;0.23438;0.24414;0.25391;0.26367;0.27344;0.2832;0.29297;0.30273;0.3125;0.32227;0.33203;0.3418;0.35156;0.36133;0.37109;0.38086;0.39063;0.40039;0.41016;0.41992;0.42969;0.43945;0.44922;0.45898;0.46875;0.47852;0.48828;0.49805;0.50781;0.51758;0.52734;0.53711;0.54688;0.55664;0.56641;0.57617;0.58594;0.5957;0.60547;0.61523;0.625;0.63477;0.64453;0.6543;0.66406;0.67383;0.68359;0.69336;0.70313;0.71289;0.72266;0.73242;0.74219;0.75195;0.76172;0.77148;0.78125;0.79102,0.006623232;0.016420864;0.025059328000000002;0.005900287999999999;0.010540032;0.012765183999999999;0.011953152;0.017542144;0.021746687999999997;0.036188160000000004;0.048574464;0.048627712;0.045247487999999995;0.022377472000000002;0.016744447999999995;0.009289728;0.007610368;0.013640704;0.011271168;0.013694976000000001;0.01426432;0.008928255999999999;0.012988416000000001;0.018788351999999998;0.02143232;0.022701056;0.015083520000000001;0.018440191999999998;0.017162240000000002;0.010222592;0.007852032;0.007703552000000001;0.005070848;0.004530176;0.004216832;0.005639168;0.0036474880000000004;0.002849792;0.00374784;0.002823168;0.002179072;0.0020500479999999996;0.001833984;0.0015103999999999999;0.001431552;0.001069056;0.00116224;0.001127424;0.001058816;0.000955392;0.0008458240000000001;0.001101824;0.0008837120000000001;0.0008663039999999999;0.001174528;0.001572864;0.001226752;0.0007843840000000001;0.000743424;0.0006963200000000001;0.000884736;0.000763904;0.0007925759999999999;0.0006123519999999999;0.0007423999999999999;0.000990208;0.0012001280000000002;0.000841728;0.0007464960000000001;0.000759808;0.0005734399999999999;0.000436224;0.0008048640000000001;0.000852992;0.000388096;0.00035532799999999997;0.0006778880000000001;0.0007116799999999999;0.000432128
1782554400,hdr,0.0293;0.03906;0.04883;0.05859;0.06836;0.07813;0.08789;0.09766;0.10742;0.11719;0.12695;0.13672;0.14648;0.15625;0.16602;0.17578;0.18555;0.19531;0.20508;0.21484;0.22461;0.23438;0.24414;0.25391;0.26367;0.27344;0.2832;0.29297;0.30273;0.3125;0.32227;0.33203;0.3418;0.35156;0.36133;0.37109;0.38086;0.39063;0.40039;0.41016;0.41992;0.42969;0.43945;0.44922;0.45898;0.46875;0.47852;0.48828;0.49805;0.50781;0.51758;0.52734;0.53711;0.54688;0.55664;0.56641;0.57617;0.58594;0.5957;0.60547;0.61523;0.625;0.63477;0.64453;0.6543;0.66406;0.67383;0.68359;0.69336;0.70313;0.71289;0.72266;0.73242;0.74219;0.75195;0.76172;0.77148;0.78125;0.79102,0.00154624;0.007882752;0.009604096;0.006854656;0.016401408;0.019333120000000002;0.021291008;0.025146368;0.034541568;0.034258944000000006;0.05323059200000001;0.062585856;0.048375808;0.032311295999999996;0.022674432;0.013602816;0.010105856;0.010061824;0.00953856;0.010748928;0.014098432000000001;0.01430528;0.011990016000000001;0.0208896;0.025688064000000004;0.033040384000000006;0.038153216000000004;0.025090048;0.01479168;0.016584704;0.019237888;0.011042816;0.008244224;0.005918720000000001;0.003820544;0.002863104;0.003857408;0.002217984;0.0023173119999999998;0.0022937599999999997;0.002060288;0.0024156159999999998;0.00187904;0.00165376;0.001758208;0.001656832;0.001193984;0.001374208;0.001420288;0.000770048;0.0010178560000000001;0.0007925759999999999;0.000653312;0.001097728;0.0008488959999999999;0.00079872;0.0008192000000000001;0.00046489599999999996;0.00043827199999999997;0.000692224;0.000775168;0.000544768;0.000636928;0.0006952960000000001;0.00064;0.000526336;0.00046592000000000004;0.000945152;0.000493568;0.00039936;0.000275456;0.000335872;0.000525312;0.000513024;0.0006502400000000001;0.000668672;0.00063488;0.00051712;0.000453632
1782555300,hdr,0.0293;0.03906;0.04883;0.05859;0.06836;0.07813;0.08789;0.09766;0.10742;0.11719;0.12695;0.13672;0.14648;0.15625;0.16602;0.17578;0.18555;0.19531;0.20508;0.21484;0.22461;0.23438;0.24414;0.25391;0.26367;0.27344;0.2832;0.29297;0.30273;0.3125;0.32227;0.33203;0.3418;0.35156;0.36133;0.37109;0.38086;0.39063;0.40039;0.41016;0.41992;0.42969;0.43945;0.44922;0.45898;0.46875;0.47852;0.48828;0.49805;0.50781;0.51758;0.52734;0.53711;0.54688;0.55664;0.56641;0.57617;0.58594;0.5957;0.60547;0.61523;0.625;0.63477;0.64453;0.6543;0.66406;0.67383;0.68359;0.69336;0.70313;0.71289;0.72266;0.73242;0.74219;0.75195;0.76172;0.77148;0.78125;0.79102,0.0022476799999999997;0.009777152;0.01135616;0.00543744;0.014283776;0.014098432000000001;0.014652416000000001;0.01293824;0.019848192000000004;0.031298559999999996;0.03399168;0.045234176;0.038774784;0.033207296000000004;0.030915584;0.017150976;0.008344576;0.012612608;0.01415168;0.013318144;0.012448768;0.013364224000000001;0.013024256;0.014210048000000001;0.018644992;0.016272383999999997;0.018123775999999998;0.01286144;0.0069222400000000005;0.0071393279999999995;0.0071116799999999996;0.006944768;0.008775680000000001;0.008407040000000001;0.004504576;0.0044544;0.003309568;0.002776064;0.002584576;0.00231936;0.0018083840000000001;0.001652736;0.001661952;0.0009564160000000001;0.000867328;0.000894976;0.0010946560000000003;0.0014878720000000001;0.00141312;0.000923648;0.000719872;0.000754688;0.0012308479999999999;0.00077824;0.0006184960000000001;0.0008458240000000001;0.0012687360000000001;0.000734208;0.000610304;0.0005478400000000001;0.000565248;0.000510976;0.0005099519999999999;0.000661504;0.0008202239999999999;0.0009768959999999999;0.000594944;0.000453632;0.0006277120000000001;0.00047206399999999996;0.00046284799999999997;0.0005232639999999998;0.000613376;0.00047411199999999995;0.000569344;0.000516096;0.000590848;0.0007290879999999999;0.000662528
1782556200,hdr,0.0293;0.03906;0.04883;0.05859;0.06836;0.07813;0.08789;0.09766;0.10742;0.11719;0.12695;0.13672;0.14648;0.15625;0.16602;0.17578;0.18555;0.19531;0.20508;0.21484;0.22461;0.23438;0.24414;0.25391;0.26367;0.27344;0.2832;0.29297;0.30273;0.3125;0.32227;0.33203;0.3418;0.35156;0.36133;0.37109;0.38086;0.39063;0.40039;0.41016;0.41992;0.42969;0.43945;0.44922;0.45898;0.46875;0.47852;0.48828;0.49805;0.50781;0.51758;0.52734;0.53711;0.54688;0.55664;0.56641;0.57617;0.58594;0.5957;0.60547;0.61523;0.625;0.63477;0.64453;0.6543;0.66406;0.67383;0.68359;0.69336;0.70313;0.71289;0.72266;0.73242;0.74219;0.75195;0.76172;0.77148;0.78125;0.79102,0.002097152;0.006730752;0.009616384;0.004197376;0.011150335999999999;0.0208384;0.018038784;0.016346112;0.012205056;0.01430016;0.027128832;0.053827584000000005;0.049188864;0.024665087999999998;0.027114496;0.017638400000000002;0.013094912;0.018729984;0.016736256;0.012354559999999999;0.009216;0.008048640000000001;0.01339392;0.0156672;0.015419392;0.025577472;0.021559296;0.010714112000000001;0.008502271999999998;0.008797184;0.005054464;0.004892672000000001;0.005424127999999999;0.004851712;0.0030976;0.002547712;0.002459648;0.0025856;0.002295808;0.0020183040000000003;0.001850368;0.001062912;0.001220608;0.001738752;0.001655808;0.0014653440000000002;0.001814528;0.00128512;0.000898048;0.0009041920000000001;0.000893952;0.0006952960000000001;0.0009297919999999999;0.000933888;0.000842752;0.00096768;0.000770048;0.000896;0.000623616;0.0006850560000000001;0.000617472;0.000653312;0.00047923199999999995;0.00036966399999999996;0.000406528;0.000601088;0.0008744960000000001;0.000899072;0.0006092800000000001;0.000636928;0.000516096;0.000630784;0.0005621760000000001;0.000628736;0.000439296;0.00047308800000000003;0.000350208;0.000316416;0.000468992
1782557100,hdr,0.0293;0.03906;0.04883;0.05859;0.06836;0.07813;0.08789;0.09766;0.10742;0.11719;0.12695;0.13672;0.14648;0.15625;0.16602;0.17578;0.18555;0.19531;0.20508;0.21484;0.22461;0.23438;0.24414;0.25391;0.26367;0.27344;0.2832;0.29297;0.30273;0.3125;0.32227;0.33203;0.3418;0.35156;0.36133;0.37109;0.38086;0.39063;0.40039;0.41016;0.41992;0.42969;0.43945;0.44922;0.45898;0.46875;0.47852;0.48828;0.49805;0.50781;0.51758;0.52734;0.53711;0.54688;0.55664;0.56641;0.57617;0.58594;0.5957;0.60547;0.61523;0.625;0.63477;0.64453;0.6543;0.66406;0.67383;0.68359;0.69336;0.70313;0.71289;0.72266;0.73242;0.74219;0.75195;0.76172;0.77148;0.78125;0.79102,0.000831488;0.0037754880000000005;0.004640767999999999;0.0024422399999999996;0.01288704;0.02804224;0.027411456;0.019981311999999998;0.015854592;0.019812352;0.025481216;0.036845568;0.04512768;0.028719104000000002;0.019407872;0.010958848;0.010759168000000001;0.008695808;0.007361536;0.010100735999999999;0.014859263999999999;0.015895552;0.012169216;0.020578304;0.023908351999999997;0.013328384;0.010809343999999999;0.007380992;0.006709247999999999;0.005611519999999999;0.007450624;0.003303424;0.004462592;0.0038062079999999997;0.002859008;0.0025989119999999997;0.002818048;0.002107392;0.001683456;0.0017663999999999998;0.0019435519999999999;0.002372608;0.001400832;0.000861184;0.0010649599999999998;0.0011714560000000002;0.0017377279999999998;0.0009830400000000001;0.00074752;0.0014438399999999998;0.0009830400000000001;0.0012912639999999999;0.00124928;0.00108544;0.001227776;0.001234944;0.0006840319999999999;0.00063488;0.000809984;0.0007413760000000001;0.000606208;0.000703488;0.000616448;0.00047308800000000003;0.00041779199999999995;0.00047616000000000005;0.00047820800000000004;0.000601088;0.000524288;0.00041984;0.000646144;0.000582656;0.00036761599999999997;0.0006144;0.00079872;0.000607232;0.00064512;0.000521216;0.000567296
1782558000,hdr,0.0293;0.03906;0.04883;0.05859;0.06836;0.07813;0.08789;0.09766;0.10742;0.11719;0.12695;0.13672;0.14648;0.15625;0.16602;0.17578;0.18555;0.19531;0.20508;0.21484;0.22461;0.23438;0.24414;0.25391;0.26367;0.27344;0.2832;0.29297;0.30273;0.3125;0.32227;0.33203;0.3418;0.35156;0.36133;0.37109;0.38086;0.39063;0.40039;0.41016;0.41992;0.42969;0.43945;0.44922;0.45898;0.46875;0.47852;0.48828;0.49805;0.50781;0.51758;0.52734;0.53711;0.54688;0.55664;0.56641;0.57617;0.58594;0.5957;0.60547;0.61523;0.625;0.63477;0.64453;0.6543;0.66406;0.67383;0.68359;0.69336;0.70313;0.71289;0.72266;0.73242;0.74219;0.75195;0.76172;0.77148;0.78125;0.79102,0.0012001280000000002;0.007942144;0.010678271999999999;0.004690944000000001;0.016421888;0.027420672;0.016956416000000002;0.009629696;0.013341696;0.027645952;0.046390272;0.041802752;0.045339647999999996;0.04412416;0.028157952;0.01903616;0.009934848;0.006422528;0.008922112000000001;0.012709887999999999;0.011878399999999999;0.008123392;0.009089024;0.008858624000000002;0.016104448000000004;0.020980736;0.01511936;0.010200063999999998;0.007702528;0.004521984;0.0054435840000000004;0.005106688;0.006798336;0.004639744;0.0037836799999999998;0.003428352;0.0025917439999999996;0.003216384;0.0022528;0.001634304;0.001721344;0.001480704;0.001488896;0.0011151359999999999;0.001251328;0.000909312;0.0011489279999999998;0.0013987840000000001;0.001414144;0.00113152;0.00100352;0.0008386559999999999;0.001281024;0.0011755519999999998;0.0012154879999999998;0.001312768;0.001261568;0.001327104;0.0013824;0.000884736;0.0009830400000000001;0.0010086399999999999;0.000825344;0.000899072;0.000687104;0.000847872;0.0011233280000000003;0.001108992;0.0009973760000000001;0.001089536;0.001117184;0.000795648;0.0005888;0.000505856;0.000566272;0.000611328;0.00050688;0.000482304;0.00046796800000000003
1782558900,hdr,0.0293;0.03906;0.04883;0.05859;0.06836;0.07813;0.08789;0.09766;0.10742;0.11719;0.12695;0.13672;0.14648;0.15625;0.16602;0.17578;0.18555;0.19531;0.20508;0.21484;0.22461;0.23438;0.24414;0.25391;0.26367;0.27344;0.2832;0.29297;0.30273;0.3125;0.32227;0.33203;0.3418;0.35156;0.36133;0.37109;0.38086;0.39063;0.40039;0.41016;0.41992;0.42969;0.43945;0.44922;0.45898;0.46875;0.47852;0.48828;0.49805;0.50781;0.51758;0.52734;0.53711;0.54688;0.55664;0.56641;0.57617;0.58594;0.5957;0.60547;0.61523;0.625;0.63477;0.64453;0.6543;0.66406;0.67383;0.68359;0.69336;0.70313;0.71289;0.72266;0.73242;0.74219;0.75195;0.76172;0.77148;0.78125;0.79102,0.0011151359999999999;0.005408768;0.011900928;0.0025200640000000002;0.004815872;0.016834560000000002;0.024108032;0.026535936;0.024173568;0.024779775999999996;0.035919872;0.032834560000000006;0.042130432;0.028493824;0.025470976;0.016301055999999998;0.007610368;0.011933696;0.010544128;0.010294271999999998;0.00626176;0.006345728;0.005873664;0.008626176;0.013795327999999999;0.017002496;0.013223936;0.01107968;0.008155136;0.004632576;0.004518912;0.004922368;0.005097472;0.004590591999999999;0.004374527999999999;0.003026944;0.0025528319999999997;0.0030976;0.00249856;0.002197504;0.001475584;0.0012318720000000002;0.001147904;0.0022231040000000005;0.0019046400000000002;0.001599488;0.0020357120000000003;0.0023111679999999997;0.00141824;0.0012165119999999999;0.0008458240000000001;0.001256448;0.0013824;0.0020910079999999997;0.002413568;0.001702912;0.001316864;0.001165312;0.002000896;0.0016435199999999999;0.0010946560000000003;0.0010608640000000001;0.0010833919999999999;0.0008704;0.0010250239999999998;0.000789504;0.0007772160000000001;0.000828416;0.000621568;0.00050176;0.0005601279999999999;0.0007219199999999999;0.0006574080000000001;0.0008212479999999999;0.000828416;0.000754688;0.000768;0.0005898240000000001;0.000663552
1782559800,hdr,0.0293;0.03906;0.04883;0.05859;0.06836;0.07813;0.08789;0.09766;0.10742;0.11719;0.12695;0.13672;0.14648;0.15625;0.16602;0.17578;0.18555;0.19531;0.20508;0.21484;0.22461;0.23438;0.24414;0.25391;0.26367;0.27344;0.2832;0.29297;0.30273;0.3125;0.32227;0.33203;0.3418;0.35156;0.36133;0.37109;0.38086;0.39063;0.40039;0.41016;0.41992;0.42969;0.43945;0.44922;0.45898;0.46875;0.47852;0.48828;0.49805;0.50781;0.51758;0.52734;0.53711;0.54688;0.55664;0.56641;0.57617;0.58594;0.5957;0.60547;0.61523;0.625;0.63477;0.64453;0.6543;0.66406;0.67383;0.68359;0.69336;0.70313;0.71289;0.72266;0.73242;0.74219;0.75195;0.76172;0.77148;0.78125;0.79102,0.000502784;0.009459712;0.01648128;0.003992576;0.01296384;0.029428736;0.023346176;0.01556992;0.027528192;0.027297792;0.021284863999999997;0.046099456000000004;0.046400512000000005;0.028425216;0.020583424;0.012344319999999999;0.012734464;0.011741184000000002;0.00733696;0.007382016000000001;0.009712640000000002;0.009174016;0.007512064;0.007885824000000001;0.015686656;0.014841856;0.010754047999999999;0.014337024;0.01664512;0.009445376;0.007378943999999999;0.005984256;0.00504832;0.004043776000000001;0.004107264;0.0032471040000000002;0.0042659840000000004;0.003670016;0.0036474880000000004;0.00317952;0.003509248;0.003150848;0.0011632640000000002;0.0016650240000000002;0.001222656;0.001098752;0.0014878720000000001;0.002405376;0.002377728;0.00237568;0.002167808;0.0020224;0.001942528;0.001707008;0.001284096;0.001529856;0.0024340480000000003;0.00267264;0.001810432;0.001431552;0.00138752;0.001184768;0.002107392;0.001891328;0.000882688;0.001202176;0.00113152;0.00097792;0.000877568;0.0008345599999999999;0.000791552;0.000801792;0.0005888;0.000555008;0.000553984;0.000630784;0.000544768;0.000525312;0.0006041600000000001
1782560700,hdr,0.0293;0.03906;0.04883;0.05859;0.06836;0.07813;0.08789;0.09766;0.10742;0.11719;0.12695;0.13672;0.14648;0.15625;0.16602;0.17578;0.18555;0.19531;0.20508;0.21484;0.22461;0.23438;0.24414;0.25391;0.26367;0.27344;0.2832;0.29297;0.30273;0.3125;0.32227;0.33203;0.3418;0.35156;0.36133;0.37109;0.38086;0.39063;0.40039;0.41016;0.41992;0.42969;0.43945;0.44922;0.45898;0.46875;0.47852;0.48828;0.49805;0.50781;0.51758;0.52734;0.53711;0.54688;0.55664;0.56641;0.57617;0.58594;0.5957;0.60547;0.61523;0.625;0.63477;0.64453;0.6543;0.66406;0.67383;0.68359;0.69336;0.70313;0.71289;0.72266;0.73242;0.74219;0.75195;0.76172;0.77148;0.78125;0.79102,0.0016066560000000001;0.003668992;0.006004736;0.0036812800000000003;0.004215808;0.012135424;0.014546944;0.016657408;0.021936128;0.0158464;0.028226559999999998;0.050343936;0.03540992;0.047512576;0.031896576;0.013972479999999999;0.009001984000000001;0.007022592;0.010747904;0.010988544;0.010210304;0.007519232;0.011461632;0.009153536;0.019886079999999997;0.024279039999999998;0.013624320000000002;0.006754304;0.009057280000000001;0.00979968;0.009590784;0.007576576;0.007133184;0.004361215999999999;0.00300544;0.004499456;0.004324352;0.0031242239999999997;0.003613696;0.002911232;0.0030976;0.0023767040000000003;0.00194048;0.0015738879999999998;0.002512896;0.002331648;0.001890304;0.001544192;0.0016087039999999999;0.00203776;0.0026900479999999996;0.002547712;0.0021862400000000003;0.001913856;0.001885184;0.0018042879999999998;0.001206272;0.001876992;0.001620992;0.00115712;0.00119296;0.001009664;0.001010688;0.00083968;0.001501184;0.000791552;0.000945152;0.0008212479999999999;0.00048639999999999995;0.0005724160000000001;0.0005898240000000001;0.000499712;0.000529408;0.000434176;0.0005703679999999999;0.00052224;0.00047104000000000004;0.000529408;0.000656384
1782561600,hdr,0.0293;0.03906;0.04883;0.05859;0.06836;0.07813;0.08789;0.09766;0.10742;0.11719;0.12695;0.13672;0.14648;0.15625;0.16602;0.17578;0.18555;0.19531;0.20508;0.21484;0.22461;0.23438;0.24414;0.25391;0.26367;0.27344;0.2832;0.29297;0.30273;0.3125;0.32227;0.33203;0.3418;0.35156;0.36133;0.37109;0.38086;0.39063;0.40039;0.41016;0.41992;0.42969;0.43945;0.44922;0.45898;0.46875;0.47852;0.48828;0.49805;0.50781;0.51758;0.52734;0.53711;0.54688;0.55664;0.56641;0.57617;0.58594;0.5957;0.60547;0.61523;0.625;0.63477;0.64453;0.6543;0.66406;0.67383;0.68359;0.69336;0.70313;0.71289;0.72266;0.73242;0.74219;0.75195;0.76172;0.77148;0.78125;0.79102,0.001084416;0.001277952;0.004091904;0.001256448;0.013325312;0.042142719999999995;0.034869248;0.011726848;0.02232832;0.029407232;0.027712511999999998;0.04471808;0.03744256;0.041628672;0.031325184;0.016784384;0.009957376;0.009040896000000001;0.013893632;0.012111872;0.010093567999999999;0.006913024;0.009142272000000002;0.018244608;0.018505728000000003;0.015559680000000001;0.025981952000000003;0.024937472;0.012945408000000002;0.00951808;0.007892992;0.007858176;0.006142976;0.006614016;0.006444032000000001;0.004329472;0.002387968;0.002752512;0.0031426559999999997;0.0047790079999999995;0.003981312;0.002101248;0.0021227520000000003;0.002420736;0.00273408;0.00125952;0.0027740160000000002;0.0039772159999999996;0.0026009600000000003;0.002873344;0.0021667839999999997;0.004028416;0.00310784;0.003831808;0.003457024;0.0023592960000000003;0.002499584;0.0035348480000000006;0.002697216;0.00188928;0.0020244480000000003;0.001289216;0.0013905920000000002;0.00187904;0.001692672;0.0010496000000000001;0.000899072;0.000654336;0.00050688;0.00047411199999999995;0.000483328;0.000623616;0.0010475520000000002;0.001007616;0.000771072;0.000649216;0.000318464;0.0005621760000000001;0.000507904
1782562500,hdr,0.0293;0.03906;0.04883;0.05859;0.06836;0.07813;0.08789;0.09766;0.10742;0.11719;0.12695;0.13672;0.14648;0.15625;0.16602;0.17578;0.18555;0.19531;0.20508;0.21484;0.22461;0.23438;0.24414;0.25391;0.26367;0.27344;0.2832;0.29297;0.30273;0.3125;0.32227;0.33203;0.3418;0.35156;0.36133;0.37109;0.38086;0.39063;0.40039;0.41016;0.41992;0.42969;0.43945;0.44922;0.45898;0.46875;0.47852;0.48828;0.49805;0.50781;0.51758;0.52734;0.53711;0.54688;0.55664;0.56641;0.57617;0.58594;0.5957;0.60547;0.61523;0.625;0.63477;0.64453;0.6543;0.66406;0.67383;0.68359;0.69336;0.70313;0.71289;0.72266;0.73242;0.74219;0.75195;0.76172;0.77148;0.78125;0.79102,0.00068096;0.0023511039999999997;0.004591616;0.003270656;0.009219072;0.027129856;0.025787392;0.022754304;0.019922943999999998;0.029677567999999998;0.044520448000000004;0.06393344;0.055652352;0.057802752;0.037936128;0.033350656;0.01882112;0.012299264;0.009730048;0.010103808;0.01434624;0.012112895999999998;0.015821823999999998;0.015199232;0.015602688;0.013398016;0.013802496;0.020049920000000002;0.013743104;0.007731200000000001;0.007422976;0.006222848;0.004408319999999999;0.003278848;0.003721216;0.004033536;0.003412992;0.0026071040000000003;0.00316928;0.004194304;0.004796416;0.0032532480000000003;0.003088384;0.002746368;0.003926016;0.003059712;0.0030126080000000004;0.0030914560000000002;0.0026327039999999996;0.0027156479999999998;0.004481023999999999;0.00358912;0.003648512;0.003956736;0.004025343999999999;0.00278016;0.0019527680000000001;0.001035264;0.0018012159999999998;0.002451456;0.002164736;0.001337344;0.001225728;0.0016906239999999997;0.0012748800000000002;0.000785408;0.0008509440000000001;0.0007464960000000001;0.000553984;0.0005632;0.000631808;0.000636928;0.00048639999999999995;0.0005468159999999999;0.000736256;0.000769024;0.0006963200000000001;0.0006574080000000001;0.000712704
1782563400,hdr,0.0293;0.03906;0.04883;0.05859;0.06836;0.07813;0.08789;0.09766;0.10742;0.11719;0.12695;0.13672;0.14648;0.15625;0.16602;0.17578;0.18555;0.19531;0.20508;0.21484;0.22461;0.23438;0.24414;0.25391;0.26367;0.27344;0.2832;0.29297;0.30273;0.3125;0.32227;0.33203;0.3418;0.35156;0.36133;0.37109;0.38086;0.39063;0.40039;0.41016;0.41992;0.42969;0.43945;0.44922;0.45898;0.46875;0.47852;0.48828;0.49805;0.50781;0.51758;0.52734;0.53711;0.54688;0.55664;0.56641;0.57617;0.58594;0.5957;0.60547;0.61523;0.625;0.63477;0.64453;0.6543;0.66406;0.67383;0.68359;0.69336;0.70313;0.71289;0.72266;0.73242;0.74219;0.75195;0.76172;0.77148;0.78125;0.79102,0.001898496;0.005216255999999999;0.004337664;0.003459072;0.01040896;0.020312063999999998;0.018743296000000003;0.016412672000000003;0.017004543999999996;0.017215488;0.026630144;0.029052928;0.056472576;0.052833279999999996;0.034973696;0.021786624;0.016759808;0.009667583999999998;0.00877056;0.01088;0.008128512000000001;0.010464256000000002;0.012233728;0.014426112;0.018138112;0.016191488;0.020562944000000003;0.012300288000000001;0.011143168;0.01207808;0.013208576000000001;0.00808448;0.006294528;0.007483392;0.00462336;0.004189184;0.005164032;0.005636096;0.0043878400000000005;0.0051671040000000005;0.006187008;0.005270527999999999;0.005170175999999999;0.004438016;0.0026245120000000003;0.0024709120000000005;0.003040256;0.006820864;0.008824832;0.009128959999999998;0.006680576;0.0035348480000000006;0.00406016;0.005764096000000001;0.004061184;0.003111936;0.00359936;0.0027504639999999998;0.0021626880000000003;0.001670144;0.001352704;0.002015232;0.0026849280000000005;0.001531904;0.0012052480000000001;0.001903616;0.001466368;0.0013404159999999999;0.001536;0.00092672;0.001308672;0.001185792;0.000643072;0.000641024;0.0007249919999999999;0.000805888;0.000679936;0.000674816;0.00046796800000000003
1782564300,hdr,0.0293;0.03906;0.04883;0.05859;0.06836;0.07813;0.08789;0.09766;0.10742;0.11719;0.12695;0.13672;0.14648;0.15625;0.16602;0.17578;0.18555;0.19531;0.20508;0.21484;0.22461;0.23438;0.24414;0.25391;0.26367;0.27344;0.2832;0.29297;0.30273;0.3125;0.32227;0.33203;0.3418;0.35156;0.36133;0.37109;0.38086;0.39063;0.40039;0.41016;0.41992;0.42969;0.43945;0.44922;0.45898;0.46875;0.47852;0.48828;0.49805;0.50781;0.51758;0.52734;0.53711;0.54688;0.55664;0.56641;0.57617;0.58594;0.5957;0.60547;0.61523;0.625;0.63477;0.64453;0.6543;0.66406;0.67383;0.68359;0.69336;0.70313;0.71289;0.72266;0.73242;0.74219;0.75195;0.76172;0.77148;0.78125;0.79102,0.00144896;0.004931584;0.006966272;0.00472576;0.0075448320000000004;0.022962176;0.027222015999999998;0.020788223999999998;0.029651968;0.023000063999999997;0.0224;0.038860799999999994;0.04490752;0.045535232;0.02643968;0.014952448;0.010575872000000002;0.010406912;0.016920576;0.01522176;0.016001024000000003;0.010579967999999999;0.008486912000000001;0.009476096;0.014052352;0.011937792;0.015015936;0.014793727999999999;0.012750848;0.013343744;0.010066944;0.006091776000000001;0.007069696000000001;0.008510464;0.009051136;0.006709247999999999;0.005004288;0.005069824;0.003966976;0.0028989440000000005;0.0016936960000000002;0.003065856;0.003446784;0.003457024;0.0036321279999999997;0.00363008;0.002466816;0.00493568;0.004511744000000001;0.002459648;0.003990528;0.003204096;0.004711424;0.0037396479999999995;0.0054138879999999995;0.004743168;0.0022538239999999998;0.003606528;0.002424832;0.0017663999999999998;0.0019128320000000002;0.002179072;0.002445312;0.001902592;0.0017479680000000001;0.001583104;0.0015411200000000002;0.00065536;0.000964608;0.001294336;0.00117248;0.0010762240000000002;0.00125952;0.001048576;0.0008202239999999999;0.000766976;0.0006891520000000001;0.000642048;0.0007137280000000001
1782565200,hdr,0.0293;0.03906;0.04883;0.05859;0.06836;0.07813;0.08789;0.09766;0.10742;0.11719;0.12695;0.13672;0.14648;0.15625;0.16602;0.17578;0.18555;0.19531;0.20508;0.21484;0.22461;0.23438;0.24414;0.25391;0.26367;0.27344;0.2832;0.29297;0.30273;0.3125;0.32227;0.33203;0.3418;0.35156;0.36133;0.37109;0.38086;0.39063;0.40039;0.41016;0.41992;0.42969;0.43945;0.44922;0.45898;0.46875;0.47852;0.48828;0.49805;0.50781;0.51758;0.52734;0.53711;0.54688;0.55664;0.56641;0.57617;0.58594;0.5957;0.60547;0.61523;0.625;0.63477;0.64453;0.6543;0.66406;0.67383;0.68359;0.69336;0.70313;0.71289;0.72266;0.73242;0.74219;0.75195;0.76172;0.77148;0.78125;0.79102,0.001651712;0.005076991999999999;0.0066304;0.002382848;0.006664192;0.012489727999999999;0.017831935999999996;0.022381568000000004;0.019761151999999997;0.021796864;0.027909120000000003;0.057266176;0.067652608;0.06389452799999999;0.052220928;0.034567168;0.019356672;0.013896704;0.01388032;0.011196415999999999;0.013979647999999999;0.010431488;0.008425472;0.007192576;0.008303616;0.011435008;0.017944576;0.016796672000000002;0.011041792;0.007056384;0.008031232;0.009848832;0.006513664000000001;0.004227072;0.0031815679999999996;0.004222976;0.005157888;0.005393408000000001;0.004278272;0.002382848;0.003692544;0.004007936;0.003252224;0.004411392;0.0037898240000000002;0.004360192;0.004052992;0.002793472;0.001895424;0.002630656;0.004173824;0.005409792;0.007017471999999999;0.005000192;0.0035952639999999995;0.003417088;0.0040366080000000006;0.00233984;0.00221696;0.001794048;0.0015513600000000001;0.001523712;0.0017561599999999999;0.002217984;0.0019517439999999998;0.001672192;0.00099328;0.00109056;0.001132544;0.001040384;0.001307648;0.000887808;0.001011712;0.001132544;0.000898048;0.001002496;0.001036288;0.000775168;0.0007096320000000001
1782566100,hdr,0.0293;0.03906;0.04883;0.05859;0.06836;0.07813;0.08789;0.09766;0.10742;0.11719;0.12695;0.13672;0.14648;0.15625;0.16602;0.17578;0.18555;0.19531;0.20508;0.21484;0.22461;0.23438;0.24414;0.25391;0.26367;0.27344;0.2832;0.29297;0.30273;0.3125;0.32227;0.33203;0.3418;0.35156;0.36133;0.37109;0.38086;0.39063;0.40039;0.41016;0.41992;0.42969;0.43945;0.44922;0.45898;0.46875;0.47852;0.48828;0.49805;0.50781;0.51758;0.52734;0.53711;0.54688;0.55664;0.56641;0.57617;0.58594;0.5957;0.60547;0.61523;0.625;0.63477;0.64453;0.6543;0.66406;0.67383;0.68359;0.69336;0.70313;0.71289;0.72266;0.73242;0.74219;0.75195;0.76172;0.77148;0.78125;0.79102,0.001385472;0.003378176;0.006016;0.003617792;0.005081088000000001;0.01649152;0.01576448;0.011859968;0.024259583999999997;0.031313919999999995;0.038439936;0.050603008000000005;0.04258508799999999;0.042416128;0.044101632;0.020907008;0.02192896;0.01344;0.010234880000000002;0.012442624;0.017545216;0.014798848;0.014157824000000001;0.008304639999999999;0.009811968;0.014249984;0.013821951999999998;0.016678912;0.012558336000000002;0.008989696;0.009577472;0.008208384;0.005351424;0.005057536;0.005696512000000001;0.004421632;0.003938304;0.00387584;0.003355648;0.003252224;0.004198400000000001;0.0045199360000000004;0.004096;0.003023872;0.0033300480000000004;0.003278848;0.001839104;0.0023500800000000005;0.0032921599999999997;0.003472384;0.0035061759999999997;0.0029593600000000003;0.0029859840000000006;0.003206144;0.003986432;0.004888576;0.00428032;0.002445312;0.001854464;0.001686528;0.0019394560000000002;0.001313792;0.001383424;0.00104448;0.001186816;0.001790976;0.002458624;0.0015892480000000001;0.00101376;0.001359872;0.0013578239999999999;0.0011407359999999998;0.001079296;0.0016895999999999999;0.001096704;0.0010475520000000002;0.001900544;0.001557504;0.000995328
1782567000,hdr,0.0293;0.03906;0.04883;0.05859;0.06836;0.07813;0.08789;0.09766;0.10742;0.11719;0.12695;0.13672;0.14648;0.15625;0.16602;0.17578;0.18555;0.19531;0.20508;0.21484;0.22461;0.23438;0.24414;0.25391;0.26367;0.27344;0.2832;0.29297;0.30273;0.3125;0.32227;0.33203;0.3418;0.35156;0.36133;0.37109;0.38086;0.39063;0.40039;0.41016;0.41992;0.42969;0.43945;0.44922;0.45898;0.46875;0.47852;0.48828;0.49805;0.50781;0.51758;0.52734;0.53711;0.54688;0.55664;0.56641;0.57617;0.58594;0.5957;0.60547;0.61523;0.625;0.63477;0.64453;0.6543;0.66406;0.67383;0.68359;0.69336;0.70313;0.71289;0.72266;0.73242;0.74219;0.75195;0.76172;0.77148;0.78125;0.79102,0.00118272;0.003658752;0.005761024;0.0032819200000000002;0.004611072;0.016023551999999996;0.025003008;0.017943551999999998;0.017077248;0.020876288;0.03794944;0.039316479999999994;0.031459327999999995;0.020567039999999998;0.034485247999999996;0.049594368;0.027651072;0.018886655999999998;0.012803072;0.013052928;0.009316352;0.010835968;0.013396991999999998;0.012069888;0.011919359999999999;0.012217344000000002;0.009299967999999999;0.010351616;0.009022464;0.006606848;0.007355392;0.004834304;0.004765696;0.003868672;0.003995648;0.005302272;0.002873344;0.0025497600000000003;0.003339264;0.0028876799999999997;0.0029184000000000002;0.002234368;0.002167808;0.002142208;0.0025753599999999996;0.003249152;0.003417088;0.0033791999999999997;0.003546112;0.002714624;0.0027555839999999997;0.0023767040000000003;0.0037754880000000005;0.003683328;0.003002368;0.0031232000000000005;0.003412992;0.001811456;0.0016066560000000001;0.002613248;0.002700288;0.002409472;0.00202752;0.002143232;0.0017090559999999998;0.002009088;0.0020746239999999997;0.001652736;0.0012400640000000001;0.001432576;0.001186816;0.0012042239999999998;0.0008222720000000001;0.0009574399999999999;0.0015226880000000001;0.001532928;0.001599488;0.001922048;0.001901568
1782567900,hdr,0.0293;0.03906;0.04883;0.05859;0.06836;0.07813;0.08789;0.09766;0.10742;0.11719;0.12695;0.13672;0.14648;0.15625;0.16602;0.17578;0.18555;0.19531;0.20508;0.21484;0.22461;0.23438;0.24414;0.25391;0.26367;0.27344;0.2832;0.29297;0.30273;0.3125;0.32227;0.33203;0.3418;0.35156;0.36133;0.37109;0.38086;0.39063;0.40039;0.41016;0.41992;0.42969;0.43945;0.44922;0.45898;0.46875;0.47852;0.48828;0.49805;0.50781;0.51758;0.52734;0.53711;0.54688;0.55664;0.56641;0.57617;0.58594;0.5957;0.60547;0.61523;0.625;0.63477;0.64453;0.6543;0.66406;0.67383;0.68359;0.69336;0.70313;0.71289;0.72266;0.73242;0.74219;0.75195;0.76172;0.77148;0.78125;0.79102,0.004344832000000001;0.005805056;0.00246272;0.00353792;0.016315392;0.026717184;0.013217791999999999;0.020566016;0.026604544;0.028863488;0.047094784;0.058343424;0.049690623999999996;0.053557248;0.060030976;0.038457344;0.017433599999999997;0.010893312;0.008873984;0.0068474880000000005;0.007671808;0.011025408;0.013513728000000001;0.014059519999999999;0.015499264;0.015463424;0.018043904000000003;0.014436352;0.010016768;0.003542016;0.006858752;0.005978112;0.0057446400000000005;0.003423232;0.002609152;0.0031027200000000002;0.00252416;0.0022712319999999998;0.002142208;0.00265728;0.002996224;0.0024104960000000003;0.003288064;0.002183168;0.002845696;0.0022487040000000002;0.001527808;0.001929216;0.002618368;0.002763776;0.002089984;0.00236032;0.003375104;0.0036024319999999996;0.0033617919999999997;0.0035522559999999997;0.003011584;0.002348032;0.001425408;0.00153088;0.001672192;0.002052096;0.0011161600000000002;0.0011151359999999999;0.001409024;0.001457152;0.000823296;0.0011601919999999998;0.001232896;0.001854464;0.001232896;0.0009697280000000001;0.0012308479999999999;0.001405952;0.0017889280000000002;0.0013424640000000002;0.0014346239999999998;0.001408;0.001603584
1782568800,hdr,0.0293;0.03906;0.04883;0.05859;0.06836;0.07813;0.08789;0.09766;0.10742;0.11719;0.12695;0.13672;0.14648;0.15625;0.16602;0.17578;0.18555;0.19531;0.20508;0.21484;0.22461;0.23438;0.24414;0.25391;0.26367;0.27344;0.2832;0.29297;0.30273;0.3125;0.32227;0.33203;0.3418;0.35156;0.36133;0.37109;0.38086;0.39063;0.40039;0.41016;0.41992;0.42969;0.43945;0.44922;0.45898;0.46875;0.47852;0.48828;0.49805;0.50781;0.51758;0.52734;0.53711;0.54688;0.55664;0.56641;0.57617;0.58594;0.5957;0.60547;0.61523;0.625;0.63477;0.64453;0.6543;0.66406;0.67383;0.68359;0.69336;0.70313;0.71289;0.72266;0.73242;0.74219;0.75195;0.76172;0.77148;0.78125;0.79102,0.00288256;0.009413632;0.011259904000000001;0.007074815999999999;0.008887295999999998;0.025321472;0.026604544;0.026137599999999997;0.033444864000000005;0.037735424;0.025182207999999998;0.025788416;0.06536704;0.08062054399999999;0.041950208;0.027994112;0.02190848;0.014742528;0.012197888;0.011754496;0.009240576;0.007921664;0.009704448;0.012685312;0.0107776;0.009058304;0.009964544;0.010253312;0.010246143999999999;0.008875008;0.006690816;0.005658624;0.004231168;0.003828736;0.0038502399999999996;0.004334592;0.00399872;0.0027555839999999997;0.002468864;0.002523136;0.0025497600000000003;0.002131968;0.003748864;0.002054144;0.00131584;0.0012953600000000002;0.0019394560000000002;0.00163328;0.00151552;0.002149376;0.001809408;0.0022661120000000002;0.00309248;0.0027504639999999998;0.002015232;0.00128;0.0010199039999999999;0.001957888;0.0019046400000000002;0.002210816;0.002225152;0.002173952;0.001603584;0.002683904;0.0015687680000000001;0.001536;0.0015144960000000002;0.000907264;0.0012165119999999999;0.000785408;0.0007413760000000001;0.001281024;0.00109056;0.0005877759999999999;0.0009717759999999999;0.001989632;0.001759232;0.001452032;0.0015964160000000002
1782569700,hdr,0.0293;0.03906;0.04883;0.05859;0.06836;0.07813;0.08789;0.09766;0.10742;0.11719;0.12695;0.13672;0.14648;0.15625;0.16602;0.17578;0.18555;0.19531;0.20508;0.21484;0.22461;0.23438;0.24414;0.25391;0.26367;0.27344;0.2832;0.29297;0.30273;0.3125;0.32227;0.33203;0.3418;0.35156;0.36133;0.37109;0.38086;0.39063;0.40039;0.41016;0.41992;0.42969;0.43945;0.44922;0.45898;0.46875;0.47852;0.48828;0.49805;0.50781;0.51758;0.52734;0.53711;0.54688;0.55664;0.56641;0.57617;0.58594;0.5957;0.60547;0.61523;0.625;0.63477;0.64453;0.6543;0.66406;0.67383;0.68359;0.69336;0.70313;0.71289;0.72266;0.73242;0.74219;0.75195;0.76172;0.77148;0.78125;0.79102,0.008056832;0.017644543999999998;0.0111616;0.007977984;0.015772672;0.03738624;0.025355264;0.014472191999999998;0.024344576;0.033271808;0.035311616000000004;0.036833279999999996;0.030246911999999997;0.039624704;0.030674944;0.018487296000000004;0.011127808;0.008352768;0.004612096;0.007730176;0.009387008;0.010279936;0.009356287999999999;0.007896064;0.009170944000000002;0.013390848;0.010063872;0.008693759999999998;0.006669312;0.0086784;0.012060672;0.006602752;0.003950592;0.0028190719999999997;0.001811456;0.0018718720000000001;0.00176128;0.002594816;0.0027811840000000003;0.0021207039999999997;0.002328576;0.002203648;0.0015063040000000002;0.00146432;0.00151552;0.0011212799999999999;0.0009482239999999999;0.00157184;0.001308672;0.0007833599999999999;0.0013905920000000002;0.001345536;0.001524736;0.0016097280000000002;0.0014991359999999999;0.001338368;0.0009420800000000001;0.0012912639999999999;0.0021862400000000003;0.0023920639999999997;0.001833984;0.0012042239999999998;0.0010833919999999999;0.0014929920000000003;0.001329152;0.001404928;0.0011448320000000001;0.0008069119999999999;0.0012165119999999999;0.00126976;0.001460224;0.00138752;0.00089088;0.0015943679999999999;0.001477632;0.0012052480000000001;0.001678336;0.001091584;0.000776192
1782570600,hdr,0.0293;0.03906;0.04883;0.05859;0.06836;0.07813;0.08789;0.09766;0.10742;0.11719;0.12695;0.13672;0.14648;0.15625;0.16602;0.17578;0.18555;0.19531;0.20508;0.21484;0.22461;0.23438;0.24414;0.25391;0.26367;0.27344;0.2832;0.29297;0.30273;0.3125;0.32227;0.33203;0.3418;0.35156;0.36133;0.37109;0.38086;0.39063;0.40039;0.41016;0.41992;0.42969;0.43945;0.44922;0.45898;0.46875;0.47852;0.48828;0.49805;0.50781;0.51758;0.52734;0.53711;0.54688;0.55664;0.56641;0.57617;0.58594;0.5957;0.60547;0.61523;0.625;0.63477;0.64453;0.6543;0.66406;0.67383;0.68359;0.69336;0.70313;0.71289;0.72266;0.73242;0.74219;0.75195;0.76172;0.77148;0.78125;0.79102,0.002699264;0.005504;0.0075100160000000004;0.010113024;0.014060544;0.032329728;0.025916416;0.015579136;0.026204160000000004;0.040516608;0.037598208;0.043025407999999994;0.065584128;0.068373504;0.051103744;0.025630720000000003;0.017961984;0.01309184;0.014105600000000001;0.011062272000000001;0.012541951999999999;0.008268800000000001;0.009964544;0.012470272;0.011249664;0.012567552;0.01350144;0.015028224;0.010924032000000002;0.007939072;0.0056002560000000005;0.005497856;0.006378496;0.003511296;0.0030945279999999996;0.00249856;0.00316928;0.003054592;0.00225792;0.000989184;0.0015851519999999998;0.002127872;0.0014151679999999999;0.00188928;0.001728512;0.0014653440000000002;0.0014878720000000001;0.00169984;0.00136192;0.001410048;0.001304576;0.001676288;0.001562624;0.001696768;0.002220032;0.001979392;0.002023424;0.0015769599999999999;0.0015964160000000002;0.00134656;0.0017459199999999998;0.002054144;0.001662976;0.0013404159999999999;0.00153088;0.001293312;0.000986112;0.0011202559999999998;0.0013322240000000001;0.001323008;0.00122368;0.001161216;0.0009584639999999999;0.001432576;0.0008765439999999999;0.000809984;0.001038336;0.000932864;0.000620544
1782571500,hdr,0.0293;0.03906;0.04883;0.05859;0.06836;0.07813;0.08789;0.09766;0.10742;0.11719;0.12695;0.13672;0.14648;0.15625;0.16602;0.17578;0.18555;0.19531;0.20508;0.21484;0.22461;0.23438;0.24414;0.25391;0.26367;0.27344;0.2832;0.29297;0.30273;0.3125;0.32227;0.33203;0.3418;0.35156;0.36133;0.37109;0.38086;0.39063;0.40039;0.41016;0.41992;0.42969;0.43945;0.44922;0.45898;0.46875;0.47852;0.48828;0.49805;0.50781;0.51758;0.52734;0.53711;0.54688;0.55664;0.56641;0.57617;0.58594;0.5957;0.60547;0.61523;0.625;0.63477;0.64453;0.6543;0.66406;0.67383;0.68359;0.69336;0.70313;0.71289;0.72266;0.73242;0.74219;0.75195;0.76172;0.77148;0.78125;0.79102,0.00409088;0.008978432;0.010161152;0.00274432;0.010904576000000001;0.019070976000000003;0.022764544;0.028352512000000003;0.026703872;0.030629888;0.025179135999999998;0.028660736;0.042018816;0.037054464;0.03635712;0.023794688;0.013682688;0.010160128000000001;0.00902656;0.009418752;0.008621055999999998;0.010032128000000001;0.007835648;0.008133632;0.013850624;0.010262528;0.012805120000000001;0.011494400000000002;0.009904128;0.01115136;0.00722944;0.0059136;0.0026490879999999995;0.00374784;0.00350208;0.0035778560000000004;0.0025180159999999997;0.001686528;0.001924096;0.00123392;0.0015616000000000002;0.001442816;0.0012728319999999998;0.001353728;0.001298432;0.001293312;0.0013680639999999998;0.00153088;0.0014336;0.0014028799999999998;0.001077248;0.001011712;0.00183808;0.002279424;0.002982912;0.003798016;0.002161664;0.001726464;0.0030668799999999997;0.0028723200000000003;0.0016302080000000002;0.002249728;0.003447808;0.0028927999999999996;0.0023889920000000004;0.0021217280000000002;0.001839104;0.00134144;0.0011120639999999998;0.0011714560000000002;0.0011233280000000003;0.0016773119999999998;0.001498112;0.00098816;0.000796672;0.0007495679999999999;0.0008867839999999999;0.000605184;0.000549888
1782572400,hdr,0.0293;0.03906;0.04883;0.05859;0.06836;0.07813;0.08789;0.09766;0.10742;0.11719;0.12695;0.13672;0.14648;0.15625;0.16602;0.17578;0.18555;0.19531;0.20508;0.21484;0.22461;0.23438;0.24414;0.25391;0.26367;0.27344;0.2832;0.29297;0.30273;0.3125;0.32227;0.33203;0.3418;0.35156;0.36133;0.37109;0.38086;0.39063;0.40039;0.41016;0.41992;0.42969;0.43945;0.44922;0.45898;0.46875;0.47852;0.48828;0.49805;0.50781;0.51758;0.52734;0.53711;0.54688;0.55664;0.56641;0.57617;0.58594;0.5957;0.60547;0.61523;0.625;0.63477;0.64453;0.6543;0.66406;0.67383;0.68359;0.69336;0.70313;0.71289;0.72266;0.73242;0.74219;0.75195;0.76172;0.77148;0.78125;0.79102,0.0062699520000000005;0.012230656;0.008466432;0.0071424;0.010006528;0.004307968;0.007858176;0.030466048000000003;0.029901824;0.023016448000000002;0.035959808;0.031087616000000002;0.034787328;0.0388352;0.031772672;0.019520512;0.016920576;0.01223168;0.012781568;0.00812544;0.008710144;0.011802624;0.011082751999999998;0.008666111999999998;0.012014592000000001;0.011474944;0.007373823999999999;0.007832576;0.006219776000000001;0.007491584;0.00749056;0.00388096;0.001635328;0.002778112;0.003489792;0.001979392;0.001442816;0.002069504;0.002195456;0.00125952;0.000989184;0.0017479680000000001;0.00226816;0.00122368;0.0008222720000000001;0.000868352;0.0010936319999999998;0.001359872;0.0016424959999999998;0.001726464;0.001296384;0.00104448;0.001395712;0.001989632;0.001866752;0.00170496;0.00183808;0.002003968;0.001711104;0.002286592;0.0029378560000000004;0.0017725439999999998;0.00177152;0.0016435199999999999;0.001809408;0.001325056;0.001396736;0.001092608;0.001061888;0.001079296;0.0012554240000000002;0.0008622079999999999;0.0013240320000000002;0.0009625599999999999;0.0005857280000000001;0.000623616;0.0007833599999999999;0.0008366080000000001;0.000857088
1782573300,hdr,0.0293;0.03906;0.04883;0.05859;0.06836;0.07813;0.08789;0.09766;0.10742;0.11719;0.12695;0.13672;0.14648;0.15625;0.16602;0.17578;0.18555;0.19531;0.20508;0.21484;0.22461;0.23438;0.24414;0.25391;0.26367;0.27344;0.2832;0.29297;0.30273;0.3125;0.32227;0.33203;0.3418;0.35156;0.36133;0.37109;0.38086;0.39063;0.40039;0.41016;0.41992;0.42969;0.43945;0.44922;0.45898;0.46875;0.47852;0.48828;0.49805;0.50781;0.51758;0.52734;0.53711;0.54688;0.55664;0.56641;0.57617;0.58594;0.5957;0.60547;0.61523;0.625;0.63477;0.64453;0.6543;0.66406;0.67383;0.68359;0.69336;0.70313;0.71289;0.72266;0.73242;0.74219;0.75195;0.76172;0.77148;0.78125;0.79102,0.000461824;0.00234496;0.00342016;0.000723968;0.003273728;0.012693504000000001;0.026370048;0.010696704;0.01651712;0.026958847999999997;0.025918464;0.02225152;0.046098432;0.034250752;0.04316672;0.059799552;0.042234879999999995;0.015700992;0.012467200000000001;0.009065472;0.009806848;0.011241472;0.009819136000000001;0.008794112000000001;0.007717888;0.007217151999999999;0.010247168;0.00986112;0.008922112000000001;0.008011775999999998;0.0052172799999999995;0.007461888;0.006340607999999999;0.0048609280000000005;0.005403648;0.006639616;0.005279743999999999;0.003204096;0.001778688;0.0018196479999999999;0.002071552;0.0016670720000000001;0.0014899199999999998;0.00182272;0.001528832;0.0014929920000000003;0.0013639680000000001;0.0011448320000000001;0.001265664;0.0014929920000000003;0.0015165439999999999;0.001462272;0.001496064;0.00194048;0.001876992;0.002038784;0.001754112;0.0022353919999999997;0.003008512;0.002835456;0.001803264;0.0016230399999999999;0.001579008;0.001248256;0.001294336;0.000918528;0.0009830400000000001;0.0007116799999999999;0.0008704;0.0010496000000000001;0.001119232;0.0012359679999999998;0.000919552;0.000779264;0.0008765439999999999;0.0006184960000000001;0.000704512;0.00067072;0.000360448
1782574200,hdr,0.0293;0.03906;0.04883;0.05859;0.06836;0.07813;0.08789;0.09766;0.10742;0.11719;0.12695;0.13672;0.14648;0.15625;0.16602;0.17578;0.18555;0.19531;0.20508;0.21484;0.22461;0.23438;0.24414;0.25391;0.26367;0.27344;0.2832;0.29297;0.30273;0.3125;0.32227;0.33203;0.3418;0.35156;0.36133;0.37109;0.38086;0.39063;0.40039;0.41016;0.41992;0.42969;0.43945;0.44922;0.45898;0.46875;0.47852;0.48828;0.49805;0.50781;0.51758;0.52734;0.53711;0.54688;0.55664;0.56641;0.57617;0.58594;0.5957;0.60547;0.61523;0.625;0.63477;0.64453;0.6543;0.66406;0.67383;0.68359;0.69336;0.70313;0.71289;0.72266;0.73242;0.74219;0.75195;0.76172;0.77148;0.78125;0.79102,0.003900416;0.004339712;0.002509824;0.0026398719999999997;0.0060661759999999995;0.014482431999999998;0.015466496;0.014017536;0.017160191999999998;0.023622656;0.025034752;0.027006976000000002;0.033755136;0.038217728;0.031234048000000004;0.02515968;0.020730879999999997;0.012740608;0.012213248;0.007274496;0.00676864;0.008451072;0.011794432;0.013125632;0.010079232;0.008411136;0.010784768;0.015186944;0.010383360000000001;0.006137856;0.007068672000000001;0.00567808;0.0031334399999999995;0.0042536959999999995;0.005885951999999999;0.003938304;0.002361344;0.002659328;0.00144896;0.001731584;0.0021196799999999997;0.00172544;0.001601536;0.0015165439999999999;0.0018042879999999998;0.00193536;0.0034416639999999997;0.003920896;0.004092928;0.0034488319999999998;0.003735552;0.0043806719999999995;0.003633152;0.00270336;0.0020398079999999997;0.002067456;0.001527808;0.0010209280000000002;0.001289216;0.001794048;0.0018923520000000001;0.0011202559999999998;0.0011407359999999998;0.00103936;0.000965632;0.001108992;0.00109056;0.0015185919999999998;0.00115712;0.001201152;0.000720896;0.000765952;0.001031168;0.0005683200000000001;0.0005888;0.000703488;0.000557056;0.000492544;0.00042803200000000007
1782575100,hdr,0.0293;0.03906;0.04883;0.05859;0.06836;0.07813;0.08789;0.09766;0.10742;0.11719;0.12695;0.13672;0.14648;0.15625;0.16602;0.17578;0.18555;0.19531;0.20508;0.21484;0.22461;0.23438;0.24414;0.25391;0.26367;0.27344;0.2832;0.29297;0.30273;0.3125;0.32227;0.33203;0.3418;0.35156;0.36133;0.37109;0.38086;0.39063;0.40039;0.41016;0.41992;0.42969;0.43945;0.44922;0.45898;0.46875;0.47852;0.48828;0.49805;0.50781;0.51758;0.52734;0.53711;0.54688;0.55664;0.56641;0.57617;0.58594;0.5957;0.60547;0.61523;0.625;0.63477;0.64453;0.6543;0.66406;0.67383;0.68359;0.69336;0.70313;0.71289;0.72266;0.73242;0.74219;0.75195;0.76172;0.77148;0.78125;0.79102,0.00029081600000000006;0.001619968;0.001754112;0.001816576;0.003117056;0.01489408;0.025997312;0.024296448000000002;0.024153088;0.029988863999999997;0.018709504000000002;0.015553536;0.025450496000000003;0.026576896;0.02213888;0.017502208;0.020020224;0.014714880000000001;0.008313856;0.004984832000000001;0.008213504000000002;0.012860416000000001;0.009549823999999998;0.008574975999999998;0.007759871999999999;0.009622528;0.010057727999999998;0.010083327999999999;0.009163776;0.008264704;0.006115328;0.007218176;0.007164928;0.0052469759999999996;0.003658752;0.002282496;0.0026705920000000003;0.0022896640000000003;0.0031856640000000004;0.001763328;0.001206272;0.001997824;0.00270336;0.0013004800000000001;0.0017766400000000001;0.001325056;0.00131072;0.0016220159999999998;0.0008509440000000001;0.001325056;0.001631232;0.001811456;0.001580032;0.0011714560000000002;0.001040384;0.001058816;0.001098752;0.0013680639999999998;0.00170496;0.001624064;0.0008468480000000001;0.000719872;0.000781312;0.000842752;0.00136704;0.000918528;0.0006830079999999999;0.0006973439999999999;0.000816128;0.000544768;0.0009697280000000001;0.000795648;0.000381952;0.00029183999999999997;0.000628736;0.000524288;0.00038912;0.000263168;0.000288768
1782576000,hdr,0.0293;0.03906;0.04883;0.05859;0.06836;0.07813;0.08789;0.09766;0.10742;0.11719;0.12695;0.13672;0.14648;0.15625;0.16602;0.17578;0.18555;0.19531;0.20508;0.21484;0.22461;0.23438;0.24414;0.25391;0.26367;0.27344;0.2832;0.29297;0.30273;0.3125;0.32227;0.33203;0.3418;0.35156;0.36133;0.37109;0.38086;0.39063;0.40039;0.41016;0.41992;0.42969;0.43945;0.44922;0.45898;0.46875;0.47852;0.48828;0.49805;0.50781;0.51758;0.52734;0.53711;0.54688;0.55664;0.56641;0.57617;0.58594;0.5957;0.60547;0.61523;0.625;0.63477;0.64453;0.6543;0.66406;0.67383;0.68359;0.69336;0.70313;0.71289;0.72266;0.73242;0.74219;0.75195;0.76172;0.77148;0.78125;0.79102,0.000497664;0.0017807360000000002;0.002115584;0.003918848;0.0075008;0.020603904;0.021192703999999996;0.014380032;0.014359552000000001;0.028781568;0.035975167999999995;0.037610496;0.034789376;0.034082816;0.026255360000000002;0.021472256000000002;0.02081792;0.013220864;0.006252544;0.008470528;0.006659072;0.011339776;0.010376192;0.009894912;0.011302911999999998;0.01162752;0.010176512;0.0118016;0.009913344000000001;0.005990400000000001;0.007118848;0.00605184;0.006157312;0.003852288;0.0045875199999999994;0.003423232;0.002564096;0.0024872960000000004;0.0022732800000000004;0.00297472;0.0032604160000000004;0.002321408;0.002102272;0.001954816;0.0015472639999999998;0.0011233280000000003;0.001097728;0.001247232;0.001483776;0.001188864;0.000955392;0.0013783040000000001;0.001519616;0.00181248;0.0017889280000000002;0.0012912639999999999;0.001544192;0.0025292799999999996;0.0018083840000000001;0.00116224;0.001009664;0.0008212479999999999;0.001176576;0.0013690880000000003;0.001122304;0.00118272;0.0016138239999999998;0.00141312;0.00084992;0.000873472;0.000766976;0.00074752;0.000582656;0.000278528;0.0004352;0.000611328;0.00054272;0.0005478400000000001;0.000344064
1782576900,hdr,0.0293;0.03906;0.04883;0.05859;0.06836;0.07813;0.08789;0.09766;0.10742;0.11719;0.12695;0.13672;0.14648;0.15625;0.16602;0.17578;0.18555;0.19531;0.20508;0.21484;0.22461;0.23438;0.24414;0.25391;0.26367;0.27344;0.2832;0.29297;0.30273;0.3125;0.32227;0.33203;0.3418;0.35156;0.36133;0.37109;0.38086;0.39063;0.40039;0.41016;0.41992;0.42969;0.43945;0.44922;0.45898;0.46875;0.47852;0.48828;0.49805;0.50781;0.51758;0.52734;0.53711;0.54688;0.55664;0.56641;0.57617;0.58594;0.5957;0.60547;0.61523;0.625;0.63477;0.64453;0.6543;0.66406;0.67383;0.68359;0.69336;0.70313;0.71289;0.72266;0.73242;0.74219;0.75195;0.76172;0.77148;0.78125;0.79102,0.00034304;0.0010833919999999999;0.00279552;0.002228224;0.007259135999999999;0.025654272;0.033885184;0.027381759999999998;0.018771968;0.02464256;0.029600768;0.036760576;0.041577472000000004;0.03679744;0.037354496;0.027565055999999998;0.016733184;0.019593216;0.01247232;0.010468351999999998;0.014528511999999999;0.015505408;0.010642431999999999;0.009595904;0.010235904;0.009797631999999999;0.008206336000000002;0.015592447999999998;0.013390848;0.009879552;0.008905728;0.006520832000000001;0.004976639999999999;0.00413696;0.003876864;0.003214336;0.0036116480000000003;0.003373056;0.002404352;0.0023838720000000004;0.002630656;0.002197504;0.002316288;0.001967104;0.0015544320000000001;0.0013690880000000003;0.0015206400000000002;0.00157184;0.001775616;0.002147328;0.0018575360000000001;0.001007616;0.0010250239999999998;0.0024064;0.002173952;0.002072576;0.0033791999999999997;0.0036966399999999997;0.001682432;0.0015063040000000002;0.002142208;0.0016773119999999998;0.001393664;0.0008765439999999999;0.000896;0.0012646399999999998;0.001088512;0.0005007359999999999;0.000543744;0.000908288;0.0009041920000000001;0.000781312;0.000544768;0.0009584639999999999;0.0007137280000000001;0.00041472;0.00047206399999999996;0.00039628799999999996;0.000580608
1782577800,hdr,0.0293;0.03906;0.04883;0.05859;0.06836;0.07813;0.08789;0.09766;0.10742;0.11719;0.12695;0.13672;0.14648;0.15625;0.16602;0.17578;0.18555;0.19531;0.20508;0.21484;0.22461;0.23438;0.24414;0.25391;0.26367;0.27344;0.2832;0.29297;0.30273;0.3125;0.32227;0.33203;0.3418;0.35156;0.36133;0.37109;0.38086;0.39063;0.40039;0.41016;0.41992;0.42969;0.43945;0.44922;0.45898;0.46875;0.47852;0.48828;0.49805;0.50781;0.51758;0.52734;0.53711;0.54688;0.55664;0.56641;0.57617;0.58594;0.5957;0.60547;0.61523;0.625;0.63477;0.64453;0.6543;0.66406;0.67383;0.68359;0.69336;0.70313;0.71289;0.72266;0.73242;0.74219;0.75195;0.76172;0.77148;0.78125;0.79102,0.000518144;0.002458624;0.005566464;0.003556352;0.00972288;0.02963456;0.040841216;0.023960576;0.017586176;0.016472063999999998;0.020042752;0.019524608;0.02171392;0.017998847999999998;0.02979328;0.027113472000000003;0.026903552;0.012649472;0.0067532799999999995;0.0054435840000000004;0.007826432;0.010411008;0.010036224;0.017089536;0.015968256;0.006158336;0.008652799999999999;0.00932352;0.006079487999999999;0.007554048;0.009368575999999998;0.007725056;0.00384;0.004879360000000001;0.005510144;0.0046868479999999995;0.0035952639999999995;0.003770368;0.003542016;0.003695616;0.003103744;0.001591296;0.001738752;0.0024504320000000002;0.0019148799999999999;0.001284096;0.001744896;0.00195584;0.001302528;0.0014438399999999998;0.001107968;0.002048;0.001676288;0.001403904;0.002096128;0.0016384000000000001;0.001714176;0.00142848;0.000907264;0.001154048;0.00183296;0.001826816;0.0014243840000000001;0.001129472;0.0014592000000000001;0.0015872;0.001409024;0.0016906239999999997;0.001271808;0.001161216;0.001542144;0.0019773440000000002;0.0015738879999999998;0.000980992;0.0008468480000000001;0.001127424;0.001406976;0.00152576;0.001552384
1782578700,hdr,0.0293;0.03906;0.04883;0.05859;0.06836;0.07813;0.08789;0.09766;0.10742;0.11719;0.12695;0.13672;0.14648;0.15625;0.16602;0.17578;0.18555;0.19531;0.20508;0.21484;0.22461;0.23438;0.24414;0.25391;0.26367;0.27344;0.2832;0.29297;0.30273;0.3125;0.32227;0.33203;0.3418;0.35156;0.36133;0.37109;0.38086;0.39063;0.40039;0.41016;0.41992;0.42969;0.43945;0.44922;0.45898;0.46875;0.47852;0.48828;0.49805;0.50781;0.51758;0.52734;0.53711;0.54688;0.55664;0.56641;0.57617;0.58594;0.5957;0.60547;0.61523;0.625;0.63477;0.64453;0.6543;0.66406;0.67383;0.68359;0.69336;0.70313;0.71289;0.72266;0.73242;0.74219;0.75195;0.76172;0.77148;0.78125;0.79102,0.0023552;0.005315584000000001;0.007444480000000001;0.0039546880000000005;0.008650752000000001;0.023023616;0.026548224000000002;0.023938048;0.019810304;0.010824704;0.018230272000000002;0.025762816;0.033352704000000004;0.032183296;0.025724928;0.018929664000000002;0.01472;0.011908096000000002;0.011899904;0.013032448;0.011016192000000001;0.011122688;0.013991936000000002;0.012858368;0.008254464;0.009288704;0.01216;0.009479168;0.008439807999999998;0.00771584;0.009802752;0.010699776;0.009059328000000002;0.005223424;0.006191104;0.007257088000000001;0.0036976640000000002;0.003216384;0.004144128;0.003345408;0.0031744;0.0025856;0.002084864;0.001688576;0.0014919679999999998;0.001670144;0.0022241279999999997;0.002622464;0.002251776;0.00176128;0.001221632;0.001938432;0.001296384;0.001225728;0.001586176;0.001460224;0.00134144;0.001502208;0.001604608;0.0013547519999999999;0.0011489279999999998;0.0013701120000000002;0.001503232;0.001992704;0.002029568;0.002265088;0.003186688;0.00268288;0.002566144;0.001557504;0.001885184;0.001714176;0.0017766400000000001;0.0015114240000000001;0.001447936;0.001412096;0.0010250239999999998;0.001650688;0.001401856
1782579600,hdr,0.0293;0.03906;0.04883;0.05859;0.06836;0.07813;0.08789;0.09766;0.10742;0.11719;0.12695;0.13672;0.14648;0.15625;0.16602;0.17578;0.18555;0.19531;0.20508;0.21484;0.22461;0.23438;0.24414;0.25391;0.26367;0.27344;0.2832;0.29297;0.30273;0.3125;0.32227;0.33203;0.3418;0.35156;0.36133;0.37109;0.38086;0.39063;0.40039;0.41016;0.41992;0.42969;0.43945;0.44922;0.45898;0.46875;0.47852;0.48828;0.49805;0.50781;0.51758;0.52734;0.53711;0.54688;0.55664;0.56641;0.57617;0.58594;0.5957;0.60547;0.61523;0.625;0.63477;0.64453;0.6543;0.66406;0.67383;0.68359;0.69336;0.70313;0.71289;0.72266;0.73242;0.74219;0.75195;0.76172;0.77148;0.78125;0.79102,0.007926784;0.016649216;0.013896704;0.00824832;0.006567936000000001;0.024613888;0.037533696;0.036967424;0.025407488000000002;0.018615296000000003;0.022866944;0.02138624;0.027334656;0.024994816;0.023589888;0.024286208;0.023382016;0.02020352;0.01374208;0.008615936;0.005961728;0.006759424;0.010157056000000001;0.010343424;0.015490048000000001;0.017072128;0.014582784;0.011609088;0.009786368;0.01143808;0.011706367999999998;0.008819712000000002;0.00559616;0.006509568;0.005262336;0.00648704;0.004678656;0.003279872;0.0025835520000000002;0.002671616;0.0030904319999999997;0.0023388159999999996;0.00188928;0.00149504;0.0016250880000000002;0.002312192;0.001967104;0.001238016;0.0009297919999999999;0.001845248;0.001580032;0.0010475520000000002;0.001512448;0.002127872;0.0018974719999999999;0.0026286079999999997;0.002219008;0.00238592;0.003059712;0.0034365439999999997;0.0024012799999999996;0.002798592;0.0029378560000000004;0.003598336;0.003529728;0.0033832960000000005;0.0038717440000000003;0.003341312;0.001189888;0.001345536;0.0018216959999999998;0.0020838399999999996;0.0020172799999999998;0.0014929920000000003;0.002048;0.001676288;0.0011120639999999998;0.0010199039999999999;0.0015697920000000002
1782580500,hdr,0.0293;0.03906;0.04883;0.05859;0.06836;0.07813;0.08789;0.09766;0.10742;0.11719;0.12695;0.13672;0.14648;0.15625;0.16602;0.17578;0.18555;0.19531;0.20508;0.21484;0.22461;0.23438;0.24414;0.25391;0.26367;0.27344;0.2832;0.29297;0.30273;0.3125;0.32227;0.33203;0.3418;0.35156;0.36133;0.37109;0.38086;0.39063;0.40039;0.41016;0.41992;0.42969;0.43945;0.44922;0.45898;0.46875;0.47852;0.48828;0.49805;0.50781;0.51758;0.52734;0.53711;0.54688;0.55664;0.56641;0.57617;0.58594;0.5957;0.60547;0.61523;0.625;0.63477;0.64453;0.6543;0.66406;0.67383;0.68359;0.69336;0.70313;0.71289;0.72266;0.73242;0.74219;0.75195;0.76172;0.77148;0.78125;0.79102,0.0057948159999999995;0.008486912000000001;0.010507263999999999;0.008081408;0.004795392;0.01247232;0.033826815999999996;0.028065792;0.013270015999999999;0.025275392;0.021838847999999998;0.015812608;0.035105792000000004;0.041725952;0.022651903999999997;0.021380096;0.012362752000000001;0.009690111999999999;0.010919936;0.006299648;0.006119424;0.012173312;0.010807296;0.009243648000000002;0.015094784000000002;0.013075456000000001;0.010612736000000001;0.01030656;0.009419776;0.00645632;0.007245824;0.008468479999999999;0.006240256;0.006728703999999999;0.006780928;0.007685120000000001;0.0051619840000000005;0.0026705920000000003;0.00289792;0.002828288;0.0026859519999999997;0.002143232;0.002021376;0.001575936;0.001620992;0.001253376;0.001308672;0.002110464;0.0018575360000000001;0.002532352;0.002028544;0.0021985280000000004;0.00246272;0.002691072;0.0031488;0.002924544;0.00193024;0.003236864;0.0034918399999999995;0.003180544;0.002948096;0.0029992960000000003;0.0029952000000000004;0.0019660800000000003;0.002163712;0.002953216;0.0015114240000000001;0.0030627840000000003;0.002714624;0.002604032;0.001924096;0.0014172160000000002;0.0022978559999999996;0.00280064;0.0013987840000000001;0.000826368;0.001774592;0.001531904;0.0011735040000000001
1782581400,hdr,0.0293;0.03906;0.04883;0.05859;0.06836;0.07813;0.08789;0.09766;0.10742;0.11719;0.12695;0.13672;0.14648;0.15625;0.16602;0.17578;0.18555;0.19531;0.20508;0.21484;0.22461;0.23438;0.24414;0.25391;0.26367;0.27344;0.2832;0.29297;0.30273;0.3125;0.32227;0.33203;0.3418;0.35156;0.36133;0.37109;0.38086;0.39063;0.40039;0.41016;0.41992;0.42969;0.43945;0.44922;0.45898;0.46875;0.47852;0.48828;0.49805;0.50781;0.51758;0.52734;0.53711;0.54688;0.55664;0.56641;0.57617;0.58594;0.5957;0.60547;0.61523;0.625;0.63477;0.64453;0.6543;0.66406;0.67383;0.68359;0.69336;0.70313;0.71289;0.72266;0.73242;0.74219;0.75195;0.76172;0.77148;0.78125;0.79102,0.0022661120000000002;0.007449600000000001;0.010083327999999999;0.0030904319999999997;0.008088576;0.030848;0.0276224;0.01862144;0.020072448;0.0243968;0.016799744;0.017816576;0.026390528;0.017248256;0.013967359999999998;0.011129856;0.01289216;0.017098752000000002;0.012447744;0.009619456;0.010469376;0.009138176;0.007220224;0.010360832;0.008727552;0.007852032;0.005701632;0.004903935999999999;0.006265856000000001;0.007514112;0.006537216;0.004557824;0.004020223999999999;0.003693568;0.004722688;0.004143104;0.0030371839999999996;0.0028989440000000005;0.0037048320000000004;0.002663424;0.002914304;0.002847744;0.002666496;0.003447808;0.002599936;0.0019937279999999997;0.00165376;0.001866752;0.0022927360000000005;0.0016250880000000002;0.0019210240000000001;0.001620992;0.0013557760000000002;0.00164864;0.0022906879999999995;0.002633728;0.0034713599999999997;0.004259839999999999;0.0029009920000000002;0.004314112;0.003777536;0.003677184;0.005556224;0.004758528000000001;0.005505024;0.003749888;0.0029859840000000006;0.002251776;0.0029491200000000004;0.0022568959999999996;0.00165888;0.001662976;0.001584128;0.0013926400000000001;0.001900544;0.0016691199999999998;0.000795648;0.000949248;0.001708032
1782582300,hdr,0.0293;0.03906;0.04883;0.05859;0.06836;0.07813;0.08789;0.09766;0.10742;0.11719;0.12695;0.13672;0.14648;0.15625;0.16602;0.17578;0.18555;0.19531;0.20508;0.21484;0.22461;0.23438;0.24414;0.25391;0.26367;0.27344;0.2832;0.29297;0.30273;0.3125;0.32227;0.33203;0.3418;0.35156;0.36133;0.37109;0.38086;0.39063;0.40039;0.41016;0.41992;0.42969;0.43945;0.44922;0.45898;0.46875;0.47852;0.48828;0.49805;0.50781;0.51758;0.52734;0.53711;0.54688;0.55664;0.56641;0.57617;0.58594;0.5957;0.60547;0.61523;0.625;0.63477;0.64453;0.6543;0.66406;0.67383;0.68359;0.69336;0.70313;0.71289;0.72266;0.73242;0.74219;0.75195;0.76172;0.77148;0.78125;0.79102,0.000759808;0.00061952;0.003120128;0.004992;0.005330944;0.020287488000000003;0.039514112;0.029231104;0.038413312;0.025309184;0.020683776;0.023940096;0.026097664;0.017207295999999997;0.017857536;0.015591424;0.0185088;0.01366016;0.011044864;0.00723456;0.006136832;0.00950784;0.011592704;0.011300864;0.010822656000000002;0.009672703999999999;0.009776128;0.014203904;0.009749504;0.008311807999999999;0.005960704;0.005808128;0.0059760640000000005;0.00539648;0.004372480000000001;0.004252672;0.0027852800000000002;0.0029173759999999997;0.0028917760000000004;0.003463168;0.003936256;0.00281088;0.00245248;0.002506752;0.0020224;0.0019527680000000001;0.001933312;0.0026081279999999995;0.0021032959999999997;0.001728512;0.002276352;0.0027023359999999996;0.002931712;0.002960384;0.0031477759999999997;0.0047564799999999996;0.004419584000000001;0.006411264;0.009090047999999998;0.008269824;0.007397376;0.00635904;0.005547008;0.00444416;0.0040294400000000005;0.0033105920000000002;0.002244608;0.0029859840000000006;0.0024012799999999996;0.002532352;0.002308096;0.0018483199999999999;0.002029568;0.00182272;0.001584128;0.001783808;0.0011694079999999998;0.0009431040000000001;0.00065536
1782583200,hdr,0.0293;0.03906;0.04883;0.05859;0.06836;0.07813;0.08789;0.09766;0.10742;0.11719;0.12695;0.13672;0.14648;0.15625;0.16602;0.17578;0.18555;0.19531;0.20508;0.21484;0.22461;0.23438;0.24414;0.25391;0.26367;0.27344;0.2832;0.29297;0.30273;0.3125;0.32227;0.33203;0.3418;0.35156;0.36133;0.37109;0.38086;0.39063;0.40039;0.41016;0.41992;0.42969;0.43945;0.44922;0.45898;0.46875;0.47852;0.48828;0.49805;0.50781;0.51758;0.52734;0.53711;0.54688;0.55664;0.56641;0.57617;0.58594;0.5957;0.60547;0.61523;0.625;0.63477;0.64453;0.6543;0.66406;0.67383;0.68359;0.69336;0.70313;0.71289;0.72266;0.73242;0.74219;0.75195;0.76172;0.77148;0.78125;0.79102,0.0032573439999999997;0.010573824;0.009038848;0.004250624;0.010098688;0.025751552;0.02363392;0.013069312;0.012597248;0.02226176;0.026699776;0.016976896000000002;0.0129024;0.016576512;0.022857728000000004;0.025713664;0.02379264;0.021723135999999997;0.012630015999999999;0.010237952;0.007237632;0.007157759999999999;0.0074455039999999995;0.01051648;0.015314944;0.010561536;0.011068416;0.011921408;0.011170816;0.009903104000000001;0.006165504;0.0064296959999999995;0.006992895999999999;0.006591488;0.003489792;0.0034908160000000003;0.004083712000000001;0.0032511999999999997;0.003016704;0.002817024;0.0023552;0.001476608;0.001855488;0.0019394560000000002;0.001964032;0.002458624;0.001743872;0.001734656;0.00178688;0.0020172799999999998;0.0023470080000000003;0.002523136;0.002444288;0.003487744;0.003463168;0.004059136;0.0032358400000000002;0.005918720000000001;0.005295104;0.00361984;0.0045772799999999995;0.00464896;0.0055480320000000005;0.003591168;0.005686272;0.00426496;0.00285696;0.003278848;0.0019435519999999999;0.002220032;0.002279424;0.001503232;0.001265664;0.0015165439999999999;0.001388544;0.001738752;0.0013148160000000001;0.001030144;0.00119296
1782584100,hdr,0.0293;0.03906;0.04883;0.05859;0.06836;0.07813;0.08789;0.09766;0.10742;0.11719;0.12695;0.13672;0.14648;0.15625;0.16602;0.17578;0.18555;0.19531;0.20508;0.21484;0.22461;0.23438;0.24414;0.25391;0.26367;0.27344;0.2832;0.29297;0.30273;0.3125;0.32227;0.33203;0.3418;0.35156;0.36133;0.37109;0.38086;0.39063;0.40039;0.41016;0.41992;0.42969;0.43945;0.44922;0.45898;0.46875;0.47852;0.48828;0.49805;0.50781;0.51758;0.52734;0.53711;0.54688;0.55664;0.56641;0.57617;0.58594;0.5957;0.60547;0.61523;0.625;0.63477;0.64453;0.6543;0.66406;0.67383;0.68359;0.69336;0.70313;0.71289;0.72266;0.73242;0.74219;0.75195;0.76172;0.77148;0.78125;0.79102,0.007686143999999999;0.013723648000000001;0.01307648;0.0063150079999999996;0.009071616;0.008077312;0.003579904;0.019179520000000002;0.02248704;0.026192896;0.016902144;0.006711296;0.01752064;0.014503936;0.014660608;0.012822528;0.016218112;0.020359168;0.008764416;0.006573056000000001;0.009250816;0.008605696;0.006342656;0.007242752000000001;0.011058176;0.010188800000000001;0.008626176;0.006706176;0.008413183999999999;0.007093248;0.0036556799999999997;0.003858432;0.003661824;0.002931712;0.003478528;0.0025139200000000002;0.001978368;0.003023872;0.0032768000000000003;0.0036095999999999997;0.002766848;0.002358272;0.002123776;0.0028088320000000003;0.001726464;0.001634304;0.0019712;0.001818624;0.001082368;0.001826816;0.002460672;0.00319488;0.004700160000000001;0.00525824;0.005158912;0.003883008;0.003525632;0.004159487999999999;0.0030464;0.0035327999999999996;0.003290112;0.002911232;0.0027504639999999998;0.001900544;0.001345536;0.001110016;0.0021268479999999998;0.002614272;0.00146432;0.0010680320000000002;0.001073152;0.0022702079999999997;0.002208768;0.001395712;0.00090112;0.0009420800000000001;0.001199104;0.001133568;0.000758784
1782585000,hdr,0.0293;0.03906;0.04883;0.05859;0.06836;0.07813;0.08789;0.09766;0.10742;0.11719;0.12695;0.13672;0.14648;0.15625;0.16602;0.17578;0.18555;0.19531;0.20508;0.21484;0.22461;0.23438;0.24414;0.25391;0.26367;0.27344;0.2832;0.29297;0.30273;0.3125;0.32227;0.33203;0.3418;0.35156;0.36133;0.37109;0.38086;0.39063;0.40039;0.41016;0.41992;0.42969;0.43945;0.44922;0.45898;0.46875;0.47852;0.48828;0.49805;0.50781;0.51758;0.52734;0.53711;0.54688;0.55664;0.56641;0.57617;0.58594;0.5957;0.60547;0.61523;0.625;0.63477;0.64453;0.6543;0.66406;0.67383;0.68359;0.69336;0.70313;0.71289;0.72266;0.73242;0.74219;0.75195;0.76172;0.77148;0.78125;0.79102,0.002586624;0.006938624;0.013981696;0.010609664000000001;0.008169472;0.015835136;0.032191488000000004;0.03953664;0.02024448;0.019713024000000003;0.020852736;0.020583424;0.031170559999999996;0.024534016;0.01889792;0.017508351999999998;0.017795072;0.013072384;0.01466368;0.00854528;0.007130111999999999;0.005807104;0.005023743999999999;0.007462912;0.01182208;0.013246464;0.013454335999999999;0.009252864000000001;0.00763904;0.005001216;0.004553728;0.00517632;0.005694464;0.003362816;0.004047872;0.0038420480000000003;0.004239359999999999;0.003765248;0.002960384;0.004451328;0.004057088;0.003299328;0.00553472;0.005486591999999999;0.00291328;0.0026296320000000002;0.002494464;0.0023511039999999997;0.003514368;0.003713024;0.00336896;0.003469312;0.0042659840000000004;0.006473728;0.00705024;0.004890624;0.0041164800000000005;0.005180416;0.004551680000000001;0.004731904;0.004666368000000001;0.0027965439999999998;0.003158016;0.002881536;0.002692096;0.0024739840000000003;0.0020838399999999996;0.001544192;0.001383424;0.0020930559999999994;0.001782784;0.0017131520000000001;0.002486272;0.0016916480000000002;0.0024064;0.0012288;0.001006592;0.0012748800000000002;0.001226752
1782585900,hdr,0.0293;0.03906;0.04883;0.05859;0.06836;0.07813;0.08789;0.09766;0.10742;0.11719;0.12695;0.13672;0.14648;0.15625;0.16602;0.17578;0.18555;0.19531;0.20508;0.21484;0.22461;0.23438;0.24414;0.25391;0.26367;0.27344;0.2832;0.29297;0.30273;0.3125;0.32227;0.33203;0.3418;0.35156;0.36133;0.37109;0.38086;0.39063;0.40039;0.41016;0.41992;0.42969;0.43945;0.44922;0.45898;0.46875;0.47852;0.48828;0.49805;0.50781;0.51758;0.52734;0.53711;0.54688;0.55664;0.56641;0.57617;0.58594;0.5957;0.60547;0.61523;0.625;0.63477;0.64453;0.6543;0.66406;0.67383;0.68359;0.69336;0.70313;0.71289;0.72266;0.73242;0.74219;0.75195;0.76172;0.77148;0.78125;0.79102,0.001534976;0.005792768;0.008460288;0.0035348480000000006;0.008991744000000001;0.02999296;0.020959232;0.028021760000000003;0.025115648;0.019828736;0.017004543999999996;0.02235904;0.017015808;0.016417791999999997;0.017800192;0.017923072;0.011680768;0.013773823999999999;0.01354752;0.008946688;0.0073410559999999994;0.008486912000000001;0.008670208;0.0084992;0.008909824;0.010814464;0.009399296;0.00714752;0.0047912960000000004;0.00538112;0.006404096000000001;0.0053463040000000005;0.004027391999999999;0.004889599999999999;0.002251776;0.003296256;0.0033638400000000003;0.0026849280000000005;0.0023111679999999997;0.002023424;0.0021207039999999997;0.0024012799999999996;0.0016906239999999997;0.0019937279999999997;0.002929664;0.002072576;0.001498112;0.002722816;0.0032849919999999996;0.003679232;0.0064348159999999995;0.009591808;0.0073216;0.008332288;0.008269824;0.005182464000000001;0.005510144;0.007349248000000001;0.005144576;0.0065566719999999995;0.0044851199999999996;0.002308096;0.001979392;0.0024104960000000003;0.0023767040000000003;0.001924096;0.002195456;0.0027586560000000004;0.003510272;0.0027975680000000003;0.001502208;0.001439744;0.0021524480000000004;0.002161664;0.0014448640000000001;0.0014817279999999999;0.001984512;0.001316864;0.0011796480000000002
1782586800,hdr,0.0293;0.03906;0.04883;0.05859;0.06836;0.07813;0.08789;0.09766;0.10742;0.11719;0.12695;0.13672;0.14648;0.15625;0.16602;0.17578;0.18555;0.19531;0.20508;0.21484;0.22461;0.23438;0.24414;0.25391;0.26367;0.27344;0.2832;0.29297;0.30273;0.3125;0.32227;0.33203;0.3418;0.35156;0.36133;0.37109;0.38086;0.39063;0.40039;0.41016;0.41992;0.42969;0.43945;0.44922;0.45898;0.46875;0.47852;0.48828;0.49805;0.50781;0.51758;0.52734;0.53711;0.54688;0.55664;0.56641;0.57617;0.58594;0.5957;0.60547;0.61523;0.625;0.63477;0.64453;0.6543;0.66406;0.67383;0.68359;0.69336;0.70313;0.71289;0.72266;0.73242;0.74219;0.75195;0.76172;0.77148;0.78125;0.79102,0.003764224;0.00513536;0.004682751999999999;0.0028487680000000002;0.0054609920000000005;0.025751552;0.035500032;0.032418815999999996;0.02978816;0.018237439999999997;0.023026688;0.016482304;0.017768448;0.015617024000000002;0.017222656;0.019037184000000002;0.01220096;0.016200704000000003;0.013142016;0.005090304;0.006329344;0.0078336;0.006964224;0.008902656;0.008841215999999999;0.014114815999999999;0.015272959999999999;0.01077248;0.006744063999999999;0.005018624;0.004503552;0.003597312;0.002885632;0.0031395840000000004;0.003533824;0.002811904;0.0022702079999999997;0.002167808;0.0021370879999999997;0.00291328;0.0028620800000000004;0.002168832;0.0020029439999999996;0.00291328;0.004690944000000001;0.003995648;0.005856256000000001;0.0049080320000000005;0.0041216000000000004;0.005287936000000001;0.009544704;0.008333312;0.008756224;0.010436608;0.007512064;0.006957056;0.008489984;0.0038840320000000004;0.0034334720000000003;0.005573631999999999;0.005599232;0.004441088;0.004245504000000001;0.0046919679999999995;0.003823616;0.003377152;0.002955264;0.0030976;0.002630656;0.0022702079999999997;0.0021411840000000004;0.002207744;0.001870848;0.002308096;0.00257024;0.002062336;0.002023424;0.0025333760000000004;0.002535424
1782587700,hdr,0.0293;0.03906;0.04883;0.05859;0.06836;0.07813;0.08789;0.09766;0.10742;0.11719;0.12695;0.13672;0.14648;0.15625;0.16602;0.17578;0.18555;0.19531;0.20508;0.21484;0.22461;0.23438;0.24414;0.25391;0.26367;0.27344;0.2832;0.29297;0.30273;0.3125;0.32227;0.33203;0.3418;0.35156;0.36133;0.37109;0.38086;0.39063;0.40039;0.41016;0.41992;0.42969;0.43945;0.44922;0.45898;0.46875;0.47852;0.48828;0.49805;0.50781;0.51758;0.52734;0.53711;0.54688;0.55664;0.56641;0.57617;0.58594;0.5957;0.60547;0.61523;0.625;0.63477;0.64453;0.6543;0.66406;0.67383;0.68359;0.69336;0.70313;0.71289;0.72266;0.73242;0.74219;0.75195;0.76172;0.77148;0.78125;0.79102,0.0060385280000000005;0.013267968;0.009109504;0.00636928;0.009540608;0.017936384000000003;0.032082943999999995;0.036946944;0.023995392;0.0208128;0.028172288;0.014068735999999998;0.016318463999999998;0.018886655999999998;0.007472128;0.015284224;0.018854912;0.019666944;0.01452544;0.012735488;0.0053616639999999995;0.003821568;0.005649408000000001;0.005732352;0.009310207999999999;0.012353536;0.008628224;0.008879103999999999;0.007339008;0.0060887039999999995;0.005440512;0.006311936000000001;0.00531456;0.003032064;0.00282112;0.0025139200000000002;0.002171904;0.0026234879999999998;0.0028416;0.002356224;0.002308096;0.0024156159999999998;0.002072576;0.002205696;0.002835456;0.00453632;0.0055009279999999995;0.005791744;0.005690368;0.005656576;0.00819712;0.007615488;0.00466432;0.005210112;0.005522432;0.003953664;0.003058688;0.003712;0.003048448;0.002776064;0.0027975680000000003;0.0029429759999999995;0.003059712;0.001861632;0.002720768;0.002213888;0.0015493120000000002;0.0024852480000000002;0.0022968320000000004;0.002308096;0.002044928;0.0018718720000000001;0.002204672;0.001969152;0.001866752;0.0017408;0.001711104;0.001313792;0.000978944
1782588600,hdr,0.0293;0.03906;0.04883;0.05859;0.06836;0.07813;0.08789;0.09766;0.10742;0.11719;0.12695;0.13672;0.14648;0.15625;0.16602;0.17578;0.18555;0.19531;0.20508;0.21484;0.22461;0.23438;0.24414;0.25391;0.26367;0.27344;0.2832;0.29297;0.30273;0.3125;0.32227;0.33203;0.3418;0.35156;0.36133;0.37109;0.38086;0.39063;0.40039;0.41016;0.41992;0.42969;0.43945;0.44922;0.45898;0.46875;0.47852;0.48828;0.49805;0.50781;0.51758;0.52734;0.53711;0.54688;0.55664;0.56641;0.57617;0.58594;0.5957;0.60547;0.61523;0.625;0.63477;0.64453;0.6543;0.66406;0.67383;0.68359;0.69336;0.70313;0.71289;0.72266;0.73242;0.74219;0.75195;0.76172;0.77148;0.78125;0.79102,0.002778112;0.0053411840000000006;0.0036720640000000005;0.003566592;0.009703424;0.030775296;0.029520896;0.021581824;0.02604032;0.02912768;0.021927936;0.021275648;0.013251583999999999;0.015782912;0.02377728;0.01849856;0.016636928;0.018051072;0.013425663999999999;0.010846208000000001;0.0070195200000000004;0.005906432;0.00559616;0.007447552;0.006885376;0.006265856000000001;0.005302272;0.0051712;0.005962752;0.00587776;0.0026849280000000005;0.0024391680000000002;0.002767872;0.0028088320000000003;0.0024002560000000004;0.0022937599999999997;0.0027269119999999997;0.0023050239999999997;0.002113536;0.002697216;0.0036392959999999998;0.005228544;0.005959679999999999;0.006825984;0.008569855999999999;0.011133952;0.006863871999999999;0.006501376;0.007670784000000001;0.007119872;0.00452608;0.007077888;0.006980608;0.00532992;0.005215232;0.0047841279999999995;0.004054016;0.0034816;0.0037191679999999997;0.0042414079999999995;0.0029163519999999997;0.0026286079999999997;0.003150848;0.0038502399999999996;0.0034304;0.0016773119999999998;0.001676288;0.001672192;0.00279552;0.0027822079999999996;0.0038410239999999997;0.003241984;0.00200704;0.0023265280000000004;0.0017807360000000002;0.001480704;0.00116224;0.001110016;0.001559552
1782589500,hdr,0.0293;0.03906;0.04883;0.05859;0.06836;0.07813;0.08789;0.09766;0.10742;0.11719;0.12695;0.13672;0.14648;0.15625;0.16602;0.17578;0.18555;0.19531;0.20508;0.21484;0.22461;0.23438;0.24414;0.25391;0.26367;0.27344;0.2832;0.29297;0.30273;0.3125;0.32227;0.33203;0.3418;0.35156;0.36133;0.37109;0.38086;0.39063;0.40039;0.41016;0.41992;0.42969;0.43945;0.44922;0.45898;0.46875;0.47852;0.48828;0.49805;0.50781;0.51758;0.52734;0.53711;0.54688;0.55664;0.56641;0.57617;0.58594;0.5957;0.60547;0.61523;0.625;0.63477;0.64453;0.6543;0.66406;0.67383;0.68359;0.69336;0.70313;0.71289;0.72266;0.73242;0.74219;0.75195;0.76172;0.77148;0.78125;0.79102,0.00597504;0.0067358719999999995;0.006797312;0.004575232;0.011283456;0.02499072;0.04457881600000001;0.041511936;0.020315135999999998;0.011976704;0.035550208;0.029006848000000002;0.016793600000000002;0.014912512;0.011364352000000001;0.011385856;0.009235455999999998;0.011082751999999998;0.011168768;0.010608639999999999;0.006578176000000001;0.005108736000000001;0.007297024;0.008154112;0.0069324799999999995;0.011206656;0.012423168;0.011394047999999999;0.009355263999999999;0.005807104;0.003931136;0.0043335679999999994;0.003811328;0.0025384959999999995;0.003396608;0.00246784;0.002527232;0.00246784;0.002108416;0.0018944;0.002243584;0.0042485760000000004;0.005310464;0.0024371200000000005;0.004334592;0.005491711999999999;0.004637696;0.003531776;0.005957632000000001;0.00653312;0.004364288000000001;0.004468736;0.004343808;0.0032389119999999996;0.004996095999999999;0.007524352000000001;0.006087679999999999;0.0034580479999999996;0.004050944000000001;0.0035809279999999997;0.0028395519999999995;0.0022661120000000002;0.002229248;0.002353152;0.0027402240000000003;0.0028272640000000003;0.001861632;0.0012359679999999998;0.001014784;0.0014274560000000001;0.0018432000000000001;0.0021411840000000004;0.00263168;0.00231424;0.001391616;0.0019210240000000001;0.00172544;0.00129024;0.001645568
1782590400,hdr,0.0293;0.03906;0.04883;0.05859;0.06836;0.07813;0.08789;0.09766;0.10742;0.11719;0.12695;0.13672;0.14648;0.15625;0.16602;0.17578;0.18555;0.19531;0.20508;0.21484;0.22461;0.23438;0.24414;0.25391;0.26367;0.27344;0.2832;0.29297;0.30273;0.3125;0.32227;0.33203;0.3418;0.35156;0.36133;0.37109;0.38086;0.39063;0.40039;0.41016;0.41992;0.42969;0.43945;0.44922;0.45898;0.46875;0.47852;0.48828;0.49805;0.50781;0.51758;0.52734;0.53711;0.54688;0.55664;0.56641;0.57617;0.58594;0.5957;0.60547;0.61523;0.625;0.63477;0.64453;0.6543;0.66406;0.67383;0.68359;0.69336;0.70313;0.71289;0.72266;0.73242;0.74219;0.75195;0.76172;0.77148;0.78125;0.79102,0.007738368000000001;0.008523776;0.011085824000000001;0.0068229119999999996;0.011204608;0.02757632;0.032698368000000005;0.03326566400000001;0.027887616;0.028583936;0.02562048;0.028890112;0.038484991999999996;0.03034624;0.017312768;0.010179584;0.01110016;0.013524991999999998;0.009009152;0.007882752;0.005441536;0.008108032;0.01074688;0.006814720000000001;0.006185984;0.007093248;0.009154559999999999;0.0060907520000000005;0.004084736;0.005656576;0.009572352000000001;0.005239808;0.003165184;0.002973696;0.002813952;0.0023357440000000003;0.002322432;0.0019886079999999998;0.001521664;0.002372608;0.003069952;0.0038717440000000003;0.004734975999999999;0.00463872;0.005168128000000001;0.003770368;0.00367616;0.003812352;0.0031815679999999996;0.00299008;0.0034109440000000004;0.0033679359999999998;0.003538944;0.0024002560000000004;0.0018995200000000002;0.0033167360000000002;0.002895872;0.002180096;0.0022568959999999996;0.001907712;0.001534976;0.0018882559999999998;0.0012001280000000002;0.0017131520000000001;0.0013475839999999998;0.00131584;0.001941504;0.0021626880000000003;0.0018687999999999999;0.0020357120000000003;0.00177152;0.001678336;0.0012687360000000001;0.001129472;0.001555456;0.0020797439999999997;0.002066432;0.001924096;0.002112512
1782591300,hdr,0.0293;0.03906;0.04883;0.05859;0.06836;0.07813;0.08789;0.09766;0.10742;0.11719;0.12695;0.13672;0.14648;0.15625;0.16602;0.17578;0.18555;0.19531;0.20508;0.21484;0.22461;0.23438;0.24414;0.25391;0.26367;0.27344;0.2832;0.29297;0.30273;0.3125;0.32227;0.33203;0.3418;0.35156;0.36133;0.37109;0.38086;0.39063;0.40039;0.41016;0.41992;0.42969;0.43945;0.44922;0.45898;0.46875;0.47852;0.48828;0.49805;0.50781;0.51758;0.52734;0.53711;0.54688;0.55664;0.56641;0.57617;0.58594;0.5957;0.60547;0.61523;0.625;0.63477;0.64453;0.6543;0.66406;0.67383;0.68359;0.69336;0.70313;0.71289;0.72266;0.73242;0.74219;0.75195;0.76172;0.77148;0.78125;0.79102,0.001385472;0.00335872;0.004120576;0.001490944;0.005225472;0.030461952;0.042258432;0.038424576;0.022327296000000003;0.058548223999999996;0.044403712;0.022263808;0.019291136000000004;0.018355200000000002;0.017446912000000002;0.010565632000000002;0.010105856;0.008854528;0.008516608;0.011101184;0.010845183999999999;0.01035776;0.007245824;0.008333312;0.007240704;0.008158208;0.007097344;0.007714816;0.007876608;0.004491264;0.0032020480000000003;0.003470336;0.003222528;0.004062208;0.002404352;0.0014581759999999998;0.0019455999999999998;0.0022353919999999997;0.001688576;0.002254848;0.0018278399999999998;0.0012113920000000002;0.002911232;0.0032020480000000003;0.003212288;0.00354304;0.002229248;0.0016906239999999997;0.0042014719999999995;0.004297728;0.005153792000000001;0.002619392;0.002409472;0.002803712;0.002107392;0.001580032;0.001253376;0.001806336;0.002532352;0.002650112;0.001770496;0.0013680639999999998;0.00155648;0.001714176;0.002236416;0.003325952;0.001969152;0.001395712;0.001298432;0.001258496;0.001209344;0.0018810880000000002;0.001452032;0.0016670720000000001;0.001257472;0.001149952;0.0012113920000000002;0.0013404159999999999;0.0010649599999999998
1782592200,hdr,0.0293;0.03906;0.04883;0.05859;0.06836;0.07813;0.08789;0.09766;0.10742;0.11719;0.12695;0.13672;0.14648;0.15625;0.16602;0.17578;0.18555;0.19531;0.20508;0.21484;0.22461;0.23438;0.24414;0.25391;0.26367;0.27344;0.2832;0.29297;0.30273;0.3125;0.32227;0.33203;0.3418;0.35156;0.36133;0.37109;0.38086;0.39063;0.40039;0.41016;0.41992;0.42969;0.43945;0.44922;0.45898;0.46875;0.47852;0.48828;0.49805;0.50781;0.51758;0.52734;0.53711;0.54688;0.55664;0.56641;0.57617;0.58594;0.5957;0.60547;0.61523;0.625;0.63477;0.64453;0.6543;0.66406;0.67383;0.68359;0.69336;0.70313;0.71289;0.72266;0.73242;0.74219;0.75195;0.76172;0.77148;0.78125;0.79102,0.000744448;0.005811200000000001;0.011931648;0.00452608;0.00920064;0.024589312;0.032586752;0.020074496;0.023652351999999998;0.035426304000000006;0.044941312000000004;0.04396544;0.032459775999999996;0.014517248;0.017033216;0.017533952;0.015729663999999997;0.01253888;0.00884224;0.008819712000000002;0.008763392;0.01348608;0.008763392;0.005914623999999999;0.010108928;0.009929728;0.007025664;0.005880831999999999;0.007333888;0.006119424;0.00418816;0.004000768;0.004854784000000001;0.005615616;0.004452352;0.0020121600000000003;0.002835456;0.0035645440000000002;0.00242176;0.0018841600000000002;0.0012042239999999998;0.0015165439999999999;0.001593344;0.002888704;0.0030535679999999996;0.001893376;0.0035850240000000005;0.004365312;0.003575808;0.0028692479999999996;0.0027975680000000003;0.001905664;0.001931264;0.001708032;0.0015667199999999997;0.00128512;0.001371136;0.0022538239999999998;0.002531328;0.002427904;0.002177024;0.001931264;0.001430528;0.001113088;0.0017039359999999999;0.001796096;0.0015769599999999999;0.001765376;0.001288192;0.0011673599999999999;0.0014192640000000002;0.0012523519999999998;0.0020224;0.001887232;0.001373184;0.0015677439999999998;0.001462272;0.0013926400000000001;0.001627136
1782593100,hdr,0.0293;0.03906;0.04883;0.05859;0.06836;0.07813;0.08789;0.09766;0.10742;0.11719;0.12695;0.13672;0.14648;0.15625;0.16602;0.17578;0.18555;0.19531;0.20508;0.21484;0.22461;0.23438;0.24414;0.25391;0.26367;0.27344;0.2832;0.29297;0.30273;0.3125;0.32227;0.33203;0.3418;0.35156;0.36133;0.37109;0.38086;0.39063;0.40039;0.41016;0.41992;0.42969;0.43945;0.44922;0.45898;0.46875;0.47852;0.48828;0.49805;0.50781;0.51758;0.52734;0.53711;0.54688;0.55664;0.56641;0.57617;0.58594;0.5957;0.60547;0.61523;0.625;0.63477;0.64453;0.6543;0.66406;0.67383;0.68359;0.69336;0.70313;0.71289;0.72266;0.73242;0.74219;0.75195;0.76172;0.77148;0.78125;0.79102,0.002584576;0.0068096;0.006853632;0.006096896;0.008408064;0.02845696;0.039481343999999995;0.029366272;0.01677312;0.018500608;0.020985856;0.024142848;0.017554432;0.0123648;0.01094656;0.013533184000000002;0.012852224;0.0083712;0.015246336;0.013406208;0.008935423999999999;0.00862208;0.008246271999999999;0.007420928;0.004148224;0.00507392;0.0068055039999999995;0.005987327999999999;0.006221824;0.0058869759999999995;0.003236864;0.003206144;0.0025907200000000003;0.0025671680000000003;0.00374784;0.00210944;0.0012451839999999999;0.0010465279999999997;0.001057792;0.0017408;0.001702912;0.0015943679999999999;0.00131584;0.0013608960000000001;0.0023552;0.002712576;0.002931712;0.0030904319999999997;0.002651136;0.002515968;0.003406848;0.0027310080000000005;0.0019455999999999998;0.0018411519999999998;0.0016179200000000001;0.0014376960000000002;0.0013035520000000001;0.0013793280000000002;0.0017971200000000001;0.0024832;0.002348032;0.002110464;0.0016445440000000002;0.001436672;0.0015267839999999998;0.0008468480000000001;0.000840704;0.0013752319999999999;0.002033664;0.0015953919999999997;0.0021217280000000002;0.002902016;0.002475008;0.0014499839999999999;0.001286144;0.001408;0.001009664;0.001296384;0.0014847999999999999
1782594900,hdr,0.0293;0.03906;0.04883;0.05859;0.06836;0.07813;0.08789;0.09766;0.10742;0.11719;0.12695;0.13672;0.14648;0.15625;0.16602;0.17578;0.18555;0.19531;0.20508;0.21484;0.22461;0.23438;0.24414;0.25391;0.26367;0.27344;0.2832;0.29297;0.30273;0.3125;0.32227;0.33203;0.3418;0.35156;0.36133;0.37109;0.38086;0.39063;0.40039;0.41016;0.41992;0.42969;0.43945;0.44922;0.45898;0.46875;0.47852;0.48828;0.49805;0.50781;0.51758;0.52734;0.53711;0.54688;0.55664;0.56641;0.57617;0.58594;0.5957;0.60547;0.61523;0.625;0.63477;0.64453;0.6543;0.66406;0.67383;0.68359;0.69336;0.70313;0.71289;0.72266;0.73242;0.74219;0.75195;0.76172;0.77148;0.78125;0.79102,0.00350208;0.004012032;0.010224640000000002;0.011922432;0.009815039999999999;0.013580288;0.026758144;0.034413568;0.03243008;0.025592832000000003;0.012988416000000001;0.025071615999999998;0.021168128;0.011129856;0.011618304;0.008809472;0.009199616;0.008747008;0.010533887999999998;0.007291903999999999;0.007872512;0.007824384;0.008778752;0.00820224;0.007350272;0.007866368;0.006820864;0.0069621760000000005;0.005691392;0.0034652159999999997;0.002948096;0.0035123199999999998;0.0023930880000000002;0.001915904;0.002244608;0.0022405119999999996;0.0010496000000000001;0.001108992;0.0016609279999999999;0.001752064;0.00183296;0.0012308479999999999;0.001668096;0.001934336;0.0029695999999999998;0.00236544;0.001159168;0.0015667199999999997;0.001461248;0.002633728;0.003492864;0.002620416;0.003637248;0.003828736;0.003401728;0.0028600319999999998;0.0027105280000000002;0.0024811519999999995;0.001711104;0.001717248;0.002280448;0.00321024;0.004022272;0.003902464;0.0031313919999999998;0.003328;0.00381952;0.003847168;0.003040256;0.0034795520000000003;0.0036966399999999997;0.0023848959999999996;0.00211456;0.0027105280000000002;0.001806336;0.0017459199999999998;0.001304576;0.001599488;0.0016895999999999999
1782595800,hdr,0.0293;0.03906;0.04883;0.05859;0.06836;0.07813;0.08789;0.09766;0.10742;0.11719;0.12695;0.13672;0.14648;0.15625;0.16602;0.17578;0.18555;0.19531;0.20508;0.21484;0.22461;0.23438;0.24414;0.25391;0.26367;0.27344;0.2832;0.29297;0.30273;0.3125;0.32227;0.33203;0.3418;0.35156;0.36133;0.37109;0.38086;0.39063;0.40039;0.41016;0.41992;0.42969;0.43945;0.44922;0.45898;0.46875;0.47852;0.48828;0.49805;0.50781;0.51758;0.52734;0.53711;0.54688;0.55664;0.56641;0.57617;0.58594;0.5957;0.60547;0.61523;0.625;0.63477;0.64453;0.6543;0.66406;0.67383;0.68359;0.69336;0.70313;0.71289;0.72266;0.73242;0.74219;0.75195;0.76172;0.77148;0.78125;0.79102,0.006539264;0.0062679039999999995;0.00723456;0.006114304;0.01283584;0.03502899200000001;0.04790272;0.044013567999999996;0.020864;0.014970879999999999;0.02392064;0.038819839999999994;0.038578176;0.016271360000000002;0.008795135999999999;0.009097216;0.011885568;0.009517056000000001;0.010635263999999998;0.012689408;0.009593856;0.007223296000000001;0.006029312;0.008052736;0.011661312;0.014959616;0.013585408;0.009886720000000002;0.005132288;0.006084608;0.007113728;0.007362560000000001;0.004955136000000001;0.0027310080000000005;0.0028549120000000002;0.002173952;0.0023265280000000004;0.001835008;0.001406976;0.0014581759999999998;0.001243136;0.0017336320000000001;0.001816576;0.00115712;0.00090112;0.001134592;0.0014274560000000001;0.001700864;0.0014919679999999998;0.001574912;0.00171008;0.0013475839999999998;0.0014940160000000001;0.001536;0.00172544;0.0020756480000000002;0.002486272;0.003208192;0.0038410239999999997;0.00350208;0.002659328;0.0023941119999999995;0.003513344;0.00310784;0.003059712;0.003396608;0.0031907839999999995;0.0035778560000000004;0.003277824;0.002348032;0.0021299199999999996;0.001984512;0.002139136;0.00234496;0.0026419199999999994;0.00164864;0.00190976;0.0016138239999999998;0.001308672
1782596700,hdr,0.0293;0.03906;0.04883;0.05859;0.06836;0.07813;0.08789;0.09766;0.10742;0.11719;0.12695;0.13672;0.14648;0.15625;0.16602;0.17578;0.18555;0.19531;0.20508;0.21484;0.22461;0.23438;0.24414;0.25391;0.26367;0.27344;0.2832;0.29297;0.30273;0.3125;0.32227;0.33203;0.3418;0.35156;0.36133;0.37109;0.38086;0.39063;0.40039;0.41016;0.41992;0.42969;0.43945;0.44922;0.45898;0.46875;0.47852;0.48828;0.49805;0.50781;0.51758;0.52734;0.53711;0.54688;0.55664;0.56641;0.57617;0.58594;0.5957;0.60547;0.61523;0.625;0.63477;0.64453;0.6543;0.66406;0.67383;0.68359;0.69336;0.70313;0.71289;0.72266;0.73242;0.74219;0.75195;0.76172;0.77148;0.78125;0.79102,0.003551232;0.0077813760000000004;0.006349824;0.004221952;0.010036224;0.03537408;0.044976128000000004;0.029539328;0.019289088;0.027929600000000002;0.04435968;0.063486976;0.058533888;0.02125312;0.008413183999999999;0.010698752;0.014496768;0.009775104000000001;0.010326016;0.008957952000000002;0.008518656000000001;0.010235904;0.0100352;0.008247296;0.011872256;0.012098560000000001;0.011152384;0.009209855999999999;0.00529408;0.0048609280000000005;0.003900416;0.00375808;0.003018752;0.0035348480000000006;0.002802688;0.0024576;0.001646592;0.002130944;0.001212416;0.0009420800000000001;0.001406976;0.001247232;0.0013322240000000001;0.0012083200000000001;0.0011970559999999997;0.0012523519999999998;0.001839104;0.001716224;0.001626112;0.00146432;0.001646592;0.0033003520000000003;0.0031784960000000003;0.00360448;0.004605952;0.005489664000000001;0.0036239360000000003;0.003248128;0.0031334399999999995;0.0038594560000000003;0.003511296;0.004503552;0.004525056;0.002424832;0.00464384;0.005250047999999999;0.004919296;0.0032194560000000003;0.002082816;0.00226816;0.0019466239999999999;0.001593344;0.002084864;0.002456576;0.0029061119999999998;0.002204672;0.0017039359999999999;0.00185856;0.0017889280000000002
1782597600,hdr,0.0293;0.03906;0.04883;0.05859;0.06836;0.07813;0.08789;0.09766;0.10742;0.11719;0.12695;0.13672;0.14648;0.15625;0.16602;0.17578;0.18555;0.19531;0.20508;0.21484;0.22461;0.23438;0.24414;0.25391;0.26367;0.27344;0.2832;0.29297;0.30273;0.3125;0.32227;0.33203;0.3418;0.35156;0.36133;0.37109;0.38086;0.39063;0.40039;0.41016;0.41992;0.42969;0.43945;0.44922;0.45898;0.46875;0.47852;0.48828;0.49805;0.50781;0.51758;0.52734;0.53711;0.54688;0.55664;0.56641;0.57617;0.58594;0.5957;0.60547;0.61523;0.625;0.63477;0.64453;0.6543;0.66406;0.67383;0.68359;0.69336;0.70313;0.71289;0.72266;0.73242;0.74219;0.75195;0.76172;0.77148;0.78125;0.79102,0.011648;0.020755456;0.017839103999999998;0.009783296;0.010916864;0.03205632;0.050195456;0.03943424;0.015399936;0.023770112;0.034676736;0.036911104;0.030936064;0.027536384;0.01445376;0.00797696;0.006345728;0.005755904;0.005049344;0.009340928;0.009252864000000001;0.008382464;0.011000832;0.008102912;0.0071167999999999995;0.009899007999999999;0.009817088;0.0074926079999999996;0.00871936;0.0053063680000000005;0.005896192;0.0052418560000000005;0.0023439359999999996;0.001467392;0.0026347520000000006;0.002276352;0.0017131520000000001;0.002477056;0.002011136;0.00124928;0.0012318720000000002;0.001440768;0.001405952;0.001026048;0.001114112;0.001371136;0.00238592;0.0021207039999999997;0.0019537919999999998;0.0018841600000000002;0.001855488;0.001913856;0.002356224;0.004287487999999999;0.00254464;0.0025077759999999998;0.0050176;0.005023743999999999;0.0037427199999999997;0.005330944;0.005484544;0.003667968;0.00274432;0.003574784;0.003933184;0.003175424;0.002151424;0.002054144;0.002164736;0.003355648;0.002886656;0.002398208;0.00211456;0.0022896640000000003;0.00221184;0.0015943679999999999;0.001271808;0.0016936960000000002;0.001626112
1782598500,hdr,0.0293;0.03906;0.04883;0.05859;0.06836;0.07813;0.08789;0.09766;0.10742;0.11719;0.12695;0.13672;0.14648;0.15625;0.16602;0.17578;0.18555;0.19531;0.20508;0.21484;0.22461;0.23438;0.24414;0.25391;0.26367;0.27344;0.2832;0.29297;0.30273;0.3125;0.32227;0.33203;0.3418;0.35156;0.36133;0.37109;0.38086;0.39063;0.40039;0.41016;0.41992;0.42969;0.43945;0.44922;0.45898;0.46875;0.47852;0.48828;0.49805;0.50781;0.51758;0.52734;0.53711;0.54688;0.55664;0.56641;0.57617;0.58594;0.5957;0.60547;0.61523;0.625;0.63477;0.64453;0.6543;0.66406;0.67383;0.68359;0.69336;0.70313;0.71289;0.72266;0.73242;0.74219;0.75195;0.76172;0.77148;0.78125;0.79102,0.0050688;0.019625984;0.019241984;0.009581568;0.016919552;0.039620608;0.042826752;0.031796224;0.038034432;0.03524608;0.032466944;0.025271296;0.021220351999999998;0.022099968;0.014543872000000001;0.019177472;0.022105088;0.013353984000000001;0.006851584;0.0070891520000000005;0.009398272000000001;0.009791488;0.012351487999999999;0.009172992;0.007090175999999999;0.011331583999999999;0.01448448;0.01373696;0.009585663999999999;0.00828416;0.007056384;0.005183487999999999;0.0035246080000000003;0.0036474880000000004;0.003298304;0.0037375999999999998;0.003058688;0.002568192;0.0021524480000000004;0.0025374720000000003;0.0025036800000000003;0.001839104;0.0011427840000000002;0.001374208;0.001475584;0.0014438399999999998;0.002192384;0.003129344;0.003295232;0.002279424;0.00392192;0.006657023999999999;0.004616192;0.005353472;0.00731648;0.00764928;0.008131583999999999;0.005554176;0.006249472;0.005011456;0.0034242560000000005;0.004315136;0.005746688;0.004529152;0.003724288;0.003610624;0.003076096;0.0039936;0.0035932159999999998;0.0023132160000000003;0.0017326079999999998;0.0025200640000000002;0.0036095999999999997;0.001915904;0.0010086399999999999;0.001384448;0.0011970559999999997;0.001317888;0.00167424
1782599400,hdr,0.0293;0.03906;0.04883;0.05859;0.06836;0.07813;0.08789;0.09766;0.10742;0.11719;0.12695;0.13672;0.14648;0.15625;0.16602;0.17578;0.18555;0.19531;0.20508;0.21484;0.22461;0.23438;0.24414;0.25391;0.26367;0.27344;0.2832;0.29297;0.30273;0.3125;0.32227;0.33203;0.3418;0.35156;0.36133;0.37109;0.38086;0.39063;0.40039;0.41016;0.41992;0.42969;0.43945;0.44922;0.45898;0.46875;0.47852;0.48828;0.49805;0.50781;0.51758;0.52734;0.53711;0.54688;0.55664;0.56641;0.57617;0.58594;0.5957;0.60547;0.61523;0.625;0.63477;0.64453;0.6543;0.66406;0.67383;0.68359;0.69336;0.70313;0.71289;0.72266;0.73242;0.74219;0.75195;0.76172;0.77148;0.78125;0.79102,0.006866944000000001;0.012754943999999999;0.018786304;0.012142592;0.022638592;0.038026239999999996;0.025114624;0.024474624;0.020619264;0.020449280000000004;0.036176896;0.040916992;0.034953216;0.02675712;0.023967744;0.014708736;0.00963584;0.01208832;0.010523648;0.008603647999999998;0.007829504;0.009669632;0.013464575999999999;0.013217791999999999;0.016638976;0.01567232;0.013794304;0.014987263999999998;0.007891968000000001;0.009240576;0.004389888;0.00357376;0.0028426239999999998;0.002753536;0.003812352;0.00277504;0.001970176;0.002587648;0.0014847999999999999;0.001555456;0.00226816;0.0017663999999999998;0.002489344;0.0019496960000000001;0.0018575360000000001;0.003006464;0.003272704;0.0030607359999999997;0.00570368;0.0067553280000000005;0.006331392;0.009607168;0.012888064000000001;0.013315072;0.012783616;0.007508992;0.0071065600000000005;0.006859776;0.006018048000000001;0.005587968;0.004632576;0.004937728;0.005265407999999999;0.004534272;0.003222528;0.004043776000000001;0.005277696;0.004164608;0.002619392;0.0029184000000000002;0.0014714879999999997;0.001234944;0.0016906239999999997;0.0017766400000000001;0.001416192;0.001670144;0.001396736;0.0011202559999999998;0.0013342719999999998
1782600300,hdr,0.0293;0.03906;0.04883;0.05859;0.06836;0.07813;0.08789;0.09766;0.10742;0.11719;0.12695;0.13672;0.14648;0.15625;0.16602;0.17578;0.18555;0.19531;0.20508;0.21484;0.22461;0.23438;0.24414;0.25391;0.26367;0.27344;0.2832;0.29297;0.30273;0.3125;0.32227;0.33203;0.3418;0.35156;0.36133;0.37109;0.38086;0.39063;0.40039;0.41016;0.41992;0.42969;0.43945;0.44922;0.45898;0.46875;0.47852;0.48828;0.49805;0.50781;0.51758;0.52734;0.53711;0.54688;0.55664;0.56641;0.57617;0.58594;0.5957;0.60547;0.61523;0.625;0.63477;0.64453;0.6543;0.66406;0.67383;0.68359;0.69336;0.70313;0.71289;0.72266;0.73242;0.74219;0.75195;0.76172;0.77148;0.78125;0.79102,0.008757248000000002;0.015548415999999999;0.013159424;0.0062699520000000005;0.00871424;0.019152895999999996;0.019260416000000002;0.028092416000000002;0.027558912;0.030474240000000003;0.029799423999999998;0.042268672;0.046247936;0.034424832;0.023712768;0.010566656;0.009662463999999999;0.013725696;0.010860544000000001;0.012164096000000001;0.012686336000000001;0.008680448;0.010271744000000001;0.015541247999999999;0.020788223999999998;0.01815552;0.013599743999999999;0.010810368;0.0068157439999999994;0.0073410559999999994;0.005656576;0.007261184;0.006883327999999999;0.005439488;0.003191808;0.003255296;0.003592192;0.003161088;0.002003968;0.001534976;0.002551808;0.002425856;0.001959936;0.003453952;0.004777984000000001;0.004186111999999999;0.007474175999999999;0.00824832;0.009293824000000001;0.012082176000000002;0.008558592;0.006642688;0.013047808;0.020420608;0.013551616;0.007609344;0.005755904;0.005275648;0.004128768;0.005292032;0.004521984;0.004148224;0.003391488;0.002512896;0.002961408;0.003939328;0.002543616;0.0027822079999999996;0.002547712;0.003104768;0.002382848;0.0020398079999999997;0.00168448;0.002665472;0.0017192959999999997;0.00163328;0.0020951040000000004;0.002217984;0.0013322240000000001
1782601200,hdr,0.0293;0.03906;0.04883;0.05859;0.06836;0.07813;0.08789;0.09766;0.10742;0.11719;0.12695;0.13672;0.14648;0.15625;0.16602;0.17578;0.18555;0.19531;0.20508;0.21484;0.22461;0.23438;0.24414;0.25391;0.26367;0.27344;0.2832;0.29297;0.30273;0.3125;0.32227;0.33203;0.3418;0.35156;0.36133;0.37109;0.38086;0.39063;0.40039;0.41016;0.41992;0.42969;0.43945;0.44922;0.45898;0.46875;0.47852;0.48828;0.49805;0.50781;0.51758;0.52734;0.53711;0.54688;0.55664;0.56641;0.57617;0.58594;0.5957;0.60547;0.61523;0.625;0.63477;0.64453;0.6543;0.66406;0.67383;0.68359;0.69336;0.70313;0.71289;0.72266;0.73242;0.74219;0.75195;0.76172;0.77148;0.78125;0.79102,0.006006783999999999;0.008905728;0.011744256;0.00732672;0.008909824;0.022649856;0.033419264;0.021133312;0.028691455999999997;0.026249216;0.037860352;0.042020864;0.031813631999999994;0.03245056;0.023472128000000002;0.0158208;0.014711808;0.014039040000000001;0.006475776;0.0066816;0.010003456;0.011825152;0.008297472000000002;0.00708608;0.007821312;0.013473792;0.011534336;0.013664256;0.008936448;0.005603328;0.004487168;0.005226496;0.005515264;0.0037437440000000002;0.0029460479999999997;0.0034048;0.00206848;0.0024463360000000003;0.004907008;0.00581632;0.005090304;0.003364864;0.004436992;0.004644864;0.00529408;0.007857152;0.013833216;0.01069568;0.01096192;0.017778687999999997;0.015853568;0.013478912;0.009349119999999999;0.008833024;0.007353344;0.00755712;0.01028096;0.010741759999999998;0.006505472;0.0047912960000000004;0.003451904;0.004814848;0.003171328;0.003218432;0.003328;0.002423808;0.0029573119999999997;0.003956736;0.00388096;0.003442688;0.002428928;0.0020244480000000003;0.0029009920000000002;0.002787328;0.002183168;0.001721344;0.001527808;0.001027072;0.000775168
1782602100,hdr,0.0293;0.03906;0.04883;0.05859;0.06836;0.07813;0.08789;0.09766;0.10742;0.11719;0.12695;0.13672;0.14648;0.15625;0.16602;0.17578;0.18555;0.19531;0.20508;0.21484;0.22461;0.23438;0.24414;0.25391;0.26367;0.27344;0.2832;0.29297;0.30273;0.3125;0.32227;0.33203;0.3418;0.35156;0.36133;0.37109;0.38086;0.39063;0.40039;0.41016;0.41992;0.42969;0.43945;0.44922;0.45898;0.46875;0.47852;0.48828;0.49805;0.50781;0.51758;0.52734;0.53711;0.54688;0.55664;0.56641;0.57617;0.58594;0.5957;0.60547;0.61523;0.625;0.63477;0.64453;0.6543;0.66406;0.67383;0.68359;0.69336;0.70313;0.71289;0.72266;0.73242;0.74219;0.75195;0.76172;0.77148;0.78125;0.79102,0.005956608;0.009627648;0.007529472;0.0060835839999999995;0.015809536;0.033227776;0.047030272;0.038606848;0.024614912;0.021030912;0.033137664000000004;0.047086592000000003;0.05127884800000001;0.030739456000000002;0.013655039999999998;0.010047487999999999;0.009574400000000002;0.008876032;0.007892992;0.008363008;0.007368703999999999;0.006638592;0.009012224000000001;0.010553344;0.010760191999999998;0.013617152;0.013952;0.010595328;0.0080128;0.007037951999999999;0.007980032;0.006766592000000001;0.006977536;0.0057968640000000005;0.003067904;0.003943424;0.004556800000000001;0.0037591039999999997;0.002489344;0.004127744;0.006417408;0.005937152;0.005364736;0.00630272;0.008971264;0.008941567999999999;0.0050728959999999995;0.0051251199999999995;0.006749183999999999;0.005640192;0.005876736;0.0055459839999999995;0.003931136;0.005440512;0.00576512;0.004612096;0.004173824;0.007860223999999999;0.0059648;0.004025343999999999;0.00517632;0.005644288000000001;0.004363264;0.003858432;0.002835456;0.0024494079999999997;0.0024064;0.002409472;0.002922496;0.0038307840000000003;0.002055168;0.0009359360000000001;0.001475584;0.001936384;0.0021288960000000003;0.00144896;0.001410048;0.0014919679999999998;0.001383424
1782603000,hdr,0.0293;0.03906;0.04883;0.05859;0.06836;0.07813;0.08789;0.09766;0.10742;0.11719;0.12695;0.13672;0.14648;0.15625;0.16602;0.17578;0.18555;0.19531;0.20508;0.21484;0.22461;0.23438;0.24414;0.25391;0.26367;0.27344;0.2832;0.29297;0.30273;0.3125;0.32227;0.33203;0.3418;0.35156;0.36133;0.37109;0.38086;0.39063;0.40039;0.41016;0.41992;0.42969;0.43945;0.44922;0.45898;0.46875;0.47852;0.48828;0.49805;0.50781;0.51758;0.52734;0.53711;0.54688;0.55664;0.56641;0.57617;0.58594;0.5957;0.60547;0.61523;0.625;0.63477;0.64453;0.6543;0.66406;0.67383;0.68359;0.69336;0.70313;0.71289;0.72266;0.73242;0.74219;0.75195;0.76172;0.77148;0.78125;0.79102,0.00561664;0.009090047999999998;0.01483776;0.011506688;0.017112064;0.045445120000000006;0.04481331200000001;0.029522944;0.029782015999999998;0.024074239999999997;0.039881728000000005;0.043997183999999995;0.058329087999999994;0.031653888;0.013759487999999999;0.009827328;0.010047487999999999;0.0073410559999999994;0.006638592;0.007542784;0.013292544;0.014967807999999999;0.010928127999999999;0.008928255999999999;0.008390656;0.011741184000000002;0.021388288000000002;0.018849792;0.007044096;0.009731072;0.008321024;0.006034432;0.004228096;0.0035778560000000004;0.006601727999999999;0.0056832;0.003963904;0.002927616;0.005347328;0.005931008000000001;0.004854784000000001;0.008339456;0.012041216;0.009597952;0.007525375999999999;0.014898175999999999;0.012009472;0.0058419200000000004;0.005177344;0.0052142080000000006;0.004977664;0.005694464;0.006756352;0.006559744;0.0046868479999999995;0.006049792;0.0030894080000000005;0.002354176;0.002967552;0.0032174079999999997;0.003693568;0.004391936000000001;0.004395008;0.003470336;0.004502528;0.003439616;0.0034181119999999996;0.002697216;0.00238592;0.003175424;0.0031815679999999996;0.0022272;0.001992704;0.0028672;0.0028129279999999997;0.002443264;0.0025077759999999998;0.001349632;0.001318912
1782603900,hdr,0.0293;0.03906;0.04883;0.05859;0.06836;0.07813;0.08789;0.09766;0.10742;0.11719;0.12695;0.13672;0.14648;0.15625;0.16602;0.17578;0.18555;0.19531;0.20508;0.21484;0.22461;0.23438;0.24414;0.25391;0.26367;0.27344;0.2832;0.29297;0.30273;0.3125;0.32227;0.33203;0.3418;0.35156;0.36133;0.37109;0.38086;0.39063;0.40039;0.41016;0.41992;0.42969;0.43945;0.44922;0.45898;0.46875;0.47852;0.48828;0.49805;0.50781;0.51758;0.52734;0.53711;0.54688;0.55664;0.56641;0.57617;0.58594;0.5957;0.60547;0.61523;0.625;0.63477;0.64453;0.6543;0.66406;0.67383;0.68359;0.69336;0.70313;0.71289;0.72266;0.73242;0.74219;0.75195;0.76172;0.77148;0.78125;0.79102,0.005399551999999999;0.015632384;0.012943360000000001;0.0067583999999999995;0.010855423999999999;0.012082176000000002;0.032380927999999996;0.039859200000000004;0.041928704000000004;0.029578240000000002;0.035739648;0.053059584;0.041965568;0.030109696;0.020219904;0.018633728000000002;0.015511552;0.008105984;0.010853376;0.009254911999999999;0.010327040000000001;0.010194944;0.008602624;0.007912448;0.009131008;0.008329216;0.010423296;0.008839168000000001;0.009901056;0.011075584;0.010420224;0.011878399999999999;0.008998912;0.003813376;0.00485888;0.004299776;0.005686272;0.006616064;0.004411392;0.00543232;0.0069324799999999995;0.008453120000000001;0.01154048;0.00894464;0.005746688;0.010646528;0.015326208;0.009857023999999999;0.008707072;0.009141248;0.004448255999999999;0.005122048000000001;0.004941824000000001;0.004907008;0.005433344;0.005960704;0.007974911999999999;0.0068997120000000006;0.006726656;0.0046714880000000005;0.004298752;0.005798911999999999;0.006385664000000001;0.004974592000000001;0.0029122560000000002;0.0026705920000000003;0.0018135039999999999;0.0032460799999999997;0.0033300480000000004;0.004345856;0.003709952;0.002650112;0.00270336;0.001408;0.0018575360000000001;0.003812352;0.002806784;0.000831488;0.001750016
