Epoch Time,Processing Source,f,varianceDensity
1788220800,hdr,0.0293;0.03906;0.04883;0.05859;0.06836;0.07813;0.08789;0.09766;0.10742;0.11719;0.12695;0.13672;0.14648;0.15625;0.16602;0.17578;0.18555;0.19531;0.20508;0.21484;0.22461;0.23438;0.24414;0.25391;0.26367;0.27344;0.2832;0.29297;0.30273;0.3125;0.32227;0.33203;0.3418;0.35156;0.36133;0.37109;0.38086;0.39063;0.40039;0.41016;0.41992;0.42969;0.43945;0.44922;0.45898;0.46875;0.47852;0.48828;0.49805;0.50781;0.51758;0.52734;0.53711;0.54688;0.55664;0.56641;0.57617;0.58594;0.5957;0.60547;0.61523;0.625;0.63477;0.64453;0.6543;0.66406;0.67383;0.68359;0.69336;0.70313;0.71289;0.72266;0.73242;0.74219;0.75195;0.76172;0.77148;0.78125;0.79102,0.00562688;0.00871936;0.005412864;0.004395008;0.005332992;0.004687871999999999;0.005753856;0.011556864;0.018596864;0.016582655999999998;0.021040128;0.01206272;0.004901888;0.00470528;0.004990975999999999;0.005588992;0.008388608;0.010271744000000001;0.008285184;0.004774911999999999;0.00363008;0.002666496;0.0032890880000000003;0.003771392;0.005905408;0.014205951999999999;0.026421247999999998;0.04830208;0.06252032;0.04216422399999999;0.058059776;0.048611328;0.038059008;0.029124608;0.027322368000000003;0.023296;0.022624256;0.02356736;0.019687424;0.01948672;0.016433152;0.016438272;0.011423744;0.011595776000000002;0.007491584;0.006807552000000001;0.008052736;0.009030656000000001;0.010692608000000001;0.010957824;0.00790528;0.009452544;0.012234752;0.010043392000000002;0.011437056000000001;0.009702400000000002;0.0052121599999999995;0.0028897280000000003;0.005537792;0.004000768;0.003341312;0.004614144;0.005492736;0.003974144;0.003560448;0.00251904;0.003006464;0.0026060799999999998;0.002661376;0.002722816;0.002719744;0.0024463360000000003;0.001769472;0.0017192959999999997;0.001292288;0.001792;0.001711104;0.0011151359999999999;0.0017602560000000002
1788221700,hdr,0.0293;0.03906;0.04883;0.05859;0.06836;0.07813;0.08789;0.09766;0.10742;0.11719;0.12695;0.13672;0.14648;0.15625;0.16602;0.17578;0.18555;0.19531;0.20508;0.21484;0.22461;0.23438;0.24414;0.25391;0.26367;0.27344;0.2832;0.29297;0.30273;0.3125;0.32227;0.33203;0.3418;0.35156;0.36133;0.37109;0.38086;0.39063;0.40039;0.41016;0.41992;0.42969;0.43945;0.44922;0.45898;0.46875;0.47852;0.48828;0.49805;0.50781;0.51758;0.52734;0.53711;0.54688;0.55664;0.56641;0.57617;0.58594;0.5957;0.60547;0.61523;0.625;0.63477;0.64453;0.6543;0.66406;0.67383;0.68359;0.69336;0.70313;0.71289;0.72266;0.73242;0.74219;0.75195;0.76172;0.77148;0.78125;0.79102,0.0025108480000000004;0.004404224;0.00300032;0.00788992;0.009145344;0.005175296;0.008973312;0.011918336;0.022771712;0.027839488;0.016155647999999998;0.010415104;0.0074823680000000005;0.0062126080000000005;0.006802432;0.007170048000000001;0.004443136;0.005666816;0.006375424;0.005891072;0.00469504;0.0069632;0.008626176;0.013841408;0.008231936;0.018715648;0.025220096;0.031985664000000004;0.071076864;0.060353536;0.043382784;0.052274176;0.028429311999999998;0.017105920000000004;0.021762048;0.029520896;0.025913343999999998;0.021234687999999998;0.01448448;0.016950272;0.015273984;0.01777664;0.01926656;0.018926592;0.009726976;0.00831488;0.008264704;0.009512959999999999;0.012254208;0.008049664;0.008324096000000001;0.007917568;0.005234688;0.005098496;0.005491711999999999;0.00271872;0.004534272;0.004788223999999999;0.005092352;0.005532672;0.0031539199999999997;0.00339968;0.00274432;0.002444288;0.002806784;0.0034109440000000004;0.002706432;0.001992704;0.00141312;0.0018974719999999999;0.002043904;0.0019476480000000002;0.00134656;0.0011601919999999998;0.001731584;0.001855488;0.001071104;0.000775168;0.0010199039999999999
1788222600,hdr,0.0293;0.03906;0.04883;0.05859;0.06836;0.07813;0.08789;0.09766;0.10742;0.11719;0.12695;0.13672;0.14648;0.15625;0.16602;0.17578;0.18555;0.19531;0.20508;0.21484;0.22461;0.23438;0.24414;0.25391;0.26367;0.27344;0.2832;0.29297;0.30273;0.3125;0.32227;0.33203;0.3418;0.35156;0.36133;0.37109;0.38086;0.39063;0.40039;0.41016;0.41992;0.42969;0.43945;0.44922;0.45898;0.46875;0.47852;0.48828;0.49805;0.50781;0.51758;0.52734;0.53711;0.54688;0.55664;0.56641;0.57617;0.58594;0.5957;0.60547;0.61523;0.625;0.63477;0.64453;0.6543;0.66406;0.67383;0.68359;0.69336;0.70313;0.71289;0.72266;0.73242;0.74219;0.75195;0.76172;0.77148;0.78125;0.79102,0.005444607999999999;0.009587712;0.009734144;0.0037396479999999995;0.004397056000000001;0.005663744000000001;0.006082560000000001;0.012781568;0.01874944;0.018783232;0.023830528000000004;0.015110144;0.00640512;0.00489472;0.00566272;0.00733184;0.007392256;0.004215808;0.005668864000000001;0.0056381439999999994;0.005552128;0.005118976;0.0054528;0.010380288;0.01076224;0.020224;0.06319820799999999;0.07971840000000001;0.076142592;0.053772288;0.03894272;0.033414144;0.028409856;0.022528;0.024139776;0.025059328000000002;0.015049727999999998;0.016584704;0.014290944;0.009711616;0.010827775999999999;0.009715712;0.009485312;0.007261184;0.007254015999999999;0.011620352;0.015693824;0.007364607999999999;0.008885248000000002;0.008684544;0.007232512;0.007292928;0.006536192;0.0040765440000000005;0.003663872;0.007965696;0.006450175999999999;0.004881408;0.006117376;0.006566912;0.0042496;0.00431104;0.0037611520000000002;0.003555328;0.0024064;0.003182592;0.004088832;0.002146304;0.002116608;0.0029173759999999997;0.00303104;0.002757632;0.002407424;0.0015616000000000002;0.0015103999999999999;0.0018288640000000001;0.0014632959999999998;0.00169984;0.0020654080000000003
1788223500,hdr,0.0293;0.03906;0.04883;0.05859;0.06836;0.07813;0.08789;0.09766;0.10742;0.11719;0.12695;0.13672;0.14648;0.15625;0.16602;0.17578;0.18555;0.19531;0.20508;0.21484;0.22461;0.23438;0.24414;0.25391;0.26367;0.27344;0.2832;0.29297;0.30273;0.3125;0.32227;0.33203;0.3418;0.35156;0.36133;0.37109;0.38086;0.39063;0.40039;0.41016;0.41992;0.42969;0.43945;0.44922;0.45898;0.46875;0.47852;0.48828;0.49805;0.50781;0.51758;0.52734;0.53711;0.54688;0.55664;0.56641;0.57617;0.58594;0.5957;0.60547;0.61523;0.625;0.63477;0.64453;0.6543;0.66406;0.67383;0.68359;0.69336;0.70313;0.71289;0.72266;0.73242;0.74219;0.75195;0.76172;0.77148;0.78125;0.79102,0.00340992;0.006596608;0.008431616;0.005000192;0.00319488;0.007585791999999999;0.012052479999999999;0.012389376;0.01958912;0.02311168;0.018045952;0.006037504;0.005917696;0.005024768;0.005843968;0.007596032;0.006535168;0.005609472000000001;0.005669888;0.0047144959999999994;0.005606399999999999;0.00639488;0.009972736;0.013534207999999999;0.015975424000000002;0.040513536;0.072743936;0.11573043199999998;0.100783104;0.06081536;0.051405824;0.044872704;0.025875455999999998;0.020775936000000002;0.018081792000000003;0.018388992;0.015542272000000001;0.0193536;0.009976832;0.009737216;0.012224512;0.010488832;0.008068096;0.0061829120000000005;0.015140864000000002;0.009377792;0.005870592000000001;0.005778432;0.004369408;0.004702207999999999;0.005763072;0.005466112;0.005781504;0.003885056;0.004185088000000001;0.005061632000000001;0.004312064;0.0041216000000000004;0.003008512;0.002361344;0.002666496;0.0025036800000000003;0.002793472;0.003239936;0.003039232;0.003004416;0.0026695679999999998;0.0027965439999999998;0.001796096;0.00217088;0.001980416;0.0016138239999999998;0.001987584;0.002015232;0.0021370879999999997;0.002158592;0.0015103999999999999;0.0011796480000000002;0.00149504
1788224400,hdr,0.0293;0.03906;0.04883;0.05859;0.06836;0.07813;0.08789;0.09766;0.10742;0.11719;0.12695;0.13672;0.14648;0.15625;0.16602;0.17578;0.18555;0.19531;0.20508;0.21484;0.22461;0.23438;0.24414;0.25391;0.26367;0.27344;0.2832;0.29297;0.30273;0.3125;0.32227;0.33203;0.3418;0.35156;0.36133;0.37109;0.38086;0.39063;0.40039;0.41016;0.41992;0.42969;0.43945;0.44922;0.45898;0.46875;0.47852;0.48828;0.49805;0.50781;0.51758;0.52734;0.53711;0.54688;0.55664;0.56641;0.57617;0.58594;0.5957;0.60547;0.61523;0.625;0.63477;0.64453;0.6543;0.66406;0.67383;0.68359;0.69336;0.70313;0.71289;0.72266;0.73242;0.74219;0.75195;0.76172;0.77148;0.78125;0.79102,0.0022732800000000004;0.0063078399999999995;0.0065812480000000005;0.005904384;0.004283392;0.008820736000000001;0.013500416;0.00721408;0.0104448;0.014562304;0.012219391999999999;0.012401664000000001;0.006910975999999999;0.005019648;0.005266432;0.006249472;0.005861376000000001;0.005566464;0.006265856000000001;0.005817344;0.004677631999999999;0.007041024000000001;0.009652224000000001;0.011643903999999998;0.0255744;0.029210624;0.055726080000000004;0.091907072;0.06903807999999999;0.05805568;0.044059648;0.04452864;0.035209216;0.032877567999999996;0.024904703999999996;0.018668544000000002;0.017886207999999997;0.012123136;0.01626624;0.012635135999999998;0.008428544;0.006675455999999999;0.008621055999999998;0.009047040000000001;0.0070543360000000005;0.008059904;0.008083456;0.003876864;0.003867648;0.008216576;0.012339200000000002;0.009164799999999999;0.0058839040000000006;0.0046346239999999995;0.005698559999999999;0.007733248;0.005356544;0.003214336;0.003835904;0.002523136;0.0023357440000000003;0.002276352;0.0025835520000000002;0.002817024;0.0025384959999999995;0.002269184;0.002440192;0.00247808;0.0020858880000000006;0.0023767040000000003;0.0025610240000000003;0.002097152;0.0020490240000000004;0.00146944;0.001829888;0.002658304;0.0018155520000000002;0.001601536;0.0010178560000000001
1788225300,hdr,0.0293;0.03906;0.04883;0.05859;0.06836;0.07813;0.08789;0.09766;0.10742;0.11719;0.12695;0.13672;0.14648;0.15625;0.16602;0.17578;0.18555;0.19531;0.20508;0.21484;0.22461;0.23438;0.24414;0.25391;0.26367;0.27344;0.2832;0.29297;0.30273;0.3125;0.32227;0.33203;0.3418;0.35156;0.36133;0.37109;0.38086;0.39063;0.40039;0.41016;0.41992;0.42969;0.43945;0.44922;0.45898;0.46875;0.47852;0.48828;0.49805;0.50781;0.51758;0.52734;0.53711;0.54688;0.55664;0.56641;0.57617;0.58594;0.5957;0.60547;0.61523;0.625;0.63477;0.64453;0.6543;0.66406;0.67383;0.68359;0.69336;0.70313;0.71289;0.72266;0.73242;0.74219;0.75195;0.76172;0.77148;0.78125;0.79102,0.003125248;0.00798208;0.0049008640000000004;0.0027013120000000004;0.0049582079999999995;0.011359232;0.010222592;0.011410432;0.009955328;0.027846655999999997;0.028748799999999998;0.020420608;0.011457536;0.007165952000000001;0.006699008;0.004846592;0.004967424;0.006791167999999999;0.006121471999999999;0.00467968;0.0049582079999999995;0.005219328;0.013563904;0.016516096;0.02323968;0.048519167999999994;0.052291584;0.097076224;0.10490368;0.058317824;0.049376256;0.042895359999999993;0.040015872;0.026850304;0.0238592;0.020969472;0.017829888;0.018449408;0.013873152;0.011030528;0.014628864;0.014132224;0.008907776;0.007154688;0.00690688;0.008534016;0.008694783999999999;0.007862272;0.006260736;0.0055930879999999995;0.008042496;0.007204863999999999;0.005890048;0.005276672;0.004390912;0.004898815999999999;0.005741568;0.004368384;0.003653632;0.00310784;0.0027842559999999997;0.00418304;0.002953216;0.0027402240000000003;0.0035481600000000003;0.003040256;0.0024104960000000003;0.002870272;0.002874368;0.003162112;0.003165184;0.003803136;0.002809856;0.00141824;0.0014632959999999998;0.002205696;0.0016435199999999999;0.001391616;0.001537024
1788226200,hdr,0.0293;0.03906;0.04883;0.05859;0.06836;0.07813;0.08789;0.09766;0.10742;0.11719;0.12695;0.13672;0.14648;0.15625;0.16602;0.17578;0.18555;0.19531;0.20508;0.21484;0.22461;0.23438;0.24414;0.25391;0.26367;0.27344;0.2832;0.29297;0.30273;0.3125;0.32227;0.33203;0.3418;0.35156;0.36133;0.37109;0.38086;0.39063;0.40039;0.41016;0.41992;0.42969;0.43945;0.44922;0.45898;0.46875;0.47852;0.48828;0.49805;0.50781;0.51758;0.52734;0.53711;0.54688;0.55664;0.56641;0.57617;0.58594;0.5957;0.60547;0.61523;0.625;0.63477;0.64453;0.6543;0.66406;0.67383;0.68359;0.69336;0.70313;0.71289;0.72266;0.73242;0.74219;0.75195;0.76172;0.77148;0.78125;0.79102,0.000791552;0.003596288;0.0033228800000000003;0.004043776000000001;0.007313408;0.006560768;0.00705024;0.009748480000000002;0.016618496;0.018442240000000002;0.019680256;0.016432127999999997;0.010964992;0.006622207999999999;0.00766464;0.00918016;0.008666111999999998;0.005543936;0.0031139839999999998;0.003446784;0.0034795520000000003;0.004407296;0.007881728;0.015544320000000002;0.031327231999999997;0.055078912;0.07163801599999998;0.08264704;0.083124224;0.075188224;0.036874239999999996;0.031903744;0.018387968;0.023018496;0.015415296;0.013227008;0.016695296;0.018055167999999996;0.019040256000000002;0.013193216;0.016499712;0.018944;0.012025856;0.009746432000000001;0.011313152;0.010923008;0.007359487999999999;0.005392384;0.007157759999999999;0.0053248;0.003575808;0.004774911999999999;0.003166208;0.004251648;0.004938752;0.004230144;0.004089856;0.004239359999999999;0.00418304;0.005096447999999999;0.004773888;0.003733504;0.0031160320000000004;0.004166656;0.0036433919999999996;0.0027852800000000002;0.002427904;0.0022784000000000003;0.00135168;0.0016291839999999999;0.001476608;0.0022067199999999997;0.0023572479999999997;0.00200704;0.00236032;0.001528832;0.0011427840000000002;0.001726464;0.0014458880000000002
1788227100,hdr,0.0293;0.03906;0.04883;0.05859;0.06836;0.07813;0.08789;0.09766;0.10742;0.11719;0.12695;0.13672;0.14648;0.15625;0.16602;0.17578;0.18555;0.19531;0.20508;0.21484;0.22461;0.23438;0.24414;0.25391;0.26367;0.27344;0.2832;0.29297;0.30273;0.3125;0.32227;0.33203;0.3418;0.35156;0.36133;0.37109;0.38086;0.39063;0.40039;0.41016;0.41992;0.42969;0.43945;0.44922;0.45898;0.46875;0.47852;0.48828;0.49805;0.50781;0.51758;0.52734;0.53711;0.54688;0.55664;0.56641;0.57617;0.58594;0.5957;0.60547;0.61523;0.625;0.63477;0.64453;0.6543;0.66406;0.67383;0.68359;0.69336;0.70313;0.71289;0.72266;0.73242;0.74219;0.75195;0.76172;0.77148;0.78125;0.79102,0.009107456;0.012822528;0.012891136;0.00541184;0.0057968640000000005;0.0027566080000000002;0.005517312000000001;0.013057023999999999;0.024324096;0.022238208;0.01834496;0.019013632000000003;0.01150464;0.007199744;0.004476928;0.00868352;0.009740288;0.008968192000000002;0.0058419200000000004;0.0067184639999999995;0.006232064000000001;0.004850688;0.009269247999999999;0.017666048;0.034220032000000004;0.056809472;0.08330137600000001;0.075296768;0.065004544;0.060776448000000004;0.029419519999999998;0.028512256;0.02779648;0.034107392;0.021782528;0.013522944000000002;0.011799552;0.012955647999999998;0.01479168;0.012317696;0.008900608;0.0070123519999999995;0.009984;0.011066368;0.007181312;0.007274496;0.006553600000000001;0.0059760640000000005;0.007590912;0.005573631999999999;0.004186111999999999;0.00660992;0.006363135999999999;0.006311936000000001;0.005902336;0.00630272;0.005150719999999999;0.004657152;0.005321728;0.004117504;0.00269312;0.002605056;0.0028272640000000003;0.002372608;0.003291136;0.002535424;0.00137728;0.002397184;0.002374656;0.001774592;0.001974272;0.0019476480000000002;0.001275904;0.0010813440000000001;0.001659904;0.001472512;0.001119232;0.0015738879999999998;0.0008447999999999999
1788228000,hdr,0.0293;0.03906;0.04883;0.05859;0.06836;0.07813;0.08789;0.09766;0.10742;0.11719;0.12695;0.13672;0.14648;0.15625;0.16602;0.17578;0.18555;0.19531;0.20508;0.21484;0.22461;0.23438;0.24414;0.25391;0.26367;0.27344;0.2832;0.29297;0.30273;0.3125;0.32227;0.33203;0.3418;0.35156;0.36133;0.37109;0.38086;0.39063;0.40039;0.41016;0.41992;0.42969;0.43945;0.44922;0.45898;0.46875;0.47852;0.48828;0.49805;0.50781;0.51758;0.52734;0.53711;0.54688;0.55664;0.56641;0.57617;0.58594;0.5957;0.60547;0.61523;0.625;0.63477;0.64453;0.6543;0.66406;0.67383;0.68359;0.69336;0.70313;0.71289;0.72266;0.73242;0.74219;0.75195;0.76172;0.77148;0.78125;0.79102,0.009654272;0.014223359999999999;0.01791488;0.010811392;0.009042943999999999;0.005664768;0.008057855999999999;0.016007168;0.022751232;0.022975488;0.023899135999999998;0.01964032;0.010327040000000001;0.008262655999999998;0.011910144000000001;0.011571199999999999;0.007275520000000001;0.0069847039999999996;0.006049792;0.006076416;0.004612096;0.00686592;0.015004671999999998;0.027926528000000003;0.03439103999999999;0.049585152;0.066921472;0.050946047999999994;0.072431616;0.057403392;0.040220672;0.027031552;0.025540608;0.024879104000000003;0.028207104;0.014287872;0.010411008;0.01145344;0.013624320000000002;0.012478464;0.010678271999999999;0.006861824000000001;0.00623104;0.0087296;0.008389632000000001;0.008452096;0.008926208;0.009644031999999999;0.007892992;0.005469184;0.0032593920000000003;0.004391936000000001;0.004035584;0.003935232;0.002753536;0.004376576;0.005512192;0.003811328;0.002948096;0.002618368;0.002973696;0.00289792;0.002512896;0.0025651199999999997;0.002374656;0.002341888;0.002276352;0.001816576;0.002315264;0.001987584;0.0016732160000000002;0.001938432;0.001021952;0.0017336320000000001;0.00252416;0.002203648;0.001728512;0.001309696;0.000717824
1788228900,hdr,0.0293;0.03906;0.04883;0.05859;0.06836;0.07813;0.08789;0.09766;0.10742;0.11719;0.12695;0.13672;0.14648;0.15625;0.16602;0.17578;0.18555;0.19531;0.20508;0.21484;0.22461;0.23438;0.24414;0.25391;0.26367;0.27344;0.2832;0.29297;0.30273;0.3125;0.32227;0.33203;0.3418;0.35156;0.36133;0.37109;0.38086;0.39063;0.40039;0.41016;0.41992;0.42969;0.43945;0.44922;0.45898;0.46875;0.47852;0.48828;0.49805;0.50781;0.51758;0.52734;0.53711;0.54688;0.55664;0.56641;0.57617;0.58594;0.5957;0.60547;0.61523;0.625;0.63477;0.64453;0.6543;0.66406;0.67383;0.68359;0.69336;0.70313;0.71289;0.72266;0.73242;0.74219;0.75195;0.76172;0.77148;0.78125;0.79102,0.0019496960000000001;0.005632;0.009650176;0.005623808;0.005143552;0.012344319999999999;0.017964031999999998;0.016530432;0.025370624;0.034414591999999994;0.020348928;0.008671232;0.012796927999999999;0.01426944;0.008174592000000001;0.008398848;0.009083904;0.009407488000000002;0.005737472;0.005811200000000001;0.006943744;0.007799808;0.0263936;0.038755328;0.052677632;0.053259264;0.08110796799999999;0.090541056;0.0812288;0.041699328;0.04028108799999999;0.03618099200000001;0.021050368;0.013139967999999998;0.010702848;0.010072063999999999;0.018865152;0.017670144;0.015395840000000001;0.01224704;0.011036671999999999;0.009000959999999999;0.008070144000000001;0.00640512;0.005230592;0.00375296;0.002976768;0.0034908160000000003;0.006893568;0.0063488;0.005885951999999999;0.004739072;0.004789247999999999;0.004896768;0.003852288;0.00282624;0.002712576;0.00357376;0.004472832;0.004617216;0.003313664;0.0022538239999999998;0.001700864;0.002934784;0.0028416;0.0031098880000000003;0.0024872960000000004;0.0022784000000000003;0.0024872960000000004;0.0022835200000000003;0.0014817279999999999;0.0019947520000000002;0.0016650240000000002;0.0014632959999999998;0.001174528;0.001251328;0.0017725439999999998;0.001548288;0.001288192
1788229800,hdr,0.0293;0.03906;0.04883;0.05859;0.06836;0.07813;0.08789;0.09766;0.10742;0.11719;0.12695;0.13672;0.14648;0.15625;0.16602;0.17578;0.18555;0.19531;0.20508;0.21484;0.22461;0.23438;0.24414;0.25391;0.26367;0.27344;0.2832;0.29297;0.30273;0.3125;0.32227;0.33203;0.3418;0.35156;0.36133;0.37109;0.38086;0.39063;0.40039;0.41016;0.41992;0.42969;0.43945;0.44922;0.45898;0.46875;0.47852;0.48828;0.49805;0.50781;0.51758;0.52734;0.53711;0.54688;0.55664;0.56641;0.57617;0.58594;0.5957;0.60547;0.61523;0.625;0.63477;0.64453;0.6543;0.66406;0.67383;0.68359;0.69336;0.70313;0.71289;0.72266;0.73242;0.74219;0.75195;0.76172;0.77148;0.78125;0.79102,0.002105344;0.009110528;0.0109056;0.0032870399999999998;0.002460672;0.0073472;0.011495423999999999;0.018545663999999996;0.019181568;0.018934784;0.014512128000000001;0.015612928;0.011513856;0.009292799999999999;0.010469376;0.008178688;0.005393408000000001;0.005525504;0.006156287999999999;0.004563968;0.006849536;0.006966272;0.010824704;0.019935232;0.042428416;0.065451008;0.07878041599999999;0.07408947199999999;0.06209536;0.054941696000000005;0.037879807999999994;0.025475072;0.0075950079999999994;0.009404415999999999;0.013846527999999999;0.011212799999999998;0.0133888;0.015844352;0.014534656000000002;0.012980224;0.012908544;0.008798208;0.007962624;0.008526848;0.005434368;0.005792768;0.006756352;0.007827456;0.005710848;0.005579776;0.004491264;0.0040192;0.005056512;0.004391936000000001;0.003876864;0.003122176;0.0035942400000000003;0.00366592;0.003054592;0.004118528000000001;0.0040396799999999995;0.002262016;0.001905664;0.003518464;0.003950592;0.003339264;0.0023347199999999998;0.002212864;0.00197632;0.0017489920000000002;0.001845248;0.0017807360000000002;0.0010516479999999999;0.001152;0.001664;0.001829888;0.0017623040000000001;0.001265664;0.00110592
1788230700,hdr,0.0293;0.03906;0.04883;0.05859;0.06836;0.07813;0.08789;0.09766;0.10742;0.11719;0.12695;0.13672;0.14648;0.15625;0.16602;0.17578;0.18555;0.19531;0.20508;0.21484;0.22461;0.23438;0.24414;0.25391;0.26367;0.27344;0.2832;0.29297;0.30273;0.3125;0.32227;0.33203;0.3418;0.35156;0.36133;0.37109;0.38086;0.39063;0.40039;0.41016;0.41992;0.42969;0.43945;0.44922;0.45898;0.46875;0.47852;0.48828;0.49805;0.50781;0.51758;0.52734;0.53711;0.54688;0.55664;0.56641;0.57617;0.58594;0.5957;0.60547;0.61523;0.625;0.63477;0.64453;0.6543;0.66406;0.67383;0.68359;0.69336;0.70313;0.71289;0.72266;0.73242;0.74219;0.75195;0.76172;0.77148;0.78125;0.79102,0.00059904;0.0010721279999999999;0.0066662399999999995;0.0073185279999999995;0.004217856000000001;0.0026419199999999994;0.005078015999999999;0.016139264;0.01697792;0.023873536;0.017603584000000002;0.014977024;0.011920384;0.006685696;0.012081152;0.009464832000000001;0.0066734080000000005;0.006470656;0.007655424;0.008399872;0.00897536;0.009231360000000001;0.010498048000000001;0.030206976000000003;0.066441216;0.083208192;0.065091584;0.066993152;0.065047552;0.062645248;0.036859904;0.024251392;0.023514112;0.020540416000000002;0.021221376;0.0205824;0.015356928;0.011610112;0.0075776;0.0061952;0.005855232;0.006715392;0.007583744000000001;0.006898688;0.004599808;0.003955712;0.005941248;0.005092352;0.004337664;0.005999616;0.006595584;0.0067205120000000005;0.005283839999999999;0.0037048320000000004;0.0040243200000000005;0.004260864;0.003945472;0.005131264;0.005129216000000001;0.004276224;0.002453504;0.0022640639999999997;0.0020592640000000003;0.001995776;0.001564672;0.0020418560000000003;0.0017684480000000002;0.001359872;0.001765376;0.001997824;0.001524736;0.0014499839999999999;0.001944576;0.001373184;0.000965632;0.000736256;0.0006574080000000001;0.001137664;0.000951296
1788231600,hdr,0.0293;0.03906;0.04883;0.05859;0.06836;0.07813;0.08789;0.09766;0.10742;0.11719;0.12695;0.13672;0.14648;0.15625;0.16602;0.17578;0.18555;0.19531;0.20508;0.21484;0.22461;0.23438;0.24414;0.25391;0.26367;0.27344;0.2832;0.29297;0.30273;0.3125;0.32227;0.33203;0.3418;0.35156;0.36133;0.37109;0.38086;0.39063;0.40039;0.41016;0.41992;0.42969;0.43945;0.44922;0.45898;0.46875;0.47852;0.48828;0.49805;0.50781;0.51758;0.52734;0.53711;0.54688;0.55664;0.56641;0.57617;0.58594;0.5957;0.60547;0.61523;0.625;0.63477;0.64453;0.6543;0.66406;0.67383;0.68359;0.69336;0.70313;0.71289;0.72266;0.73242;0.74219;0.75195;0.76172;0.77148;0.78125;0.79102,0.00474112;0.007071744;0.0040796159999999995;0.002976768;0.002364416;0.001533952;0.005076991999999999;0.010929152;0.012492800000000002;0.010317824;0.017327104;0.010205183999999999;0.005936128;0.009289728;0.007483392;0.00669696;0.009505791999999999;0.010824704;0.010513408;0.005124096;0.007758848;0.0180224;0.02496;0.070028288;0.074944512;0.08719155199999999;0.12417126399999999;0.082627584;0.055656448;0.045827072;0.030715904;0.017137664;0.026389503999999998;0.018804735999999996;0.012782591999999999;0.012317696;0.010494976;0.01083392;0.009742335999999999;0.007764992;0.00784384;0.008108032;0.008403968000000001;0.0069027839999999995;0.00474624;0.005668864000000001;0.005157888;0.003820544;0.00491008;0.005830656;0.005552128;0.004002816;0.003503104;0.00614912;0.005933056;0.004927488000000001;0.0029409279999999998;0.003654656;0.00301568;0.0023357440000000003;0.002476032;0.0020418560000000003;0.00195072;0.002372608;0.002295808;0.001664;0.001289216;0.0016087039999999999;0.0021964800000000002;0.0017623040000000001;0.0009461760000000001;0.000970752;0.00113152;0.001344512;0.00169472;0.0014735360000000001;0.0006082559999999999;0.0007290879999999999;0.0009021439999999999
1788232500,hdr,0.0293;0.03906;0.04883;0.05859;0.06836;0.07813;0.08789;0.09766;0.10742;0.11719;0.12695;0.13672;0.14648;0.15625;0.16602;0.17578;0.18555;0.19531;0.20508;0.21484;0.22461;0.23438;0.24414;0.25391;0.26367;0.27344;0.2832;0.29297;0.30273;0.3125;0.32227;0.33203;0.3418;0.35156;0.36133;0.37109;0.38086;0.39063;0.40039;0.41016;0.41992;0.42969;0.43945;0.44922;0.45898;0.46875;0.47852;0.48828;0.49805;0.50781;0.51758;0.52734;0.53711;0.54688;0.55664;0.56641;0.57617;0.58594;0.5957;0.60547;0.61523;0.625;0.63477;0.64453;0.6543;0.66406;0.67383;0.68359;0.69336;0.70313;0.71289;0.72266;0.73242;0.74219;0.75195;0.76172;0.77148;0.78125;0.79102,0.0037847040000000003;0.0017971200000000001;0.0010649599999999998;0.0032;0.003575808;0.0029491200000000004;0.00451072;0.013784064;0.017862656;0.017723392;0.017965056;0.015537152;0.007283712;0.004164608;0.008100864;0.009122816;0.014603264;0.009957376;0.006751232;0.006632448;0.006463488;0.014430208;0.032026624;0.065115136;0.11344281599999999;0.11180851199999998;0.072706048;0.089972736;0.07460864;0.040476672;0.028673024000000002;0.021696511999999998;0.024517631999999998;0.016460799999999998;0.014789632;0.0121856;0.006283264;0.010826752;0.009612287999999998;0.007856128;0.0069027839999999995;0.007578624;0.006247424;0.007426048;0.007507968;0.007882752;0.006259712000000001;0.002793472;0.00334848;0.0046049279999999995;0.00329728;0.002501632;0.001997824;0.002369536;0.002753536;0.00200704;0.0025958400000000003;0.0025262080000000003;0.00211456;0.001452032;0.001826816;0.00167424;0.0018944;0.002448384;0.0024719359999999997;0.002020352;0.001227776;0.001222656;0.001380352;0.00137216;0.00119808;0.0011786239999999999;0.00117248;0.0010014719999999998;0.000854016;0.000754688;0.0008744960000000001;0.000884736;0.0007393279999999999
1788233400,hdr,0.0293;0.03906;0.04883;0.05859;0.06836;0.07813;0.08789;0.09766;0.10742;0.11719;0.12695;0.13672;0.14648;0.15625;0.16602;0.17578;0.18555;0.19531;0.20508;0.21484;0.22461;0.23438;0.24414;0.25391;0.26367;0.27344;0.2832;0.29297;0.30273;0.3125;0.32227;0.33203;0.3418;0.35156;0.36133;0.37109;0.38086;0.39063;0.40039;0.41016;0.41992;0.42969;0.43945;0.44922;0.45898;0.46875;0.47852;0.48828;0.49805;0.50781;0.51758;0.52734;0.53711;0.54688;0.55664;0.56641;0.57617;0.58594;0.5957;0.60547;0.61523;0.625;0.63477;0.64453;0.6543;0.66406;0.67383;0.68359;0.69336;0.70313;0.71289;0.72266;0.73242;0.74219;0.75195;0.76172;0.77148;0.78125;0.79102,0.002332672;0.003324928;0.0015677439999999998;0.0011970559999999997;0.0026951679999999995;0.012964864;0.0191232;0.01288704;0.01253888;0.02118144;0.022255616;0.020440063999999997;0.013543423999999998;0.011475968000000001;0.01430528;0.020653056;0.01498112;0.006990848;0.005933056;0.00852992;0.017783808;0.03333632;0.05963468799999999;0.06926233600000001;0.08160051199999999;0.111168512;0.105218048;0.07110348799999999;0.0398848;0.022264832;0.019218432;0.024062976;0.025951232;0.018916351999999997;0.013989888;0.011297792;0.009815039999999999;0.010097664000000001;0.010852352;0.008449024;0.00836096;0.007536640000000001;0.005636096;0.003675136;0.004477952;0.004228096;0.004713472000000001;0.004959232;0.003428352;0.003492864;0.002980864;0.004161536;0.004425728;0.002612224;0.002060288;0.0031406079999999996;0.003054592;0.002214912;0.0017971200000000001;0.002177024;0.0016691199999999998;0.001032192;0.0014858240000000002;0.0018257920000000001;0.001746944;0.001550336;0.00128;0.00105472;0.000837632;0.001209344;0.000823296;0.000932864;0.0008622079999999999;0.0007393279999999999;0.00085504;0.000908288;0.00075264;0.00085504;0.001027072
1788234300,hdr,0.0293;0.03906;0.04883;0.05859;0.06836;0.07813;0.08789;0.09766;0.10742;0.11719;0.12695;0.13672;0.14648;0.15625;0.16602;0.17578;0.18555;0.19531;0.20508;0.21484;0.22461;0.23438;0.24414;0.25391;0.26367;0.27344;0.2832;0.29297;0.30273;0.3125;0.32227;0.33203;0.3418;0.35156;0.36133;0.37109;0.38086;0.39063;0.40039;0.41016;0.41992;0.42969;0.43945;0.44922;0.45898;0.46875;0.47852;0.48828;0.49805;0.50781;0.51758;0.52734;0.53711;0.54688;0.55664;0.56641;0.57617;0.58594;0.5957;0.60547;0.61523;0.625;0.63477;0.64453;0.6543;0.66406;0.67383;0.68359;0.69336;0.70313;0.71289;0.72266;0.73242;0.74219;0.75195;0.76172;0.77148;0.78125;0.79102,0.0026081279999999995;0.0030535679999999996;0.001483776;0.00075264;0.000319488;0.0033536000000000004;0.005248;0.010319871999999999;0.018937856;0.018942976000000004;0.021689343999999996;0.021918720000000003;0.011095039999999999;0.01162752;0.016632832000000004;0.017099775999999997;0.010141696;0.008723456000000001;0.0065638400000000005;0.008468479999999999;0.019905536;0.016161791999999998;0.028865536;0.050868224;0.08936755200000002;0.093704192;0.098075648;0.0989184;0.07586611200000001;0.032424959999999996;0.022888448;0.019597312;0.016119808;0.015045632;0.010397696;0.008482815999999999;0.011341824;0.008333312;0.005204992;0.0039075839999999995;0.005563392;0.007196672;0.009231360000000001;0.010769408;0.008968192000000002;0.007258112;0.007778304;0.00571392;0.003724288;0.004097024;0.0035235839999999997;0.002208768;0.00424448;0.004015104;0.0025907200000000003;0.001969152;0.0014561280000000001;0.001298432;0.001349632;0.0014817279999999999;0.001659904;0.00090112;0.000748544;0.000662528;0.000659456;0.0007495679999999999;0.0009584639999999999;0.000908288;0.000847872;0.0009349119999999999;0.000840704;0.0007936;0.0008652800000000001;0.0007096320000000001;0.000569344;0.000756736;0.000867328;0.0006737919999999999;0.0006082559999999999
1788235200,hdr,0.0293;0.03906;0.04883;0.05859;0.06836;0.07813;0.08789;0.09766;0.10742;0.11719;0.12695;0.13672;0.14648;0.15625;0.16602;0.17578;0.18555;0.19531;0.20508;0.21484;0.22461;0.23438;0.24414;0.25391;0.26367;0.27344;0.2832;0.29297;0.30273;0.3125;0.32227;0.33203;0.3418;0.35156;0.36133;0.37109;0.38086;0.39063;0.40039;0.41016;0.41992;0.42969;0.43945;0.44922;0.45898;0.46875;0.47852;0.48828;0.49805;0.50781;0.51758;0.52734;0.53711;0.54688;0.55664;0.56641;0.57617;0.58594;0.5957;0.60547;0.61523;0.625;0.63477;0.64453;0.6543;0.66406;0.67383;0.68359;0.69336;0.70313;0.71289;0.72266;0.73242;0.74219;0.75195;0.76172;0.77148;0.78125;0.79102,0.001818624;0.0035532800000000002;0.0035348480000000006;0.0025743360000000004;0.0031784960000000003;0.005924864;0.008064;0.011370495999999999;0.010309632;0.015763456;0.027797504;0.031420416;0.022499328;0.011885568;0.011506688;0.015260672;0.020456448;0.01313792;0.010464256000000002;0.011745279999999999;0.011293696;0.020352;0.054827008;0.069453824;0.075341824;0.107962368;0.13492224;0.076414976;0.052107264;0.03412684800000001;0.018721792;0.01842688;0.015111168;0.017318912;0.0178176;0.016483328000000002;0.008779776;0.00621056;0.007852032;0.010373120000000001;0.006923263999999999;0.0055582719999999995;0.006283264;0.006669312;0.005279743999999999;0.0044953599999999995;0.0050350080000000005;0.004396032;0.004016128;0.0029573119999999997;0.002515968;0.002312192;0.002952192;0.002081792;0.001130496;0.001429504;0.001127424;0.0011735040000000001;0.001794048;0.001225728;0.001031168;0.000945152;0.000889856;0.0009830400000000001;0.0007137280000000001;0.0007557120000000001;0.000606208;0.0005898240000000001;0.0004956159999999999;0.000360448;0.00038912;0.000483328;0.0005376000000000001;0.000565248;0.0005857280000000001;0.000421888;0.00040345599999999995;0.00042291200000000006;0.000617472
1788236100,hdr,0.0293;0.03906;0.04883;0.05859;0.06836;0.07813;0.08789;0.09766;0.10742;0.11719;0.12695;0.13672;0.14648;0.15625;0.16602;0.17578;0.18555;0.19531;0.20508;0.21484;0.22461;0.23438;0.24414;0.25391;0.26367;0.27344;0.2832;0.29297;0.30273;0.3125;0.32227;0.33203;0.3418;0.35156;0.36133;0.37109;0.38086;0.39063;0.40039;0.41016;0.41992;0.42969;0.43945;0.44922;0.45898;0.46875;0.47852;0.48828;0.49805;0.50781;0.51758;0.52734;0.53711;0.54688;0.55664;0.56641;0.57617;0.58594;0.5957;0.60547;0.61523;0.625;0.63477;0.64453;0.6543;0.66406;0.67383;0.68359;0.69336;0.70313;0.71289;0.72266;0.73242;0.74219;0.75195;0.76172;0.77148;0.78125;0.79102,0.0017602560000000002;0.0018524160000000002;0.00089088;0.000329728;0.000703488;0.002489344;0.00659456;0.019281919999999998;0.028064768;0.02077184;0.020754432;0.015824896;0.014564352;0.015681536;0.01671168;0.014723072;0.015858688;0.016257024000000002;0.013602816;0.012527616;0.022775808;0.027453440000000003;0.050825216;0.085376;0.087049216;0.12173209600000001;0.069532672;0.044366848;0.031058943999999998;0.025535488000000002;0.019597312;0.011502592;0.015470592;0.010177536000000001;0.01283584;0.012669952000000002;0.007170048000000001;0.004361215999999999;0.0059136;0.012439552000000001;0.006511616;0.0040796159999999995;0.003874816;0.004400128;0.005286912;0.003779584;0.0030228480000000003;0.0027566080000000002;0.003245056;0.003469312;0.003040256;0.001890304;0.001779712;0.0022425599999999998;0.002127872;0.0013946879999999998;0.001711104;0.001655808;0.001078272;0.001391616;0.001056768;0.0011120639999999998;0.0009625599999999999;0.00077824;0.00088576;0.000854016;0.00082432;0.000760832;0.0006696959999999999;0.000429056;0.00049664;0.0005877759999999999;0.000315392;0.00035532799999999997;0.000412672;0.00037785600000000004;0.000395264;0.000499712;0.000490496
1788237000,hdr,0.0293;0.03906;0.04883;0.05859;0.06836;0.07813;0.08789;0.09766;0.10742;0.11719;0.12695;0.13672;0.14648;0.15625;0.16602;0.17578;0.18555;0.19531;0.20508;0.21484;0.22461;0.23438;0.24414;0.25391;0.26367;0.27344;0.2832;0.29297;0.30273;0.3125;0.32227;0.33203;0.3418;0.35156;0.36133;0.37109;0.38086;0.39063;0.40039;0.41016;0.41992;0.42969;0.43945;0.44922;0.45898;0.46875;0.47852;0.48828;0.49805;0.50781;0.51758;0.52734;0.53711;0.54688;0.55664;0.56641;0.57617;0.58594;0.5957;0.60547;0.61523;0.625;0.63477;0.64453;0.6543;0.66406;0.67383;0.68359;0.69336;0.70313;0.71289;0.72266;0.73242;0.74219;0.75195;0.76172;0.77148;0.78125;0.79102,0.00149504;0.004112384;0.003649536;0.0008468480000000001;0.002960384;0.008175616;0.012967936;0.018018304;0.018632704;0.018200576;0.026407935999999996;0.025012224;0.023652351999999998;0.025779200000000002;0.026981376;0.014511103999999999;0.012461055999999998;0.010185728;0.015725568000000002;0.017391616;0.01791488;0.035478527999999995;0.067605504;0.071752704;0.10691481600000001;0.07115161600000001;0.044403712;0.052649984000000004;0.032427008;0.0344576;0.022513663999999996;0.013805567999999999;0.010968064;0.01219072;0.013804544;0.014401536;0.012496895999999999;0.008291327999999999;0.007672831999999999;0.008872960000000001;0.008054783999999999;0.005495808;0.005428224000000001;0.004098048000000001;0.005439488;0.005131264;0.00399872;0.0025651199999999997;0.002599936;0.002358272;0.001717248;0.000990208;0.001480704;0.001420288;0.001639424;0.0013240320000000002;0.0012247039999999999;0.001308672;0.001102848;0.001362944;0.001263616;0.000743424;0.000897024;0.000649216;0.000654336;0.000605184;0.000842752;0.0007976959999999999;0.0005580800000000001;0.00036864000000000005;0.000278528;0.000434176;0.000594944;0.00036966399999999996;0.000432128;0.000453632;0.000272384;0.00021913599999999998;0.000188416
1788237900,hdr,0.0293;0.03906;0.04883;0.05859;0.06836;0.07813;0.08789;0.09766;0.10742;0.11719;0.12695;0.13672;0.14648;0.15625;0.16602;0.17578;0.18555;0.19531;0.20508;0.21484;0.22461;0.23438;0.24414;0.25391;0.26367;0.27344;0.2832;0.29297;0.30273;0.3125;0.32227;0.33203;0.3418;0.35156;0.36133;0.37109;0.38086;0.39063;0.40039;0.41016;0.41992;0.42969;0.43945;0.44922;0.45898;0.46875;0.47852;0.48828;0.49805;0.50781;0.51758;0.52734;0.53711;0.54688;0.55664;0.56641;0.57617;0.58594;0.5957;0.60547;0.61523;0.625;0.63477;0.64453;0.6543;0.66406;0.67383;0.68359;0.69336;0.70313;0.71289;0.72266;0.73242;0.74219;0.75195;0.76172;0.77148;0.78125;0.79102,0.001794048;0.005283839999999999;0.0025917439999999996;0.0010291200000000001;0.001862656;0.004345856;0.0077987840000000004;0.007119872;0.008774656;0.0180992;0.020283392;0.020966400000000003;0.02363392;0.01788416;0.015664128;0.011966464;0.013764608;0.015378432000000001;0.013714432;0.013710336;0.019761151999999997;0.04443648;0.068324352;0.066174976;0.057179136;0.08058675200000001;0.06537216;0.05971148800000001;0.046968832;0.03680256;0.028443648000000002;0.016816128;0.013187072;0.00996352;0.012905472;0.011341824;0.006730752;0.008961024;0.008446975999999998;0.006191104;0.0058941440000000005;0.003653632;0.0030197759999999996;0.0037765119999999997;0.003414016;0.0033105920000000002;0.0014592000000000001;0.002038784;0.002234368;0.0017766400000000001;0.0020910079999999997;0.0015953919999999997;0.0019435519999999999;0.002497536;0.0021032959999999997;0.00134656;0.000891904;0.0011489279999999998;0.0011427840000000002;0.0007188480000000001;0.0010178560000000001;0.0006144;0.000903168;0.000719872;0.000451584;0.000384;0.000531456;0.00046592000000000004;0.0003584;0.000267264;0.000206848;0.000326656;0.000502784;0.000566272;0.00037068800000000004;0.000262144;0.00024780799999999997;0.00023859199999999998;0.000137216
1788238800,hdr,0.0293;0.03906;0.04883;0.05859;0.06836;0.07813;0.08789;0.09766;0.10742;0.11719;0.12695;0.13672;0.14648;0.15625;0.16602;0.17578;0.18555;0.19531;0.20508;0.21484;0.22461;0.23438;0.24414;0.25391;0.26367;0.27344;0.2832;0.29297;0.30273;0.3125;0.32227;0.33203;0.3418;0.35156;0.36133;0.37109;0.38086;0.39063;0.40039;0.41016;0.41992;0.42969;0.43945;0.44922;0.45898;0.46875;0.47852;0.48828;0.49805;0.50781;0.51758;0.52734;0.53711;0.54688;0.55664;0.56641;0.57617;0.58594;0.5957;0.60547;0.61523;0.625;0.63477;0.64453;0.6543;0.66406;0.67383;0.68359;0.69336;0.70313;0.71289;0.72266;0.73242;0.74219;0.75195;0.76172;0.77148;0.78125;0.79102,0.000257024;0.000858112;0.0012359679999999998;0.000553984;0.000891904;0.005405696;0.0077813760000000004;0.016192512;0.01788416;0.023396352;0.016649216;0.0183808;0.0210688;0.010500095999999999;0.016664576;0.013496320000000001;0.009631744;0.015678464;0.022280192;0.021794816;0.022969344000000003;0.032713728000000004;0.05852672;0.09408;0.10156032000000001;0.049014784;0.033943551999999995;0.036518911999999994;0.033088512;0.041177087999999994;0.037114879999999996;0.027011072;0.022861823999999996;0.01383424;0.010793984;0.012286975999999998;0.009222144;0.005389312;0.005489664000000001;0.005046272;0.00380416;0.003417088;0.004583424;0.00417792;0.0035440640000000004;0.0025344;0.00242688;0.0032204799999999995;0.0028989440000000005;0.0026685439999999997;0.003007488;0.002448384;0.0015544320000000001;0.000917504;0.000847872;0.001118208;0.001098752;0.000596992;0.000782336;0.000869376;0.0006973439999999999;0.000702464;0.0008151040000000001;0.000620544;0.000535552;0.00041779199999999995;0.000457728;0.0005836799999999999;0.000535552;0.00042803200000000007;0.000237568;0.0001792;0.0001536;0.000191488;0.00026112;0.00026112;0.000280576;0.00018432000000000002;0.000191488
1788239700,hdr,0.0293;0.03906;0.04883;0.05859;0.06836;0.07813;0.08789;0.09766;0.10742;0.11719;0.12695;0.13672;0.14648;0.15625;0.16602;0.17578;0.18555;0.19531;0.20508;0.21484;0.22461;0.23438;0.24414;0.25391;0.26367;0.27344;0.2832;0.29297;0.30273;0.3125;0.32227;0.33203;0.3418;0.35156;0.36133;0.37109;0.38086;0.39063;0.40039;0.41016;0.41992;0.42969;0.43945;0.44922;0.45898;0.46875;0.47852;0.48828;0.49805;0.50781;0.51758;0.52734;0.53711;0.54688;0.55664;0.56641;0.57617;0.58594;0.5957;0.60547;0.61523;0.625;0.63477;0.64453;0.6543;0.66406;0.67383;0.68359;0.69336;0.70313;0.71289;0.72266;0.73242;0.74219;0.75195;0.76172;0.77148;0.78125;0.79102,0.0006891520000000001;0.0039034879999999997;0.004937728;0.001466368;0.0019189760000000002;0.003145728;0.008728576000000002;0.015910912;0.016365568;0.022552575999999998;0.02413568;0.025884671999999997;0.019047424;0.012306431999999999;0.013844480000000001;0.018420736;0.017091584000000003;0.016400383999999997;0.018306048;0.024192;0.038113280000000006;0.053554176;0.062147584000000006;0.066473984;0.098709504;0.07224524800000001;0.042891264000000005;0.033416192000000004;0.026057728;0.020555776;0.022422527999999997;0.016449536;0.00992768;0.011127808;0.010942464;0.008584192;0.010105856;0.012521472;0.01091584;0.007151616;0.005559295999999999;0.004025343999999999;0.003740672;0.003504128;0.00237568;0.002936832;0.0027965439999999998;0.0023111679999999997;0.002387968;0.003001344;0.0030822400000000004;0.002658304;0.0020500479999999996;0.001134592;0.0011489279999999998;0.001199104;0.00135168;0.000768;0.0006993920000000001;0.001009664;0.0009605120000000001;0.0007843840000000001;0.00061952;0.0005560319999999999;0.000825344;0.000980992;0.0005959680000000001;0.000375808;0.000248832;0.000314368;0.00033792;0.000277504;0.000196608;0.00018944;0.000308224;0.00030003200000000004;0.00022528;0.000178176;0.000274432
1788240600,hdr,0.0293;0.03906;0.04883;0.05859;0.06836;0.07813;0.08789;0.09766;0.10742;0.11719;0.12695;0.13672;0.14648;0.15625;0.16602;0.17578;0.18555;0.19531;0.20508;0.21484;0.22461;0.23438;0.24414;0.25391;0.26367;0.27344;0.2832;0.29297;0.30273;0.3125;0.32227;0.33203;0.3418;0.35156;0.36133;0.37109;0.38086;0.39063;0.40039;0.41016;0.41992;0.42969;0.43945;0.44922;0.45898;0.46875;0.47852;0.48828;0.49805;0.50781;0.51758;0.52734;0.53711;0.54688;0.55664;0.56641;0.57617;0.58594;0.5957;0.60547;0.61523;0.625;0.63477;0.64453;0.6543;0.66406;0.67383;0.68359;0.69336;0.70313;0.71289;0.72266;0.73242;0.74219;0.75195;0.76172;0.77148;0.78125;0.79102,0.000549888;0.000411648;0.00030105599999999996;0.001165312;0.0030300159999999995;0.007362560000000001;0.011281408000000001;0.013751296;0.015889408;0.020987903999999998;0.032084992;0.036805632000000005;0.026001408000000004;0.019411968;0.016539648;0.018343935999999998;0.023632895999999997;0.024086528000000003;0.022480896;0.028499968;0.031318016;0.077326336;0.09003110399999999;0.039926784;0.042083328;0.039557119999999994;0.028341248;0.033604608;0.0264704;0.025949183999999997;0.014055424;0.013366272;0.015592447999999998;0.014865408000000002;0.007851008;0.011633663999999998;0.008461312;0.007452672;0.0061306880000000005;0.003915776;0.003729408;0.003828736;0.003996672;0.005181440000000001;0.0047636480000000005;0.002149376;0.001328128;0.002249728;0.002332672;0.002295808;0.001742848;0.001154048;0.001062912;0.001007616;0.000864256;0.0010086399999999999;0.000990208;0.000712704;0.000661504;0.000659456;0.000656384;0.000576512;0.000690176;0.0005232639999999998;0.000531456;0.000528384;0.000429056;0.00036454399999999996;0.000349184;0.000376832;0.00020377600000000002;0.000130048;0.000165888;0.000180224;0.00019968;0.00022016;0.00020889599999999997;0.00015564799999999998;0.00013311999999999997
1788241500,hdr,0.0293;0.03906;0.04883;0.05859;0.06836;0.07813;0.08789;0.09766;0.10742;0.11719;0.12695;0.13672;0.14648;0.15625;0.16602;0.17578;0.18555;0.19531;0.20508;0.21484;0.22461;0.23438;0.24414;0.25391;0.26367;0.27344;0.2832;0.29297;0.30273;0.3125;0.32227;0.33203;0.3418;0.35156;0.36133;0.37109;0.38086;0.39063;0.40039;0.41016;0.41992;0.42969;0.43945;0.44922;0.45898;0.46875;0.47852;0.48828;0.49805;0.50781;0.51758;0.52734;0.53711;0.54688;0.55664;0.56641;0.57617;0.58594;0.5957;0.60547;0.61523;0.625;0.63477;0.64453;0.6543;0.66406;0.67383;0.68359;0.69336;0.70313;0.71289;0.72266;0.73242;0.74219;0.75195;0.76172;0.77148;0.78125;0.79102,0.000750592;0.000915456;0.000325632;8.2944e-05;0.00091648;0.004212736;0.007059456;0.013070336;0.018817024;0.016985088;0.010696704;0.016978944;0.02869248;0.028012543999999997;0.018219008;0.016951295999999998;0.019607552;0.023369728;0.030774272000000002;0.04752896;0.06966681599999999;0.099453952;0.09542348800000001;0.07904256;0.066048;0.03843584;0.024480768;0.016555008000000003;0.029598720000000002;0.028910592;0.019899392;0.012937215999999998;0.009231360000000001;0.015215616;0.011874304;0.008753152;0.009481216;0.010033152;0.008144895999999999;0.009526272;0.009091072;0.008006656;0.0051968;0.0031979519999999996;0.003080192;0.003709952;0.004197376;0.003080192;0.002353152;0.002377728;0.0017858560000000002;0.002106368;0.001936384;0.001736704;0.001905664;0.001721344;0.001214464;0.0013342719999999998;0.0008366080000000001;0.000528384;0.0006225919999999999;0.0005304320000000001;0.000519168;0.000463872;0.000504832;0.000616448;0.00047923199999999995;0.000325632;0.00041984;0.0004915200000000001;0.00033894400000000004;0.000321536;0.000372736;0.00023142399999999999;0.000132096;0.000167936;0.00019456;0.000210944;0.00018124799999999998
1788242400,hdr,0.0293;0.03906;0.04883;0.05859;0.06836;0.07813;0.08789;0.09766;0.10742;0.11719;0.12695;0.13672;0.14648;0.15625;0.16602;0.17578;0.18555;0.19531;0.20508;0.21484;0.22461;0.23438;0.24414;0.25391;0.26367;0.27344;0.2832;0.29297;0.30273;0.3125;0.32227;0.33203;0.3418;0.35156;0.36133;0.37109;0.38086;0.39063;0.40039;0.41016;0.41992;0.42969;0.43945;0.44922;0.45898;0.46875;0.47852;0.48828;0.49805;0.50781;0.51758;0.52734;0.53711;0.54688;0.55664;0.56641;0.57617;0.58594;0.5957;0.60547;0.61523;0.625;0.63477;0.64453;0.6543;0.66406;0.67383;0.68359;0.69336;0.70313;0.71289;0.72266;0.73242;0.74219;0.75195;0.76172;0.77148;0.78125;0.79102,0.00033484799999999995;0.0005376000000000001;0.0007168;0.00029798400000000005;0.001635328;0.003309568;0.0041216000000000004;0.014374912;0.02571776;0.024298496;0.01910784;0.023540736;0.020250624;0.018214912;0.016985088;0.02110464;0.024197120000000003;0.03167744;0.028384256;0.057191424;0.074887168;0.065333248;0.075767808;0.081764352;0.063311872;0.043511808000000006;0.033426432;0.022248448;0.025500672000000002;0.025433088;0.020926464;0.017926144;0.012703744000000001;0.012791807999999998;0.009682944;0.006697984000000001;0.006565888;0.010115072;0.010978304;0.00651264;0.0036577280000000003;0.003798016;0.004186111999999999;0.0029409279999999998;0.003282944;0.0034263040000000002;0.002663424;0.002840576;0.002666496;0.002688;0.002633728;0.002458624;0.0021217280000000002;0.001987584;0.0012687360000000001;0.001396736;0.00080384;0.0008765439999999999;0.0008652800000000001;0.0007557120000000001;0.000644096;0.000514048;0.000731136;0.000774144;0.0005754880000000001;0.000513024;0.000382976;0.000393216;0.000339968;0.00046080000000000003;0.000454656;0.000331776;0.000303104;0.00028774400000000004;0.00030208000000000004;0.00039423999999999997;0.00030617599999999996;0.00020377600000000002;0.00020889599999999997
1788243300,hdr,0.0293;0.03906;0.04883;0.05859;0.06836;0.07813;0.08789;0.09766;0.10742;0.11719;0.12695;0.13672;0.14648;0.15625;0.16602;0.17578;0.18555;0.19531;0.20508;0.21484;0.22461;0.23438;0.24414;0.25391;0.26367;0.27344;0.2832;0.29297;0.30273;0.3125;0.32227;0.33203;0.3418;0.35156;0.36133;0.37109;0.38086;0.39063;0.40039;0.41016;0.41992;0.42969;0.43945;0.44922;0.45898;0.46875;0.47852;0.48828;0.49805;0.50781;0.51758;0.52734;0.53711;0.54688;0.55664;0.56641;0.57617;0.58594;0.5957;0.60547;0.61523;0.625;0.63477;0.64453;0.6543;0.66406;0.67383;0.68359;0.69336;0.70313;0.71289;0.72266;0.73242;0.74219;0.75195;0.76172;0.77148;0.78125;0.79102,0.000269312;0.001195008;0.002015232;0.00039423999999999997;0.000941056;0.003649536;0.007274496;0.015220736;0.011724799999999999;0.017837056;0.023122944;0.016621568;0.009795584000000001;0.013997056;0.017680384;0.015650816;0.014452735999999999;0.03509248;0.044325888;0.058822656;0.076411904;0.08323481599999999;0.047084544;0.039513088;0.028868607999999997;0.035611648;0.037937151999999995;0.032089087999999995;0.021883904000000003;0.018415616000000003;0.020209664000000002;0.014535679999999999;0.012742656000000002;0.011871232;0.010891264;0.00941056;0.010364928000000002;0.01188864;0.006541312;0.004342784;0.004864;0.006373376;0.0034078719999999997;0.0050278400000000004;0.004698112;0.0026081279999999995;0.0021606399999999997;0.00261632;0.002486272;0.002195456;0.002156544;0.0023592960000000003;0.002233344;0.001410048;0.001041408;0.0010465279999999997;0.0009318400000000001;0.0005898240000000001;0.000781312;0.000704512;0.0005713920000000001;0.0006676480000000001;0.000648192;0.000769024;0.0006830079999999999;0.0004956159999999999;0.000557056;0.00050176;0.00057856;0.000545792;0.00033894400000000004;0.000272384;0.000256;0.000210944;0.00017408000000000001;0.00017715200000000003;0.00020480000000000002;0.00028671999999999997;0.000237568
1788244200,hdr,0.0293;0.03906;0.04883;0.05859;0.06836;0.07813;0.08789;0.09766;0.10742;0.11719;0.12695;0.13672;0.14648;0.15625;0.16602;0.17578;0.18555;0.19531;0.20508;0.21484;0.22461;0.23438;0.24414;0.25391;0.26367;0.27344;0.2832;0.29297;0.30273;0.3125;0.32227;0.33203;0.3418;0.35156;0.36133;0.37109;0.38086;0.39063;0.40039;0.41016;0.41992;0.42969;0.43945;0.44922;0.45898;0.46875;0.47852;0.48828;0.49805;0.50781;0.51758;0.52734;0.53711;0.54688;0.55664;0.56641;0.57617;0.58594;0.5957;0.60547;0.61523;0.625;0.63477;0.64453;0.6543;0.66406;0.67383;0.68359;0.69336;0.70313;0.71289;0.72266;0.73242;0.74219;0.75195;0.76172;0.77148;0.78125;0.79102,0.0009472;0.002077696;0.00183808;0.00128;0.003027968;0.0068997120000000006;0.01354752;0.0146944;0.009040896000000001;0.008235008;0.013941760000000001;0.018075648;0.021922816;0.027211776;0.019524608;0.023322624;0.020396032;0.018745344;0.038817792;0.114107392;0.105034752;0.075017216;0.07619891200000001;0.05899776;0.06073344;0.03545088;0.034103296000000005;0.02397696;0.017809408;0.017255424000000002;0.023892992;0.025982976;0.012947456;0.010809343999999999;0.009089024;0.008796159999999999;0.007737344;0.007523328;0.0069027839999999995;0.004959232;0.0062627839999999995;0.0048783360000000005;0.00427008;0.005033984;0.005786624;0.006016;0.003703808;0.0028221440000000004;0.002696192;0.001874944;0.0017326079999999998;0.0012994559999999998;0.001185792;0.000791552;0.001007616;0.001056768;0.000913408;0.000789504;0.000664576;0.001143808;0.001062912;0.000717824;0.000606208;0.000535552;0.000502784;0.000482304;0.0005857280000000001;0.00057856;0.000459776;0.00036249599999999997;0.000347136;0.00039423999999999997;0.00047206399999999996;0.000347136;0.000380928;0.000381952;0.00022528;0.000257024;0.00015872
1788245100,hdr,0.0293;0.03906;0.04883;0.05859;0.06836;0.07813;0.08789;0.09766;0.10742;0.11719;0.12695;0.13672;0.14648;0.15625;0.16602;0.17578;0.18555;0.19531;0.20508;0.21484;0.22461;0.23438;0.24414;0.25391;0.26367;0.27344;0.2832;0.29297;0.30273;0.3125;0.32227;0.33203;0.3418;0.35156;0.36133;0.37109;0.38086;0.39063;0.40039;0.41016;0.41992;0.42969;0.43945;0.44922;0.45898;0.46875;0.47852;0.48828;0.49805;0.50781;0.51758;0.52734;0.53711;0.54688;0.55664;0.56641;0.57617;0.58594;0.5957;0.60547;0.61523;0.625;0.63477;0.64453;0.6543;0.66406;0.67383;0.68359;0.69336;0.70313;0.71289;0.72266;0.73242;0.74219;0.75195;0.76172;0.77148;0.78125;0.79102,0.001550336;0.0026490879999999995;0.001882112;0.001666048;0.003161088;0.008762368;0.011174912;0.017646591999999996;0.018623487999999997;0.015599616;0.015005696;0.0140544;0.02330112;0.019787776;0.012420096;0.014613504000000001;0.014426112;0.022060032;0.053328896;0.08249548799999999;0.08909209600000001;0.10102784;0.08960512;0.060649472;0.037445632000000006;0.029449216;0.042713087999999996;0.044545023999999996;0.032029696;0.017282047999999998;0.021076992000000003;0.019477504;0.023847936;0.015886336;0.008841215999999999;0.009003008;0.007731200000000001;0.004393983999999999;0.004292608;0.008114176;0.00948736;0.004493312000000001;0.0036116480000000003;0.0025108480000000004;0.002034688;0.0028917760000000004;0.00334336;0.002596864;0.0014448640000000001;0.00131584;0.0023336960000000006;0.002331648;0.0011694079999999998;0.001826816;0.0018831359999999999;0.00108544;0.00084992;0.001031168;0.001308672;0.0011786239999999999;0.000621568;0.0007393279999999999;0.0008519679999999999;0.000704512;0.00042496;0.00029696;0.00037888;0.000519168;0.00047206399999999996;0.0006277120000000001;0.0005642239999999999;0.000596992;0.000456704;0.00021299199999999998;0.000280576;0.00023040000000000002;0.00014335999999999998;0.000144384;0.00021401600000000003
1788246000,hdr,0.0293;0.03906;0.04883;0.05859;0.06836;0.07813;0.08789;0.09766;0.10742;0.11719;0.12695;0.13672;0.14648;0.15625;0.16602;0.17578;0.18555;0.19531;0.20508;0.21484;0.22461;0.23438;0.24414;0.25391;0.26367;0.27344;0.2832;0.29297;0.30273;0.3125;0.32227;0.33203;0.3418;0.35156;0.36133;0.37109;0.38086;0.39063;0.40039;0.41016;0.41992;0.42969;0.43945;0.44922;0.45898;0.46875;0.47852;0.48828;0.49805;0.50781;0.51758;0.52734;0.53711;0.54688;0.55664;0.56641;0.57617;0.58594;0.5957;0.60547;0.61523;0.625;0.63477;0.64453;0.6543;0.66406;0.67383;0.68359;0.69336;0.70313;0.71289;0.72266;0.73242;0.74219;0.75195;0.76172;0.77148;0.78125;0.79102,0.0022015999999999997;0.003269632;0.0042086400000000005;0.00288256;0.0023920639999999997;0.004645888;0.006165504;0.008079359999999999;0.022288384;0.02031616;0.018255872;0.018088959999999998;0.009899007999999999;0.020498432;0.013125632;0.023857152;0.03328;0.025693183999999997;0.045156352;0.10276864;0.12056473599999999;0.07056384;0.055025663999999995;0.05211033599999999;0.03957862399999999;0.030532608;0.020900863999999998;0.032333824;0.037677055999999993;0.025590784;0.023195647999999996;0.020680703999999998;0.011616256;0.005440512;0.006447104;0.010074112;0.011311103999999999;0.010233856;0.00866816;0.004753408000000001;0.005946368;0.007241728;0.0031744;0.0024494079999999997;0.002929664;0.002970624;0.002407424;0.003703808;0.0031488;0.002067456;0.0021626880000000003;0.00160256;0.001604608;0.001328128;0.00110592;0.0010680320000000002;0.001461248;0.0013680639999999998;0.0009543679999999999;0.0005847039999999999;0.000663552;0.0005416959999999999;0.000613376;0.0006144;0.0005642239999999999;0.000345088;0.00037478399999999997;0.0006154239999999999;0.000567296;0.00036761599999999997;0.00040960000000000004;0.00043315199999999996;0.000288768;0.000161792;0.000162816;0.000216064;0.00022528;0.000175104;0.00020172799999999998
1788246900,hdr,0.0293;0.03906;0.04883;0.05859;0.06836;0.07813;0.08789;0.09766;0.10742;0.11719;0.12695;0.13672;0.14648;0.15625;0.16602;0.17578;0.18555;0.19531;0.20508;0.21484;0.22461;0.23438;0.24414;0.25391;0.26367;0.27344;0.2832;0.29297;0.30273;0.3125;0.32227;0.33203;0.3418;0.35156;0.36133;0.37109;0.38086;0.39063;0.40039;0.41016;0.41992;0.42969;0.43945;0.44922;0.45898;0.46875;0.47852;0.48828;0.49805;0.50781;0.51758;0.52734;0.53711;0.54688;0.55664;0.56641;0.57617;0.58594;0.5957;0.60547;0.61523;0.625;0.63477;0.64453;0.6543;0.66406;0.67383;0.68359;0.69336;0.70313;0.71289;0.72266;0.73242;0.74219;0.75195;0.76172;0.77148;0.78125;0.79102,0.0017602560000000002;0.002361344;0.00542208;0.004534272;0.00234496;0.0068157439999999994;0.007766016;0.011880448;0.015768576;0.011495423999999999;0.013037568000000001;0.011471872;0.012838912000000001;0.011228160000000001;0.007881728;0.010755072000000001;0.018123775999999998;0.0397312;0.08107212800000001;0.082634752;0.05428428799999999;0.07952793600000001;0.065862656;0.04127232;0.035499008;0.023083008;0.023944192000000003;0.02154496;0.01947136;0.0158464;0.0158208;0.025907200000000002;0.01539072;0.014492672;0.016576512;0.010525696;0.009155584;0.005065728;0.007211008;0.010124288;0.006427647999999999;0.0048783360000000005;0.006250496;0.004361215999999999;0.004707328;0.0031016959999999997;0.002398208;0.0021872639999999995;0.0022732800000000004;0.0026480640000000003;0.002267136;0.001604608;0.0009748480000000001;0.00099328;0.001396736;0.001293312;0.0009297919999999999;0.0010956800000000001;0.00067072;0.000579584;0.00047206399999999996;0.000964608;0.0008601600000000001;0.000649216;0.00037478399999999997;0.000641024;0.000482304;0.00022528;0.000268288;0.00021504000000000003;0.000206848;0.00023142399999999999;0.000224256;0.00018227199999999998;0.00027136;0.00030105599999999996;0.000222208;0.00022528;0.000233472
1788247800,hdr,0.0293;0.03906;0.04883;0.05859;0.06836;0.07813;0.08789;0.09766;0.10742;0.11719;0.12695;0.13672;0.14648;0.15625;0.16602;0.17578;0.18555;0.19531;0.20508;0.21484;0.22461;0.23438;0.24414;0.25391;0.26367;0.27344;0.2832;0.29297;0.30273;0.3125;0.32227;0.33203;0.3418;0.35156;0.36133;0.37109;0.38086;0.39063;0.40039;0.41016;0.41992;0.42969;0.43945;0.44922;0.45898;0.46875;0.47852;0.48828;0.49805;0.50781;0.51758;0.52734;0.53711;0.54688;0.55664;0.56641;0.57617;0.58594;0.5957;0.60547;0.61523;0.625;0.63477;0.64453;0.6543;0.66406;0.67383;0.68359;0.69336;0.70313;0.71289;0.72266;0.73242;0.74219;0.75195;0.76172;0.77148;0.78125;0.79102,0.00489984;0.0068751360000000004;0.005132288;0.003026944;0.0036515840000000003;0.003329024;0.008808448;0.012452864;0.01325056;0.024117248;0.022156288;0.013324287999999998;0.011704319999999999;0.022679552;0.021788672;0.019397632;0.0315904;0.050016256;0.061405184;0.09639936;0.12169216000000001;0.112876544;0.06328832;0.053663744;0.033719296;0.033002496;0.0286208;0.014707712000000001;0.021776384000000003;0.0242432;0.016413696;0.018266112;0.017907712;0.014074880000000001;0.010000384;0.010843135999999998;0.007387136;0.007067648;0.006243328;0.00601088;0.004481023999999999;0.0037765119999999997;0.002249728;0.003279872;0.00295424;0.0029634559999999997;0.002466816;0.001974272;0.0021964800000000002;0.001477632;0.001251328;0.0013312;0.001297408;0.0011632640000000002;0.000963584;0.00077312;0.0013260799999999999;0.0011427840000000002;0.0009441279999999999;0.000854016;0.0006676480000000001;0.000536576;0.000497664;0.000494592;0.00050176;0.000458752;0.00047411199999999995;0.00031232;0.00029081600000000006;0.000258048;0.000186368;0.000186368;0.000165888;0.000191488;0.000193536;0.00029081600000000006;0.00025088;0.000169984;0.00012288000000000002
1788248700,hdr,0.0293;0.03906;0.04883;0.05859;0.06836;0.07813;0.08789;0.09766;0.10742;0.11719;0.12695;0.13672;0.14648;0.15625;0.16602;0.17578;0.18555;0.19531;0.20508;0.21484;0.22461;0.23438;0.24414;0.25391;0.26367;0.27344;0.2832;0.29297;0.30273;0.3125;0.32227;0.33203;0.3418;0.35156;0.36133;0.37109;0.38086;0.39063;0.40039;0.41016;0.41992;0.42969;0.43945;0.44922;0.45898;0.46875;0.47852;0.48828;0.49805;0.50781;0.51758;0.52734;0.53711;0.54688;0.55664;0.56641;0.57617;0.58594;0.5957;0.60547;0.61523;0.625;0.63477;0.64453;0.6543;0.66406;0.67383;0.68359;0.69336;0.70313;0.71289;0.72266;0.73242;0.74219;0.75195;0.76172;0.77148;0.78125;0.79102,0.004141056;0.008473599999999998;0.00794624;0.0029870079999999998;0.001343488;0.007038976;0.014104575999999999;0.01767424;0.023182335999999998;0.019823616000000002;0.010433536;0.013550592;0.013436927999999999;0.010312703999999999;0.013187072;0.019757056;0.026494976000000003;0.040259583999999994;0.06297702399999999;0.08803839999999999;0.138379264;0.11673804800000001;0.054396928;0.049519616;0.041125888000000006;0.045131776000000005;0.036212735999999995;0.016306176000000002;0.016530432;0.021971968;0.021803008;0.008992768;0.010006528;0.008826879999999999;0.005961728;0.006239232;0.010908672;0.011571199999999999;0.009524224;0.008368128;0.005336064000000001;0.004653056000000001;0.004698112;0.003958784;0.0035696639999999997;0.002043904;0.002071552;0.002666496;0.0018237440000000002;0.002372608;0.001538048;0.001220608;0.000955392;0.000990208;0.000731136;0.000809984;0.000626688;0.00064;0.000637952;0.00044544;0.000441344;0.00043827199999999997;0.000412672;0.00047616000000000005;0.00039423999999999997;0.00039936;0.000347136;0.000314368;0.00024576000000000003;0.000210944;0.00021913599999999998;0.00024371200000000001;0.000169984;0.00015564799999999998;0.000140288;0.000142336;0.00012390399999999998;0.000227328;0.00020172799999999998
1788249600,hdr,0.0293;0.03906;0.04883;0.05859;0.06836;0.07813;0.08789;0.09766;0.10742;0.11719;0.12695;0.13672;0.14648;0.15625;0.16602;0.17578;0.18555;0.19531;0.20508;0.21484;0.22461;0.23438;0.24414;0.25391;0.26367;0.27344;0.2832;0.29297;0.30273;0.3125;0.32227;0.33203;0.3418;0.35156;0.36133;0.37109;0.38086;0.39063;0.40039;0.41016;0.41992;0.42969;0.43945;0.44922;0.45898;0.46875;0.47852;0.48828;0.49805;0.50781;0.51758;0.52734;0.53711;0.54688;0.55664;0.56641;0.57617;0.58594;0.5957;0.60547;0.61523;0.625;0.63477;0.64453;0.6543;0.66406;0.67383;0.68359;0.69336;0.70313;0.71289;0.72266;0.73242;0.74219;0.75195;0.76172;0.77148;0.78125;0.79102,0.002204672;0.001664;0.001092608;0.001634304;0.0033617919999999997;0.002184192;0.004535295999999999;0.013825024000000002;0.020798464;0.020581376000000002;0.010793984;0.013763583999999999;0.013596672;0.015493119999999999;0.018703360000000002;0.021856255999999998;0.028119039999999998;0.050840576;0.045903872000000005;0.045147136000000004;0.098909184;0.09120665599999998;0.05306368;0.039912447999999996;0.052512768;0.03734732799999999;0.025051135999999998;0.023544831999999998;0.025915392;0.030645248;0.02233344;0.019371008;0.01777664;0.010601471999999999;0.005952512;0.009132032000000002;0.007501824;0.006181888;0.003442688;0.0033925120000000003;0.00565248;0.0032440319999999996;0.0025200640000000002;0.0027402240000000003;0.0028876799999999997;0.0026490879999999995;0.00269312;0.0017192959999999997;0.001258496;0.0013475839999999998;0.001261568;0.0008345599999999999;0.000758784;0.00089088;0.000854016;0.000827392;0.000616448;0.0005703679999999999;0.000510976;0.000617472;0.000448512;0.00048639999999999995;0.000325632;0.000319488;0.00029900799999999997;0.000329728;0.00035532799999999997;0.00036249599999999997;0.00026112;0.00028569600000000005;0.00020889599999999997;0.000205824;0.00018534400000000002;0.000167936;0.000144384;0.00015052799999999998;0.00011776000000000001;9.932800000000001e-05;0.000176128
1788250500,hdr,0.0293;0.03906;0.04883;0.05859;0.06836;0.07813;0.08789;0.09766;0.10742;0.11719;0.12695;0.13672;0.14648;0.15625;0.16602;0.17578;0.18555;0.19531;0.20508;0.21484;0.22461;0.23438;0.24414;0.25391;0.26367;0.27344;0.2832;0.29297;0.30273;0.3125;0.32227;0.33203;0.3418;0.35156;0.36133;0.37109;0.38086;0.39063;0.40039;0.41016;0.41992;0.42969;0.43945;0.44922;0.45898;0.46875;0.47852;0.48828;0.49805;0.50781;0.51758;0.52734;0.53711;0.54688;0.55664;0.56641;0.57617;0.58594;0.5957;0.60547;0.61523;0.625;0.63477;0.64453;0.6543;0.66406;0.67383;0.68359;0.69336;0.70313;0.71289;0.72266;0.73242;0.74219;0.75195;0.76172;0.77148;0.78125;0.79102,0.002994176;0.005402624000000001;0.0022466560000000005;0.002527232;0.001593344;0.002499584;0.008184832;0.007825408;0.015017984;0.01277952;0.009889792;0.012213248;0.017472512;0.015931392;0.018547712;0.021701632000000002;0.034665472;0.044681216;0.07076966400000001;0.14589951999999998;0.122718208;0.05530009600000001;0.07819161599999999;0.070938624;0.052796416;0.051487744;0.025113600000000003;0.025129984;0.02153984;0.017707007999999996;0.01534464;0.011736064000000001;0.009515008;0.010570752000000001;0.010213376;0.009437184000000001;0.006050816;0.004583424;0.005286912;0.004518912;0.003836928;0.00313856;0.0021903359999999998;0.003295232;0.003081216;0.0027432959999999997;0.0024504320000000002;0.002871296;0.0016609279999999999;0.0005754880000000001;0.00061952;0.0009727999999999999;0.0013393919999999998;0.00172544;0.000828416;0.000636928;0.000601088;0.0005632;0.000457728;0.0007075839999999999;0.000818176;0.000621568;0.000442368;0.00041062399999999995;0.00047923199999999995;0.000385024;0.000352256;0.00030924800000000003;0.00033792;0.000256;0.000200704;0.00020992;0.000136192;0.000160768;0.000216064;0.000216064;0.00019456;0.00018432000000000002;0.000221184
1788251400,hdr,0.0293;0.03906;0.04883;0.05859;0.06836;0.07813;0.08789;0.09766;0.10742;0.11719;0.12695;0.13672;0.14648;0.15625;0.16602;0.17578;0.18555;0.19531;0.20508;0.21484;0.22461;0.23438;0.24414;0.25391;0.26367;0.27344;0.2832;0.29297;0.30273;0.3125;0.32227;0.33203;0.3418;0.35156;0.36133;0.37109;0.38086;0.39063;0.40039;0.41016;0.41992;0.42969;0.43945;0.44922;0.45898;0.46875;0.47852;0.48828;0.49805;0.50781;0.51758;0.52734;0.53711;0.54688;0.55664;0.56641;0.57617;0.58594;0.5957;0.60547;0.61523;0.625;0.63477;0.64453;0.6543;0.66406;0.67383;0.68359;0.69336;0.70313;0.71289;0.72266;0.73242;0.74219;0.75195;0.76172;0.77148;0.78125;0.79102,0.001327104;0.005065728;0.006964224;0.005494784000000001;0.00321024;0.006041599999999999;0.023425024000000003;0.028348416;0.016652288;0.012152832;0.00931328;0.009459712;0.013088768;0.013287423999999999;0.012854271999999998;0.020698111999999998;0.020950016000000002;0.042616832;0.09238016;0.13072384;0.11764736;0.08198451199999998;0.040957952;0.035732480000000004;0.045201408000000005;0.042092543999999996;0.020609024;0.02432512;0.029553664;0.023360512;0.015606784;0.014930944;0.011266047999999999;0.011392;0.011245568000000001;0.008090624;0.0066959359999999996;0.0069498879999999996;0.0058818559999999995;0.00393728;0.0023920639999999997;0.0025405440000000005;0.002082816;0.0024924160000000003;0.0020633599999999998;0.0022425599999999998;0.0018411519999999998;0.0011796480000000002;0.0011970559999999997;0.001166336;0.001532928;0.001405952;0.001108992;0.000917504;0.0010598399999999998;0.00122368;0.00103424;0.000625664;0.0005703679999999999;0.000452608;0.000448512;0.000493568;0.0005847039999999999;0.000444416;0.0005867520000000001;0.00047718399999999996;0.000507904;0.000372736;0.00028569600000000005;0.0002816;0.00020889599999999997;0.0001536;0.000176128;0.000256;0.00027648;0.00019968;0.000131072;0.000183296;0.00021299199999999998
1788252300,hdr,0.0293;0.03906;0.04883;0.05859;0.06836;0.07813;0.08789;0.09766;0.10742;0.11719;0.12695;0.13672;0.14648;0.15625;0.16602;0.17578;0.18555;0.19531;0.20508;0.21484;0.22461;0.23438;0.24414;0.25391;0.26367;0.27344;0.2832;0.29297;0.30273;0.3125;0.32227;0.33203;0.3418;0.35156;0.36133;0.37109;0.38086;0.39063;0.40039;0.41016;0.41992;0.42969;0.43945;0.44922;0.45898;0.46875;0.47852;0.48828;0.49805;0.50781;0.51758;0.52734;0.53711;0.54688;0.55664;0.56641;0.57617;0.58594;0.5957;0.60547;0.61523;0.625;0.63477;0.64453;0.6543;0.66406;0.67383;0.68359;0.69336;0.70313;0.71289;0.72266;0.73242;0.74219;0.75195;0.76172;0.77148;0.78125;0.79102,0.000557056;0.003848192;0.009428991999999999;0.004959232;0.00771072;0.006073344;0.01400832;0.011073536;0.010693632;0.010331136000000001;0.012722176;0.011970560000000002;0.015611904;0.021115904;0.025918464;0.024083456000000003;0.027665408;0.051534848;0.08914739199999999;0.07193702399999999;0.10897612799999999;0.10837811200000001;0.076783616;0.06713343999999999;0.04773375999999999;0.036077568;0.02042368;0.02041344;0.024658944000000002;0.015151103999999999;0.0201472;0.018703360000000002;0.014424064;0.013929472;0.007363584000000001;0.003618816;0.005590016000000001;0.00626176;0.004071424000000001;0.008791040000000002;0.0053913599999999996;0.002499584;0.0020500479999999996;0.0013864959999999999;0.001734656;0.0009564160000000001;0.001409024;0.002151424;0.001309696;0.001221632;0.001134592;0.0006850560000000001;0.0006696959999999999;0.000827392;0.0009021439999999999;0.000781312;0.0007055360000000001;0.0008222720000000001;0.000805888;0.000671744;0.0004884479999999999;0.000659456;0.00047206399999999996;0.000390144;0.00046080000000000003;0.000485376;0.0003584;0.000278528;0.000329728;0.00023040000000000002;0.000289792;0.00041676800000000003;0.000318464;0.00019968;0.000288768;0.00019456;0.00020172799999999998;0.000237568;0.000186368
1788254100,hdr,0.0293;0.03906;0.04883;0.05859;0.06836;0.07813;0.08789;0.09766;0.10742;0.11719;0.12695;0.13672;0.14648;0.15625;0.16602;0.17578;0.18555;0.19531;0.20508;0.21484;0.22461;0.23438;0.24414;0.25391;0.26367;0.27344;0.2832;0.29297;0.30273;0.3125;0.32227;0.33203;0.3418;0.35156;0.36133;0.37109;0.38086;0.39063;0.40039;0.41016;0.41992;0.42969;0.43945;0.44922;0.45898;0.46875;0.47852;0.48828;0.49805;0.50781;0.51758;0.52734;0.53711;0.54688;0.55664;0.56641;0.57617;0.58594;0.5957;0.60547;0.61523;0.625;0.63477;0.64453;0.6543;0.66406;0.67383;0.68359;0.69336;0.70313;0.71289;0.72266;0.73242;0.74219;0.75195;0.76172;0.77148;0.78125;0.79102,0.00283648;0.0029470720000000002;0.005021696000000001;0.004258816;0.004524032;0.008308735999999999;0.00821248;0.012127232;0.008487936;0.012070912;0.016187392;0.011213824;0.013995008;0.019439616000000003;0.013953024;0.017954816000000002;0.028552192000000004;0.04948889599999999;0.075974656;0.12753408;0.123949056;0.120865792;0.06668390399999999;0.058497024;0.033755136;0.032126976;0.033801215999999995;0.025544703999999998;0.018306048;0.016388096;0.014513152;0.014019584000000002;0.012347392;0.008209408;0.009220095999999999;0.010441727999999999;0.009000959999999999;0.004586496;0.003248128;0.00305152;0.00359936;0.0041809920000000006;0.002866176;0.0024104960000000003;0.002302976;0.002061312;0.00160256;0.001570816;0.0009431040000000001;0.000843776;0.001137664;0.00122368;0.0011960319999999999;0.000825344;0.000528384;0.000463872;0.0006676480000000001;0.000442368;0.000386048;0.000519168;0.00067072;0.000458752;0.000365568;0.00034099200000000003;0.00047206399999999996;0.00044339199999999997;0.000423936;0.000339968;0.000310272;0.000320512;0.000283648;0.00034099200000000003;0.00028569600000000005;0.000237568;0.00022528;0.00023859199999999998;0.000196608;0.00023552000000000002;0.000197632
1788255000,hdr,0.0293;0.03906;0.04883;0.05859;0.06836;0.07813;0.08789;0.09766;0.10742;0.11719;0.12695;0.13672;0.14648;0.15625;0.16602;0.17578;0.18555;0.19531;0.20508;0.21484;0.22461;0.23438;0.24414;0.25391;0.26367;0.27344;0.2832;0.29297;0.30273;0.3125;0.32227;0.33203;0.3418;0.35156;0.36133;0.37109;0.38086;0.39063;0.40039;0.41016;0.41992;0.42969;0.43945;0.44922;0.45898;0.46875;0.47852;0.48828;0.49805;0.50781;0.51758;0.52734;0.53711;0.54688;0.55664;0.56641;0.57617;0.58594;0.5957;0.60547;0.61523;0.625;0.63477;0.64453;0.6543;0.66406;0.67383;0.68359;0.69336;0.70313;0.71289;0.72266;0.73242;0.74219;0.75195;0.76172;0.77148;0.78125;0.79102,0.0031784960000000003;0.009388032000000001;0.011876352000000001;0.002989056;0.000802816;0.004222976;0.010689536;0.015535104000000001;0.012921855999999999;0.008824832;0.007716864;0.011848704;0.014567424;0.007541760000000001;0.009121792;0.009597952;0.011154432;0.031603712000000006;0.06881689599999999;0.08398745599999999;0.10301132800000001;0.09086976;0.073399296;0.063880192;0.036283392;0.042046464;0.04273152;0.0238592;0.026450944;0.020125696;0.015370240000000002;0.01533952;0.009666560000000001;0.007605247999999999;0.0041472;0.006244352;0.005221376;0.0039495680000000005;0.0037693439999999996;0.004471808;0.00430592;0.004672512;0.003489792;0.002111488;0.001891328;0.0013987840000000001;0.001209344;0.001055744;0.0014714879999999997;0.000919552;0.000738304;0.0009717759999999999;0.0012687360000000001;0.000704512;0.000545792;0.000512;0.000484352;0.00051712;0.000492544;0.00042598399999999997;0.00042598399999999997;0.000380928;0.000442368;0.00041062399999999995;0.000421888;0.00039219200000000003;0.0001792;0.000172032;0.00024780799999999997;0.000180224;0.00028569600000000005;0.000323584;0.000321536;0.00021504000000000003;0.000132096;0.00014335999999999998;0.000183296;0.000221184;0.00020172799999999998
1788255900,hdr,0.0293;0.03906;0.04883;0.05859;0.06836;0.07813;0.08789;0.09766;0.10742;0.11719;0.12695;0.13672;0.14648;0.15625;0.16602;0.17578;0.18555;0.19531;0.20508;0.21484;0.22461;0.23438;0.24414;0.25391;0.26367;0.27344;0.2832;0.29297;0.30273;0.3125;0.32227;0.33203;0.3418;0.35156;0.36133;0.37109;0.38086;0.39063;0.40039;0.41016;0.41992;0.42969;0.43945;0.44922;0.45898;0.46875;0.47852;0.48828;0.49805;0.50781;0.51758;0.52734;0.53711;0.54688;0.55664;0.56641;0.57617;0.58594;0.5957;0.60547;0.61523;0.625;0.63477;0.64453;0.6543;0.66406;0.67383;0.68359;0.69336;0.70313;0.71289;0.72266;0.73242;0.74219;0.75195;0.76172;0.77148;0.78125;0.79102,0.003488768;0.009085952000000001;0.00780288;0.00338944;0.00477184;0.00264704;0.003487744;0.011561984;0.016816128;0.014971904000000001;0.011758592;0.00772608;0.011982848;0.012520448;0.008415232;0.014301184;0.024952832;0.051070976000000004;0.08758784;0.10197196800000001;0.12234752;0.145769472;0.069388288;0.04810752;0.033468416;0.04186624;0.023903232;0.018328576;0.025767935999999998;0.023243776;0.012266496;0.010241024;0.013130751999999999;0.011771903999999998;0.009104384;0.0028917760000000004;0.003866624;0.003856384;0.0031467520000000005;0.003955712;0.004916224;0.003680256;0.0029839359999999995;0.002418688;0.0018442240000000002;0.0017459199999999998;0.001864704;0.00160256;0.0009482239999999999;0.0008509440000000001;0.0012400640000000001;0.0008488959999999999;0.000766976;0.000628736;0.000663552;0.0007557120000000001;0.0005099519999999999;0.000606208;0.000592896;0.000515072;0.00048639999999999995;0.000260096;0.00036966399999999996;0.00045568;0.000453632;0.00029900799999999997;0.000347136;0.00033894400000000004;0.000305152;0.000390144;0.000329728;0.00033792;0.00029183999999999997;0.000260096;0.000244736;0.00020480000000000002;0.000192512;0.00023654400000000002;0.000210944
1788256800,hdr,0.0293;0.03906;0.04883;0.05859;0.06836;0.07813;0.08789;0.09766;0.10742;0.11719;0.12695;0.13672;0.14648;0.15625;0.16602;0.17578;0.18555;0.19531;0.20508;0.21484;0.22461;0.23438;0.24414;0.25391;0.26367;0.27344;0.2832;0.29297;0.30273;0.3125;0.32227;0.33203;0.3418;0.35156;0.36133;0.37109;0.38086;0.39063;0.40039;0.41016;0.41992;0.42969;0.43945;0.44922;0.45898;0.46875;0.47852;0.48828;0.49805;0.50781;0.51758;0.52734;0.53711;0.54688;0.55664;0.56641;0.57617;0.58594;0.5957;0.60547;0.61523;0.625;0.63477;0.64453;0.6543;0.66406;0.67383;0.68359;0.69336;0.70313;0.71289;0.72266;0.73242;0.74219;0.75195;0.76172;0.77148;0.78125;0.79102,0.005009407999999999;0.014123008;0.010081279999999998;0.006368255999999999;0.004452352;0.005295104;0.012818432;0.011799552;0.012175359999999998;0.01337856;0.00671744;0.005197823999999999;0.011945983999999998;0.015304704;0.013700096;0.01385984;0.01020928;0.023593984000000002;0.09365504;0.169834496;0.16020377600000002;0.10517913599999999;0.064259072;0.050228223999999995;0.048391168;0.036273152;0.025705472;0.032434176;0.020747264;0.012370944;0.013285376;0.01103872;0.010396672000000001;0.011998208;0.008733695999999999;0.0046295039999999996;0.004383743999999999;0.004247552;0.0029880320000000003;0.00484352;0.0037427199999999997;0.002847744;0.00172544;0.001787904;0.0025579519999999996;0.001989632;0.001603584;0.001455104;0.0010608640000000001;0.000919552;0.001014784;0.001186816;0.0008212479999999999;0.000781312;0.0005089280000000001;0.000561152;0.0005621760000000001;0.000543744;0.000432128;0.00025088;0.000421888;0.0005580800000000001;0.00043110399999999997;0.00033484799999999995;0.000415744;0.000420864;0.000382976;0.000263168;0.000226304;0.00034099200000000003;0.00029081600000000006;0.00036147200000000005;0.00029900799999999997;0.00029286400000000005;0.000192512;0.00017715200000000003;0.00015872;0.000279552;0.000228352
1788257700,hdr,0.0293;0.03906;0.04883;0.05859;0.06836;0.07813;0.08789;0.09766;0.10742;0.11719;0.12695;0.13672;0.14648;0.15625;0.16602;0.17578;0.18555;0.19531;0.20508;0.21484;0.22461;0.23438;0.24414;0.25391;0.26367;0.27344;0.2832;0.29297;0.30273;0.3125;0.32227;0.33203;0.3418;0.35156;0.36133;0.37109;0.38086;0.39063;0.40039;0.41016;0.41992;0.42969;0.43945;0.44922;0.45898;0.46875;0.47852;0.48828;0.49805;0.50781;0.51758;0.52734;0.53711;0.54688;0.55664;0.56641;0.57617;0.58594;0.5957;0.60547;0.61523;0.625;0.63477;0.64453;0.6543;0.66406;0.67383;0.68359;0.69336;0.70313;0.71289;0.72266;0.73242;0.74219;0.75195;0.76172;0.77148;0.78125;0.79102,0.005466112;0.007566335999999999;0.009353216000000001;0.008557568;0.0063150079999999996;0.009611264000000001;0.008727552;0.009094144;0.008870912;0.011571199999999999;0.01506816;0.008162304;0.00831488;0.016545791999999997;0.011680768;0.015828992;0.025518080000000002;0.050019328;0.114955264;0.20108287999999996;0.228107264;0.120024064;0.086396928;0.06555136;0.031305728;0.027823103999999998;0.024518656;0.023059456000000002;0.024682495999999998;0.02044416;0.015536128000000001;0.014560256;0.010628096;0.007876608;0.009413632;0.00636416;0.005521408;0.005874688;0.003926016;0.005477375999999999;0.003968;0.003726336;0.003493888;0.0030832639999999996;0.00301056;0.002753536;0.001957888;0.001980416;0.001534976;0.001286144;0.001271808;0.001004544;0.000616448;0.00090624;0.00085504;0.00065536;0.000502784;0.0007229440000000001;0.0007946240000000001;0.000658432;0.0004915200000000001;0.000441344;0.000458752;0.00040448000000000003;0.00044032;0.0006502400000000001;0.0005416959999999999;0.000647168;0.0006123519999999999;0.000432128;0.000344064;0.00047104000000000004;0.000395264;0.00040243200000000004;0.000371712;0.00039731200000000003;0.000444416;0.00032256;0.000196608
1788258600,hdr,0.0293;0.03906;0.04883;0.05859;0.06836;0.07813;0.08789;0.09766;0.10742;0.11719;0.12695;0.13672;0.14648;0.15625;0.16602;0.17578;0.18555;0.19531;0.20508;0.21484;0.22461;0.23438;0.24414;0.25391;0.26367;0.27344;0.2832;0.29297;0.30273;0.3125;0.32227;0.33203;0.3418;0.35156;0.36133;0.37109;0.38086;0.39063;0.40039;0.41016;0.41992;0.42969;0.43945;0.44922;0.45898;0.46875;0.47852;0.48828;0.49805;0.50781;0.51758;0.52734;0.53711;0.54688;0.55664;0.56641;0.57617;0.58594;0.5957;0.60547;0.61523;0.625;0.63477;0.64453;0.6543;0.66406;0.67383;0.68359;0.69336;0.70313;0.71289;0.72266;0.73242;0.74219;0.75195;0.76172;0.77148;0.78125;0.79102,0.0017858560000000002;0.0070246399999999995;0.00560128;0.0038594560000000003;0.00610816;0.005179392;0.007540736;0.01053184;0.013052928;0.017229824;0.011225088;0.005924864;0.011338752;0.02110464;0.015808512;0.019607552;0.01315328;0.022560768;0.044281856;0.122148864;0.109524992;0.07882240000000001;0.09247744000000001;0.06936780799999999;0.045469696;0.032811008;0.024921088;0.029763584000000003;0.02860032;0.021465088;0.012827647999999999;0.009061375999999998;0.008073216000000001;0.009361408000000002;0.007135232;0.004129792;0.002883584;0.00360448;0.0031703039999999997;0.0026951679999999995;0.004037632;0.004146176;0.0024719359999999997;0.00195584;0.0016977919999999998;0.00247296;0.0024340480000000003;0.0021780479999999997;0.001787904;0.0010833919999999999;0.0011909120000000001;0.0011417600000000001;0.0008335360000000001;0.0008069119999999999;0.00072704;0.0006840319999999999;0.0006850560000000001;0.0008202239999999999;0.000723968;0.000843776;0.0005478400000000001;0.000313344;0.000565248;0.0007075839999999999;0.000723968;0.0006696959999999999;0.00042496;0.0006123519999999999;0.000436224;0.00037376;0.00043315199999999996;0.000371712;0.000205824;0.00024780799999999997;0.00033689599999999994;0.00039628799999999996;0.00028569600000000005;0.000234496;0.000222208
1788259500,hdr,0.0293;0.03906;0.04883;0.05859;0.06836;0.07813;0.08789;0.09766;0.10742;0.11719;0.12695;0.13672;0.14648;0.15625;0.16602;0.17578;0.18555;0.19531;0.20508;0.21484;0.22461;0.23438;0.24414;0.25391;0.26367;0.27344;0.2832;0.29297;0.30273;0.3125;0.32227;0.33203;0.3418;0.35156;0.36133;0.37109;0.38086;0.39063;0.40039;0.41016;0.41992;0.42969;0.43945;0.44922;0.45898;0.46875;0.47852;0.48828;0.49805;0.50781;0.51758;0.52734;0.53711;0.54688;0.55664;0.56641;0.57617;0.58594;0.5957;0.60547;0.61523;0.625;0.63477;0.64453;0.6543;0.66406;0.67383;0.68359;0.69336;0.70313;0.71289;0.72266;0.73242;0.74219;0.75195;0.76172;0.77148;0.78125;0.79102,0.009455616;0.013805567999999999;0.009177088;0.003587072;0.003396608;0.004364288000000001;0.008735744;0.014695423999999999;0.009444352000000001;0.016997376;0.011964415999999999;0.007837696;0.014321664000000001;0.016718848;0.019325952;0.017135616;0.011631616;0.016662528;0.045386752;0.09917644799999999;0.13334016;0.12358656000000001;0.112717824;0.068860928;0.037917695999999994;0.028877824;0.028341248;0.028412928;0.027073536;0.018630656;0.013339648;0.013651968;0.013822976;0.009943039999999998;0.008390656;0.00615424;0.004062208;0.00567296;0.004043776000000001;0.001388544;0.002833408;0.0025210880000000003;0.002332672;0.0022712319999999998;0.002418688;0.003208192;0.0026296320000000002;0.00195584;0.001247232;0.0014438399999999998;0.001792;0.0014827520000000002;0.00093696;0.000719872;0.0007833599999999999;0.000647168;0.0006000640000000001;0.000418816;0.00043008000000000006;0.000565248;0.00047308800000000003;0.000576512;0.0005560319999999999;0.000347136;0.0004352;0.00061952;0.00047718399999999996;0.00052224;0.00039936;0.00036454399999999996;0.000434176;0.000344064;0.000252928;0.000218112;0.000269312;0.000349184;0.00031232;0.00037785600000000004;0.00031129599999999997
1788260400,hdr,0.0293;0.03906;0.04883;0.05859;0.06836;0.07813;0.08789;0.09766;0.10742;0.11719;0.12695;0.13672;0.14648;0.15625;0.16602;0.17578;0.18555;0.19531;0.20508;0.21484;0.22461;0.23438;0.24414;0.25391;0.26367;0.27344;0.2832;0.29297;0.30273;0.3125;0.32227;0.33203;0.3418;0.35156;0.36133;0.37109;0.38086;0.39063;0.40039;0.41016;0.41992;0.42969;0.43945;0.44922;0.45898;0.46875;0.47852;0.48828;0.49805;0.50781;0.51758;0.52734;0.53711;0.54688;0.55664;0.56641;0.57617;0.58594;0.5957;0.60547;0.61523;0.625;0.63477;0.64453;0.6543;0.66406;0.67383;0.68359;0.69336;0.70313;0.71289;0.72266;0.73242;0.74219;0.75195;0.76172;0.77148;0.78125;0.79102,0.0052418560000000005;0.0077711360000000005;0.003698688;0.003484672;0.004074496;0.0038840320000000004;0.006368255999999999;0.0090624;0.014580736;0.0203008;0.01586688;0.008623104;0.008892416000000002;0.016761856000000002;0.015849472;0.013131776;0.011247616;0.019232768;0.057508864;0.14675148799999999;0.160961536;0.16275148799999997;0.132042752;0.06205644800000001;0.044255232;0.04122624;0.025882624;0.027453440000000003;0.016278528;0.010416128;0.011860992;0.011692032;0.007367680000000001;0.006585344;0.008921087999999999;0.007857152;0.005228544;0.004430848;0.005764096000000001;0.004067328;0.00261632;0.003080192;0.003851264;0.002948096;0.002279424;0.0036515840000000003;0.002117632;0.00117248;0.000992256;0.0009431040000000001;0.000979968;0.00096768;0.001038336;0.000951296;0.000801792;0.000873472;0.0005867520000000001;0.000279552;0.000381952;0.0005416959999999999;0.0005877759999999999;0.000659456;0.00059392;0.000365568;0.000395264;0.000548864;0.000400384;0.000257024;0.000395264;0.000379904;0.000323584;0.00026623999999999994;0.000382976;0.000331776;0.000313344;0.00029696;0.000274432;0.000157696;0.00014643200000000002
1788261300,hdr,0.0293;0.03906;0.04883;0.05859;0.06836;0.07813;0.08789;0.09766;0.10742;0.11719;0.12695;0.13672;0.14648;0.15625;0.16602;0.17578;0.18555;0.19531;0.20508;0.21484;0.22461;0.23438;0.24414;0.25391;0.26367;0.27344;0.2832;0.29297;0.30273;0.3125;0.32227;0.33203;0.3418;0.35156;0.36133;0.37109;0.38086;0.39063;0.40039;0.41016;0.41992;0.42969;0.43945;0.44922;0.45898;0.46875;0.47852;0.48828;0.49805;0.50781;0.51758;0.52734;0.53711;0.54688;0.55664;0.56641;0.57617;0.58594;0.5957;0.60547;0.61523;0.625;0.63477;0.64453;0.6543;0.66406;0.67383;0.68359;0.69336;0.70313;0.71289;0.72266;0.73242;0.74219;0.75195;0.76172;0.77148;0.78125;0.79102,0.0010373119999999999;0.004277248000000001;0.009261056;0.006158336;0.0037058559999999996;0.001635328;0.004071424000000001;0.009759743999999999;0.008737792000000001;0.019956736;0.023529472;0.009028608;0.007044096;0.01108992;0.010293248;0.011570176;0.012603392;0.015083520000000001;0.023061504;0.044549120000000005;0.09548287999999999;0.10145894400000001;0.06043136;0.045684736000000004;0.040948736;0.02216448;0.025151488;0.026126336;0.0186368;0.013105152;0.010862591999999999;0.013968384;0.012680192;0.006649856;0.005761024;0.004155392;0.004198400000000001;0.0036403200000000003;0.003208192;0.0028876799999999997;0.002673664;0.0027514880000000003;0.001968128;0.00190976;0.002193408;0.001714176;0.0023500800000000005;0.00154624;0.0010199039999999999;0.000857088;0.000884736;0.0010721279999999999;0.001338368;0.001098752;0.000782336;0.000766976;0.0006963200000000001;0.000613376;0.000607232;0.000415744;0.00035430400000000006;0.00059392;0.0005888;0.000663552;0.000630784;0.000543744;0.000246784;0.00047001599999999997;0.00087552;0.0007393279999999999;0.000456704;0.00041472;0.00035328;0.00033382400000000003;0.000288768;0.000175104;0.000242688;0.000260096;0.00023552000000000002
1788262200,hdr,0.0293;0.03906;0.04883;0.05859;0.06836;0.07813;0.08789;0.09766;0.10742;0.11719;0.12695;0.13672;0.14648;0.15625;0.16602;0.17578;0.18555;0.19531;0.20508;0.21484;0.22461;0.23438;0.24414;0.25391;0.26367;0.27344;0.2832;0.29297;0.30273;0.3125;0.32227;0.33203;0.3418;0.35156;0.36133;0.37109;0.38086;0.39063;0.40039;0.41016;0.41992;0.42969;0.43945;0.44922;0.45898;0.46875;0.47852;0.48828;0.49805;0.50781;0.51758;0.52734;0.53711;0.54688;0.55664;0.56641;0.57617;0.58594;0.5957;0.60547;0.61523;0.625;0.63477;0.64453;0.6543;0.66406;0.67383;0.68359;0.69336;0.70313;0.71289;0.72266;0.73242;0.74219;0.75195;0.76172;0.77148;0.78125;0.79102,0.00087552;0.0014458880000000002;0.002306048;0.00319488;0.006104064;0.003103744;0.005115903999999999;0.012988416000000001;0.020727808;0.017892352;0.014660608;0.01035776;0.009832448;0.010404864;0.005170175999999999;0.014363648;0.017503232;0.016064512;0.019222528000000003;0.03999232;0.10166067200000001;0.11306803200000001;0.084773888;0.06576230400000001;0.038962176;0.029998080000000003;0.021496832;0.018057216;0.020902912;0.009868288000000001;0.010829824;0.010194944;0.007568384;0.010188800000000001;0.007059456;0.009556991999999999;0.007841792;0.004198400000000001;0.003588096;0.002997248;0.002249728;0.0022702079999999997;0.00239616;0.002106368;0.001670144;0.001317888;0.0018800639999999999;0.00221696;0.0016650240000000002;0.0014796800000000001;0.0020930559999999994;0.0018923520000000001;0.0010936319999999998;0.000996352;0.001281024;0.001451008;0.0012871680000000002;0.000743424;0.000712704;0.00090112;0.000903168;0.0007976959999999999;0.000813056;0.0006952960000000001;0.000544768;0.0005898240000000001;0.000674816;0.000577536;0.00031744;0.000249856;0.00037376;0.000256;0.000303104;0.00036761599999999997;0.000252928;0.000226304;0.00022016;0.000267264;0.00023961599999999998
1788263100,hdr,0.0293;0.03906;0.04883;0.05859;0.06836;0.07813;0.08789;0.09766;0.10742;0.11719;0.12695;0.13672;0.14648;0.15625;0.16602;0.17578;0.18555;0.19531;0.20508;0.21484;0.22461;0.23438;0.24414;0.25391;0.26367;0.27344;0.2832;0.29297;0.30273;0.3125;0.32227;0.33203;0.3418;0.35156;0.36133;0.37109;0.38086;0.39063;0.40039;0.41016;0.41992;0.42969;0.43945;0.44922;0.45898;0.46875;0.47852;0.48828;0.49805;0.50781;0.51758;0.52734;0.53711;0.54688;0.55664;0.56641;0.57617;0.58594;0.5957;0.60547;0.61523;0.625;0.63477;0.64453;0.6543;0.66406;0.67383;0.68359;0.69336;0.70313;0.71289;0.72266;0.73242;0.74219;0.75195;0.76172;0.77148;0.78125;0.79102,0.0008202239999999999;0.002254848;0.0009697280000000001;0.00208896;0.0029655040000000003;0.0022968320000000004;0.005211136;0.014191616;0.014654464;0.00623616;0.008672256000000001;0.0067358719999999995;0.005090304;0.007907328;0.007835648;0.010935295999999999;0.012836864;0.012177407999999999;0.016536576;0.052220928;0.073472;0.05865472;0.07124172799999999;0.05733376;0.063547392;0.039776255999999996;0.025684992000000004;0.021732352;0.022412288;0.019275776;0.020204543999999998;0.011999232;0.009608192000000002;0.008547328;0.007538687999999999;0.007247872000000001;0.0033536000000000004;0.002921472;0.0036730879999999997;0.004354048;0.0023275519999999997;0.001875968;0.001647616;0.0023050239999999997;0.00256;0.0020572159999999997;0.0013680639999999998;0.0014192640000000002;0.0022067199999999997;0.0022886399999999998;0.00125952;0.0005888;0.00067584;0.0008601600000000001;0.000951296;0.0007946240000000001;0.000995328;0.000945152;0.000661504;0.0005580800000000001;0.000809984;0.00070656;0.000411648;0.000548864;0.000520192;0.000421888;0.0005089280000000001;0.0005324799999999999;0.00047308800000000003;0.000432128;0.000346112;0.000246784;0.00026623999999999994;0.00049664;0.000390144;0.000249856;0.000310272;0.000352256;0.000427008
1788264000,hdr,0.0293;0.03906;0.04883;0.05859;0.06836;0.07813;0.08789;0.09766;0.10742;0.11719;0.12695;0.13672;0.14648;0.15625;0.16602;0.17578;0.18555;0.19531;0.20508;0.21484;0.22461;0.23438;0.24414;0.25391;0.26367;0.27344;0.2832;0.29297;0.30273;0.3125;0.32227;0.33203;0.3418;0.35156;0.36133;0.37109;0.38086;0.39063;0.40039;0.41016;0.41992;0.42969;0.43945;0.44922;0.45898;0.46875;0.47852;0.48828;0.49805;0.50781;0.51758;0.52734;0.53711;0.54688;0.55664;0.56641;0.57617;0.58594;0.5957;0.60547;0.61523;0.625;0.63477;0.64453;0.6543;0.66406;0.67383;0.68359;0.69336;0.70313;0.71289;0.72266;0.73242;0.74219;0.75195;0.76172;0.77148;0.78125;0.79102,0.000543744;0.0005703679999999999;0.000664576;0.001385472;0.003720192;0.006739968;0.0066211840000000004;0.00950272;0.010917887999999999;0.018082816;0.018394112;0.00932864;0.006945792;0.005088256;0.003912704;0.006980608;0.008265728;0.008068096;0.012180479999999999;0.032103424;0.09033011199999999;0.131187712;0.096649216;0.054326272;0.036517888;0.031496192;0.023883776000000002;0.013370367999999999;0.016480256000000002;0.021356543999999998;0.0163072;0.011272192;0.008417280000000001;0.006601727999999999;0.0065566719999999995;0.005977087999999999;0.0046848;0.0035522559999999997;0.002594816;0.004856831999999999;0.004246527999999999;0.00300032;0.002725888;0.002716672;0.003446784;0.004031488000000001;0.0026490879999999995;0.001913856;0.002195456;0.0023552;0.001961984;0.001533952;0.001082368;0.0012707839999999998;0.00115712;0.001388544;0.0008591359999999999;0.000663552;0.0007925759999999999;0.000550912;0.00040755200000000004;0.0005754880000000001;0.0005478400000000001;0.000441344;0.000504832;0.00047104000000000004;0.00047206399999999996;0.000365568;0.000264192;0.000321536;0.000380928;0.00041984;0.000252928;0.00029900799999999997;0.00036864000000000005;0.000330752;0.00023859199999999998;0.00020377600000000002;0.000260096
1788264900,hdr,0.0293;0.03906;0.04883;0.05859;0.06836;0.07813;0.08789;0.09766;0.10742;0.11719;0.12695;0.13672;0.14648;0.15625;0.16602;0.17578;0.18555;0.19531;0.20508;0.21484;0.22461;0.23438;0.24414;0.25391;0.26367;0.27344;0.2832;0.29297;0.30273;0.3125;0.32227;0.33203;0.3418;0.35156;0.36133;0.37109;0.38086;0.39063;0.40039;0.41016;0.41992;0.42969;0.43945;0.44922;0.45898;0.46875;0.47852;0.48828;0.49805;0.50781;0.51758;0.52734;0.53711;0.54688;0.55664;0.56641;0.57617;0.58594;0.5957;0.60547;0.61523;0.625;0.63477;0.64453;0.6543;0.66406;0.67383;0.68359;0.69336;0.70313;0.71289;0.72266;0.73242;0.74219;0.75195;0.76172;0.77148;0.78125;0.79102,0.00101376;0.0028416;0.0010956800000000001;0.0013639680000000001;0.00283136;0.002594816;0.0062627839999999995;0.013722624;0.011265024000000002;0.01236992;0.011154432;0.008075264;0.006534144;0.007999488;0.008634368;0.0061532159999999995;0.00818176;0.016598016;0.024202239999999996;0.033629184;0.061551616;0.094436352;0.0716544;0.047506431999999994;0.027410432000000002;0.026995711999999998;0.03348992;0.022453248;0.009280512000000001;0.010212352;0.007688192;0.005384192;0.008841215999999999;0.008435712000000001;0.0075008;0.00606208;0.0033720319999999996;0.0023429120000000004;0.0024616959999999998;0.002033664;0.002386944;0.002158592;0.0016977919999999998;0.0023111679999999997;0.0017684480000000002;0.003600384;0.0031426559999999997;0.00339456;0.0017489920000000002;0.0010956800000000001;0.001460224;0.001736704;0.0015206400000000002;0.001186816;0.001281024;0.00109056;0.000801792;0.0005816320000000001;0.0004884479999999999;0.00064;0.00062976;0.00046284799999999997;0.00045056;0.000398336;0.000371712;0.00040960000000000004;0.00040448000000000003;0.00029388799999999996;0.00040448000000000003;0.0003328;0.000406528;0.000427008;0.00033689599999999994;0.000279552;0.000180224;0.000193536;0.000256;0.000217088;0.000316416
1788265800,hdr,0.0293;0.03906;0.04883;0.05859;0.06836;0.07813;0.08789;0.09766;0.10742;0.11719;0.12695;0.13672;0.14648;0.15625;0.16602;0.17578;0.18555;0.19531;0.20508;0.21484;0.22461;0.23438;0.24414;0.25391;0.26367;0.27344;0.2832;0.29297;0.30273;0.3125;0.32227;0.33203;0.3418;0.35156;0.36133;0.37109;0.38086;0.39063;0.40039;0.41016;0.41992;0.42969;0.43945;0.44922;0.45898;0.46875;0.47852;0.48828;0.49805;0.50781;0.51758;0.52734;0.53711;0.54688;0.55664;0.56641;0.57617;0.58594;0.5957;0.60547;0.61523;0.625;0.63477;0.64453;0.6543;0.66406;0.67383;0.68359;0.69336;0.70313;0.71289;0.72266;0.73242;0.74219;0.75195;0.76172;0.77148;0.78125;0.79102,0.002280448;0.004696064;0.00517632;0.004842496;0.006736896;0.008316928;0.009571327999999999;0.013673471999999999;0.017427455999999997;0.021958656000000003;0.014568448;0.012242943999999999;0.008568832;0.00603648;0.007512064;0.007150592;0.010877952000000001;0.010309632;0.013673471999999999;0.017425408;0.036277248;0.056446976;0.059462656;0.03713945600000001;0.019318784;0.020229120000000003;0.021974016;0.021122047999999997;0.017434624;0.01223168;0.009900032;0.006465536;0.007314432;0.007093248;0.005960704;0.00510464;0.00392192;0.0031016959999999997;0.003546112;0.0036515840000000003;0.0032471040000000002;0.0025415679999999997;0.003382272;0.002881536;0.0020654080000000003;0.0017152;0.001922048;0.002459648;0.0025579519999999996;0.002044928;0.001605632;0.001789952;0.001507328;0.000688128;0.000765952;0.000700416;0.00103424;0.001079296;0.000970752;0.0008355839999999999;0.00075264;0.0008704;0.0006963200000000001;0.0007249919999999999;0.000466944;0.00041984;0.00048127999999999995;0.000448512;0.00052736;0.000279552;0.00019456;0.00017715200000000003;0.000318464;0.00030617599999999996;0.000242688;0.00026623999999999994;0.00035430400000000006;0.00036249599999999997;0.00022323200000000002
1788266700,hdr,0.0293;0.03906;0.04883;0.05859;0.06836;0.07813;0.08789;0.09766;0.10742;0.11719;0.12695;0.13672;0.14648;0.15625;0.16602;0.17578;0.18555;0.19531;0.20508;0.21484;0.22461;0.23438;0.24414;0.25391;0.26367;0.27344;0.2832;0.29297;0.30273;0.3125;0.32227;0.33203;0.3418;0.35156;0.36133;0.37109;0.38086;0.39063;0.40039;0.41016;0.41992;0.42969;0.43945;0.44922;0.45898;0.46875;0.47852;0.48828;0.49805;0.50781;0.51758;0.52734;0.53711;0.54688;0.55664;0.56641;0.57617;0.58594;0.5957;0.60547;0.61523;0.625;0.63477;0.64453;0.6543;0.66406;0.67383;0.68359;0.69336;0.70313;0.71289;0.72266;0.73242;0.74219;0.75195;0.76172;0.77148;0.78125;0.79102,0.00258048;0.005817344;0.003612672;0.003195904;0.004707328;0.004030464;0.009572352000000001;0.012823552;0.01009664;0.0159744;0.020360192000000003;0.016918528;0.007652352;0.005953536;0.00840192;0.011838464;0.013794304;0.016652288;0.021265408;0.033319936;0.038946816;0.054110208;0.061116416;0.08058982399999999;0.070376448;0.037128192;0.020221952;0.015410176;0.017435648;0.016815104000000004;0.01053184;0.018830336;0.009483264000000002;0.00494592;0.005804032;0.005221376;0.0059740159999999995;0.004245504000000001;0.0023767040000000003;0.001975296;0.001687552;0.002515968;0.001672192;0.002904064;0.002440192;0.002262016;0.002036736;0.001777664;0.00178176;0.0012185600000000003;0.001695744;0.0008509440000000001;0.00085504;0.000922624;0.0009594880000000001;0.0008304639999999999;0.001107968;0.000955392;0.0008345599999999999;0.00103936;0.001114112;0.000843776;0.0009041920000000001;0.000607232;0.000453632;0.000365568;0.00059904;0.000652288;0.000387072;0.000421888;0.000386048;0.00027648;0.0003584;0.000375808;0.000489472;0.000442368;0.000228352;0.00023859199999999998;0.000253952
1788267600,hdr,0.0293;0.03906;0.04883;0.05859;0.06836;0.07813;0.08789;0.09766;0.10742;0.11719;0.12695;0.13672;0.14648;0.15625;0.16602;0.17578;0.18555;0.19531;0.20508;0.21484;0.22461;0.23438;0.24414;0.25391;0.26367;0.27344;0.2832;0.29297;0.30273;0.3125;0.32227;0.33203;0.3418;0.35156;0.36133;0.37109;0.38086;0.39063;0.40039;0.41016;0.41992;0.42969;0.43945;0.44922;0.45898;0.46875;0.47852;0.48828;0.49805;0.50781;0.51758;0.52734;0.53711;0.54688;0.55664;0.56641;0.57617;0.58594;0.5957;0.60547;0.61523;0.625;0.63477;0.64453;0.6543;0.66406;0.67383;0.68359;0.69336;0.70313;0.71289;0.72266;0.73242;0.74219;0.75195;0.76172;0.77148;0.78125;0.79102,0.0025118719999999996;0.00564736;0.004666368000000001;0.0032870399999999998;0.008148992;0.010077184000000001;0.012812288;0.009869312;0.0108544;0.017954816000000002;0.024682495999999998;0.025498624;0.013596672;0.008077312;0.009285632;0.008165376;0.007788544;0.010923008;0.023251968;0.033183744;0.024674304;0.039483392;0.025014271999999997;0.036884480000000004;0.03875328;0.023005184;0.02442752;0.021808128;0.014423040000000002;0.010975232;0.00769024;0.007891968000000001;0.007794688;0.006514687999999999;0.004482048;0.005628928;0.004431872;0.0029255680000000004;0.003186688;0.003400704;0.00213504;0.00178688;0.0028989440000000005;0.0026480640000000003;0.001381376;0.001973248;0.0022231040000000005;0.0015964160000000002;0.001185792;0.0017725439999999998;0.000978944;0.0011776;0.001108992;0.00103936;0.0014448640000000001;0.0012646399999999998;0.0009605120000000001;0.0008304639999999999;0.000782336;0.000626688;0.000603136;0.000933888;0.0008652800000000001;0.000539648;0.00034304;0.00030924800000000003;0.000324608;0.00043827199999999997;0.000444416;0.00034816000000000003;0.000395264;0.00040448000000000003;0.00046284799999999997;0.00033689599999999994;0.000264192;0.0003072;0.000408576;0.00030924800000000003;0.000277504
1788268500,hdr,0.0293;0.03906;0.04883;0.05859;0.06836;0.07813;0.08789;0.09766;0.10742;0.11719;0.12695;0.13672;0.14648;0.15625;0.16602;0.17578;0.18555;0.19531;0.20508;0.21484;0.22461;0.23438;0.24414;0.25391;0.26367;0.27344;0.2832;0.29297;0.30273;0.3125;0.32227;0.33203;0.3418;0.35156;0.36133;0.37109;0.38086;0.39063;0.40039;0.41016;0.41992;0.42969;0.43945;0.44922;0.45898;0.46875;0.47852;0.48828;0.49805;0.50781;0.51758;0.52734;0.53711;0.54688;0.55664;0.56641;0.57617;0.58594;0.5957;0.60547;0.61523;0.625;0.63477;0.64453;0.6543;0.66406;0.67383;0.68359;0.69336;0.70313;0.71289;0.72266;0.73242;0.74219;0.75195;0.76172;0.77148;0.78125;0.79102,0.0027381760000000006;0.004518912;0.002371584;0.000663552;0.004074496;0.004291584000000001;0.006878207999999999;0.01439744;0.013379583999999998;0.023356416;0.020826111999999997;0.016914432;0.005728256;0.004379648;0.005848064;0.007416832;0.007836672000000001;0.011138048;0.012941312;0.014154752;0.015491072;0.02281984;0.044275712;0.03817369599999999;0.03344384;0.017879040000000002;0.018454527999999998;0.022597632000000003;0.019180544;0.009649152;0.01076736;0.007300096;0.008373248;0.007766016;0.006560768;0.005311488;0.005096447999999999;0.005813247999999999;0.0052418560000000005;0.003057664;0.003232768;0.003667968;0.003355648;0.002318336;0.001560576;0.0027217920000000002;0.002603008;0.00221696;0.002072576;0.002356224;0.0022568959999999996;0.001429504;0.0011632640000000002;0.001381376;0.001654784;0.0013035520000000001;0.001313792;0.00119808;0.000776192;0.0005601279999999999;0.0006604799999999999;0.000723968;0.000485376;0.000257024;0.000330752;0.00034304;0.000345088;0.00030617599999999996;0.00036249599999999997;0.00029491200000000004;0.00029183999999999997;0.000400384;0.00029696;0.00021401600000000003;0.00031129599999999997;0.00031744;0.00030617599999999996;0.000164864;0.000114688
1788269400,hdr,0.0293;0.03906;0.04883;0.05859;0.06836;0.07813;0.08789;0.09766;0.10742;0.11719;0.12695;0.13672;0.14648;0.15625;0.16602;0.17578;0.18555;0.19531;0.20508;0.21484;0.22461;0.23438;0.24414;0.25391;0.26367;0.27344;0.2832;0.29297;0.30273;0.3125;0.32227;0.33203;0.3418;0.35156;0.36133;0.37109;0.38086;0.39063;0.40039;0.41016;0.41992;0.42969;0.43945;0.44922;0.45898;0.46875;0.47852;0.48828;0.49805;0.50781;0.51758;0.52734;0.53711;0.54688;0.55664;0.56641;0.57617;0.58594;0.5957;0.60547;0.61523;0.625;0.63477;0.64453;0.6543;0.66406;0.67383;0.68359;0.69336;0.70313;0.71289;0.72266;0.73242;0.74219;0.75195;0.76172;0.77148;0.78125;0.79102,0.001226752;0.0031774719999999998;0.0034949119999999998;0.003352576;0.0033003520000000003;0.003058688;0.013352959999999999;0.020646912;0.01339392;0.0163584;0.024987648;0.019192832;0.010102784;0.004596736;0.006332416;0.0057200639999999995;0.00433664;0.008976384;0.01087488;0.012101632;0.017497088;0.030281728000000004;0.035180543999999994;0.029798400000000003;0.025085951999999998;0.03133952;0.026616832;0.019585024000000003;0.013498367999999998;0.012613632000000001;0.012111872;0.008984576000000001;0.010228735999999999;0.006449152;0.004975616;0.0040448;0.004306943999999999;0.003596288;0.0026112;0.003011584;0.0032020480000000003;0.0036321279999999997;0.003323904;0.003023872;0.0027586560000000004;0.002363392;0.0021032959999999997;0.001364992;0.001117184;0.001599488;0.002134016;0.0017356799999999999;0.0022927360000000005;0.00183296;0.001165312;0.00142848;0.001605632;0.001210368;0.001088512;0.000688128;0.000590848;0.000674816;0.000825344;0.001005568;0.0006952960000000001;0.00046592000000000004;0.0007946240000000001;0.0008509440000000001;0.000772096;0.000567296;0.00047923199999999995;0.000461824;0.00044646400000000004;0.00037376;0.000357376;0.000277504;0.000319488;0.000406528;0.000347136
1788270300,hdr,0.0293;0.03906;0.04883;0.05859;0.06836;0.07813;0.08789;0.09766;0.10742;0.11719;0.12695;0.13672;0.14648;0.15625;0.16602;0.17578;0.18555;0.19531;0.20508;0.21484;0.22461;0.23438;0.24414;0.25391;0.26367;0.27344;0.2832;0.29297;0.30273;0.3125;0.32227;0.33203;0.3418;0.35156;0.36133;0.37109;0.38086;0.39063;0.40039;0.41016;0.41992;0.42969;0.43945;0.44922;0.45898;0.46875;0.47852;0.48828;0.49805;0.50781;0.51758;0.52734;0.53711;0.54688;0.55664;0.56641;0.57617;0.58594;0.5957;0.60547;0.61523;0.625;0.63477;0.64453;0.6543;0.66406;0.67383;0.68359;0.69336;0.70313;0.71289;0.72266;0.73242;0.74219;0.75195;0.76172;0.77148;0.78125;0.79102,0.0013312;0.0042936319999999995;0.005569536;0.0029501439999999996;0.0039874559999999995;0.005711872;0.006601727999999999;0.0062679039999999995;0.007319552;0.014498816;0.020750335999999998;0.016531456;0.014137344000000001;0.010981375999999998;0.007552;0.006450175999999999;0.010322943999999999;0.011852800000000002;0.012474368;0.015978496;0.019400704;0.027709440000000002;0.027759616;0.035453952;0.042592256;0.028099584;0.01959424;0.016108544;0.01923072;0.014804992;0.00982016;0.006046719999999999;0.00528896;0.00464384;0.004609024;0.003798016;0.004575232;0.0036167680000000002;0.004214784;0.006961152;0.005577727999999999;0.0028764159999999997;0.001654784;0.0022661120000000002;0.002304;0.001860608;0.001738752;0.002055168;0.001874944;0.001831936;0.0016302080000000002;0.001317888;0.0014991359999999999;0.001084416;0.000549888;0.00047718399999999996;0.000745472;0.000790528;0.000872448;0.0006830079999999999;0.000720896;0.0006144;0.0008509440000000001;0.0009605120000000001;0.000738304;0.000497664;0.000415744;0.000310272;0.00046080000000000003;0.000372736;0.00046080000000000003;0.000551936;0.000760832;0.000538624;0.00033894400000000004;0.000346112;0.00029388799999999996;0.00033894400000000004;0.00030208000000000004
1788271200,hdr,0.0293;0.03906;0.04883;0.05859;0.06836;0.07813;0.08789;0.09766;0.10742;0.11719;0.12695;0.13672;0.14648;0.15625;0.16602;0.17578;0.18555;0.19531;0.20508;0.21484;0.22461;0.23438;0.24414;0.25391;0.26367;0.27344;0.2832;0.29297;0.30273;0.3125;0.32227;0.33203;0.3418;0.35156;0.36133;0.37109;0.38086;0.39063;0.40039;0.41016;0.41992;0.42969;0.43945;0.44922;0.45898;0.46875;0.47852;0.48828;0.49805;0.50781;0.51758;0.52734;0.53711;0.54688;0.55664;0.56641;0.57617;0.58594;0.5957;0.60547;0.61523;0.625;0.63477;0.64453;0.6543;0.66406;0.67383;0.68359;0.69336;0.70313;0.71289;0.72266;0.73242;0.74219;0.75195;0.76172;0.77148;0.78125;0.79102,0.000761856;0.0013148160000000001;0.00262656;0.004197376;0.005376;0.004556800000000001;0.0081152;0.010091519999999998;0.013997056;0.00832;0.013270015999999999;0.029023232;0.023328768;0.008725504;0.006957056;0.005191680000000001;0.009058304;0.008731648;0.00539648;0.012254208;0.021224448;0.027490304;0.028762111999999996;0.022027263999999998;0.02226176;0.016117760000000002;0.013410304;0.014190592;0.013408255999999999;0.0109312;0.006736896;0.007112704;0.005590016000000001;0.004458496;0.005037056;0.004759552;0.004896768;0.005000192;0.004569088;0.003393536;0.00375296;0.003929088;0.003518464;0.00386048;0.0028846080000000003;0.0034672640000000003;0.002681856;0.0016404479999999999;0.0020183040000000003;0.001440768;0.000999424;0.0012544;0.0009574399999999999;0.00089088;0.000979968;0.00101376;0.0008458240000000001;0.00047411199999999995;0.000444416;0.00073216;0.000489472;0.000538624;0.0004915200000000001;0.000520192;0.000524288;0.000492544;0.000529408;0.0005089280000000001;0.000528384;0.000524288;0.000347136;0.00033484799999999995;0.000325632;0.000641024;0.000659456;0.00029491200000000004;0.000344064;0.000335872;0.000274432
1788272100,hdr,0.0293;0.03906;0.04883;0.05859;0.06836;0.07813;0.08789;0.09766;0.10742;0.11719;0.12695;0.13672;0.14648;0.15625;0.16602;0.17578;0.18555;0.19531;0.20508;0.21484;0.22461;0.23438;0.24414;0.25391;0.26367;0.27344;0.2832;0.29297;0.30273;0.3125;0.32227;0.33203;0.3418;0.35156;0.36133;0.37109;0.38086;0.39063;0.40039;0.41016;0.41992;0.42969;0.43945;0.44922;0.45898;0.46875;0.47852;0.48828;0.49805;0.50781;0.51758;0.52734;0.53711;0.54688;0.55664;0.56641;0.57617;0.58594;0.5957;0.60547;0.61523;0.625;0.63477;0.64453;0.6543;0.66406;0.67383;0.68359;0.69336;0.70313;0.71289;0.72266;0.73242;0.74219;0.75195;0.76172;0.77148;0.78125;0.79102,0.0027217920000000002;0.004484096000000001;0.002243584;0.0018176000000000002;0.005193728;0.008776704;0.010279936;0.012184575999999999;0.014757887999999999;0.021925887999999998;0.022629376;0.022930432;0.020610048;0.009771008;0.008236031999999999;0.010445824000000001;0.01048576;0.011748352;0.01452544;0.015792128;0.013665279999999998;0.017755135999999998;0.021460992;0.019915776000000003;0.019741696;0.016065536000000002;0.0178432;0.015872;0.0076769279999999995;0.009430016;0.00907776;0.006358016;0.006150144000000001;0.006361088;0.004627455999999999;0.003685376;0.004016128;0.004533248;0.005404671999999999;0.004793344;0.007042048;0.0058992639999999995;0.004484096000000001;0.003422208;0.00318464;0.002019328;0.0020398079999999997;0.003340288;0.002766848;0.0025180159999999997;0.002214912;0.0011120639999999998;0.001381376;0.00068608;0.001032192;0.001486848;0.001232896;0.0012185600000000003;0.0007843840000000001;0.000760832;0.0007495679999999999;0.000781312;0.0007833599999999999;0.000553984;0.000611328;0.000641024;0.00076288;0.000505856;0.0005232639999999998;0.00041472;0.00035532799999999997;0.00048742400000000003;0.000505856;0.000610304;0.0005089280000000001;0.00045056;0.0004986880000000001;0.00029183999999999997;0.00016691200000000002
1788273000,hdr,0.0293;0.03906;0.04883;0.05859;0.06836;0.07813;0.08789;0.09766;0.10742;0.11719;0.12695;0.13672;0.14648;0.15625;0.16602;0.17578;0.18555;0.19531;0.20508;0.21484;0.22461;0.23438;0.24414;0.25391;0.26367;0.27344;0.2832;0.29297;0.30273;0.3125;0.32227;0.33203;0.3418;0.35156;0.36133;0.37109;0.38086;0.39063;0.40039;0.41016;0.41992;0.42969;0.43945;0.44922;0.45898;0.46875;0.47852;0.48828;0.49805;0.50781;0.51758;0.52734;0.53711;0.54688;0.55664;0.56641;0.57617;0.58594;0.5957;0.60547;0.61523;0.625;0.63477;0.64453;0.6543;0.66406;0.67383;0.68359;0.69336;0.70313;0.71289;0.72266;0.73242;0.74219;0.75195;0.76172;0.77148;0.78125;0.79102,0.002962432;0.006207488;0.006127616;0.005301248000000001;0.00776192;0.011700224;0.010095616;0.012898304;0.014426112;0.011515904;0.0175872;0.021484543999999998;0.018100224;0.007738368000000001;0.007328768;0.010213376;0.01077248;0.008195072;0.011964415999999999;0.015407104000000001;0.016309248;0.028595199999999998;0.028858368;0.023846912;0.014546944;0.013264896;0.008562688;0.011295743999999998;0.01143808;0.007836672000000001;0.006064128;0.008323072;0.005492736;0.005660671999999999;0.00662528;0.006361088;0.004091904;0.003990528;0.00452096;0.0045424639999999995;0.003429376;0.002696192;0.002364416;0.00272896;0.002435072;0.00146944;0.001327104;0.001007616;0.0017530879999999999;0.001696768;0.0010455039999999998;0.001127424;0.001318912;0.0012083200000000001;0.001181696;0.000986112;0.0006737919999999999;0.00088064;0.0010178560000000001;0.0011601919999999998;0.001282048;0.0006123519999999999;0.0006993920000000001;0.0011673599999999999;0.0011673599999999999;0.000714752;0.0004986880000000001;0.00062464;0.000738304;0.000483328;0.000449536;0.00042598399999999997;0.00035430400000000006;0.00047001599999999997;0.0005099519999999999;0.000420864;0.00041062399999999995;0.00038912;0.00039219200000000003
1788273900,hdr,0.0293;0.03906;0.04883;0.05859;0.06836;0.07813;0.08789;0.09766;0.10742;0.11719;0.12695;0.13672;0.14648;0.15625;0.16602;0.17578;0.18555;0.19531;0.20508;0.21484;0.22461;0.23438;0.24414;0.25391;0.26367;0.27344;0.2832;0.29297;0.30273;0.3125;0.32227;0.33203;0.3418;0.35156;0.36133;0.37109;0.38086;0.39063;0.40039;0.41016;0.41992;0.42969;0.43945;0.44922;0.45898;0.46875;0.47852;0.48828;0.49805;0.50781;0.51758;0.52734;0.53711;0.54688;0.55664;0.56641;0.57617;0.58594;0.5957;0.60547;0.61523;0.625;0.63477;0.64453;0.6543;0.66406;0.67383;0.68359;0.69336;0.70313;0.71289;0.72266;0.73242;0.74219;0.75195;0.76172;0.77148;0.78125;0.79102,0.0012451839999999999;0.004489216;0.005497856;0.005273600000000001;0.003661824;0.00334336;0.0035072000000000002;0.010006528;0.012622848;0.015361024000000001;0.011825152;0.016064512;0.01854464;0.011388928;0.009880575999999999;0.012500992;0.006453248000000001;0.00312832;0.00755712;0.01562624;0.013670400000000001;0.015585279999999998;0.023243776;0.021611520000000002;0.01517056;0.0151296;0.0073082880000000005;0.005525504;0.0042434560000000005;0.00680448;0.008655872000000002;0.006082560000000001;0.006585344;0.006148096;0.005097472;0.005008384;0.004898815999999999;0.005369856000000001;0.004209664;0.0034027519999999998;0.002614272;0.003204096;0.002627584;0.00167424;0.001637376;0.0015103999999999999;0.0013506560000000002;0.0018042879999999998;0.001685504;0.001591296;0.001030144;0.0010936319999999998;0.0017930239999999998;0.0013056;0.0008212479999999999;0.00097792;0.0008212479999999999;0.000712704;0.0007393279999999999;0.0012083200000000001;0.000769024;0.00047718399999999996;0.000401408;0.00039936;0.000379904;0.00036864000000000005;0.00048639999999999995;0.000382976;0.000528384;0.000771072;0.0006041600000000001;0.0005632;0.000493568;0.00048639999999999995;0.00039628799999999996;0.00030105599999999996;0.00035328;0.00034099200000000003;0.0003072
1788274800,hdr,0.0293;0.03906;0.04883;0.05859;0.06836;0.07813;0.08789;0.09766;0.10742;0.11719;0.12695;0.13672;0.14648;0.15625;0.16602;0.17578;0.18555;0.19531;0.20508;0.21484;0.22461;0.23438;0.24414;0.25391;0.26367;0.27344;0.2832;0.29297;0.30273;0.3125;0.32227;0.33203;0.3418;0.35156;0.36133;0.37109;0.38086;0.39063;0.40039;0.41016;0.41992;0.42969;0.43945;0.44922;0.45898;0.46875;0.47852;0.48828;0.49805;0.50781;0.51758;0.52734;0.53711;0.54688;0.55664;0.56641;0.57617;0.58594;0.5957;0.60547;0.61523;0.625;0.63477;0.64453;0.6543;0.66406;0.67383;0.68359;0.69336;0.70313;0.71289;0.72266;0.73242;0.74219;0.75195;0.76172;0.77148;0.78125;0.79102,0.0029593600000000003;0.004557824;0.0037027839999999998;0.0032194560000000003;0.006713344;0.0055982079999999995;0.004399104;0.00991232;0.012984319999999999;0.012020735999999999;0.0163584;0.023017472;0.016434175999999998;0.0078592;0.010235904;0.010840064;0.011367424;0.013991936000000002;0.014592;0.017050624;0.017087488;0.021249024;0.022962176;0.019171327999999998;0.01842176;0.012061696;0.009198592;0.007583744000000001;0.006286336;0.004974592000000001;0.007190527999999999;0.0068352000000000005;0.004431872;0.0047216639999999995;0.0045322240000000005;0.0027729919999999997;0.002679808;0.003011584;0.003318784;0.002871296;0.0029501439999999996;0.0026685439999999997;0.0024637440000000004;0.0017643519999999998;0.0018012159999999998;0.00193024;0.001649664;0.0015667199999999997;0.0013393919999999998;0.001408;0.0013209599999999997;0.0013568;0.001308672;0.001584128;0.001575936;0.0011735040000000001;0.0008663039999999999;0.000759808;0.000847872;0.0006502400000000001;0.0008366080000000001;0.0008192000000000001;0.0006092800000000001;0.000524288;0.0007116799999999999;0.000751616;0.000388096;0.00029900799999999997;0.00038912;0.0005734399999999999;0.000505856;0.00031744;0.000345088;0.000516096;0.000504832;0.000357376;0.000228352;0.00029081600000000006;0.00030924800000000003
1788275700,hdr,0.0293;0.03906;0.04883;0.05859;0.06836;0.07813;0.08789;0.09766;0.10742;0.11719;0.12695;0.13672;0.14648;0.15625;0.16602;0.17578;0.18555;0.19531;0.20508;0.21484;0.22461;0.23438;0.24414;0.25391;0.26367;0.27344;0.2832;0.29297;0.30273;0.3125;0.32227;0.33203;0.3418;0.35156;0.36133;0.37109;0.38086;0.39063;0.40039;0.41016;0.41992;0.42969;0.43945;0.44922;0.45898;0.46875;0.47852;0.48828;0.49805;0.50781;0.51758;0.52734;0.53711;0.54688;0.55664;0.56641;0.57617;0.58594;0.5957;0.60547;0.61523;0.625;0.63477;0.64453;0.6543;0.66406;0.67383;0.68359;0.69336;0.70313;0.71289;0.72266;0.73242;0.74219;0.75195;0.76172;0.77148;0.78125;0.79102,0.001580032;0.004560896;0.003750912;0.004734975999999999;0.007277567999999999;0.006734848;0.00551424;0.010086399999999999;0.00986112;0.016468992;0.033878016000000004;0.023611392;0.012632064;0.009312256;0.007792639999999999;0.00787456;0.009916415999999999;0.0052469759999999996;0.008056832;0.015808512;0.014871552;0.01147392;0.018550784;0.016432127999999997;0.010498048000000001;0.012037119999999998;0.014601216;0.007552;0.005745664;0.0049633279999999995;0.00539648;0.0059760640000000005;0.003767296;0.003462144;0.002204672;0.0034816;0.004242432;0.0017663999999999998;0.0027893759999999997;0.002207744;0.001624064;0.00172544;0.001521664;0.001475584;0.0013393919999999998;0.0015779840000000002;0.0015943679999999999;0.0015226880000000001;0.0010762240000000002;0.00141824;0.001138688;0.001457152;0.00118272;0.001292288;0.001790976;0.001676288;0.0010455039999999998;0.001050624;0.0008509440000000001;0.000626688;0.000891904;0.000879616;0.000949248;0.0009574399999999999;0.0008591359999999999;0.0008110079999999999;0.0006932479999999999;0.000376832;0.00033689599999999994;0.00043827199999999997;0.000490496;0.00036966399999999996;0.000284672;0.000211968;0.000274432;0.000305152;0.00033689599999999994;0.000313344;0.00019456
1788276600,hdr,0.0293;0.03906;0.04883;0.05859;0.06836;0.07813;0.08789;0.09766;0.10742;0.11719;0.12695;0.13672;0.14648;0.15625;0.16602;0.17578;0.18555;0.19531;0.20508;0.21484;0.22461;0.23438;0.24414;0.25391;0.26367;0.27344;0.2832;0.29297;0.30273;0.3125;0.32227;0.33203;0.3418;0.35156;0.36133;0.37109;0.38086;0.39063;0.40039;0.41016;0.41992;0.42969;0.43945;0.44922;0.45898;0.46875;0.47852;0.48828;0.49805;0.50781;0.51758;0.52734;0.53711;0.54688;0.55664;0.56641;0.57617;0.58594;0.5957;0.60547;0.61523;0.625;0.63477;0.64453;0.6543;0.66406;0.67383;0.68359;0.69336;0.70313;0.71289;0.72266;0.73242;0.74219;0.75195;0.76172;0.77148;0.78125;0.79102,0.0033679359999999998;0.006905856;0.00327168;0.0028723200000000003;0.005042176000000001;0.005359616;0.005063679999999999;0.008495104;0.01570816;0.02376192;0.029729792;0.02735616;0.0237312;0.016457727999999998;0.018015232;0.007298048;0.003966976;0.0072314879999999995;0.006938624;0.011280384;0.015239167999999999;0.016308224;0.02229248;0.025440256;0.02649088;0.016077824;0.012490752;0.005861376000000001;0.00606208;0.010375167999999999;0.00815104;0.0064645119999999995;0.009117696;0.004422656;0.004257792000000001;0.004661248;0.003141632;0.002377728;0.003160064;0.002864128;0.002238464;0.002269184;0.0021913600000000003;0.001529856;0.00159744;0.0014274560000000001;0.000987136;0.001016832;0.001153024;0.0014561280000000001;0.001726464;0.001504256;0.0011048960000000002;0.00113152;0.000939008;0.0012072959999999998;0.0009297919999999999;0.001014784;0.000913408;0.00064512;0.0005324799999999999;0.000700416;0.000758784;0.000924672;0.0008304639999999999;0.000760832;0.000812032;0.000538624;0.000559104;0.00050176;0.0006656;0.000524288;0.000280576;0.000310272;0.000314368;0.000275456;0.00029491200000000004;0.000457728;0.000371712
1788277500,hdr,0.0293;0.03906;0.04883;0.05859;0.06836;0.07813;0.08789;0.09766;0.10742;0.11719;0.12695;0.13672;0.14648;0.15625;0.16602;0.17578;0.18555;0.19531;0.20508;0.21484;0.22461;0.23438;0.24414;0.25391;0.26367;0.27344;0.2832;0.29297;0.30273;0.3125;0.32227;0.33203;0.3418;0.35156;0.36133;0.37109;0.38086;0.39063;0.40039;0.41016;0.41992;0.42969;0.43945;0.44922;0.45898;0.46875;0.47852;0.48828;0.49805;0.50781;0.51758;0.52734;0.53711;0.54688;0.55664;0.56641;0.57617;0.58594;0.5957;0.60547;0.61523;0.625;0.63477;0.64453;0.6543;0.66406;0.67383;0.68359;0.69336;0.70313;0.71289;0.72266;0.73242;0.74219;0.75195;0.76172;0.77148;0.78125;0.79102,0.002863104;0.003105792;0.0013568;0.0025262080000000003;0.002451456;0.002514944;0.004516864;0.011472896;0.011280384;0.010215424;0.017903615999999997;0.019949568;0.016834560000000002;0.010741759999999998;0.010302464;0.011374592000000001;0.008664064;0.009551872;0.01006592;0.00937472;0.012780544000000001;0.01913856;0.024539136;0.029522944;0.02205184;0.012366848;0.0065587200000000005;0.005379072;0.0099072;0.006774784000000001;0.004169728;0.00491008;0.004574208;0.004627455999999999;0.006473728;0.00758272;0.004457472;0.002793472;0.0035532800000000002;0.003659776;0.002674688;0.001990656;0.001805312;0.0015513600000000001;0.0012369920000000001;0.0015779840000000002;0.001306624;0.001137664;0.000801792;0.000893952;0.00104448;0.0009768959999999999;0.00075776;0.0006604799999999999;0.0008601600000000001;0.001061888;0.0014448640000000001;0.0010956800000000001;0.00076288;0.000690176;0.00057856;0.0007055360000000001;0.0004986880000000001;0.00047820800000000004;0.0005877759999999999;0.00064;0.000617472;0.000539648;0.000429056;0.00054272;0.000549888;0.00052736;0.000288768;0.00027648;0.000376832;0.00034304;0.00028671999999999997;0.000329728;0.000268288
1788278400,hdr,0.0293;0.03906;0.04883;0.05859;0.06836;0.07813;0.08789;0.09766;0.10742;0.11719;0.12695;0.13672;0.14648;0.15625;0.16602;0.17578;0.18555;0.19531;0.20508;0.21484;0.22461;0.23438;0.24414;0.25391;0.26367;0.27344;0.2832;0.29297;0.30273;0.3125;0.32227;0.33203;0.3418;0.35156;0.36133;0.37109;0.38086;0.39063;0.40039;0.41016;0.41992;0.42969;0.43945;0.44922;0.45898;0.46875;0.47852;0.48828;0.49805;0.50781;0.51758;0.52734;0.53711;0.54688;0.55664;0.56641;0.57617;0.58594;0.5957;0.60547;0.61523;0.625;0.63477;0.64453;0.6543;0.66406;0.67383;0.68359;0.69336;0.70313;0.71289;0.72266;0.73242;0.74219;0.75195;0.76172;0.77148;0.78125;0.79102,0.002151424;0.008236031999999999;0.004841472;0.0006574080000000001;0.00407552;0.008973312;0.006975488;0.0067952640000000005;0.014570496;0.015309824000000001;0.009674752;0.015084544;0.017214464;0.014844928;0.013727743999999998;0.014135296;0.015668224;0.007897088;0.006928384;0.008155136;0.009421824;0.017020928;0.025372672000000002;0.024894464;0.018586624;0.016105472;0.012258304;0.009488384;0.010740736;0.0083712;0.00434176;0.0035287039999999997;0.0024739840000000003;0.0034078719999999997;0.004192256;0.0049653760000000005;0.00397312;0.003519488;0.00274944;0.002807808;0.002448384;0.001958912;0.0016220159999999998;0.001999872;0.0021442559999999998;0.0020418560000000003;0.001527808;0.00134144;0.0012318720000000002;0.001038336;0.0015943679999999999;0.001431552;0.00111104;0.000963584;0.001031168;0.001030144;0.0005703679999999999;0.00076288;0.00077312;0.0005621760000000001;0.000485376;0.00064512;0.00046489599999999996;0.000492544;0.000736256;0.0008212479999999999;0.0005857280000000001;0.00045568;0.00047820800000000004;0.000384;0.000197632;0.000382976;0.00036761599999999997;0.000349184;0.000347136;0.000152576;0.000253952;0.00025497599999999997;0.00018432000000000002
1788279300,hdr,0.0293;0.03906;0.04883;0.05859;0.06836;0.07813;0.08789;0.09766;0.10742;0.11719;0.12695;0.13672;0.14648;0.15625;0.16602;0.17578;0.18555;0.19531;0.20508;0.21484;0.22461;0.23438;0.24414;0.25391;0.26367;0.27344;0.2832;0.29297;0.30273;0.3125;0.32227;0.33203;0.3418;0.35156;0.36133;0.37109;0.38086;0.39063;0.40039;0.41016;0.41992;0.42969;0.43945;0.44922;0.45898;0.46875;0.47852;0.48828;0.49805;0.50781;0.51758;0.52734;0.53711;0.54688;0.55664;0.56641;0.57617;0.58594;0.5957;0.60547;0.61523;0.625;0.63477;0.64453;0.6543;0.66406;0.67383;0.68359;0.69336;0.70313;0.71289;0.72266;0.73242;0.74219;0.75195;0.76172;0.77148;0.78125;0.79102,0.001308672;0.004152319999999999;0.003453952;0.002387968;0.0051271680000000005;0.002588672;0.00345088;0.009934848;0.013242368000000001;0.013417472;0.009240576;0.012153856;0.020237311999999997;0.031676416;0.012926976;0.010443776;0.00621568;0.006247424;0.006393856000000001;0.010343424;0.021684224000000002;0.02958848;0.03103744;0.026095616;0.013754367999999998;0.011604992;0.010721280000000001;0.010422272;0.009113600000000001;0.005919743999999999;0.00499712;0.004666368000000001;0.0058890240000000005;0.0037898240000000002;0.0034754559999999996;0.0029173759999999997;0.003378176;0.003237888;0.00208896;0.0030341120000000003;0.002845696;0.002660352;0.002676736;0.001902592;0.0020981759999999998;0.00146944;0.001973248;0.0019466239999999999;0.001026048;0.0012707839999999998;0.001330176;0.0010496000000000001;0.0010209280000000002;0.000907264;0.000852992;0.0009359360000000001;0.000679936;0.00037478399999999997;0.0008652800000000001;0.0007075839999999999;0.0004915200000000001;0.0007464960000000001;0.000490496;0.0005232639999999998;0.00048025600000000003;0.000616448;0.000653312;0.000750592;0.0006082559999999999;0.0004956159999999999;0.000662528;0.000726016;0.0005734399999999999;0.000316416;0.000324608;0.000242688;0.00021299199999999998;0.00020480000000000002;0.00034099200000000003
1788280200,hdr,0.0293;0.03906;0.04883;0.05859;0.06836;0.07813;0.08789;0.09766;0.10742;0.11719;0.12695;0.13672;0.14648;0.15625;0.16602;0.17578;0.18555;0.19531;0.20508;0.21484;0.22461;0.23438;0.24414;0.25391;0.26367;0.27344;0.2832;0.29297;0.30273;0.3125;0.32227;0.33203;0.3418;0.35156;0.36133;0.37109;0.38086;0.39063;0.40039;0.41016;0.41992;0.42969;0.43945;0.44922;0.45898;0.46875;0.47852;0.48828;0.49805;0.50781;0.51758;0.52734;0.53711;0.54688;0.55664;0.56641;0.57617;0.58594;0.5957;0.60547;0.61523;0.625;0.63477;0.64453;0.6543;0.66406;0.67383;0.68359;0.69336;0.70313;0.71289;0.72266;0.73242;0.74219;0.75195;0.76172;0.77148;0.78125;0.79102,0.008148992;0.010809343999999999;0.006152192;0.009220095999999999;0.007605247999999999;0.0031897600000000003;0.001251328;0.011559936;0.019248128;0.016068608;0.016930815999999998;0.013054976000000001;0.014451712000000002;0.019193856;0.014557183999999999;0.009669632;0.006112256;0.005987327999999999;0.007422976;0.006659072;0.010186752;0.010909696;0.017872896;0.024768512000000003;0.021298176000000002;0.012834816;0.00747008;0.006376448000000001;0.006445056;0.003915776;0.006382591999999999;0.005763072;0.0051619840000000005;0.0036433919999999996;0.003934208;0.003278848;0.0026071040000000003;0.0032501760000000005;0.0037468159999999996;0.0027566080000000002;0.00194048;0.002258944;0.00269312;0.002130944;0.0015165439999999999;0.0017192959999999997;0.001824768;0.001451008;0.001605632;0.00136704;0.00096768;0.000965632;0.00108544;0.000951296;0.0006676480000000001;0.000871424;0.000561152;0.0009420800000000001;0.001028096;0.000910336;0.00111104;0.002151424;0.001662976;0.000503808;0.000432128;0.000740352;0.0006830079999999999;0.00047104000000000004;0.00040345599999999995;0.000303104;0.00024576000000000003;0.000356352;0.000393216;0.000303104;0.000330752;0.000331776;0.00023040000000000002;0.000169984;0.00019968
1788281100,hdr,0.0293;0.03906;0.04883;0.05859;0.06836;0.07813;0.08789;0.09766;0.10742;0.11719;0.12695;0.13672;0.14648;0.15625;0.16602;0.17578;0.18555;0.19531;0.20508;0.21484;0.22461;0.23438;0.24414;0.25391;0.26367;0.27344;0.2832;0.29297;0.30273;0.3125;0.32227;0.33203;0.3418;0.35156;0.36133;0.37109;0.38086;0.39063;0.40039;0.41016;0.41992;0.42969;0.43945;0.44922;0.45898;0.46875;0.47852;0.48828;0.49805;0.50781;0.51758;0.52734;0.53711;0.54688;0.55664;0.56641;0.57617;0.58594;0.5957;0.60547;0.61523;0.625;0.63477;0.64453;0.6543;0.66406;0.67383;0.68359;0.69336;0.70313;0.71289;0.72266;0.73242;0.74219;0.75195;0.76172;0.77148;0.78125;0.79102,0.006135808;0.009876480000000002;0.011869184000000001;0.012063744000000001;0.0054159360000000005;0.005671936;0.008696832;0.015546367999999998;0.013606912;0.00971776;0.017384448;0.018116608;0.017872896;0.015546367999999998;0.012950528000000001;0.012319744;0.011624447999999999;0.007839744;0.007108608;0.008055808000000001;0.01503232;0.01630208;0.025648128;0.017591296;0.008475647999999999;0.008786944;0.00763904;0.0066682880000000005;0.006278144;0.004777984000000001;0.0058521599999999995;0.006029312;0.004911104;0.003355648;0.004593664000000001;0.00493056;0.004178944;0.004988928;0.003995648;0.004089856;0.003990528;0.003072;0.0028927999999999996;0.003286016;0.0030832639999999996;0.002195456;0.001431552;0.00165376;0.0023674879999999996;0.00177152;0.001590272;0.0012113920000000002;0.0009472;0.000772096;0.0007557120000000001;0.000518144;0.0006574080000000001;0.000659456;0.000606208;0.000536576;0.0004915200000000001;0.000534528;0.000493568;0.000625664;0.0005468159999999999;0.0004956159999999999;0.000393216;0.00039423999999999997;0.00033792;0.000448512;0.000415744;0.000229376;0.00020480000000000002;0.000258048;0.000345088;0.00039219200000000003;0.00043724800000000005;0.00043110399999999997;0.000339968
1788282000,hdr,0.0293;0.03906;0.04883;0.05859;0.06836;0.07813;0.08789;0.09766;0.10742;0.11719;0.12695;0.13672;0.14648;0.15625;0.16602;0.17578;0.18555;0.19531;0.20508;0.21484;0.22461;0.23438;0.24414;0.25391;0.26367;0.27344;0.2832;0.29297;0.30273;0.3125;0.32227;0.33203;0.3418;0.35156;0.36133;0.37109;0.38086;0.39063;0.40039;0.41016;0.41992;0.42969;0.43945;0.44922;0.45898;0.46875;0.47852;0.48828;0.49805;0.50781;0.51758;0.52734;0.53711;0.54688;0.55664;0.56641;0.57617;0.58594;0.5957;0.60547;0.61523;0.625;0.63477;0.64453;0.6543;0.66406;0.67383;0.68359;0.69336;0.70313;0.71289;0.72266;0.73242;0.74219;0.75195;0.76172;0.77148;0.78125;0.79102,0.007565312;0.0051456;0.001913856;0.003693568;0.007988224;0.007729152;0.010781696;0.013887488;0.0148736;0.019924992;0.024262656;0.017713152000000003;0.017215488;0.021018624;0.017238016;0.01767936;0.017441792;0.01374208;0.010673152;0.012317696;0.014620672000000001;0.015204352;0.032265216000000006;0.02784768;0.0151296;0.013934592;0.00980992;0.00787456;0.007725056;0.0070471679999999995;0.0059136;0.004765696;0.0047216639999999995;0.007883776;0.005671936;0.004478976000000001;0.006136832;0.0033351680000000003;0.0029798399999999997;0.004063232;0.003350528;0.002791424;0.0019824639999999998;0.0017408;0.0014817279999999999;0.00126976;0.00254464;0.001798144;0.0011796480000000002;0.001374208;0.0011284479999999998;0.00113152;0.00118784;0.001035264;0.00109056;0.0013209599999999997;0.000919552;0.0013568;0.0013352960000000001;0.0009287680000000001;0.001404928;0.001229824;0.0006696959999999999;0.000658432;0.00088064;0.0009605120000000001;0.000825344;0.000734208;0.00042803200000000007;0.00032870400000000003;0.00027648;0.000406528;0.00042496;0.000365568;0.000391168;0.000411648;0.000497664;0.000423936;0.000518144
1788282900,hdr,0.0293;0.03906;0.04883;0.05859;0.06836;0.07813;0.08789;0.09766;0.10742;0.11719;0.12695;0.13672;0.14648;0.15625;0.16602;0.17578;0.18555;0.19531;0.20508;0.21484;0.22461;0.23438;0.24414;0.25391;0.26367;0.27344;0.2832;0.29297;0.30273;0.3125;0.32227;0.33203;0.3418;0.35156;0.36133;0.37109;0.38086;0.39063;0.40039;0.41016;0.41992;0.42969;0.43945;0.44922;0.45898;0.46875;0.47852;0.48828;0.49805;0.50781;0.51758;0.52734;0.53711;0.54688;0.55664;0.56641;0.57617;0.58594;0.5957;0.60547;0.61523;0.625;0.63477;0.64453;0.6543;0.66406;0.67383;0.68359;0.69336;0.70313;0.71289;0.72266;0.73242;0.74219;0.75195;0.76172;0.77148;0.78125;0.79102,0.001015808;0.006234112;0.00663552;0.004660224;0.012685312;0.004508671999999999;0.00589312;0.012168192;0.021184512000000003;0.028422144;0.019801088;0.010375167999999999;0.017445888;0.020087808;0.014362624;0.017400832;0.020007936;0.010279936;0.007640063999999999;0.010998784;0.008845312;0.014092288;0.025453568;0.021307392;0.015950848;0.015013888;0.012419072;0.008054783999999999;0.005978112;0.008146944;0.0068106239999999995;0.004209664;0.003072;0.0021504000000000002;0.004588544;0.004598784000000001;0.003032064;0.004415488;0.004130816000000001;0.003313664;0.0026327039999999996;0.003291136;0.002888704;0.002169856;0.001451008;0.001036288;0.001657856;0.0014827520000000002;0.001777664;0.0013240320000000002;0.000882688;0.0008089600000000001;0.001400832;0.00107008;0.000861184;0.000816128;0.001021952;0.001117184;0.000933888;0.000475136;0.00035328;0.000790528;0.00067072;0.000576512;0.000387072;0.000733184;0.000945152;0.000748544;0.000497664;0.00036761599999999997;0.000795648;0.0008069119999999999;0.000461824;0.000730112;0.0005898240000000001;0.00081408;0.000801792;0.00040960000000000004;0.000376832
1788283800,hdr,0.0293;0.03906;0.04883;0.05859;0.06836;0.07813;0.08789;0.09766;0.10742;0.11719;0.12695;0.13672;0.14648;0.15625;0.16602;0.17578;0.18555;0.19531;0.20508;0.21484;0.22461;0.23438;0.24414;0.25391;0.26367;0.27344;0.2832;0.29297;0.30273;0.3125;0.32227;0.33203;0.3418;0.35156;0.36133;0.37109;0.38086;0.39063;0.40039;0.41016;0.41992;0.42969;0.43945;0.44922;0.45898;0.46875;0.47852;0.48828;0.49805;0.50781;0.51758;0.52734;0.53711;0.54688;0.55664;0.56641;0.57617;0.58594;0.5957;0.60547;0.61523;0.625;0.63477;0.64453;0.6543;0.66406;0.67383;0.68359;0.69336;0.70313;0.71289;0.72266;0.73242;0.74219;0.75195;0.76172;0.77148;0.78125;0.79102,0.010669055999999998;0.018385919999999997;0.012152832;0.007284736;0.009126912000000001;0.011390976;0.014760960000000002;0.01609216;0.014854144;0.015043583999999999;0.01486848;0.024446976;0.013955072;0.011450367999999999;0.01892352;0.023988224;0.015876096;0.008740864;0.005756928;0.00776704;0.009791488;0.013512704;0.025524224;0.028572672000000004;0.015401984;0.0119552;0.012627967999999998;0.008988671999999998;0.004749312;0.004041728;0.005404671999999999;0.005543936;0.005788672000000001;0.004614144;0.004540415999999999;0.0061757439999999995;0.004905984;0.00312832;0.002307072;0.0018042879999999998;0.00164864;0.002489344;0.0017408;0.001860608;0.0029409279999999998;0.002215936;0.001570816;0.001680384;0.001381376;0.0012318720000000002;0.001101824;0.0014346239999999998;0.001610752;0.00119296;0.0011366400000000002;0.001186816;0.001188864;0.0010813440000000001;0.0006676480000000001;0.0008704;0.001022976;0.0005980159999999999;0.0005703679999999999;0.000484352;0.000423936;0.000513024;0.000605184;0.0005888;0.001007616;0.000872448;0.000687104;0.0004986880000000001;0.000658432;0.000557056;0.00033382400000000003;0.000381952;0.0006604799999999999;0.000764928;0.000753664
1788284700,hdr,0.0293;0.03906;0.04883;0.05859;0.06836;0.07813;0.08789;0.09766;0.10742;0.11719;0.12695;0.13672;0.14648;0.15625;0.16602;0.17578;0.18555;0.19531;0.20508;0.21484;0.22461;0.23438;0.24414;0.25391;0.26367;0.27344;0.2832;0.29297;0.30273;0.3125;0.32227;0.33203;0.3418;0.35156;0.36133;0.37109;0.38086;0.39063;0.40039;0.41016;0.41992;0.42969;0.43945;0.44922;0.45898;0.46875;0.47852;0.48828;0.49805;0.50781;0.51758;0.52734;0.53711;0.54688;0.55664;0.56641;0.57617;0.58594;0.5957;0.60547;0.61523;0.625;0.63477;0.64453;0.6543;0.66406;0.67383;0.68359;0.69336;0.70313;0.71289;0.72266;0.73242;0.74219;0.75195;0.76172;0.77148;0.78125;0.79102,0.010643456;0.025476095999999997;0.023205888000000004;0.012698624;0.012813312;0.013320192000000002;0.012222464;0.015847424000000002;0.021859328;0.0219904;0.022316032;0.012644352;0.01088;0.013476864000000002;0.015855616;0.015192064;0.015326208;0.010261504000000001;0.007304192;0.011834368;0.014329856;0.015341568000000002;0.01898496;0.030303232;0.027716608;0.016670719999999997;0.009697279999999999;0.0066662399999999995;0.005062656;0.004023296;0.004294656;0.004235264;0.0019650559999999997;0.0022425599999999998;0.0028897280000000003;0.003459072;0.002771968;0.003286016;0.0034078719999999997;0.0023234560000000002;0.0020254720000000004;0.002014208;0.002123776;0.0023019520000000003;0.002548736;0.0020418560000000003;0.001979392;0.0015779840000000002;0.001312768;0.001101824;0.000905216;0.0016670720000000001;0.002076672;0.001727488;0.001385472;0.000932864;0.0012185600000000003;0.000909312;0.0008765439999999999;0.000887808;0.000888832;0.00090624;0.001180672;0.000873472;0.0014376960000000002;0.001400832;0.0008867839999999999;0.000912384;0.000738304;0.000679936;0.0007137280000000001;0.0010250239999999998;0.00160256;0.001097728;0.000770048;0.0009758719999999999;0.000945152;0.0008366080000000001;0.000843776
1788285600,hdr,0.0293;0.03906;0.04883;0.05859;0.06836;0.07813;0.08789;0.09766;0.10742;0.11719;0.12695;0.13672;0.14648;0.15625;0.16602;0.17578;0.18555;0.19531;0.20508;0.21484;0.22461;0.23438;0.24414;0.25391;0.26367;0.27344;0.2832;0.29297;0.30273;0.3125;0.32227;0.33203;0.3418;0.35156;0.36133;0.37109;0.38086;0.39063;0.40039;0.41016;0.41992;0.42969;0.43945;0.44922;0.45898;0.46875;0.47852;0.48828;0.49805;0.50781;0.51758;0.52734;0.53711;0.54688;0.55664;0.56641;0.57617;0.58594;0.5957;0.60547;0.61523;0.625;0.63477;0.64453;0.6543;0.66406;0.67383;0.68359;0.69336;0.70313;0.71289;0.72266;0.73242;0.74219;0.75195;0.76172;0.77148;0.78125;0.79102,0.011495423999999999;0.015230976;0.008026111999999998;0.008450048;0.010014720000000001;0.004868096000000001;0.011907072;0.02395136;0.026479616;0.018114560000000002;0.018277376;0.014589952000000002;0.022946816;0.022185984;0.016165888;0.017361920000000003;0.019641344;0.019869696;0.018470911999999996;0.014327808;0.005818368;0.005788672000000001;0.009582592000000001;0.016095232;0.025183232;0.024085504;0.009178112;0.0072560640000000004;0.007834624;0.004727808;0.0039895040000000005;0.005866496;0.004320256;0.003079168;0.003741696;0.0033976320000000003;0.0062853119999999995;0.005355520000000001;0.005277696;0.0046592;0.003376128;0.003588096;0.003434496;0.0018257920000000001;0.000986112;0.002555904;0.002692096;0.0010833919999999999;0.001247232;0.0016168960000000003;0.00175104;0.001861632;0.00252416;0.0033105920000000002;0.0028395519999999995;0.002787328;0.002111488;0.002299904;0.0025200640000000002;0.00141824;0.0014346239999999998;0.0017561599999999999;0.001803264;0.001757184;0.001717248;0.001313792;0.00109056;0.001188864;0.00167424;0.001540096;0.001159168;0.0013219840000000002;0.0015544320000000001;0.000963584;0.001005568;0.00075264;0.0009748480000000001;0.0010250239999999998;0.000607232
1788286500,hdr,0.0293;0.03906;0.04883;0.05859;0.06836;0.07813;0.08789;0.09766;0.10742;0.11719;0.12695;0.13672;0.14648;0.15625;0.16602;0.17578;0.18555;0.19531;0.20508;0.21484;0.22461;0.23438;0.24414;0.25391;0.26367;0.27344;0.2832;0.29297;0.30273;0.3125;0.32227;0.33203;0.3418;0.35156;0.36133;0.37109;0.38086;0.39063;0.40039;0.41016;0.41992;0.42969;0.43945;0.44922;0.45898;0.46875;0.47852;0.48828;0.49805;0.50781;0.51758;0.52734;0.53711;0.54688;0.55664;0.56641;0.57617;0.58594;0.5957;0.60547;0.61523;0.625;0.63477;0.64453;0.6543;0.66406;0.67383;0.68359;0.69336;0.70313;0.71289;0.72266;0.73242;0.74219;0.75195;0.76172;0.77148;0.78125;0.79102,0.007038976;0.009731072;0.00875008;0.006972416;0.010176512;0.0075264;0.004530176;0.011854848;0.012985344;0.016946176;0.014482431999999998;0.014784512;0.018968575999999997;0.018361343999999998;0.015286272;0.013456384;0.017519616;0.013577216;0.01360384;0.010743807999999999;0.008417280000000001;0.0169728;0.017404928000000004;0.025837567999999998;0.023323648;0.014063616;0.009703424;0.015958016000000002;0.010031103999999999;0.0055408639999999995;0.006299648;0.005664768;0.004598784000000001;0.003708928;0.0031098880000000003;0.00482816;0.0047636480000000005;0.005743616;0.006496256;0.007217151999999999;0.00474624;0.003822592;0.005497856;0.006048768;0.005096447999999999;0.0037550080000000002;0.00315904;0.0024299520000000004;0.003658752;0.004195328;0.002482176;0.002368512;0.002767872;0.0027115520000000003;0.002610176;0.0023388159999999996;0.002197504;0.00195072;0.0019230719999999998;0.0023572479999999997;0.002469888;0.002531328;0.0020930559999999994;0.0009461760000000001;0.00160256;0.00262656;0.0022814719999999997;0.001508352;0.001248256;0.001281024;0.00137216;0.001210368;0.0010680320000000002;0.001071104;0.000652288;0.000770048;0.001057792;0.0012195840000000001;0.0011284479999999998
1788287400,hdr,0.0293;0.03906;0.04883;0.05859;0.06836;0.07813;0.08789;0.09766;0.10742;0.11719;0.12695;0.13672;0.14648;0.15625;0.16602;0.17578;0.18555;0.19531;0.20508;0.21484;0.22461;0.23438;0.24414;0.25391;0.26367;0.27344;0.2832;0.29297;0.30273;0.3125;0.32227;0.33203;0.3418;0.35156;0.36133;0.37109;0.38086;0.39063;0.40039;0.41016;0.41992;0.42969;0.43945;0.44922;0.45898;0.46875;0.47852;0.48828;0.49805;0.50781;0.51758;0.52734;0.53711;0.54688;0.55664;0.56641;0.57617;0.58594;0.5957;0.60547;0.61523;0.625;0.63477;0.64453;0.6543;0.66406;0.67383;0.68359;0.69336;0.70313;0.71289;0.72266;0.73242;0.74219;0.75195;0.76172;0.77148;0.78125;0.79102,0.006703104;0.008672256000000001;0.005884928000000001;0.010025983999999998;0.016943104000000004;0.013408255999999999;0.008392703999999999;0.0118272;0.01675264;0.01338368;0.017068032;0.024241152;0.030685184;0.028410879999999996;0.024934400000000002;0.024943616;0.026016768;0.01640448;0.011344896;0.010586112;0.006047744;0.010066944;0.018476032;0.027111424;0.022192128000000002;0.02151424;0.017246208;0.009018368;0.008453120000000001;0.00695808;0.005192703999999999;0.00362496;0.003509248;0.0025036800000000003;0.0038717440000000003;0.003716096;0.002528256;0.002349056;0.004198400000000001;0.004600831999999999;0.004451328;0.003201024;0.002441216;0.0013608960000000001;0.002272256;0.003920896;0.003144704;0.0025292799999999996;0.0027863040000000003;0.002118656;0.0020162559999999997;0.0024719359999999997;0.0026071040000000003;0.00293888;0.003422208;0.00414208;0.0025200640000000002;0.001967104;0.0023347199999999998;0.001913856;0.002444288;0.0023388159999999996;0.002361344;0.002219008;0.0025077759999999998;0.002705408;0.001668096;0.001432576;0.0012400640000000001;0.001440768;0.0008560640000000001;0.00096768;0.0008929280000000001;0.0012400640000000001;0.0015687680000000001;0.0010946560000000003;0.001057792;0.001062912;0.0008222720000000001
1788288300,hdr,0.0293;0.03906;0.04883;0.05859;0.06836;0.07813;0.08789;0.09766;0.10742;0.11719;0.12695;0.13672;0.14648;0.15625;0.16602;0.17578;0.18555;0.19531;0.20508;0.21484;0.22461;0.23438;0.24414;0.25391;0.26367;0.27344;0.2832;0.29297;0.30273;0.3125;0.32227;0.33203;0.3418;0.35156;0.36133;0.37109;0.38086;0.39063;0.40039;0.41016;0.41992;0.42969;0.43945;0.44922;0.45898;0.46875;0.47852;0.48828;0.49805;0.50781;0.51758;0.52734;0.53711;0.54688;0.55664;0.56641;0.57617;0.58594;0.5957;0.60547;0.61523;0.625;0.63477;0.64453;0.6543;0.66406;0.67383;0.68359;0.69336;0.70313;0.71289;0.72266;0.73242;0.74219;0.75195;0.76172;0.77148;0.78125;0.79102,0.012296192;0.017947648;0.014877696;0.016011264;0.019463168;0.01432576;0.011760640000000001;0.013304831999999999;0.016497664000000002;0.011336704;0.008638464;0.009990144;0.015346688;0.013444095999999999;0.020980736;0.020806656;0.018661376;0.011501568000000002;0.00795648;0.0062904319999999994;0.016371712;0.015171583999999998;0.013807616;0.022250495999999998;0.025070592;0.024530944000000002;0.022872064;0.01083392;0.00805376;0.007212032;0.004205568;0.00396288;0.004069376;0.003180544;0.004279296;0.00556032;0.004665344;0.004955136000000001;0.0038338559999999996;0.003866624;0.003249152;0.003521536;0.004066304;0.004472832;0.003318784;0.0031088640000000002;0.002502656;0.0018524160000000002;0.0024422399999999996;0.002879488;0.003350528;0.002336768;0.0023500800000000005;0.002469888;0.001524736;0.001442816;0.001400832;0.0011704320000000001;0.001345536;0.0014817279999999999;0.00216576;0.00217088;0.0022302719999999997;0.0014438399999999998;0.0017121280000000003;0.0014448640000000001;0.001891328;0.0016988160000000001;0.001181696;0.000791552;0.00137728;0.001242112;0.001176576;0.00118784;0.001098752;0.00091648;0.0007464960000000001;0.000867328;0.00082432
1788289200,hdr,0.0293;0.03906;0.04883;0.05859;0.06836;0.07813;0.08789;0.09766;0.10742;0.11719;0.12695;0.13672;0.14648;0.15625;0.16602;0.17578;0.18555;0.19531;0.20508;0.21484;0.22461;0.23438;0.24414;0.25391;0.26367;0.27344;0.2832;0.29297;0.30273;0.3125;0.32227;0.33203;0.3418;0.35156;0.36133;0.37109;0.38086;0.39063;0.40039;0.41016;0.41992;0.42969;0.43945;0.44922;0.45898;0.46875;0.47852;0.48828;0.49805;0.50781;0.51758;0.52734;0.53711;0.54688;0.55664;0.56641;0.57617;0.58594;0.5957;0.60547;0.61523;0.625;0.63477;0.64453;0.6543;0.66406;0.67383;0.68359;0.69336;0.70313;0.71289;0.72266;0.73242;0.74219;0.75195;0.76172;0.77148;0.78125;0.79102,0.01100288;0.023705600000000004;0.018569216;0.013827072;0.009784319999999999;0.00266752;0.003443712;0.013657088;0.01597952;0.021368832;0.013034496000000001;0.016034816;0.017430527999999997;0.018709504000000002;0.023559168;0.024209407999999998;0.024431616000000003;0.015700992;0.007156736000000001;0.010510336;0.009213952000000001;0.007412736;0.008473599999999998;0.013281280000000001;0.02300928;0.024440832000000003;0.01446912;0.008855552;0.008909824;0.005551103999999999;0.004031488000000001;0.003675136;0.003417088;0.0021248;0.002919424;0.004119551999999999;0.0021370879999999997;0.0021985280000000004;0.002791424;0.00246784;0.003059712;0.0020244480000000003;0.0018176000000000002;0.001234944;0.002077696;0.0019886079999999998;0.002373632;0.0018135039999999999;0.002659328;0.003024896;0.003525632;0.0037949439999999997;0.00138752;0.0024463360000000003;0.0024084479999999997;0.002527232;0.00198144;0.00144896;0.001214464;0.001383424;0.001403904;0.001849344;0.001154048;0.001152;0.0016670720000000001;0.0018964479999999998;0.0018687999999999999;0.001432576;0.0012441599999999998;0.00146944;0.001053696;0.001180672;0.000963584;0.000903168;0.000950272;0.000894976;0.0008355839999999999;0.000903168;0.000878592
1788290100,hdr,0.0293;0.03906;0.04883;0.05859;0.06836;0.07813;0.08789;0.09766;0.10742;0.11719;0.12695;0.13672;0.14648;0.15625;0.16602;0.17578;0.18555;0.19531;0.20508;0.21484;0.22461;0.23438;0.24414;0.25391;0.26367;0.27344;0.2832;0.29297;0.30273;0.3125;0.32227;0.33203;0.3418;0.35156;0.36133;0.37109;0.38086;0.39063;0.40039;0.41016;0.41992;0.42969;0.43945;0.44922;0.45898;0.46875;0.47852;0.48828;0.49805;0.50781;0.51758;0.52734;0.53711;0.54688;0.55664;0.56641;0.57617;0.58594;0.5957;0.60547;0.61523;0.625;0.63477;0.64453;0.6543;0.66406;0.67383;0.68359;0.69336;0.70313;0.71289;0.72266;0.73242;0.74219;0.75195;0.76172;0.77148;0.78125;0.79102,0.009094144;0.015813632;0.00580096;0.016671744;0.036875264000000005;0.023983103999999998;0.020398080000000002;0.012061696;0.019536895999999998;0.017842175999999998;0.012662784;0.014354431999999999;0.013542400000000001;0.016249856;0.018904064;0.012995584;0.013947903999999999;0.013554688;0.015051776;0.009029632;0.009422848;0.010556416;0.01588736;0.016912384;0.028079104;0.024765440000000003;0.008696832;0.010224640000000002;0.012463104;0.008973312;0.007268352;0.004799488;0.0024545279999999997;0.003934208;0.00326656;0.0030627840000000003;0.003446784;0.003359744;0.002348032;0.0019947520000000002;0.002671616;0.002428928;0.00242176;0.0025856;0.0022896640000000003;0.001926144;0.001757184;0.001289216;0.001615872;0.001652736;0.0013608960000000001;0.001359872;0.0014940160000000001;0.001381376;0.001476608;0.001452032;0.001557504;0.001503232;0.001062912;0.001032192;0.0011356159999999999;0.0014448640000000001;0.001286144;0.001414144;0.001071104;0.0008929280000000001;0.000759808;0.0010833919999999999;0.0008458240000000001;0.000894976;0.000878592;0.000918528;0.000734208;0.0006912;0.000785408;0.0006963200000000001;0.001032192;0.001119232;0.000965632
1788291000,hdr,0.0293;0.03906;0.04883;0.05859;0.06836;0.07813;0.08789;0.09766;0.10742;0.11719;0.12695;0.13672;0.14648;0.15625;0.16602;0.17578;0.18555;0.19531;0.20508;0.21484;0.22461;0.23438;0.24414;0.25391;0.26367;0.27344;0.2832;0.29297;0.30273;0.3125;0.32227;0.33203;0.3418;0.35156;0.36133;0.37109;0.38086;0.39063;0.40039;0.41016;0.41992;0.42969;0.43945;0.44922;0.45898;0.46875;0.47852;0.48828;0.49805;0.50781;0.51758;0.52734;0.53711;0.54688;0.55664;0.56641;0.57617;0.58594;0.5957;0.60547;0.61523;0.625;0.63477;0.64453;0.6543;0.66406;0.67383;0.68359;0.69336;0.70313;0.71289;0.72266;0.73242;0.74219;0.75195;0.76172;0.77148;0.78125;0.79102,0.00559104;0.015108096;0.007578624;0.00359936;0.017081344000000002;0.01952768;0.017967103999999998;0.011314175999999999;0.01435136;0.017202176000000003;0.02762752;0.015220736;0.008148992;0.017291264000000004;0.022318079999999997;0.013988864;0.01268224;0.009254911999999999;0.009957376;0.008434688000000001;0.010145791999999999;0.008875008;0.009528320000000002;0.020120576;0.029806591999999996;0.021054464;0.017309696;0.014880768;0.00953344;0.005896192;0.00651264;0.0058122239999999995;0.004744192;0.003898368;0.0031703039999999997;0.003823616;0.004017152;0.0028344320000000004;0.002494464;0.002203648;0.00306176;0.0022026240000000002;0.0024709120000000005;0.0024637440000000004;0.00266752;0.0026695679999999998;0.00247296;0.001987584;0.002705408;0.0027504639999999998;0.0021268479999999998;0.002051072;0.001396736;0.001316864;0.001400832;0.001337344;0.001302528;0.001174528;0.001297408;0.00103424;0.0009717759999999999;0.000801792;0.00075776;0.000805888;0.000628736;0.0008366080000000001;0.0007229440000000001;0.000690176;0.000827392;0.000625664;0.000825344;0.000613376;0.00047923199999999995;0.000461824;0.00052224;0.0006993920000000001;0.000702464;0.0006092800000000001;0.0005980159999999999
1788291900,hdr,0.0293;0.03906;0.04883;0.05859;0.06836;0.07813;0.08789;0.09766;0.10742;0.11719;0.12695;0.13672;0.14648;0.15625;0.16602;0.17578;0.18555;0.19531;0.20508;0.21484;0.22461;0.23438;0.24414;0.25391;0.26367;0.27344;0.2832;0.29297;0.30273;0.3125;0.32227;0.33203;0.3418;0.35156;0.36133;0.37109;0.38086;0.39063;0.40039;0.41016;0.41992;0.42969;0.43945;0.44922;0.45898;0.46875;0.47852;0.48828;0.49805;0.50781;0.51758;0.52734;0.53711;0.54688;0.55664;0.56641;0.57617;0.58594;0.5957;0.60547;0.61523;0.625;0.63477;0.64453;0.6543;0.66406;0.67383;0.68359;0.69336;0.70313;0.71289;0.72266;0.73242;0.74219;0.75195;0.76172;0.77148;0.78125;0.79102,0.005535744;0.007566335999999999;0.006401023999999999;0.004190208000000001;0.008987647999999999;0.00891392;0.009282559999999999;0.010144768;0.016187392;0.016505856;0.008910848;0.008496128;0.008544256000000002;0.009957376;0.008229888000000001;0.015135744000000001;0.022981632000000002;0.017707007999999996;0.011596799999999999;0.009714688;0.01012224;0.017052672;0.012335104;0.013333504;0.020154368000000002;0.019418112;0.017186816;0.017928192;0.013253632;0.009376768;0.007891968000000001;0.006590464;0.005182464000000001;0.004711424;0.0029184000000000002;0.00334336;0.0031907839999999995;0.003919872;0.004219903999999999;0.002996224;0.002352128;0.003001344;0.002935808;0.001627136;0.001524736;0.0018196479999999999;0.001983488;0.0020121600000000003;0.001870848;0.002763776;0.001637376;0.001476608;0.002080768;0.0020398079999999997;0.0013004800000000001;0.000863232;0.0006789119999999999;0.000736256;0.000823296;0.001451008;0.001992704;0.001555456;0.001113088;0.000731136;0.000861184;0.000700416;0.0005898240000000001;0.0005980159999999999;0.000594944;0.000658432;0.00039628799999999996;0.00036966399999999996;0.0005232639999999998;0.000674816;0.000521216;0.000483328;0.00030924800000000003;0.000400384;0.000606208
1788292800,hdr,0.0293;0.03906;0.04883;0.05859;0.06836;0.07813;0.08789;0.09766;0.10742;0.11719;0.12695;0.13672;0.14648;0.15625;0.16602;0.17578;0.18555;0.19531;0.20508;0.21484;0.22461;0.23438;0.24414;0.25391;0.26367;0.27344;0.2832;0.29297;0.30273;0.3125;0.32227;0.33203;0.3418;0.35156;0.36133;0.37109;0.38086;0.39063;0.40039;0.41016;0.41992;0.42969;0.43945;0.44922;0.45898;0.46875;0.47852;0.48828;0.49805;0.50781;0.51758;0.52734;0.53711;0.54688;0.55664;0.56641;0.57617;0.58594;0.5957;0.60547;0.61523;0.625;0.63477;0.64453;0.6543;0.66406;0.67383;0.68359;0.69336;0.70313;0.71289;0.72266;0.73242;0.74219;0.75195;0.76172;0.77148;0.78125;0.79102,0.000733184;0.004440064;0.002989056;0.00517632;0.012259328;0.011358207999999998;0.011373568;0.016874496;0.017642496000000004;0.017569792;0.011375616;0.007484416;0.009534464;0.011388928;0.013506559999999999;0.010694656;0.020377600000000003;0.018230272000000002;0.010979328000000002;0.007951360000000001;0.006080512;0.006626304;0.009282559999999999;0.012787712000000001;0.016946176;0.02304512;0.019208192;0.016273408;0.00953856;0.004770816;0.0043929600000000004;0.006316032;0.007834624;0.005523456;0.004277248000000001;0.0048209920000000005;0.0036024319999999996;0.004371456;0.003659776;0.0038502399999999996;0.0035123199999999998;0.002455552;0.0016691199999999998;0.001758208;0.001610752;0.001524736;0.0017530879999999999;0.0018411519999999998;0.0013322240000000001;0.001271808;0.001380352;0.0013680639999999998;0.0011233280000000003;0.0009205759999999999;0.001395712;0.001209344;0.001149952;0.0013568;0.00122368;0.0008202239999999999;0.00090624;0.001042432;0.001127424;0.0008929280000000001;0.0005601279999999999;0.000871424;0.0005703679999999999;0.00039936;0.000387072;0.000512;0.000504832;0.00033689599999999994;0.000459776;0.0005888;0.0005857280000000001;0.000519168;0.000289792;0.00026521600000000003;0.00023961599999999998
1788293700,hdr,0.0293;0.03906;0.04883;0.05859;0.06836;0.07813;0.08789;0.09766;0.10742;0.11719;0.12695;0.13672;0.14648;0.15625;0.16602;0.17578;0.18555;0.19531;0.20508;0.21484;0.22461;0.23438;0.24414;0.25391;0.26367;0.27344;0.2832;0.29297;0.30273;0.3125;0.32227;0.33203;0.3418;0.35156;0.36133;0.37109;0.38086;0.39063;0.40039;0.41016;0.41992;0.42969;0.43945;0.44922;0.45898;0.46875;0.47852;0.48828;0.49805;0.50781;0.51758;0.52734;0.53711;0.54688;0.55664;0.56641;0.57617;0.58594;0.5957;0.60547;0.61523;0.625;0.63477;0.64453;0.6543;0.66406;0.67383;0.68359;0.69336;0.70313;0.71289;0.72266;0.73242;0.74219;0.75195;0.76172;0.77148;0.78125;0.79102,0.002868224;0.00238592;0.00178176;0.008743935999999999;0.026059775999999996;0.014674943999999999;0.012442624;0.010435584000000001;0.013348864000000002;0.024541184;0.017503232;0.00868352;0.010186752;0.011974655999999998;0.019085311999999997;0.017528832;0.01450496;0.014010368;0.014767104;0.010339328;0.008143872;0.007933952;0.00876032;0.010637312;0.017007616;0.014695423999999999;0.021682176;0.021303296;0.018569216;0.015213568000000002;0.007283712;0.009918464;0.008259584;0.004025343999999999;0.004921344;0.004739072;0.0036812800000000003;0.003427328;0.003629056;0.003443712;0.002798592;0.002402304;0.0023674879999999996;0.00231936;0.001188864;0.0010475520000000002;0.00104448;0.001655808;0.0014376960000000002;0.0014172160000000002;0.001837056;0.001048576;0.00137728;0.001688576;0.001000448;0.00085504;0.001119232;0.00089088;0.000702464;0.00042598399999999997;0.000611328;0.000418816;0.000644096;0.000827392;0.000751616;0.000526336;0.000628736;0.0005601279999999999;0.00062464;0.0005703679999999999;0.000447488;0.0004884479999999999;0.000529408;0.0006696959999999999;0.000633856;0.00050688;0.00037376;0.000284672;0.00041779199999999995
1788294600,hdr,0.0293;0.03906;0.04883;0.05859;0.06836;0.07813;0.08789;0.09766;0.10742;0.11719;0.12695;0.13672;0.14648;0.15625;0.16602;0.17578;0.18555;0.19531;0.20508;0.21484;0.22461;0.23438;0.24414;0.25391;0.26367;0.27344;0.2832;0.29297;0.30273;0.3125;0.32227;0.33203;0.3418;0.35156;0.36133;0.37109;0.38086;0.39063;0.40039;0.41016;0.41992;0.42969;0.43945;0.44922;0.45898;0.46875;0.47852;0.48828;0.49805;0.50781;0.51758;0.52734;0.53711;0.54688;0.55664;0.56641;0.57617;0.58594;0.5957;0.60547;0.61523;0.625;0.63477;0.64453;0.6543;0.66406;0.67383;0.68359;0.69336;0.70313;0.71289;0.72266;0.73242;0.74219;0.75195;0.76172;0.77148;0.78125;0.79102,0.002936832;0.005249024000000001;0.005062656;0.002353152;0.015464448;0.01438208;0.007707648;0.007461888;0.007370752;0.011880448;0.010859520000000001;0.01172992;0.016441344;0.012408832;0.015197183999999999;0.016335871999999998;0.010140672;0.009921536;0.008891392;0.009204736000000002;0.007957504;0.010657792000000001;0.015500288;0.019224575999999997;0.024685567999999998;0.025366528;0.022199296000000004;0.026953728000000003;0.016984064;0.011084799999999999;0.009188352;0.00904192;0.0078848;0.00690688;0.008446975999999998;0.00808448;0.0052746239999999995;0.004451328;0.0035061759999999997;0.0025077759999999998;0.0033331199999999997;0.003040256;0.002870272;0.00218112;0.001096704;0.0011704320000000001;0.0012441599999999998;0.00119808;0.0009984;0.001275904;0.0013393919999999998;0.0014243840000000001;0.0018216959999999998;0.0018974719999999999;0.001267712;0.00084992;0.0010373119999999999;0.0007772160000000001;0.0007096320000000001;0.0010209280000000002;0.000992256;0.000526336;0.000646144;0.000688128;0.000745472;0.00054272;0.000406528;0.00064;0.0006830079999999999;0.000330752;0.00042803200000000007;0.00040550399999999994;0.000319488;0.00029696;0.0005580800000000001;0.000526336;0.000485376;0.000411648;0.00040550399999999994
1788295500,hdr,0.0293;0.03906;0.04883;0.05859;0.06836;0.07813;0.08789;0.09766;0.10742;0.11719;0.12695;0.13672;0.14648;0.15625;0.16602;0.17578;0.18555;0.19531;0.20508;0.21484;0.22461;0.23438;0.24414;0.25391;0.26367;0.27344;0.2832;0.29297;0.30273;0.3125;0.32227;0.33203;0.3418;0.35156;0.36133;0.37109;0.38086;0.39063;0.40039;0.41016;0.41992;0.42969;0.43945;0.44922;0.45898;0.46875;0.47852;0.48828;0.49805;0.50781;0.51758;0.52734;0.53711;0.54688;0.55664;0.56641;0.57617;0.58594;0.5957;0.60547;0.61523;0.625;0.63477;0.64453;0.6543;0.66406;0.67383;0.68359;0.69336;0.70313;0.71289;0.72266;0.73242;0.74219;0.75195;0.76172;0.77148;0.78125;0.79102,0.002746368;0.0031334399999999995;0.002147328;0.002700288;0.008113151999999998;0.011906048;0.014203904;0.016761856000000002;0.019609599999999998;0.017212416;0.012776448000000001;0.010842112000000001;0.011140096;0.010036224;0.013879296000000001;0.010898432;0.010198016;0.01306112;0.013582335999999999;0.009754624;0.008039424;0.0070297599999999995;0.007604224000000001;0.013186047999999999;0.012944384;0.016172032;0.020984832000000002;0.022820864;0.017768448;0.014892032000000001;0.008280064;0.010718208;0.010025983999999998;0.009250816;0.007872512;0.004554752;0.0044206079999999995;0.003770368;0.002604032;0.001716224;0.001783808;0.001480704;0.002044928;0.001376256;0.001005568;0.000843776;0.00101376;0.00111104;0.0012625919999999999;0.0014899199999999998;0.0013209599999999997;0.001980416;0.001931264;0.001308672;0.000941056;0.0010598399999999998;0.001143808;0.0007833599999999999;0.0011489279999999998;0.0010680320000000002;0.00062464;0.000494592;0.00048127999999999995;0.00040243200000000004;0.000525312;0.0006840319999999999;0.000799744;0.0007290879999999999;0.000603136;0.000280576;0.00036147200000000005;0.000577536;0.000415744;0.000418816;0.00064512;0.000534528;0.000413696;0.00036966399999999996;0.000206848
1788297300,hdr,0.0293;0.03906;0.04883;0.05859;0.06836;0.07813;0.08789;0.09766;0.10742;0.11719;0.12695;0.13672;0.14648;0.15625;0.16602;0.17578;0.18555;0.19531;0.20508;0.21484;0.22461;0.23438;0.24414;0.25391;0.26367;0.27344;0.2832;0.29297;0.30273;0.3125;0.32227;0.33203;0.3418;0.35156;0.36133;0.37109;0.38086;0.39063;0.40039;0.41016;0.41992;0.42969;0.43945;0.44922;0.45898;0.46875;0.47852;0.48828;0.49805;0.50781;0.51758;0.52734;0.53711;0.54688;0.55664;0.56641;0.57617;0.58594;0.5957;0.60547;0.61523;0.625;0.63477;0.64453;0.6543;0.66406;0.67383;0.68359;0.69336;0.70313;0.71289;0.72266;0.73242;0.74219;0.75195;0.76172;0.77148;0.78125;0.79102,0.002681856;0.003469312;0.0013035520000000001;0.002563072;0.008725504;0.012867584000000001;0.012044288;0.009094144;0.006079487999999999;0.006883327999999999;0.007392256;0.007975936;0.007411711999999999;0.009029632;0.018893823999999997;0.018660351999999998;0.018593792;0.01911808;0.018264064000000003;0.012228608;0.01018368;0.0051148800000000005;0.007007232;0.009718784;0.011897856000000002;0.022448128;0.033995776;0.022651903999999997;0.016259072;0.009616384;0.010736639999999999;0.011602944000000002;0.009539583999999999;0.005224448;0.004590591999999999;0.006972416;0.005181440000000001;0.003723264;0.003268608;0.002767872;0.00204288;0.002265088;0.0021360640000000005;0.0018411519999999998;0.0021534719999999996;0.001978368;0.0021985280000000004;0.001924096;0.001401856;0.001267712;0.001435648;0.001483776;0.001036288;0.0011632640000000002;0.0015390719999999998;0.001007616;0.001125376;0.0012154879999999998;0.001033216;0.0011233280000000003;0.000857088;0.000524288;0.000519168;0.000791552;0.000524288;0.000659456;0.000750592;0.0006932479999999999;0.00033894400000000004;0.000427008;0.00045568;0.0005959680000000001;0.000738304;0.00030105599999999996;0.00033894400000000004;0.0005376000000000001;0.0003584;0.00016896;0.000192512
1788298200,hdr,0.0293;0.03906;0.04883;0.05859;0.06836;0.07813;0.08789;0.09766;0.10742;0.11719;0.12695;0.13672;0.14648;0.15625;0.16602;0.17578;0.18555;0.19531;0.20508;0.21484;0.22461;0.23438;0.24414;0.25391;0.26367;0.27344;0.2832;0.29297;0.30273;0.3125;0.32227;0.33203;0.3418;0.35156;0.36133;0.37109;0.38086;0.39063;0.40039;0.41016;0.41992;0.42969;0.43945;0.44922;0.45898;0.46875;0.47852;0.48828;0.49805;0.50781;0.51758;0.52734;0.53711;0.54688;0.55664;0.56641;0.57617;0.58594;0.5957;0.60547;0.61523;0.625;0.63477;0.64453;0.6543;0.66406;0.67383;0.68359;0.69336;0.70313;0.71289;0.72266;0.73242;0.74219;0.75195;0.76172;0.77148;0.78125;0.79102,9.5232e-05;0.00042496;0.0010465279999999997;6.3488e-05;0.009893888;0.009444352000000001;0.005793792;0.008236031999999999;0.0089856;0.013079552;0.011265024000000002;0.012874752;0.010938368;0.01068032;0.009694208000000001;0.007459840000000001;0.008479744;0.0093184;0.010339328;0.008287232;0.00468992;0.0034652159999999997;0.00749056;0.007335936;0.009807871999999999;0.011209728;0.020143104;0.019938304;0.010752;0.013398016;0.008651776;0.011374592000000001;0.010848255999999999;0.008522752;0.005669888;0.0034242560000000005;0.002932736;0.002286592;0.002920448;0.004083712000000001;0.003565568;0.002459648;0.002207744;0.001893376;0.00200704;0.001668096;0.0014499839999999999;0.001990656;0.001509376;0.001497088;0.001477632;0.001682432;0.002040832;0.001277952;0.001294336;0.001243136;0.00108544;0.000894976;0.000679936;0.000791552;0.000577536;0.000576512;0.00082944;0.0007413760000000001;0.0006993920000000001;0.000644096;0.000524288;0.000526336;0.000365568;0.000726016;0.000795648;0.000449536;0.000441344;0.000512;0.000371712;0.000357376;0.000262144;0.000272384;0.000267264
1788299100,hdr,0.0293;0.03906;0.04883;0.05859;0.06836;0.07813;0.08789;0.09766;0.10742;0.11719;0.12695;0.13672;0.14648;0.15625;0.16602;0.17578;0.18555;0.19531;0.20508;0.21484;0.22461;0.23438;0.24414;0.25391;0.26367;0.27344;0.2832;0.29297;0.30273;0.3125;0.32227;0.33203;0.3418;0.35156;0.36133;0.37109;0.38086;0.39063;0.40039;0.41016;0.41992;0.42969;0.43945;0.44922;0.45898;0.46875;0.47852;0.48828;0.49805;0.50781;0.51758;0.52734;0.53711;0.54688;0.55664;0.56641;0.57617;0.58594;0.5957;0.60547;0.61523;0.625;0.63477;0.64453;0.6543;0.66406;0.67383;0.68359;0.69336;0.70313;0.71289;0.72266;0.73242;0.74219;0.75195;0.76172;0.77148;0.78125;0.79102,0.000776192;0.002089984;0.001540096;0.0022968320000000004;0.016222208;0.02306048;0.017620992000000002;0.016778240000000003;0.014036992;0.011830272000000001;0.010488832;0.012053504000000001;0.010278912;0.010908672;0.008716288;0.008282112;0.010896384;0.008252416;0.008882176;0.005301248000000001;0.003786752;0.003218432;0.0024616959999999998;0.006274048;0.00775168;0.008890368000000001;0.01040896;0.012417023999999999;0.015975424000000002;0.017355775999999996;0.013542400000000001;0.009080831999999999;0.005369856000000001;0.00498688;0.003868672;0.0034908160000000003;0.003180544;0.004078592000000001;0.00391168;0.003398656;0.001937408;0.001436672;0.002879488;0.001687552;0.001555456;0.002229248;0.001750016;0.001624064;0.0017848319999999999;0.001728512;0.001466368;0.0010598399999999998;0.001010688;0.001110016;0.001399808;0.00128;0.0008652800000000001;0.00057856;0.000668672;0.000912384;0.001352704;0.000932864;0.0005478400000000001;0.0005980159999999999;0.0007372800000000001;0.000625664;0.000854016;0.000726016;0.00090624;0.000987136;0.0006676480000000001;0.00047001599999999997;0.00037478399999999997;0.00041062399999999995;0.00046796800000000003;0.000224256;0.00024780799999999997;0.000205824;0.00020377600000000002
1788300000,hdr,0.0293;0.03906;0.04883;0.05859;0.06836;0.07813;0.08789;0.09766;0.10742;0.11719;0.12695;0.13672;0.14648;0.15625;0.16602;0.17578;0.18555;0.19531;0.20508;0.21484;0.22461;0.23438;0.24414;0.25391;0.26367;0.27344;0.2832;0.29297;0.30273;0.3125;0.32227;0.33203;0.3418;0.35156;0.36133;0.37109;0.38086;0.39063;0.40039;0.41016;0.41992;0.42969;0.43945;0.44922;0.45898;0.46875;0.47852;0.48828;0.49805;0.50781;0.51758;0.52734;0.53711;0.54688;0.55664;0.56641;0.57617;0.58594;0.5957;0.60547;0.61523;0.625;0.63477;0.64453;0.6543;0.66406;0.67383;0.68359;0.69336;0.70313;0.71289;0.72266;0.73242;0.74219;0.75195;0.76172;0.77148;0.78125;0.79102,0.0008704;0.004360192;0.003554304;0.001839104;0.009725952;0.012931072;0.0073410559999999994;0.006445056;0.003767296;0.0045895680000000005;0.0034744320000000004;0.00366592;0.0065791999999999995;0.010015744;0.01207296;0.009688064;0.009370624;0.010860544000000001;0.010557440000000001;0.006919168;0.006048768;0.006055936;0.0051302399999999995;0.006694912;0.010525696;0.007591936;0.008804352;0.01275392;0.017069056;0.017654784;0.008403968000000001;0.007916544;0.005479424;0.005229568;0.003972096;0.0033546239999999996;0.002696192;0.003099648;0.0034334720000000003;0.002420736;0.002725888;0.002148352;0.001528832;0.001777664;0.001184768;0.00115712;0.0017039359999999999;0.0020736;0.001794048;0.0010178560000000001;0.0015206400000000002;0.001860608;0.00167424;0.001155072;0.00118272;0.0010475520000000002;0.000893952;0.0008304639999999999;0.0010475520000000002;0.0007833599999999999;0.00049664;0.000625664;0.000605184;0.00057856;0.000499712;0.00047411199999999995;0.00043008000000000006;0.000421888;0.000457728;0.00041984;0.00036352;0.00034201599999999995;0.000352256;0.000385024;0.00050176;0.00040243200000000004;0.00019865600000000002;0.000188416;0.000277504
1788300900,hdr,0.0293;0.03906;0.04883;0.05859;0.06836;0.07813;0.08789;0.09766;0.10742;0.11719;0.12695;0.13672;0.14648;0.15625;0.16602;0.17578;0.18555;0.19531;0.20508;0.21484;0.22461;0.23438;0.24414;0.25391;0.26367;0.27344;0.2832;0.29297;0.30273;0.3125;0.32227;0.33203;0.3418;0.35156;0.36133;0.37109;0.38086;0.39063;0.40039;0.41016;0.41992;0.42969;0.43945;0.44922;0.45898;0.46875;0.47852;0.48828;0.49805;0.50781;0.51758;0.52734;0.53711;0.54688;0.55664;0.56641;0.57617;0.58594;0.5957;0.60547;0.61523;0.625;0.63477;0.64453;0.6543;0.66406;0.67383;0.68359;0.69336;0.70313;0.71289;0.72266;0.73242;0.74219;0.75195;0.76172;0.77148;0.78125;0.79102,0.0004352;0.000955392;0.0005304320000000001;0.003362816;0.021747712;0.025247744000000003;0.013541376;0.010456064000000001;0.010626048;0.009257984;0.00612352;0.007425024;0.008455167999999999;0.005761024;0.011588608;0.015945728;0.0137984;0.012761088000000002;0.008526848;0.006171648;0.004324352;0.006945792;0.005487616;0.003721216;0.006660096000000001;0.016551936000000003;0.024075264;0.014978047999999999;0.013526016;0.009644031999999999;0.006135808;0.005191680000000001;0.00716288;0.008521728;0.006443008;0.00252416;0.002717696;0.0027115520000000003;0.0028620800000000004;0.003429376;0.0021821440000000004;0.0028538879999999997;0.0034109440000000004;0.0019660800000000003;0.002172928;0.00175104;0.001201152;0.0008622079999999999;0.001055744;0.001380352;0.0007055360000000001;0.0009441279999999999;0.0008345599999999999;0.001016832;0.0008488959999999999;0.001145856;0.001225728;0.001286144;0.000796672;0.00063488;0.00036761599999999997;0.000736256;0.000922624;0.000690176;0.000515072;0.00039731200000000003;0.000519168;0.000719872;0.0006123519999999999;0.000499712;0.000483328;0.000448512;0.00047820800000000004;0.0004915200000000001;0.00062464;0.000406528;0.00024371200000000001;0.00033382400000000003;0.000259072
1788301800,hdr,0.0293;0.03906;0.04883;0.05859;0.06836;0.07813;0.08789;0.09766;0.10742;0.11719;0.12695;0.13672;0.14648;0.15625;0.16602;0.17578;0.18555;0.19531;0.20508;0.21484;0.22461;0.23438;0.24414;0.25391;0.26367;0.27344;0.2832;0.29297;0.30273;0.3125;0.32227;0.33203;0.3418;0.35156;0.36133;0.37109;0.38086;0.39063;0.40039;0.41016;0.41992;0.42969;0.43945;0.44922;0.45898;0.46875;0.47852;0.48828;0.49805;0.50781;0.51758;0.52734;0.53711;0.54688;0.55664;0.56641;0.57617;0.58594;0.5957;0.60547;0.61523;0.625;0.63477;0.64453;0.6543;0.66406;0.67383;0.68359;0.69336;0.70313;0.71289;0.72266;0.73242;0.74219;0.75195;0.76172;0.77148;0.78125;0.79102,0.00047001599999999997;0.000590848;0.000344064;0.0013506560000000002;0.00810496;0.012850176;0.012485632000000002;0.019566592;0.016592896;0.012965887999999998;0.013021184;0.006176768;0.005946368;0.006572032;0.0068505599999999995;0.007177215999999999;0.009332736000000001;0.010964992;0.011859968;0.012114943999999999;0.006375424;0.0036730879999999997;0.003777536;0.0063078399999999995;0.00971776;0.011613184;0.013133824;0.01243136;0.01292288;0.013780992;0.00887808;0.006390784;0.010873856;0.007312384;0.0062126080000000005;0.005788672000000001;0.004202496;0.003864576;0.002419712;0.001646592;0.0021452800000000003;0.002143232;0.001969152;0.002417664;0.001696768;0.0013393919999999998;0.001586176;0.002550784;0.001835008;0.0010762240000000002;0.0009205759999999999;0.0009912319999999999;0.0008867839999999999;0.0012400640000000001;0.001301504;0.000877568;0.000610304;0.0008447999999999999;0.000864256;0.000881664;0.0008447999999999999;0.00045568;0.0006184960000000001;0.0008110079999999999;0.000775168;0.0005713920000000001;0.00034201599999999995;0.00059904;0.000536576;0.000555008;0.000401408;0.000423936;0.00047308800000000003;0.000528384;0.0004884479999999999;0.0003072;0.000260096;0.00030208000000000004;0.000191488
1788302700,hdr,0.0293;0.03906;0.04883;0.05859;0.06836;0.07813;0.08789;0.09766;0.10742;0.11719;0.12695;0.13672;0.14648;0.15625;0.16602;0.17578;0.18555;0.19531;0.20508;0.21484;0.22461;0.23438;0.24414;0.25391;0.26367;0.27344;0.2832;0.29297;0.30273;0.3125;0.32227;0.33203;0.3418;0.35156;0.36133;0.37109;0.38086;0.39063;0.40039;0.41016;0.41992;0.42969;0.43945;0.44922;0.45898;0.46875;0.47852;0.48828;0.49805;0.50781;0.51758;0.52734;0.53711;0.54688;0.55664;0.56641;0.57617;0.58594;0.5957;0.60547;0.61523;0.625;0.63477;0.64453;0.6543;0.66406;0.67383;0.68359;0.69336;0.70313;0.71289;0.72266;0.73242;0.74219;0.75195;0.76172;0.77148;0.78125;0.79102,0.000376832;0.000248832;1.4336e-05;0.001708032;0.006310912;0.0096;0.011794432;0.008235008;0.005494784000000001;0.0068352000000000005;0.007529472;0.006614016;0.003771392;0.005311488;0.00672256;0.005959679999999999;0.012378111999999998;0.010609664000000001;0.011622400000000001;0.010737664000000001;0.004521984;0.003928064;0.0036843519999999997;0.004083712000000001;0.006099968;0.01084416;0.017744896;0.011877376;0.014064640000000002;0.014134272;0.012464128000000001;0.010428416000000001;0.005810176;0.0057968640000000005;0.004395008;0.0036095999999999997;0.004785152;0.0036239360000000003;0.002787328;0.00279552;0.0026695679999999998;0.002911232;0.002106368;0.0014735360000000001;0.0017623040000000001;0.001647616;0.001102848;0.0014110720000000002;0.001395712;0.0012666880000000002;0.00109056;0.001284096;0.001915904;0.001696768;0.001053696;0.0007772160000000001;0.000923648;0.000861184;0.000841728;0.0013578239999999999;0.000809984;0.000648192;0.000827392;0.0006092800000000001;0.000492544;0.000617472;0.00036147200000000005;0.00037888;0.000352256;0.000483328;0.00043008000000000006;0.000282624;0.000339968;0.000350208;0.000289792;0.00028671999999999997;0.00030412799999999997;0.000172032;0.00016384
1788303600,hdr,0.0293;0.03906;0.04883;0.05859;0.06836;0.07813;0.08789;0.09766;0.10742;0.11719;0.12695;0.13672;0.14648;0.15625;0.16602;0.17578;0.18555;0.19531;0.20508;0.21484;0.22461;0.23438;0.24414;0.25391;0.26367;0.27344;0.2832;0.29297;0.30273;0.3125;0.32227;0.33203;0.3418;0.35156;0.36133;0.37109;0.38086;0.39063;0.40039;0.41016;0.41992;0.42969;0.43945;0.44922;0.45898;0.46875;0.47852;0.48828;0.49805;0.50781;0.51758;0.52734;0.53711;0.54688;0.55664;0.56641;0.57617;0.58594;0.5957;0.60547;0.61523;0.625;0.63477;0.64453;0.6543;0.66406;0.67383;0.68359;0.69336;0.70313;0.71289;0.72266;0.73242;0.74219;0.75195;0.76172;0.77148;0.78125;0.79102,0.000103424;0.001601536;0.001680384;0.001959936;0.009227263999999999;0.0159744;0.005696512000000001;0.011536384;0.008306688;0.006539264;0.006347775999999999;0.0035952639999999995;0.003827712;0.002377728;0.0015851519999999998;0.003429376;0.007122944000000001;0.01003008;0.01287168;0.00602112;0.005906432;0.003815424;0.0024064;0.004043776000000001;0.008790016;0.012577792;0.018373632;0.0152832;0.010897408;0.01217024;0.011047936;0.009513984;0.006706176;0.005305344;0.004822015999999999;0.003390464;0.002944;0.0026234879999999998;0.0024709120000000005;0.0029429759999999995;0.0019537919999999998;0.002546688;0.002045952;0.001775616;0.0012687360000000001;0.001062912;0.001265664;0.0010127360000000002;0.0009400319999999999;0.00075776;0.0008837120000000001;0.00101888;0.001534976;0.000985088;0.00099328;0.0012185600000000003;0.00133632;0.000894976;0.0007495679999999999;0.0009574399999999999;0.0006144;0.00041062399999999995;0.000651264;0.0008519679999999999;0.0006184960000000001;0.00047820800000000004;0.00040243200000000004;0.00023961599999999998;0.000233472;0.00039219200000000003;0.00041676800000000003;0.000241664;0.00018124799999999998;0.00027648;0.00036147200000000005;0.000366592;0.00041779199999999995;0.000352256;0.00024063999999999997
1788304500,hdr,0.0293;0.03906;0.04883;0.05859;0.06836;0.07813;0.08789;0.09766;0.10742;0.11719;0.12695;0.13672;0.14648;0.15625;0.16602;0.17578;0.18555;0.19531;0.20508;0.21484;0.22461;0.23438;0.24414;0.25391;0.26367;0.27344;0.2832;0.29297;0.30273;0.3125;0.32227;0.33203;0.3418;0.35156;0.36133;0.37109;0.38086;0.39063;0.40039;0.41016;0.41992;0.42969;0.43945;0.44922;0.45898;0.46875;0.47852;0.48828;0.49805;0.50781;0.51758;0.52734;0.53711;0.54688;0.55664;0.56641;0.57617;0.58594;0.5957;0.60547;0.61523;0.625;0.63477;0.64453;0.6543;0.66406;0.67383;0.68359;0.69336;0.70313;0.71289;0.72266;0.73242;0.74219;0.75195;0.76172;0.77148;0.78125;0.79102,0.000551936;0.001961984;0.001374208;0.0022784000000000003;0.006467584000000001;0.008905728;0.005425152;0.004789247999999999;0.009764864;0.015398911999999999;0.013665279999999998;0.0085248;0.003909632;0.004645888;0.003658752;0.00612352;0.010148863999999999;0.011218944000000002;0.010590208;0.010109952;0.00546304;0.0035481600000000003;0.0037375999999999998;0.00459776;0.006588415999999999;0.009595904;0.012028928;0.012755968;0.009886720000000002;0.010140672;0.015414272000000001;0.008313856;0.00787456;0.007645184;0.005229568;0.004058112000000001;0.0032256;0.003914752;0.003201024;0.0026009600000000003;0.0020121600000000003;0.0013342719999999998;0.001258496;0.001860608;0.0022374400000000003;0.001537024;0.001007616;0.00103936;0.001005568;0.001015808;0.000927744;0.001117184;0.0014632959999999998;0.000922624;0.000576512;0.000524288;0.000518144;0.000760832;0.000651264;0.000577536;0.000879616;0.000557056;0.0005683200000000001;0.000482304;0.00030003200000000004;0.000439296;0.000519168;0.00037068800000000004;0.00062464;0.0007086080000000001;0.0007096320000000001;0.00055296;0.00047308800000000003;0.000411648;0.00020889599999999997;0.00019968;0.000176128;0.000264192;0.00023244799999999998
1788305400,hdr,0.0293;0.03906;0.04883;0.05859;0.06836;0.07813;0.08789;0.09766;0.10742;0.11719;0.12695;0.13672;0.14648;0.15625;0.16602;0.17578;0.18555;0.19531;0.20508;0.21484;0.22461;0.23438;0.24414;0.25391;0.26367;0.27344;0.2832;0.29297;0.30273;0.3125;0.32227;0.33203;0.3418;0.35156;0.36133;0.37109;0.38086;0.39063;0.40039;0.41016;0.41992;0.42969;0.43945;0.44922;0.45898;0.46875;0.47852;0.48828;0.49805;0.50781;0.51758;0.52734;0.53711;0.54688;0.55664;0.56641;0.57617;0.58594;0.5957;0.60547;0.61523;0.625;0.63477;0.64453;0.6543;0.66406;0.67383;0.68359;0.69336;0.70313;0.71289;0.72266;0.73242;0.74219;0.75195;0.76172;0.77148;0.78125;0.79102,0;3.9936e-05;5.5296e-05;0.0010475520000000002;0.0042485760000000004;0.005059584;0.0033208319999999997;0.007093248;0.011199488;0.014745600000000001;0.013092864000000001;0.010345472;0.005301248000000001;0.0048609280000000005;0.0054784;0.005588992;0.0050524160000000005;0.007187456;0.011948031999999999;0.007287808;0.005776384;0.0071014400000000005;0.0068454399999999995;0.002896896;0.004975616;0.00763392;0.00956416;0.012827647999999999;0.011563008;0.016049152;0.016082944000000002;0.012093439999999999;0.010962943999999999;0.009870335999999999;0.005920768;0.0026808319999999997;0.0038717440000000003;0.0036270079999999997;0.0024012799999999996;0.0022272;0.0021329920000000002;0.002125824;0.00273408;0.00216576;0.001118208;0.001337344;0.00128512;0.000799744;0.000800768;0.001134592;0.000887808;0.0009697280000000001;0.001166336;0.000743424;0.000427008;0.000652288;0.0009041920000000001;0.001082368;0.0013322240000000001;0.001067008;0.000521216;0.000579584;0.000607232;0.0005683200000000001;0.000513024;0.00047104000000000004;0.000434176;0.000347136;0.000321536;0.000314368;0.000244736;0.000275456;0.00036454399999999996;0.00043110399999999997;0.00023654400000000002;0.000249856;0.000269312;0.000176128;0.000141312
1788306300,hdr,0.0293;0.03906;0.04883;0.05859;0.06836;0.07813;0.08789;0.09766;0.10742;0.11719;0.12695;0.13672;0.14648;0.15625;0.16602;0.17578;0.18555;0.19531;0.20508;0.21484;0.22461;0.23438;0.24414;0.25391;0.26367;0.27344;0.2832;0.29297;0.30273;0.3125;0.32227;0.33203;0.3418;0.35156;0.36133;0.37109;0.38086;0.39063;0.40039;0.41016;0.41992;0.42969;0.43945;0.44922;0.45898;0.46875;0.47852;0.48828;0.49805;0.50781;0.51758;0.52734;0.53711;0.54688;0.55664;0.56641;0.57617;0.58594;0.5957;0.60547;0.61523;0.625;0.63477;0.64453;0.6543;0.66406;0.67383;0.68359;0.69336;0.70313;0.71289;0.72266;0.73242;0.74219;0.75195;0.76172;0.77148;0.78125;0.79102,0.000132096;0.000525312;0.00040448000000000003;0.00117248;0.007556096000000001;0.009275392;0.010164224;0.013340672000000001;0.010254336000000001;0.011838464;0.011917312;0.004719616;0.004425728;0.004734975999999999;0.0047104;0.006496256;0.010344448000000001;0.007222272;0.010697727999999998;0.0094976;0.005179392;0.005804032;0.002953216;0.003716096;0.003059712;0.007687167999999999;0.009418752;0.013012992000000001;0.019025919999999998;0.016299008;0.010627072;0.008599552;0.00742912;0.00673792;0.0058839040000000006;0.004868096000000001;0.003125248;0.0028426239999999998;0.0025610240000000003;0.001741824;0.0012625919999999999;0.000905216;0.0013946879999999998;0.0015738879999999998;0.001711104;0.0016148479999999999;0.002441216;0.0020654080000000003;0.001645568;0.0011714560000000002;0.000812032;0.00079872;0.0005816320000000001;0.0006092800000000001;0.001098752;0.001021952;0.000909312;0.000551936;0.001071104;0.0007086080000000001;0.00054272;0.000643072;0.000590848;0.000580608;0.00087552;0.00041984;0.000303104;0.00037785600000000004;0.000391168;0.00031744;0.00029593599999999995;0.00031744;0.000360448;0.000277504;0.000233472;0.00022323200000000002;0.000262144;0.00021401600000000003;0.00010956799999999999
