Epoch Time,Processing Source,f,varianceDensity
1775347200,hdr,0.0293;0.03906;0.04883;0.05859;0.06836;0.07813;0.08789;0.09766;0.10742;0.11719;0.12695;0.13672;0.14648;0.15625;0.16602;0.17578;0.18555;0.19531;0.20508;0.21484;0.22461;0.23438;0.24414;0.25391;0.26367;0.27344;0.2832;0.29297;0.30273;0.3125;0.32227;0.33203;0.3418;0.35156;0.36133;0.37109;0.38086;0.39063;0.40039;0.41016;0.41992;0.42969;0.43945;0.44922;0.45898;0.46875;0.47852;0.48828;0.49805;0.50781;0.51758;0.52734;0.53711;0.54688;0.55664;0.56641;0.57617;0.58594;0.5957;0.60547;0.61523;0.625;0.63477;0.64453;0.6543;0.66406;0.67383;0.68359;0.69336;0.70313;0.71289;0.72266;0.73242;0.74219;0.75195;0.76172;0.77148;0.78125;0.79102,0.009622528;0.016386048;0.01115648;0.008841215999999999;0.012786688000000001;0.009993216000000001;0.015275008;0.05556736;0.10719539199999999;0.19221913599999998;0.316672;0.157825024;0.06857728;0.086524928;0.12347494399999999;0.097733632;0.09100595199999999;0.14924288;0.11964416;0.08276275200000001;0.086673408;0.121951232;0.116518912;0.077185024;0.118677504;0.126038016;0.130651136;0.07248998400000001;0.06285312;0.048864255999999995;0.059005952;0.05116928;0.04502528;0.053435392;0.044082176;0.03729408;0.036537344;0.027396096;0.022897664;0.030451712;0.029929472000000002;0.025796608;0.015720447999999998;0.017860608;0.019305472;0.017437696;0.018673663999999996;0.012872704;0.017524736;0.019304448000000002;0.017607679999999997;0.016435199999999997;0.013814784;0.01028608;0.005179392;0.007513087999999999;0.0073011199999999995;0.005762048;0.006189055999999999;0.00726528;0.006508544;0.0047912960000000004;0.00541184;0.006711296;0.0065587200000000005;0.00384512;0.002952192;0.003076096;0.002210816;0.0023203839999999996;0.004047872;0.003336192;0.0027320319999999997;0.0025364479999999997;0.0026368000000000003;0.001672192;0.002936832;0.002427904;0.001814528
1775348100,hdr,0.0293;0.03906;0.04883;0.05859;0.06836;0.07813;0.08789;0.09766;0.10742;0.11719;0.12695;0.13672;0.14648;0.15625;0.16602;0.17578;0.18555;0.19531;0.20508;0.21484;0.22461;0.23438;0.24414;0.25391;0.26367;0.27344;0.2832;0.29297;0.30273;0.3125;0.32227;0.33203;0.3418;0.35156;0.36133;0.37109;0.38086;0.39063;0.40039;0.41016;0.41992;0.42969;0.43945;0.44922;0.45898;0.46875;0.47852;0.48828;0.49805;0.50781;0.51758;0.52734;0.53711;0.54688;0.55664;0.56641;0.57617;0.58594;0.5957;0.60547;0.61523;0.625;0.63477;0.64453;0.6543;0.66406;0.67383;0.68359;0.69336;0.70313;0.71289;0.72266;0.73242;0.74219;0.75195;0.76172;0.77148;0.78125;0.79102,0.0042014719999999995;0.00868352;0.014508031999999999;0.0145152;0.011856896;0.012000255999999999;0.00989696;0.051835904;0.093591552;0.142183424;0.20363264;0.152107008;0.1114112;0.104111104;0.120829952;0.09648640000000001;0.127059968;0.14617497599999998;0.098347008;0.108034048;0.11944447999999999;0.11696844799999999;0.12119859200000001;0.10059161600000001;0.058599424;0.08375808;0.131044352;0.100035584;0.063778816;0.090871808;0.075959296;0.05483827200000001;0.045577216000000004;0.029118464;0.034132992;0.06710272;0.05128499200000001;0.040525824;0.038119424;0.027594752;0.023052288;0.029851648;0.028904448;0.028887039999999996;0.01701888;0.011210752;0.009966592;0.018714624;0.023942144;0.020058112;0.01357312;0.010601471999999999;0.008590336;0.005688319999999999;0.008180736;0.008201216;0.009035776;0.0064419839999999996;0.004298752;0.005261312;0.0061808639999999995;0.003487744;0.003429376;0.004556800000000001;0.006677504;0.00788992;0.005417984;0.004078592000000001;0.0038881280000000002;0.003416064;0.004324352;0.002952192;0.003088384;0.0029880320000000003;0.002363392;0.002555904;0.001738752;0.002081792;0.00244736
1775349000,hdr,0.0293;0.03906;0.04883;0.05859;0.06836;0.07813;0.08789;0.09766;0.10742;0.11719;0.12695;0.13672;0.14648;0.15625;0.16602;0.17578;0.18555;0.19531;0.20508;0.21484;0.22461;0.23438;0.24414;0.25391;0.26367;0.27344;0.2832;0.29297;0.30273;0.3125;0.32227;0.33203;0.3418;0.35156;0.36133;0.37109;0.38086;0.39063;0.40039;0.41016;0.41992;0.42969;0.43945;0.44922;0.45898;0.46875;0.47852;0.48828;0.49805;0.50781;0.51758;0.52734;0.53711;0.54688;0.55664;0.56641;0.57617;0.58594;0.5957;0.60547;0.61523;0.625;0.63477;0.64453;0.6543;0.66406;0.67383;0.68359;0.69336;0.70313;0.71289;0.72266;0.73242;0.74219;0.75195;0.76172;0.77148;0.78125;0.79102,0.0015984640000000002;0.006843392;0.00766464;0.0057446400000000005;0.005442560000000001;0.005450752;0.016279552;0.045601792;0.122496;0.20968448;0.169977856;0.127269888;0.07937536;0.094823424;0.08432844799999999;0.09492992;0.13138944;0.172038144;0.18266112000000004;0.10674175999999999;0.096992256;0.168286208;0.12127027200000001;0.07932723199999998;0.09054208;0.11172249600000002;0.079924224;0.082818048;0.100363264;0.06974464;0.080431104;0.07974502400000001;0.035296256;0.038624256;0.058116096;0.040778752;0.055492608;0.05322751999999999;0.031591424;0.026496;0.033043456;0.03404390399999999;0.04378624;0.027981824;0.025771007999999998;0.016185344;0.012866559999999999;0.016288768000000002;0.018132992;0.012321792;0.02161664;0.014221312;0.016878592;0.01238016;0.00905216;0.007960576;0.004236288;0.008754175999999999;0.012630015999999999;0.014831616;0.012658688;0.005992448;0.005955584;0.00869888;0.006910975999999999;0.0057251839999999995;0.00639488;0.004533248;0.0028149760000000003;0.0037877759999999996;0.004933632;0.003771392;0.0027453439999999994;0.0022978559999999996;0.002272256;0.001575936;0.002547712;0.0030341120000000003;0.002233344
1775349900,hdr,0.0293;0.03906;0.04883;0.05859;0.06836;0.07813;0.08789;0.09766;0.10742;0.11719;0.12695;0.13672;0.14648;0.15625;0.16602;0.17578;0.18555;0.19531;0.20508;0.21484;0.22461;0.23438;0.24414;0.25391;0.26367;0.27344;0.2832;0.29297;0.30273;0.3125;0.32227;0.33203;0.3418;0.35156;0.36133;0.37109;0.38086;0.39063;0.40039;0.41016;0.41992;0.42969;0.43945;0.44922;0.45898;0.46875;0.47852;0.48828;0.49805;0.50781;0.51758;0.52734;0.53711;0.54688;0.55664;0.56641;0.57617;0.58594;0.5957;0.60547;0.61523;0.625;0.63477;0.64453;0.6543;0.66406;0.67383;0.68359;0.69336;0.70313;0.71289;0.72266;0.73242;0.74219;0.75195;0.76172;0.77148;0.78125;0.79102,0.0033024;0.006652928;0.005815296;0.005486591999999999;0.010742784;0.005849088;0.018581504;0.040316928;0.07086387200000001;0.16477491200000002;0.15657881599999998;0.126593024;0.123723776;0.10842624000000001;0.112135168;0.10467737599999999;0.1247488;0.163421184;0.191372288;0.255227904;0.231492608;0.137741312;0.145555456;0.11186176;0.078925824;0.058079231999999995;0.084041728;0.130816;0.130623488;0.095210496;0.07801856;0.065529856;0.045910016;0.044786688;0.044998656;0.04326912;0.04056064;0.041468928;0.031158272;0.046601216;0.032518144;0.018973695999999998;0.022393856;0.021876736;0.02053632;0.017092608;0.01285632;0.011216896;0.010144768;0.016350207999999998;0.014331904000000001;0.011796480000000002;0.007952384;0.006176768;0.008571904;0.010576895999999999;0.0048762879999999995;0.004685824000000001;0.007462912;0.005343232;0.006028288;0.004783103999999999;0.003757056;0.006091776000000001;0.004620288;0.005178367999999999;0.0041216000000000004;0.003876864;0.003002368;0.004712448;0.00326656;0.0023552;0.0019650559999999997;0.002966528;0.0035860479999999997;0.0032583679999999998;0.0017244159999999999;0.00082432;0.0021299199999999996
1775350800,hdr,0.0293;0.03906;0.04883;0.05859;0.06836;0.07813;0.08789;0.09766;0.10742;0.11719;0.12695;0.13672;0.14648;0.15625;0.16602;0.17578;0.18555;0.19531;0.20508;0.21484;0.22461;0.23438;0.24414;0.25391;0.26367;0.27344;0.2832;0.29297;0.30273;0.3125;0.32227;0.33203;0.3418;0.35156;0.36133;0.37109;0.38086;0.39063;0.40039;0.41016;0.41992;0.42969;0.43945;0.44922;0.45898;0.46875;0.47852;0.48828;0.49805;0.50781;0.51758;0.52734;0.53711;0.54688;0.55664;0.56641;0.57617;0.58594;0.5957;0.60547;0.61523;0.625;0.63477;0.64453;0.6543;0.66406;0.67383;0.68359;0.69336;0.70313;0.71289;0.72266;0.73242;0.74219;0.75195;0.76172;0.77148;0.78125;0.79102,0.005496832;0.014311424000000001;0.013505536;0.0055009279999999995;0.006089728;0.003364864;0.013246464;0.034433024000000007;0.10640384;0.232154112;0.316040192;0.26684416;0.131224576;0.143619072;0.174773248;0.146632704;0.130868224;0.201723904;0.253932544;0.26196070400000004;0.23595724799999998;0.109873152;0.10591027200000001;0.12208230399999999;0.122095616;0.10355711999999999;0.089734144;0.10104832000000001;0.151332864;0.101732352;0.096260096;0.08052838400000001;0.0480512;0.066302976;0.058512384;0.056187904000000004;0.064939008;0.074304512;0.048308224000000004;0.04381184;0.029550592;0.022552575999999998;0.029300736;0.028221440000000004;0.020133888;0.013900800000000001;0.015584256;0.014299136;0.010877952000000001;0.0141824;0.015159296000000001;0.014208;0.015105024;0.011379712;0.008706048;0.006967296;0.008080384;0.012971008;0.008840192;0.007230464;0.009463808;0.010655744;0.006964224;0.008112128000000001;0.006048768;0.005579776;0.005524479999999999;0.0034385919999999994;0.002497536;0.003576832;0.003493888;0.003048448;0.003612672;0.002379776;0.002512896;0.002939904;0.0032870399999999998;0.00270336;0.002013184
1775351700,hdr,0.0293;0.03906;0.04883;0.05859;0.06836;0.07813;0.08789;0.09766;0.10742;0.11719;0.12695;0.13672;0.14648;0.15625;0.16602;0.17578;0.18555;0.19531;0.20508;0.21484;0.22461;0.23438;0.24414;0.25391;0.26367;0.27344;0.2832;0.29297;0.30273;0.3125;0.32227;0.33203;0.3418;0.35156;0.36133;0.37109;0.38086;0.39063;0.40039;0.41016;0.41992;0.42969;0.43945;0.44922;0.45898;0.46875;0.47852;0.48828;0.49805;0.50781;0.51758;0.52734;0.53711;0.54688;0.55664;0.56641;0.57617;0.58594;0.5957;0.60547;0.61523;0.625;0.63477;0.64453;0.6543;0.66406;0.67383;0.68359;0.69336;0.70313;0.71289;0.72266;0.73242;0.74219;0.75195;0.76172;0.77148;0.78125;0.79102,0.0026490879999999995;0.01288704;0.01355776;0.004061184;0.01053184;0.010323968000000001;0.028485631999999997;0.06471270400000001;0.12107775999999999;0.162096128;0.19189350400000002;0.202099712;0.130880512;0.11713638400000001;0.20016025599999998;0.245161984;0.21295718400000002;0.171532288;0.19037695999999998;0.24933376000000002;0.172816384;0.15180902400000001;0.152576;0.103657472;0.147678208;0.14764032000000002;0.109449216;0.109275136;0.137817088;0.080360448;0.04920832;0.06912512;0.054931456;0.034835456;0.054012928;0.058003455999999995;0.047845376;0.042876928;0.038749184;0.029600768;0.01949184;0.020166655999999998;0.018847744;0.019027968;0.017969152000000002;0.017724416;0.018014208;0.013674496;0.014487552;0.014612479999999999;0.013780992;0.011866112;0.011436032;0.012946431999999999;0.011884544;0.011532287999999998;0.012473344;0.008562688;0.0069918720000000005;0.0074854399999999995;0.004882432;0.0060139519999999995;0.00462848;0.00491008;0.005221376;0.004448255999999999;0.006376448000000001;0.005234688;0.005045248;0.003463168;0.004279296;0.004477952;0.002325504;0.0017121280000000003;0.0013117439999999999;0.002225152;0.0017807360000000002;0.002107392;0.0023132160000000003
1775352600,hdr,0.0293;0.03906;0.04883;0.05859;0.06836;0.07813;0.08789;0.09766;0.10742;0.11719;0.12695;0.13672;0.14648;0.15625;0.16602;0.17578;0.18555;0.19531;0.20508;0.21484;0.22461;0.23438;0.24414;0.25391;0.26367;0.27344;0.2832;0.29297;0.30273;0.3125;0.32227;0.33203;0.3418;0.35156;0.36133;0.37109;0.38086;0.39063;0.40039;0.41016;0.41992;0.42969;0.43945;0.44922;0.45898;0.46875;0.47852;0.48828;0.49805;0.50781;0.51758;0.52734;0.53711;0.54688;0.55664;0.56641;0.57617;0.58594;0.5957;0.60547;0.61523;0.625;0.63477;0.64453;0.6543;0.66406;0.67383;0.68359;0.69336;0.70313;0.71289;0.72266;0.73242;0.74219;0.75195;0.76172;0.77148;0.78125;0.79102,0.0042434560000000005;0.010814464;0.012238848;0.009798656;0.006542335999999999;0.008530943999999999;0.019948544;0.045274112;0.107544576;0.255857664;0.33977958399999997;0.215286784;0.14803456;0.302649344;0.276071424;0.37342310400000006;0.30883839999999996;0.252530688;0.23222988799999997;0.19907276799999998;0.15110963200000002;0.121581568;0.189355008;0.114245632;0.131857408;0.16894873600000002;0.18230681599999998;0.173356032;0.15024332799999998;0.142091264;0.091088896;0.080661504;0.08087347200000002;0.053720064;0.08754483199999999;0.087898112;0.038903808;0.045622272000000005;0.022957056;0.023877632;0.029892608;0.021013504000000002;0.019780608;0.020462592;0.036803584;0.030485503999999997;0.015310848;0.011684864;0.007977984;0.007677952;0.011804672;0.015112192000000002;0.010507263999999999;0.0076288;0.008881152;0.009921536;0.012281855999999999;0.014242815999999998;0.011291648000000001;0.008804352;0.005223424;0.006623232;0.006486016000000001;0.005480448000000001;0.005567488000000001;0.0051712;0.00427008;0.003530752;0.00272384;0.0026644480000000003;0.003203072;0.00374784;0.003478528;0.003088384;0.002569216;0.002847744;0.003516416;0.002505728;0.0021903359999999998
1775353500,hdr,0.0293;0.03906;0.04883;0.05859;0.06836;0.07813;0.08789;0.09766;0.10742;0.11719;0.12695;0.13672;0.14648;0.15625;0.16602;0.17578;0.18555;0.19531;0.20508;0.21484;0.22461;0.23438;0.24414;0.25391;0.26367;0.27344;0.2832;0.29297;0.30273;0.3125;0.32227;0.33203;0.3418;0.35156;0.36133;0.37109;0.38086;0.39063;0.40039;0.41016;0.41992;0.42969;0.43945;0.44922;0.45898;0.46875;0.47852;0.48828;0.49805;0.50781;0.51758;0.52734;0.53711;0.54688;0.55664;0.56641;0.57617;0.58594;0.5957;0.60547;0.61523;0.625;0.63477;0.64453;0.6543;0.66406;0.67383;0.68359;0.69336;0.70313;0.71289;0.72266;0.73242;0.74219;0.75195;0.76172;0.77148;0.78125;0.79102,0.0021207039999999997;0.0055808;0.005563392;0.005238784;0.0039700479999999995;0.007339008;0.011920384;0.039095295999999995;0.094125056;0.15160012800000003;0.139942912;0.230291456;0.239807488;0.210688;0.17655807999999998;0.20321792;0.21204377600000002;0.247264256;0.307529728;0.322209792;0.235511808;0.162244608;0.17731891200000002;0.144999424;0.122733568;0.10444902399999999;0.083170304;0.10377728;0.115767296;0.07750553600000001;0.055459839999999996;0.059768832;0.048848896;0.036882432;0.057263104;0.057302016000000004;0.04158464;0.048502784;0.03844608;0.04872704;0.03583180800000001;0.03264512;0.03838464;0.037366784;0.02578432;0.025577472;0.018945024;0.022081536;0.02408448;0.011966464;0.012674048;0.015744;0.01801216;0.009648128;0.011057152;0.012387328;0.00875008;0.005343232;0.006856704;0.009942016000000001;0.006136832;0.006440959999999999;0.007543808;0.006520832000000001;0.005007360000000001;0.00543744;0.005057536;0.004667392000000001;0.00400384;0.0032194560000000003;0.0023050239999999997;0.0027514880000000003;0.0043008000000000005;0.004030464;0.003249152;0.0014899199999999998;0.00187392;0.00200704;0.0028989440000000005
1775354400,hdr,0.0293;0.03906;0.04883;0.05859;0.06836;0.07813;0.08789;0.09766;0.10742;0.11719;0.12695;0.13672;0.14648;0.15625;0.16602;0.17578;0.18555;0.19531;0.20508;0.21484;0.22461;0.23438;0.24414;0.25391;0.26367;0.27344;0.2832;0.29297;0.30273;0.3125;0.32227;0.33203;0.3418;0.35156;0.36133;0.37109;0.38086;0.39063;0.40039;0.41016;0.41992;0.42969;0.43945;0.44922;0.45898;0.46875;0.47852;0.48828;0.49805;0.50781;0.51758;0.52734;0.53711;0.54688;0.55664;0.56641;0.57617;0.58594;0.5957;0.60547;0.61523;0.625;0.63477;0.64453;0.6543;0.66406;0.67383;0.68359;0.69336;0.70313;0.71289;0.72266;0.73242;0.74219;0.75195;0.76172;0.77148;0.78125;0.79102,0.0011417600000000001;0.004092928;0.010582016;0.014865408000000002;0.010748928;0.00784384;0.025217023999999998;0.052634624000000005;0.14567936;0.12937830400000003;0.268489728;0.26034892800000003;0.168233984;0.220706816;0.190476288;0.29949235199999996;0.353666048;0.323371008;0.26959872;0.178937856;0.213320704;0.205807616;0.100652032;0.115111936;0.152830976;0.173605888;0.141929472;0.09035161600000001;0.13001727999999999;0.14973849599999997;0.114398208;0.11623731200000001;0.06699622400000001;0.052847616;0.036453375999999996;0.037764096000000004;0.032663552000000005;0.037004288;0.04657561599999999;0.03237376;0.027873280000000004;0.027453440000000003;0.023168;0.015331328;0.021767168;0.028238848;0.02397184;0.019522559999999998;0.021105664;0.01694208;0.017154047999999998;0.016094208;0.012667904;0.008358912;0.008769536;0.010578944;0.011008;0.008113151999999998;0.004768768;0.0070123519999999995;0.006132736000000001;0.012730368;0.009637888;0.00600064;0.0066734080000000005;0.006909952;0.0060262399999999995;0.006202368;0.003831808;0.0033832960000000005;0.0038963199999999996;0.003241984;0.002092032;0.003779584;0.0030976;0.0035481600000000003;0.0037662719999999998;0.0024391680000000002;0.002405376
1775355300,hdr,0.0293;0.03906;0.04883;0.05859;0.06836;0.07813;0.08789;0.09766;0.10742;0.11719;0.12695;0.13672;0.14648;0.15625;0.16602;0.17578;0.18555;0.19531;0.20508;0.21484;0.22461;0.23438;0.24414;0.25391;0.26367;0.27344;0.2832;0.29297;0.30273;0.3125;0.32227;0.33203;0.3418;0.35156;0.36133;0.37109;0.38086;0.39063;0.40039;0.41016;0.41992;0.42969;0.43945;0.44922;0.45898;0.46875;0.47852;0.48828;0.49805;0.50781;0.51758;0.52734;0.53711;0.54688;0.55664;0.56641;0.57617;0.58594;0.5957;0.60547;0.61523;0.625;0.63477;0.64453;0.6543;0.66406;0.67383;0.68359;0.69336;0.70313;0.71289;0.72266;0.73242;0.74219;0.75195;0.76172;0.77148;0.78125;0.79102,0.00480768;0.009156608;0.010816511999999999;0.005552128;0.009554944000000001;0.01705984;0.028005375999999995;0.044161024;0.14691123200000003;0.345450496;0.43018239999999996;0.44285132800000004;0.32782950399999994;0.30564044799999995;0.25926041600000005;0.37361356799999995;0.312526848;0.170088448;0.28808089600000003;0.23084032;0.19696639999999999;0.21139353600000002;0.23438540800000002;0.21887488;0.243428352;0.20282163199999997;0.176442368;0.11218534399999999;0.100141056;0.10084864;0.095942656;0.078861312;0.08165990399999999;0.041095167999999994;0.04132864;0.04398387199999999;0.03520512;0.034087936;0.031505408;0.038120448;0.031949824;0.044875776000000006;0.04308992;0.026442752;0.023471104;0.019269632000000002;0.017661952;0.01217024;0.010195968000000001;0.012171264000000001;0.019070976000000003;0.015606784;0.013415423999999999;0.009445376;0.008463360000000001;0.010088448;0.009595904;0.0061409279999999995;0.007586816;0.008453120000000001;0.005954559999999999;0.009479168;0.006874112;0.005360640000000001;0.0069222400000000005;0.005383168000000001;0.005177344;0.0032819200000000002;0.00421888;0.004934656;0.0034672640000000003;0.005286912;0.0042936319999999995;0.004783103999999999;0.005123071999999999;0.0025364479999999997;0.0024309759999999996;0.003451904;0.0034754559999999996
1775356200,hdr,0.0293;0.03906;0.04883;0.05859;0.06836;0.07813;0.08789;0.09766;0.10742;0.11719;0.12695;0.13672;0.14648;0.15625;0.16602;0.17578;0.18555;0.19531;0.20508;0.21484;0.22461;0.23438;0.24414;0.25391;0.26367;0.27344;0.2832;0.29297;0.30273;0.3125;0.32227;0.33203;0.3418;0.35156;0.36133;0.37109;0.38086;0.39063;0.40039;0.41016;0.41992;0.42969;0.43945;0.44922;0.45898;0.46875;0.47852;0.48828;0.49805;0.50781;0.51758;0.52734;0.53711;0.54688;0.55664;0.56641;0.57617;0.58594;0.5957;0.60547;0.61523;0.625;0.63477;0.64453;0.6543;0.66406;0.67383;0.68359;0.69336;0.70313;0.71289;0.72266;0.73242;0.74219;0.75195;0.76172;0.77148;0.78125;0.79102,0.001581056;0.006107135999999999;0.009572352000000001;0.008168448;0.009295872;0.013257728000000002;0.031662079999999995;0.08183193600000001;0.19742822399999999;0.248409088;0.30846873599999997;0.452297728;0.48965324800000004;0.422511616;0.403908608;0.39917056;0.360507392;0.292842496;0.33929728000000003;0.27226624;0.22083584;0.20535296;0.1823488;0.197583872;0.21882368;0.15771136000000002;0.117607424;0.193711104;0.142129152;0.137099264;0.081951744;0.08133632;0.114910208;0.11820441599999999;0.084093952;0.048060415999999995;0.056020992;0.059300863999999995;0.056249344;0.047969279999999996;0.045917184;0.053614592;0.04177407999999999;0.025370624;0.022790144000000002;0.028352512000000003;0.016152576;0.019115008;0.019274752;0.022587392;0.020286464;0.013999104000000002;0.009684992;0.009211904;0.010652672;0.016089088;0.013541376;0.009638912;0.005336064000000001;0.007015424;0.008743935999999999;0.00875008;0.008937472;0.0060610559999999996;0.0047790079999999995;0.0058019840000000005;0.006254592;0.0052992;0.004190208000000001;0.00283648;0.002458624;0.002825216;0.003572736;0.0048609280000000005;0.00418816;0.0033105920000000002;0.002816;0.0034918399999999995;0.0029409279999999998
1775357100,hdr,0.0293;0.03906;0.04883;0.05859;0.06836;0.07813;0.08789;0.09766;0.10742;0.11719;0.12695;0.13672;0.14648;0.15625;0.16602;0.17578;0.18555;0.19531;0.20508;0.21484;0.22461;0.23438;0.24414;0.25391;0.26367;0.27344;0.2832;0.29297;0.30273;0.3125;0.32227;0.33203;0.3418;0.35156;0.36133;0.37109;0.38086;0.39063;0.40039;0.41016;0.41992;0.42969;0.43945;0.44922;0.45898;0.46875;0.47852;0.48828;0.49805;0.50781;0.51758;0.52734;0.53711;0.54688;0.55664;0.56641;0.57617;0.58594;0.5957;0.60547;0.61523;0.625;0.63477;0.64453;0.6543;0.66406;0.67383;0.68359;0.69336;0.70313;0.71289;0.72266;0.73242;0.74219;0.75195;0.76172;0.77148;0.78125;0.79102,0.004222976;0.015973376;0.011669503999999999;0.0100352;0.009710592;0.008048640000000001;0.024143872000000004;0.113968128;0.211926016;0.30014668799999994;0.5283143679999999;0.7722608639999999;0.522073088;0.37889638400000003;0.44622131200000004;0.45772185600000004;0.250263552;0.350884864;0.4592906239999999;0.474415104;0.182939648;0.16591872;0.225243136;0.19677696;0.24577638400000001;0.17025638399999998;0.221110272;0.121484288;0.117194752;0.13039616;0.13575679999999998;0.11859046399999999;0.06911897600000001;0.07671910400000001;0.07161344;0.056922112000000004;0.052706304;0.050134016;0.034041856;0.041136127999999994;0.045702144;0.03529728;0.033159167999999996;0.029760512;0.014960639999999999;0.012653567999999999;0.013855743999999998;0.022875136;0.022966272;0.017388544;0.01923584;0.017655808000000002;0.015670272000000002;0.013709312;0.016094208;0.013443072;0.01219584;0.009779199999999998;0.010115072;0.009037824;0.005283839999999999;0.0065617919999999995;0.005606399999999999;0.006388736;0.006831104;0.005547008;0.005917696;0.0047912960000000004;0.00301056;0.003270656;0.003163136;0.0036433919999999996;0.003844096;0.0024954879999999997;0.002158592;0.0013557760000000002;0.0013260799999999999;0.0024309759999999996;0.002896896
1775358000,hdr,0.0293;0.03906;0.04883;0.05859;0.06836;0.07813;0.08789;0.09766;0.10742;0.11719;0.12695;0.13672;0.14648;0.15625;0.16602;0.17578;0.18555;0.19531;0.20508;0.21484;0.22461;0.23438;0.24414;0.25391;0.26367;0.27344;0.2832;0.29297;0.30273;0.3125;0.32227;0.33203;0.3418;0.35156;0.36133;0.37109;0.38086;0.39063;0.40039;0.41016;0.41992;0.42969;0.43945;0.44922;0.45898;0.46875;0.47852;0.48828;0.49805;0.50781;0.51758;0.52734;0.53711;0.54688;0.55664;0.56641;0.57617;0.58594;0.5957;0.60547;0.61523;0.625;0.63477;0.64453;0.6543;0.66406;0.67383;0.68359;0.69336;0.70313;0.71289;0.72266;0.73242;0.74219;0.75195;0.76172;0.77148;0.78125;0.79102,0.004278272;0.005505024;0.015188992;0.016480256000000002;0.012699648;0.003991552;0.016987136;0.08730112;0.163024896;0.33299456;0.546280448;0.621594624;0.6141163519999999;0.5700454399999999;0.486411264;0.46463795199999997;0.369956864;0.32679936;0.28750848000000007;0.314148864;0.296004608;0.228927488;0.29467648;0.240989184;0.178939904;0.191192064;0.288902144;0.178817024;0.103150592;0.10548940799999999;0.117728256;0.10208768000000001;0.0712704;0.05760102400000001;0.07714201600000001;0.10324992;0.062238720000000004;0.049408;0.036558848;0.029238271999999996;0.034958336;0.023327743999999997;0.020917248;0.019794944;0.015956992;0.020922368;0.018098176;0.022290432000000002;0.021710847999999998;0.02344448;0.020037631999999996;0.011535360000000001;0.013872128000000001;0.014610432;0.013802496;0.009669632;0.010799103999999999;0.009542655999999998;0.005552128;0.006397952;0.0066682880000000005;0.00566784;0.004453375999999999;0.005042176000000001;0.005569536;0.004335616;0.003357696;0.0026808319999999997;0.0037877759999999996;0.004297728;0.0029593600000000003;0.0038092800000000004;0.0032839680000000004;0.0030914560000000002;0.00285184;0.002973696;0.003207168;0.002651136;0.0037468159999999996
1775358900,hdr,0.0293;0.03906;0.04883;0.05859;0.06836;0.07813;0.08789;0.09766;0.10742;0.11719;0.12695;0.13672;0.14648;0.15625;0.16602;0.17578;0.18555;0.19531;0.20508;0.21484;0.22461;0.23438;0.24414;0.25391;0.26367;0.27344;0.2832;0.29297;0.30273;0.3125;0.32227;0.33203;0.3418;0.35156;0.36133;0.37109;0.38086;0.39063;0.40039;0.41016;0.41992;0.42969;0.43945;0.44922;0.45898;0.46875;0.47852;0.48828;0.49805;0.50781;0.51758;0.52734;0.53711;0.54688;0.55664;0.56641;0.57617;0.58594;0.5957;0.60547;0.61523;0.625;0.63477;0.64453;0.6543;0.66406;0.67383;0.68359;0.69336;0.70313;0.71289;0.72266;0.73242;0.74219;0.75195;0.76172;0.77148;0.78125;0.79102,0.006781952;0.005262336;0.008937472;0.006030336;0.0064296959999999995;0.013544447999999999;0.032805888000000005;0.070746112;0.1956352;0.619572224;0.595204096;0.59623424;0.738656256;0.552742912;0.442350592;0.44179353600000004;0.36971519999999997;0.546146304;0.487643136;0.331357184;0.390664192;0.28461056;0.171841536;0.14438707199999998;0.243227648;0.21813862399999998;0.226729984;0.20844032;0.18888192;0.13574963199999998;0.110635008;0.13126963200000002;0.11177369599999999;0.108177408;0.12160819199999999;0.0593664;0.04474368;0.047181824;0.03524096;0.041223168;0.038693887999999996;0.025033727999999998;0.039549952;0.03582464;0.027651072;0.021776384000000003;0.02248704;0.023053312;0.016920576;0.009225216;0.007990272;0.011044864;0.013314047999999998;0.011397119999999998;0.011476991999999998;0.013700096;0.014452735999999999;0.011041792;0.007465983999999999;0.00433152;0.005269504000000001;0.004959232;0.005467136;0.00559104;0.004096;0.003649536;0.00543232;0.005910528;0.004652032;0.003412992;0.0025978880000000005;0.003222528;0.00303104;0.0025200640000000002;0.0019886079999999998;0.002605056;0.002689024;0.002195456;0.00154624
1775359800,hdr,0.0293;0.03906;0.04883;0.05859;0.06836;0.07813;0.08789;0.09766;0.10742;0.11719;0.12695;0.13672;0.14648;0.15625;0.16602;0.17578;0.18555;0.19531;0.20508;0.21484;0.22461;0.23438;0.24414;0.25391;0.26367;0.27344;0.2832;0.29297;0.30273;0.3125;0.32227;0.33203;0.3418;0.35156;0.36133;0.37109;0.38086;0.39063;0.40039;0.41016;0.41992;0.42969;0.43945;0.44922;0.45898;0.46875;0.47852;0.48828;0.49805;0.50781;0.51758;0.52734;0.53711;0.54688;0.55664;0.56641;0.57617;0.58594;0.5957;0.60547;0.61523;0.625;0.63477;0.64453;0.6543;0.66406;0.67383;0.68359;0.69336;0.70313;0.71289;0.72266;0.73242;0.74219;0.75195;0.76172;0.77148;0.78125;0.79102,0.012732416000000002;0.0133632;0.011776;0.016053248;0.011513856;0.015913984;0.033086464;0.065476608;0.11322982399999999;0.379199488;0.724519936;0.79872512;0.507659264;0.421849088;0.45402316800000003;0.587491328;0.536480768;0.357311488;0.26463846399999996;0.30900224;0.272305152;0.23634636800000003;0.19344076799999999;0.21064806400000002;0.176176128;0.16025088;0.190311424;0.17927680000000001;0.19850752;0.097721344;0.09179648;0.093293568;0.106923008;0.100196352;0.0928;0.07644159999999998;0.052972544;0.034904064;0.035423232;0.040373248;0.033148928;0.023568383999999998;0.030195712;0.035724288;0.025431040000000002;0.030339072;0.031327231999999997;0.020835328;0.015830016;0.014447616;0.012167167999999999;0.014142464;0.02000896;0.009966592;0.012772351999999999;0.013018112000000002;0.0081408;0.009403392;0.012048384;0.0079616;0.003957759999999999;0.0059391999999999995;0.007662591999999999;0.0063150079999999996;0.0055060479999999995;0.007187456;0.006829056;0.003362816;0.004194304;0.00362496;0.003535872;0.004412416;0.00254464;0.001513472;0.0018411519999999998;0.00281088;0.00237056;0.001934336;0.00180224
1775360700,hdr,0.0293;0.03906;0.04883;0.05859;0.06836;0.07813;0.08789;0.09766;0.10742;0.11719;0.12695;0.13672;0.14648;0.15625;0.16602;0.17578;0.18555;0.19531;0.20508;0.21484;0.22461;0.23438;0.24414;0.25391;0.26367;0.27344;0.2832;0.29297;0.30273;0.3125;0.32227;0.33203;0.3418;0.35156;0.36133;0.37109;0.38086;0.39063;0.40039;0.41016;0.41992;0.42969;0.43945;0.44922;0.45898;0.46875;0.47852;0.48828;0.49805;0.50781;0.51758;0.52734;0.53711;0.54688;0.55664;0.56641;0.57617;0.58594;0.5957;0.60547;0.61523;0.625;0.63477;0.64453;0.6543;0.66406;0.67383;0.68359;0.69336;0.70313;0.71289;0.72266;0.73242;0.74219;0.75195;0.76172;0.77148;0.78125;0.79102,0.011472896;0.021317632000000003;0.027277311999999998;0.018282496;0.013449216;0.013570048000000001;0.032874495999999996;0.11273215999999998;0.334077952;0.58319872;0.871315456;1.412292608;1.3541355519999998;1.107396608;0.46753792;0.267384832;0.40712191999999997;0.487268352;0.348786688;0.250042368;0.22834585599999999;0.232769536;0.16032563200000002;0.11805081599999999;0.26228735999999997;0.255629312;0.17668096;0.161257472;0.15413248;0.114407424;0.085204992;0.072290304;0.095674368;0.105216;0.060430335999999994;0.049594368;0.045002752;0.053256191999999994;0.062713856;0.05774336;0.04531609600000001;0.039391232000000005;0.034594816;0.028207104;0.026544128;0.013549568000000001;0.014460928;0.0192;0.015196160000000002;0.01585152;0.019574784;0.014118912;0.011491328;0.011677696;0.007815167999999999;0.007942144;0.011331583999999999;0.008282112;0.0077639679999999996;0.008990719999999999;0.006449152;0.0060887039999999995;0.008370176000000002;0.00545792;0.003555328;0.004450304;0.00603136;0.00536576;0.005183487999999999;0.005199872;0.004665344;0.003323904;0.002729984;0.0037683200000000003;0.0034406400000000005;0.0028692479999999996;0.0019230719999999998;0.0018800639999999999;0.002547712
1775361600,hdr,0.0293;0.03906;0.04883;0.05859;0.06836;0.07813;0.08789;0.09766;0.10742;0.11719;0.12695;0.13672;0.14648;0.15625;0.16602;0.17578;0.18555;0.19531;0.20508;0.21484;0.22461;0.23438;0.24414;0.25391;0.26367;0.27344;0.2832;0.29297;0.30273;0.3125;0.32227;0.33203;0.3418;0.35156;0.36133;0.37109;0.38086;0.39063;0.40039;0.41016;0.41992;0.42969;0.43945;0.44922;0.45898;0.46875;0.47852;0.48828;0.49805;0.50781;0.51758;0.52734;0.53711;0.54688;0.55664;0.56641;0.57617;0.58594;0.5957;0.60547;0.61523;0.625;0.63477;0.64453;0.6543;0.66406;0.67383;0.68359;0.69336;0.70313;0.71289;0.72266;0.73242;0.74219;0.75195;0.76172;0.77148;0.78125;0.79102,0.015544320000000002;0.035426304000000006;0.035078144;0.017657856;0.012972032000000001;0.0155136;0.041670656;0.14122393600000002;0.208400384;0.387196928;0.5591265280000001;0.748398592;1.237753856;0.801302528;0.522309632;0.36698112;0.41475891200000004;0.253929472;0.21685248000000001;0.297887744;0.267577344;0.24594022399999999;0.17354137600000002;0.151621632;0.132120576;0.11374182399999999;0.089337856;0.08936038399999999;0.09293619200000001;0.10054656;0.09205555200000001;0.073648128;0.071370752;0.065792;0.055042048;0.041826304;0.056526848;0.091799552;0.05344256;0.03170304;0.031834112;0.024825856000000004;0.036524032;0.0300032;0.021598207999999997;0.019064831999999997;0.025219072;0.024883199999999998;0.026038272;0.018036736;0.011902976000000001;0.017471488;0.01764352;0.012812288;0.010268672000000001;0.0077987840000000004;0.009936896;0.012328960000000002;0.0071167999999999995;0.005842944;0.0062279679999999995;0.004765696;0.007890944;0.005466112;0.0055705600000000004;0.00560128;0.005287936000000001;0.00544768;0.003805184;0.00232448;0.003483648;0.0036270079999999997;0.0027095039999999997;0.0032133120000000003;0.002961408;0.002084864;0.0021504000000000002;0.0020910079999999997;0.0022097920000000004
1775362500,hdr,0.0293;0.03906;0.04883;0.05859;0.06836;0.07813;0.08789;0.09766;0.10742;0.11719;0.12695;0.13672;0.14648;0.15625;0.16602;0.17578;0.18555;0.19531;0.20508;0.21484;0.22461;0.23438;0.24414;0.25391;0.26367;0.27344;0.2832;0.29297;0.30273;0.3125;0.32227;0.33203;0.3418;0.35156;0.36133;0.37109;0.38086;0.39063;0.40039;0.41016;0.41992;0.42969;0.43945;0.44922;0.45898;0.46875;0.47852;0.48828;0.49805;0.50781;0.51758;0.52734;0.53711;0.54688;0.55664;0.56641;0.57617;0.58594;0.5957;0.60547;0.61523;0.625;0.63477;0.64453;0.6543;0.66406;0.67383;0.68359;0.69336;0.70313;0.71289;0.72266;0.73242;0.74219;0.75195;0.76172;0.77148;0.78125;0.79102,0.01211392;0.027408384;0.024803328000000003;0.015478783999999999;0.014655488;0.011890688;0.015413248;0.07067238399999999;0.270106624;0.554549248;0.940750848;1.075494912;0.89311232;0.535527424;0.44805120000000004;0.3853312;0.316002304;0.286255104;0.261496832;0.22352896000000003;0.27488460800000003;0.250503168;0.251373568;0.285640704;0.22476390400000001;0.17103462400000002;0.146610176;0.14817894399999998;0.146737152;0.130138112;0.070612992;0.05530009600000001;0.04841472;0.052963328;0.086347776;0.055699456;0.04061593599999999;0.043548672000000004;0.04625408;0.039213056;0.031870975999999995;0.026054656000000002;0.026898432;0.025305088;0.026652672;0.022020096;0.016132096000000002;0.017319935999999998;0.017969152000000002;0.015888384;0.017190912;0.016855039999999998;0.01593344;0.017389567999999998;0.017453056;0.007653375999999999;0.010532864;0.014606336000000001;0.015063040000000001;0.010524672;0.005912576;0.006912;0.008335359999999998;0.006406144;0.00690176;0.00996352;0.011186175999999999;0.006385664000000001;0.003567616;0.0035287039999999997;0.004073472;0.003325952;0.0035368960000000003;0.0044052480000000005;0.0027811840000000003;0.002920448;0.003069952;0.002535424;0.002158592
1775363400,hdr,0.0293;0.03906;0.04883;0.05859;0.06836;0.07813;0.08789;0.09766;0.10742;0.11719;0.12695;0.13672;0.14648;0.15625;0.16602;0.17578;0.18555;0.19531;0.20508;0.21484;0.22461;0.23438;0.24414;0.25391;0.26367;0.27344;0.2832;0.29297;0.30273;0.3125;0.32227;0.33203;0.3418;0.35156;0.36133;0.37109;0.38086;0.39063;0.40039;0.41016;0.41992;0.42969;0.43945;0.44922;0.45898;0.46875;0.47852;0.48828;0.49805;0.50781;0.51758;0.52734;0.53711;0.54688;0.55664;0.56641;0.57617;0.58594;0.5957;0.60547;0.61523;0.625;0.63477;0.64453;0.6543;0.66406;0.67383;0.68359;0.69336;0.70313;0.71289;0.72266;0.73242;0.74219;0.75195;0.76172;0.77148;0.78125;0.79102,0.016953344000000002;0.024305664;0.022532095999999998;0.0197376;0.010882047999999998;0.011609088;0.035195904;0.10080768000000001;0.163807232;0.517784576;0.972803072;0.99011072;0.665703424;0.792039424;0.47460863999999997;0.32041267199999995;0.262268928;0.199819264;0.21302784;0.24804864000000001;0.15713792000000001;0.15122432;0.10453504;0.12928;0.128211968;0.11415347199999999;0.11112652799999999;0.07980646400000001;0.08968396799999999;0.067326976;0.055061504000000004;0.059937792000000004;0.065328128;0.051932160000000005;0.05252812800000001;0.05991731200000001;0.062458879999999994;0.053298176;0.04692992000000001;0.045692928;0.03243008;0.027957248;0.020978688;0.015788032;0.020609024;0.023740416;0.013350911999999998;0.014063616;0.017460224000000003;0.013097984;0.009549823999999998;0.013361152;0.012612608;0.007836672000000001;0.008528896;0.011175936;0.006355968;0.0054784;0.005219328;0.0058521599999999995;0.007307264;0.009435136;0.007780352;0.005932032;0.004877312;0.003972096;0.006816768;0.00860672;0.005434368;0.004404224;0.0042035200000000005;0.0021606399999999997;0.002748416;0.00326656;0.0030207999999999997;0.002070528;0.001998848;0.0014653440000000002;0.002973696
1775364300,hdr,0.0293;0.03906;0.04883;0.05859;0.06836;0.07813;0.08789;0.09766;0.10742;0.11719;0.12695;0.13672;0.14648;0.15625;0.16602;0.17578;0.18555;0.19531;0.20508;0.21484;0.22461;0.23438;0.24414;0.25391;0.26367;0.27344;0.2832;0.29297;0.30273;0.3125;0.32227;0.33203;0.3418;0.35156;0.36133;0.37109;0.38086;0.39063;0.40039;0.41016;0.41992;0.42969;0.43945;0.44922;0.45898;0.46875;0.47852;0.48828;0.49805;0.50781;0.51758;0.52734;0.53711;0.54688;0.55664;0.56641;0.57617;0.58594;0.5957;0.60547;0.61523;0.625;0.63477;0.64453;0.6543;0.66406;0.67383;0.68359;0.69336;0.70313;0.71289;0.72266;0.73242;0.74219;0.75195;0.76172;0.77148;0.78125;0.79102,0.005912576;0.01697792;0.01769472;0.017057792;0.014825472;0.011071488;0.026525696;0.07016038399999999;0.191485952;0.393500672;0.834629632;1.061963776;0.790444032;0.327872512;0.352827392;0.33199923200000003;0.191248384;0.215873536;0.229844992;0.23033856;0.205780992;0.15745024000000002;0.14347264;0.15885516800000002;0.17496268800000003;0.195899392;0.17571225599999998;0.14186495999999998;0.1187328;0.10955980800000001;0.106928128;0.065529856;0.064729088;0.05213184;0.054411264;0.059701248;0.062324736000000006;0.046229504;0.037130239999999995;0.024754176;0.027756544;0.025544703999999998;0.020688896000000002;0.016117760000000002;0.025350144;0.023621632;0.016080895999999997;0.016836607999999996;0.021174271999999997;0.012300288000000001;0.0111104;0.015486976000000001;0.015589376;0.01083392;0.009926655999999999;0.011278336;0.008656895999999999;0.00907264;0.010412032;0.008943616;0.004950016;0.004907008;0.004247552;0.005031936;0.006164480000000001;0.006289408;0.005083135999999999;0.005597184;0.004470783999999999;0.004061184;0.004384768;0.0029757440000000002;0.002363392;0.0026644480000000003;0.002215936;0.0020418560000000003;0.001931264;0.00263168;0.002981888
1775365200,hdr,0.0293;0.03906;0.04883;0.05859;0.06836;0.07813;0.08789;0.09766;0.10742;0.11719;0.12695;0.13672;0.14648;0.15625;0.16602;0.17578;0.18555;0.19531;0.20508;0.21484;0.22461;0.23438;0.24414;0.25391;0.26367;0.27344;0.2832;0.29297;0.30273;0.3125;0.32227;0.33203;0.3418;0.35156;0.36133;0.37109;0.38086;0.39063;0.40039;0.41016;0.41992;0.42969;0.43945;0.44922;0.45898;0.46875;0.47852;0.48828;0.49805;0.50781;0.51758;0.52734;0.53711;0.54688;0.55664;0.56641;0.57617;0.58594;0.5957;0.60547;0.61523;0.625;0.63477;0.64453;0.6543;0.66406;0.67383;0.68359;0.69336;0.70313;0.71289;0.72266;0.73242;0.74219;0.75195;0.76172;0.77148;0.78125;0.79102,0.009842688;0.012529664000000001;0.009109504;0.01252352;0.014389248;0.023054335999999998;0.036253695999999995;0.062539776;0.23043072;0.5792440319999999;1.163454464;1.118611456;0.970522624;0.6242938880000001;0.348573696;0.328472576;0.27102822400000004;0.23409868800000003;0.18441420800000002;0.158744576;0.19876864000000002;0.18498150400000002;0.21801984;0.236476416;0.22105497600000001;0.165974016;0.15488;0.179757056;0.1765888;0.1293312;0.092903424;0.073392128;0.065916928;0.090785792;0.063043584;0.044779519999999996;0.042033152000000004;0.05322751999999999;0.056459263999999995;0.036861952;0.03470336;0.02395136;0.022290432000000002;0.031121408;0.028434432;0.01941504;0.024543232;0.0240128;0.013481984;0.015151103999999999;0.014229504;0.016283647999999998;0.019703807999999996;0.01598464;0.008929280000000001;0.011800575999999998;0.020291583999999998;0.016103424;0.010878976;0.00973824;0.00812032;0.005822464;0.00720896;0.005343232;0.00567296;0.006596608;0.004685824000000001;0.003948544;0.004802559999999999;0.005933056;0.004732928;0.004077568;0.003119104;0.00318464;0.0035368960000000003;0.003416064;0.0028753920000000005;0.00169984;0.002000896
1775366100,hdr,0.0293;0.03906;0.04883;0.05859;0.06836;0.07813;0.08789;0.09766;0.10742;0.11719;0.12695;0.13672;0.14648;0.15625;0.16602;0.17578;0.18555;0.19531;0.20508;0.21484;0.22461;0.23438;0.24414;0.25391;0.26367;0.27344;0.2832;0.29297;0.30273;0.3125;0.32227;0.33203;0.3418;0.35156;0.36133;0.37109;0.38086;0.39063;0.40039;0.41016;0.41992;0.42969;0.43945;0.44922;0.45898;0.46875;0.47852;0.48828;0.49805;0.50781;0.51758;0.52734;0.53711;0.54688;0.55664;0.56641;0.57617;0.58594;0.5957;0.60547;0.61523;0.625;0.63477;0.64453;0.6543;0.66406;0.67383;0.68359;0.69336;0.70313;0.71289;0.72266;0.73242;0.74219;0.75195;0.76172;0.77148;0.78125;0.79102,0.012998656;0.025957376;0.025326592000000002;0.025897984;0.014268416;0.015727616;0.034111488;0.077923328;0.14505984;0.306441216;0.464290816;0.988904448;1.017660416;0.502076416;0.44727705600000006;0.372297728;0.259509248;0.19596390400000002;0.25919385599999994;0.20227379199999998;0.14666752;0.20043366399999998;0.127935488;0.23826432;0.23447654399999998;0.160741376;0.111220736;0.12114431999999999;0.128520192;0.11184128;0.08973619199999999;0.094012416;0.08179916799999999;0.05295104;0.057988095999999996;0.053987328;0.054381568;0.048212991999999996;0.032495616;0.040986624;0.035910656000000006;0.023503872000000002;0.026979327999999997;0.027030528;0.02399232;0.020918272;0.019887104;0.015574016;0.015089664000000001;0.010501120000000001;0.016642048;0.016954367999999997;0.01855488;0.011659264;0.00809472;0.012945408000000002;0.010227712;0.007926784;0.009986048;0.014430208;0.011184127999999998;0.011314175999999999;0.00915968;0.006909952;0.006144;0.005377023999999999;0.003535872;0.007079935999999999;0.006600704000000001;0.003277824;0.002661376;0.0037611520000000002;0.003485696;0.002599936;0.002419712;0.003459072;0.003483648;0.00299008;0.0029173759999999997
1775367000,hdr,0.0293;0.03906;0.04883;0.05859;0.06836;0.07813;0.08789;0.09766;0.10742;0.11719;0.12695;0.13672;0.14648;0.15625;0.16602;0.17578;0.18555;0.19531;0.20508;0.21484;0.22461;0.23438;0.24414;0.25391;0.26367;0.27344;0.2832;0.29297;0.30273;0.3125;0.32227;0.33203;0.3418;0.35156;0.36133;0.37109;0.38086;0.39063;0.40039;0.41016;0.41992;0.42969;0.43945;0.44922;0.45898;0.46875;0.47852;0.48828;0.49805;0.50781;0.51758;0.52734;0.53711;0.54688;0.55664;0.56641;0.57617;0.58594;0.5957;0.60547;0.61523;0.625;0.63477;0.64453;0.6543;0.66406;0.67383;0.68359;0.69336;0.70313;0.71289;0.72266;0.73242;0.74219;0.75195;0.76172;0.77148;0.78125;0.79102,0.010950656000000001;0.013735935999999999;0.02230784;0.013920255999999999;0.009355263999999999;0.012092416;0.033564672;0.04501913600000001;0.085496832;0.37313535999999997;0.851156992;0.7292067839999999;0.714364928;0.6448926719999999;0.57437696;0.458545152;0.29513216;0.18400256;0.17283584;0.23863808;0.18578124799999998;0.18494566399999998;0.221330432;0.227746816;0.238373888;0.254944256;0.146388992;0.09396940799999999;0.133597184;0.08041369599999999;0.06250291200000001;0.083936256;0.071716864;0.0517888;0.055881728000000006;0.04444876800000001;0.050837504;0.034608128;0.036655104;0.040759296;0.045938688000000005;0.045181952000000004;0.039029760000000004;0.024689664;0.016746496;0.014412800000000002;0.02414592;0.015137791999999999;0.019062784;0.025327615999999997;0.013227008;0.012228608;0.009582592000000001;0.012866559999999999;0.018250751999999995;0.011437056000000001;0.00776704;0.008203264000000002;0.009675776000000002;0.009170944000000002;0.005096447999999999;0.006414336;0.006150144000000001;0.006411264;0.006588415999999999;0.003263488;0.004459520000000001;0.00417792;0.005387264;0.005551103999999999;0.0045056;0.004057088;0.003311616;0.003054592;0.00271872;0.0028303359999999997;0.002138112;0.003065856;0.004609024
1775367900,hdr,0.0293;0.03906;0.04883;0.05859;0.06836;0.07813;0.08789;0.09766;0.10742;0.11719;0.12695;0.13672;0.14648;0.15625;0.16602;0.17578;0.18555;0.19531;0.20508;0.21484;0.22461;0.23438;0.24414;0.25391;0.26367;0.27344;0.2832;0.29297;0.30273;0.3125;0.32227;0.33203;0.3418;0.35156;0.36133;0.37109;0.38086;0.39063;0.40039;0.41016;0.41992;0.42969;0.43945;0.44922;0.45898;0.46875;0.47852;0.48828;0.49805;0.50781;0.51758;0.52734;0.53711;0.54688;0.55664;0.56641;0.57617;0.58594;0.5957;0.60547;0.61523;0.625;0.63477;0.64453;0.6543;0.66406;0.67383;0.68359;0.69336;0.70313;0.71289;0.72266;0.73242;0.74219;0.75195;0.76172;0.77148;0.78125;0.79102,0.005471232;0.013699072;0.012140544;0.011799552;0.013072384;0.006959104000000001;0.0244736;0.096316416;0.115878912;0.30743449600000006;0.9130803200000001;0.9682298879999999;0.566547456;0.687736832;0.367246336;0.28645580800000003;0.30994534399999996;0.31799295999999994;0.24283136;0.19263180800000002;0.21856051199999998;0.310534144;0.25362944;0.133029888;0.09255936000000001;0.130558976;0.152353792;0.153211904;0.088639488;0.11164774400000001;0.150503424;0.076504064;0.057292800000000005;0.07024435200000001;0.04232192;0.058805248;0.040868864000000005;0.038614015999999994;0.038089728;0.039268352;0.031973376;0.0261632;0.03032064;0.022544384;0.021388288000000002;0.024393728;0.035544064;0.018075648;0.013051904;0.011185152;0.009141248;0.009242624;0.012229631999999999;0.011147263999999999;0.012171264000000001;0.009824256;0.010774528;0.00784384;0.008629247999999999;0.006070272;0.005031936;0.00547328;0.007524352000000001;0.0084224;0.005773312;0.007614464;0.005984256;0.0042434560000000005;0.003263488;0.005399551999999999;0.00416256;0.003957759999999999;0.002824192;0.002852864;0.002993152;0.002646016;0.0018237440000000002;0.00190976;0.0020736
1775368800,hdr,0.0293;0.03906;0.04883;0.05859;0.06836;0.07813;0.08789;0.09766;0.10742;0.11719;0.12695;0.13672;0.14648;0.15625;0.16602;0.17578;0.18555;0.19531;0.20508;0.21484;0.22461;0.23438;0.24414;0.25391;0.26367;0.27344;0.2832;0.29297;0.30273;0.3125;0.32227;0.33203;0.3418;0.35156;0.36133;0.37109;0.38086;0.39063;0.40039;0.41016;0.41992;0.42969;0.43945;0.44922;0.45898;0.46875;0.47852;0.48828;0.49805;0.50781;0.51758;0.52734;0.53711;0.54688;0.55664;0.56641;0.57617;0.58594;0.5957;0.60547;0.61523;0.625;0.63477;0.64453;0.6543;0.66406;0.67383;0.68359;0.69336;0.70313;0.71289;0.72266;0.73242;0.74219;0.75195;0.76172;0.77148;0.78125;0.79102,0.004617216;0.005071872000000001;0.012349439999999998;0.008807424;0.017947648;0.014365696;0.014609407999999999;0.049393664000000004;0.12740095999999998;0.306228224;0.5282304;0.664211456;0.749882368;0.508873728;0.518588416;0.44802559999999997;0.22781747200000002;0.326577152;0.411767808;0.26137088;0.210760704;0.19362816;0.23523532800000002;0.22714879999999998;0.23382937599999998;0.199155712;0.136194048;0.127639552;0.156324864;0.17071718400000002;0.123168768;0.129743872;0.107392;0.076126208;0.05760716800000001;0.0611584;0.044289023999999996;0.048220160000000005;0.048162816;0.0468224;0.041655296;0.035951616;0.031517696;0.021310464;0.031725568;0.028823552;0.021502976;0.019447807999999997;0.018376704;0.017782784;0.012260351999999999;0.013771776;0.012233728;0.013437952;0.012959744;0.013862912;0.008767487999999999;0.011701248;0.01077248;0.007636992;0.007293952;0.007816192;0.007174144;0.006381567999999999;0.0049408;0.004939776;0.005025792;0.0046295039999999996;0.0035471359999999998;0.001878016;0.0027883520000000005;0.0034416639999999997;0.003470336;0.004412416;0.003529728;0.0015431680000000001;0.001430528;0.002180096;0.0026347520000000006
1775369700,hdr,0.0293;0.03906;0.04883;0.05859;0.06836;0.07813;0.08789;0.09766;0.10742;0.11719;0.12695;0.13672;0.14648;0.15625;0.16602;0.17578;0.18555;0.19531;0.20508;0.21484;0.22461;0.23438;0.24414;0.25391;0.26367;0.27344;0.2832;0.29297;0.30273;0.3125;0.32227;0.33203;0.3418;0.35156;0.36133;0.37109;0.38086;0.39063;0.40039;0.41016;0.41992;0.42969;0.43945;0.44922;0.45898;0.46875;0.47852;0.48828;0.49805;0.50781;0.51758;0.52734;0.53711;0.54688;0.55664;0.56641;0.57617;0.58594;0.5957;0.60547;0.61523;0.625;0.63477;0.64453;0.6543;0.66406;0.67383;0.68359;0.69336;0.70313;0.71289;0.72266;0.73242;0.74219;0.75195;0.76172;0.77148;0.78125;0.79102,0.0073216;0.014757887999999999;0.017825792;0.016995328;0.012874752;0.010747904;0.03615436799999999;0.06830591999999999;0.126600192;0.414875648;0.7191111680000001;0.573715456;0.701241344;0.8925603839999999;0.39919820800000005;0.287461376;0.244134912;0.29529907200000005;0.303849472;0.253954048;0.311113728;0.266600448;0.323468288;0.258746368;0.179045376;0.278981632;0.243120128;0.1569024;0.1160192;0.07136358400000001;0.111741952;0.11327897599999999;0.07827148800000001;0.072119296;0.06452224;0.063419392;0.071003136;0.0436736;0.027131904;0.027764736;0.037106688;0.027802624;0.03844710400000001;0.029483008;0.02871296;0.02048;0.021296128;0.019214336;0.007959552;0.016176127999999998;0.016777216;0.010190848;0.011682816;0.01061888;0.009614336;0.009840640000000001;0.009376768;0.006631424;0.0070471679999999995;0.006898688;0.008602624;0.009038848;0.006968320000000001;0.008630272;0.009018368;0.006114304;0.0045056;0.0058890240000000005;0.0048609280000000005;0.005112832;0.005359616;0.004552704;0.003195904;0.004082688;0.003365888;0.00306176;0.0025180159999999997;0.0018575360000000001;0.0024924160000000003
1775370600,hdr,0.0293;0.03906;0.04883;0.05859;0.06836;0.07813;0.08789;0.09766;0.10742;0.11719;0.12695;0.13672;0.14648;0.15625;0.16602;0.17578;0.18555;0.19531;0.20508;0.21484;0.22461;0.23438;0.24414;0.25391;0.26367;0.27344;0.2832;0.29297;0.30273;0.3125;0.32227;0.33203;0.3418;0.35156;0.36133;0.37109;0.38086;0.39063;0.40039;0.41016;0.41992;0.42969;0.43945;0.44922;0.45898;0.46875;0.47852;0.48828;0.49805;0.50781;0.51758;0.52734;0.53711;0.54688;0.55664;0.56641;0.57617;0.58594;0.5957;0.60547;0.61523;0.625;0.63477;0.64453;0.6543;0.66406;0.67383;0.68359;0.69336;0.70313;0.71289;0.72266;0.73242;0.74219;0.75195;0.76172;0.77148;0.78125;0.79102,0.005099520000000001;0.011436032;0.012843008;0.012384256000000001;0.007122944000000001;0.007199744;0.023474176;0.052584448000000006;0.149235712;0.265691136;0.549177344;0.826633216;0.6886389759999999;0.681575424;0.745905152;0.47561011200000003;0.299639808;0.256505856;0.268990464;0.32487424;0.34181120000000004;0.33524736;0.3310848;0.236880896;0.25193676800000003;0.22237695999999998;0.17605632000000002;0.12573695999999998;0.128387072;0.10045644799999999;0.07504281600000001;0.09803468800000001;0.114428928;0.080390144;0.07145574399999999;0.07535616;0.061306879999999994;0.045949952;0.041156608;0.046426112;0.02606592;0.041603072;0.048684032;0.036409343999999996;0.036563968;0.034197504000000004;0.025280512;0.021229568;0.018353152;0.025373696;0.021035008;0.008638464;0.011764736;0.014707712000000001;0.013441024000000001;0.01116672;0.011020288;0.012915712;0.013394944;0.011836415999999999;0.008781824;0.004066304;0.00280064;0.003516416;0.00433152;0.004708352;0.004329472;0.003786752;0.003853312;0.004483072;0.004342784;0.003957759999999999;0.003408896;0.00387072;0.0026419199999999994;0.0027791359999999998;0.002679808;0.003306496;0.0031324160000000003
1775371500,hdr,0.0293;0.03906;0.04883;0.05859;0.06836;0.07813;0.08789;0.09766;0.10742;0.11719;0.12695;0.13672;0.14648;0.15625;0.16602;0.17578;0.18555;0.19531;0.20508;0.21484;0.22461;0.23438;0.24414;0.25391;0.26367;0.27344;0.2832;0.29297;0.30273;0.3125;0.32227;0.33203;0.3418;0.35156;0.36133;0.37109;0.38086;0.39063;0.40039;0.41016;0.41992;0.42969;0.43945;0.44922;0.45898;0.46875;0.47852;0.48828;0.49805;0.50781;0.51758;0.52734;0.53711;0.54688;0.55664;0.56641;0.57617;0.58594;0.5957;0.60547;0.61523;0.625;0.63477;0.64453;0.6543;0.66406;0.67383;0.68359;0.69336;0.70313;0.71289;0.72266;0.73242;0.74219;0.75195;0.76172;0.77148;0.78125;0.79102,0.004687871999999999;0.014448639999999999;0.02630656;0.01531392;0.014722048;0.011697152;0.021044223999999997;0.061575168;0.145733632;0.432669696;0.682279936;0.5933271039999999;0.597571584;0.552795136;0.684837888;0.575212544;0.371724288;0.361573376;0.28144844799999996;0.20834406400000002;0.265184256;0.28141568;0.30621081600000005;0.343068672;0.31266304000000006;0.155039744;0.150258688;0.14018662399999998;0.08749772799999998;0.133430272;0.115955712;0.12464025599999999;0.10567372800000001;0.07950336;0.052241408;0.061811712;0.053500928;0.044734464;0.027924479999999998;0.028279808;0.034204672;0.03838873600000001;0.039330816;0.02660864;0.021124096000000002;0.034285568;0.025120768;0.020192256000000002;0.022450176;0.022112255999999997;0.02230272;0.020653056;0.015799296;0.014674943999999999;0.017954816000000002;0.015511552;0.010807296;0.00812032;0.008091648;0.012822528;0.011635712;0.006734848;0.006510592;0.0046694399999999995;0.004707328;0.004046848;0.0037601279999999997;0.005101568;0.003550208;0.002944;0.003798016;0.003434496;0.001783808;0.0027586560000000004;0.003351552;0.0027310080000000005;0.0027115520000000003;0.00311808;0.004834304
1775372400,hdr,0.0293;0.03906;0.04883;0.05859;0.06836;0.07813;0.08789;0.09766;0.10742;0.11719;0.12695;0.13672;0.14648;0.15625;0.16602;0.17578;0.18555;0.19531;0.20508;0.21484;0.22461;0.23438;0.24414;0.25391;0.26367;0.27344;0.2832;0.29297;0.30273;0.3125;0.32227;0.33203;0.3418;0.35156;0.36133;0.37109;0.38086;0.39063;0.40039;0.41016;0.41992;0.42969;0.43945;0.44922;0.45898;0.46875;0.47852;0.48828;0.49805;0.50781;0.51758;0.52734;0.53711;0.54688;0.55664;0.56641;0.57617;0.58594;0.5957;0.60547;0.61523;0.625;0.63477;0.64453;0.6543;0.66406;0.67383;0.68359;0.69336;0.70313;0.71289;0.72266;0.73242;0.74219;0.75195;0.76172;0.77148;0.78125;0.79102,0.00493056;0.017458176000000002;0.02317824;0.013441024000000001;0.010796032;0.009535488000000002;0.014211072;0.09354752000000001;0.224625664;0.270621696;0.30172671999999995;0.36210790400000004;0.33359872;0.368034816;0.5261772800000001;0.494062592;0.36846387199999997;0.31037439999999994;0.22778982400000003;0.249396224;0.303082496;0.28989849600000006;0.251986944;0.171706368;0.17753702400000002;0.195664896;0.16551833600000002;0.161944576;0.109119488;0.130041856;0.144311296;0.10712576;0.091764736;0.085610496;0.060422144;0.033954816;0.039067648;0.061853696;0.06936883199999999;0.06584012800000001;0.05520179199999999;0.046615552000000005;0.021317632000000003;0.021076992000000003;0.027684864;0.021165056;0.021552128;0.024333312;0.018399232;0.011844607999999998;0.016885760000000003;0.017091584000000003;0.014992384;0.012000255999999999;0.016564224;0.010229760000000001;0.008138752;0.010276864;0.007079935999999999;0.010227712;0.008292352;0.007030784;0.00699904;0.006617088;0.003463168;0.00442368;0.005489664000000001;0.005966848;0.004408319999999999;0.0030668799999999997;0.002469888;0.003207168;0.0030863360000000003;0.0025917439999999996;0.003414016;0.0027115520000000003;0.002968576;0.0032358400000000002;0.002123776
1775373300,hdr,0.0293;0.03906;0.04883;0.05859;0.06836;0.07813;0.08789;0.09766;0.10742;0.11719;0.12695;0.13672;0.14648;0.15625;0.16602;0.17578;0.18555;0.19531;0.20508;0.21484;0.22461;0.23438;0.24414;0.25391;0.26367;0.27344;0.2832;0.29297;0.30273;0.3125;0.32227;0.33203;0.3418;0.35156;0.36133;0.37109;0.38086;0.39063;0.40039;0.41016;0.41992;0.42969;0.43945;0.44922;0.45898;0.46875;0.47852;0.48828;0.49805;0.50781;0.51758;0.52734;0.53711;0.54688;0.55664;0.56641;0.57617;0.58594;0.5957;0.60547;0.61523;0.625;0.63477;0.64453;0.6543;0.66406;0.67383;0.68359;0.69336;0.70313;0.71289;0.72266;0.73242;0.74219;0.75195;0.76172;0.77148;0.78125;0.79102,0.006432768;0.018139136000000004;0.014695423999999999;0.007438335999999999;0.009310207999999999;0.013891584;0.019008511999999998;0.06151577600000001;0.153309184;0.235189248;0.377520128;0.5521315840000001;0.859474944;0.877924352;0.450654208;0.7503769600000001;0.7019294720000001;0.529078272;0.416408576;0.3779328;0.336484352;0.273577984;0.25820774399999996;0.25029734400000003;0.172788736;0.10450432000000001;0.10565939199999999;0.137166848;0.16492953600000002;0.09256857599999999;0.09654681600000001;0.08621158400000001;0.108966912;0.10289664;0.058077184000000004;0.050725888;0.039605248;0.028230656;0.040645632;0.055993344;0.041811968;0.047719423999999996;0.044735488;0.028632064;0.02577408;0.029069312000000003;0.027014144;0.024206336;0.02223104;0.015430656000000001;0.012419072;0.018800640000000004;0.016741376;0.012432384;0.007917568;0.01189888;0.0108032;0.009885696;0.00955904;0.0070768639999999996;0.0058122239999999995;0.005070848;0.006306816000000001;0.006885376;0.004777984000000001;0.003733504;0.004814848;0.004441088;0.0039495680000000005;0.0028467199999999996;0.00292864;0.003345408;0.003515392;0.0036433919999999996;0.002630656;0.002193408;0.0014213119999999999;0.002040832;0.001721344
1775374200,hdr,0.0293;0.03906;0.04883;0.05859;0.06836;0.07813;0.08789;0.09766;0.10742;0.11719;0.12695;0.13672;0.14648;0.15625;0.16602;0.17578;0.18555;0.19531;0.20508;0.21484;0.22461;0.23438;0.24414;0.25391;0.26367;0.27344;0.2832;0.29297;0.30273;0.3125;0.32227;0.33203;0.3418;0.35156;0.36133;0.37109;0.38086;0.39063;0.40039;0.41016;0.41992;0.42969;0.43945;0.44922;0.45898;0.46875;0.47852;0.48828;0.49805;0.50781;0.51758;0.52734;0.53711;0.54688;0.55664;0.56641;0.57617;0.58594;0.5957;0.60547;0.61523;0.625;0.63477;0.64453;0.6543;0.66406;0.67383;0.68359;0.69336;0.70313;0.71289;0.72266;0.73242;0.74219;0.75195;0.76172;0.77148;0.78125;0.79102,0.0069888;0.008643584000000001;0.010599424000000001;0.007230464;0.009532415999999998;0.022899712;0.034159616000000004;0.062400512000000005;0.151166976;0.130592768;0.26457395200000006;0.484611072;0.585417728;0.5970575360000001;0.71168512;0.44882534399999996;0.490338304;0.298574848;0.3983779840000001;0.281401344;0.268416;0.277153792;0.255268864;0.228158464;0.250937344;0.284785664;0.276363264;0.20262297599999998;0.179002368;0.112985088;0.08858112;0.092249088;0.103786496;0.108193792;0.07070412799999999;0.055282688;0.053741567999999997;0.055888896;0.026913792000000002;0.024674304;0.031901696;0.03918336;0.020805631999999998;0.017918976000000003;0.024726527999999998;0.023924736000000002;0.014181376;0.011113472;0.011964415999999999;0.015294464;0.017901568;0.019584;0.018915328;0.013633536;0.011845632;0.008639487999999999;0.00738304;0.01197568;0.009357312;0.007733248;0.005439488;0.008293376;0.006667264;0.0055183359999999996;0.0062126080000000005;0.005185536;0.004806656;0.003828736;0.0023470080000000003;0.001337344;0.002676736;0.003590144;0.002840576;0.001985536;0.002802688;0.0027453439999999994;0.002497536;0.0011427840000000002;0.00153088
1775375100,hdr,0.0293;0.03906;0.04883;0.05859;0.06836;0.07813;0.08789;0.09766;0.10742;0.11719;0.12695;0.13672;0.14648;0.15625;0.16602;0.17578;0.18555;0.19531;0.20508;0.21484;0.22461;0.23438;0.24414;0.25391;0.26367;0.27344;0.2832;0.29297;0.30273;0.3125;0.32227;0.33203;0.3418;0.35156;0.36133;0.37109;0.38086;0.39063;0.40039;0.41016;0.41992;0.42969;0.43945;0.44922;0.45898;0.46875;0.47852;0.48828;0.49805;0.50781;0.51758;0.52734;0.53711;0.54688;0.55664;0.56641;0.57617;0.58594;0.5957;0.60547;0.61523;0.625;0.63477;0.64453;0.6543;0.66406;0.67383;0.68359;0.69336;0.70313;0.71289;0.72266;0.73242;0.74219;0.75195;0.76172;0.77148;0.78125;0.79102,0.007668736;0.011254784000000002;0.011594752;0.012611584;0.014676992;0.019145728;0.011452416;0.049487872;0.12365926399999999;0.110478336;0.176140288;0.4745216;0.49717350399999993;0.6762362879999999;0.745351168;0.484979712;0.42614579199999997;0.256328704;0.211104768;0.28493516799999996;0.365105152;0.26895872000000004;0.159736832;0.13220147200000001;0.135844864;0.167804928;0.167604224;0.155142144;0.155421696;0.14594048;0.11211059200000001;0.078420992;0.07745126399999999;0.071267328;0.063593472;0.062815232;0.06686924799999999;0.06328012799999999;0.0532992;0.048002048000000005;0.04125388800000001;0.03267072;0.033640447999999996;0.037327872;0.028736512000000002;0.021806080000000002;0.02162688;0.024737791999999998;0.020499456;0.016578560000000003;0.01634816;0.012293120000000001;0.010679296;0.008474624;0.00891392;0.006920192;0.009444352000000001;0.00749056;0.005060608;0.006539264;0.005750784000000001;0.007497728;0.009484287999999999;0.008824832;0.008616960000000002;0.0056002560000000005;0.003933184;0.004312064;0.003452928;0.0025036800000000003;0.003728384;0.004581375999999999;0.0028927999999999996;0.003150848;0.002168832;0.002469888;0.0027351040000000004;0.002069504;0.002143232
1775376000,hdr,0.0293;0.03906;0.04883;0.05859;0.06836;0.07813;0.08789;0.09766;0.10742;0.11719;0.12695;0.13672;0.14648;0.15625;0.16602;0.17578;0.18555;0.19531;0.20508;0.21484;0.22461;0.23438;0.24414;0.25391;0.26367;0.27344;0.2832;0.29297;0.30273;0.3125;0.32227;0.33203;0.3418;0.35156;0.36133;0.37109;0.38086;0.39063;0.40039;0.41016;0.41992;0.42969;0.43945;0.44922;0.45898;0.46875;0.47852;0.48828;0.49805;0.50781;0.51758;0.52734;0.53711;0.54688;0.55664;0.56641;0.57617;0.58594;0.5957;0.60547;0.61523;0.625;0.63477;0.64453;0.6543;0.66406;0.67383;0.68359;0.69336;0.70313;0.71289;0.72266;0.73242;0.74219;0.75195;0.76172;0.77148;0.78125;0.79102,0.003364864;0.014528511999999999;0.016121856;0.007981056;0.011227136;0.011179007999999999;0.023618559999999997;0.056824832;0.111357952;0.27719270399999996;0.464526336;0.543509504;0.431909888;0.6401781759999999;0.6026956800000001;0.590380032;0.605968384;0.38207590399999997;0.31333273600000006;0.29564006400000004;0.293952512;0.211842048;0.236007424;0.215890944;0.227202048;0.23096832;0.224431104;0.185009152;0.14444032;0.114230272;0.0756736;0.086597632;0.078887936;0.075067392;0.083786752;0.053307392;0.050388992;0.042232832000000005;0.05127168;0.034670592;0.043544576;0.049468415999999994;0.035388416;0.031131647999999998;0.03294207999999999;0.026856448;0.025824255999999997;0.023985152;0.018528255999999996;0.018310144;0.01415168;0.015748096;0.011614208;0.009009152;0.010349568;0.013837312;0.011147263999999999;0.0055132160000000005;0.006304768;0.007407616;0.00956928;0.00719872;0.006306816000000001;0.008144895999999999;0.007489536;0.003712;0.004105216;0.005139456;0.0037847040000000003;0.0035860479999999997;0.002870272;0.004005887999999999;0.00387584;0.003801088;0.002816;0.0021043200000000002;0.0018575360000000001;0.002142208;0.001708032
1775376900,hdr,0.0293;0.03906;0.04883;0.05859;0.06836;0.07813;0.08789;0.09766;0.10742;0.11719;0.12695;0.13672;0.14648;0.15625;0.16602;0.17578;0.18555;0.19531;0.20508;0.21484;0.22461;0.23438;0.24414;0.25391;0.26367;0.27344;0.2832;0.29297;0.30273;0.3125;0.32227;0.33203;0.3418;0.35156;0.36133;0.37109;0.38086;0.39063;0.40039;0.41016;0.41992;0.42969;0.43945;0.44922;0.45898;0.46875;0.47852;0.48828;0.49805;0.50781;0.51758;0.52734;0.53711;0.54688;0.55664;0.56641;0.57617;0.58594;0.5957;0.60547;0.61523;0.625;0.63477;0.64453;0.6543;0.66406;0.67383;0.68359;0.69336;0.70313;0.71289;0.72266;0.73242;0.74219;0.75195;0.76172;0.77148;0.78125;0.79102,0.00905216;0.0303872;0.027426816;0.014280704;0.018074624;0.016295936;0.03531264;0.054602752;0.06978764800000001;0.151333888;0.252924928;0.30424576000000003;0.403272704;0.489422848;0.57545728;0.561585152;0.389301248;0.23132979199999998;0.229919744;0.20217856;0.155945984;0.17684582399999998;0.15828991999999997;0.16775168;0.252131328;0.143803392;0.10447872;0.104700928;0.044720128000000005;0.06074368;0.098285568;0.121402368;0.06756659200000001;0.071887872;0.07929241599999999;0.072887296;0.041199616;0.028248064;0.04155289599999999;0.040352768;0.027127808;0.039222271999999996;0.046695424;0.036835327999999994;0.025121791999999997;0.023232512;0.020212736000000002;0.022368255999999996;0.016546816;0.011142144;0.01632256;0.011698176;0.010319871999999999;0.01548288;0.015582207999999998;0.015345663999999998;0.014767104;0.008049664;0.00682496;0.01237504;0.01069056;0.006385664000000001;0.004385792;0.005988352;0.006813696;0.0057477119999999994;0.004261888;0.002878464;0.002620416;0.005874688;0.003748864;0.0021893120000000005;0.002638848;0.003017728;0.002915328;0.002833408;0.0021821440000000004;0.00178688;0.002014208
1775377800,hdr,0.0293;0.03906;0.04883;0.05859;0.06836;0.07813;0.08789;0.09766;0.10742;0.11719;0.12695;0.13672;0.14648;0.15625;0.16602;0.17578;0.18555;0.19531;0.20508;0.21484;0.22461;0.23438;0.24414;0.25391;0.26367;0.27344;0.2832;0.29297;0.30273;0.3125;0.32227;0.33203;0.3418;0.35156;0.36133;0.37109;0.38086;0.39063;0.40039;0.41016;0.41992;0.42969;0.43945;0.44922;0.45898;0.46875;0.47852;0.48828;0.49805;0.50781;0.51758;0.52734;0.53711;0.54688;0.55664;0.56641;0.57617;0.58594;0.5957;0.60547;0.61523;0.625;0.63477;0.64453;0.6543;0.66406;0.67383;0.68359;0.69336;0.70313;0.71289;0.72266;0.73242;0.74219;0.75195;0.76172;0.77148;0.78125;0.79102,0.006484992;0.009865216;0.013523968;0.011015168;0.010223616;0.011598848;0.015877119999999998;0.047724544;0.108452864;0.21593088;0.330437632;0.33954816;0.404691968;0.366227456;0.504967168;0.377619456;0.325614592;0.62543872;0.43620044799999996;0.342457344;0.24887910400000002;0.270196736;0.274727936;0.192809984;0.15475712;0.17205248;0.23741030400000002;0.255100928;0.12458291199999999;0.05977088;0.090375168;0.07802880000000001;0.056709119999999995;0.044548095999999995;0.07057510399999999;0.078468096;0.036273152;0.035446784;0.042192896;0.045531136;0.046298112;0.035019775999999996;0.026641408;0.019410944;0.028091392;0.023309312;0.021977088;0.024255488000000002;0.022327296000000003;0.023601151999999997;0.018956288;0.010958848;0.008280064;0.006870016;0.007602176;0.011483136;0.015008768;0.011624447999999999;0.008452096;0.008162304;0.007386112;0.005158912;0.005809152;0.00553472;0.005394432;0.005371903999999999;0.004448255999999999;0.00277504;0.0021524480000000004;0.002840576;0.003796992;0.00247296;0.001850368;0.0022425599999999998;0.003311616;0.003081216;0.002466816;0.0029982719999999997;0.002850816
1775378700,hdr,0.0293;0.03906;0.04883;0.05859;0.06836;0.07813;0.08789;0.09766;0.10742;0.11719;0.12695;0.13672;0.14648;0.15625;0.16602;0.17578;0.18555;0.19531;0.20508;0.21484;0.22461;0.23438;0.24414;0.25391;0.26367;0.27344;0.2832;0.29297;0.30273;0.3125;0.32227;0.33203;0.3418;0.35156;0.36133;0.37109;0.38086;0.39063;0.40039;0.41016;0.41992;0.42969;0.43945;0.44922;0.45898;0.46875;0.47852;0.48828;0.49805;0.50781;0.51758;0.52734;0.53711;0.54688;0.55664;0.56641;0.57617;0.58594;0.5957;0.60547;0.61523;0.625;0.63477;0.64453;0.6543;0.66406;0.67383;0.68359;0.69336;0.70313;0.71289;0.72266;0.73242;0.74219;0.75195;0.76172;0.77148;0.78125;0.79102,0.0032440319999999996;0.009136127999999999;0.016699392;0.008476672000000001;0.008875008;0.012473344;0.017076223999999997;0.057157632;0.08283647999999999;0.132252672;0.303950848;0.39939072;0.620189696;0.494665728;0.413761536;0.6821775360000001;0.5163714559999999;0.381964288;0.405766144;0.44084019199999996;0.294934528;0.339728384;0.316566528;0.239645696;0.108711936;0.095760384;0.14870016;0.16905420799999998;0.14918451200000002;0.104020992;0.125063168;0.091070464;0.06738432000000001;0.078886912;0.087714816;0.05752832;0.037654528;0.04328448;0.040534016000000006;0.042512384;0.050909184;0.040717312;0.039640064;0.035012608;0.032121856;0.021951488;0.016007168;0.019803136;0.018130944;0.02366464;0.025868288;0.016840703999999998;0.014859263999999999;0.013515776;0.01123328;0.009857023999999999;0.0066662399999999995;0.0055183359999999996;0.0059965439999999995;0.005900287999999999;0.005533696;0.005797888000000001;0.004037632;0.0022425599999999998;0.0035932159999999998;0.003828736;0.002880512;0.0038379520000000004;0.005266432;0.004943871999999999;0.003470336;0.0028395519999999995;0.00351744;0.003002368;0.002382848;0.002274304;0.0021821440000000004;0.001296384;0.001846272
1775380500,hdr,0.0293;0.03906;0.04883;0.05859;0.06836;0.07813;0.08789;0.09766;0.10742;0.11719;0.12695;0.13672;0.14648;0.15625;0.16602;0.17578;0.18555;0.19531;0.20508;0.21484;0.22461;0.23438;0.24414;0.25391;0.26367;0.27344;0.2832;0.29297;0.30273;0.3125;0.32227;0.33203;0.3418;0.35156;0.36133;0.37109;0.38086;0.39063;0.40039;0.41016;0.41992;0.42969;0.43945;0.44922;0.45898;0.46875;0.47852;0.48828;0.49805;0.50781;0.51758;0.52734;0.53711;0.54688;0.55664;0.56641;0.57617;0.58594;0.5957;0.60547;0.61523;0.625;0.63477;0.64453;0.6543;0.66406;0.67383;0.68359;0.69336;0.70313;0.71289;0.72266;0.73242;0.74219;0.75195;0.76172;0.77148;0.78125;0.79102,0.0021207039999999997;0.0054538239999999995;0.011852800000000002;0.0066211840000000004;0.011309056000000001;0.010867712;0.019410944;0.042739712;0.06645145599999999;0.10763468799999999;0.13017497599999997;0.165523456;0.33345024;0.46442393600000004;0.46819635200000004;0.620880896;0.5455042560000001;0.35932159999999996;0.246207488;0.205464576;0.250309632;0.18758655999999999;0.181122048;0.17059123199999998;0.168286208;0.13315379200000002;0.14846873600000002;0.12130201599999998;0.085549056;0.08496128;0.081993728;0.075693056;0.08360140800000002;0.047207424000000005;0.03751219199999999;0.048162816;0.028345344;0.031169536;0.07301632;0.05329408;0.03602944;0.02188288;0.020374528000000003;0.025926656000000003;0.017390592;0.010179584;0.009059328000000002;0.010979328000000002;0.012814336;0.014196736;0.014081024;0.014808064000000001;0.009634816000000001;0.008275968000000002;0.005753856;0.005041152;0.0072335360000000005;0.007246848;0.004903935999999999;0.003990528;0.006366208000000001;0.004922368;0.0058818559999999995;0.007215104;0.005830656;0.00542208;0.004435968;0.005234688;0.003726336;0.004524032;0.004724736;0.002972672;0.002038784;0.0026490879999999995;0.002407424;0.0033638400000000003;0.0028385280000000003;0.0018841600000000002;0.001656832
1775381400,hdr,0.0293;0.03906;0.04883;0.05859;0.06836;0.07813;0.08789;0.09766;0.10742;0.11719;0.12695;0.13672;0.14648;0.15625;0.16602;0.17578;0.18555;0.19531;0.20508;0.21484;0.22461;0.23438;0.24414;0.25391;0.26367;0.27344;0.2832;0.29297;0.30273;0.3125;0.32227;0.33203;0.3418;0.35156;0.36133;0.37109;0.38086;0.39063;0.40039;0.41016;0.41992;0.42969;0.43945;0.44922;0.45898;0.46875;0.47852;0.48828;0.49805;0.50781;0.51758;0.52734;0.53711;0.54688;0.55664;0.56641;0.57617;0.58594;0.5957;0.60547;0.61523;0.625;0.63477;0.64453;0.6543;0.66406;0.67383;0.68359;0.69336;0.70313;0.71289;0.72266;0.73242;0.74219;0.75195;0.76172;0.77148;0.78125;0.79102,0.00090112;0.002379776;0.004884479999999999;0.005556224;0.0062627839999999995;0.014149631999999999;0.018166784;0.032277504;0.09799168000000001;0.14378393600000003;0.16036761600000002;0.17814220800000002;0.34775244800000005;0.6452162560000001;0.9339494399999999;0.9327421440000001;0.645961728;0.462481408;0.34812108799999997;0.394317824;0.27820031999999995;0.14401126400000003;0.15358259200000002;0.160256;0.13824102400000002;0.10575564799999998;0.121935872;0.116574208;0.09911705600000001;0.14466048;0.152198144;0.07709184000000001;0.051920896;0.059649023999999995;0.048985087999999996;0.03708416;0.030946304;0.046759936;0.036422656000000005;0.024495104000000004;0.02331648;0.028576768;0.025366528;0.018462720000000002;0.017719296;0.01684992;0.021484543999999998;0.019356672;0.013735935999999999;0.010600448;0.009179136000000001;0.007791616;0.011037696;0.01119232;0.007276544000000001;0.007349248000000001;0.00849408;0.005337087999999999;0.002976768;0.0054272;0.004642816;0.0037990400000000005;0.0055459839999999995;0.004652032;0.0036403200000000003;0.003862528;0.00319488;0.0031477759999999997;0.004724736;0.0038799359999999996;0.002587648;0.0027310080000000005;0.002692096;0.002813952;0.0028303359999999997;0.002859008;0.00226304;0.0019517439999999998;0.002425856
1775382300,hdr,0.0293;0.03906;0.04883;0.05859;0.06836;0.07813;0.08789;0.09766;0.10742;0.11719;0.12695;0.13672;0.14648;0.15625;0.16602;0.17578;0.18555;0.19531;0.20508;0.21484;0.22461;0.23438;0.24414;0.25391;0.26367;0.27344;0.2832;0.29297;0.30273;0.3125;0.32227;0.33203;0.3418;0.35156;0.36133;0.37109;0.38086;0.39063;0.40039;0.41016;0.41992;0.42969;0.43945;0.44922;0.45898;0.46875;0.47852;0.48828;0.49805;0.50781;0.51758;0.52734;0.53711;0.54688;0.55664;0.56641;0.57617;0.58594;0.5957;0.60547;0.61523;0.625;0.63477;0.64453;0.6543;0.66406;0.67383;0.68359;0.69336;0.70313;0.71289;0.72266;0.73242;0.74219;0.75195;0.76172;0.77148;0.78125;0.79102,0.002192384;0.005262336;0.006398976000000001;0.006567936000000001;0.008572928;0.0069847039999999996;0.021344256000000002;0.047240192;0.09526272;0.16486912;0.214573056;0.26448076800000003;0.43947622399999997;0.67487232;0.718936064;0.6861066240000001;0.5316864;0.366976;0.229458944;0.18976051200000002;0.23740620799999998;0.28839936;0.169916416;0.170324992;0.122102784;0.100501504;0.143666176;0.107342848;0.062380032;0.081805312;0.089080832;0.080618496;0.078195712;0.08210841600000002;0.052655104;0.04349644800000001;0.033081344000000006;0.0267008;0.019842047999999998;0.021722112000000002;0.027410432000000002;0.022967296;0.025367551999999998;0.029771775999999996;0.022355968;0.022749184000000002;0.016677888;0.017490943999999998;0.013874176;0.013786112;0.018637823999999997;0.016830464;0.015400959999999998;0.014036992;0.013929472;0.013298688;0.009894912;0.01004544;0.010155008;0.00890368;0.010082304;0.0064942080000000004;0.005234688;0.006321152;0.004555776;0.005150719999999999;0.002714624;0.004321279999999999;0.004503552;0.004788223999999999;0.00281088;0.0025292799999999996;0.0019773440000000002;0.002791424;0.003040256;0.002348032;0.001816576;0.0015472639999999998;0.002269184
1775383200,hdr,0.0293;0.03906;0.04883;0.05859;0.06836;0.07813;0.08789;0.09766;0.10742;0.11719;0.12695;0.13672;0.14648;0.15625;0.16602;0.17578;0.18555;0.19531;0.20508;0.21484;0.22461;0.23438;0.24414;0.25391;0.26367;0.27344;0.2832;0.29297;0.30273;0.3125;0.32227;0.33203;0.3418;0.35156;0.36133;0.37109;0.38086;0.39063;0.40039;0.41016;0.41992;0.42969;0.43945;0.44922;0.45898;0.46875;0.47852;0.48828;0.49805;0.50781;0.51758;0.52734;0.53711;0.54688;0.55664;0.56641;0.57617;0.58594;0.5957;0.60547;0.61523;0.625;0.63477;0.64453;0.6543;0.66406;0.67383;0.68359;0.69336;0.70313;0.71289;0.72266;0.73242;0.74219;0.75195;0.76172;0.77148;0.78125;0.79102,0.0020756480000000002;0.006472704000000001;0.005320704;0.004855808;0.008628224;0.012910591999999999;0.016271360000000002;0.029826047999999997;0.087678976;0.100016128;0.118254592;0.223586304;0.430907392;0.621103104;0.52372992;0.6462412799999999;0.46795059199999994;0.28307353599999996;0.19437056;0.19530854400000003;0.17623961600000002;0.25881395199999996;0.24681472;0.168418304;0.094497792;0.117542912;0.10831872000000001;0.107615232;0.09120256000000002;0.081584128;0.07557529599999999;0.066980864;0.052862976;0.053984256;0.039185408000000005;0.03768832;0.055340032;0.050594816;0.032339968000000004;0.031724544;0.028717056;0.02091008;0.016845824;0.023926784;0.022867968000000002;0.020133888;0.0200192;0.010061824;0.00831488;0.014590975999999999;0.015735808;0.012806144;0.007585791999999999;0.009171967999999999;0.013534207999999999;0.008328192;0.005267456;0.0055132160000000005;0.0072161280000000005;0.007524352000000001;0.007409664000000001;0.007079935999999999;0.006825984;0.004740096;0.005608448;0.005698559999999999;0.004889599999999999;0.0030525440000000004;0.0032942079999999994;0.005117952;0.0050688;0.0038307840000000003;0.00356352;0.0028344320000000004;0.001805312;0.0023838720000000004;0.002866176;0.0022568959999999996;0.001970176
1775384100,hdr,0.0293;0.03906;0.04883;0.05859;0.06836;0.07813;0.08789;0.09766;0.10742;0.11719;0.12695;0.13672;0.14648;0.15625;0.16602;0.17578;0.18555;0.19531;0.20508;0.21484;0.22461;0.23438;0.24414;0.25391;0.26367;0.27344;0.2832;0.29297;0.30273;0.3125;0.32227;0.33203;0.3418;0.35156;0.36133;0.37109;0.38086;0.39063;0.40039;0.41016;0.41992;0.42969;0.43945;0.44922;0.45898;0.46875;0.47852;0.48828;0.49805;0.50781;0.51758;0.52734;0.53711;0.54688;0.55664;0.56641;0.57617;0.58594;0.5957;0.60547;0.61523;0.625;0.63477;0.64453;0.6543;0.66406;0.67383;0.68359;0.69336;0.70313;0.71289;0.72266;0.73242;0.74219;0.75195;0.76172;0.77148;0.78125;0.79102,0.00705024;0.008754175999999999;0.009394175999999999;0.006162432;0.009116672;0.00830976;0.0170752;0.049428480000000004;0.104472576;0.155523072;0.126664704;0.154066944;0.33139302400000004;0.577723392;0.41528832;0.24546508800000003;0.315595776;0.308760576;0.266729472;0.19547136;0.19580416;0.13171712;0.142944256;0.15324467200000003;0.126154752;0.12124774399999999;0.168429568;0.160214016;0.09550848;0.13149184;0.083030016;0.08813568;0.08374272;0.076428288;0.0488448;0.031579136;0.030010368;0.019682304;0.027863040000000002;0.034373632;0.033273856;0.026099712;0.017254400000000003;0.015222784000000001;0.015054848;0.01243136;0.0088576;0.010177536000000001;0.00969216;0.016699392;0.016735232;0.00986112;0.00752128;0.00577024;0.010404864;0.007897088;0.007337984;0.009249792;0.008059904;0.0040796159999999995;0.003917824;0.002522112;0.0023592960000000003;0.004557824;0.005061632000000001;0.0030750720000000003;0.004096;0.003588096;0.00314368;0.004335616;0.004323328;0.003780608;0.003427328;0.004376576;0.002291712;0.0018176000000000002;0.0018810880000000002;0.0018831359999999999;0.001508352
1775385000,hdr,0.0293;0.03906;0.04883;0.05859;0.06836;0.07813;0.08789;0.09766;0.10742;0.11719;0.12695;0.13672;0.14648;0.15625;0.16602;0.17578;0.18555;0.19531;0.20508;0.21484;0.22461;0.23438;0.24414;0.25391;0.26367;0.27344;0.2832;0.29297;0.30273;0.3125;0.32227;0.33203;0.3418;0.35156;0.36133;0.37109;0.38086;0.39063;0.40039;0.41016;0.41992;0.42969;0.43945;0.44922;0.45898;0.46875;0.47852;0.48828;0.49805;0.50781;0.51758;0.52734;0.53711;0.54688;0.55664;0.56641;0.57617;0.58594;0.5957;0.60547;0.61523;0.625;0.63477;0.64453;0.6543;0.66406;0.67383;0.68359;0.69336;0.70313;0.71289;0.72266;0.73242;0.74219;0.75195;0.76172;0.77148;0.78125;0.79102,0.010092544;0.014185472000000001;0.00918528;0.01176576;0.011036671999999999;0.012197888;0.0148224;0.02537984;0.05331456;0.131183616;0.15852953600000003;0.19188223999999998;0.351547392;0.71683584;0.816694272;0.5994106880000001;0.315032576;0.25774796800000005;0.213113856;0.141830144;0.171652096;0.175295488;0.13563904000000002;0.166736896;0.188269568;0.09473331199999999;0.10015539200000001;0.12297728;0.07766220800000001;0.082267136;0.089288704;0.083433472;0.082905088;0.056547328;0.041437184;0.056527872;0.034051072;0.0229632;0.023108608;0.032729087999999996;0.03444224;0.021804032;0.018373632;0.017352703999999997;0.015711232;0.011376639999999999;0.01363968;0.013875199999999999;0.010185728;0.009353216000000001;0.006828032;0.006800384;0.004992;0.0075694080000000006;0.0100352;0.006978559999999999;0.005785599999999999;0.006987776;0.005927936;0.004209664;0.005142528;0.006305792;0.004716544;0.00344576;0.0030607359999999997;0.003617792;0.00433152;0.0036085759999999996;0.004667392000000001;0.0028753920000000005;0.0021872639999999995;0.001763328;0.001959936;0.002469888;0.002195456;0.0017152;0.0020029439999999996;0.0027269119999999997;0.0012912639999999999
1775385900,hdr,0.0293;0.03906;0.04883;0.05859;0.06836;0.07813;0.08789;0.09766;0.10742;0.11719;0.12695;0.13672;0.14648;0.15625;0.16602;0.17578;0.18555;0.19531;0.20508;0.21484;0.22461;0.23438;0.24414;0.25391;0.26367;0.27344;0.2832;0.29297;0.30273;0.3125;0.32227;0.33203;0.3418;0.35156;0.36133;0.37109;0.38086;0.39063;0.40039;0.41016;0.41992;0.42969;0.43945;0.44922;0.45898;0.46875;0.47852;0.48828;0.49805;0.50781;0.51758;0.52734;0.53711;0.54688;0.55664;0.56641;0.57617;0.58594;0.5957;0.60547;0.61523;0.625;0.63477;0.64453;0.6543;0.66406;0.67383;0.68359;0.69336;0.70313;0.71289;0.72266;0.73242;0.74219;0.75195;0.76172;0.77148;0.78125;0.79102,0.007385088;0.020395008000000003;0.019306496;0.009918464;0.008118272;0.0053442559999999995;0.011108352;0.033338368;0.052764672;0.09403392;0.10530816;0.17385369600000003;0.233826304;0.495814656;0.7244830720000001;0.8065064959999999;0.456649728;0.280713216;0.33022976;0.31386521599999995;0.16073216;0.142498816;0.15180697599999998;0.169868288;0.102268928;0.09559654399999999;0.07805337600000001;0.080963584;0.12140953600000001;0.12919808;0.088743936;0.063041536;0.050157568;0.041632767999999994;0.041665536;0.033525759999999995;0.026682367999999998;0.023025664;0.026686464;0.028587008;0.017131519999999997;0.016987136;0.020574208;0.018849792;0.014061568;0.018030591999999998;0.013407232;0.014348288;0.015879168;0.008462336;0.010912768;0.008287232;0.010469376;0.009294848;0.006059008000000001;0.006968320000000001;0.007903232;0.007936;0.005276672;0.0044851199999999996;0.005576704000000001;0.006019072;0.003324928;0.0031406079999999996;0.005469184;0.003489792;0.0031139839999999998;0.00282624;0.00221184;0.0016404479999999999;0.003103744;0.003429376;0.002610176;0.0014714879999999997;0.002004992;0.002555904;0.0014929920000000003;0.0015616000000000002;0.0017735679999999999
1775386800,hdr,0.0293;0.03906;0.04883;0.05859;0.06836;0.07813;0.08789;0.09766;0.10742;0.11719;0.12695;0.13672;0.14648;0.15625;0.16602;0.17578;0.18555;0.19531;0.20508;0.21484;0.22461;0.23438;0.24414;0.25391;0.26367;0.27344;0.2832;0.29297;0.30273;0.3125;0.32227;0.33203;0.3418;0.35156;0.36133;0.37109;0.38086;0.39063;0.40039;0.41016;0.41992;0.42969;0.43945;0.44922;0.45898;0.46875;0.47852;0.48828;0.49805;0.50781;0.51758;0.52734;0.53711;0.54688;0.55664;0.56641;0.57617;0.58594;0.5957;0.60547;0.61523;0.625;0.63477;0.64453;0.6543;0.66406;0.67383;0.68359;0.69336;0.70313;0.71289;0.72266;0.73242;0.74219;0.75195;0.76172;0.77148;0.78125;0.79102,0.006432768;0.010860544000000001;0.019231744;0.009350144;0.006191104;0.005891072;0.017646591999999996;0.039150592000000005;0.063581184;0.120000512;0.138017792;0.23311052799999998;0.35652096;0.389620736;0.547183616;0.644998144;0.524762112;0.330134528;0.16475238400000003;0.10167807999999999;0.13241548800000003;0.138543104;0.13497139200000002;0.141520896;0.15278182399999998;0.11845017599999999;0.08272179199999999;0.09262387200000001;0.09170124800000001;0.060589055999999995;0.06784;0.056154112;0.054776832000000004;0.052124672;0.043517952;0.0389376;0.023773184000000003;0.023583744;0.028841984;0.023409664;0.014580736;0.020346879999999998;0.022016;0.017731584;0.019309568;0.017693696;0.010957824;0.012438528;0.013038591999999998;0.014877696;0.01291264;0.007215104;0.006207488;0.0070891520000000005;0.005092352;0.006882304;0.0058992639999999995;0.00653312;0.008075264;0.0063846400000000005;0.004601856;0.003565568;0.005036031999999999;0.006403072;0.005323776;0.004164608;0.004235264;0.0028129279999999997;0.0024156159999999998;0.0018083840000000001;0.00247808;0.00211456;0.001835008;0.0015390719999999998;0.001297408;0.001221632;0.002282496;0.001692672;0.0014940160000000001
1775387700,hdr,0.0293;0.03906;0.04883;0.05859;0.06836;0.07813;0.08789;0.09766;0.10742;0.11719;0.12695;0.13672;0.14648;0.15625;0.16602;0.17578;0.18555;0.19531;0.20508;0.21484;0.22461;0.23438;0.24414;0.25391;0.26367;0.27344;0.2832;0.29297;0.30273;0.3125;0.32227;0.33203;0.3418;0.35156;0.36133;0.37109;0.38086;0.39063;0.40039;0.41016;0.41992;0.42969;0.43945;0.44922;0.45898;0.46875;0.47852;0.48828;0.49805;0.50781;0.51758;0.52734;0.53711;0.54688;0.55664;0.56641;0.57617;0.58594;0.5957;0.60547;0.61523;0.625;0.63477;0.64453;0.6543;0.66406;0.67383;0.68359;0.69336;0.70313;0.71289;0.72266;0.73242;0.74219;0.75195;0.76172;0.77148;0.78125;0.79102,0.0056852479999999995;0.016141312;0.016774144;0.0063395840000000005;0.006418432;0.014326784;0.024942592;0.043523072;0.10198528;0.100985856;0.13628518399999998;0.18551296;0.291181568;0.511373312;0.696880128;0.6655846400000001;0.41153740800000005;0.26118041599999997;0.16250982400000002;0.19285196799999998;0.157812736;0.145499136;0.115923968;0.111407104;0.099284992;0.106487808;0.10672230399999999;0.09451008;0.09038336;0.08570982399999999;0.05568512;0.036436992;0.05071462400000001;0.056136704;0.040469504;0.033594368;0.027964416000000002;0.027185151999999997;0.026003455999999998;0.017959936;0.016610304;0.010859520000000001;0.007904256;0.02283008;0.024552447999999998;0.019457024;0.013586432;0.007653375999999999;0.010785792;0.008608768;0.008653824000000001;0.008858624000000002;0.009849856000000002;0.009737216;0.007069696000000001;0.006985728;0.006355968;0.004718592000000001;0.004459520000000001;0.005742592;0.004651008;0.0031334399999999995;0.003473408;0.005343232;0.0057794560000000005;0.0047216639999999995;0.004549632;0.0035010560000000002;0.002777088;0.0011970559999999997;0.001103872;0.002060288;0.001672192;0.00193536;0.001687552;0.001202176;0.001201152;0.0016384000000000001;0.0016384000000000001
1775388600,hdr,0.0293;0.03906;0.04883;0.05859;0.06836;0.07813;0.08789;0.09766;0.10742;0.11719;0.12695;0.13672;0.14648;0.15625;0.16602;0.17578;0.18555;0.19531;0.20508;0.21484;0.22461;0.23438;0.24414;0.25391;0.26367;0.27344;0.2832;0.29297;0.30273;0.3125;0.32227;0.33203;0.3418;0.35156;0.36133;0.37109;0.38086;0.39063;0.40039;0.41016;0.41992;0.42969;0.43945;0.44922;0.45898;0.46875;0.47852;0.48828;0.49805;0.50781;0.51758;0.52734;0.53711;0.54688;0.55664;0.56641;0.57617;0.58594;0.5957;0.60547;0.61523;0.625;0.63477;0.64453;0.6543;0.66406;0.67383;0.68359;0.69336;0.70313;0.71289;0.72266;0.73242;0.74219;0.75195;0.76172;0.77148;0.78125;0.79102,0.0052121599999999995;0.008702976;0.013590528000000001;0.008215552000000001;0.012102656;0.012172288;0.013799424000000001;0.029606912;0.081994752;0.093786112;0.16164864;0.235635712;0.2971392;0.64779776;0.729181184;0.5914398720000001;0.35852697599999994;0.21513216000000002;0.2408448;0.21715353599999998;0.17094963200000002;0.16349696;0.15788339199999998;0.145569792;0.174635008;0.116192256;0.105530368;0.119552;0.054129663999999994;0.06684672;0.081210368;0.06739353599999999;0.031563776;0.039409664;0.038146048;0.025890816000000004;0.037946368;0.038657024;0.038793216;0.032695296;0.034832384;0.029239295999999998;0.015683584;0.012768255999999999;0.015286272;0.020165632;0.014034943999999999;0.013182976;0.009997312000000001;0.008196096000000002;0.008373248;0.009319424;0.01001984;0.009940992000000001;0.005785599999999999;0.006930431999999999;0.009097216;0.0054558720000000005;0.004084736;0.0046069760000000005;0.005326848;0.004132864;0.00311296;0.00408064;0.0034826239999999997;0.002496512;0.0022487040000000002;0.005004288;0.004649983999999999;0.003209216;0.0028047360000000004;0.002072576;0.0013783040000000001;0.0024227840000000003;0.003313664;0.0026900479999999996;0.001901568;0.0015677439999999998;0.001364992
1775389500,hdr,0.0293;0.03906;0.04883;0.05859;0.06836;0.07813;0.08789;0.09766;0.10742;0.11719;0.12695;0.13672;0.14648;0.15625;0.16602;0.17578;0.18555;0.19531;0.20508;0.21484;0.22461;0.23438;0.24414;0.25391;0.26367;0.27344;0.2832;0.29297;0.30273;0.3125;0.32227;0.33203;0.3418;0.35156;0.36133;0.37109;0.38086;0.39063;0.40039;0.41016;0.41992;0.42969;0.43945;0.44922;0.45898;0.46875;0.47852;0.48828;0.49805;0.50781;0.51758;0.52734;0.53711;0.54688;0.55664;0.56641;0.57617;0.58594;0.5957;0.60547;0.61523;0.625;0.63477;0.64453;0.6543;0.66406;0.67383;0.68359;0.69336;0.70313;0.71289;0.72266;0.73242;0.74219;0.75195;0.76172;0.77148;0.78125;0.79102,0.0077393919999999995;0.010688511999999999;0.00513536;0.006881280000000001;0.004795392;0.006990848;0.021691392;0.046609408000000005;0.075264;0.11639910399999999;0.215473152;0.288297984;0.47705190399999997;0.7333632;0.9328619519999999;0.485047296;0.39821312;0.22883942399999999;0.28294144;0.19911065600000002;0.16366387200000002;0.154215424;0.15523328;0.10407526400000001;0.098843648;0.069742592;0.10002943999999998;0.09858457600000001;0.054949888;0.078892032;0.11177676800000001;0.100651008;0.068677632;0.052985856;0.038708224;0.034880512;0.037116928;0.028071936000000002;0.021547008000000003;0.019659776;0.019119103999999998;0.019365888;0.014850048;0.014902272000000001;0.014460928;0.0109056;0.008896511999999999;0.007334912;0.008478719999999999;0.00621056;0.009915392;0.012857344;0.010252288;0.006918144;0.005390335999999999;0.00427008;0.004895744;0.006455295999999999;0.006406144;0.004939776;0.004329472;0.004465664;0.003356672;0.0029429759999999995;0.002787328;0.003065856;0.003345408;0.003856384;0.00282112;0.002286592;0.0021667839999999997;0.0026951679999999995;0.0029470720000000002;0.0017018880000000001;0.001675264;0.001422336;0.0013547519999999999;0.001743872;0.0015452159999999999
1775390400,hdr,0.0293;0.03906;0.04883;0.05859;0.06836;0.07813;0.08789;0.09766;0.10742;0.11719;0.12695;0.13672;0.14648;0.15625;0.16602;0.17578;0.18555;0.19531;0.20508;0.21484;0.22461;0.23438;0.24414;0.25391;0.26367;0.27344;0.2832;0.29297;0.30273;0.3125;0.32227;0.33203;0.3418;0.35156;0.36133;0.37109;0.38086;0.39063;0.40039;0.41016;0.41992;0.42969;0.43945;0.44922;0.45898;0.46875;0.47852;0.48828;0.49805;0.50781;0.51758;0.52734;0.53711;0.54688;0.55664;0.56641;0.57617;0.58594;0.5957;0.60547;0.61523;0.625;0.63477;0.64453;0.6543;0.66406;0.67383;0.68359;0.69336;0.70313;0.71289;0.72266;0.73242;0.74219;0.75195;0.76172;0.77148;0.78125;0.79102,0.014505984;0.021750784;0.017799168;0.015449088;0.010474496000000002;0.005817344;0.01659392;0.040001536;0.070064128;0.071042048;0.166030336;0.190539776;0.32901222399999996;0.634100736;0.587757568;0.456725504;0.48238080000000005;0.382029824;0.259168256;0.208442368;0.20798873599999998;0.191290368;0.097334272;0.10838732799999999;0.106537984;0.06862847999999999;0.06888960000000001;0.07760895999999999;0.08194048;0.072613888;0.05522944;0.044807167999999994;0.04664115199999999;0.028685311999999998;0.030249984;0.036370432;0.034978815999999996;0.038775807999999995;0.04325376;0.039313408;0.021746687999999997;0.023825408;0.021564416;0.014318592;0.01038848;0.0056576000000000005;0.010579967999999999;0.008838144000000001;0.00891392;0.011052032000000002;0.010202112;0.006688768;0.008954879999999998;0.01056256;0.0077568;0.005285888;0.004352;0.003782656;0.005660671999999999;0.004327424;0.003232768;0.002763776;0.002379776;0.0021032959999999997;0.002865152;0.003992576;0.0030873599999999995;0.00404992;0.0034416639999999997;0.0021360640000000005;0.0017766400000000001;0.001798144;0.001973248;0.0016895999999999999;0.001738752;0.001432576;0.001036288;0.001086464;0.000799744
1775391300,hdr,0.0293;0.03906;0.04883;0.05859;0.06836;0.07813;0.08789;0.09766;0.10742;0.11719;0.12695;0.13672;0.14648;0.15625;0.16602;0.17578;0.18555;0.19531;0.20508;0.21484;0.22461;0.23438;0.24414;0.25391;0.26367;0.27344;0.2832;0.29297;0.30273;0.3125;0.32227;0.33203;0.3418;0.35156;0.36133;0.37109;0.38086;0.39063;0.40039;0.41016;0.41992;0.42969;0.43945;0.44922;0.45898;0.46875;0.47852;0.48828;0.49805;0.50781;0.51758;0.52734;0.53711;0.54688;0.55664;0.56641;0.57617;0.58594;0.5957;0.60547;0.61523;0.625;0.63477;0.64453;0.6543;0.66406;0.67383;0.68359;0.69336;0.70313;0.71289;0.72266;0.73242;0.74219;0.75195;0.76172;0.77148;0.78125;0.79102,0.007015424;0.012374016;0.009612287999999998;0.008438784;0.011938816;0.00780288;0.01737216;0.045045760000000004;0.124793856;0.192498688;0.24506368;0.296179712;0.41641471999999996;0.39553126400000005;0.599329792;0.354774016;0.28427776;0.315358208;0.21610393600000002;0.181016576;0.19771494399999998;0.142275584;0.1383168;0.07273984;0.099695616;0.16123392;0.167703552;0.090702848;0.053289984;0.06979071999999999;0.076502016;0.06400512;0.051730432;0.047872;0.035321856;0.024735744;0.018342911999999996;0.02353664;0.027474944;0.021798912;0.018386944;0.017329152;0.018433024000000003;0.013964288;0.014952448;0.008390656;0.011070464;0.015642624;0.009128959999999998;0.006674432000000001;0.0077189120000000005;0.007672831999999999;0.0059269119999999995;0.0055429120000000005;0.003831808;0.004663296;0.005751808;0.005093376;0.005013504;0.005690368;0.004787200000000001;0.004016128;0.00395264;0.003969024;0.003349504;0.002276352;0.0023173119999999998;0.0031467520000000005;0.002958336;0.0023347199999999998;0.0022814719999999997;0.002171904;0.002123776;0.0016138239999999998;0.0011048960000000002;0.0014192640000000002;0.001410048;0.0010373119999999999;0.0013824
1775392200,hdr,0.0293;0.03906;0.04883;0.05859;0.06836;0.07813;0.08789;0.09766;0.10742;0.11719;0.12695;0.13672;0.14648;0.15625;0.16602;0.17578;0.18555;0.19531;0.20508;0.21484;0.22461;0.23438;0.24414;0.25391;0.26367;0.27344;0.2832;0.29297;0.30273;0.3125;0.32227;0.33203;0.3418;0.35156;0.36133;0.37109;0.38086;0.39063;0.40039;0.41016;0.41992;0.42969;0.43945;0.44922;0.45898;0.46875;0.47852;0.48828;0.49805;0.50781;0.51758;0.52734;0.53711;0.54688;0.55664;0.56641;0.57617;0.58594;0.5957;0.60547;0.61523;0.625;0.63477;0.64453;0.6543;0.66406;0.67383;0.68359;0.69336;0.70313;0.71289;0.72266;0.73242;0.74219;0.75195;0.76172;0.77148;0.78125;0.79102,0.0073431040000000005;0.010267647999999999;0.011592704;0.006169600000000001;0.006794240000000001;0.0047790079999999995;0.025323519999999995;0.091398144;0.14519500800000001;0.230857728;0.28189491199999994;0.513521664;0.8189788160000001;0.8033843199999999;0.541960192;0.29334732799999996;0.30641254400000006;0.22017740800000002;0.15329792;0.20864307199999998;0.213773312;0.224744448;0.166224896;0.13913395199999998;0.132718592;0.09030246400000001;0.09833267200000001;0.084652032;0.047531008;0.040778752;0.053849088;0.043995136;0.053462015999999994;0.032033792;0.023907328000000002;0.03388620800000001;0.027380735999999996;0.027900928;0.034568192000000005;0.022026240000000002;0.026893312000000003;0.019539967999999998;0.018603007999999997;0.020873216;0.013868031999999999;0.011756544;0.01019392;0.008765440000000001;0.007635968;0.008380416000000002;0.00713216;0.010528768;0.006022144;0.0049858559999999994;0.007241728;0.004780032;0.004909055999999999;0.006199296;0.00644608;0.004155392;0.005584896;0.0062648320000000006;0.0039075839999999995;0.0033720319999999996;0.002833408;0.002377728;0.002272256;0.0036167680000000002;0.002817024;0.002234368;0.002318336;0.0019251199999999998;0.00160256;0.002168832;0.0017397760000000002;0.0013701120000000002;0.0008488959999999999;0.001439744;0.0015964160000000002
1775393100,hdr,0.0293;0.03906;0.04883;0.05859;0.06836;0.07813;0.08789;0.09766;0.10742;0.11719;0.12695;0.13672;0.14648;0.15625;0.16602;0.17578;0.18555;0.19531;0.20508;0.21484;0.22461;0.23438;0.24414;0.25391;0.26367;0.27344;0.2832;0.29297;0.30273;0.3125;0.32227;0.33203;0.3418;0.35156;0.36133;0.37109;0.38086;0.39063;0.40039;0.41016;0.41992;0.42969;0.43945;0.44922;0.45898;0.46875;0.47852;0.48828;0.49805;0.50781;0.51758;0.52734;0.53711;0.54688;0.55664;0.56641;0.57617;0.58594;0.5957;0.60547;0.61523;0.625;0.63477;0.64453;0.6543;0.66406;0.67383;0.68359;0.69336;0.70313;0.71289;0.72266;0.73242;0.74219;0.75195;0.76172;0.77148;0.78125;0.79102,0.004313088;0.00687104;0.007581696;0.00699392;0.006327296;0.0067532799999999995;0.019099647999999997;0.070728704;0.24955494400000003;0.45112831999999997;0.488844288;0.485264384;0.434040832;0.993340416;0.9762734080000001;0.46559641599999996;0.32456192;0.18876416000000001;0.166685696;0.18415104000000002;0.140381184;0.08940544;0.097287168;0.11921100800000001;0.182687744;0.1795072;0.11541811199999999;0.097112064;0.10417766399999999;0.08605798400000002;0.080644096;0.06970368;0.0561408;0.045811712;0.02698752;0.017733632000000003;0.015976448;0.021806080000000002;0.027063296;0.029590527999999998;0.021553152000000003;0.020337664000000002;0.022427648;0.024158207999999997;0.012282880000000001;0.013483008;0.019038208;0.018564096;0.014661632;0.010976256;0.007329792000000001;0.006842368;0.008759296;0.005370879999999999;0.006683648;0.007032832;0.005208064;0.005325824;0.004197376;0.003350528;0.004496384;0.003228672;0.0038338559999999996;0.00357376;0.003560448;0.003516416;0.0029716480000000003;0.00210944;0.001727488;0.002654208;0.00303104;0.003158016;0.001970176;0.002236416;0.0014448640000000001;0.00169984;0.001406976;0.001734656;0.00134144
1775394000,hdr,0.0293;0.03906;0.04883;0.05859;0.06836;0.07813;0.08789;0.09766;0.10742;0.11719;0.12695;0.13672;0.14648;0.15625;0.16602;0.17578;0.18555;0.19531;0.20508;0.21484;0.22461;0.23438;0.24414;0.25391;0.26367;0.27344;0.2832;0.29297;0.30273;0.3125;0.32227;0.33203;0.3418;0.35156;0.36133;0.37109;0.38086;0.39063;0.40039;0.41016;0.41992;0.42969;0.43945;0.44922;0.45898;0.46875;0.47852;0.48828;0.49805;0.50781;0.51758;0.52734;0.53711;0.54688;0.55664;0.56641;0.57617;0.58594;0.5957;0.60547;0.61523;0.625;0.63477;0.64453;0.6543;0.66406;0.67383;0.68359;0.69336;0.70313;0.71289;0.72266;0.73242;0.74219;0.75195;0.76172;0.77148;0.78125;0.79102,0.004927488000000001;0.00610304;0.008730624;0.009766912;0.010522624;0.011534336;0.03103744;0.096466944;0.28262195200000007;0.708702208;1.546651648;1.13581056;0.808697856;1.233319936;0.902774784;0.5312286719999999;0.401225728;0.33103872;0.280926208;0.27379712;0.196773888;0.225785856;0.22578175999999997;0.206671872;0.138969088;0.115560448;0.123009024;0.12177408;0.120670208;0.116662272;0.080093184;0.050206719999999996;0.036763648;0.047962112;0.05553152;0.045056;0.033787903999999994;0.028975104;0.034220032000000004;0.038156288000000003;0.031113216;0.02282496;0.0291328;0.026204160000000004;0.018542592;0.015038464;0.011974655999999998;0.010461184;0.014903295999999998;0.0139264;0.010250239999999999;0.011413504;0.009078784000000001;0.009988096000000002;0.006258688;0.006258688;0.0075796480000000005;0.007643136;0.0070492160000000005;0.00790528;0.00835584;0.0052469759999999996;0.003059712;0.003151872;0.0032890880000000003;0.002934784;0.0031395840000000004;0.0022241279999999997;0.0023265280000000004;0.0016384000000000001;0.001929216;0.001769472;0.0018944;0.001345536;0.000780288;0.000903168;0.0009584639999999999;0.0014581759999999998;0.001974272
1775394900,hdr,0.0293;0.03906;0.04883;0.05859;0.06836;0.07813;0.08789;0.09766;0.10742;0.11719;0.12695;0.13672;0.14648;0.15625;0.16602;0.17578;0.18555;0.19531;0.20508;0.21484;0.22461;0.23438;0.24414;0.25391;0.26367;0.27344;0.2832;0.29297;0.30273;0.3125;0.32227;0.33203;0.3418;0.35156;0.36133;0.37109;0.38086;0.39063;0.40039;0.41016;0.41992;0.42969;0.43945;0.44922;0.45898;0.46875;0.47852;0.48828;0.49805;0.50781;0.51758;0.52734;0.53711;0.54688;0.55664;0.56641;0.57617;0.58594;0.5957;0.60547;0.61523;0.625;0.63477;0.64453;0.6543;0.66406;0.67383;0.68359;0.69336;0.70313;0.71289;0.72266;0.73242;0.74219;0.75195;0.76172;0.77148;0.78125;0.79102,0.003575808;0.008812544000000002;0.010471424000000002;0.006656;0.008331264;0.015484928;0.023171072;0.08414208000000001;0.6721024;1.625008128;1.6970997760000002;1.0745733119999998;1.074952192;1.004238848;0.711274496;0.330098688;0.204048384;0.29006643200000004;0.30660812800000004;0.26490265599999996;0.28536217599999997;0.17974476799999997;0.25931980800000004;0.23271219199999998;0.20448665600000002;0.148135936;0.155979776;0.127561728;0.156342272;0.10384588800000001;0.089980928;0.078215168;0.068988928;0.040890368;0.04448256;0.055635968;0.06237184;0.055066623999999995;0.04365516800000001;0.028551168000000002;0.036118528;0.024055807999999998;0.02697216;0.027746304;0.017666048;0.011890688;0.019566592;0.01900544;0.023762944;0.015300608;0.016420864;0.015351808000000002;0.011165696;0.014620672000000001;0.015742976000000002;0.007376896000000001;0.0039772159999999996;0.001810432;0.002332672;0.003995648;0.0039649279999999995;0.005154816;0.006111232;0.005085184;0.003270656;0.00319488;0.003723264;0.002803712;0.0020746239999999997;0.001810432;0.0025579519999999996;0.0024494079999999997;0.0026296320000000002;0.00256;0.0024084479999999997;0.002177024;0.001521664;0.0014274560000000001;0.001564672
1775395800,hdr,0.0293;0.03906;0.04883;0.05859;0.06836;0.07813;0.08789;0.09766;0.10742;0.11719;0.12695;0.13672;0.14648;0.15625;0.16602;0.17578;0.18555;0.19531;0.20508;0.21484;0.22461;0.23438;0.24414;0.25391;0.26367;0.27344;0.2832;0.29297;0.30273;0.3125;0.32227;0.33203;0.3418;0.35156;0.36133;0.37109;0.38086;0.39063;0.40039;0.41016;0.41992;0.42969;0.43945;0.44922;0.45898;0.46875;0.47852;0.48828;0.49805;0.50781;0.51758;0.52734;0.53711;0.54688;0.55664;0.56641;0.57617;0.58594;0.5957;0.60547;0.61523;0.625;0.63477;0.64453;0.6543;0.66406;0.67383;0.68359;0.69336;0.70313;0.71289;0.72266;0.73242;0.74219;0.75195;0.76172;0.77148;0.78125;0.79102,0.00416256;0.010447871999999999;0.008318976;0.009341951999999999;0.012066816000000001;0.011676672;0.025516031999999994;0.10240512;0.761659392;1.816639488;2.231380992;1.283610624;0.9393469440000001;0.646797312;0.5967237120000001;0.48960614399999997;0.32928153600000004;0.34066944;0.260318208;0.22720511999999998;0.453888;0.36427776;0.499298304;0.41362022400000004;0.234369024;0.16593407999999998;0.169242624;0.10635264;0.082234368;0.09471590399999999;0.112177152;0.111338496;0.09003110399999999;0.04591104;0.043527168;0.039229440000000004;0.030716927999999998;0.036040704;0.047305728;0.04720128;0.035748864;0.027193344;0.029150208;0.023611392;0.015903744;0.016287744;0.018284543999999996;0.023301119999999998;0.018183168;0.009083904;0.010920959999999999;0.009216;0.009114624;0.004939776;0.006564863999999999;0.008549376000000001;0.007289856000000001;0.006761472;0.006829056000000001;0.007216128;0.00557568;0.005523456;0.003796992;0.0030996479999999996;0.0047216639999999995;0.00589824;0.004862976;0.0032040960000000005;0.0024514560000000003;0.002801664;0.0033085440000000005;0.001870848;0.002279424;0.002153472;0.0024791039999999998;0.0019660800000000003;0.001837056;0.000918528;0.001910784
1775396700,hdr,0.0293;0.03906;0.04883;0.05859;0.06836;0.07813;0.08789;0.09766;0.10742;0.11719;0.12695;0.13672;0.14648;0.15625;0.16602;0.17578;0.18555;0.19531;0.20508;0.21484;0.22461;0.23438;0.24414;0.25391;0.26367;0.27344;0.2832;0.29297;0.30273;0.3125;0.32227;0.33203;0.3418;0.35156;0.36133;0.37109;0.38086;0.39063;0.40039;0.41016;0.41992;0.42969;0.43945;0.44922;0.45898;0.46875;0.47852;0.48828;0.49805;0.50781;0.51758;0.52734;0.53711;0.54688;0.55664;0.56641;0.57617;0.58594;0.5957;0.60547;0.61523;0.625;0.63477;0.64453;0.6543;0.66406;0.67383;0.68359;0.69336;0.70313;0.71289;0.72266;0.73242;0.74219;0.75195;0.76172;0.77148;0.78125;0.79102,0.008716288;0.013582335999999999;0.015276032000000002;0.006303744;0.009682944;0.011380736;0.027480064;0.126502912;0.743634944;1.373933568;1.750695936;1.315467264;0.8009236479999999;0.805656576;0.49464729599999996;0.510967808;0.29943808;0.202262528;0.18695168;0.1559552;0.234268672;0.34623488;0.36680499200000005;0.337563648;0.24832;0.18894847999999997;0.14934835200000002;0.066136064;0.09396223999999999;0.10953932799999999;0.075102208;0.045164544;0.06303744;0.065695744;0.051744768000000003;0.029038592000000002;0.017580032;0.029263872;0.0254976;0.024080384;0.029349887999999998;0.024625151999999997;0.016439296;0.022669312;0.019451904;0.022499328;0.016365568;0.014389248;0.014262272;0.014471168;0.016310272;0.015163392;0.006529024;0.008577023999999999;0.00749568;0.009099264;0.007426048;0.008937472;0.009127936;0.005853183999999999;0.004982784;0.00489472;0.003928064;0.005351424;0.005332992;0.003072;0.00206848;0.001757184;0.0020357120000000003;0.00319488;0.00384;0.002217984;0.001079296;0.001599488;0.0024064;0.0020746239999999997;0.002514944;0.002213888;0.0019046400000000002
1775397600,hdr,0.0293;0.03906;0.04883;0.05859;0.06836;0.07813;0.08789;0.09766;0.10742;0.11719;0.12695;0.13672;0.14648;0.15625;0.16602;0.17578;0.18555;0.19531;0.20508;0.21484;0.22461;0.23438;0.24414;0.25391;0.26367;0.27344;0.2832;0.29297;0.30273;0.3125;0.32227;0.33203;0.3418;0.35156;0.36133;0.37109;0.38086;0.39063;0.40039;0.41016;0.41992;0.42969;0.43945;0.44922;0.45898;0.46875;0.47852;0.48828;0.49805;0.50781;0.51758;0.52734;0.53711;0.54688;0.55664;0.56641;0.57617;0.58594;0.5957;0.60547;0.61523;0.625;0.63477;0.64453;0.6543;0.66406;0.67383;0.68359;0.69336;0.70313;0.71289;0.72266;0.73242;0.74219;0.75195;0.76172;0.77148;0.78125;0.79102,0.00444416;0.008296448;0.007755776;0.006019072;0.00764928;0.00538624;0.020289536;0.094070784;0.62317568;1.612853248;1.656885248;1.29437696;1.1012567039999999;0.9865318399999999;0.705333248;0.406935552;0.342003712;0.31457075200000006;0.2564096;0.28700672;0.204273664;0.158447616;0.213352448;0.21029478399999998;0.203995136;0.21757337599999999;0.15738675200000002;0.111613952;0.082200576;0.084099072;0.112216064;0.086980608;0.052963328;0.062093312;0.04464844800000001;0.042954752;0.032827392;0.033830912;0.024133632;0.031156224000000003;0.034023424;0.02233344;0.015816704;0.019023872;0.013965312000000002;0.015034368000000001;0.022439935999999997;0.013402112;0.016257024000000002;0.016787456;0.014714880000000001;0.009510912;0.007888896;0.008003584;0.008556544;0.008400895999999998;0.009199616;0.007235584;0.005865472;0.004718592000000001;0.003364864;0.00507904;0.009189376;0.005769216000000001;0.0038256640000000003;0.0040366080000000006;0.0034406400000000005;0.003663872;0.003168256;0.002824192;0.0024084479999999997;0.002445312;0.001933312;0.001181696;0.0014110720000000002;0.001574912;0.00214016;0.0020357120000000003;0.002412544
1775398500,hdr,0.0293;0.03906;0.04883;0.05859;0.06836;0.07813;0.08789;0.09766;0.10742;0.11719;0.12695;0.13672;0.14648;0.15625;0.16602;0.17578;0.18555;0.19531;0.20508;0.21484;0.22461;0.23438;0.24414;0.25391;0.26367;0.27344;0.2832;0.29297;0.30273;0.3125;0.32227;0.33203;0.3418;0.35156;0.36133;0.37109;0.38086;0.39063;0.40039;0.41016;0.41992;0.42969;0.43945;0.44922;0.45898;0.46875;0.47852;0.48828;0.49805;0.50781;0.51758;0.52734;0.53711;0.54688;0.55664;0.56641;0.57617;0.58594;0.5957;0.60547;0.61523;0.625;0.63477;0.64453;0.6543;0.66406;0.67383;0.68359;0.69336;0.70313;0.71289;0.72266;0.73242;0.74219;0.75195;0.76172;0.77148;0.78125;0.79102,0.01242624;0.011778048000000001;0.015808512;0.026293248;0.020951039999999997;0.011179007999999999;0.025224192;0.112438272;0.37989580799999995;1.3414840319999999;2.346921984;1.313409024;0.737021952;0.65117184;0.49830297599999995;0.519438336;0.556932096;0.387400704;0.308686848;0.27833856;0.369168384;0.463617024;0.3433728;0.306895872;0.29939097600000003;0.29571072;0.23297740800000002;0.14627635199999997;0.11707084799999999;0.14328422400000002;0.084946944;0.06410342399999999;0.069098496;0.06062592;0.061658111999999994;0.049975296;0.04328755199999999;0.033408;0.032553984;0.029835264;0.026557439999999998;0.028468223999999997;0.020401152000000002;0.024093695999999998;0.013691904000000001;0.011882496;0.018183168;0.018720768;0.016441344;0.008853504000000002;0.011271168;0.00903168;0.007084032;0.007925759999999999;0.008954880000000002;0.0051456;0.006380544;0.006623232;0.006675456;0.00534528;0.007852032;0.003720192;0.003201024;0.004027392;0.002217984;0.0022763519999999997;0.0028968960000000004;0.003873792;0.0035850240000000005;0.002423808;0.002122752;0.001539072;0.001069056;0.0027863040000000003;0.002291712;0.001631232;0.0015513600000000001;0.0019537919999999998;0.0015267840000000002
1775399400,hdr,0.0293;0.03906;0.04883;0.05859;0.06836;0.07813;0.08789;0.09766;0.10742;0.11719;0.12695;0.13672;0.14648;0.15625;0.16602;0.17578;0.18555;0.19531;0.20508;0.21484;0.22461;0.23438;0.24414;0.25391;0.26367;0.27344;0.2832;0.29297;0.30273;0.3125;0.32227;0.33203;0.3418;0.35156;0.36133;0.37109;0.38086;0.39063;0.40039;0.41016;0.41992;0.42969;0.43945;0.44922;0.45898;0.46875;0.47852;0.48828;0.49805;0.50781;0.51758;0.52734;0.53711;0.54688;0.55664;0.56641;0.57617;0.58594;0.5957;0.60547;0.61523;0.625;0.63477;0.64453;0.6543;0.66406;0.67383;0.68359;0.69336;0.70313;0.71289;0.72266;0.73242;0.74219;0.75195;0.76172;0.77148;0.78125;0.79102,0.008228863999999999;0.007206912;0.005644288000000001;0.0046817280000000005;0.011663360000000001;0.015157248;0.0141824;0.09809715199999999;0.388190208;1.2021309439999999;1.56726272;1.1321856000000001;0.9246371840000001;0.813056;0.9502392319999999;0.657201152;0.313565184;0.24453324799999998;0.30738432;0.17982668799999998;0.233670656;0.246317056;0.14845132799999997;0.213121024;0.217366528;0.16954163199999997;0.169910272;0.122443776;0.084504576;0.076435456;0.075593728;0.066756608;0.07682048000000001;0.055830528;0.047736832;0.038643712;0.034502656;0.033378304;0.021921792000000002;0.023277568;0.023373824;0.017778687999999997;0.011812864;0.014798848;0.018817024;0.013305856;0.009744384;0.011153408000000002;0.013346816000000001;0.009945088;0.007882752;0.014690304;0.010571776;0.006727680000000001;0.006127616;0.006977536;0.006803456;0.005730304;0.0032768000000000003;0.004466688;0.004329472;0.00410624;0.003874816;0.002572288;0.002156544;0.002852864;0.0023408640000000002;0.002932736;0.0030330879999999998;0.003004416;0.00238592;0.0019517439999999998;0.002021376;0.0014929920000000003;0.001787904;0.001968128;0.0013824;0.0013639680000000001;0.0011694079999999998
1775400300,hdr,0.0293;0.03906;0.04883;0.05859;0.06836;0.07813;0.08789;0.09766;0.10742;0.11719;0.12695;0.13672;0.14648;0.15625;0.16602;0.17578;0.18555;0.19531;0.20508;0.21484;0.22461;0.23438;0.24414;0.25391;0.26367;0.27344;0.2832;0.29297;0.30273;0.3125;0.32227;0.33203;0.3418;0.35156;0.36133;0.37109;0.38086;0.39063;0.40039;0.41016;0.41992;0.42969;0.43945;0.44922;0.45898;0.46875;0.47852;0.48828;0.49805;0.50781;0.51758;0.52734;0.53711;0.54688;0.55664;0.56641;0.57617;0.58594;0.5957;0.60547;0.61523;0.625;0.63477;0.64453;0.6543;0.66406;0.67383;0.68359;0.69336;0.70313;0.71289;0.72266;0.73242;0.74219;0.75195;0.76172;0.77148;0.78125;0.79102,0.0056801279999999996;0.010626047999999999;0.0059965439999999995;0.006715392;0.007953408;0.012432384;0.025866240000000002;0.11402342399999998;0.5852129279999999;1.6878520320000001;2.350519296;1.197410304;0.462845952;0.5735546880000001;0.49152;0.464326656;0.346764288;0.3039744;0.23096832;0.27355238400000004;0.23968972799999996;0.17316249600000003;0.18000691200000002;0.225447936;0.145560576;0.064733184;0.09472204799999999;0.10508697600000001;0.08615424;0.07339008;0.059105279999999996;0.085361664;0.064822272;0.043044864;0.038811648000000004;0.028486656;0.042114048;0.039177216;0.018127872;0.015651839999999997;0.021682176;0.029807616;0.02108928;0.011621376000000001;0.016628736;0.016155647999999998;0.012767232;0.012665856;0.007237632000000001;0.007529472;0.00695808;0.0076892160000000005;0.013292544;0.012177407999999999;0.004933631999999999;0.003167232;0.0035512319999999997;0.005732352;0.006976512;0.004334592;0.002531328;0.004386816;0.004211712;0.004079616;0.00324096;0.0032071680000000003;0.003038208;0.002835456;0.001803264;0.001959936;0.001453056;0.001127424;0.0014622720000000001;0.0015544320000000003;0.0013701120000000002;0.00121344;0.001096704;0.001281024;0.001385472
1775401200,hdr,0.0293;0.03906;0.04883;0.05859;0.06836;0.07813;0.08789;0.09766;0.10742;0.11719;0.12695;0.13672;0.14648;0.15625;0.16602;0.17578;0.18555;0.19531;0.20508;0.21484;0.22461;0.23438;0.24414;0.25391;0.26367;0.27344;0.2832;0.29297;0.30273;0.3125;0.32227;0.33203;0.3418;0.35156;0.36133;0.37109;0.38086;0.39063;0.40039;0.41016;0.41992;0.42969;0.43945;0.44922;0.45898;0.46875;0.47852;0.48828;0.49805;0.50781;0.51758;0.52734;0.53711;0.54688;0.55664;0.56641;0.57617;0.58594;0.5957;0.60547;0.61523;0.625;0.63477;0.64453;0.6543;0.66406;0.67383;0.68359;0.69336;0.70313;0.71289;0.72266;0.73242;0.74219;0.75195;0.76172;0.77148;0.78125;0.79102,0.007440384;0.015005696;0.015802368;0.011339776;0.010555392;0.023226368;0.039770112;0.15542476800000002;0.7299112959999999;1.12697344;1.6311193599999998;0.75623424;0.786317312;0.8628940800000001;0.398862336;0.423411712;0.41051136000000005;0.28637593600000005;0.324419584;0.281434112;0.276099072;0.292542464;0.218546176;0.18274304;0.178176;0.125722624;0.06746316799999999;0.119003136;0.128827392;0.099610624;0.074829824;0.06659072;0.053473280000000005;0.044730368;0.052150272000000004;0.050921472;0.032188416;0.019347456000000002;0.03058688;0.02737152;0.025036799999999998;0.022804480000000002;0.017809408;0.02281472;0.020948992000000003;0.011003904;0.007456768;0.009701376;0.010553344;0.012017664;0.00677888;0.007182336;0.00545792;0.004861951999999999;0.003862528;0.004413439999999999;0.005711872;0.003121152;0.00146432;0.002910208;0.005308416;0.004390912;0.002306048;0.0012308479999999999;0.002287616;0.002576384;0.002316288;0.00101376;0.00256;0.0026624;0.001253376;0.00146432;0.001572864;0.001538048;0.001134592;0.001353728;0.000968704;0.000751616;0.00088064
1775402100,hdr,0.0293;0.03906;0.04883;0.05859;0.06836;0.07813;0.08789;0.09766;0.10742;0.11719;0.12695;0.13672;0.14648;0.15625;0.16602;0.17578;0.18555;0.19531;0.20508;0.21484;0.22461;0.23438;0.24414;0.25391;0.26367;0.27344;0.2832;0.29297;0.30273;0.3125;0.32227;0.33203;0.3418;0.35156;0.36133;0.37109;0.38086;0.39063;0.40039;0.41016;0.41992;0.42969;0.43945;0.44922;0.45898;0.46875;0.47852;0.48828;0.49805;0.50781;0.51758;0.52734;0.53711;0.54688;0.55664;0.56641;0.57617;0.58594;0.5957;0.60547;0.61523;0.625;0.63477;0.64453;0.6543;0.66406;0.67383;0.68359;0.69336;0.70313;0.71289;0.72266;0.73242;0.74219;0.75195;0.76172;0.77148;0.78125;0.79102,0.0040243200000000005;0.007616512000000001;0.0058818559999999995;0.004374527999999999;0.008155136;0.014217216;0.03267584;0.155867136;0.77677568;1.917671424;1.440464896;1.1142164479999999;0.798662656;0.7313223680000001;0.66644992;0.5740810239999999;0.362100736;0.26101145600000003;0.348583936;0.29658112;0.21328896;0.252418048;0.241487872;0.20821401599999997;0.24964096000000002;0.21119590400000002;0.15354060799999997;0.114776064;0.072448;0.045051904000000004;0.07231488;0.032466944;0.035538944;0.048490496;0.043849728;0.05599641600000001;0.031838208;0.025837567999999998;0.040337408000000005;0.024510464;0.019044352;0.014157824000000001;0.005646336;0.008075264;0.010018815999999998;0.017739776;0.022433792;0.011884544;0.0152064;0.010233856;0.0053411840000000006;0.00473088;0.004304896000000001;0.004145152;0.004308992;0.004395008;0.003241984;0.004122624;0.0034816;0.0024616959999999998;0.003065856;0.004337664;0.004358144;0.0022528;0.0011837439999999998;0.002072576;0.001839104;0.001970176;0.002000896;0.0013946879999999998;0.001409024;0.001462272;0.001284096;0.001069056;0.001337344;0.001714176;0.001652736;0.001134592;0.0009625599999999999
1775403000,hdr,0.0293;0.03906;0.04883;0.05859;0.06836;0.07813;0.08789;0.09766;0.10742;0.11719;0.12695;0.13672;0.14648;0.15625;0.16602;0.17578;0.18555;0.19531;0.20508;0.21484;0.22461;0.23438;0.24414;0.25391;0.26367;0.27344;0.2832;0.29297;0.30273;0.3125;0.32227;0.33203;0.3418;0.35156;0.36133;0.37109;0.38086;0.39063;0.40039;0.41016;0.41992;0.42969;0.43945;0.44922;0.45898;0.46875;0.47852;0.48828;0.49805;0.50781;0.51758;0.52734;0.53711;0.54688;0.55664;0.56641;0.57617;0.58594;0.5957;0.60547;0.61523;0.625;0.63477;0.64453;0.6543;0.66406;0.67383;0.68359;0.69336;0.70313;0.71289;0.72266;0.73242;0.74219;0.75195;0.76172;0.77148;0.78125;0.79102,0.004343808;0.011847680000000001;0.012904448;0.007686143999999999;0.005818368;0.00361472;0.026867712;0.16223027200000004;0.882835456;1.7776680960000002;2.010161152;1.310152704;1.04436736;0.399734784;0.32898457600000003;0.42325606399999993;0.5014016;0.3594096640000001;0.218656768;0.228339712;0.164907008;0.146505728;0.22672179199999998;0.228460544;0.15825305599999998;0.11534336;0.1060864;0.061609984;0.060045312;0.064925696;0.065640448;0.07309312;0.050542592;0.07066624;0.06749184;0.028481536000000002;0.025339904000000003;0.031162368000000003;0.026822656;0.025858047999999998;0.019562496;0.016484352000000004;0.020445184;0.019144704000000002;0.016762879999999997;0.01639424;0.012496895999999999;0.011534336;0.0077639679999999996;0.008945664;0.01079296;0.008042496;0.006336512;0.0069632;0.00564224;0.004161536;0.0043827200000000005;0.00208896;0.0041512960000000005;0.004667392000000001;0.004458496;0.003610624;0.003946496;0.003731456;0.0029634559999999997;0.002021376;0.0021217280000000002;0.001855488;0.001202176;0.0013680639999999998;0.001619968;0.001562624;0.001708032;0.0017203200000000002;0.00198656;0.0011427840000000002;0.0009605120000000001;0.0007372800000000001;0.00079872
1775403900,hdr,0.0293;0.03906;0.04883;0.05859;0.06836;0.07813;0.08789;0.09766;0.10742;0.11719;0.12695;0.13672;0.14648;0.15625;0.16602;0.17578;0.18555;0.19531;0.20508;0.21484;0.22461;0.23438;0.24414;0.25391;0.26367;0.27344;0.2832;0.29297;0.30273;0.3125;0.32227;0.33203;0.3418;0.35156;0.36133;0.37109;0.38086;0.39063;0.40039;0.41016;0.41992;0.42969;0.43945;0.44922;0.45898;0.46875;0.47852;0.48828;0.49805;0.50781;0.51758;0.52734;0.53711;0.54688;0.55664;0.56641;0.57617;0.58594;0.5957;0.60547;0.61523;0.625;0.63477;0.64453;0.6543;0.66406;0.67383;0.68359;0.69336;0.70313;0.71289;0.72266;0.73242;0.74219;0.75195;0.76172;0.77148;0.78125;0.79102,0.004452352;0.0107008;0.015560704;0.009979903999999998;0.0044544;0.005888;0.01637376;0.085090304;0.7453552640000001;1.467195392;1.687392256;1.086189568;0.7627141119999999;0.43272192;0.41877504;0.39634944;0.334215168;0.27225497600000004;0.174659584;0.255911936;0.18486272;0.22687744;0.220921856;0.149407744;0.13849395200000003;0.16612966399999998;0.13940121600000002;0.080377856;0.09809305600000001;0.073125888;0.056905728;0.06566912000000001;0.07324672;0.042797056;0.037711872;0.031586304;0.022892544;0.027144191999999998;0.028880896;0.019105792;0.014794752;0.022145024;0.022263808;0.019218432;0.020748288;0.020105216;0.013379583999999998;0.009990144;0.007213056;0.008194048;0.010426368;0.009281535999999998;0.01058816;0.010903552;0.006631424;0.0080384;0.00683008;0.009306112000000002;0.007036928;0.004276224;0.004067328;0.00350208;0.004556800000000001;0.003315712;0.002547712;0.0021893120000000005;0.001476608;0.001902592;0.002158592;0.00309248;0.00222208;0.001757184;0.0020910079999999997;0.0014028799999999998;0.0013905920000000002;0.001069056;0.00103424;0.0011284479999999998;0.001517568
1775404800,hdr,0.0293;0.03906;0.04883;0.05859;0.06836;0.07813;0.08789;0.09766;0.10742;0.11719;0.12695;0.13672;0.14648;0.15625;0.16602;0.17578;0.18555;0.19531;0.20508;0.21484;0.22461;0.23438;0.24414;0.25391;0.26367;0.27344;0.2832;0.29297;0.30273;0.3125;0.32227;0.33203;0.3418;0.35156;0.36133;0.37109;0.38086;0.39063;0.40039;0.41016;0.41992;0.42969;0.43945;0.44922;0.45898;0.46875;0.47852;0.48828;0.49805;0.50781;0.51758;0.52734;0.53711;0.54688;0.55664;0.56641;0.57617;0.58594;0.5957;0.60547;0.61523;0.625;0.63477;0.64453;0.6543;0.66406;0.67383;0.68359;0.69336;0.70313;0.71289;0.72266;0.73242;0.74219;0.75195;0.76172;0.77148;0.78125;0.79102,0.0029655040000000003;0.00636928;0.0060682240000000005;0.004917248;0.007817216;0.007364607999999999;0.018153472;0.062322688;0.505247744;1.29895424;1.5752130560000002;1.896398848;0.987643904;0.9606471679999999;0.5471395840000001;0.346437632;0.431382528;0.26350592;0.204617728;0.230631424;0.23242752;0.20794163200000002;0.13881344;0.208263168;0.15675392;0.10642227200000001;0.10166067200000001;0.104568832;0.100431872;0.08233779199999999;0.059777024;0.048678912;0.045035519999999996;0.030531584;0.04701184;0.042514432;0.034650112000000004;0.03280896;0.021041152;0.022095872;0.02813952;0.021747712;0.014688256000000002;0.019750912;0.021141504000000002;0.024756223999999997;0.016152576;0.010194944;0.009975808000000001;0.00628736;0.005820416;0.008271872;0.008402943999999999;0.005320704;0.005605376;0.009490432;0.010782719999999999;0.006879232;0.004605952;0.00453632;0.004581375999999999;0.00377856;0.0043827200000000005;0.0044605439999999994;0.003618816;0.004124672;0.004427776;0.004233216;0.0019046400000000002;0.001708032;0.002322432;0.002295808;0.002125824;0.0020357120000000003;0.001728512;0.0014561280000000001;0.001226752;0.001030144;0.00077824
1775405700,hdr,0.0293;0.03906;0.04883;0.05859;0.06836;0.07813;0.08789;0.09766;0.10742;0.11719;0.12695;0.13672;0.14648;0.15625;0.16602;0.17578;0.18555;0.19531;0.20508;0.21484;0.22461;0.23438;0.24414;0.25391;0.26367;0.27344;0.2832;0.29297;0.30273;0.3125;0.32227;0.33203;0.3418;0.35156;0.36133;0.37109;0.38086;0.39063;0.40039;0.41016;0.41992;0.42969;0.43945;0.44922;0.45898;0.46875;0.47852;0.48828;0.49805;0.50781;0.51758;0.52734;0.53711;0.54688;0.55664;0.56641;0.57617;0.58594;0.5957;0.60547;0.61523;0.625;0.63477;0.64453;0.6543;0.66406;0.67383;0.68359;0.69336;0.70313;0.71289;0.72266;0.73242;0.74219;0.75195;0.76172;0.77148;0.78125;0.79102,0.002142208;0.004685824000000001;0.006463488;0.003883008;0.0042065919999999994;0.00871424;0.02296832;0.064944128;0.35417907200000004;1.0925936639999998;1.65987328;1.3621207039999998;0.8228945919999999;0.663611392;0.564856832;0.373587968;0.216963072;0.21679308800000002;0.32190054400000007;0.22344499200000004;0.16212992;0.16582451199999998;0.28873318400000003;0.168923136;0.15495168;0.16068608;0.11400806399999999;0.079484928;0.108931072;0.069265408;0.0434176;0.049616895999999994;0.031369216;0.032342016;0.039675904000000005;0.050403328000000004;0.042561536;0.0346624;0.037009408;0.033951744;0.029202432;0.021884928;0.018118656000000004;0.017358848;0.014534656000000002;0.014637055999999999;0.01989632;0.011640832;0.009795584000000001;0.011235328000000001;0.014700544;0.013262848;0.008845312;0.00818176;0.0077742079999999995;0.007645184;0.006187008;0.0036392959999999998;0.0037621760000000003;0.0050749440000000005;0.007970816;0.007366656;0.00492544;0.003209216;0.002308096;0.002592768;0.002828288;0.003667968;0.003917824;0.0030289920000000003;0.002156544;0.002193408;0.0016179200000000001;0.002193408;0.001796096;0.0019886079999999998;0.001441792;0.001234944;0.00137216
1775406600,hdr,0.0293;0.03906;0.04883;0.05859;0.06836;0.07813;0.08789;0.09766;0.10742;0.11719;0.12695;0.13672;0.14648;0.15625;0.16602;0.17578;0.18555;0.19531;0.20508;0.21484;0.22461;0.23438;0.24414;0.25391;0.26367;0.27344;0.2832;0.29297;0.30273;0.3125;0.32227;0.33203;0.3418;0.35156;0.36133;0.37109;0.38086;0.39063;0.40039;0.41016;0.41992;0.42969;0.43945;0.44922;0.45898;0.46875;0.47852;0.48828;0.49805;0.50781;0.51758;0.52734;0.53711;0.54688;0.55664;0.56641;0.57617;0.58594;0.5957;0.60547;0.61523;0.625;0.63477;0.64453;0.6543;0.66406;0.67383;0.68359;0.69336;0.70313;0.71289;0.72266;0.73242;0.74219;0.75195;0.76172;0.77148;0.78125;0.79102,0.001256448;0.012115968;0.012432384;0.00474624;0.0038584319999999997;0.010831872;0.024772608;0.08727552000000001;0.532199424;1.502779392;2.285156352;1.5207536640000001;0.677280768;0.674869248;0.698268672;0.416861184;0.413270016;0.304997376;0.225408;0.246521856;0.209753088;0.21474815999999997;0.20057395200000003;0.224756736;0.26959564799999997;0.128836608;0.137312256;0.155200512;0.10542796800000001;0.060628992;0.07082495999999999;0.08428953600000001;0.063535104;0.05042688;0.052718591999999995;0.031064064;0.017393664;0.031190016000000004;0.040310784;0.023703552;0.023310336;0.035481599999999995;0.026505216;0.018035712;0.013953024;0.011157503999999999;0.014641152;0.013759488000000002;0.009784319999999999;0.00811008;0.008856576000000001;0.009080832;0.005173247999999999;0.004088832;0.007105536;0.0055080960000000005;0.007590912;0.009163776;0.0077690879999999995;0.005846016;0.003729408;0.003612672;0.003904512;0.003038208;0.0014837759999999998;0.002697216;0.0037754880000000005;0.002863104;0.0017387519999999999;0.0022824959999999997;0.0022302719999999997;0.0018923520000000001;0.001201152;0.0016128;0.001486848;0.0010997759999999998;0.00087552;0.001022976;0.001056768
1775407500,hdr,0.0293;0.03906;0.04883;0.05859;0.06836;0.07813;0.08789;0.09766;0.10742;0.11719;0.12695;0.13672;0.14648;0.15625;0.16602;0.17578;0.18555;0.19531;0.20508;0.21484;0.22461;0.23438;0.24414;0.25391;0.26367;0.27344;0.2832;0.29297;0.30273;0.3125;0.32227;0.33203;0.3418;0.35156;0.36133;0.37109;0.38086;0.39063;0.40039;0.41016;0.41992;0.42969;0.43945;0.44922;0.45898;0.46875;0.47852;0.48828;0.49805;0.50781;0.51758;0.52734;0.53711;0.54688;0.55664;0.56641;0.57617;0.58594;0.5957;0.60547;0.61523;0.625;0.63477;0.64453;0.6543;0.66406;0.67383;0.68359;0.69336;0.70313;0.71289;0.72266;0.73242;0.74219;0.75195;0.76172;0.77148;0.78125;0.79102,0.003485696;0.012943360000000001;0.02292736;0.005677056000000001;0.005904384;0.008407040000000001;0.015622144000000001;0.035309568;0.24598732799999998;0.9420124160000001;0.999305216;1.540550656;1.2295639040000002;0.49395097600000004;0.334575616;0.434200576;0.511684608;0.316176384;0.22070476800000002;0.218478592;0.20211916800000002;0.224413696;0.181972992;0.113588224;0.100601856;0.17795891200000002;0.135043072;0.101771264;0.10513203199999999;0.069412864;0.072779776;0.06172672;0.05218713600000001;0.053194752;0.036866048000000005;0.044918783999999996;0.044050432;0.04296499200000001;0.040802304;0.026904575999999996;0.029915136;0.023844864;0.019492864000000002;0.013236224;0.019269632000000002;0.023521280000000002;0.02568192;0.01206272;0.008962047999999999;0.00662528;0.00498688;0.0057077759999999995;0.00937984;0.009719808000000002;0.008396800000000001;0.008275968000000002;0.005353472;0.003698688;0.0041164800000000005;0.0025333760000000004;0.002902016;0.0026521599999999998;0.004345856;0.004757504;0.004022272;0.0019824639999999998;0.0017858560000000002;0.002244608;0.002748416;0.001792;0.0016220159999999998;0.0013905920000000002;0.001155072;0.001972224;0.002451456;0.001818624;0.00099328;0.0011796480000000002;0.000933888
1775408400,hdr,0.0293;0.03906;0.04883;0.05859;0.06836;0.07813;0.08789;0.09766;0.10742;0.11719;0.12695;0.13672;0.14648;0.15625;0.16602;0.17578;0.18555;0.19531;0.20508;0.21484;0.22461;0.23438;0.24414;0.25391;0.26367;0.27344;0.2832;0.29297;0.30273;0.3125;0.32227;0.33203;0.3418;0.35156;0.36133;0.37109;0.38086;0.39063;0.40039;0.41016;0.41992;0.42969;0.43945;0.44922;0.45898;0.46875;0.47852;0.48828;0.49805;0.50781;0.51758;0.52734;0.53711;0.54688;0.55664;0.56641;0.57617;0.58594;0.5957;0.60547;0.61523;0.625;0.63477;0.64453;0.6543;0.66406;0.67383;0.68359;0.69336;0.70313;0.71289;0.72266;0.73242;0.74219;0.75195;0.76172;0.77148;0.78125;0.79102,0.0024924160000000003;0.0071290880000000004;0.008316928;0.006893568;0.007385088;0.011513856;0.016594944000000004;0.0679936;0.42895564799999997;1.2035276799999999;1.7830768639999999;1.959858176;1.158408192;0.719640576;0.392763392;0.306970624;0.37590016000000004;0.328845312;0.316540928;0.22526566399999998;0.23315660800000002;0.18323660799999997;0.312817664;0.228429824;0.118849536;0.19102719999999998;0.13852672;0.06212608;0.053989376;0.070918144;0.06335488;0.048764928;0.042043392;0.03987456;0.05748326399999999;0.055769088;0.044228608;0.036478976;0.03096576;0.017653759999999998;0.015796224;0.024629248;0.027498496;0.017682431999999998;0.018089984;0.016457727999999998;0.013142016;0.013516799999999999;0.012011520000000001;0.008986624000000002;0.007530496;0.011206656;0.008329216;0.006037504;0.0041492479999999995;0.005423104000000001;0.00545792;0.00468992;0.004601856;0.002787328;0.0021524480000000004;0.003059712;0.003463168;0.003088384;0.002361344;0.0023920639999999997;0.002070528;0.0014192640000000002;0.0017489920000000002;0.001800192;0.0018636800000000002;0.002312192;0.002156544;0.001685504;0.0012288;0.0010813440000000001;0.000989184;0.0008458240000000001;0.000800768
1775409300,hdr,0.0293;0.03906;0.04883;0.05859;0.06836;0.07813;0.08789;0.09766;0.10742;0.11719;0.12695;0.13672;0.14648;0.15625;0.16602;0.17578;0.18555;0.19531;0.20508;0.21484;0.22461;0.23438;0.24414;0.25391;0.26367;0.27344;0.2832;0.29297;0.30273;0.3125;0.32227;0.33203;0.3418;0.35156;0.36133;0.37109;0.38086;0.39063;0.40039;0.41016;0.41992;0.42969;0.43945;0.44922;0.45898;0.46875;0.47852;0.48828;0.49805;0.50781;0.51758;0.52734;0.53711;0.54688;0.55664;0.56641;0.57617;0.58594;0.5957;0.60547;0.61523;0.625;0.63477;0.64453;0.6543;0.66406;0.67383;0.68359;0.69336;0.70313;0.71289;0.72266;0.73242;0.74219;0.75195;0.76172;0.77148;0.78125;0.79102,0.001281024;0.0029368320000000003;0.007732224;0.006076416;0.00709632;0.009566208000000001;0.027718655999999998;0.064121856;0.291182592;1.88422656;2.3961722880000003;1.29725952;1.023338496;0.913585152;0.40332287999999994;0.342494208;0.247962624;0.31397990400000003;0.349827072;0.22065868800000002;0.189324288;0.163946496;0.170416128;0.168188928;0.16907673599999998;0.165393408;0.07478784;0.059609088000000005;0.100353024;0.079878144;0.044289023999999996;0.029365248;0.035300352;0.051861504;0.03245875200000001;0.053784576;0.054736896;0.034332672;0.033153023999999996;0.023460863999999998;0.019968;0.026050559999999997;0.019233792;0.011667456;0.013780992000000002;0.011516928;0.006730752;0.00949248;0.010208255999999999;0.008484864;0.008546304;0.01007616;0.007766016;0.006245376;0.00758784;0.005603328;0.004862976;0.004595711999999999;0.0032655359999999994;0.0034805759999999995;0.0032194560000000003;0.003050496;0.002850816;0.00210432;0.0010813440000000001;0.002147328;0.00244224;0.00156672;0.0019537919999999998;0.00265728;0.002525184;0.001496064;0.001717248;0.00156672;0.001185792;0.000700416;0.0009369599999999999;0.001007616;0.0008448
1775410200,hdr,0.0293;0.03906;0.04883;0.05859;0.06836;0.07813;0.08789;0.09766;0.10742;0.11719;0.12695;0.13672;0.14648;0.15625;0.16602;0.17578;0.18555;0.19531;0.20508;0.21484;0.22461;0.23438;0.24414;0.25391;0.26367;0.27344;0.2832;0.29297;0.30273;0.3125;0.32227;0.33203;0.3418;0.35156;0.36133;0.37109;0.38086;0.39063;0.40039;0.41016;0.41992;0.42969;0.43945;0.44922;0.45898;0.46875;0.47852;0.48828;0.49805;0.50781;0.51758;0.52734;0.53711;0.54688;0.55664;0.56641;0.57617;0.58594;0.5957;0.60547;0.61523;0.625;0.63477;0.64453;0.6543;0.66406;0.67383;0.68359;0.69336;0.70313;0.71289;0.72266;0.73242;0.74219;0.75195;0.76172;0.77148;0.78125;0.79102,0.009787392;0.009302016;0.008653824000000001;0.010343424;0.012177407999999999;0.011265024000000002;0.026625023999999997;0.091352064;0.240390144;0.597163008;1.196516352;2.1664051200000003;1.225469952;0.493830144;0.49250611199999994;0.48934809599999995;0.354352128;0.22106112;0.200481792;0.171638784;0.148998144;0.14585241599999998;0.115408896;0.169531392;0.163931136;0.112690176;0.122062848;0.097563648;0.08323583999999999;0.06966988800000001;0.08650752;0.058450944;0.040928256;0.04526899200000001;0.041920512;0.038227968;0.044740608;0.033727488;0.026578944;0.012662784;0.021494784;0.015848448;0.013553664;0.017780736000000002;0.017209344;0.016041984;0.012782591999999999;0.011369472;0.012899328;0.011394048;0.011824128000000001;0.0055357439999999996;0.003913728;0.004859904000000001;0.007077888;0.005477376;0.0048906240000000005;0.004466688;0.005182464;0.0041840639999999995;0.003228672;0.00247296;0.002758656;0.00324096;0.002546688;0.002393088;0.00264192;0.002813952;0.0018432;0.0012933119999999998;0.001963008;0.001348608;0.0016803839999999998;0.001600512;0.0014622720000000001;0.000878592;0.0009676800000000001;0.00104448;0.001112064
1775411100,hdr,0.0293;0.03906;0.04883;0.05859;0.06836;0.07813;0.08789;0.09766;0.10742;0.11719;0.12695;0.13672;0.14648;0.15625;0.16602;0.17578;0.18555;0.19531;0.20508;0.21484;0.22461;0.23438;0.24414;0.25391;0.26367;0.27344;0.2832;0.29297;0.30273;0.3125;0.32227;0.33203;0.3418;0.35156;0.36133;0.37109;0.38086;0.39063;0.40039;0.41016;0.41992;0.42969;0.43945;0.44922;0.45898;0.46875;0.47852;0.48828;0.49805;0.50781;0.51758;0.52734;0.53711;0.54688;0.55664;0.56641;0.57617;0.58594;0.5957;0.60547;0.61523;0.625;0.63477;0.64453;0.6543;0.66406;0.67383;0.68359;0.69336;0.70313;0.71289;0.72266;0.73242;0.74219;0.75195;0.76172;0.77148;0.78125;0.79102,0.0024371200000000005;0.004153344;0.010409984;0.009416704;0.008699904;0.012140544;0.02971648;0.093259776;0.34493644799999995;1.075367936;1.928206336;1.279881216;0.804155392;0.7369728000000001;0.494297088;0.39757823999999997;0.29422592;0.219932672;0.21995110399999998;0.220592128;0.13753548799999998;0.17362124800000003;0.14428979200000003;0.149633024;0.16477184;0.105787392;0.12019916800000001;0.133974016;0.093489152;0.07451648;0.08497152000000001;0.06320537600000001;0.034643968000000004;0.043128832;0.041101312;0.046768128;0.03738624;0.03068928;0.022925312000000003;0.019263488;0.028774400000000002;0.017489920000000003;0.017551360000000002;0.019832831999999998;0.013500416;0.013510656000000001;0.012541951999999999;0.007596032;0.006731776;0.008206336000000002;0.006692864000000001;0.0070123519999999995;0.006909952;0.007059456;0.0047144959999999994;0.004868096000000001;0.004358144;0.005543936;0.0050278400000000004;0.005107712;0.005586944;0.005230592;0.003559424;0.003237888;0.002514944;0.003129344;0.001810432;0.002322432;0.002666496;0.003919872;0.0029655040000000003;0.0021032959999999997;0.0015851519999999998;0.002101248;0.001867776;0.00090112;0.00110592;0.0012083200000000001;0.001202176
1775412000,hdr,0.0293;0.03906;0.04883;0.05859;0.06836;0.07813;0.08789;0.09766;0.10742;0.11719;0.12695;0.13672;0.14648;0.15625;0.16602;0.17578;0.18555;0.19531;0.20508;0.21484;0.22461;0.23438;0.24414;0.25391;0.26367;0.27344;0.2832;0.29297;0.30273;0.3125;0.32227;0.33203;0.3418;0.35156;0.36133;0.37109;0.38086;0.39063;0.40039;0.41016;0.41992;0.42969;0.43945;0.44922;0.45898;0.46875;0.47852;0.48828;0.49805;0.50781;0.51758;0.52734;0.53711;0.54688;0.55664;0.56641;0.57617;0.58594;0.5957;0.60547;0.61523;0.625;0.63477;0.64453;0.6543;0.66406;0.67383;0.68359;0.69336;0.70313;0.71289;0.72266;0.73242;0.74219;0.75195;0.76172;0.77148;0.78125;0.79102,0.004667392000000001;0.00652288;0.004128768;0.007131136;0.010645504;0.015562752000000001;0.041705472;0.117659648;0.28751667200000003;1.087901696;2.04066816;1.757812736;1.444194304;0.979976192;0.6665809920000001;0.607801344;0.37344256;0.229844992;0.24532582400000003;0.227241984;0.223227904;0.197197824;0.17904435200000002;0.16934912;0.155136;0.148232192;0.08688844800000001;0.082317312;0.084617216;0.10326016;0.084631552;0.035053568;0.039800832;0.044306432;0.044216319999999996;0.03896729599999999;0.04267622399999999;0.02736128;0.021059584000000003;0.032;0.029857792;0.017016832000000003;0.010815488;0.013412352;0.008871936;0.010498048000000001;0.010887168000000001;0.010483712000000001;0.010170368;0.011024384;0.007010304;0.006152192;0.004337664;0.0030904319999999997;0.004800512000000001;0.003166208;0.0037027839999999998;0.0058122239999999995;0.005310464;0.0032808959999999997;0.0024227840000000003;0.002592768;0.0019128320000000002;0.001579008;0.001765376;0.0023511039999999997;0.002725888;0.002154496;0.001558528;0.00136192;0.001611776;0.0014929920000000003;0.001480704;0.001073152;0.0006123519999999999;0.000909312;0.001077248;0.001294336;0.001345536
1775412900,hdr,0.0293;0.03906;0.04883;0.05859;0.06836;0.07813;0.08789;0.09766;0.10742;0.11719;0.12695;0.13672;0.14648;0.15625;0.16602;0.17578;0.18555;0.19531;0.20508;0.21484;0.22461;0.23438;0.24414;0.25391;0.26367;0.27344;0.2832;0.29297;0.30273;0.3125;0.32227;0.33203;0.3418;0.35156;0.36133;0.37109;0.38086;0.39063;0.40039;0.41016;0.41992;0.42969;0.43945;0.44922;0.45898;0.46875;0.47852;0.48828;0.49805;0.50781;0.51758;0.52734;0.53711;0.54688;0.55664;0.56641;0.57617;0.58594;0.5957;0.60547;0.61523;0.625;0.63477;0.64453;0.6543;0.66406;0.67383;0.68359;0.69336;0.70313;0.71289;0.72266;0.73242;0.74219;0.75195;0.76172;0.77148;0.78125;0.79102,0.00743424;0.014979072;0.013762560000000002;0.011450367999999999;0.008368128;0.0028999679999999997;0.021633023999999997;0.056305664;0.15225856;0.6553395200000001;1.6051281919999998;1.980452864;1.087223808;0.5633536;0.537862144;0.5196881919999999;0.322318336;0.270512128;0.283820032;0.24134860800000002;0.19022233600000002;0.20349747199999998;0.22991872;0.19634175999999998;0.108357632;0.098392064;0.169347072;0.11020083200000001;0.072945664;0.103911424;0.058923008;0.043296768000000006;0.052314112;0.036343808000000005;0.047599616;0.041388032;0.035184639999999996;0.032483328;0.024166399999999998;0.021327871999999998;0.015691776;0.013944832;0.013283327999999999;0.013170688;0.017575935999999997;0.017405952;0.013301760000000001;0.010971136000000001;0.008114176;0.00796672;0.008019968;0.006746112;0.005322752;0.0052019200000000005;0.004835328;0.005963776;0.007008256;0.004069376;0.0038871039999999997;0.003141632;0.002807808;0.002066432;0.0025989119999999997;0.0026808319999999997;0.002777088;0.003995648;0.003303424;0.0016936960000000002;0.002287616;0.002123776;0.0024309759999999996;0.0024330239999999998;0.001439744;0.001087488;0.0019537919999999998;0.0017858560000000002;0.0018575360000000001;0.002336768;0.001024
1775413800,hdr,0.0293;0.03906;0.04883;0.05859;0.06836;0.07813;0.08789;0.09766;0.10742;0.11719;0.12695;0.13672;0.14648;0.15625;0.16602;0.17578;0.18555;0.19531;0.20508;0.21484;0.22461;0.23438;0.24414;0.25391;0.26367;0.27344;0.2832;0.29297;0.30273;0.3125;0.32227;0.33203;0.3418;0.35156;0.36133;0.37109;0.38086;0.39063;0.40039;0.41016;0.41992;0.42969;0.43945;0.44922;0.45898;0.46875;0.47852;0.48828;0.49805;0.50781;0.51758;0.52734;0.53711;0.54688;0.55664;0.56641;0.57617;0.58594;0.5957;0.60547;0.61523;0.625;0.63477;0.64453;0.6543;0.66406;0.67383;0.68359;0.69336;0.70313;0.71289;0.72266;0.73242;0.74219;0.75195;0.76172;0.77148;0.78125;0.79102,0.006457344;0.015157248;0.0151552;0.018552832;0.011347967999999998;0.006146048;0.017903615999999997;0.06566912000000001;0.182880256;0.49089331199999997;1.541421056;1.7514905600000001;0.9404190720000001;0.866881536;0.8687288320000001;0.4452352;0.32520192;0.23882752;0.258185216;0.27376025600000004;0.174696448;0.170651648;0.170274816;0.2015232;0.237737984;0.183846912;0.100675584;0.0812032;0.06717440000000001;0.046055424;0.04873420800000001;0.03876864;0.044824576;0.042512384;0.036786176;0.025552896000000002;0.01974272;0.028766207999999998;0.022222847999999996;0.024154112000000002;0.01302528;0.012994559999999999;0.012140544;0.011241472;0.010184704;0.008323072;0.008157184000000001;0.00775168;0.008609792000000002;0.01107968;0.00785408;0.006219776000000001;0.007204863999999999;0.007442432;0.004175872000000001;0.003575808;0.005312512;0.005265407999999999;0.0031784960000000003;0.003018752;0.0042885119999999995;0.004052992;0.0031907839999999995;0.003721216;0.003815424;0.002029568;0.001468416;0.001452032;0.001073152;0.0013557760000000002;0.0017244159999999999;0.001558528;0.002465792;0.0028999679999999997;0.001304576;0.001552384;0.0014929920000000003;0.001067008;0.0014991359999999999
1775414700,hdr,0.0293;0.03906;0.04883;0.05859;0.06836;0.07813;0.08789;0.09766;0.10742;0.11719;0.12695;0.13672;0.14648;0.15625;0.16602;0.17578;0.18555;0.19531;0.20508;0.21484;0.22461;0.23438;0.24414;0.25391;0.26367;0.27344;0.2832;0.29297;0.30273;0.3125;0.32227;0.33203;0.3418;0.35156;0.36133;0.37109;0.38086;0.39063;0.40039;0.41016;0.41992;0.42969;0.43945;0.44922;0.45898;0.46875;0.47852;0.48828;0.49805;0.50781;0.51758;0.52734;0.53711;0.54688;0.55664;0.56641;0.57617;0.58594;0.5957;0.60547;0.61523;0.625;0.63477;0.64453;0.6543;0.66406;0.67383;0.68359;0.69336;0.70313;0.71289;0.72266;0.73242;0.74219;0.75195;0.76172;0.77148;0.78125;0.79102,0.0037048320000000004;0.01042944;0.013836288;0.009962496;0.007363583999999999;0.011464704;0.013519872;0.035905536;0.130538496;0.977252352;2.2662942719999997;1.078597632;0.441775104;0.627047424;0.7921090560000001;0.46500864000000003;0.316624896;0.202189824;0.18717696;0.161390592;0.208128;0.26444390400000006;0.22047744;0.173325312;0.140433408;0.17422848000000002;0.14687846400000001;0.10509312;0.081033216;0.07504896000000001;0.05707776;0.037552128000000004;0.041935872000000006;0.043441152000000004;0.033291263999999994;0.04077772799999999;0.038510592;0.035306496;0.020054016;0.015599616;0.020176896;0.033318912;0.031177728;0.015476736;0.007938048;0.010331136000000001;0.0137472;0.008503296;0.009467904000000001;0.008896512;0.0071884800000000006;0.010334208;0.010143743999999998;0.00654336;0.005240832;0.00540672;0.0032870399999999998;0.002878464;0.0031180800000000005;0.002512896;0.003846144;0.003815424;0.002866176;0.002614272;0.00274944;0.00227328;0.002697216;0.0037017599999999997;0.002884608;0.001794048;0.0019292159999999999;0.001975296;0.0023408640000000002;0.0021411840000000004;0.0020060160000000002;0.001529856;0.001453056;0.0013547519999999999;0.0013701120000000002
1775415600,hdr,0.0293;0.03906;0.04883;0.05859;0.06836;0.07813;0.08789;0.09766;0.10742;0.11719;0.12695;0.13672;0.14648;0.15625;0.16602;0.17578;0.18555;0.19531;0.20508;0.21484;0.22461;0.23438;0.24414;0.25391;0.26367;0.27344;0.2832;0.29297;0.30273;0.3125;0.32227;0.33203;0.3418;0.35156;0.36133;0.37109;0.38086;0.39063;0.40039;0.41016;0.41992;0.42969;0.43945;0.44922;0.45898;0.46875;0.47852;0.48828;0.49805;0.50781;0.51758;0.52734;0.53711;0.54688;0.55664;0.56641;0.57617;0.58594;0.5957;0.60547;0.61523;0.625;0.63477;0.64453;0.6543;0.66406;0.67383;0.68359;0.69336;0.70313;0.71289;0.72266;0.73242;0.74219;0.75195;0.76172;0.77148;0.78125;0.79102,0.0024616959999999998;0.014792704;0.022245376;0.013824;0.008542208;0.008990719999999999;0.033380352;0.066658304;0.140777472;0.428531712;1.424316416;1.836572672;1.237704704;0.9459179520000001;0.794466304;0.5955665920000001;0.434419712;0.266276864;0.241248256;0.22070476800000002;0.196190208;0.172720128;0.112914432;0.095256576;0.13665280000000002;0.086872064;0.06221824;0.06528;0.077797376;0.04724736;0.050335744;0.044156928;0.031930368;0.036831232000000005;0.046653440000000004;0.034392064;0.01806336;0.026351615999999998;0.022468608;0.016033791999999998;0.011333632;0.015816704;0.015722496;0.011462656000000002;0.013543423999999998;0.012259328;0.011433984000000001;0.011913216;0.01302528;0.009869312;0.00724992;0.008402943999999999;0.009054208;0.008122368;0.009965568;0.0064696319999999995;0.004294656;0.004276224;0.004941824000000001;0.004739072;0.003309568;0.004446208000000001;0.003248128;0.003991552;0.004888576;0.0042434560000000005;0.00415744;0.0034979840000000004;0.0027136;0.002992128;0.0030289920000000003;0.002371584;0.001380352;0.001267712;0.0022425599999999998;0.002183168;0.002064384;0.002113536;0.001439744
1775416500,hdr,0.0293;0.03906;0.04883;0.05859;0.06836;0.07813;0.08789;0.09766;0.10742;0.11719;0.12695;0.13672;0.14648;0.15625;0.16602;0.17578;0.18555;0.19531;0.20508;0.21484;0.22461;0.23438;0.24414;0.25391;0.26367;0.27344;0.2832;0.29297;0.30273;0.3125;0.32227;0.33203;0.3418;0.35156;0.36133;0.37109;0.38086;0.39063;0.40039;0.41016;0.41992;0.42969;0.43945;0.44922;0.45898;0.46875;0.47852;0.48828;0.49805;0.50781;0.51758;0.52734;0.53711;0.54688;0.55664;0.56641;0.57617;0.58594;0.5957;0.60547;0.61523;0.625;0.63477;0.64453;0.6543;0.66406;0.67383;0.68359;0.69336;0.70313;0.71289;0.72266;0.73242;0.74219;0.75195;0.76172;0.77148;0.78125;0.79102,0.0046694399999999995;0.011370495999999999;0.014389248;0.005122048000000001;0.004335616;0.002840576;0.012945408000000002;0.048203776;0.17520639999999998;0.6502809600000001;1.50516736;1.326430208;0.966875136;1.102618624;0.642992128;0.377286656;0.254416896;0.17471078399999998;0.11933696;0.136679424;0.15889203200000002;0.12505497599999998;0.104542208;0.190482432;0.22319308799999998;0.1050112;0.07155302399999999;0.06788505600000001;0.053899264;0.055926784;0.052082687999999995;0.039968767999999995;0.032946176;0.020111360000000002;0.030101503999999998;0.026568704000000002;0.044824576;0.034287616;0.024221696;0.010356735999999998;0.014211072;0.014985215999999999;0.017395712;0.013459456;0.01246208;0.016939008000000002;0.011143168;0.008058880000000001;0.008001536;0.009582592000000001;0.007454720000000001;0.007561216;0.004861951999999999;0.00794624;0.008361984000000001;0.005146624;0.00531456;0.004556800000000001;0.005896192;0.006674432000000001;0.005746688;0.003125248;0.0046919679999999995;0.0033873920000000004;0.0029716480000000003;0.003252224;0.00262144;0.00299008;0.00305152;0.0024084479999999997;0.00221184;0.00277504;0.003002368;0.00270336;0.001992704;0.001601536;0.00165888;0.002156544;0.0017039359999999999
1775417400,hdr,0.0293;0.03906;0.04883;0.05859;0.06836;0.07813;0.08789;0.09766;0.10742;0.11719;0.12695;0.13672;0.14648;0.15625;0.16602;0.17578;0.18555;0.19531;0.20508;0.21484;0.22461;0.23438;0.24414;0.25391;0.26367;0.27344;0.2832;0.29297;0.30273;0.3125;0.32227;0.33203;0.3418;0.35156;0.36133;0.37109;0.38086;0.39063;0.40039;0.41016;0.41992;0.42969;0.43945;0.44922;0.45898;0.46875;0.47852;0.48828;0.49805;0.50781;0.51758;0.52734;0.53711;0.54688;0.55664;0.56641;0.57617;0.58594;0.5957;0.60547;0.61523;0.625;0.63477;0.64453;0.6543;0.66406;0.67383;0.68359;0.69336;0.70313;0.71289;0.72266;0.73242;0.74219;0.75195;0.76172;0.77148;0.78125;0.79102,0.004810752;0.022765568;0.019808256;0.01286144;0.01441792;0.01278976;0.01874944;0.06393856;0.16576512;0.44448358400000004;1.5417344000000002;1.481754624;0.6773186560000001;0.6000373760000001;0.5510144;0.48289792;0.277385216;0.250908672;0.274710528;0.28867583999999996;0.20015308799999998;0.103886848;0.094971904;0.110954496;0.11210751999999999;0.108324864;0.089106432;0.078700544;0.049133568;0.059637760000000005;0.051398656;0.027754496;0.034048;0.04112384;0.03027968;0.020979712;0.019095552;0.020764672;0.019849215999999996;0.019781631999999997;0.014925824;0.016709632;0.015515648000000002;0.015325183999999999;0.011384832;0.014721024;0.016283647999999998;0.010932224;0.010575872000000002;0.010606591999999998;0.007452672;0.0073728000000000005;0.007630848;0.0059965439999999995;0.004571136000000001;0.006342656;0.007901184;0.006694912;0.005296128000000001;0.002871296;0.003069952;0.003336192;0.002973696;0.003254272;0.0031539199999999997;0.00273408;0.0033832960000000005;0.003807232;0.004360192;0.0035860479999999997;0.002363392;0.002752512;0.0023203839999999996;0.00171008;0.001861632;0.002117632;0.002197504;0.0020992000000000003;0.0013926400000000001
1775418300,hdr,0.0293;0.03906;0.04883;0.05859;0.06836;0.07813;0.08789;0.09766;0.10742;0.11719;0.12695;0.13672;0.14648;0.15625;0.16602;0.17578;0.18555;0.19531;0.20508;0.21484;0.22461;0.23438;0.24414;0.25391;0.26367;0.27344;0.2832;0.29297;0.30273;0.3125;0.32227;0.33203;0.3418;0.35156;0.36133;0.37109;0.38086;0.39063;0.40039;0.41016;0.41992;0.42969;0.43945;0.44922;0.45898;0.46875;0.47852;0.48828;0.49805;0.50781;0.51758;0.52734;0.53711;0.54688;0.55664;0.56641;0.57617;0.58594;0.5957;0.60547;0.61523;0.625;0.63477;0.64453;0.6543;0.66406;0.67383;0.68359;0.69336;0.70313;0.71289;0.72266;0.73242;0.74219;0.75195;0.76172;0.77148;0.78125;0.79102,0.002234368;0.008390656;0.025880576000000002;0.017676288000000002;0.014073856;0.008916992;0.010723327999999999;0.08562892799999999;0.12374630399999999;0.333594624;1.2500254720000001;1.453707264;0.6232596479999999;0.6580736000000001;0.5827973120000001;0.39776256;0.299319296;0.259352576;0.22292889600000002;0.138039296;0.09242009600000001;0.130666496;0.1127936;0.17210163199999998;0.13618176;0.126277632;0.07797555199999999;0.049485824;0.063793152;0.05901312;0.056782848;0.040456192;0.033966079999999996;0.026230784;0.031533056;0.034701312;0.034818048;0.026451968;0.022751232;0.02390016;0.019521536;0.016205824;0.015065087999999999;0.0128;0.012539904000000001;0.015405056;0.009048064;0.005752831999999999;0.0064348159999999995;0.007337984;0.009355263999999999;0.0088576;0.0076595199999999995;0.007970816;0.007028736;0.006531072;0.004530176;0.0032174079999999997;0.003549184;0.0036864000000000003;0.004048896000000001;0.003422208;0.00356352;0.00311296;0.005169152;0.003971072;0.00362496;0.004458496;0.002275328;0.002953216;0.003731456;0.0021196799999999997;0.001273856;0.002048;0.002363392;0.001513472;0.00160768;0.0013639680000000001;0.001380352
1775419200,hdr,0.0293;0.03906;0.04883;0.05859;0.06836;0.07813;0.08789;0.09766;0.10742;0.11719;0.12695;0.13672;0.14648;0.15625;0.16602;0.17578;0.18555;0.19531;0.20508;0.21484;0.22461;0.23438;0.24414;0.25391;0.26367;0.27344;0.2832;0.29297;0.30273;0.3125;0.32227;0.33203;0.3418;0.35156;0.36133;0.37109;0.38086;0.39063;0.40039;0.41016;0.41992;0.42969;0.43945;0.44922;0.45898;0.46875;0.47852;0.48828;0.49805;0.50781;0.51758;0.52734;0.53711;0.54688;0.55664;0.56641;0.57617;0.58594;0.5957;0.60547;0.61523;0.625;0.63477;0.64453;0.6543;0.66406;0.67383;0.68359;0.69336;0.70313;0.71289;0.72266;0.73242;0.74219;0.75195;0.76172;0.77148;0.78125;0.79102,0.0037928959999999996;0.008101888000000002;0.010536960000000001;0.006678528;0.005844992;0.011350016;0.016113664;0.06849945599999999;0.124063744;0.477198336;1.105412096;1.024428032;0.76597248;0.720295936;0.6477824;0.434382848;0.30657945600000003;0.341516288;0.293042176;0.13929267200000003;0.16287948800000002;0.126128128;0.11094016000000001;0.08769331200000001;0.09196544;0.068732928;0.041003008;0.048756735999999995;0.07783423999999999;0.059181055999999996;0.050362368;0.053397504;0.041650176;0.037175296000000004;0.024342528000000002;0.014563328;0.009342976000000001;0.01569792;0.024289280000000003;0.021295104;0.016504832;0.018335743999999998;0.011833344;0.011485184;0.008687616;0.007213056;0.0084992;0.011804672;0.008841215999999999;0.008224768;0.004141056;0.007043072;0.008087552000000001;0.007970816;0.00581632;0.005941248;0.003129344;0.002883584;0.003975168;0.0034181119999999996;0.003024896;0.003680256;0.002752512;0.001523712;0.00232448;0.0029757440000000002;0.0023818240000000003;0.0018964479999999998;0.001550336;0.0019087359999999999;0.001759232;0.001744896;0.0019455999999999998;0.001716224;0.002101248;0.0017121280000000003;0.001435648;0.001531904;0.000888832
1775420100,hdr,0.0293;0.03906;0.04883;0.05859;0.06836;0.07813;0.08789;0.09766;0.10742;0.11719;0.12695;0.13672;0.14648;0.15625;0.16602;0.17578;0.18555;0.19531;0.20508;0.21484;0.22461;0.23438;0.24414;0.25391;0.26367;0.27344;0.2832;0.29297;0.30273;0.3125;0.32227;0.33203;0.3418;0.35156;0.36133;0.37109;0.38086;0.39063;0.40039;0.41016;0.41992;0.42969;0.43945;0.44922;0.45898;0.46875;0.47852;0.48828;0.49805;0.50781;0.51758;0.52734;0.53711;0.54688;0.55664;0.56641;0.57617;0.58594;0.5957;0.60547;0.61523;0.625;0.63477;0.64453;0.6543;0.66406;0.67383;0.68359;0.69336;0.70313;0.71289;0.72266;0.73242;0.74219;0.75195;0.76172;0.77148;0.78125;0.79102,0.0038502399999999996;0.008179712;0.012386304;0.009629696;0.012744703999999999;0.009201663999999998;0.016267264;0.063315968;0.135880704;0.328189952;0.9410129920000001;1.624922112;1.16947968;0.70106112;0.440772608;0.279590912;0.31511552000000004;0.162148352;0.148723712;0.14085734400000002;0.112062464;0.078938112;0.08547737600000001;0.08805376;0.090863616;0.080154624;0.09029017600000001;0.073191424;0.06099968;0.04501913600000001;0.029814784;0.029171712;0.03172352;0.02824192;0.0256512;0.020416512;0.023576576000000002;0.02067456;0.010893312;0.009209855999999999;0.010958848;0.011948031999999999;0.015788032;0.011573248;0.007626752;0.00775168;0.008902656;0.006303744;0.00652288;0.0101376;0.007856128;0.0098304;0.00676864;0.006324224;0.006187008;0.003780608;0.003729408;0.002910208;0.003858432;0.0047144959999999994;0.0025743360000000004;0.00321536;0.00381952;0.0031088640000000002;0.002803712;0.0026439680000000004;0.002465792;0.002062336;0.002111488;0.0022323200000000003;0.002054144;0.00169984;0.001583104;0.0014827520000000002;0.001284096;0.001540096;0.0017244159999999999;0.001232896;0.00101376
1775421000,hdr,0.0293;0.03906;0.04883;0.05859;0.06836;0.07813;0.08789;0.09766;0.10742;0.11719;0.12695;0.13672;0.14648;0.15625;0.16602;0.17578;0.18555;0.19531;0.20508;0.21484;0.22461;0.23438;0.24414;0.25391;0.26367;0.27344;0.2832;0.29297;0.30273;0.3125;0.32227;0.33203;0.3418;0.35156;0.36133;0.37109;0.38086;0.39063;0.40039;0.41016;0.41992;0.42969;0.43945;0.44922;0.45898;0.46875;0.47852;0.48828;0.49805;0.50781;0.51758;0.52734;0.53711;0.54688;0.55664;0.56641;0.57617;0.58594;0.5957;0.60547;0.61523;0.625;0.63477;0.64453;0.6543;0.66406;0.67383;0.68359;0.69336;0.70313;0.71289;0.72266;0.73242;0.74219;0.75195;0.76172;0.77148;0.78125;0.79102,0.003733504;0.013307904;0.017094656;0.005564415999999999;0.0049704960000000005;0.003457024;0.006995968000000001;0.050706432;0.22045696;0.610127872;1.42815232;0.952823808;0.44866355199999997;0.477949952;0.393474048;0.335116288;0.24667545600000002;0.16071065599999998;0.137422848;0.124080128;0.105529344;0.13723648000000002;0.130048;0.132284416;0.125927424;0.11501568000000001;0.056365056000000004;0.03869696;0.030910464;0.038303744;0.033071104;0.029458431999999996;0.03360768;0.029908992000000002;0.019509248;0.018558976;0.020129791999999997;0.015063040000000001;0.02291712;0.022839296000000002;0.011167744;0.015835136;0.015812608;0.010248192;0.011268096;0.012773376;0.01092608;0.007067648;0.00648192;0.009048064;0.011194368;0.006658048;0.005472255999999999;0.004728832;0.004825088;0.002609152;0.004052992;0.005122048000000001;0.003940352;0.00289792;0.002885632;0.002816;0.002459648;0.0033382399999999997;0.0025251839999999998;0.0016404479999999999;0.0021606399999999997;0.003008512;0.0021524480000000004;0.0011837439999999998;0.001536;0.0014786559999999999;0.0018882559999999998;0.002113536;0.0020357120000000003;0.002330624;0.001826816;0.0013312;0.0018718720000000001
1775421900,hdr,0.0293;0.03906;0.04883;0.05859;0.06836;0.07813;0.08789;0.09766;0.10742;0.11719;0.12695;0.13672;0.14648;0.15625;0.16602;0.17578;0.18555;0.19531;0.20508;0.21484;0.22461;0.23438;0.24414;0.25391;0.26367;0.27344;0.2832;0.29297;0.30273;0.3125;0.32227;0.33203;0.3418;0.35156;0.36133;0.37109;0.38086;0.39063;0.40039;0.41016;0.41992;0.42969;0.43945;0.44922;0.45898;0.46875;0.47852;0.48828;0.49805;0.50781;0.51758;0.52734;0.53711;0.54688;0.55664;0.56641;0.57617;0.58594;0.5957;0.60547;0.61523;0.625;0.63477;0.64453;0.6543;0.66406;0.67383;0.68359;0.69336;0.70313;0.71289;0.72266;0.73242;0.74219;0.75195;0.76172;0.77148;0.78125;0.79102,0.003325952;0.010369024;0.00708608;0.004556800000000001;0.0057896959999999996;0.006254592;0.027058176;0.057626623999999994;0.12107366399999998;0.34169036799999997;0.9706250240000001;1.154607104;0.54572032;0.338864128;0.36611276800000003;0.202668032;0.253743104;0.18458623999999998;0.13068697599999998;0.129896448;0.11756339199999999;0.120221696;0.08409088;0.109807616;0.10132889599999999;0.046188544000000005;0.053569536;0.06602547199999999;0.042387456;0.027762688;0.020092928;0.024438783999999998;0.031174656;0.035729408;0.034191360000000004;0.024692736;0.021225472000000002;0.015685631999999998;0.010295296;0.010622976;0.015253504;0.012158975999999998;0.0063488;0.006174719999999999;0.00968704;0.010340351999999999;0.00932864;0.008544256000000002;0.01067008;0.008708096;0.009639936;0.010981375999999998;0.0050401280000000005;0.004057088;0.005169152;0.004118528000000001;0.004478976000000001;0.0047144959999999994;0.00540672;0.004665344;0.003336192;0.0032460799999999997;0.005543936;0.004214784;0.0017305600000000001;0.001507328;0.00311296;0.00181248;0.001009664;0.001964032;0.0019394560000000002;0.002203648;0.002625536;0.001646592;0.001132544;0.000950272;0.0009216000000000001;0.0014192640000000002;0.0011243520000000001
1775423700,hdr,0.0293;0.03906;0.04883;0.05859;0.06836;0.07813;0.08789;0.09766;0.10742;0.11719;0.12695;0.13672;0.14648;0.15625;0.16602;0.17578;0.18555;0.19531;0.20508;0.21484;0.22461;0.23438;0.24414;0.25391;0.26367;0.27344;0.2832;0.29297;0.30273;0.3125;0.32227;0.33203;0.3418;0.35156;0.36133;0.37109;0.38086;0.39063;0.40039;0.41016;0.41992;0.42969;0.43945;0.44922;0.45898;0.46875;0.47852;0.48828;0.49805;0.50781;0.51758;0.52734;0.53711;0.54688;0.55664;0.56641;0.57617;0.58594;0.5957;0.60547;0.61523;0.625;0.63477;0.64453;0.6543;0.66406;0.67383;0.68359;0.69336;0.70313;0.71289;0.72266;0.73242;0.74219;0.75195;0.76172;0.77148;0.78125;0.79102,0.002192384;0.00542208;0.0060661759999999995;0.003035136;0.005262336;0.006647808;0.017282047999999998;0.051693568;0.105160704;0.284618752;0.602648576;0.5203927039999999;0.7822151679999999;0.7265249280000001;0.634739712;0.32173465599999995;0.304508928;0.19930009599999998;0.11896832;0.123882496;0.13216153600000002;0.06600294400000001;0.06416486399999999;0.07854387199999999;0.082596864;0.07391027200000001;0.06549504;0.057637888;0.043103232;0.038654975999999994;0.029996032;0.033926144;0.032643071999999995;0.02349568;0.022966272;0.016891904;0.012233728;0.016052223999999997;0.016221184;0.01650176;0.014443519999999998;0.012876799999999999;0.013037568000000001;0.01129472;0.012680192;0.007819264;0.009651199999999999;0.011494400000000002;0.009917439999999998;0.006817792;0.006150144000000001;0.0061184;0.006592512;0.009775104000000001;0.009113600000000001;0.008802304;0.007227392;0.007225344;0.005878784;0.004117504;0.003119104;0.00357376;0.002599936;0.004296704;0.002569216;0.002806784;0.00210944;0.0018636800000000002;0.0027965439999999998;0.0023674879999999996;0.0015544320000000001;0.001831936;0.00187392;0.0016445440000000002;0.001301504;0.001999872;0.002310144;0.001913856;0.0014346239999999998
1775424600,hdr,0.0293;0.03906;0.04883;0.05859;0.06836;0.07813;0.08789;0.09766;0.10742;0.11719;0.12695;0.13672;0.14648;0.15625;0.16602;0.17578;0.18555;0.19531;0.20508;0.21484;0.22461;0.23438;0.24414;0.25391;0.26367;0.27344;0.2832;0.29297;0.30273;0.3125;0.32227;0.33203;0.3418;0.35156;0.36133;0.37109;0.38086;0.39063;0.40039;0.41016;0.41992;0.42969;0.43945;0.44922;0.45898;0.46875;0.47852;0.48828;0.49805;0.50781;0.51758;0.52734;0.53711;0.54688;0.55664;0.56641;0.57617;0.58594;0.5957;0.60547;0.61523;0.625;0.63477;0.64453;0.6543;0.66406;0.67383;0.68359;0.69336;0.70313;0.71289;0.72266;0.73242;0.74219;0.75195;0.76172;0.77148;0.78125;0.79102,0.0012748800000000002;0.005718016;0.00776192;0.0048332800000000006;0.002500608;0.006834176;0.014778368;0.043521024;0.10995916800000001;0.43957248;0.814615552;0.6394419199999999;0.595590144;0.375185408;0.375887872;0.30958591999999996;0.29584691199999996;0.22838681600000002;0.15040819200000002;0.103553024;0.070498304;0.124607488;0.07836979200000001;0.069896192;0.039508992;0.060720128000000005;0.0851712;0.054813696;0.040910848;0.05050368;0.050399231999999995;0.02459136;0.03410432;0.026514432;0.022226944;0.022777856;0.021966847999999997;0.014260223999999998;0.010908672;0.011807743999999998;0.009302016;0.016779264000000002;0.008324096000000001;0.008044544;0.010884096;0.007585791999999999;0.008696832;0.009503743999999998;0.009064448000000001;0.00848896;0.005726208;0.003890176;0.002592768;0.002871296;0.005224448;0.005490687999999999;0.005612544;0.00361472;0.003610624;0.005425152;0.005315584000000001;0.002428928;0.0022231040000000005;0.003269632;0.003120128;0.0020172799999999998;0.002062336;0.0023838720000000004;0.0027432959999999997;0.0022599680000000002;0.001570816;0.0014929920000000003;0.001199104;0.002071552;0.002419712;0.0012195840000000001;0.001711104;0.0015534079999999998;0.0010209280000000002
1775425500,hdr,0.0293;0.03906;0.04883;0.05859;0.06836;0.07813;0.08789;0.09766;0.10742;0.11719;0.12695;0.13672;0.14648;0.15625;0.16602;0.17578;0.18555;0.19531;0.20508;0.21484;0.22461;0.23438;0.24414;0.25391;0.26367;0.27344;0.2832;0.29297;0.30273;0.3125;0.32227;0.33203;0.3418;0.35156;0.36133;0.37109;0.38086;0.39063;0.40039;0.41016;0.41992;0.42969;0.43945;0.44922;0.45898;0.46875;0.47852;0.48828;0.49805;0.50781;0.51758;0.52734;0.53711;0.54688;0.55664;0.56641;0.57617;0.58594;0.5957;0.60547;0.61523;0.625;0.63477;0.64453;0.6543;0.66406;0.67383;0.68359;0.69336;0.70313;0.71289;0.72266;0.73242;0.74219;0.75195;0.76172;0.77148;0.78125;0.79102,0.0029839359999999995;0.00489472;0.00231424;0.0037621760000000003;0.007368703999999999;0.011847680000000001;0.019279872;0.039661568;0.095678464;0.35507814400000004;0.785721344;1.0834268159999998;0.910340096;0.5328138239999999;0.304896;0.33327718399999995;0.234817536;0.242151424;0.18246451200000002;0.101720064;0.09553305599999999;0.08328192;0.10340352;0.075589632;0.060317696;0.07412736;0.07206912;0.044775424;0.047020031999999996;0.04653056;0.029886464;0.026261503999999998;0.01769472;0.020162559999999996;0.013770752;0.009105408;0.00832512;0.009568255999999999;0.012175359999999998;0.018896896;0.015400959999999998;0.012830719999999999;0.009838592;0.010819584;0.012722176;0.0107008;0.008587263999999999;0.0066457600000000006;0.006473728;0.008910848;0.009689088;0.007995392;0.009209855999999999;0.009869312;0.0066048;0.00364544;0.003067904;0.003801088;0.002398208;0.00165888;0.0026419199999999994;0.0034959360000000003;0.003186688;0.002646016;0.00222208;0.00311296;0.00356352;0.0035778560000000004;0.002674688;0.0016691199999999998;0.00119808;0.001488896;0.0011632640000000002;0.001521664;0.001316864;0.001261568;0.001097728;0.0007946240000000001;0.001069056
1775426400,hdr,0.0293;0.03906;0.04883;0.05859;0.06836;0.07813;0.08789;0.09766;0.10742;0.11719;0.12695;0.13672;0.14648;0.15625;0.16602;0.17578;0.18555;0.19531;0.20508;0.21484;0.22461;0.23438;0.24414;0.25391;0.26367;0.27344;0.2832;0.29297;0.30273;0.3125;0.32227;0.33203;0.3418;0.35156;0.36133;0.37109;0.38086;0.39063;0.40039;0.41016;0.41992;0.42969;0.43945;0.44922;0.45898;0.46875;0.47852;0.48828;0.49805;0.50781;0.51758;0.52734;0.53711;0.54688;0.55664;0.56641;0.57617;0.58594;0.5957;0.60547;0.61523;0.625;0.63477;0.64453;0.6543;0.66406;0.67383;0.68359;0.69336;0.70313;0.71289;0.72266;0.73242;0.74219;0.75195;0.76172;0.77148;0.78125;0.79102,0.00538112;0.009495551999999999;0.005735424;0.004020223999999999;0.005471232;0.006816768;0.009510912;0.028197887999999997;0.11606732800000001;0.39516671999999997;0.7704791040000001;0.611750912;0.43597107199999996;0.3736064;0.34104729600000006;0.263865344;0.150622208;0.166701056;0.128621568;0.068220928;0.0569856;0.06884864;0.050208767999999994;0.10011648;0.097825792;0.071825408;0.03636224;0.056680447999999994;0.06623027199999999;0.036369408000000006;0.024916992000000002;0.022098944;0.033162239999999996;0.025302016;0.011833344;0.016308224;0.015661056;0.014309376;0.016346112;0.014311424000000001;0.013101056;0.00919552;0.010513408;0.009356287999999999;0.006044672;0.0059791359999999995;0.0053340160000000005;0.007463936000000001;0.007018496;0.005961728;0.0073062399999999994;0.0077465599999999996;0.007602176;0.005239808;0.00538624;0.0054528;0.005063679999999999;0.0046817280000000005;0.004651008;0.0028620800000000004;0.0025610240000000003;0.002931712;0.003462144;0.003067904;0.0021626880000000003;0.002269184;0.0015431680000000001;0.001862656;0.002197504;0.001364992;0.0014561280000000001;0.001846272;0.002316288;0.0017674240000000003;0.001631232;0.0013004800000000001;0.001155072;0.001882112;0.001662976
1775427300,hdr,0.0293;0.03906;0.04883;0.05859;0.06836;0.07813;0.08789;0.09766;0.10742;0.11719;0.12695;0.13672;0.14648;0.15625;0.16602;0.17578;0.18555;0.19531;0.20508;0.21484;0.22461;0.23438;0.24414;0.25391;0.26367;0.27344;0.2832;0.29297;0.30273;0.3125;0.32227;0.33203;0.3418;0.35156;0.36133;0.37109;0.38086;0.39063;0.40039;0.41016;0.41992;0.42969;0.43945;0.44922;0.45898;0.46875;0.47852;0.48828;0.49805;0.50781;0.51758;0.52734;0.53711;0.54688;0.55664;0.56641;0.57617;0.58594;0.5957;0.60547;0.61523;0.625;0.63477;0.64453;0.6543;0.66406;0.67383;0.68359;0.69336;0.70313;0.71289;0.72266;0.73242;0.74219;0.75195;0.76172;0.77148;0.78125;0.79102,0.001900544;0.004667392000000001;0.011353087999999999;0.00816128;0.008812544000000002;0.008107008;0.01788928;0.040266751999999996;0.08830361600000002;0.203600896;0.40955391999999996;0.557952;0.7541821439999999;0.37684326399999996;0.198412288;0.266723328;0.306153472;0.15234764799999997;0.126769152;0.09190912;0.08259174400000001;0.05988864;0.056650752;0.070006784;0.07409152000000001;0.052195328;0.040373248;0.052074496000000005;0.053301248;0.038199295999999994;0.030313472;0.031232;0.033801215999999995;0.018614272;0.014880768;0.02830848;0.026029056000000002;0.012233728;0.010638336000000002;0.011302911999999998;0.007962624;0.008214528;0.00822784;0.008281087999999999;0.009776128;0.009117696;0.006752256;0.008201216;0.007211008;0.005698559999999999;0.008174592000000001;0.006240256;0.003176448;0.004787200000000001;0.003968;0.00358912;0.006276095999999999;0.004063232;0.005653504;0.006242304;0.003318784;0.003054592;0.0038871039999999997;0.001992704;0.002725888;0.00306176;0.001327104;0.0010373119999999999;0.001538048;0.0019148799999999999;0.002105344;0.001891328;0.0016097280000000002;0.0015544320000000001;0.002274304;0.001670144;0.002748416;0.00236032;0.0019527680000000001
1775428200,hdr,0.0293;0.03906;0.04883;0.05859;0.06836;0.07813;0.08789;0.09766;0.10742;0.11719;0.12695;0.13672;0.14648;0.15625;0.16602;0.17578;0.18555;0.19531;0.20508;0.21484;0.22461;0.23438;0.24414;0.25391;0.26367;0.27344;0.2832;0.29297;0.30273;0.3125;0.32227;0.33203;0.3418;0.35156;0.36133;0.37109;0.38086;0.39063;0.40039;0.41016;0.41992;0.42969;0.43945;0.44922;0.45898;0.46875;0.47852;0.48828;0.49805;0.50781;0.51758;0.52734;0.53711;0.54688;0.55664;0.56641;0.57617;0.58594;0.5957;0.60547;0.61523;0.625;0.63477;0.64453;0.6543;0.66406;0.67383;0.68359;0.69336;0.70313;0.71289;0.72266;0.73242;0.74219;0.75195;0.76172;0.77148;0.78125;0.79102,0.003043328;0.007126016;0.00992768;0.007455744;0.00955904;0.009224192;0.009506816000000001;0.050004992;0.142257152;0.35898777600000004;0.45126451200000006;0.59929088;0.38781030399999994;0.238631936;0.143015936;0.084227072;0.159266816;0.212073472;0.17282969600000003;0.094618624;0.080605184;0.08478105600000001;0.084744192;0.041217024000000005;0.057652223999999995;0.067163136;0.062686208;0.059849728;0.047398912;0.023953408;0.025467904000000003;0.034523135999999996;0.034527232;0.026827776;0.024009727999999998;0.022787072;0.018458624;0.012981248;0.021002240000000002;0.020079616;0.011326464;0.009724928;0.009721856000000001;0.011810816;0.011348992;0.007790592000000001;0.009111552;0.009147391999999999;0.009465856;0.00722944;0.00762368;0.010228735999999999;0.008705023999999999;0.006065152;0.0056330239999999995;0.005636096;0.00708608;0.005433344;0.004750336;0.004118528000000001;0.006955008;0.0059985920000000005;0.005408768;0.00482304;0.004332544000000001;0.00531968;0.00381952;0.0039546880000000005;0.004215808;0.0033617919999999997;0.0026941440000000003;0.0019394560000000002;0.002980864;0.0027566080000000002;0.002081792;0.002204672;0.00178688;0.002295808;0.00160256
1775429100,hdr,0.0293;0.03906;0.04883;0.05859;0.06836;0.07813;0.08789;0.09766;0.10742;0.11719;0.12695;0.13672;0.14648;0.15625;0.16602;0.17578;0.18555;0.19531;0.20508;0.21484;0.22461;0.23438;0.24414;0.25391;0.26367;0.27344;0.2832;0.29297;0.30273;0.3125;0.32227;0.33203;0.3418;0.35156;0.36133;0.37109;0.38086;0.39063;0.40039;0.41016;0.41992;0.42969;0.43945;0.44922;0.45898;0.46875;0.47852;0.48828;0.49805;0.50781;0.51758;0.52734;0.53711;0.54688;0.55664;0.56641;0.57617;0.58594;0.5957;0.60547;0.61523;0.625;0.63477;0.64453;0.6543;0.66406;0.67383;0.68359;0.69336;0.70313;0.71289;0.72266;0.73242;0.74219;0.75195;0.76172;0.77148;0.78125;0.79102,0.007379968;0.014459904;0.017845248000000005;0.014723072;0.006504448;0.008864768;0.010883072;0.024576;0.05724672;0.225432576;0.506626048;0.51915776;0.39543808;0.313344;0.306646016;0.22367846399999997;0.14998937599999998;0.22522060800000002;0.151581696;0.07210700799999999;0.078966784;0.049620991999999996;0.035084288;0.062923776;0.058057727999999996;0.043662336;0.043278336;0.029739007999999997;0.029448191999999998;0.034909184;0.035533824;0.028570624;0.025393152000000002;0.023435264;0.01568768;0.01158144;0.012163072;0.016864256;0.016990208;0.015526912;0.012957696;0.00832512;0.008677376;0.007984128;0.00590848;0.0078848;0.008446975999999998;0.006371328000000001;0.0051722240000000004;0.007112704;0.00866304;0.010287104;0.00686592;0.004441088;0.005226496;0.0053463040000000005;0.0065464320000000005;0.0061777920000000005;0.007660544;0.005276672;0.003946496;0.004913152;0.003790848;0.003172352;0.00319488;0.002659328;0.0022814719999999997;0.00375808;0.002936832;0.002776064;0.003446784;0.002630656;0.002180096;0.002596864;0.002787328;0.0016168960000000003;0.001467392;0.0018718720000000001;0.0015656959999999999
1775430000,hdr,0.0293;0.03906;0.04883;0.05859;0.06836;0.07813;0.08789;0.09766;0.10742;0.11719;0.12695;0.13672;0.14648;0.15625;0.16602;0.17578;0.18555;0.19531;0.20508;0.21484;0.22461;0.23438;0.24414;0.25391;0.26367;0.27344;0.2832;0.29297;0.30273;0.3125;0.32227;0.33203;0.3418;0.35156;0.36133;0.37109;0.38086;0.39063;0.40039;0.41016;0.41992;0.42969;0.43945;0.44922;0.45898;0.46875;0.47852;0.48828;0.49805;0.50781;0.51758;0.52734;0.53711;0.54688;0.55664;0.56641;0.57617;0.58594;0.5957;0.60547;0.61523;0.625;0.63477;0.64453;0.6543;0.66406;0.67383;0.68359;0.69336;0.70313;0.71289;0.72266;0.73242;0.74219;0.75195;0.76172;0.77148;0.78125;0.79102,0.007337984;0.008461312;0.008247296;0.005264384;0.007787519999999999;0.013724672;0.0290048;0.03915264;0.12244582400000001;0.273532928;0.346804224;0.330377216;0.36637388800000004;0.30199193599999996;0.19853312;0.14503116800000002;0.21705420799999997;0.221483008;0.133818368;0.119138304;0.080985088;0.085634048;0.116794368;0.095509504;0.062603264;0.03822079999999999;0.045850624000000006;0.04156416;0.028447744;0.019110912;0.02036736;0.029010944;0.024097791999999996;0.01888256;0.010730496;0.012492800000000002;0.017799168;0.015118336;0.018646015999999998;0.013605888;0.007493631999999999;0.007276544000000001;0.00777728;0.006248447999999999;0.009467904000000001;0.009895936000000001;0.009678848;0.008900608;0.0065617919999999995;0.009480192;0.006862848;0.004855808;0.006426624000000001;0.006263808;0.005705728;0.007849984;0.0061286399999999994;0.0035645440000000002;0.0020183040000000003;0.002173952;0.005143552;0.004113408;0.00326144;0.002761728;0.001550336;0.001742848;0.001610752;0.001307648;0.001723392;0.002469888;0.001972224;0.002262016;0.002233344;0.0015534079999999998;0.001584128;0.001983488;0.00222208;0.001570816;0.0012523519999999998
1775430900,hdr,0.0293;0.03906;0.04883;0.05859;0.06836;0.07813;0.08789;0.09766;0.10742;0.11719;0.12695;0.13672;0.14648;0.15625;0.16602;0.17578;0.18555;0.19531;0.20508;0.21484;0.22461;0.23438;0.24414;0.25391;0.26367;0.27344;0.2832;0.29297;0.30273;0.3125;0.32227;0.33203;0.3418;0.35156;0.36133;0.37109;0.38086;0.39063;0.40039;0.41016;0.41992;0.42969;0.43945;0.44922;0.45898;0.46875;0.47852;0.48828;0.49805;0.50781;0.51758;0.52734;0.53711;0.54688;0.55664;0.56641;0.57617;0.58594;0.5957;0.60547;0.61523;0.625;0.63477;0.64453;0.6543;0.66406;0.67383;0.68359;0.69336;0.70313;0.71289;0.72266;0.73242;0.74219;0.75195;0.76172;0.77148;0.78125;0.79102,0.002798592;0.010295296;0.013130751999999999;0.007688192;0.004961280000000001;0.0016916480000000002;0.006623232;0.039499776;0.09776332800000001;0.333191168;0.490402816;0.5047541759999999;0.31450624;0.27385856;0.25714176;0.2032128;0.11703705600000001;0.12306431999999999;0.124485632;0.100486144;0.124140544;0.052593664;0.09746739200000001;0.07159296000000001;0.062440448;0.06769152;0.043189248;0.045658112;0.039433216;0.039357439999999994;0.027872256;0.020815872;0.01399808;0.019528704;0.017800192;0.016263167999999998;0.019506176;0.01486336;0.01142784;0.010647552;0.007785472000000001;0.006286336;0.007861248;0.007258112;0.010361856;0.009213952000000001;0.00672256;0.006266879999999999;0.007425024;0.007457792;0.0065167359999999995;0.003920896;0.007311359999999999;0.007463936000000001;0.005184512;0.0030126080000000004;0.003531776;0.004122624;0.003897344;0.00466432;0.006700032;0.006916095999999999;0.004759552;0.0044544;0.004107264;0.0031744;0.003885056;0.002627584;0.00320512;0.0027740160000000002;0.001381376;0.001376256;0.002112512;0.002158592;0.001430528;0.001409024;0.0011489279999999998;0.001442816;0.0010496000000000001
1775431800,hdr,0.0293;0.03906;0.04883;0.05859;0.06836;0.07813;0.08789;0.09766;0.10742;0.11719;0.12695;0.13672;0.14648;0.15625;0.16602;0.17578;0.18555;0.19531;0.20508;0.21484;0.22461;0.23438;0.24414;0.25391;0.26367;0.27344;0.2832;0.29297;0.30273;0.3125;0.32227;0.33203;0.3418;0.35156;0.36133;0.37109;0.38086;0.39063;0.40039;0.41016;0.41992;0.42969;0.43945;0.44922;0.45898;0.46875;0.47852;0.48828;0.49805;0.50781;0.51758;0.52734;0.53711;0.54688;0.55664;0.56641;0.57617;0.58594;0.5957;0.60547;0.61523;0.625;0.63477;0.64453;0.6543;0.66406;0.67383;0.68359;0.69336;0.70313;0.71289;0.72266;0.73242;0.74219;0.75195;0.76172;0.77148;0.78125;0.79102,0.003301376;0.010421248;0.014501888;0.006705152;0.004107264;0.003605504;0.008823807999999999;0.029092863999999996;0.08725299200000002;0.179009536;0.32841932799999995;0.49382297599999997;0.468058112;0.35305062400000004;0.220640256;0.185795584;0.156181504;0.16397824;0.157912064;0.08484761600000001;0.066174976;0.057593856;0.08140697599999999;0.060908544;0.02880512;0.052122624000000006;0.04690432;0.024117248;0.018384896;0.03229184;0.028183552;0.019653632;0.023560192;0.028298240000000002;0.014416895999999998;0.01719296;0.018056192;0.00954368;0.011782144;0.012295168;0.009150464;0.008722431999999999;0.01107968;0.01033728;0.009025536;0.00724992;0.00902656;0.006367232;0.004599808;0.006150144000000001;0.006637568;0.005321728;0.006047744;0.004798464;0.004210688;0.005096447999999999;0.0043008000000000005;0.005300224;0.005970944000000001;0.003782656;0.0034498560000000003;0.0046592;0.003587072;0.00326656;0.0034252799999999997;0.0023357440000000003;0.00217088;0.0021913600000000003;0.002139136;0.0021227520000000003;0.002055168;0.0021780479999999997;0.0018995200000000002;0.00218112;0.00246272;0.001902592;0.0012605440000000002;0.001195008;0.001672192
1775432700,hdr,0.0293;0.03906;0.04883;0.05859;0.06836;0.07813;0.08789;0.09766;0.10742;0.11719;0.12695;0.13672;0.14648;0.15625;0.16602;0.17578;0.18555;0.19531;0.20508;0.21484;0.22461;0.23438;0.24414;0.25391;0.26367;0.27344;0.2832;0.29297;0.30273;0.3125;0.32227;0.33203;0.3418;0.35156;0.36133;0.37109;0.38086;0.39063;0.40039;0.41016;0.41992;0.42969;0.43945;0.44922;0.45898;0.46875;0.47852;0.48828;0.49805;0.50781;0.51758;0.52734;0.53711;0.54688;0.55664;0.56641;0.57617;0.58594;0.5957;0.60547;0.61523;0.625;0.63477;0.64453;0.6543;0.66406;0.67383;0.68359;0.69336;0.70313;0.71289;0.72266;0.73242;0.74219;0.75195;0.76172;0.77148;0.78125;0.79102,0.004982784;0.0031477759999999997;0.005590016000000001;0.006173696;0.008236031999999999;0.00584704;0.007713792;0.031657984;0.114816;0.250095616;0.24428851199999999;0.508659712;0.391947264;0.27969536;0.277323776;0.22569574399999998;0.187518976;0.153158656;0.13497753599999998;0.112080896;0.077435904;0.064379904;0.068302848;0.05862912;0.048124928;0.044371968;0.051460096;0.039943168;0.023891967999999996;0.02678784;0.026133504;0.026083328000000003;0.016136192;0.016233472;0.009910272000000001;0.010889215999999998;0.012353536;0.016301055999999998;0.012705792;0.011385856;0.00852992;0.005983232;0.0056381439999999994;0.010530815999999998;0.014572544;0.013477888;0.0060672;0.006992895999999999;0.008045568;0.009360384;0.006293504000000001;0.008715263999999999;0.00850432;0.0067532799999999995;0.008046592;0.005429248;0.005827584;0.007386112;0.006674432000000001;0.00630272;0.0065566719999999995;0.005804032;0.003836928;0.004289536;0.00475136;0.004411392;0.0041216000000000004;0.002953216;0.001289216;0.001088512;0.001405952;0.001738752;0.0024104960000000003;0.00256;0.001783808;0.00236032;0.002332672;0.002185216;0.0022906879999999995
