Epoch Time,Processing Source,f,varianceDensity
1787443200,hdr,0.0293;0.03906;0.04883;0.05859;0.06836;0.07813;0.08789;0.09766;0.10742;0.11719;0.12695;0.13672;0.14648;0.15625;0.16602;0.17578;0.18555;0.19531;0.20508;0.21484;0.22461;0.23438;0.24414;0.25391;0.26367;0.27344;0.2832;0.29297;0.30273;0.3125;0.32227;0.33203;0.3418;0.35156;0.36133;0.37109;0.38086;0.39063;0.40039;0.41016;0.41992;0.42969;0.43945;0.44922;0.45898;0.46875;0.47852;0.48828;0.49805;0.50781;0.51758;0.52734;0.53711;0.54688;0.55664;0.56641;0.57617;0.58594;0.5957;0.60547;0.61523;0.625;0.63477;0.64453;0.6543;0.66406;0.67383;0.68359;0.69336;0.70313;0.71289;0.72266;0.73242;0.74219;0.75195;0.76172;0.77148;0.78125;0.79102,0.0031897600000000003;0.006794240000000001;0.008737792000000001;0.015179775999999999;0.080018432;0.10518937599999999;0.030107648;0.017651712;0.035916800000000006;0.09834188799999999;0.114105344;0.11272704000000001;0.107751424;0.13426892799999998;0.10074009599999999;0.11625984;0.10302361600000001;0.05867008;0.084918272;0.088511488;0.11286015999999999;0.094097408;0.074338304;0.06860595200000001;0.046032896000000004;0.042730496;0.028599296;0.031576064;0.030982144;0.022388736;0.017330176000000003;0.018030591999999998;0.017682431999999998;0.015255552;0.007259135999999999;0.008311807999999999;0.011902976000000001;0.008643584000000001;0.007518207999999999;0.01021952;0.006584319999999999;0.006020096;0.006544384;0.008164352;0.00784896;0.006079487999999999;0.005446656;0.0059965439999999995;0.004404224;0.0031068159999999997;0.002369536;0.002080768;0.002009088;0.002793472;0.003941376;0.00329728;0.002379776;0.0023132160000000003;0.0023807999999999998;0.0021524480000000004;0.002249728;0.0011919360000000002;0.001301504;0.0018012159999999998;0.002302976;0.002366464;0.002192384;0.0014817279999999999;0.001876992;0.0017152;0.000873472;0.0009727999999999999;0.001038336;0.0012554240000000002;0.0009594880000000001;0.0005560319999999999;0.000813056;0.000812032;0.0007137280000000001
1787444100,hdr,0.0293;0.03906;0.04883;0.05859;0.06836;0.07813;0.08789;0.09766;0.10742;0.11719;0.12695;0.13672;0.14648;0.15625;0.16602;0.17578;0.18555;0.19531;0.20508;0.21484;0.22461;0.23438;0.24414;0.25391;0.26367;0.27344;0.2832;0.29297;0.30273;0.3125;0.32227;0.33203;0.3418;0.35156;0.36133;0.37109;0.38086;0.39063;0.40039;0.41016;0.41992;0.42969;0.43945;0.44922;0.45898;0.46875;0.47852;0.48828;0.49805;0.50781;0.51758;0.52734;0.53711;0.54688;0.55664;0.56641;0.57617;0.58594;0.5957;0.60547;0.61523;0.625;0.63477;0.64453;0.6543;0.66406;0.67383;0.68359;0.69336;0.70313;0.71289;0.72266;0.73242;0.74219;0.75195;0.76172;0.77148;0.78125;0.79102,0.000565248;0.0027965439999999998;0.005154816;0.021584896;0.090714112;0.08107724799999999;0.039974912;0.034880512;0.047422464;0.09440768;0.07320268799999999;0.09539276800000002;0.098633728;0.085610496;0.059051008;0.143939584;0.126339072;0.08566784;0.093565952;0.088451072;0.071810048;0.060371968;0.081267712;0.07943167999999999;0.07094784;0.041646079999999995;0.025537536;0.022825983999999997;0.03938816;0.037952511999999994;0.030146560000000003;0.017455104;0.009442304;0.0077393919999999995;0.011644928;0.011982848;0.01814528;0.013187072;0.009495551999999999;0.007981056;0.007856128;0.006606848;0.004072447999999999;0.005614592;0.008689664000000001;0.007428096;0.0038092800000000004;0.004012032;0.004998144;0.005280768;0.004709376;0.003735552;0.0038144;0.002883584;0.002469888;0.0019968;0.0033218559999999998;0.003678208;0.0025835520000000002;0.00134144;0.001519616;0.00167424;0.001938432;0.002193408;0.0022937599999999997;0.001599488;0.00180736;0.001774592;0.0011755519999999998;0.000579584;0.000933888;0.000941056;0.000652288;0.00134144;0.0012441599999999998;0.000907264;0.001031168;0.000768;0.00103936
1787445000,hdr,0.0293;0.03906;0.04883;0.05859;0.06836;0.07813;0.08789;0.09766;0.10742;0.11719;0.12695;0.13672;0.14648;0.15625;0.16602;0.17578;0.18555;0.19531;0.20508;0.21484;0.22461;0.23438;0.24414;0.25391;0.26367;0.27344;0.2832;0.29297;0.30273;0.3125;0.32227;0.33203;0.3418;0.35156;0.36133;0.37109;0.38086;0.39063;0.40039;0.41016;0.41992;0.42969;0.43945;0.44922;0.45898;0.46875;0.47852;0.48828;0.49805;0.50781;0.51758;0.52734;0.53711;0.54688;0.55664;0.56641;0.57617;0.58594;0.5957;0.60547;0.61523;0.625;0.63477;0.64453;0.6543;0.66406;0.67383;0.68359;0.69336;0.70313;0.71289;0.72266;0.73242;0.74219;0.75195;0.76172;0.77148;0.78125;0.79102,0.002112512;0.004343808;0.012905472;0.022788095999999997;0.09032499199999999;0.20240896000000003;0.06962790399999999;0.028465151999999997;0.046430208;0.07268864;0.05752422399999999;0.081414144;0.09851289599999999;0.115779584;0.13253734399999997;0.10947584;0.09550336;0.089807872;0.099385344;0.068284416;0.123239424;0.130632704;0.116867072;0.06817689599999999;0.043147264000000005;0.060582912;0.030211072;0.025720832000000002;0.03429376;0.04255744;0.032949248;0.021737472;0.018081792000000003;0.017113088;0.016734208;0.011593728000000001;0.011918336;0.013944832;0.008214528;0.006784;0.004822015999999999;0.00610816;0.009528320000000002;0.009725952;0.005742592;0.003939328;0.005178367999999999;0.0031068159999999997;0.002003968;0.003900416;0.00373248;0.002741248;0.0028221440000000004;0.0035399679999999997;0.003525632;0.005078015999999999;0.004468736;0.0018411519999999998;0.0021268479999999998;0.0017336320000000001;0.0017807360000000002;0.0022323200000000003;0.00146432;0.00158208;0.001620992;0.001910784;0.001837056;0.0009605120000000001;0.000817152;0.001009664;0.000900096;0.0008744960000000001;0.000898048;0.0011755519999999998;0.000553984;0.0007976959999999999;0.0007772160000000001;0.000664576;0.0005376000000000001
1787445900,hdr,0.0293;0.03906;0.04883;0.05859;0.06836;0.07813;0.08789;0.09766;0.10742;0.11719;0.12695;0.13672;0.14648;0.15625;0.16602;0.17578;0.18555;0.19531;0.20508;0.21484;0.22461;0.23438;0.24414;0.25391;0.26367;0.27344;0.2832;0.29297;0.30273;0.3125;0.32227;0.33203;0.3418;0.35156;0.36133;0.37109;0.38086;0.39063;0.40039;0.41016;0.41992;0.42969;0.43945;0.44922;0.45898;0.46875;0.47852;0.48828;0.49805;0.50781;0.51758;0.52734;0.53711;0.54688;0.55664;0.56641;0.57617;0.58594;0.5957;0.60547;0.61523;0.625;0.63477;0.64453;0.6543;0.66406;0.67383;0.68359;0.69336;0.70313;0.71289;0.72266;0.73242;0.74219;0.75195;0.76172;0.77148;0.78125;0.79102,0.003712;0.007600127999999999;0.013390848;0.02005504;0.089505792;0.134158336;0.03587072;0.027148288;0.057469952;0.079210496;0.08874803199999999;0.06321152;0.084127744;0.086222848;0.104588288;0.138294272;0.12332339199999999;0.093305856;0.097539072;0.079087616;0.09849548799999999;0.090886144;0.105929728;0.080432128;0.059198464;0.04537856;0.029062144;0.024497151999999998;0.026583040000000002;0.029663232;0.03538944;0.027224064;0.017152;0.015290368;0.015460352;0.019898368000000003;0.016429056;0.013812735999999999;0.011604992;0.013304831999999999;0.00884224;0.0042065919999999994;0.0035860479999999997;0.002566144;0.004517888;0.003504128;0.004168704;0.004845568000000001;0.004184064;0.002922496;0.002315264;0.0029982719999999997;0.0027648;0.002531328;0.002040832;0.002023424;0.002156544;0.001856512;0.001281024;0.0017971200000000001;0.001636352;0.0012451839999999999;0.0015984640000000002;0.001615872;0.001432576;0.0011673599999999999;0.0010086399999999999;0.0011837439999999998;0.0008519679999999999;0.0013660159999999998;0.0011284479999999998;0.000700416;0.0009021439999999999;0.00128512;0.001004544;0.0008325120000000001;0.000869376;0.0008325120000000001;0.000955392
1787446800,hdr,0.0293;0.03906;0.04883;0.05859;0.06836;0.07813;0.08789;0.09766;0.10742;0.11719;0.12695;0.13672;0.14648;0.15625;0.16602;0.17578;0.18555;0.19531;0.20508;0.21484;0.22461;0.23438;0.24414;0.25391;0.26367;0.27344;0.2832;0.29297;0.30273;0.3125;0.32227;0.33203;0.3418;0.35156;0.36133;0.37109;0.38086;0.39063;0.40039;0.41016;0.41992;0.42969;0.43945;0.44922;0.45898;0.46875;0.47852;0.48828;0.49805;0.50781;0.51758;0.52734;0.53711;0.54688;0.55664;0.56641;0.57617;0.58594;0.5957;0.60547;0.61523;0.625;0.63477;0.64453;0.6543;0.66406;0.67383;0.68359;0.69336;0.70313;0.71289;0.72266;0.73242;0.74219;0.75195;0.76172;0.77148;0.78125;0.79102,0.004100095999999999;0.007655424;0.011971584;0.031121408;0.091925504;0.10417664;0.030410752;0.03418624;0.077645824;0.107785216;0.09314201600000001;0.089718784;0.063276032;0.06726860800000001;0.09507328;0.13251891200000002;0.113698816;0.07359488;0.090708992;0.10609254400000001;0.074459136;0.100539392;0.119409664;0.067369984;0.08284467200000001;0.067503104;0.036781056;0.02719232;0.024833024000000002;0.016530432;0.019610624;0.028513280000000002;0.020532223999999998;0.01690112;0.021451776;0.019656704;0.013678592;0.01069056;0.012502016;0.011823104000000001;0.012233728;0.012316672;0.010493951999999999;0.00555008;0.004122624;0.0046970879999999994;0.003955712;0.0035123199999999998;0.004005887999999999;0.0034181119999999996;0.003815424;0.003341312;0.002363392;0.001754112;0.0018135039999999999;0.00262144;0.0027904;0.002833408;0.002581504;0.002322432;0.002579456;0.001619968;0.001708032;0.0011212799999999999;0.001451008;0.001304576;0.001010688;0.000939008;0.001933312;0.0017735679999999999;0.001065984;0.000910336;0.00062464;0.000758784;0.00063488;0.0006932479999999999;0.000551936;0.0010465279999999997;0.0009758719999999999
1787447700,hdr,0.0293;0.03906;0.04883;0.05859;0.06836;0.07813;0.08789;0.09766;0.10742;0.11719;0.12695;0.13672;0.14648;0.15625;0.16602;0.17578;0.18555;0.19531;0.20508;0.21484;0.22461;0.23438;0.24414;0.25391;0.26367;0.27344;0.2832;0.29297;0.30273;0.3125;0.32227;0.33203;0.3418;0.35156;0.36133;0.37109;0.38086;0.39063;0.40039;0.41016;0.41992;0.42969;0.43945;0.44922;0.45898;0.46875;0.47852;0.48828;0.49805;0.50781;0.51758;0.52734;0.53711;0.54688;0.55664;0.56641;0.57617;0.58594;0.5957;0.60547;0.61523;0.625;0.63477;0.64453;0.6543;0.66406;0.67383;0.68359;0.69336;0.70313;0.71289;0.72266;0.73242;0.74219;0.75195;0.76172;0.77148;0.78125;0.79102,0.0029460479999999997;0.003311616;0.013618176;0.024963072;0.070668288;0.11505254399999999;0.050069504;0.026051584;0.034781184;0.046981119999999994;0.065816576;0.07689011200000001;0.096676864;0.153427968;0.186392576;0.21018419200000002;0.152384512;0.14876979199999998;0.123851776;0.138338304;0.14667059200000002;0.112135168;0.071670784;0.050607104;0.043201536;0.03412070400000001;0.04047872;0.034321408;0.027875328;0.035160064;0.026939392;0.026185728000000002;0.019506176;0.016612352000000004;0.022324224000000004;0.015428608;0.015240192000000001;0.016410624;0.013615104000000001;0.0099584;0.008206336000000002;0.008515584000000001;0.007757824000000001;0.010727424;0.009105408;0.004658176;0.002902016;0.002870272;0.003315712;0.002927616;0.002886656;0.002696192;0.003764224;0.002955264;0.0014878720000000001;0.0023511039999999997;0.003529728;0.002362368;0.0024463360000000003;0.00149504;0.00167936;0.0022374400000000003;0.002960384;0.0023296;0.00152576;0.0015226880000000001;0.001134592;0.0009615359999999999;0.001519616;0.001436672;0.001134592;0.00062976;0.000592896;0.000900096;0.000643072;0.000499712;0.000550912;0.0005416959999999999;0.0005324799999999999
1787448600,hdr,0.0293;0.03906;0.04883;0.05859;0.06836;0.07813;0.08789;0.09766;0.10742;0.11719;0.12695;0.13672;0.14648;0.15625;0.16602;0.17578;0.18555;0.19531;0.20508;0.21484;0.22461;0.23438;0.24414;0.25391;0.26367;0.27344;0.2832;0.29297;0.30273;0.3125;0.32227;0.33203;0.3418;0.35156;0.36133;0.37109;0.38086;0.39063;0.40039;0.41016;0.41992;0.42969;0.43945;0.44922;0.45898;0.46875;0.47852;0.48828;0.49805;0.50781;0.51758;0.52734;0.53711;0.54688;0.55664;0.56641;0.57617;0.58594;0.5957;0.60547;0.61523;0.625;0.63477;0.64453;0.6543;0.66406;0.67383;0.68359;0.69336;0.70313;0.71289;0.72266;0.73242;0.74219;0.75195;0.76172;0.77148;0.78125;0.79102,0.002793472;0.006437888;0.0083712;0.018027520000000002;0.07354163200000001;0.09949184;0.029932544000000002;0.028822528;0.037628928;0.072740864;0.06211072;0.053640191999999996;0.075900928;0.120264704;0.124335104;0.127570944;0.15236710400000003;0.142286848;0.08273305600000001;0.078848;0.083193856;0.09221631999999999;0.098441216;0.095212544;0.05417472;0.038979584000000005;0.048504832000000005;0.037409792000000004;0.053018624;0.025729023999999996;0.019649536;0.021998591999999997;0.021522431999999998;0.017564672000000003;0.011467776;0.010985472;0.00818176;0.011521024000000001;0.01219584;0.008207359999999999;0.006250496;0.00526336;0.0046592;0.00491008;0.009186304;0.007827456;0.004700160000000001;0.004487168;0.0052592640000000005;0.0050728959999999995;0.003890176;0.0034867200000000004;0.004052992;0.00327168;0.00239104;0.002704384;0.0022466560000000005;0.002633728;0.001969152;0.001692672;0.002238464;0.001618944;0.001635328;0.0014028799999999998;0.001181696;0.001267712;0.0014438399999999998;0.0013209599999999997;0.0008837120000000001;0.000802816;0.001096704;0.001132544;0.001106944;0.000907264;0.000651264;0.000738304;0.0008704;0.0007393279999999999;0.0005836799999999999
1787449500,hdr,0.0293;0.03906;0.04883;0.05859;0.06836;0.07813;0.08789;0.09766;0.10742;0.11719;0.12695;0.13672;0.14648;0.15625;0.16602;0.17578;0.18555;0.19531;0.20508;0.21484;0.22461;0.23438;0.24414;0.25391;0.26367;0.27344;0.2832;0.29297;0.30273;0.3125;0.32227;0.33203;0.3418;0.35156;0.36133;0.37109;0.38086;0.39063;0.40039;0.41016;0.41992;0.42969;0.43945;0.44922;0.45898;0.46875;0.47852;0.48828;0.49805;0.50781;0.51758;0.52734;0.53711;0.54688;0.55664;0.56641;0.57617;0.58594;0.5957;0.60547;0.61523;0.625;0.63477;0.64453;0.6543;0.66406;0.67383;0.68359;0.69336;0.70313;0.71289;0.72266;0.73242;0.74219;0.75195;0.76172;0.77148;0.78125;0.79102,0.0025088;0.003341312;0.00498688;0.01855488;0.084902912;0.137070592;0.040574976000000006;0.018885632000000003;0.026025984000000002;0.052714496;0.072945664;0.049846272;0.102035456;0.205915136;0.268106752;0.217740288;0.175568896;0.19094118399999999;0.106861568;0.09357004799999999;0.134866944;0.14941491199999998;0.154892288;0.084642816;0.06641459200000001;0.043872256;0.048467968;0.036119552;0.033667072;0.033810432;0.023007232;0.015911936;0.013599743999999999;0.015955968;0.019782656;0.020178944000000004;0.013406208;0.01308672;0.011169792;0.008939520000000001;0.008882176;0.008710144;0.006531072;0.005332992;0.005636096;0.00467968;0.007072768;0.008117247999999999;0.006189055999999999;0.003740672;0.00292864;0.004152319999999999;0.003369984;0.003269632;0.003262464;0.002961408;0.0023439359999999996;0.002579456;0.0023111679999999997;0.002318336;0.0025456639999999996;0.0027361279999999996;0.002008064;0.0012001280000000002;0.000939008;0.0009574399999999999;0.0015185919999999998;0.0012083200000000001;0.0013926400000000001;0.0010946560000000003;0.0012185600000000003;0.001030144;0.000644096;0.0009461760000000001;0.000770048;0.000831488;0.000841728;0.0005816320000000001;0.000444416
1787450400,hdr,0.0293;0.03906;0.04883;0.05859;0.06836;0.07813;0.08789;0.09766;0.10742;0.11719;0.12695;0.13672;0.14648;0.15625;0.16602;0.17578;0.18555;0.19531;0.20508;0.21484;0.22461;0.23438;0.24414;0.25391;0.26367;0.27344;0.2832;0.29297;0.30273;0.3125;0.32227;0.33203;0.3418;0.35156;0.36133;0.37109;0.38086;0.39063;0.40039;0.41016;0.41992;0.42969;0.43945;0.44922;0.45898;0.46875;0.47852;0.48828;0.49805;0.50781;0.51758;0.52734;0.53711;0.54688;0.55664;0.56641;0.57617;0.58594;0.5957;0.60547;0.61523;0.625;0.63477;0.64453;0.6543;0.66406;0.67383;0.68359;0.69336;0.70313;0.71289;0.72266;0.73242;0.74219;0.75195;0.76172;0.77148;0.78125;0.79102,0.001441792;0.004312064;0.0078336;0.017767424;0.050489344000000005;0.074464256;0.034804735999999996;0.028332032000000004;0.07211724800000001;0.11385139200000001;0.070926336;0.057194496;0.063993856;0.14509568;0.29106176;0.222657536;0.198035456;0.16659968;0.143781888;0.138368;0.09835008;0.089346048;0.08496435199999999;0.06273536;0.046482432000000004;0.04373504;0.039583744000000004;0.0272384;0.028457984;0.024426496;0.029001727999999997;0.017419264;0.018537472000000003;0.013899775999999999;0.013656064;0.012219391999999999;0.011502592;0.010988544;0.006612992;0.007448576;0.007937024;0.009400320000000002;0.011372544;0.011604992;0.013476864000000002;0.0093184;0.00523264;0.004657152;0.004816895999999999;0.003011584;0.0033105920000000002;0.00342016;0.0054784;0.005731328000000001;0.003812352;0.002210816;0.0024012799999999996;0.002097152;0.0023470080000000003;0.0027504639999999998;0.002356224;0.0021196799999999997;0.002115584;0.001422336;0.0013209599999999997;0.001243136;0.00118272;0.0014786559999999999;0.0011417600000000001;0.0010956800000000001;0.001118208;0.000688128;0.000924672;0.0005754880000000001;0.0008458240000000001;0.0008591359999999999;0.000843776;0.000694272;0.000674816
1787451300,hdr,0.0293;0.03906;0.04883;0.05859;0.06836;0.07813;0.08789;0.09766;0.10742;0.11719;0.12695;0.13672;0.14648;0.15625;0.16602;0.17578;0.18555;0.19531;0.20508;0.21484;0.22461;0.23438;0.24414;0.25391;0.26367;0.27344;0.2832;0.29297;0.30273;0.3125;0.32227;0.33203;0.3418;0.35156;0.36133;0.37109;0.38086;0.39063;0.40039;0.41016;0.41992;0.42969;0.43945;0.44922;0.45898;0.46875;0.47852;0.48828;0.49805;0.50781;0.51758;0.52734;0.53711;0.54688;0.55664;0.56641;0.57617;0.58594;0.5957;0.60547;0.61523;0.625;0.63477;0.64453;0.6543;0.66406;0.67383;0.68359;0.69336;0.70313;0.71289;0.72266;0.73242;0.74219;0.75195;0.76172;0.77148;0.78125;0.79102,0.005971968000000001;0.014183424;0.0112896;0.012839936;0.058788863999999996;0.101031936;0.036390912;0.040438784;0.056558592;0.049098752;0.06464512;0.06276915200000001;0.093715456;0.132378624;0.27399168;0.34509312;0.3123968;0.16476159999999998;0.09429504;0.10683084799999999;0.11350528;0.1221376;0.12360192000000002;0.0905472;0.065722368;0.054462464;0.043886591999999995;0.027241472000000003;0.03441766400000001;0.035895296;0.025095168;0.017586176;0.011630592;0.016374783999999996;0.016792576;0.01626624;0.012597248;0.012024832000000001;0.013580288;0.010755072000000001;0.010643456;0.007706624;0.007066624;0.0061184;0.005093376;0.005404671999999999;0.004094976;0.004220928;0.0026490879999999995;0.002993152;0.0031488;0.00426496;0.00419328;0.005234688;0.0053616639999999995;0.003836928;0.003326976;0.0033146879999999997;0.003212288;0.003096576;0.002208768;0.0017561599999999999;0.002031616;0.001580032;0.0013987840000000001;0.00137216;0.001408;0.001009664;0.000837632;0.000769024;0.0009984;0.001055744;0.000945152;0.0009431040000000001;0.001016832;0.001108992;0.00073216;0.0005857280000000001;0.000694272
1787452200,hdr,0.0293;0.03906;0.04883;0.05859;0.06836;0.07813;0.08789;0.09766;0.10742;0.11719;0.12695;0.13672;0.14648;0.15625;0.16602;0.17578;0.18555;0.19531;0.20508;0.21484;0.22461;0.23438;0.24414;0.25391;0.26367;0.27344;0.2832;0.29297;0.30273;0.3125;0.32227;0.33203;0.3418;0.35156;0.36133;0.37109;0.38086;0.39063;0.40039;0.41016;0.41992;0.42969;0.43945;0.44922;0.45898;0.46875;0.47852;0.48828;0.49805;0.50781;0.51758;0.52734;0.53711;0.54688;0.55664;0.56641;0.57617;0.58594;0.5957;0.60547;0.61523;0.625;0.63477;0.64453;0.6543;0.66406;0.67383;0.68359;0.69336;0.70313;0.71289;0.72266;0.73242;0.74219;0.75195;0.76172;0.77148;0.78125;0.79102,0.012777472;0.021987328;0.016233472;0.029258752;0.103028736;0.123193344;0.045850624000000006;0.035497984;0.045988864000000004;0.06119424;0.09427456;0.08796774399999999;0.081273856;0.13981696;0.328793088;0.414696448;0.345960448;0.127076352;0.100992;0.095091712;0.09257676799999999;0.09595392;0.061624319999999996;0.03628032;0.035769343999999995;0.039732224000000003;0.039907328;0.045046784;0.043600896;0.034259968;0.02210304;0.019376128;0.015742976000000002;0.024351743999999998;0.020629504;0.012091392000000001;0.012212224;0.016039936;0.018580480000000003;0.010835968;0.006943744;0.00614912;0.005085184;0.005559295999999999;0.004884479999999999;0.005442560000000001;0.005208064;0.005376;0.00454144;0.003939328;0.004616192;0.00498688;0.003221504;0.003063808;0.00290304;0.00218112;0.0014376960000000002;0.0017182719999999999;0.0027791359999999998;0.002594816;0.0022067199999999997;0.001619968;0.0009359360000000001;0.00181248;0.0030781439999999997;0.002200576;0.0012871680000000002;0.000899072;0.001036288;0.000927744;0.0009205759999999999;0.00118784;0.0012052480000000001;0.001180672;0.0010936319999999998;0.0009441279999999999;0.0008560640000000001;0.001010688;0.0005877759999999999
1787453100,hdr,0.0293;0.03906;0.04883;0.05859;0.06836;0.07813;0.08789;0.09766;0.10742;0.11719;0.12695;0.13672;0.14648;0.15625;0.16602;0.17578;0.18555;0.19531;0.20508;0.21484;0.22461;0.23438;0.24414;0.25391;0.26367;0.27344;0.2832;0.29297;0.30273;0.3125;0.32227;0.33203;0.3418;0.35156;0.36133;0.37109;0.38086;0.39063;0.40039;0.41016;0.41992;0.42969;0.43945;0.44922;0.45898;0.46875;0.47852;0.48828;0.49805;0.50781;0.51758;0.52734;0.53711;0.54688;0.55664;0.56641;0.57617;0.58594;0.5957;0.60547;0.61523;0.625;0.63477;0.64453;0.6543;0.66406;0.67383;0.68359;0.69336;0.70313;0.71289;0.72266;0.73242;0.74219;0.75195;0.76172;0.77148;0.78125;0.79102,0.005189632;0.007827456;0.020511744;0.034432;0.093339648;0.10703667199999999;0.054362112000000004;0.028229631999999998;0.052592639999999996;0.08618188800000001;0.056346624;0.035020800000000005;0.07369011199999999;0.114697216;0.291597312;0.509671424;0.316686336;0.150791168;0.19951616;0.18343424;0.10277068800000001;0.11925401599999999;0.10250752;0.103586816;0.10233446399999999;0.06482534400000001;0.040748032;0.044538879999999996;0.03872768;0.029919232;0.042437631999999996;0.021805056;0.014256128;0.015688704;0.014087167999999999;0.01103872;0.011853823999999999;0.0070297599999999995;0.007759871999999999;0.005669888;0.004887552000000001;0.011532287999999998;0.009090047999999998;0.00395264;0.004603904000000001;0.005358592;0.005203968;0.00576;0.004911104;0.00401408;0.005562368000000001;0.005491711999999999;0.003469312;0.00314368;0.0026286079999999997;0.001344512;0.001570816;0.0015953919999999997;0.0025108480000000004;0.0027402240000000003;0.003027968;0.00249344;0.001548288;0.001800192;0.0014274560000000001;0.0012032;0.0014940160000000001;0.0011673599999999999;0.0008704;0.0007219199999999999;0.000687104;0.000878592;0.0008447999999999999;0.000679936;0.000582656;0.001074176;0.0008447999999999999;0.00068608;0.000734208
1787454000,hdr,0.0293;0.03906;0.04883;0.05859;0.06836;0.07813;0.08789;0.09766;0.10742;0.11719;0.12695;0.13672;0.14648;0.15625;0.16602;0.17578;0.18555;0.19531;0.20508;0.21484;0.22461;0.23438;0.24414;0.25391;0.26367;0.27344;0.2832;0.29297;0.30273;0.3125;0.32227;0.33203;0.3418;0.35156;0.36133;0.37109;0.38086;0.39063;0.40039;0.41016;0.41992;0.42969;0.43945;0.44922;0.45898;0.46875;0.47852;0.48828;0.49805;0.50781;0.51758;0.52734;0.53711;0.54688;0.55664;0.56641;0.57617;0.58594;0.5957;0.60547;0.61523;0.625;0.63477;0.64453;0.6543;0.66406;0.67383;0.68359;0.69336;0.70313;0.71289;0.72266;0.73242;0.74219;0.75195;0.76172;0.77148;0.78125;0.79102,0.006598656;0.011226112000000002;0.011870208;0.030164992;0.07268761600000001;0.10677452800000001;0.049092608;0.0325888;0.047736832;0.0595712;0.063025152;0.055831552000000007;0.067941376;0.118510592;0.118217728;0.31886336;0.25721446400000003;0.18328064000000002;0.20978278399999997;0.21660159999999998;0.14689894399999998;0.114202624;0.09387110400000001;0.089393152;0.057472;0.051533824;0.043235328;0.036470784;0.027355136000000002;0.034087936;0.026396672;0.0152576;0.017181696;0.022383616;0.015017984;0.010971136000000001;0.018168832;0.0197376;0.014671872;0.019082239999999997;0.011980800000000002;0.00375808;0.0034304;0.006403072;0.0074332159999999994;0.008438784;0.005775359999999999;0.005387264;0.007456768;0.006762495999999999;0.002675712;0.002148352;0.0022353919999999997;0.001867776;0.0029265919999999996;0.002675712;0.002651136;0.00299008;0.0036167680000000002;0.0018135039999999999;0.001796096;0.002131968;0.0017326079999999998;0.001820672;0.0024422399999999996;0.00128;0.001256448;0.000842752;0.0007936;0.001214464;0.001125376;0.0008089600000000001;0.000712704;0.001078272;0.0008765439999999999;0.000690176;0.0005847039999999999;0.00046284799999999997;0.000545792
1787454900,hdr,0.0293;0.03906;0.04883;0.05859;0.06836;0.07813;0.08789;0.09766;0.10742;0.11719;0.12695;0.13672;0.14648;0.15625;0.16602;0.17578;0.18555;0.19531;0.20508;0.21484;0.22461;0.23438;0.24414;0.25391;0.26367;0.27344;0.2832;0.29297;0.30273;0.3125;0.32227;0.33203;0.3418;0.35156;0.36133;0.37109;0.38086;0.39063;0.40039;0.41016;0.41992;0.42969;0.43945;0.44922;0.45898;0.46875;0.47852;0.48828;0.49805;0.50781;0.51758;0.52734;0.53711;0.54688;0.55664;0.56641;0.57617;0.58594;0.5957;0.60547;0.61523;0.625;0.63477;0.64453;0.6543;0.66406;0.67383;0.68359;0.69336;0.70313;0.71289;0.72266;0.73242;0.74219;0.75195;0.76172;0.77148;0.78125;0.79102,0.006126591999999999;0.006693888;0.006032384;0.0166144;0.059184128;0.096556032;0.046990335999999994;0.027340800000000002;0.040467456;0.071006208;0.075358208;0.054165504;0.10347724800000001;0.155620352;0.154647552;0.316683264;0.33001983999999995;0.112664576;0.091332608;0.10311680000000001;0.130297856;0.10892083200000001;0.06664294400000001;0.07908454399999999;0.06361497599999999;0.051466239999999996;0.050620415999999994;0.045216768000000004;0.036192256;0.020472832000000003;0.017217536;0.027593727999999998;0.022865919999999998;0.017931264;0.018572288;0.018221056;0.011546624;0.01757696;0.013074432;0.008328192;0.008163328;0.007160832000000001;0.005353472;0.004583424;0.004818944;0.006651904;0.008092672;0.007262208000000001;0.00383488;0.002656256;0.0039700479999999995;0.005300224;0.004596736;0.004651008;0.0027392;0.0021452800000000003;0.0030361600000000004;0.001831936;0.001119232;0.0014192640000000002;0.002173952;0.0016179200000000001;0.0023572479999999997;0.001850368;0.001900544;0.001985536;0.001524736;0.0013342719999999998;0.0007086080000000001;0.00062464;0.000816128;0.000795648;0.0005724160000000001;0.000877568;0.001242112;0.0008468480000000001;0.000507904;0.000529408;0.0009400319999999999
1787455800,hdr,0.0293;0.03906;0.04883;0.05859;0.06836;0.07813;0.08789;0.09766;0.10742;0.11719;0.12695;0.13672;0.14648;0.15625;0.16602;0.17578;0.18555;0.19531;0.20508;0.21484;0.22461;0.23438;0.24414;0.25391;0.26367;0.27344;0.2832;0.29297;0.30273;0.3125;0.32227;0.33203;0.3418;0.35156;0.36133;0.37109;0.38086;0.39063;0.40039;0.41016;0.41992;0.42969;0.43945;0.44922;0.45898;0.46875;0.47852;0.48828;0.49805;0.50781;0.51758;0.52734;0.53711;0.54688;0.55664;0.56641;0.57617;0.58594;0.5957;0.60547;0.61523;0.625;0.63477;0.64453;0.6543;0.66406;0.67383;0.68359;0.69336;0.70313;0.71289;0.72266;0.73242;0.74219;0.75195;0.76172;0.77148;0.78125;0.79102,0.002174976;0.004171776000000001;0.004827136;0.011333632;0.03885260799999999;0.06747750400000001;0.028581888;0.016334848000000003;0.025394176000000004;0.054633471999999995;0.08417689599999999;0.058556416;0.073936896;0.14118809599999999;0.312556544;0.419966976;0.38890700800000005;0.241562624;0.124449792;0.107420672;0.094583808;0.12281446400000001;0.086663168;0.066608128;0.08308326399999999;0.044387328;0.04215808;0.029718527999999998;0.024704;0.031176704000000003;0.026198016;0.023427072;0.024938495999999997;0.020990975999999998;0.012772351999999999;0.011902976000000001;0.01430016;0.015007744;0.008404992;0.006552576;0.004884479999999999;0.005587968;0.007298048;0.007691264;0.00687616;0.003540992;0.006048768;0.005012480000000001;0.003744768;0.005566464;0.006859776;0.003917824;0.002432;0.004130816000000001;0.005690368;0.00385536;0.0029491200000000004;0.0023347199999999998;0.0024084479999999997;0.002204672;0.001412096;0.001041408;0.001414144;0.001166336;0.001055744;0.001542144;0.0013035520000000001;0.00136192;0.001113088;0.0009359360000000001;0.000738304;0.0007116799999999999;0.0007372800000000001;0.000592896;0.0005416959999999999;0.0005918719999999999;0.000623616;0.0006963200000000001;0.000630784
1787456700,hdr,0.0293;0.03906;0.04883;0.05859;0.06836;0.07813;0.08789;0.09766;0.10742;0.11719;0.12695;0.13672;0.14648;0.15625;0.16602;0.17578;0.18555;0.19531;0.20508;0.21484;0.22461;0.23438;0.24414;0.25391;0.26367;0.27344;0.2832;0.29297;0.30273;0.3125;0.32227;0.33203;0.3418;0.35156;0.36133;0.37109;0.38086;0.39063;0.40039;0.41016;0.41992;0.42969;0.43945;0.44922;0.45898;0.46875;0.47852;0.48828;0.49805;0.50781;0.51758;0.52734;0.53711;0.54688;0.55664;0.56641;0.57617;0.58594;0.5957;0.60547;0.61523;0.625;0.63477;0.64453;0.6543;0.66406;0.67383;0.68359;0.69336;0.70313;0.71289;0.72266;0.73242;0.74219;0.75195;0.76172;0.77148;0.78125;0.79102,0.0014796800000000001;0.004325376000000001;0.009721856000000001;0.03201024;0.092945408;0.103003136;0.04041625599999999;0.011305984;0.027971583999999997;0.068918272;0.07656652800000001;0.05289472;0.044614655999999996;0.089923584;0.28125696;0.315859968;0.30141132800000003;0.25032704;0.17916620800000002;0.12374323200000001;0.12230656;0.093984768;0.06363443199999999;0.0534784;0.06981632;0.051919872;0.031562752;0.036337664;0.037464064;0.024226815999999998;0.017618944;0.024876032;0.017276928;0.012483584;0.01290752;0.010062848;0.011664384;0.007524352000000001;0.01020416;0.011314175999999999;0.007068672000000001;0.005851136000000001;0.008060928;0.007046144;0.00541696;0.004054016;0.005146624;0.004620288;0.0028723200000000003;0.004371456;0.004037632;0.002441216;0.0029573119999999997;0.003130368;0.002880512;0.0024371200000000005;0.00182272;0.002149376;0.00167424;0.0012195840000000001;0.0015677439999999998;0.0020418560000000003;0.0018513919999999999;0.0016220159999999998;0.0016916480000000002;0.001610752;0.001156096;0.001102848;0.0007833599999999999;0.0009318400000000001;0.001212416;0.000878592;0.000857088;0.000577536;0.000429056;0.0005918719999999999;0.0006154239999999999;0.000420864;0.0005847039999999999
1787457600,hdr,0.0293;0.03906;0.04883;0.05859;0.06836;0.07813;0.08789;0.09766;0.10742;0.11719;0.12695;0.13672;0.14648;0.15625;0.16602;0.17578;0.18555;0.19531;0.20508;0.21484;0.22461;0.23438;0.24414;0.25391;0.26367;0.27344;0.2832;0.29297;0.30273;0.3125;0.32227;0.33203;0.3418;0.35156;0.36133;0.37109;0.38086;0.39063;0.40039;0.41016;0.41992;0.42969;0.43945;0.44922;0.45898;0.46875;0.47852;0.48828;0.49805;0.50781;0.51758;0.52734;0.53711;0.54688;0.55664;0.56641;0.57617;0.58594;0.5957;0.60547;0.61523;0.625;0.63477;0.64453;0.6543;0.66406;0.67383;0.68359;0.69336;0.70313;0.71289;0.72266;0.73242;0.74219;0.75195;0.76172;0.77148;0.78125;0.79102,0.0041267199999999995;0.007688192;0.007115776000000001;0.013350911999999998;0.051198976;0.072932352;0.031924224;0.025837567999999998;0.035058688;0.09289216;0.065435648;0.025404416000000003;0.066372608;0.06603468800000001;0.184599552;0.31254732799999996;0.27917516800000003;0.17415680000000003;0.148063232;0.105219072;0.10662195199999999;0.082244608;0.073895936;0.079963136;0.082448384;0.086327296;0.047044608;0.04444569599999999;0.0303616;0.026604544;0.022608896;0.01638912;0.01967616;0.013888512;0.019695616000000003;0.025171968;0.019520512;0.012565504000000002;0.008963072;0.012205056;0.011441152;0.0071413760000000005;0.007320576;0.0062648320000000006;0.006331392;0.003968;0.004276224;0.004527104;0.003574784;0.003641344;0.002464768;0.002300928;0.002568192;0.00303104;0.003646464;0.002151424;0.001282048;0.001538048;0.001948672;0.0014796800000000001;0.0013639680000000001;0.00162816;0.00172544;0.0016988160000000001;0.00138752;0.001125376;0.00133632;0.001102848;0.001107968;0.0012072959999999998;0.000868352;0.000842752;0.000763904;0.000592896;0.0005867520000000001;0.0005877759999999999;0.00062976;0.000436224;0.00037888
1787458500,hdr,0.0293;0.03906;0.04883;0.05859;0.06836;0.07813;0.08789;0.09766;0.10742;0.11719;0.12695;0.13672;0.14648;0.15625;0.16602;0.17578;0.18555;0.19531;0.20508;0.21484;0.22461;0.23438;0.24414;0.25391;0.26367;0.27344;0.2832;0.29297;0.30273;0.3125;0.32227;0.33203;0.3418;0.35156;0.36133;0.37109;0.38086;0.39063;0.40039;0.41016;0.41992;0.42969;0.43945;0.44922;0.45898;0.46875;0.47852;0.48828;0.49805;0.50781;0.51758;0.52734;0.53711;0.54688;0.55664;0.56641;0.57617;0.58594;0.5957;0.60547;0.61523;0.625;0.63477;0.64453;0.6543;0.66406;0.67383;0.68359;0.69336;0.70313;0.71289;0.72266;0.73242;0.74219;0.75195;0.76172;0.77148;0.78125;0.79102,0.00297472;0.0055705600000000004;0.008736768;0.01887744;0.141611008;0.155879424;0.03700736;0.015187968;0.038211584;0.05687296;0.05558784;0.037963776000000005;0.069615616;0.105556992;0.105582592;0.296650752;0.303382528;0.238930944;0.153858048;0.147902464;0.142993408;0.11075686399999998;0.085354496;0.054903808;0.05967667200000001;0.06057472;0.051366911999999994;0.025290752;0.03527884800000001;0.03631923199999999;0.0247808;0.020600832000000003;0.021884928;0.02741248;0.026992640000000002;0.015838208;0.008718336000000002;0.009884672;0.0093184;0.007808;0.009587712;0.005632;0.00622592;0.005197823999999999;0.005573631999999999;0.006895616;0.003908608;0.00341504;0.0029788160000000004;0.0026531840000000003;0.0025251839999999998;0.002594816;0.0034826239999999997;0.0031068159999999997;0.0019251199999999998;0.002061312;0.001865728;0.0018360320000000002;0.0023767040000000003;0.002284544;0.0021360640000000005;0.001439744;0.001101824;0.0008591359999999999;0.00085504;0.001241088;0.001647616;0.001289216;0.0006696959999999999;0.0005468159999999999;0.00072704;0.0007925759999999999;0.000512;0.00047001599999999997;0.00031129599999999997;0.00029081600000000006;0.000561152;0.00046284799999999997;0.000451584
1787459400,hdr,0.0293;0.03906;0.04883;0.05859;0.06836;0.07813;0.08789;0.09766;0.10742;0.11719;0.12695;0.13672;0.14648;0.15625;0.16602;0.17578;0.18555;0.19531;0.20508;0.21484;0.22461;0.23438;0.24414;0.25391;0.26367;0.27344;0.2832;0.29297;0.30273;0.3125;0.32227;0.33203;0.3418;0.35156;0.36133;0.37109;0.38086;0.39063;0.40039;0.41016;0.41992;0.42969;0.43945;0.44922;0.45898;0.46875;0.47852;0.48828;0.49805;0.50781;0.51758;0.52734;0.53711;0.54688;0.55664;0.56641;0.57617;0.58594;0.5957;0.60547;0.61523;0.625;0.63477;0.64453;0.6543;0.66406;0.67383;0.68359;0.69336;0.70313;0.71289;0.72266;0.73242;0.74219;0.75195;0.76172;0.77148;0.78125;0.79102,0.005099520000000001;0.010704896;0.011133952;0.015400959999999998;0.11177574400000001;0.10589491200000001;0.022380544000000002;0.017787904000000004;0.058029055999999996;0.075757568;0.050525184;0.040571904;0.028278784000000005;0.068180992;0.12202598399999999;0.194958336;0.23814963199999997;0.262736896;0.091621376;0.11069440000000001;0.097158144;0.083550208;0.097695744;0.085773312;0.048591872;0.046603264000000005;0.059436032;0.044355584;0.038291456;0.024179712;0.028897279999999997;0.021295104;0.018972672;0.017415168;0.018607104;0.015624192;0.014317568;0.010707967999999998;0.006133759999999999;0.004528127999999999;0.008728576000000002;0.006890496;0.008506368;0.008342528;0.005957632000000001;0.0034652159999999997;0.0026849280000000005;0.0038379520000000004;0.00392192;0.003511296;0.002850816;0.00187392;0.0027658239999999996;0.0033310719999999996;0.002651136;0.00167936;0.001273856;0.001593344;0.0023132160000000003;0.0017182719999999999;0.0020654080000000003;0.001362944;0.00118272;0.001097728;0.001217536;0.00121344;0.000992256;0.000761856;0.000582656;0.0005836799999999999;0.000780288;0.0012646399999999998;0.001125376;0.000847872;0.000896;0.000715776;0.000577536;0.0005898240000000001;0.0005089280000000001
1787460300,hdr,0.0293;0.03906;0.04883;0.05859;0.06836;0.07813;0.08789;0.09766;0.10742;0.11719;0.12695;0.13672;0.14648;0.15625;0.16602;0.17578;0.18555;0.19531;0.20508;0.21484;0.22461;0.23438;0.24414;0.25391;0.26367;0.27344;0.2832;0.29297;0.30273;0.3125;0.32227;0.33203;0.3418;0.35156;0.36133;0.37109;0.38086;0.39063;0.40039;0.41016;0.41992;0.42969;0.43945;0.44922;0.45898;0.46875;0.47852;0.48828;0.49805;0.50781;0.51758;0.52734;0.53711;0.54688;0.55664;0.56641;0.57617;0.58594;0.5957;0.60547;0.61523;0.625;0.63477;0.64453;0.6543;0.66406;0.67383;0.68359;0.69336;0.70313;0.71289;0.72266;0.73242;0.74219;0.75195;0.76172;0.77148;0.78125;0.79102,0.005650432;0.006025216000000001;0.004973568;0.039235584000000004;0.12492390399999999;0.134249472;0.043066367999999994;0.022374400000000003;0.045490176;0.048249856;0.048453631999999996;0.041267200000000004;0.101408768;0.198735872;0.342124544;0.350108672;0.20801945600000002;0.220107776;0.139767808;0.143219712;0.198576128;0.11407052799999999;0.107959296;0.1044736;0.040669184000000004;0.03187712;0.031192064;0.03256832;0.031059968;0.024407039999999998;0.018398208;0.013874176;0.018642943999999998;0.019733504000000002;0.017408;0.010617856;0.008403968000000001;0.006641663999999999;0.009652224000000001;0.008752128000000001;0.005791744;0.00721408;0.006589439999999999;0.004459520000000001;0.0044206079999999995;0.0033832960000000005;0.004815872;0.004757504;0.004069376;0.0030443519999999997;0.0033464320000000003;0.0023357440000000003;0.0019937279999999997;0.002420736;0.002373632;0.001849344;0.0025077759999999998;0.0019251199999999998;0.0015431680000000001;0.001497088;0.001373184;0.0011243520000000001;0.0015267839999999998;0.0016148479999999999;0.00123392;0.00121344;0.0014592000000000001;0.000979968;0.001015808;0.000924672;0.000692224;0.00072704;0.000671744;0.000492544;0.0006082559999999999;0.0006092800000000001;0.0009431040000000001;0.000966656;0.0007168
1787461200,hdr,0.0293;0.03906;0.04883;0.05859;0.06836;0.07813;0.08789;0.09766;0.10742;0.11719;0.12695;0.13672;0.14648;0.15625;0.16602;0.17578;0.18555;0.19531;0.20508;0.21484;0.22461;0.23438;0.24414;0.25391;0.26367;0.27344;0.2832;0.29297;0.30273;0.3125;0.32227;0.33203;0.3418;0.35156;0.36133;0.37109;0.38086;0.39063;0.40039;0.41016;0.41992;0.42969;0.43945;0.44922;0.45898;0.46875;0.47852;0.48828;0.49805;0.50781;0.51758;0.52734;0.53711;0.54688;0.55664;0.56641;0.57617;0.58594;0.5957;0.60547;0.61523;0.625;0.63477;0.64453;0.6543;0.66406;0.67383;0.68359;0.69336;0.70313;0.71289;0.72266;0.73242;0.74219;0.75195;0.76172;0.77148;0.78125;0.79102,0.0050749440000000005;0.0046745599999999995;0.004553728;0.02097152;0.05618176;0.055404544;0.015649792;0.022868991999999998;0.046015488;0.056531968;0.050323455999999996;0.049766399999999995;0.06088192;0.103341056;0.21005824;0.276041728;0.219354112;0.159772672;0.12126822400000001;0.149467136;0.10826752;0.10699059200000001;0.09271296;0.055856128;0.020939775999999997;0.047253504;0.047142912;0.057633792;0.039684095999999995;0.026550272;0.023655423999999998;0.016229375999999997;0.015696896000000002;0.013865983999999998;0.012503040000000002;0.010202112;0.009029632;0.008408064;0.01028608;0.010070016000000001;0.006688768;0.008452096;0.006861824000000001;0.004938752;0.005588992;0.005387264;0.004037632;0.003432448;0.003468288;0.00290816;0.002512896;0.002663424;0.00268288;0.00236544;0.002379776;0.0035061759999999997;0.0033464320000000003;0.0022640639999999997;0.0021780479999999997;0.0013680639999999998;0.001087488;0.001164288;0.0011509760000000002;0.001251328;0.001241088;0.0009420800000000001;0.001742848;0.0011366400000000002;0.001122304;0.000759808;0.000548864;0.000676864;0.00044339199999999997;0.000346112;0.000379904;0.000745472;0.000781312;0.000512;0.0006963200000000001
1787462100,hdr,0.0293;0.03906;0.04883;0.05859;0.06836;0.07813;0.08789;0.09766;0.10742;0.11719;0.12695;0.13672;0.14648;0.15625;0.16602;0.17578;0.18555;0.19531;0.20508;0.21484;0.22461;0.23438;0.24414;0.25391;0.26367;0.27344;0.2832;0.29297;0.30273;0.3125;0.32227;0.33203;0.3418;0.35156;0.36133;0.37109;0.38086;0.39063;0.40039;0.41016;0.41992;0.42969;0.43945;0.44922;0.45898;0.46875;0.47852;0.48828;0.49805;0.50781;0.51758;0.52734;0.53711;0.54688;0.55664;0.56641;0.57617;0.58594;0.5957;0.60547;0.61523;0.625;0.63477;0.64453;0.6543;0.66406;0.67383;0.68359;0.69336;0.70313;0.71289;0.72266;0.73242;0.74219;0.75195;0.76172;0.77148;0.78125;0.79102,0.002233344;0.003305472;0.00830976;0.023300096000000003;0.125768704;0.149552128;0.036184064;0.022456320000000002;0.042336256;0.049675264;0.052995072;0.050618368;0.0734464;0.1976064;0.33691647999999996;0.29933977599999995;0.21736038400000002;0.229218304;0.19071488;0.158470144;0.13049344;0.083280896;0.045835264;0.062381056000000004;0.057956351999999996;0.049041407999999995;0.03336704;0.028622848000000003;0.031773696;0.032777216;0.024994816;0.023277568;0.022032384000000002;0.029553664;0.023886848000000002;0.011403264;0.012834816;0.02083328;0.011959296;0.005649408000000001;0.00902144;0.01112064;0.00641024;0.005219328;0.008092672;0.007269376;0.005769216000000001;0.004533248;0.004424704000000001;0.004308992;0.003231744;0.004564992;0.004174848;0.001969152;0.0020592640000000003;0.001688576;0.001399808;0.001102848;0.0012042239999999998;0.001071104;0.00187392;0.001129472;0.00087552;0.0012185600000000003;0.0012185600000000003;0.0013557760000000002;0.0009523200000000001;0.000625664;0.000992256;0.001217536;0.000656384;0.000485376;0.0009758719999999999;0.001186816;0.00110592;0.0005959680000000001;0.000576512;0.000418816;0.000436224
1787463000,hdr,0.0293;0.03906;0.04883;0.05859;0.06836;0.07813;0.08789;0.09766;0.10742;0.11719;0.12695;0.13672;0.14648;0.15625;0.16602;0.17578;0.18555;0.19531;0.20508;0.21484;0.22461;0.23438;0.24414;0.25391;0.26367;0.27344;0.2832;0.29297;0.30273;0.3125;0.32227;0.33203;0.3418;0.35156;0.36133;0.37109;0.38086;0.39063;0.40039;0.41016;0.41992;0.42969;0.43945;0.44922;0.45898;0.46875;0.47852;0.48828;0.49805;0.50781;0.51758;0.52734;0.53711;0.54688;0.55664;0.56641;0.57617;0.58594;0.5957;0.60547;0.61523;0.625;0.63477;0.64453;0.6543;0.66406;0.67383;0.68359;0.69336;0.70313;0.71289;0.72266;0.73242;0.74219;0.75195;0.76172;0.77148;0.78125;0.79102,0.005987327999999999;0.012275712;0.010481664;0.009965568;0.04186624;0.09059123200000001;0.03316736;0.03565568;0.052937728;0.068430848;0.061795328000000004;0.06513664;0.053502975999999994;0.056312832;0.16663449600000002;0.237093888;0.184239104;0.166572032;0.173548544;0.16848896;0.12280627200000001;0.087530496;0.060443648;0.061570048;0.080451584;0.063077376;0.038777856;0.037185536;0.039396351999999996;0.038884352;0.029008896;0.021016576000000002;0.027015168;0.022301696;0.0182016;0.022546432;0.019081216;0.014240768000000001;0.010682368000000001;0.014211072;0.008298495999999999;0.009477119999999999;0.007036928;0.0062679039999999995;0.00634368;0.005784576;0.00283648;0.003693568;0.003726336;0.0029265919999999996;0.0033382399999999997;0.0024903679999999997;0.0034027519999999998;0.003160064;0.0033382399999999997;0.00239104;0.001631232;0.001212416;0.001563648;0.0015964160000000002;0.0016128;0.001241088;0.0012748800000000002;0.0014110720000000002;0.001052672;0.0012994559999999998;0.001089536;0.001265664;0.001306624;0.0009768959999999999;0.000738304;0.000896;0.001152;0.0007249919999999999;0.000802816;0.0007464960000000001;0.0005744639999999999;0.0005376000000000001;0.000763904
1787463900,hdr,0.0293;0.03906;0.04883;0.05859;0.06836;0.07813;0.08789;0.09766;0.10742;0.11719;0.12695;0.13672;0.14648;0.15625;0.16602;0.17578;0.18555;0.19531;0.20508;0.21484;0.22461;0.23438;0.24414;0.25391;0.26367;0.27344;0.2832;0.29297;0.30273;0.3125;0.32227;0.33203;0.3418;0.35156;0.36133;0.37109;0.38086;0.39063;0.40039;0.41016;0.41992;0.42969;0.43945;0.44922;0.45898;0.46875;0.47852;0.48828;0.49805;0.50781;0.51758;0.52734;0.53711;0.54688;0.55664;0.56641;0.57617;0.58594;0.5957;0.60547;0.61523;0.625;0.63477;0.64453;0.6543;0.66406;0.67383;0.68359;0.69336;0.70313;0.71289;0.72266;0.73242;0.74219;0.75195;0.76172;0.77148;0.78125;0.79102,0.007519232;0.017465344;0.018522112;0.029160448000000002;0.07467008;0.056238079999999996;0.014164992;0.017232896;0.036849664;0.051814400000000004;0.03659468799999999;0.04713779199999999;0.077073408;0.164893696;0.424552448;0.5329848319999999;0.314153984;0.24353792000000002;0.161139712;0.157007872;0.07357030399999999;0.080968704;0.08565145599999999;0.080851968;0.063531008;0.067237888;0.03696128;0.029579264;0.029429760000000003;0.021767168;0.016784384;0.016185344;0.01608192;0.017298431999999996;0.021170176000000002;0.020294655999999998;0.011316224;0.009280512000000001;0.012841984;0.009162751999999998;0.009655296;0.0071915519999999995;0.008293376;0.00722944;0.008039424;0.005927936;0.004731904;0.004772864000000001;0.004777984000000001;0.004670464;0.0023470080000000003;0.002828288;0.0030607359999999997;0.0035348480000000006;0.0039301119999999995;0.002118656;0.001508352;0.001837056;0.0021207039999999997;0.0015953919999999997;0.0014448640000000001;0.0021248;0.001983488;0.001488896;0.0013752319999999999;0.001664;0.001655808;0.000980992;0.0008622079999999999;0.000648192;0.0006676480000000001;0.0007116799999999999;0.00103424;0.001152;0.000448512;0.00048742400000000003;0.000763904;0.00061952;0.00051712
1787464800,hdr,0.0293;0.03906;0.04883;0.05859;0.06836;0.07813;0.08789;0.09766;0.10742;0.11719;0.12695;0.13672;0.14648;0.15625;0.16602;0.17578;0.18555;0.19531;0.20508;0.21484;0.22461;0.23438;0.24414;0.25391;0.26367;0.27344;0.2832;0.29297;0.30273;0.3125;0.32227;0.33203;0.3418;0.35156;0.36133;0.37109;0.38086;0.39063;0.40039;0.41016;0.41992;0.42969;0.43945;0.44922;0.45898;0.46875;0.47852;0.48828;0.49805;0.50781;0.51758;0.52734;0.53711;0.54688;0.55664;0.56641;0.57617;0.58594;0.5957;0.60547;0.61523;0.625;0.63477;0.64453;0.6543;0.66406;0.67383;0.68359;0.69336;0.70313;0.71289;0.72266;0.73242;0.74219;0.75195;0.76172;0.77148;0.78125;0.79102,0.006387711999999999;0.008699904;0.020980736;0.035010559999999996;0.07638528;0.07644672;0.027076608;0.027408384;0.033417216;0.043240448;0.060278784;0.058246144;0.049395712;0.097584128;0.174061568;0.17077248;0.205188096;0.227636224;0.185508864;0.139098112;0.122876928;0.054719488;0.054397952;0.06209024;0.076239872;0.055109632;0.036827136;0.025836544000000003;0.024105984;0.031558656;0.024311808;0.020673536;0.01655296;0.018075648;0.016805887999999998;0.015941632;0.013613056;0.010074112;0.009249792;0.010075136;0.00704;0.005813247999999999;0.006268928;0.006787072;0.004971519999999999;0.0041564160000000005;0.005018624;0.00632832;0.004743168;0.003472384;0.004128768;0.003126272;0.00338944;0.002931712;0.002231296;0.001696768;0.0017459199999999998;0.002871296;0.002226176;0.002185216;0.002722816;0.002072576;0.001792;0.0013056;0.0017131520000000001;0.0017479680000000001;0.001113088;0.0008325120000000001;0.0007464960000000001;0.000538624;0.000637952;0.000818176;0.001052672;0.001030144;0.000652288;0.0010936319999999998;0.001073152;0.000809984;0.0008110079999999999
1787465700,hdr,0.0293;0.03906;0.04883;0.05859;0.06836;0.07813;0.08789;0.09766;0.10742;0.11719;0.12695;0.13672;0.14648;0.15625;0.16602;0.17578;0.18555;0.19531;0.20508;0.21484;0.22461;0.23438;0.24414;0.25391;0.26367;0.27344;0.2832;0.29297;0.30273;0.3125;0.32227;0.33203;0.3418;0.35156;0.36133;0.37109;0.38086;0.39063;0.40039;0.41016;0.41992;0.42969;0.43945;0.44922;0.45898;0.46875;0.47852;0.48828;0.49805;0.50781;0.51758;0.52734;0.53711;0.54688;0.55664;0.56641;0.57617;0.58594;0.5957;0.60547;0.61523;0.625;0.63477;0.64453;0.6543;0.66406;0.67383;0.68359;0.69336;0.70313;0.71289;0.72266;0.73242;0.74219;0.75195;0.76172;0.77148;0.78125;0.79102,0.001258496;0.0061757439999999995;0.013413376;0.022422527999999997;0.06674432000000001;0.07361536;0.020242432;0.019544064;0.03787264;0.060919808000000006;0.076056576;0.06645452799999998;0.052530176;0.068297728;0.23769804800000002;0.49030144;0.38022758399999995;0.21415219200000002;0.148236288;0.10006016000000001;0.107941888;0.08538624;0.08932044800000001;0.08697344;0.05768601600000001;0.04918988800000001;0.048750591999999995;0.052859904;0.044870655999999995;0.043845632;0.040546304;0.027341824;0.019765248;0.030104576;0.014239744;0.006553600000000001;0.009469951999999998;0.008515584000000001;0.009742335999999999;0.010651648;0.007020544;0.003714048;0.005479424;0.00606208;0.006800384;0.006206464000000001;0.0038717440000000003;0.003070976;0.002382848;0.0025118719999999996;0.003613696;0.002753536;0.0035614720000000004;0.0020910079999999997;0.0013393919999999998;0.0025364479999999997;0.002043904;0.00168448;0.0017336320000000001;0.0014346239999999998;0.0011786239999999999;0.0012195840000000001;0.001309696;0.00150528;0.001267712;0.001345536;0.0012359679999999998;0.0011448320000000001;0.0009727999999999999;0.001156096;0.0011919360000000002;0.001117184;0.001129472;0.001206272;0.00103936;0.000623616;0.0006676480000000001;0.001106944;0.0009615359999999999
1787466600,hdr,0.0293;0.03906;0.04883;0.05859;0.06836;0.07813;0.08789;0.09766;0.10742;0.11719;0.12695;0.13672;0.14648;0.15625;0.16602;0.17578;0.18555;0.19531;0.20508;0.21484;0.22461;0.23438;0.24414;0.25391;0.26367;0.27344;0.2832;0.29297;0.30273;0.3125;0.32227;0.33203;0.3418;0.35156;0.36133;0.37109;0.38086;0.39063;0.40039;0.41016;0.41992;0.42969;0.43945;0.44922;0.45898;0.46875;0.47852;0.48828;0.49805;0.50781;0.51758;0.52734;0.53711;0.54688;0.55664;0.56641;0.57617;0.58594;0.5957;0.60547;0.61523;0.625;0.63477;0.64453;0.6543;0.66406;0.67383;0.68359;0.69336;0.70313;0.71289;0.72266;0.73242;0.74219;0.75195;0.76172;0.77148;0.78125;0.79102,0.0072161280000000005;0.011065344;0.008049664;0.025397248;0.125965312;0.085860352;0.013631487999999999;0.014114815999999999;0.024142848;0.05376;0.048375808;0.04453068799999999;0.046742528;0.129845248;0.124761088;0.233947136;0.29769216;0.200240128;0.15899545599999998;0.14917017600000002;0.12540416000000001;0.091321344;0.059318272;0.068708352;0.060423168;0.03377664;0.043057152;0.057545728;0.03968512;0.038330368000000004;0.045307904;0.02752;0.019052544;0.019093504;0.023530495999999998;0.015934464;0.013305856;0.011241472;0.013232128;0.010425344000000001;0.0091904;0.007717888;0.007570432000000001;0.004931584;0.003540992;0.0042956800000000005;0.004443136;0.0047216639999999995;0.0031426559999999997;0.0024791039999999998;0.001816576;0.002742272;0.0027729919999999997;0.0028764159999999997;0.002046976;0.0011417600000000001;0.001472512;0.0011284479999999998;0.001107968;0.001298432;0.0009472;0.001507328;0.002354176;0.0016916480000000002;0.0015769599999999999;0.001488896;0.001404928;0.000933888;0.001127424;0.000881664;0.000753664;0.000567296;0.000776192;0.0011356159999999999;0.00064512;0.00029900799999999997;0.000406528;0.0006082559999999999;0.0006656
1787467500,hdr,0.0293;0.03906;0.04883;0.05859;0.06836;0.07813;0.08789;0.09766;0.10742;0.11719;0.12695;0.13672;0.14648;0.15625;0.16602;0.17578;0.18555;0.19531;0.20508;0.21484;0.22461;0.23438;0.24414;0.25391;0.26367;0.27344;0.2832;0.29297;0.30273;0.3125;0.32227;0.33203;0.3418;0.35156;0.36133;0.37109;0.38086;0.39063;0.40039;0.41016;0.41992;0.42969;0.43945;0.44922;0.45898;0.46875;0.47852;0.48828;0.49805;0.50781;0.51758;0.52734;0.53711;0.54688;0.55664;0.56641;0.57617;0.58594;0.5957;0.60547;0.61523;0.625;0.63477;0.64453;0.6543;0.66406;0.67383;0.68359;0.69336;0.70313;0.71289;0.72266;0.73242;0.74219;0.75195;0.76172;0.77148;0.78125;0.79102,0.0021780479999999997;0.0062924800000000005;0.00989184;0.024716288;0.122898432;0.098927616;0.020486144;0.019489792000000002;0.020097024;0.036723712;0.047456256;0.043548672000000004;0.051206144;0.08299417599999999;0.25918464;0.317364224;0.183404544;0.178041856;0.15894528;0.14439833600000002;0.150441984;0.069799936;0.069854208;0.071778304;0.045328384;0.025793536;0.019780608;0.018947072;0.02764288;0.024549376;0.028749824;0.023750656;0.01486848;0.019446783999999998;0.017452032;0.010620928;0.01074688;0.010071040000000002;0.005694464;0.004509696;0.0050503679999999995;0.004319232;0.0062924800000000005;0.005107712;0.004777984000000001;0.005323776;0.003542016;0.003857408;0.0030525440000000004;0.003224576;0.002868224;0.003017728;0.0022906879999999995;0.002015232;0.0016435199999999999;0.00154624;0.00175104;0.0019476480000000002;0.002044928;0.0017356799999999999;0.00222208;0.001750016;0.0013946879999999998;0.001220608;0.001373184;0.001119232;0.000760832;0.0005468159999999999;0.000750592;0.0008867839999999999;0.0009543679999999999;0.000758784;0.00092672;0.000878592;0.0005744639999999999;0.000647168;0.000789504;0.000642048;0.0005376000000000001
1787468400,hdr,0.0293;0.03906;0.04883;0.05859;0.06836;0.07813;0.08789;0.09766;0.10742;0.11719;0.12695;0.13672;0.14648;0.15625;0.16602;0.17578;0.18555;0.19531;0.20508;0.21484;0.22461;0.23438;0.24414;0.25391;0.26367;0.27344;0.2832;0.29297;0.30273;0.3125;0.32227;0.33203;0.3418;0.35156;0.36133;0.37109;0.38086;0.39063;0.40039;0.41016;0.41992;0.42969;0.43945;0.44922;0.45898;0.46875;0.47852;0.48828;0.49805;0.50781;0.51758;0.52734;0.53711;0.54688;0.55664;0.56641;0.57617;0.58594;0.5957;0.60547;0.61523;0.625;0.63477;0.64453;0.6543;0.66406;0.67383;0.68359;0.69336;0.70313;0.71289;0.72266;0.73242;0.74219;0.75195;0.76172;0.77148;0.78125;0.79102,0.0010250239999999998;0.005188608;0.009349119999999999;0.024302592;0.08992153600000001;0.093958144;0.017436672000000004;0.026310656;0.05100236799999999;0.049824768;0.062619648;0.05233664;0.053092352;0.11411456;0.282221568;0.376518656;0.274717696;0.165028864;0.099622912;0.152301568;0.137399296;0.075754496;0.0755968;0.104160256;0.09379942399999999;0.062985216;0.039121920000000004;0.02253312;0.025933824;0.026979327999999997;0.018317312000000002;0.011778048000000001;0.019205120000000003;0.021182464;0.01357824;0.01432576;0.01604096;0.013856768;0.011045887999999998;0.00723968;0.007379968;0.005348352;0.007626752;0.007711744;0.00695808;0.006598656;0.004632576;0.003208192;0.0027361279999999996;0.002407424;0.002445312;0.0026327039999999996;0.0027156479999999998;0.0029573119999999997;0.0024166400000000003;0.002794496;0.003007488;0.0017623040000000001;0.002276352;0.0014172160000000002;0.001152;0.001028096;0.001503232;0.001557504;0.00090112;0.0009543679999999999;0.0010608640000000001;0.001304576;0.00175104;0.001636352;0.000687104;0.0011509760000000002;0.00105472;0.000561152;0.00059904;0.000881664;0.000805888;0.000652288;0.0005683200000000001
1787469300,hdr,0.0293;0.03906;0.04883;0.05859;0.06836;0.07813;0.08789;0.09766;0.10742;0.11719;0.12695;0.13672;0.14648;0.15625;0.16602;0.17578;0.18555;0.19531;0.20508;0.21484;0.22461;0.23438;0.24414;0.25391;0.26367;0.27344;0.2832;0.29297;0.30273;0.3125;0.32227;0.33203;0.3418;0.35156;0.36133;0.37109;0.38086;0.39063;0.40039;0.41016;0.41992;0.42969;0.43945;0.44922;0.45898;0.46875;0.47852;0.48828;0.49805;0.50781;0.51758;0.52734;0.53711;0.54688;0.55664;0.56641;0.57617;0.58594;0.5957;0.60547;0.61523;0.625;0.63477;0.64453;0.6543;0.66406;0.67383;0.68359;0.69336;0.70313;0.71289;0.72266;0.73242;0.74219;0.75195;0.76172;0.77148;0.78125;0.79102,0.0034713599999999997;0.004979712000000001;0.008010752000000001;0.021767168;0.089904128;0.084353024;0.017125376;0.024136704000000002;0.045766655999999996;0.058944512000000004;0.066863104;0.058845184;0.079113216;0.124655616;0.229307392;0.257378304;0.24516812799999999;0.14915276800000002;0.18540544;0.08895488;0.053441536;0.087271424;0.10866073600000001;0.074236928;0.05692416;0.051676160000000006;0.043838464;0.037489664;0.0359424;0.040652799999999996;0.031281152;0.018404352;0.014240768000000001;0.014664703999999999;0.010944511999999998;0.011155455999999998;0.011918336;0.014272512000000001;0.012769280000000001;0.008255488;0.009117696;0.008040447999999999;0.005364736;0.0034949119999999998;0.003815424;0.004015104;0.0033976320000000003;0.00232448;0.0038174719999999997;0.004576256;0.003032064;0.0026900479999999996;0.003144704;0.003488768;0.001306624;0.002154496;0.002244608;0.0017530879999999999;0.001615872;0.0012994559999999998;0.00146432;0.0015769599999999999;0.0009984;0.0011673599999999999;0.001490944;0.00081408;0.0009943039999999999;0.001052672;0.0007833599999999999;0.00077824;0.00111104;0.000765952;0.001038336;0.000978944;0.000898048;0.0007055360000000001;0.000659456;0.00079872;0.0007096320000000001
1787470200,hdr,0.0293;0.03906;0.04883;0.05859;0.06836;0.07813;0.08789;0.09766;0.10742;0.11719;0.12695;0.13672;0.14648;0.15625;0.16602;0.17578;0.18555;0.19531;0.20508;0.21484;0.22461;0.23438;0.24414;0.25391;0.26367;0.27344;0.2832;0.29297;0.30273;0.3125;0.32227;0.33203;0.3418;0.35156;0.36133;0.37109;0.38086;0.39063;0.40039;0.41016;0.41992;0.42969;0.43945;0.44922;0.45898;0.46875;0.47852;0.48828;0.49805;0.50781;0.51758;0.52734;0.53711;0.54688;0.55664;0.56641;0.57617;0.58594;0.5957;0.60547;0.61523;0.625;0.63477;0.64453;0.6543;0.66406;0.67383;0.68359;0.69336;0.70313;0.71289;0.72266;0.73242;0.74219;0.75195;0.76172;0.77148;0.78125;0.79102,0.002660352;0.005287936000000001;0.008700928;0.021999616;0.10184192;0.084097024;0.016723968000000002;0.011963392;0.030813184;0.060909568;0.046460928;0.042960896;0.06987980799999999;0.08705433600000001;0.15594803200000001;0.18545868799999998;0.165680128;0.124051456;0.11077017600000001;0.08698675199999999;0.071206912;0.048222207999999996;0.07144652800000001;0.07037439999999999;0.061428736;0.04624896;0.056450048;0.065675264;0.03989504;0.035064832000000004;0.026770432;0.028030976;0.022150144;0.020648959999999997;0.014348288;0.008121344;0.007462912;0.014309376;0.0089088;0.008270848000000003;0.007455744;0.009179136000000001;0.007969792;0.005785599999999999;0.003979264;0.004603904000000001;0.0049633279999999995;0.00516608;0.003203072;0.003864576;0.003160064;0.0038932479999999998;0.003777536;0.0030853119999999998;0.001963008;0.001820672;0.002060288;0.001599488;0.0012625919999999999;0.001312768;0.001805312;0.0022599680000000002;0.001654784;0.001603584;0.001497088;0.001396736;0.001056768;0.000894976;0.000854016;0.000758784;0.000951296;0.000978944;0.001007616;0.000992256;0.0007168;0.000637952;0.0006932479999999999;0.000857088;0.000413696
1787471100,hdr,0.0293;0.03906;0.04883;0.05859;0.06836;0.07813;0.08789;0.09766;0.10742;0.11719;0.12695;0.13672;0.14648;0.15625;0.16602;0.17578;0.18555;0.19531;0.20508;0.21484;0.22461;0.23438;0.24414;0.25391;0.26367;0.27344;0.2832;0.29297;0.30273;0.3125;0.32227;0.33203;0.3418;0.35156;0.36133;0.37109;0.38086;0.39063;0.40039;0.41016;0.41992;0.42969;0.43945;0.44922;0.45898;0.46875;0.47852;0.48828;0.49805;0.50781;0.51758;0.52734;0.53711;0.54688;0.55664;0.56641;0.57617;0.58594;0.5957;0.60547;0.61523;0.625;0.63477;0.64453;0.6543;0.66406;0.67383;0.68359;0.69336;0.70313;0.71289;0.72266;0.73242;0.74219;0.75195;0.76172;0.77148;0.78125;0.79102,9.0112e-05;0.000922624;0.0026777600000000004;0.014081024;0.092589056;0.115033088;0.021275648;0.018797568;0.020947968;0.038280192000000005;0.030626816;0.029719552;0.036483072;0.093947904;0.165248;0.167272448;0.22409625600000002;0.103391232;0.09415475200000001;0.061049856;0.054285311999999995;0.048559104;0.058847232;0.06729523200000001;0.043977727999999994;0.040355840000000004;0.04307968;0.030815232;0.027179007999999998;0.027421696;0.016164864;0.015533056;0.02190848;0.014342144;0.008467456;0.009996288;0.012694528;0.012806144;0.007118848;0.00571904;0.0048363519999999995;0.007348224;0.005527552;0.00442368;0.003629056;0.002630656;0.002893824;0.0029695999999999998;0.0036843519999999997;0.004447232;0.0026449919999999997;0.0021268479999999998;0.001620992;0.0013568;0.00187904;0.002310144;0.0018831359999999999;0.0021913600000000003;0.0015677439999999998;0.00122368;0.001041408;0.000923648;0.000654336;0.0006604799999999999;0.001174528;0.0007352319999999999;0.00047923199999999995;0.000610304;0.000966656;0.001024;0.000809984;0.00084992;0.0008355839999999999;0.0005478400000000001;0.0006144;0.0005980159999999999;0.00046592000000000004;0.000485376;0.00037068800000000004
1787472000,hdr,0.0293;0.03906;0.04883;0.05859;0.06836;0.07813;0.08789;0.09766;0.10742;0.11719;0.12695;0.13672;0.14648;0.15625;0.16602;0.17578;0.18555;0.19531;0.20508;0.21484;0.22461;0.23438;0.24414;0.25391;0.26367;0.27344;0.2832;0.29297;0.30273;0.3125;0.32227;0.33203;0.3418;0.35156;0.36133;0.37109;0.38086;0.39063;0.40039;0.41016;0.41992;0.42969;0.43945;0.44922;0.45898;0.46875;0.47852;0.48828;0.49805;0.50781;0.51758;0.52734;0.53711;0.54688;0.55664;0.56641;0.57617;0.58594;0.5957;0.60547;0.61523;0.625;0.63477;0.64453;0.6543;0.66406;0.67383;0.68359;0.69336;0.70313;0.71289;0.72266;0.73242;0.74219;0.75195;0.76172;0.77148;0.78125;0.79102,0.0014796800000000001;0.002072576;0.002760704;0.02043392;0.077303808;0.070218752;0.018562048;0.012536832;0.033369088;0.068050944;0.059355135999999996;0.03230208;0.045385728;0.053041151999999994;0.112712704;0.265188352;0.21137510399999998;0.142636032;0.104189952;0.118061056;0.11402547199999999;0.085866496;0.09851392;0.086580224;0.055595008;0.051849216000000004;0.039344128;0.0413696;0.035048448;0.03920793599999999;0.030149632000000003;0.020122624;0.022423552;0.024327168000000003;0.011918336;0.00567808;0.006320128;0.010194944;0.012266496;0.011247616;0.008476672000000001;0.006030336;0.006141952;0.004626432000000001;0.004251648;0.0033218559999999998;0.0048732160000000005;0.003396608;0.002893824;0.002566144;0.002123776;0.00264704;0.002829312;0.002033664;0.001708032;0.0014561280000000001;0.001243136;0.00136192;0.0018513919999999999;0.00117248;0.001088512;0.0009256959999999999;0.000970752;0.000909312;0.0010936319999999998;0.0011601919999999998;0.0007280640000000001;0.0006184960000000001;0.000617472;0.000620544;0.000447488;0.0009318400000000001;0.000854016;0.00047616000000000005;0.000516096;0.000429056;0.0006184960000000001;0.000529408;0.00033484799999999995
1787472900,hdr,0.0293;0.03906;0.04883;0.05859;0.06836;0.07813;0.08789;0.09766;0.10742;0.11719;0.12695;0.13672;0.14648;0.15625;0.16602;0.17578;0.18555;0.19531;0.20508;0.21484;0.22461;0.23438;0.24414;0.25391;0.26367;0.27344;0.2832;0.29297;0.30273;0.3125;0.32227;0.33203;0.3418;0.35156;0.36133;0.37109;0.38086;0.39063;0.40039;0.41016;0.41992;0.42969;0.43945;0.44922;0.45898;0.46875;0.47852;0.48828;0.49805;0.50781;0.51758;0.52734;0.53711;0.54688;0.55664;0.56641;0.57617;0.58594;0.5957;0.60547;0.61523;0.625;0.63477;0.64453;0.6543;0.66406;0.67383;0.68359;0.69336;0.70313;0.71289;0.72266;0.73242;0.74219;0.75195;0.76172;0.77148;0.78125;0.79102,0.001769472;0.003291136;0.00452096;0.009680896000000001;0.043031551999999994;0.03780096000000001;0.014449664000000001;0.024845311999999998;0.043324416;0.05740032;0.060089343999999996;0.040635392;0.050046976;0.060291072;0.102742016;0.19820339200000003;0.23357849600000002;0.13580288;0.076874752;0.08195072;0.072692736;0.061892608;0.061952;0.04633088;0.029961216;0.035659776;0.035995648;0.034635776;0.032400384000000004;0.022499328;0.037291007999999994;0.022040576;0.012874752;0.013978624;0.015166464;0.01275392;0.0068608;0.006360064;0.005815296;0.005634048;0.004381696;0.00406528;0.004874240000000001;0.004484096000000001;0.002403328;0.002371584;0.0032440319999999996;0.0036433919999999996;0.002532352;0.00272384;0.0025907200000000003;0.00282112;0.002896896;0.0020910079999999997;0.001475584;0.000786432;0.0009605120000000001;0.0009727999999999999;0.0009216000000000001;0.0013004800000000001;0.001312768;0.0011776;0.000917504;0.0009605120000000001;0.0009359360000000001;0.0009144320000000001;0.00103936;0.0013322240000000001;0.001024;0.000661504;0.000756736;0.000790528;0.000553984;0.000401408;0.000631808;0.0006840319999999999;0.000400384;0.00036864000000000005;0.000526336
1787473800,hdr,0.0293;0.03906;0.04883;0.05859;0.06836;0.07813;0.08789;0.09766;0.10742;0.11719;0.12695;0.13672;0.14648;0.15625;0.16602;0.17578;0.18555;0.19531;0.20508;0.21484;0.22461;0.23438;0.24414;0.25391;0.26367;0.27344;0.2832;0.29297;0.30273;0.3125;0.32227;0.33203;0.3418;0.35156;0.36133;0.37109;0.38086;0.39063;0.40039;0.41016;0.41992;0.42969;0.43945;0.44922;0.45898;0.46875;0.47852;0.48828;0.49805;0.50781;0.51758;0.52734;0.53711;0.54688;0.55664;0.56641;0.57617;0.58594;0.5957;0.60547;0.61523;0.625;0.63477;0.64453;0.6543;0.66406;0.67383;0.68359;0.69336;0.70313;0.71289;0.72266;0.73242;0.74219;0.75195;0.76172;0.77148;0.78125;0.79102,0.000436224;0.001265664;0.003487744;0.020455424;0.081924096;0.081035264;0.017634304;0.022771712;0.046784512;0.05358796799999999;0.056253439999999995;0.0613376;0.040221696;0.102821888;0.23458304000000002;0.244212736;0.152528896;0.134706176;0.06591385599999999;0.09001983999999999;0.06540902400000001;0.05602304;0.057059328;0.045534208;0.046146559999999996;0.034429952;0.031762432;0.034941952;0.026707968000000002;0.017948672;0.02712576;0.02625024;0.014103552;0.012376064;0.011414528;0.010599424000000001;0.01232384;0.014544895999999998;0.015295488000000001;0.015574016;0.009598976;0.005019648;0.003844096;0.004840448000000001;0.003315712;0.003764224;0.005293056;0.0038840320000000004;0.003554304;0.003268608;0.00263168;0.001835008;0.0021248;0.0021207039999999997;0.002276352;0.001686528;0.001620992;0.001276928;0.001401856;0.001065984;0.0009349119999999999;0.000717824;0.001082368;0.0012687360000000001;0.000894976;0.0010199039999999999;0.000764928;0.0005959680000000001;0.000461824;0.0006973439999999999;0.001005568;0.000924672;0.000756736;0.000733184;0.0007372800000000001;0.0006502400000000001;0.00040243200000000004;0.00047718399999999996;0.00047308800000000003
1787474700,hdr,0.0293;0.03906;0.04883;0.05859;0.06836;0.07813;0.08789;0.09766;0.10742;0.11719;0.12695;0.13672;0.14648;0.15625;0.16602;0.17578;0.18555;0.19531;0.20508;0.21484;0.22461;0.23438;0.24414;0.25391;0.26367;0.27344;0.2832;0.29297;0.30273;0.3125;0.32227;0.33203;0.3418;0.35156;0.36133;0.37109;0.38086;0.39063;0.40039;0.41016;0.41992;0.42969;0.43945;0.44922;0.45898;0.46875;0.47852;0.48828;0.49805;0.50781;0.51758;0.52734;0.53711;0.54688;0.55664;0.56641;0.57617;0.58594;0.5957;0.60547;0.61523;0.625;0.63477;0.64453;0.6543;0.66406;0.67383;0.68359;0.69336;0.70313;0.71289;0.72266;0.73242;0.74219;0.75195;0.76172;0.77148;0.78125;0.79102,0.0026112;0.005890048;0.007252992;0.018812928;0.067898368;0.066563072;0.019241984;0.029077504;0.051401727999999994;0.044380159999999995;0.06569984;0.063864832;0.048829439999999995;0.059631616;0.083294208;0.128996352;0.15513292799999998;0.120740864;0.096772096;0.06177177600000001;0.08133632;0.07612825599999999;0.05919232;0.044082176;0.031525888;0.03241472;0.043272191999999994;0.034755584000000006;0.020436991999999998;0.021350400000000002;0.010310656;0.010042368000000001;0.01344512;0.013703168;0.011240448;0.00790528;0.009873408;0.008444928;0.0074854399999999995;0.008261632000000001;0.0061952;0.005025792;0.004099072;0.004794368;0.0059811840000000005;0.004134912;0.0037386240000000003;0.00398336;0.0039055360000000003;0.0030822400000000004;0.0018012159999999998;0.002691072;0.0037058559999999996;0.002532352;0.002064384;0.0022466560000000005;0.002633728;0.00238592;0.0019527680000000001;0.0010014719999999998;0.0009256959999999999;0.001550336;0.00104448;0.000768;0.0008069119999999999;0.000779264;0.001243136;0.00093696;0.000649216;0.0007833599999999999;0.0008192000000000001;0.000774144;0.0006604799999999999;0.00046592000000000004;0.000555008;0.000524288;0.0004915200000000001;0.000512;0.000482304
1787476500,hdr,0.0293;0.03906;0.04883;0.05859;0.06836;0.07813;0.08789;0.09766;0.10742;0.11719;0.12695;0.13672;0.14648;0.15625;0.16602;0.17578;0.18555;0.19531;0.20508;0.21484;0.22461;0.23438;0.24414;0.25391;0.26367;0.27344;0.2832;0.29297;0.30273;0.3125;0.32227;0.33203;0.3418;0.35156;0.36133;0.37109;0.38086;0.39063;0.40039;0.41016;0.41992;0.42969;0.43945;0.44922;0.45898;0.46875;0.47852;0.48828;0.49805;0.50781;0.51758;0.52734;0.53711;0.54688;0.55664;0.56641;0.57617;0.58594;0.5957;0.60547;0.61523;0.625;0.63477;0.64453;0.6543;0.66406;0.67383;0.68359;0.69336;0.70313;0.71289;0.72266;0.73242;0.74219;0.75195;0.76172;0.77148;0.78125;0.79102,0.001343488;0.00307712;0.011315200000000001;0.041632767999999994;0.06758604800000001;0.065683456;0.022206464;0.019296256;0.0422656;0.069413888;0.059352063999999996;0.036971519999999994;0.056752128;0.08888627200000002;0.134034432;0.10899558399999999;0.107657216;0.129840128;0.104636416;0.103724032;0.092473344;0.069372928;0.048902144;0.057198592;0.033954816;0.023262208000000003;0.028259328;0.032079872;0.032941056;0.029715455999999998;0.02386432;0.02514432;0.020450304;0.008605696;0.009674752;0.011154432;0.00836096;0.006162432;0.007738368000000001;0.008041472000000001;0.0063774719999999995;0.006232064000000001;0.00367616;0.004553728;0.005359616;0.003853312;0.002910208;0.002409472;0.003373056;0.003315712;0.002635776;0.002139136;0.001969152;0.001420288;0.0013680639999999998;0.001436672;0.0014110720000000002;0.001364992;0.001457152;0.0008929280000000001;0.000915456;0.001696768;0.0015769599999999999;0.00121344;0.000877568;0.000766976;0.00043110399999999997;0.000513024;0.000463872;0.000648192;0.000439296;0.0005867520000000001;0.00089088;0.0007946240000000001;0.000590848;0.000372736;0.00037376;0.00039423999999999997;0.0003584
1787477400,hdr,0.0293;0.03906;0.04883;0.05859;0.06836;0.07813;0.08789;0.09766;0.10742;0.11719;0.12695;0.13672;0.14648;0.15625;0.16602;0.17578;0.18555;0.19531;0.20508;0.21484;0.22461;0.23438;0.24414;0.25391;0.26367;0.27344;0.2832;0.29297;0.30273;0.3125;0.32227;0.33203;0.3418;0.35156;0.36133;0.37109;0.38086;0.39063;0.40039;0.41016;0.41992;0.42969;0.43945;0.44922;0.45898;0.46875;0.47852;0.48828;0.49805;0.50781;0.51758;0.52734;0.53711;0.54688;0.55664;0.56641;0.57617;0.58594;0.5957;0.60547;0.61523;0.625;0.63477;0.64453;0.6543;0.66406;0.67383;0.68359;0.69336;0.70313;0.71289;0.72266;0.73242;0.74219;0.75195;0.76172;0.77148;0.78125;0.79102,0.001910784;0.004961280000000001;0.008710144;0.022456320000000002;0.058374144;0.05532672;0.016658432;0.014758912;0.037910528;0.081549312;0.08234496000000001;0.040502272;0.037839872000000004;0.061076479999999995;0.11490713599999999;0.216208384;0.148467712;0.1018368;0.093884416;0.07314432;0.05318963200000001;0.05476761599999999;0.07298662400000001;0.068314112;0.041249792;0.032416768;0.02820608;0.024818688000000002;0.025480192;0.015854592;0.011148288000000001;0.014803967999999999;0.015545344000000001;0.011475968000000001;0.012898304;0.008214528;0.014430208;0.013400064;0.007599104;0.006640640000000001;0.007025664;0.007144447999999999;0.004030464;0.00573952;0.004955136000000001;0.00342016;0.0025180159999999997;0.00246784;0.0015267839999999998;0.001188864;0.002571264;0.0024299520000000004;0.001439744;0.001928192;0.002184192;0.001798144;0.001502208;0.001523712;0.0013752319999999999;0.001716224;0.00111104;0.000909312;0.0014376960000000002;0.001316864;0.0012185600000000003;0.0009400319999999999;0.0006963200000000001;0.0007290879999999999;0.0008345599999999999;0.0007925759999999999;0.000663552;0.0005304320000000001;0.0005416959999999999;0.000596992;0.000557056;0.000507904;0.000379904;0.000379904;0.000380928
1787478300,hdr,0.0293;0.03906;0.04883;0.05859;0.06836;0.07813;0.08789;0.09766;0.10742;0.11719;0.12695;0.13672;0.14648;0.15625;0.16602;0.17578;0.18555;0.19531;0.20508;0.21484;0.22461;0.23438;0.24414;0.25391;0.26367;0.27344;0.2832;0.29297;0.30273;0.3125;0.32227;0.33203;0.3418;0.35156;0.36133;0.37109;0.38086;0.39063;0.40039;0.41016;0.41992;0.42969;0.43945;0.44922;0.45898;0.46875;0.47852;0.48828;0.49805;0.50781;0.51758;0.52734;0.53711;0.54688;0.55664;0.56641;0.57617;0.58594;0.5957;0.60547;0.61523;0.625;0.63477;0.64453;0.6543;0.66406;0.67383;0.68359;0.69336;0.70313;0.71289;0.72266;0.73242;0.74219;0.75195;0.76172;0.77148;0.78125;0.79102,0.00042803200000000007;0.001647616;0.002910208;0.015000576000000002;0.050020352;0.057141248;0.027702272;0.025967616;0.06689484799999999;0.079228928;0.054089728000000004;0.046944256000000004;0.051018752;0.085325824;0.113415168;0.12781568000000001;0.157052928;0.127282176;0.069254144;0.057106432;0.053346304000000004;0.042656768;0.024200192000000002;0.020493312;0.020948992000000003;0.028565504000000002;0.029821952000000002;0.016784384;0.020047872;0.015211520000000001;0.014688256000000002;0.010888192000000001;0.010744832000000001;0.008378368;0.007414784;0.006174719999999999;0.007615488;0.008572928;0.006162432;0.005828608;0.00925696;0.007067648;0.004186111999999999;0.0038871039999999997;0.005458943999999999;0.004028416;0.00319488;0.004841472;0.004103168000000001;0.003741696;0.002615296;0.002405376;0.00246272;0.002142208;0.002082816;0.002282496;0.001599488;0.0012247039999999999;0.0010086399999999999;0.001306624;0.001856512;0.001154048;0.001026048;0.001258496;0.001033216;0.0007096320000000001;0.0005376000000000001;0.000550912;0.00057856;0.0005376000000000001;0.000643072;0.00048025600000000003;0.0007393279999999999;0.000548864;0.000441344;0.000484352;0.00059904;0.00046796800000000003;0.000493568
1787479200,hdr,0.0293;0.03906;0.04883;0.05859;0.06836;0.07813;0.08789;0.09766;0.10742;0.11719;0.12695;0.13672;0.14648;0.15625;0.16602;0.17578;0.18555;0.19531;0.20508;0.21484;0.22461;0.23438;0.24414;0.25391;0.26367;0.27344;0.2832;0.29297;0.30273;0.3125;0.32227;0.33203;0.3418;0.35156;0.36133;0.37109;0.38086;0.39063;0.40039;0.41016;0.41992;0.42969;0.43945;0.44922;0.45898;0.46875;0.47852;0.48828;0.49805;0.50781;0.51758;0.52734;0.53711;0.54688;0.55664;0.56641;0.57617;0.58594;0.5957;0.60547;0.61523;0.625;0.63477;0.64453;0.6543;0.66406;0.67383;0.68359;0.69336;0.70313;0.71289;0.72266;0.73242;0.74219;0.75195;0.76172;0.77148;0.78125;0.79102,0.001283072;0.0027883520000000005;0.007959552;0.010866688;0.074317824;0.13661900800000001;0.044794879999999995;0.025028608;0.04564992;0.104996864;0.099852288;0.048283648;0.038572032;0.057279487999999996;0.08827699200000001;0.147806208;0.091850752;0.060376064;0.052530176;0.052771839999999993;0.070776832;0.06022656;0.040899583999999996;0.024189952;0.036619264000000006;0.042407936;0.030486528;0.021735424;0.023638016;0.023609344;0.018661376;0.0205568;0.023650304;0.016049152;0.009119744;0.007251968;0.0071936000000000005;0.011128831999999998;0.012477440000000001;0.005958656;0.005445632;0.003852288;0.003291136;0.0045056;0.004366336;0.0046069760000000005;0.00561664;0.004962303999999999;0.0029695999999999998;0.003032064;0.00276992;0.0022476799999999997;0.00237056;0.0021268479999999998;0.001926144;0.001750016;0.0012083200000000001;0.001232896;0.0011448320000000001;0.0013660159999999998;0.002069504;0.001835008;0.001641472;0.001248256;0.001460224;0.001757184;0.00128512;0.00103424;0.000753664;0.000456704;0.0005324799999999999;0.000531456;0.000493568;0.0005898240000000001;0.0006952960000000001;0.000714752;0.000566272;0.000289792;0.000456704
1787480100,hdr,0.0293;0.03906;0.04883;0.05859;0.06836;0.07813;0.08789;0.09766;0.10742;0.11719;0.12695;0.13672;0.14648;0.15625;0.16602;0.17578;0.18555;0.19531;0.20508;0.21484;0.22461;0.23438;0.24414;0.25391;0.26367;0.27344;0.2832;0.29297;0.30273;0.3125;0.32227;0.33203;0.3418;0.35156;0.36133;0.37109;0.38086;0.39063;0.40039;0.41016;0.41992;0.42969;0.43945;0.44922;0.45898;0.46875;0.47852;0.48828;0.49805;0.50781;0.51758;0.52734;0.53711;0.54688;0.55664;0.56641;0.57617;0.58594;0.5957;0.60547;0.61523;0.625;0.63477;0.64453;0.6543;0.66406;0.67383;0.68359;0.69336;0.70313;0.71289;0.72266;0.73242;0.74219;0.75195;0.76172;0.77148;0.78125;0.79102,0.00039936;0.001165312;0.003360768;0.01142784;0.070449152;0.117001216;0.022806528;0.011999232;0.035848191999999994;0.07108608;0.082670592;0.05445632;0.059937792000000004;0.056907776;0.065688576;0.106979328;0.09017855999999999;0.07957504000000001;0.061334528;0.046451712;0.034732031999999996;0.031893504;0.023393280000000002;0.023365632;0.027907072;0.033262591999999994;0.031060992;0.022409216;0.016843775999999998;0.012847104;0.018854912;0.02727936;0.021153791999999998;0.01522176;0.011099136;0.00979968;0.009304064;0.005291008;0.005527552;0.00775168;0.007981056;0.0034416639999999997;0.0023275519999999997;0.004765696;0.005261312;0.0040366080000000006;0.0031488;0.00290304;0.00229888;0.0017725439999999998;0.001532928;0.001574912;0.0018831359999999999;0.002060288;0.0021032959999999997;0.0020858880000000006;0.0015677439999999998;0.0013660159999999998;0.0013905920000000002;0.0010598399999999998;0.001016832;0.001149952;0.001004544;0.0010680320000000002;0.0013209599999999997;0.0009574399999999999;0.00079872;0.000776192;0.000503808;0.000679936;0.00088064;0.000795648;0.000393216;0.000432128;0.000459776;0.00048639999999999995;0.000434176;0.00047308800000000003;0.000349184
1787481000,hdr,0.0293;0.03906;0.04883;0.05859;0.06836;0.07813;0.08789;0.09766;0.10742;0.11719;0.12695;0.13672;0.14648;0.15625;0.16602;0.17578;0.18555;0.19531;0.20508;0.21484;0.22461;0.23438;0.24414;0.25391;0.26367;0.27344;0.2832;0.29297;0.30273;0.3125;0.32227;0.33203;0.3418;0.35156;0.36133;0.37109;0.38086;0.39063;0.40039;0.41016;0.41992;0.42969;0.43945;0.44922;0.45898;0.46875;0.47852;0.48828;0.49805;0.50781;0.51758;0.52734;0.53711;0.54688;0.55664;0.56641;0.57617;0.58594;0.5957;0.60547;0.61523;0.625;0.63477;0.64453;0.6543;0.66406;0.67383;0.68359;0.69336;0.70313;0.71289;0.72266;0.73242;0.74219;0.75195;0.76172;0.77148;0.78125;0.79102,0.0013352960000000001;0.002919424;0.0020992000000000003;0.012577792;0.074923008;0.103410688;0.033988608000000003;0.017241087999999998;0.032181247999999996;0.07572582400000001;0.074476544;0.057805824;0.061186048;0.055526400000000004;0.048186368;0.06982860800000001;0.144418816;0.12298444800000001;0.06788812799999999;0.054250496;0.04601856;0.04346163200000001;0.038829056;0.02935296;0.021727232;0.032339968000000004;0.024576;0.017253376;0.016543744;0.013085695999999999;0.019546112;0.020212736000000002;0.010422272;0.008804352;0.00788992;0.009154559999999999;0.0063549439999999995;0.0069498879999999996;0.005819392;0.004415488;0.004599808;0.004989951999999999;0.004002816;0.0037222400000000004;0.003620864;0.003714048;0.003818496;0.003572736;0.0029757440000000002;0.002279424;0.002704384;0.002911232;0.0022835200000000003;0.001248256;0.000996352;0.001380352;0.001282048;0.001409024;0.0014653440000000002;0.001941504;0.0014213119999999999;0.0009021439999999999;0.00113152;0.00160256;0.0014632959999999998;0.0013506560000000002;0.0009564160000000001;0.0005304320000000001;0.000723968;0.000933888;0.000549888;0.000734208;0.000733184;0.000582656;0.000411648;0.00036966399999999996;0.000418816;0.0005888;0.000447488
1787481900,hdr,0.0293;0.03906;0.04883;0.05859;0.06836;0.07813;0.08789;0.09766;0.10742;0.11719;0.12695;0.13672;0.14648;0.15625;0.16602;0.17578;0.18555;0.19531;0.20508;0.21484;0.22461;0.23438;0.24414;0.25391;0.26367;0.27344;0.2832;0.29297;0.30273;0.3125;0.32227;0.33203;0.3418;0.35156;0.36133;0.37109;0.38086;0.39063;0.40039;0.41016;0.41992;0.42969;0.43945;0.44922;0.45898;0.46875;0.47852;0.48828;0.49805;0.50781;0.51758;0.52734;0.53711;0.54688;0.55664;0.56641;0.57617;0.58594;0.5957;0.60547;0.61523;0.625;0.63477;0.64453;0.6543;0.66406;0.67383;0.68359;0.69336;0.70313;0.71289;0.72266;0.73242;0.74219;0.75195;0.76172;0.77148;0.78125;0.79102,0.001670144;0.0028600319999999998;0.0034375680000000002;0.013944832;0.04967321599999999;0.102252544;0.02613248;0.023687168;0.055797759999999995;0.079849472;0.079832064;0.050213888;0.047217664;0.0648704;0.04534272;0.034786304000000004;0.072864768;0.06501888;0.05259776;0.035877888;0.032221184;0.022902784;0.023070720000000003;0.027641856;0.024537088;0.018103296;0.018359296;0.014744576;0.014601216;0.009350144;0.010505216;0.010887168000000001;0.009465856;0.009690111999999999;0.0079616;0.005055488;0.008145920000000001;0.007764992;0.003946496;0.0034078719999999997;0.0054528;0.0042936319999999995;0.005198848;0.003836928;0.004368384;0.005037056;0.003751936;0.003453952;0.002748416;0.002435072;0.002801664;0.0018964479999999998;0.0017623040000000001;0.002148352;0.003377152;0.003795968;0.003095552;0.00221184;0.001700864;0.001647616;0.000907264;0.0009594880000000001;0.002040832;0.0022538239999999998;0.0014438399999999998;0.000888832;0.000909312;0.000882688;0.0006778880000000001;0.0008366080000000001;0.0007188480000000001;0.0005857280000000001;0.000489472;0.000319488;0.00047718399999999996;0.0005416959999999999;0.00032256;0.000284672;0.000408576
1787482800,hdr,0.0293;0.03906;0.04883;0.05859;0.06836;0.07813;0.08789;0.09766;0.10742;0.11719;0.12695;0.13672;0.14648;0.15625;0.16602;0.17578;0.18555;0.19531;0.20508;0.21484;0.22461;0.23438;0.24414;0.25391;0.26367;0.27344;0.2832;0.29297;0.30273;0.3125;0.32227;0.33203;0.3418;0.35156;0.36133;0.37109;0.38086;0.39063;0.40039;0.41016;0.41992;0.42969;0.43945;0.44922;0.45898;0.46875;0.47852;0.48828;0.49805;0.50781;0.51758;0.52734;0.53711;0.54688;0.55664;0.56641;0.57617;0.58594;0.5957;0.60547;0.61523;0.625;0.63477;0.64453;0.6543;0.66406;0.67383;0.68359;0.69336;0.70313;0.71289;0.72266;0.73242;0.74219;0.75195;0.76172;0.77148;0.78125;0.79102,0.0016895999999999999;0.00158208;0.0025907200000000003;0.013220864;0.10092134400000001;0.13247795199999998;0.035416064;0.018792448;0.029205504;0.063007744;0.05542912;0.049509376;0.06235136;0.0648192;0.06947123200000001;0.06672179199999999;0.055458816;0.073684992;0.049261568;0.031312896;0.028201984;0.027767807999999998;0.025139199999999997;0.020647936000000002;0.009286656;0.01168896;0.019156991999999998;0.015831039999999998;0.020436991999999998;0.020363264;0.016205824;0.015762432;0.012964864;0.009566207999999998;0.008642559999999999;0.010959872;0.008449024;0.006004736;0.006151168;0.004400128;0.004566016000000001;0.003376128;0.0032204799999999995;0.003549184;0.00323072;0.002673664;0.0039772159999999996;0.0039075839999999995;0.00275968;0.0020981759999999998;0.0018944;0.0020746239999999997;0.001521664;0.0017930239999999998;0.002280448;0.002060288;0.001941504;0.0023388159999999996;0.002424832;0.001393664;0.001002496;0.00122368;0.0013690880000000003;0.000933888;0.0009420800000000001;0.0011601919999999998;0.000781312;0.000601088;0.000779264;0.0008048640000000001;0.000497664;0.00067072;0.0007393279999999999;0.00050176;0.00040243200000000004;0.00067072;0.00051712;0.00041472;0.000391168
1787483700,hdr,0.0293;0.03906;0.04883;0.05859;0.06836;0.07813;0.08789;0.09766;0.10742;0.11719;0.12695;0.13672;0.14648;0.15625;0.16602;0.17578;0.18555;0.19531;0.20508;0.21484;0.22461;0.23438;0.24414;0.25391;0.26367;0.27344;0.2832;0.29297;0.30273;0.3125;0.32227;0.33203;0.3418;0.35156;0.36133;0.37109;0.38086;0.39063;0.40039;0.41016;0.41992;0.42969;0.43945;0.44922;0.45898;0.46875;0.47852;0.48828;0.49805;0.50781;0.51758;0.52734;0.53711;0.54688;0.55664;0.56641;0.57617;0.58594;0.5957;0.60547;0.61523;0.625;0.63477;0.64453;0.6543;0.66406;0.67383;0.68359;0.69336;0.70313;0.71289;0.72266;0.73242;0.74219;0.75195;0.76172;0.77148;0.78125;0.79102,0.00030412799999999997;0.00014643200000000002;0.001122304;0.011457536;0.0771328;0.11537203200000001;0.040645632;0.01954816;0.042351616;0.06947123200000001;0.046713856;0.047895552;0.045320191999999995;0.040014848;0.048772096;0.056497152;0.07397990400000001;0.082120704;0.06685184;0.053365760000000005;0.029784064000000002;0.025165824;0.019982336;0.0252416;0.029979648;0.026064896;0.019085311999999997;0.016883712;0.014175232;0.011849728;0.014574592;0.012854271999999998;0.013740032;0.012882944;0.008030208;0.008092672;0.007706624;0.0067481600000000004;0.007017471999999999;0.006642688;0.005142528;0.00456192;0.004198400000000001;0.0032501760000000005;0.0034795520000000003;0.004025343999999999;0.0029716480000000003;0.003057664;0.001410048;0.000894976;0.00190976;0.0017336320000000001;0.002241536;0.0027904;0.0025753599999999996;0.0019169279999999998;0.00123904;0.001349632;0.00164864;0.0011417600000000001;0.0013660159999999998;0.00101888;0.000893952;0.001026048;0.00098816;0.0006021119999999999;0.0008744960000000001;0.000871424;0.000802816;0.000625664;0.000555008;0.000449536;0.000580608;0.000492544;0.000352256;0.00030412799999999997;0.00036864000000000005;0.00037785600000000004;0.000475136
1787484600,hdr,0.0293;0.03906;0.04883;0.05859;0.06836;0.07813;0.08789;0.09766;0.10742;0.11719;0.12695;0.13672;0.14648;0.15625;0.16602;0.17578;0.18555;0.19531;0.20508;0.21484;0.22461;0.23438;0.24414;0.25391;0.26367;0.27344;0.2832;0.29297;0.30273;0.3125;0.32227;0.33203;0.3418;0.35156;0.36133;0.37109;0.38086;0.39063;0.40039;0.41016;0.41992;0.42969;0.43945;0.44922;0.45898;0.46875;0.47852;0.48828;0.49805;0.50781;0.51758;0.52734;0.53711;0.54688;0.55664;0.56641;0.57617;0.58594;0.5957;0.60547;0.61523;0.625;0.63477;0.64453;0.6543;0.66406;0.67383;0.68359;0.69336;0.70313;0.71289;0.72266;0.73242;0.74219;0.75195;0.76172;0.77148;0.78125;0.79102,0.000275456;0.00150016;0.005126144;0.010802176;0.069031936;0.120352768;0.037376;0.031510528;0.046650368000000005;0.0561408;0.0810752;0.076550144;0.05127884800000001;0.061306879999999994;0.068948992;0.088694784;0.083062784;0.131039232;0.07207833599999999;0.05385728000000001;0.06066380800000001;0.048190464;0.048555008000000004;0.040516608;0.022628351999999997;0.018480128000000002;0.017867776;0.018696192;0.0182528;0.019496960000000004;0.01532416;0.009096192000000001;0.007461888;0.010962943999999999;0.009974784;0.010353664;0.007678976;0.003944448;0.00669184;0.0062627839999999995;0.004214784;0.004204544;0.004308992;0.004112384;0.00390656;0.003740672;0.003160064;0.002989056;0.0025856;0.002056192;0.001117184;0.0009441279999999999;0.001125376;0.001803264;0.002033664;0.0013393919999999998;0.001130496;0.0014376960000000002;0.0010199039999999999;0.00123392;0.001374208;0.00091648;0.000795648;0.000703488;0.00047411199999999995;0.000458752;0.000628736;0.00064;0.00065536;0.0009041920000000001;0.000847872;0.00044339199999999997;0.000360448;0.000459776;0.000510976;0.00029798400000000005;0.000323584;0.00045568;0.000375808
1787485500,hdr,0.0293;0.03906;0.04883;0.05859;0.06836;0.07813;0.08789;0.09766;0.10742;0.11719;0.12695;0.13672;0.14648;0.15625;0.16602;0.17578;0.18555;0.19531;0.20508;0.21484;0.22461;0.23438;0.24414;0.25391;0.26367;0.27344;0.2832;0.29297;0.30273;0.3125;0.32227;0.33203;0.3418;0.35156;0.36133;0.37109;0.38086;0.39063;0.40039;0.41016;0.41992;0.42969;0.43945;0.44922;0.45898;0.46875;0.47852;0.48828;0.49805;0.50781;0.51758;0.52734;0.53711;0.54688;0.55664;0.56641;0.57617;0.58594;0.5957;0.60547;0.61523;0.625;0.63477;0.64453;0.6543;0.66406;0.67383;0.68359;0.69336;0.70313;0.71289;0.72266;0.73242;0.74219;0.75195;0.76172;0.77148;0.78125;0.79102,0.0005304320000000001;0.002722816;0.001757184;0.011252736000000001;0.056690688;0.08769331200000001;0.038680576;0.027763712000000003;0.046687232;0.061125632000000006;0.08009216000000001;0.08249241600000001;0.052218879999999995;0.043920384;0.054019072;0.045341695999999994;0.046971904;0.067791872;0.056788991999999996;0.031081472000000002;0.024219648;0.036016128;0.023553024000000002;0.020475904;0.018905088;0.015101952000000002;0.018463743999999997;0.011456512;0.015978496;0.02471936;0.015765504;0.013886464;0.013254656;0.01029632;0.011068416;0.008676351999999998;0.008752128000000001;0.00557568;0.006617088;0.006211584;0.004662272;0.0041512960000000005;0.002666496;0.0032194560000000003;0.004210688;0.00302592;0.0020121600000000003;0.003421184;0.002413568;0.001635328;0.00262656;0.0029839359999999995;0.0018196479999999999;0.002258944;0.0021985280000000004;0.001247232;0.001241088;0.001410048;0.00103424;0.000982016;0.001209344;0.0010475520000000002;0.00101376;0.001155072;0.000714752;0.000966656;0.0010598399999999998;0.000698368;0.0006502400000000001;0.000579584;0.00044339199999999997;0.000813056;0.0009205759999999999;0.00046284799999999997;0.000318464;0.000461824;0.00039936;0.00020889599999999997;0.000224256
1787486400,hdr,0.0293;0.03906;0.04883;0.05859;0.06836;0.07813;0.08789;0.09766;0.10742;0.11719;0.12695;0.13672;0.14648;0.15625;0.16602;0.17578;0.18555;0.19531;0.20508;0.21484;0.22461;0.23438;0.24414;0.25391;0.26367;0.27344;0.2832;0.29297;0.30273;0.3125;0.32227;0.33203;0.3418;0.35156;0.36133;0.37109;0.38086;0.39063;0.40039;0.41016;0.41992;0.42969;0.43945;0.44922;0.45898;0.46875;0.47852;0.48828;0.49805;0.50781;0.51758;0.52734;0.53711;0.54688;0.55664;0.56641;0.57617;0.58594;0.5957;0.60547;0.61523;0.625;0.63477;0.64453;0.6543;0.66406;0.67383;0.68359;0.69336;0.70313;0.71289;0.72266;0.73242;0.74219;0.75195;0.76172;0.77148;0.78125;0.79102,0.000611328;0.001846272;0.0024924160000000003;0.014273536;0.050065408;0.07793152;0.024301568;0.021210111999999996;0.049866752;0.040886271999999994;0.048218112;0.053098496;0.073718784;0.050370559999999995;0.052274176;0.043679744;0.050720768;0.050732031999999996;0.037592064;0.034264064;0.020221952;0.017946624;0.019300352;0.030508032;0.030614528;0.027012096000000003;0.025816064000000003;0.019593216;0.011498495999999999;0.011609088;0.009456639999999999;0.008564736000000002;0.007023616;0.006529024;0.005628928;0.0071045119999999995;0.009877504;0.010754047999999999;0.00677376;0.0039495680000000005;0.004272128000000001;0.004046848;0.003088384;0.0026644480000000003;0.0034365439999999997;0.002336768;0.0021032959999999997;0.0020992000000000003;0.0014632959999999998;0.00239104;0.0020951040000000004;0.002045952;0.002276352;0.001641472;0.002130944;0.001405952;0.0011601919999999998;0.0013578239999999999;0.001221632;0.0011960319999999999;0.00079872;0.000694272;0.000666624;0.000852992;0.0010291200000000001;0.0009543679999999999;0.0007393279999999999;0.000672768;0.000648192;0.00041779199999999995;0.00034201599999999995;0.000637952;0.0009748480000000001;0.000544768;0.0005734399999999999;0.00041984;0.000321536;0.000329728;0.000493568
1787487300,hdr,0.0293;0.03906;0.04883;0.05859;0.06836;0.07813;0.08789;0.09766;0.10742;0.11719;0.12695;0.13672;0.14648;0.15625;0.16602;0.17578;0.18555;0.19531;0.20508;0.21484;0.22461;0.23438;0.24414;0.25391;0.26367;0.27344;0.2832;0.29297;0.30273;0.3125;0.32227;0.33203;0.3418;0.35156;0.36133;0.37109;0.38086;0.39063;0.40039;0.41016;0.41992;0.42969;0.43945;0.44922;0.45898;0.46875;0.47852;0.48828;0.49805;0.50781;0.51758;0.52734;0.53711;0.54688;0.55664;0.56641;0.57617;0.58594;0.5957;0.60547;0.61523;0.625;0.63477;0.64453;0.6543;0.66406;0.67383;0.68359;0.69336;0.70313;0.71289;0.72266;0.73242;0.74219;0.75195;0.76172;0.77148;0.78125;0.79102,0.001343488;0.002855936;0.005188608;0.009467904000000001;0.036038656;0.0998912;0.046747648;0.020509696;0.065531904;0.063761408;0.05599232;0.064082944;0.059295744;0.07074304;0.068077568;0.116673536;0.11140608;0.06746112;0.057084928;0.031710208000000004;0.024660992000000003;0.029326336;0.026749952;0.019976192000000004;0.021072896;0.018716672;0.02249216;0.01964032;0.021569536;0.017967103999999998;0.013185024;0.011721728;0.012951552;0.009719808000000002;0.010991616;0.008747008;0.0062699520000000005;0.005547008;0.0047912960000000004;0.004182015999999999;0.004463616;0.004473856;0.005062656;0.004320256;0.003414016;0.002945024;0.002689024;0.0035368960000000003;0.00347648;0.0014991359999999999;0.001462272;0.002577408;0.0016936960000000002;0.00128512;0.001637376;0.002195456;0.0019517439999999998;0.0018155520000000002;0.001422336;0.00105472;0.001180672;0.0014745600000000002;0.0012554240000000002;0.001010688;0.001301504;0.000823296;0.000566272;0.0005324799999999999;0.0007055360000000001;0.000781312;0.0005959680000000001;0.00047718399999999996;0.000444416;0.000533504;0.0006830079999999999;0.00049664;0.00030617599999999996;0.00039628799999999996;0.000432128
1787488200,hdr,0.0293;0.03906;0.04883;0.05859;0.06836;0.07813;0.08789;0.09766;0.10742;0.11719;0.12695;0.13672;0.14648;0.15625;0.16602;0.17578;0.18555;0.19531;0.20508;0.21484;0.22461;0.23438;0.24414;0.25391;0.26367;0.27344;0.2832;0.29297;0.30273;0.3125;0.32227;0.33203;0.3418;0.35156;0.36133;0.37109;0.38086;0.39063;0.40039;0.41016;0.41992;0.42969;0.43945;0.44922;0.45898;0.46875;0.47852;0.48828;0.49805;0.50781;0.51758;0.52734;0.53711;0.54688;0.55664;0.56641;0.57617;0.58594;0.5957;0.60547;0.61523;0.625;0.63477;0.64453;0.6543;0.66406;0.67383;0.68359;0.69336;0.70313;0.71289;0.72266;0.73242;0.74219;0.75195;0.76172;0.77148;0.78125;0.79102,0.001992704;0.004122624;0.00517632;0.015243264;0.087503872;0.210865152;0.07003340799999999;0.021767168;0.033519616;0.07222272;0.085070848;0.055955456;0.053742592000000006;0.0737792;0.063200256;0.112454656;0.100007936;0.0809216;0.058801152;0.04856832;0.043414528;0.040645632;0.02430464;0.023537664;0.024349696;0.018348032;0.010955776;0.025668608;0.028007424;0.0255232;0.016457727999999998;0.010989568000000002;0.011158528000000001;0.011538432000000001;0.008763392;0.005888;0.0053616639999999995;0.005932032;0.003555328;0.0031242239999999997;0.005810176;0.005721088;0.004509696;0.00344576;0.003910656;0.003006464;0.00261632;0.00245248;0.001824768;0.0015493120000000002;0.0014336;0.001156096;0.001284096;0.001108992;0.001301504;0.00151552;0.0009768959999999999;0.0011120639999999998;0.001052672;0.0010373119999999999;0.0017121280000000003;0.001686528;0.000980992;0.000760832;0.00082432;0.0006778880000000001;0.000825344;0.000616448;0.00044544;0.000625664;0.000504832;0.000515072;0.00043008000000000006;0.000413696;0.00045056;0.000441344;0.00029696;0.00043724800000000005;0.00044339199999999997
1787489100,hdr,0.0293;0.03906;0.04883;0.05859;0.06836;0.07813;0.08789;0.09766;0.10742;0.11719;0.12695;0.13672;0.14648;0.15625;0.16602;0.17578;0.18555;0.19531;0.20508;0.21484;0.22461;0.23438;0.24414;0.25391;0.26367;0.27344;0.2832;0.29297;0.30273;0.3125;0.32227;0.33203;0.3418;0.35156;0.36133;0.37109;0.38086;0.39063;0.40039;0.41016;0.41992;0.42969;0.43945;0.44922;0.45898;0.46875;0.47852;0.48828;0.49805;0.50781;0.51758;0.52734;0.53711;0.54688;0.55664;0.56641;0.57617;0.58594;0.5957;0.60547;0.61523;0.625;0.63477;0.64453;0.6543;0.66406;0.67383;0.68359;0.69336;0.70313;0.71289;0.72266;0.73242;0.74219;0.75195;0.76172;0.77148;0.78125;0.79102,0.0027361279999999996;0.0025937919999999997;0.00326656;0.015311871999999999;0.046733312;0.126768128;0.060314624000000004;0.013843456;0.025663488;0.031715328;0.050105344;0.07854387199999999;0.090356736;0.076581888;0.10362368;0.14050304;0.052773888;0.042625024000000004;0.027956224;0.023220224;0.027561984;0.024001536;0.020365311999999997;0.02397184;0.027500544000000002;0.022476799999999998;0.019612671999999998;0.016140288000000003;0.015336448;0.018948096;0.017921023999999997;0.00886272;0.011226112000000002;0.008889343999999999;0.006492159999999999;0.005323776;0.005264384;0.0053463040000000005;0.00398336;0.004291584000000001;0.004258816;0.005265407999999999;0.006490112;0.007528448;0.004442112;0.001831936;0.001905664;0.00160768;0.0015677439999999998;0.002028544;0.0018237440000000002;0.001705984;0.001477632;0.00119808;0.00206848;0.002193408;0.0014376960000000002;0.0012523519999999998;0.000867328;0.0011007999999999999;0.0012605440000000002;0.0009984;0.000937984;0.0012052480000000001;0.001364992;0.0013680639999999998;0.0008867839999999999;0.000447488;0.000582656;0.000771072;0.000731136;0.000743424;0.00064512;0.000642048;0.000726016;0.000401408;0.00031232;0.00044544;0.00040755200000000004
1787490000,hdr,0.0293;0.03906;0.04883;0.05859;0.06836;0.07813;0.08789;0.09766;0.10742;0.11719;0.12695;0.13672;0.14648;0.15625;0.16602;0.17578;0.18555;0.19531;0.20508;0.21484;0.22461;0.23438;0.24414;0.25391;0.26367;0.27344;0.2832;0.29297;0.30273;0.3125;0.32227;0.33203;0.3418;0.35156;0.36133;0.37109;0.38086;0.39063;0.40039;0.41016;0.41992;0.42969;0.43945;0.44922;0.45898;0.46875;0.47852;0.48828;0.49805;0.50781;0.51758;0.52734;0.53711;0.54688;0.55664;0.56641;0.57617;0.58594;0.5957;0.60547;0.61523;0.625;0.63477;0.64453;0.6543;0.66406;0.67383;0.68359;0.69336;0.70313;0.71289;0.72266;0.73242;0.74219;0.75195;0.76172;0.77148;0.78125;0.79102,0.0009420800000000001;0.0033423359999999996;0.008979456;0.021800959999999998;0.07046656;0.11026432;0.053171199999999995;0.028272639999999998;0.027461632;0.073769984;0.08466739200000001;0.057702399999999994;0.0524032;0.038472703999999996;0.053506048;0.0868096;0.09733939200000001;0.089634816;0.052102144;0.042004480000000004;0.022262784;0.022853632000000002;0.022270976;0.020201471999999998;0.024742912;0.022700032;0.014994431999999999;0.011508736;0.013239296000000001;0.015302656000000001;0.013577216;0.012167167999999999;0.010292223999999999;0.0034959360000000003;0.004493312000000001;0.005210112;0.00534528;0.0035942400000000003;0.004233216;0.004356095999999999;0.004332544000000001;0.00467968;0.00514048;0.003835904;0.002763776;0.0023767040000000003;0.00153088;0.001997824;0.0021504000000000002;0.0019968;0.002019328;0.0022272;0.0020838399999999996;0.001878016;0.001672192;0.00162816;0.001155072;0.001133568;0.001364992;0.001406976;0.001837056;0.001348608;0.00077824;0.00038912;0.0007495679999999999;0.00107008;0.0007116799999999999;0.000759808;0.000872448;0.000782336;0.000534528;0.0007936;0.000576512;0.00048639999999999995;0.0005703679999999999;0.000548864;0.000594944;0.000393216;0.00041984
1787490900,hdr,0.0293;0.03906;0.04883;0.05859;0.06836;0.07813;0.08789;0.09766;0.10742;0.11719;0.12695;0.13672;0.14648;0.15625;0.16602;0.17578;0.18555;0.19531;0.20508;0.21484;0.22461;0.23438;0.24414;0.25391;0.26367;0.27344;0.2832;0.29297;0.30273;0.3125;0.32227;0.33203;0.3418;0.35156;0.36133;0.37109;0.38086;0.39063;0.40039;0.41016;0.41992;0.42969;0.43945;0.44922;0.45898;0.46875;0.47852;0.48828;0.49805;0.50781;0.51758;0.52734;0.53711;0.54688;0.55664;0.56641;0.57617;0.58594;0.5957;0.60547;0.61523;0.625;0.63477;0.64453;0.6543;0.66406;0.67383;0.68359;0.69336;0.70313;0.71289;0.72266;0.73242;0.74219;0.75195;0.76172;0.77148;0.78125;0.79102,0.001462272;0.006644736;0.008892416000000002;0.018350079999999998;0.080371712;0.19497472;0.13194751999999998;0.050243583999999994;0.043203584;0.045059072;0.059961344;0.06244864;0.060555264000000004;0.077878272;0.09245184000000001;0.079633408;0.074382336;0.066164736;0.0492288;0.025525248;0.028040192000000002;0.024733696;0.019026944;0.018340864000000002;0.028363776;0.028660736;0.022611968;0.013572095999999999;0.015728640000000002;0.008976384;0.006959104000000001;0.010737664000000001;0.009505791999999999;0.011210752;0.006709247999999999;0.008206336000000002;0.006853632;0.0078848;0.005752831999999999;0.00516608;0.004800512000000001;0.005454848;0.004056064000000001;0.0033146879999999997;0.003477504;0.0022947840000000002;0.00190976;0.001666048;0.0016128;0.0023807999999999998;0.0016435199999999999;0.002505728;0.002778112;0.002226176;0.001769472;0.001672192;0.0014458880000000002;0.001396736;0.0013393919999999998;0.0009605120000000001;0.000605184;0.000544768;0.0006963200000000001;0.00088576;0.0010936319999999998;0.001040384;0.001084416;0.000676864;0.00075776;0.0005724160000000001;0.000632832;0.000453632;0.0005836799999999999;0.0006789119999999999;0.000555008;0.000434176;0.00019456;0.000401408;0.00052224
1787491800,hdr,0.0293;0.03906;0.04883;0.05859;0.06836;0.07813;0.08789;0.09766;0.10742;0.11719;0.12695;0.13672;0.14648;0.15625;0.16602;0.17578;0.18555;0.19531;0.20508;0.21484;0.22461;0.23438;0.24414;0.25391;0.26367;0.27344;0.2832;0.29297;0.30273;0.3125;0.32227;0.33203;0.3418;0.35156;0.36133;0.37109;0.38086;0.39063;0.40039;0.41016;0.41992;0.42969;0.43945;0.44922;0.45898;0.46875;0.47852;0.48828;0.49805;0.50781;0.51758;0.52734;0.53711;0.54688;0.55664;0.56641;0.57617;0.58594;0.5957;0.60547;0.61523;0.625;0.63477;0.64453;0.6543;0.66406;0.67383;0.68359;0.69336;0.70313;0.71289;0.72266;0.73242;0.74219;0.75195;0.76172;0.77148;0.78125;0.79102,0.0014592000000000001;0.00334848;0.006386688;0.015117311999999999;0.055292928;0.15034060800000001;0.08568832000000001;0.03536896;0.0416;0.045592576;0.05877248;0.059627519999999996;0.06496153599999999;0.09482240000000002;0.086905856;0.091010048;0.09022054400000001;0.067959808;0.04395212800000001;0.034916352000000005;0.022152191999999998;0.024823808;0.030429184;0.022460415999999997;0.019591168000000003;0.018171904000000003;0.014775296;0.01795584;0.01931264;0.012735488;0.012045312;0.011887616;0.007402496;0.008046592;0.006848512000000001;0.005559295999999999;0.0035327999999999996;0.006218752;0.007133184;0.004459520000000001;0.003110912;0.003357696;0.0036556799999999997;0.002873344;0.002269184;0.0024463360000000003;0.002432;0.002210816;0.0012953600000000002;0.0012748800000000002;0.00099328;0.001396736;0.0021288960000000003;0.0020858880000000006;0.0015411200000000002;0.000970752;0.0012052480000000001;0.000712704;0.000828416;0.0008089600000000001;0.000652288;0.0007464960000000001;0.000905216;0.0011673599999999999;0.001221632;0.00146432;0.00088064;0.0006932479999999999;0.000738304;0.000505856;0.0006912;0.000754688;0.000861184;0.000569344;0.000555008;0.000518144;0.000538624;0.000551936;0.000393216
1787492700,hdr,0.0293;0.03906;0.04883;0.05859;0.06836;0.07813;0.08789;0.09766;0.10742;0.11719;0.12695;0.13672;0.14648;0.15625;0.16602;0.17578;0.18555;0.19531;0.20508;0.21484;0.22461;0.23438;0.24414;0.25391;0.26367;0.27344;0.2832;0.29297;0.30273;0.3125;0.32227;0.33203;0.3418;0.35156;0.36133;0.37109;0.38086;0.39063;0.40039;0.41016;0.41992;0.42969;0.43945;0.44922;0.45898;0.46875;0.47852;0.48828;0.49805;0.50781;0.51758;0.52734;0.53711;0.54688;0.55664;0.56641;0.57617;0.58594;0.5957;0.60547;0.61523;0.625;0.63477;0.64453;0.6543;0.66406;0.67383;0.68359;0.69336;0.70313;0.71289;0.72266;0.73242;0.74219;0.75195;0.76172;0.77148;0.78125;0.79102,0.000966656;0.002679808;0.007048192;0.011457536;0.040839167999999995;0.07858176000000001;0.04376576;0.037133311999999995;0.078211072;0.054807552;0.042489856;0.06432358399999999;0.07183462400000001;0.06403072;0.09041510400000001;0.09754623999999999;0.079688704;0.050649087999999995;0.048694272;0.028163072;0.018331648000000002;0.016713728;0.012894208;0.010053632;0.010081279999999998;0.011085824000000001;0.016207871999999998;0.017180672;0.011336704;0.007670784000000001;0.006122496;0.0065064960000000005;0.003953664;0.005056512;0.005081088000000001;0.005523456;0.004191232;0.003909632;0.004042752;0.00495104;0.003265536;0.003357696;0.003821568;0.00334336;0.00375808;0.003144704;0.002655232;0.003079168;0.001575936;0.0016916480000000002;0.001731584;0.0012359679999999998;0.0013783040000000001;0.001956864;0.001591296;0.0016128;0.0016906239999999997;0.000964608;0.000461824;0.001041408;0.0012359679999999998;0.001102848;0.0008622079999999999;0.0008386559999999999;0.000912384;0.00128;0.0014233599999999998;0.000896;0.0009441279999999999;0.001220608;0.0011356159999999999;0.000549888;0.000447488;0.000567296;0.00057856;0.000635904;0.000463872;0.000305152;0.000408576
1787493600,hdr,0.0293;0.03906;0.04883;0.05859;0.06836;0.07813;0.08789;0.09766;0.10742;0.11719;0.12695;0.13672;0.14648;0.15625;0.16602;0.17578;0.18555;0.19531;0.20508;0.21484;0.22461;0.23438;0.24414;0.25391;0.26367;0.27344;0.2832;0.29297;0.30273;0.3125;0.32227;0.33203;0.3418;0.35156;0.36133;0.37109;0.38086;0.39063;0.40039;0.41016;0.41992;0.42969;0.43945;0.44922;0.45898;0.46875;0.47852;0.48828;0.49805;0.50781;0.51758;0.52734;0.53711;0.54688;0.55664;0.56641;0.57617;0.58594;0.5957;0.60547;0.61523;0.625;0.63477;0.64453;0.6543;0.66406;0.67383;0.68359;0.69336;0.70313;0.71289;0.72266;0.73242;0.74219;0.75195;0.76172;0.77148;0.78125;0.79102,0.0034048;0.007190527999999999;0.006569983999999999;0.008341504000000001;0.026868735999999997;0.062636032;0.056966144;0.024458240000000003;0.049969152;0.044858368;0.047955968;0.064172032;0.055708672;0.063812608;0.08219033599999999;0.083852288;0.085291008;0.063335424;0.039143424;0.01603584;0.012253183999999999;0.013821951999999998;0.022094847999999997;0.017329152;0.013342719999999999;0.017660928;0.016904192;0.013890560000000001;0.014887936;0.012639232;0.01151488;0.010859520000000001;0.010248192;0.012061696;0.008933376;0.00508928;0.0040765440000000005;0.004517888;0.00503296;0.005740544;0.004233216;0.0019527680000000001;0.0018278399999999998;0.0022538239999999998;0.0030627840000000003;0.0030781439999999997;0.002029568;0.0030894080000000005;0.002358272;0.0016087039999999999;0.001695744;0.0015206400000000002;0.001600512;0.002548736;0.002316288;0.0019660800000000003;0.001840128;0.001384448;0.001096704;0.001241088;0.0009697280000000001;0.000809984;0.000828416;0.0009748480000000001;0.000787456;0.000580608;0.000807936;0.000910336;0.000432128;0.000603136;0.0005580800000000001;0.000555008;0.000411648;0.000413696;0.00043110399999999997;0.000241664;0.000388096;0.00024780799999999997;0.00032768
1787494500,hdr,0.0293;0.03906;0.04883;0.05859;0.06836;0.07813;0.08789;0.09766;0.10742;0.11719;0.12695;0.13672;0.14648;0.15625;0.16602;0.17578;0.18555;0.19531;0.20508;0.21484;0.22461;0.23438;0.24414;0.25391;0.26367;0.27344;0.2832;0.29297;0.30273;0.3125;0.32227;0.33203;0.3418;0.35156;0.36133;0.37109;0.38086;0.39063;0.40039;0.41016;0.41992;0.42969;0.43945;0.44922;0.45898;0.46875;0.47852;0.48828;0.49805;0.50781;0.51758;0.52734;0.53711;0.54688;0.55664;0.56641;0.57617;0.58594;0.5957;0.60547;0.61523;0.625;0.63477;0.64453;0.6543;0.66406;0.67383;0.68359;0.69336;0.70313;0.71289;0.72266;0.73242;0.74219;0.75195;0.76172;0.77148;0.78125;0.79102,0.0009574399999999999;0.002904064;0.005724160000000001;0.021172224;0.056293376000000006;0.099172352;0.080797696;0.034038784;0.025067519999999996;0.045005824;0.042919936;0.042652672;0.075020288;0.07312691200000002;0.083039232;0.11876864;0.08023551999999999;0.035652608;0.032052224000000004;0.028841984;0.018072576;0.015517696;0.019638272000000002;0.019776512;0.015654912;0.010686464;0.007960576;0.006254592;0.0074926079999999996;0.010169344;0.01024;0.009532415999999998;0.008651776;0.004978688;0.007625728;0.00856064;0.0048732160000000005;0.005083135999999999;0.004104192;0.004759552;0.0054159360000000005;0.003918848;0.001738752;0.002287616;0.003822592;0.002363392;0.001650688;0.002055168;0.003050496;0.00247808;0.002117632;0.002299904;0.0019466239999999999;0.0017663999999999998;0.001796096;0.0016977919999999998;0.0012072959999999998;0.000795648;0.000831488;0.0005324799999999999;0.0007229440000000001;0.000979968;0.000715776;0.000466944;0.000550912;0.000714752;0.0006932479999999999;0.0006696959999999999;0.000376832;0.000613376;0.000539648;0.00043315199999999996;0.000497664;0.00037068800000000004;0.000346112;0.000432128;0.00029286400000000005;0.000376832;0.0005898240000000001
1787495400,hdr,0.0293;0.03906;0.04883;0.05859;0.06836;0.07813;0.08789;0.09766;0.10742;0.11719;0.12695;0.13672;0.14648;0.15625;0.16602;0.17578;0.18555;0.19531;0.20508;0.21484;0.22461;0.23438;0.24414;0.25391;0.26367;0.27344;0.2832;0.29297;0.30273;0.3125;0.32227;0.33203;0.3418;0.35156;0.36133;0.37109;0.38086;0.39063;0.40039;0.41016;0.41992;0.42969;0.43945;0.44922;0.45898;0.46875;0.47852;0.48828;0.49805;0.50781;0.51758;0.52734;0.53711;0.54688;0.55664;0.56641;0.57617;0.58594;0.5957;0.60547;0.61523;0.625;0.63477;0.64453;0.6543;0.66406;0.67383;0.68359;0.69336;0.70313;0.71289;0.72266;0.73242;0.74219;0.75195;0.76172;0.77148;0.78125;0.79102,0.002562048;0.007108608;0.011239424;0.0120064;0.063115264;0.18567679999999998;0.104189952;0.033586176;0.026435583999999998;0.045843456000000005;0.042086399999999996;0.043196415999999994;0.065646592;0.066020352;0.058340352000000005;0.059669504;0.04474368;0.028863488;0.041997311999999995;0.038378496;0.015975424000000002;0.019912704;0.013948928;0.010571776;0.013084671999999999;0.00859648;0.011326464;0.012781568;0.017873919999999998;0.016923648;0.012694528;0.007584768;0.010498048000000001;0.011285503999999998;0.0077465599999999996;0.007502848;0.006749183999999999;0.005941248;0.005986304;0.004281344;0.0037847040000000003;0.003332096;0.003815424;0.00387072;0.003026944;0.0027392;0.0027023359999999996;0.00187392;0.0015616000000000002;0.0019210240000000001;0.002953216;0.003551232;0.0026624;0.001861632;0.001258496;0.001820672;0.001634304;0.001007616;0.000905216;0.0011909120000000001;0.001307648;0.0013690880000000003;0.00118784;0.0012288;0.001400832;0.001063936;0.000690176;0.000613376;0.000613376;0.0006502400000000001;0.000531456;0.000577536;0.000526336;0.000539648;0.000690176;0.000330752;0.000206848;0.000268288;0.00033894400000000004
1787496300,hdr,0.0293;0.03906;0.04883;0.05859;0.06836;0.07813;0.08789;0.09766;0.10742;0.11719;0.12695;0.13672;0.14648;0.15625;0.16602;0.17578;0.18555;0.19531;0.20508;0.21484;0.22461;0.23438;0.24414;0.25391;0.26367;0.27344;0.2832;0.29297;0.30273;0.3125;0.32227;0.33203;0.3418;0.35156;0.36133;0.37109;0.38086;0.39063;0.40039;0.41016;0.41992;0.42969;0.43945;0.44922;0.45898;0.46875;0.47852;0.48828;0.49805;0.50781;0.51758;0.52734;0.53711;0.54688;0.55664;0.56641;0.57617;0.58594;0.5957;0.60547;0.61523;0.625;0.63477;0.64453;0.6543;0.66406;0.67383;0.68359;0.69336;0.70313;0.71289;0.72266;0.73242;0.74219;0.75195;0.76172;0.77148;0.78125;0.79102,0.0014346239999999998;0.00311808;0.005364736;0.014070784;0.07274803199999999;0.167507968;0.10718208;0.043515904;0.035084288;0.051556352;0.043444224000000004;0.03858432;0.064582656;0.063748096;0.082789376;0.08258355199999999;0.06572441600000001;0.032719872000000004;0.033060864;0.013386752;0.011188224;0.01499648;0.015495168;0.015369216;0.010600448;0.01145344;0.010937344;0.012208128;0.010416128;0.011147263999999999;0.009019392;0.006593536;0.008564736000000002;0.006014976;0.007533568;0.006675455999999999;0.0033791999999999997;0.004359168000000001;0.005587968;0.005861376000000001;0.005046272;0.004806656;0.003848192;0.003119104;0.0013895679999999999;0.00216576;0.001862656;0.001329152;0.001702912;0.0020838399999999996;0.002505728;0.0023388159999999996;0.00119808;0.0009441279999999999;0.0014858240000000002;0.001325056;0.001323008;0.0015779840000000002;0.00073216;0.00110592;0.001385472;0.001531904;0.001306624;0.000692224;0.0007557120000000001;0.000736256;0.000513024;0.000968704;0.0008704;0.000676864;0.000631808;0.00047001599999999997;0.0006778880000000001;0.000662528;0.00075776;0.000714752;0.000466944;0.00029491200000000004;0.000375808
1787497200,hdr,0.0293;0.03906;0.04883;0.05859;0.06836;0.07813;0.08789;0.09766;0.10742;0.11719;0.12695;0.13672;0.14648;0.15625;0.16602;0.17578;0.18555;0.19531;0.20508;0.21484;0.22461;0.23438;0.24414;0.25391;0.26367;0.27344;0.2832;0.29297;0.30273;0.3125;0.32227;0.33203;0.3418;0.35156;0.36133;0.37109;0.38086;0.39063;0.40039;0.41016;0.41992;0.42969;0.43945;0.44922;0.45898;0.46875;0.47852;0.48828;0.49805;0.50781;0.51758;0.52734;0.53711;0.54688;0.55664;0.56641;0.57617;0.58594;0.5957;0.60547;0.61523;0.625;0.63477;0.64453;0.6543;0.66406;0.67383;0.68359;0.69336;0.70313;0.71289;0.72266;0.73242;0.74219;0.75195;0.76172;0.77148;0.78125;0.79102,0.0034867200000000004;0.00807424;0.005352448;0.01699328;0.063809536;0.173411328;0.111847424;0.053144576;0.052396032;0.046534655999999994;0.03723776;0.028713984;0.048262144;0.026960896;0.054701056000000005;0.090464256;0.065775616;0.05583872;0.053187584;0.038339584;0.031741952000000004;0.021927936;0.018002944;0.016633856;0.015240192000000001;0.012397568;0.009273344;0.010664960000000001;0.009639936;0.010127359999999998;0.010304512;0.00882176;0.004803584;0.0051251199999999995;0.007416832;0.009015295999999999;0.007675904000000001;0.006074367999999999;0.00508416;0.007596032;0.005866496;0.0040396799999999995;0.00369152;0.0037949439999999997;0.0034979840000000004;0.0028620800000000004;0.0030668799999999997;0.0032839680000000004;0.003555328;0.003992576;0.002865152;0.0023203839999999996;0.0026480640000000003;0.001814528;0.002354176;0.002714624;0.00175104;0.0012052480000000001;0.0018135039999999999;0.001656832;0.001903616;0.0014735360000000001;0.0014110720000000002;0.0016148479999999999;0.001318912;0.00084992;0.0005304320000000001;0.0007372800000000001;0.000690176;0.0011151359999999999;0.0008069119999999999;0.0005376000000000001;0.000559104;0.000596992;0.000630784;0.00041984;0.000329728;0.000494592;0.0003072
1787498100,hdr,0.0293;0.03906;0.04883;0.05859;0.06836;0.07813;0.08789;0.09766;0.10742;0.11719;0.12695;0.13672;0.14648;0.15625;0.16602;0.17578;0.18555;0.19531;0.20508;0.21484;0.22461;0.23438;0.24414;0.25391;0.26367;0.27344;0.2832;0.29297;0.30273;0.3125;0.32227;0.33203;0.3418;0.35156;0.36133;0.37109;0.38086;0.39063;0.40039;0.41016;0.41992;0.42969;0.43945;0.44922;0.45898;0.46875;0.47852;0.48828;0.49805;0.50781;0.51758;0.52734;0.53711;0.54688;0.55664;0.56641;0.57617;0.58594;0.5957;0.60547;0.61523;0.625;0.63477;0.64453;0.6543;0.66406;0.67383;0.68359;0.69336;0.70313;0.71289;0.72266;0.73242;0.74219;0.75195;0.76172;0.77148;0.78125;0.79102,0.0011468799999999999;0.005189632;0.007387136;0.016099328;0.057655296;0.10970624;0.0664576;0.033415167999999995;0.035196928;0.054206464;0.069956608;0.054587392;0.056170496;0.052580352;0.114766848;0.135438336;0.069586944;0.031640576000000004;0.035096576000000004;0.022376448;0.019526656;0.015625216;0.01035264;0.00979456;0.010010624;0.006208511999999999;0.007957504;0.007194624;0.007237632;0.010692608000000001;0.009469951999999998;0.009146368;0.006019072;0.004366336;0.005007360000000001;0.005244928;0.004369408;0.0044677119999999996;0.003966976;0.0042137599999999996;0.003721216;0.0030464;0.003364864;0.002651136;0.0025835520000000002;0.0032511999999999997;0.001238016;0.0017336320000000001;0.002154496;0.002879488;0.0024463360000000003;0.002040832;0.002312192;0.0023848959999999996;0.002341888;0.0021268479999999998;0.001975296;0.0014274560000000001;0.000949248;0.000514048;0.001158144;0.00134144;0.000515072;0.000937984;0.000996352;0.000884736;0.0009912319999999999;0.000868352;0.0009041920000000001;0.0009431040000000001;0.000871424;0.000694272;0.000519168;0.000429056;0.000653312;0.000555008;0.000648192;0.0007280640000000001;0.000647168
1787499000,hdr,0.0293;0.03906;0.04883;0.05859;0.06836;0.07813;0.08789;0.09766;0.10742;0.11719;0.12695;0.13672;0.14648;0.15625;0.16602;0.17578;0.18555;0.19531;0.20508;0.21484;0.22461;0.23438;0.24414;0.25391;0.26367;0.27344;0.2832;0.29297;0.30273;0.3125;0.32227;0.33203;0.3418;0.35156;0.36133;0.37109;0.38086;0.39063;0.40039;0.41016;0.41992;0.42969;0.43945;0.44922;0.45898;0.46875;0.47852;0.48828;0.49805;0.50781;0.51758;0.52734;0.53711;0.54688;0.55664;0.56641;0.57617;0.58594;0.5957;0.60547;0.61523;0.625;0.63477;0.64453;0.6543;0.66406;0.67383;0.68359;0.69336;0.70313;0.71289;0.72266;0.73242;0.74219;0.75195;0.76172;0.77148;0.78125;0.79102,0.002614272;0.004100095999999999;0.0013240320000000002;0.00394752;0.048371712;0.13507276799999998;0.10705203199999999;0.021208064;0.019089408;0.04023705600000001;0.049205248;0.031547392;0.037991423999999996;0.064807936;0.105095168;0.102747136;0.078091264;0.07480729599999998;0.041646079999999995;0.022823936000000003;0.021910528;0.017184768;0.011012095999999999;0.012099584;0.008312832000000001;0.010776576000000001;0.011309056000000001;0.0068608;0.0074854399999999995;0.005890048;0.003720192;0.0019537919999999998;0.005181440000000001;0.006828032;0.004344832000000001;0.004568063999999999;0.004006912;0.003100672;0.0027791359999999998;0.003533824;0.003892224;0.004011008;0.0025856;0.001992704;0.002813952;0.0033925120000000003;0.003059712;0.002034688;0.0013404159999999999;0.00137728;0.002398208;0.0028948479999999998;0.001721344;0.001536;0.001826816;0.001430528;0.0017561599999999999;0.001501184;0.001009664;0.000919552;0.0012748800000000002;0.0012113920000000002;0.000758784;0.000903168;0.001186816;0.0012523519999999998;0.0008519679999999999;0.0006912;0.001134592;0.001130496;0.0008468480000000001;0.000524288;0.000408576;0.00044032;0.000520192;0.000555008;0.0005744639999999999;0.000318464;0.000325632
1787499900,hdr,0.0293;0.03906;0.04883;0.05859;0.06836;0.07813;0.08789;0.09766;0.10742;0.11719;0.12695;0.13672;0.14648;0.15625;0.16602;0.17578;0.18555;0.19531;0.20508;0.21484;0.22461;0.23438;0.24414;0.25391;0.26367;0.27344;0.2832;0.29297;0.30273;0.3125;0.32227;0.33203;0.3418;0.35156;0.36133;0.37109;0.38086;0.39063;0.40039;0.41016;0.41992;0.42969;0.43945;0.44922;0.45898;0.46875;0.47852;0.48828;0.49805;0.50781;0.51758;0.52734;0.53711;0.54688;0.55664;0.56641;0.57617;0.58594;0.5957;0.60547;0.61523;0.625;0.63477;0.64453;0.6543;0.66406;0.67383;0.68359;0.69336;0.70313;0.71289;0.72266;0.73242;0.74219;0.75195;0.76172;0.77148;0.78125;0.79102,0.00028671999999999997;0.0008929280000000001;0.00579584;0.010381312;0.052988928;0.139695104;0.08660480000000001;0.022621184000000003;0.031401984;0.045046784;0.047509504;0.029891584000000002;0.035050496;0.057274368;0.07131648;0.112500736;0.112872448;0.04974592;0.024834047999999997;0.014877696;0.01387008;0.012054528;0.007937024;0.009591808;0.013592575999999999;0.009168896000000001;0.0065617919999999995;0.008397824;0.007416832;0.007070719999999999;0.005971968000000001;0.007020544;0.005255168;0.004210688;0.006322176;0.007018496;0.007340032;0.004729856;0.004867072;0.003913728;0.002089984;0.0021248;0.003127296;0.002588672;0.002040832;0.002219008;0.001323008;0.0011960319999999999;0.001113088;0.0017203200000000002;0.002469888;0.002000896;0.002249728;0.001015808;0.000996352;0.0013056;0.00122368;0.001580032;0.001166336;0.001388544;0.001009664;0.001220608;0.000927744;0.000785408;0.0005468159999999999;0.0007168;0.000646144;0.000420864;0.00059904;0.000605184;0.000743424;0.0010209280000000002;0.000825344;0.000490496;0.000447488;0.000516096;0.000451584;0.0005232639999999998;0.000434176
1787500800,hdr,0.0293;0.03906;0.04883;0.05859;0.06836;0.07813;0.08789;0.09766;0.10742;0.11719;0.12695;0.13672;0.14648;0.15625;0.16602;0.17578;0.18555;0.19531;0.20508;0.21484;0.22461;0.23438;0.24414;0.25391;0.26367;0.27344;0.2832;0.29297;0.30273;0.3125;0.32227;0.33203;0.3418;0.35156;0.36133;0.37109;0.38086;0.39063;0.40039;0.41016;0.41992;0.42969;0.43945;0.44922;0.45898;0.46875;0.47852;0.48828;0.49805;0.50781;0.51758;0.52734;0.53711;0.54688;0.55664;0.56641;0.57617;0.58594;0.5957;0.60547;0.61523;0.625;0.63477;0.64453;0.6543;0.66406;0.67383;0.68359;0.69336;0.70313;0.71289;0.72266;0.73242;0.74219;0.75195;0.76172;0.77148;0.78125;0.79102,0.0007946240000000001;0.0037611520000000002;0.0058839040000000006;0.01567232;0.042005504;0.124926976;0.121565184;0.022047744;0.04107264;0.07353856;0.070880256;0.044604416;0.04394598400000001;0.091940864;0.108585984;0.110529536;0.073197568;0.07066624;0.04302848;0.027876352;0.016254975999999997;0.014429184;0.012858368;0.010094592000000001;0.011344896;0.012376064;0.009286656;0.006255616;0.007825408;0.007446528;0.008317952;0.00735232;0.005354496;0.0060661759999999995;0.006234112;0.005699584;0.005169152;0.005174272;0.003620864;0.00241152;0.0032440319999999996;0.0031938559999999997;0.00234496;0.001624064;0.002200576;0.0025907200000000003;0.0033310719999999996;0.00375808;0.001654784;0.001399808;0.0015943679999999999;0.001743872;0.002054144;0.0017244159999999999;0.001352704;0.0012042239999999998;0.0014796800000000001;0.00145408;0.000888832;0.0008663039999999999;0.0012687360000000001;0.0010813440000000001;0.000908288;0.0014592000000000001;0.0009697280000000001;0.000744448;0.000889856;0.001199104;0.0012646399999999998;0.000868352;0.0007075839999999999;0.0007188480000000001;0.000534528;0.000543744;0.0005980159999999999;0.00041472;0.00046796800000000003;0.000375808;0.00043315199999999996
1787501700,hdr,0.0293;0.03906;0.04883;0.05859;0.06836;0.07813;0.08789;0.09766;0.10742;0.11719;0.12695;0.13672;0.14648;0.15625;0.16602;0.17578;0.18555;0.19531;0.20508;0.21484;0.22461;0.23438;0.24414;0.25391;0.26367;0.27344;0.2832;0.29297;0.30273;0.3125;0.32227;0.33203;0.3418;0.35156;0.36133;0.37109;0.38086;0.39063;0.40039;0.41016;0.41992;0.42969;0.43945;0.44922;0.45898;0.46875;0.47852;0.48828;0.49805;0.50781;0.51758;0.52734;0.53711;0.54688;0.55664;0.56641;0.57617;0.58594;0.5957;0.60547;0.61523;0.625;0.63477;0.64453;0.6543;0.66406;0.67383;0.68359;0.69336;0.70313;0.71289;0.72266;0.73242;0.74219;0.75195;0.76172;0.77148;0.78125;0.79102,0.0009472;0.00178176;0.00208896;0.011849728;0.07322726400000001;0.162786304;0.102652928;0.036669440000000005;0.038094848;0.06500352;0.063434752;0.051337216;0.044655616;0.07111475199999999;0.120311808;0.115219456;0.122988544;0.092201984;0.040168447999999995;0.017094656;0.014324736;0.013257728000000002;0.013215744;0.010424319999999999;0.009424896;0.008941567999999999;0.007367680000000001;0.00800256;0.0070522879999999994;0.0055951360000000006;0.005752831999999999;0.006305792;0.007105536;0.006569983999999999;0.0071362560000000005;0.004144128;0.003782656;0.002980864;0.002096128;0.001985536;0.002997248;0.0028692479999999996;0.0023050239999999997;0.002791424;0.002312192;0.0027269119999999997;0.00279552;0.002188288;0.002859008;0.0034027519999999998;0.0014172160000000002;0.001557504;0.0016906239999999997;0.0013322240000000001;0.001631232;0.001974272;0.001890304;0.0019169279999999998;0.001267712;0.0009349119999999999;0.00110592;0.00105472;0.001154048;0.001258496;0.0015226880000000001;0.0009574399999999999;0.000548864;0.0009605120000000001;0.00097792;0.000782336;0.0008663039999999999;0.0008837120000000001;0.0005724160000000001;0.00068608;0.0007280640000000001;0.000521216;0.000561152;0.00047206399999999996;0.000781312
1787502600,hdr,0.0293;0.03906;0.04883;0.05859;0.06836;0.07813;0.08789;0.09766;0.10742;0.11719;0.12695;0.13672;0.14648;0.15625;0.16602;0.17578;0.18555;0.19531;0.20508;0.21484;0.22461;0.23438;0.24414;0.25391;0.26367;0.27344;0.2832;0.29297;0.30273;0.3125;0.32227;0.33203;0.3418;0.35156;0.36133;0.37109;0.38086;0.39063;0.40039;0.41016;0.41992;0.42969;0.43945;0.44922;0.45898;0.46875;0.47852;0.48828;0.49805;0.50781;0.51758;0.52734;0.53711;0.54688;0.55664;0.56641;0.57617;0.58594;0.5957;0.60547;0.61523;0.625;0.63477;0.64453;0.6543;0.66406;0.67383;0.68359;0.69336;0.70313;0.71289;0.72266;0.73242;0.74219;0.75195;0.76172;0.77148;0.78125;0.79102,0.00021504000000000003;0.000630784;0.000982016;0.011578367999999999;0.099278848;0.170023936;0.109325312;0.039325696;0.034023424;0.064940032;0.051514368;0.040594432;0.030046207999999998;0.05855232;0.11227852799999999;0.113977344;0.06796595200000001;0.052849664;0.042807296;0.027997184;0.020606976;0.01834496;0.01302016;0.010535936;0.010190848;0.011522048;0.009583616;0.0062924800000000005;0.01068032;0.007942144;0.004314112;0.006086656;0.005787648;0.00454144;0.0026808319999999997;0.003815424;0.004487168;0.0036270079999999997;0.0029911039999999996;0.004283392;0.003293184;0.0030300159999999995;0.003273728;0.002009088;0.001441792;0.0024883199999999996;0.003047424;0.00246784;0.0025989119999999997;0.0031815679999999996;0.0022026240000000002;0.002573312;0.001948672;0.0013424640000000002;0.0018687999999999999;0.0017326079999999998;0.001475584;0.001979392;0.001583104;0.0008468480000000001;0.000758784;0.0007884799999999999;0.0009727999999999999;0.0009420800000000001;0.000638976;0.0010649599999999998;0.0009287680000000001;0.000805888;0.001122304;0.0011509760000000002;0.0009431040000000001;0.00067584;0.000510976;0.0005713920000000001;0.000666624;0.00059392;0.0005703679999999999;0.000444416;0.000484352
1787503500,hdr,0.0293;0.03906;0.04883;0.05859;0.06836;0.07813;0.08789;0.09766;0.10742;0.11719;0.12695;0.13672;0.14648;0.15625;0.16602;0.17578;0.18555;0.19531;0.20508;0.21484;0.22461;0.23438;0.24414;0.25391;0.26367;0.27344;0.2832;0.29297;0.30273;0.3125;0.32227;0.33203;0.3418;0.35156;0.36133;0.37109;0.38086;0.39063;0.40039;0.41016;0.41992;0.42969;0.43945;0.44922;0.45898;0.46875;0.47852;0.48828;0.49805;0.50781;0.51758;0.52734;0.53711;0.54688;0.55664;0.56641;0.57617;0.58594;0.5957;0.60547;0.61523;0.625;0.63477;0.64453;0.6543;0.66406;0.67383;0.68359;0.69336;0.70313;0.71289;0.72266;0.73242;0.74219;0.75195;0.76172;0.77148;0.78125;0.79102,0.0007946240000000001;0.000868352;0.00047820800000000004;0.001721344;0.055745536;0.145106944;0.069403648;0.025720832000000002;0.019130368000000002;0.043732992000000005;0.074146816;0.05935104;0.045250559999999995;0.058642432;0.06594560000000001;0.08644198400000001;0.063522816;0.043271168000000006;0.053236736;0.03365376;0.018911232;0.011023360000000001;0.007114752;0.0046223359999999995;0.005092352;0.007230464;0.0077813760000000004;0.009274368;0.007156736000000001;0.003951616;0.004905984;0.004145152;0.004912128;0.00442368;0.0035788799999999996;0.004753408000000001;0.005781504;0.003931136;0.003685376;0.002356224;0.002516992;0.001668096;0.002387968;0.0025262080000000003;0.002371584;0.002092032;0.001798144;0.0013680639999999998;0.000986112;0.0015851519999999998;0.001829888;0.002236416;0.001447936;0.001048576;0.000996352;0.0015063040000000002;0.0012451839999999999;0.0010803199999999998;0.001027072;0.0015144960000000002;0.0013424640000000002;0.000919552;0.0011264;0.0010762240000000002;0.0008663039999999999;0.000672768;0.000494592;0.0007116799999999999;0.000717824;0.000632832;0.0007249919999999999;0.000482304;0.00049664;0.0006184960000000001;0.000531456;0.00035942400000000006;0.000211968;0.00039731200000000003;0.000406528
1787504400,hdr,0.0293;0.03906;0.04883;0.05859;0.06836;0.07813;0.08789;0.09766;0.10742;0.11719;0.12695;0.13672;0.14648;0.15625;0.16602;0.17578;0.18555;0.19531;0.20508;0.21484;0.22461;0.23438;0.24414;0.25391;0.26367;0.27344;0.2832;0.29297;0.30273;0.3125;0.32227;0.33203;0.3418;0.35156;0.36133;0.37109;0.38086;0.39063;0.40039;0.41016;0.41992;0.42969;0.43945;0.44922;0.45898;0.46875;0.47852;0.48828;0.49805;0.50781;0.51758;0.52734;0.53711;0.54688;0.55664;0.56641;0.57617;0.58594;0.5957;0.60547;0.61523;0.625;0.63477;0.64453;0.6543;0.66406;0.67383;0.68359;0.69336;0.70313;0.71289;0.72266;0.73242;0.74219;0.75195;0.76172;0.77148;0.78125;0.79102,0.002395136;0.00533504;0.006682624;0.011797504;0.039870464;0.12294656000000001;0.122554368;0.03160576;0.02071552;0.035089407999999996;0.043344896;0.039470080000000005;0.033211392;0.05394432;0.070639616;0.100783104;0.1026048;0.07435366399999999;0.051587072;0.036562944;0.022749184000000002;0.009278464;0.012640256;0.012272640000000001;0.007809024;0.007779327999999999;0.0059340799999999996;0.006078464;0.004770816;0.003816448;0.0037591039999999997;0.00398848;0.0032276479999999996;0.0023930880000000002;0.002847744;0.003929088;0.004842496;0.004302848;0.004366336;0.003324928;0.0034334720000000003;0.002665472;0.0026900479999999996;0.0023347199999999998;0.001241088;0.002279424;0.001462272;0.001031168;0.001098752;0.0013864959999999999;0.0007495679999999999;0.0007464960000000001;0.001077248;0.000827392;0.0008601600000000001;0.000754688;0.0005468159999999999;0.0007393279999999999;0.000679936;0.000539648;0.0006574080000000001;0.000771072;0.000923648;0.000730112;0.000704512;0.000698368;0.000442368;0.00041779199999999995;0.000466944;0.000635904;0.00101376;0.001004544;0.000887808;0.00072704;0.0005857280000000001;0.000529408;0.000809984;0.0006041600000000001;0.000447488
1787505300,hdr,0.0293;0.03906;0.04883;0.05859;0.06836;0.07813;0.08789;0.09766;0.10742;0.11719;0.12695;0.13672;0.14648;0.15625;0.16602;0.17578;0.18555;0.19531;0.20508;0.21484;0.22461;0.23438;0.24414;0.25391;0.26367;0.27344;0.2832;0.29297;0.30273;0.3125;0.32227;0.33203;0.3418;0.35156;0.36133;0.37109;0.38086;0.39063;0.40039;0.41016;0.41992;0.42969;0.43945;0.44922;0.45898;0.46875;0.47852;0.48828;0.49805;0.50781;0.51758;0.52734;0.53711;0.54688;0.55664;0.56641;0.57617;0.58594;0.5957;0.60547;0.61523;0.625;0.63477;0.64453;0.6543;0.66406;0.67383;0.68359;0.69336;0.70313;0.71289;0.72266;0.73242;0.74219;0.75195;0.76172;0.77148;0.78125;0.79102,0.004011008;0.005033984;0.003067904;0.007398399999999999;0.06683647999999999;0.17560063999999997;0.089234432;0.029357056;0.033032192;0.06803968;0.08085708800000001;0.067162112;0.032841728;0.039880703999999996;0.084448256;0.09840844800000001;0.087820288;0.05750271999999999;0.041298944;0.023056384000000003;0.023036927999999998;0.021005312;0.014970879999999999;0.012427263999999999;0.009705472;0.007904256;0.006110208000000001;0.006232064000000001;0.006729728;0.0055531520000000004;0.004016128;0.004752384;0.005380095999999999;0.007401472;0.005215232;0.004802559999999999;0.00361472;0.003099648;0.002620416;0.0028538879999999997;0.003451904;0.003832832;0.002637824;0.002107392;0.002477056;0.0018964479999999998;0.0018083840000000001;0.0021626880000000003;0.002134016;0.002229248;0.001523712;0.0011909120000000001;0.0015411200000000002;0.001455104;0.0013680639999999998;0.0012666880000000002;0.0015063040000000002;0.0011837439999999998;0.001271808;0.00131072;0.00123904;0.001651712;0.0011151359999999999;0.000698368;0.000734208;0.000635904;0.00050688;0.00040550399999999994;0.00041676800000000003;0.0007014399999999999;0.0006604799999999999;0.00029491200000000004;0.00021913599999999998;0.00043110399999999997;0.00046489599999999996;0.000559104;0.00046080000000000003;0.00033484799999999995;0.00041676800000000003
1787506200,hdr,0.0293;0.03906;0.04883;0.05859;0.06836;0.07813;0.08789;0.09766;0.10742;0.11719;0.12695;0.13672;0.14648;0.15625;0.16602;0.17578;0.18555;0.19531;0.20508;0.21484;0.22461;0.23438;0.24414;0.25391;0.26367;0.27344;0.2832;0.29297;0.30273;0.3125;0.32227;0.33203;0.3418;0.35156;0.36133;0.37109;0.38086;0.39063;0.40039;0.41016;0.41992;0.42969;0.43945;0.44922;0.45898;0.46875;0.47852;0.48828;0.49805;0.50781;0.51758;0.52734;0.53711;0.54688;0.55664;0.56641;0.57617;0.58594;0.5957;0.60547;0.61523;0.625;0.63477;0.64453;0.6543;0.66406;0.67383;0.68359;0.69336;0.70313;0.71289;0.72266;0.73242;0.74219;0.75195;0.76172;0.77148;0.78125;0.79102,0.003171328;0.005249024000000001;0.008039424;0.017702912;0.031513599999999996;0.088019968;0.07046553600000001;0.01937408;0.033243136;0.047847424;0.046487552;0.040933376;0.04727808;0.057940992;0.07993344000000001;0.120014848;0.120471552;0.06129664;0.052310015999999994;0.022634496;0.016434175999999998;0.01573376;0.016990208;0.013539328;0.00929792;0.006853632;0.006465536;0.006987776;0.0057251839999999995;0.006162432;0.006073344;0.00490496;0.003095552;0.004099072;0.004432896;0.00425472;0.005243904;0.004570112;0.005661696;0.005472255999999999;0.004789247999999999;0.003858432;0.004299776;0.0030822400000000004;0.002390016;0.00221184;0.002707456;0.0028057599999999996;0.002837504;0.001927168;0.0017039359999999999;0.0015534079999999998;0.001432576;0.001234944;0.0010291200000000001;0.001317888;0.001276928;0.000567296;0.0008048640000000001;0.000873472;0.0011356159999999999;0.00107008;0.00080384;0.0005898240000000001;0.000626688;0.000764928;0.000635904;0.0007086080000000001;0.00059904;0.000525312;0.00047308800000000003;0.000666624;0.000694272;0.000461824;0.000388096;0.000515072;0.000688128;0.0005560319999999999;0.000531456
1787507100,hdr,0.0293;0.03906;0.04883;0.05859;0.06836;0.07813;0.08789;0.09766;0.10742;0.11719;0.12695;0.13672;0.14648;0.15625;0.16602;0.17578;0.18555;0.19531;0.20508;0.21484;0.22461;0.23438;0.24414;0.25391;0.26367;0.27344;0.2832;0.29297;0.30273;0.3125;0.32227;0.33203;0.3418;0.35156;0.36133;0.37109;0.38086;0.39063;0.40039;0.41016;0.41992;0.42969;0.43945;0.44922;0.45898;0.46875;0.47852;0.48828;0.49805;0.50781;0.51758;0.52734;0.53711;0.54688;0.55664;0.56641;0.57617;0.58594;0.5957;0.60547;0.61523;0.625;0.63477;0.64453;0.6543;0.66406;0.67383;0.68359;0.69336;0.70313;0.71289;0.72266;0.73242;0.74219;0.75195;0.76172;0.77148;0.78125;0.79102,0.00073216;0.001989632;0.004046848;0.012449792000000001;0.047636479999999995;0.09853440000000001;0.05932544;0.03936768;0.035096576000000004;0.04706816;0.060014592;0.04580351999999999;0.028621824;0.024459263999999998;0.068289536;0.14124544;0.20489216;0.08916787200000001;0.041515008;0.027895807999999998;0.022083584;0.01524736;0.009554944000000001;0.010911744000000001;0.013624320000000002;0.017527808000000002;0.014664703999999999;0.007056384;0.00565248;0.003940352;0.005639168;0.00507392;0.0038696959999999997;0.004882432;0.004889599999999999;0.00350208;0.00226304;0.002770944;0.0034304;0.003120128;0.002407424;0.00239616;0.0024391680000000002;0.002787328;0.0022487040000000002;0.001422336;0.001631232;0.0022937599999999997;0.0010649599999999998;0.00170496;0.0018411519999999998;0.001304576;0.000825344;0.0009758719999999999;0.001381376;0.0015103999999999999;0.001590272;0.0008304639999999999;0.000734208;0.0009727999999999999;0.001385472;0.0012032;0.000858112;0.000984064;0.001130496;0.0013424640000000002;0.001201152;0.000687104;0.000652288;0.0008089600000000001;0.0007249919999999999;0.0007423999999999999;0.00076288;0.000535552;0.000679936;0.000559104;0.000561152;0.00043827199999999997;0.00030003200000000004
1787508000,hdr,0.0293;0.03906;0.04883;0.05859;0.06836;0.07813;0.08789;0.09766;0.10742;0.11719;0.12695;0.13672;0.14648;0.15625;0.16602;0.17578;0.18555;0.19531;0.20508;0.21484;0.22461;0.23438;0.24414;0.25391;0.26367;0.27344;0.2832;0.29297;0.30273;0.3125;0.32227;0.33203;0.3418;0.35156;0.36133;0.37109;0.38086;0.39063;0.40039;0.41016;0.41992;0.42969;0.43945;0.44922;0.45898;0.46875;0.47852;0.48828;0.49805;0.50781;0.51758;0.52734;0.53711;0.54688;0.55664;0.56641;0.57617;0.58594;0.5957;0.60547;0.61523;0.625;0.63477;0.64453;0.6543;0.66406;0.67383;0.68359;0.69336;0.70313;0.71289;0.72266;0.73242;0.74219;0.75195;0.76172;0.77148;0.78125;0.79102,0.002704384;0.004125696;0.004267008;0.010081279999999998;0.064594944;0.15001190399999997;0.090648576;0.037173248;0.022751232;0.03394048;0.036911104;0.053502975999999994;0.046372864;0.029546496000000002;0.05704704;0.129637376;0.128110592;0.05001216000000001;0.041065472;0.030548991999999997;0.018056192;0.022608896;0.010574848;0.01164288;0.01165312;0.008666111999999998;0.010334208000000001;0.006273024;0.004953088;0.005953536;0.007626752;0.009116672;0.009129984;0.010555392;0.008039424;0.004870144;0.0037591039999999997;0.004535295999999999;0.004041728;0.005988352;0.005862399999999999;0.003301376;0.002337792;0.0023429120000000004;0.002494464;0.001911808;0.00217088;0.002115584;0.00169472;0.002455552;0.001632256;0.00155648;0.0026644480000000003;0.0014786559999999999;0.001022976;0.00134144;0.0012318720000000002;0.0012185600000000003;0.0013987840000000001;0.0013209599999999997;0.001337344;0.001288192;0.0009482239999999999;0.0008335360000000001;0.0006789119999999999;0.000760832;0.000644096;0.000565248;0.000676864;0.000485376;0.00040448000000000003;0.000628736;0.000613376;0.0006041600000000001;0.00062976;0.000497664;0.000493568;0.000483328;0.000344064
1787508900,hdr,0.0293;0.03906;0.04883;0.05859;0.06836;0.07813;0.08789;0.09766;0.10742;0.11719;0.12695;0.13672;0.14648;0.15625;0.16602;0.17578;0.18555;0.19531;0.20508;0.21484;0.22461;0.23438;0.24414;0.25391;0.26367;0.27344;0.2832;0.29297;0.30273;0.3125;0.32227;0.33203;0.3418;0.35156;0.36133;0.37109;0.38086;0.39063;0.40039;0.41016;0.41992;0.42969;0.43945;0.44922;0.45898;0.46875;0.47852;0.48828;0.49805;0.50781;0.51758;0.52734;0.53711;0.54688;0.55664;0.56641;0.57617;0.58594;0.5957;0.60547;0.61523;0.625;0.63477;0.64453;0.6543;0.66406;0.67383;0.68359;0.69336;0.70313;0.71289;0.72266;0.73242;0.74219;0.75195;0.76172;0.77148;0.78125;0.79102,0.005023743999999999;0.006037504;0.0057026559999999995;0.019590144;0.059070464;0.112842752;0.056497152;0.020118528000000004;0.033596416;0.045097983999999994;0.042079231999999994;0.044773376;0.047835136;0.05294592;0.043429888;0.13828095999999998;0.215217152;0.139021312;0.07646412799999999;0.03053056;0.024605696;0.028663808000000002;0.018386944;0.014459904;0.01319936;0.010819584;0.008991744000000001;0.007529472;0.006679552000000001;0.0055582719999999995;0.006145024000000001;0.006025216000000001;0.0046223359999999995;0.003926016;0.005173248;0.003596288;0.0021626880000000003;0.002864128;0.0034263040000000002;0.0028620800000000004;0.0017152;0.001856512;0.0013905920000000002;0.0011120639999999998;0.001507328;0.0022405119999999996;0.001905664;0.00278016;0.002613248;0.0022558720000000003;0.00208896;0.002052096;0.001992704;0.0012707839999999998;0.0009441279999999999;0.0011284479999999998;0.002092032;0.0019435519999999999;0.00122368;0.000987136;0.0006963200000000001;0.000864256;0.000980992;0.000917504;0.000764928;0.000882688;0.000927744;0.000896;0.000774144;0.000489472;0.00091648;0.0008488959999999999;0.0006789119999999999;0.000748544;0.000662528;0.0005867520000000001;0.000492544;0.000514048;0.000642048
1787509800,hdr,0.0293;0.03906;0.04883;0.05859;0.06836;0.07813;0.08789;0.09766;0.10742;0.11719;0.12695;0.13672;0.14648;0.15625;0.16602;0.17578;0.18555;0.19531;0.20508;0.21484;0.22461;0.23438;0.24414;0.25391;0.26367;0.27344;0.2832;0.29297;0.30273;0.3125;0.32227;0.33203;0.3418;0.35156;0.36133;0.37109;0.38086;0.39063;0.40039;0.41016;0.41992;0.42969;0.43945;0.44922;0.45898;0.46875;0.47852;0.48828;0.49805;0.50781;0.51758;0.52734;0.53711;0.54688;0.55664;0.56641;0.57617;0.58594;0.5957;0.60547;0.61523;0.625;0.63477;0.64453;0.6543;0.66406;0.67383;0.68359;0.69336;0.70313;0.71289;0.72266;0.73242;0.74219;0.75195;0.76172;0.77148;0.78125;0.79102,0.0109568;0.017079295999999997;0.013970432000000001;0.030055424;0.07275827200000001;0.07736422399999998;0.059282432;0.028484608;0.026484736000000002;0.057489408;0.048575488;0.058203135999999996;0.039830528;0.02429952;0.048580608;0.124934144;0.21330534399999998;0.126280704;0.09534976;0.07389081600000001;0.034408447999999994;0.015488;0.01361408;0.01302016;0.009766912;0.008138752;0.007727103999999999;0.005367808;0.006549504;0.0046069760000000005;0.005937152;0.005433344;0.0036515840000000003;0.0047636480000000005;0.005405696;0.003590144;0.004200447999999999;0.0033925120000000003;0.002817024;0.0030853119999999998;0.00300032;0.0016916480000000002;0.0020418560000000003;0.002620416;0.00210944;0.002304;0.0015513600000000001;0.001031168;0.0008591359999999999;0.0015114240000000001;0.002015232;0.0020121600000000003;0.001429504;0.0010956800000000001;0.0017479680000000001;0.0017766400000000001;0.0011509760000000002;0.001031168;0.001098752;0.000790528;0.00074752;0.00117248;0.0013148160000000001;0.001222656;0.001352704;0.00126976;0.000809984;0.000966656;0.001069056;0.0005621760000000001;0.000770048;0.000550912;0.000391168;0.000529408;0.000418816;0.00047001599999999997;0.000350208;0.00035532799999999997;0.000494592
1787510700,hdr,0.0293;0.03906;0.04883;0.05859;0.06836;0.07813;0.08789;0.09766;0.10742;0.11719;0.12695;0.13672;0.14648;0.15625;0.16602;0.17578;0.18555;0.19531;0.20508;0.21484;0.22461;0.23438;0.24414;0.25391;0.26367;0.27344;0.2832;0.29297;0.30273;0.3125;0.32227;0.33203;0.3418;0.35156;0.36133;0.37109;0.38086;0.39063;0.40039;0.41016;0.41992;0.42969;0.43945;0.44922;0.45898;0.46875;0.47852;0.48828;0.49805;0.50781;0.51758;0.52734;0.53711;0.54688;0.55664;0.56641;0.57617;0.58594;0.5957;0.60547;0.61523;0.625;0.63477;0.64453;0.6543;0.66406;0.67383;0.68359;0.69336;0.70313;0.71289;0.72266;0.73242;0.74219;0.75195;0.76172;0.77148;0.78125;0.79102,0.000996352;0.005338112;0.010902528;0.027908096;0.100025344;0.12881817599999998;0.049302528000000005;0.019030016;0.026286079999999996;0.05479936;0.096392192;0.076735488;0.046174208;0.05195468799999999;0.066850816;0.12778393600000001;0.154847232;0.105049088;0.060537856;0.055401472;0.04775424;0.02066432;0.014429184;0.01777664;0.014853120000000001;0.011700224;0.010429439999999998;0.007965696;0.005184512;0.0064768000000000004;0.0068577280000000004;0.006786047999999999;0.005449728;0.003158016;0.003232768;0.005547008;0.004942848;0.0024791039999999998;0.0016087039999999999;0.0023592960000000003;0.002466816;0.002888704;0.0024801280000000003;0.002038784;0.0019394560000000002;0.0029788160000000004;0.003007488;0.0025036800000000003;0.001992704;0.00180736;0.0024545279999999997;0.001661952;0.0014274560000000001;0.001476608;0.0011673599999999999;0.000769024;0.0013056;0.001062912;0.00081408;0.000841728;0.0012369920000000001;0.001084416;0.001226752;0.000968704;0.0009943039999999999;0.000628736;0.00075264;0.0005601279999999999;0.000513024;0.0007014399999999999;0.00064;0.000561152;0.000702464;0.00064;0.00050176;0.0005703679999999999;0.000582656;0.000745472;0.0006225919999999999
1787511600,hdr,0.0293;0.03906;0.04883;0.05859;0.06836;0.07813;0.08789;0.09766;0.10742;0.11719;0.12695;0.13672;0.14648;0.15625;0.16602;0.17578;0.18555;0.19531;0.20508;0.21484;0.22461;0.23438;0.24414;0.25391;0.26367;0.27344;0.2832;0.29297;0.30273;0.3125;0.32227;0.33203;0.3418;0.35156;0.36133;0.37109;0.38086;0.39063;0.40039;0.41016;0.41992;0.42969;0.43945;0.44922;0.45898;0.46875;0.47852;0.48828;0.49805;0.50781;0.51758;0.52734;0.53711;0.54688;0.55664;0.56641;0.57617;0.58594;0.5957;0.60547;0.61523;0.625;0.63477;0.64453;0.6543;0.66406;0.67383;0.68359;0.69336;0.70313;0.71289;0.72266;0.73242;0.74219;0.75195;0.76172;0.77148;0.78125;0.79102,0.0030464;0.007456768;0.003675136;0.013044736000000001;0.07220531200000001;0.094855168;0.0259328;0.015893504;0.036663296000000005;0.063628288;0.070316032;0.07085670399999999;0.04059136;0.027481088;0.032955392;0.08268595200000001;0.14313984;0.13298688;0.070038528;0.031021056;0.026914815999999998;0.036247551999999995;0.024592384;0.01739776;0.011783168;0.008581120000000001;0.010675200000000001;0.008215552000000001;0.005537792;0.007625728;0.007202816000000001;0.00495104;0.004088832;0.002966528;0.002722816;0.00301568;0.0034252799999999997;0.002523136;0.001915904;0.001997824;0.0023470080000000003;0.002398208;0.002398208;0.001846272;0.001364992;0.001668096;0.0010516479999999999;0.000889856;0.0012288;0.0013035520000000001;0.001431552;0.0010086399999999999;0.000816128;0.0007137280000000001;0.001087488;0.0013148160000000001;0.001267712;0.000894976;0.000871424;0.0006696959999999999;0.000625664;0.00082944;0.0008622079999999999;0.0010373119999999999;0.0006830079999999999;0.000577536;0.000659456;0.000545792;0.000642048;0.00031744;0.000648192;0.000646144;0.000391168;0.000418816;0.000514048;0.000553984;0.000391168;0.00036966399999999996;0.0005478400000000001
1787512500,hdr,0.0293;0.03906;0.04883;0.05859;0.06836;0.07813;0.08789;0.09766;0.10742;0.11719;0.12695;0.13672;0.14648;0.15625;0.16602;0.17578;0.18555;0.19531;0.20508;0.21484;0.22461;0.23438;0.24414;0.25391;0.26367;0.27344;0.2832;0.29297;0.30273;0.3125;0.32227;0.33203;0.3418;0.35156;0.36133;0.37109;0.38086;0.39063;0.40039;0.41016;0.41992;0.42969;0.43945;0.44922;0.45898;0.46875;0.47852;0.48828;0.49805;0.50781;0.51758;0.52734;0.53711;0.54688;0.55664;0.56641;0.57617;0.58594;0.5957;0.60547;0.61523;0.625;0.63477;0.64453;0.6543;0.66406;0.67383;0.68359;0.69336;0.70313;0.71289;0.72266;0.73242;0.74219;0.75195;0.76172;0.77148;0.78125;0.79102,0.001696768;0.001574912;0.002902016;0.010457088;0.06715494400000001;0.112822272;0.04947456;0.022953983999999997;0.028079104;0.02958336;0.044278784;0.081583104;0.043239424;0.035849216;0.022484992;0.07053926399999999;0.107000832;0.104380416;0.07872;0.04106239999999999;0.035615744;0.026164224000000003;0.023094272000000002;0.017013760000000003;0.013495296;0.010528768;0.008778752;0.006223872;0.005613568;0.004154367999999999;0.0036382720000000006;0.005209088000000001;0.004073472;0.0033146879999999997;0.005216255999999999;0.0048363519999999995;0.0031907839999999995;0.0025753599999999996;0.00177152;0.002331648;0.002613248;0.001682432;0.0019148799999999999;0.001488896;0.001257472;0.001734656;0.0024616959999999998;0.001686528;0.001328128;0.001155072;0.000900096;0.000900096;0.0010833919999999999;0.000970752;0.0011673599999999999;0.0012441599999999998;0.001225728;0.0007137280000000001;0.0008355839999999999;0.001122304;0.001307648;0.001092608;0.000781312;0.0008222720000000001;0.00101888;0.001000448;0.000774144;0.0005560319999999999;0.000514048;0.000559104;0.000434176;0.000454656;0.000513024;0.000483328;0.00031232;0.000485376;0.000535552;0.000421888;0.00033484799999999995
1787513400,hdr,0.0293;0.03906;0.04883;0.05859;0.06836;0.07813;0.08789;0.09766;0.10742;0.11719;0.12695;0.13672;0.14648;0.15625;0.16602;0.17578;0.18555;0.19531;0.20508;0.21484;0.22461;0.23438;0.24414;0.25391;0.26367;0.27344;0.2832;0.29297;0.30273;0.3125;0.32227;0.33203;0.3418;0.35156;0.36133;0.37109;0.38086;0.39063;0.40039;0.41016;0.41992;0.42969;0.43945;0.44922;0.45898;0.46875;0.47852;0.48828;0.49805;0.50781;0.51758;0.52734;0.53711;0.54688;0.55664;0.56641;0.57617;0.58594;0.5957;0.60547;0.61523;0.625;0.63477;0.64453;0.6543;0.66406;0.67383;0.68359;0.69336;0.70313;0.71289;0.72266;0.73242;0.74219;0.75195;0.76172;0.77148;0.78125;0.79102,0.006540288000000001;0.014697472;0.017871872;0.017089536;0.080710656;0.100603904;0.028563455999999997;0.022588415999999997;0.023527423999999998;0.034039808;0.058659840000000005;0.06854860800000001;0.08019456;0.039800832;0.026387456000000004;0.037530624000000005;0.071701504;0.108320768;0.084492288;0.07152844800000001;0.0639744;0.030021632000000003;0.020599808;0.009780224;0.009777152;0.014952448;0.010264576;0.005123071999999999;0.005520384;0.00556544;0.004883456;0.004416512;0.003550208;0.003900416;0.003898368;0.0028538879999999997;0.0034662399999999998;0.002337792;0.001809408;0.002568192;0.001714176;0.001323008;0.001655808;0.0014919679999999998;0.0013946879999999998;0.0009943039999999999;0.0016732160000000002;0.002349056;0.002172928;0.0015892480000000001;0.001097728;0.001750016;0.002405376;0.00233984;0.001174528;0.0005632;0.000759808;0.000776192;0.0006912;0.000736256;0.000702464;0.000643072;0.000567296;0.000577536;0.000775168;0.000492544;0.000638976;0.00059392;0.000475136;0.000406528;0.000330752;0.000489472;0.0006123519999999999;0.0007055360000000001;0.000350208;0.0006574080000000001;0.0005642239999999999;0.0004986880000000001;0.000314368
1787514300,hdr,0.0293;0.03906;0.04883;0.05859;0.06836;0.07813;0.08789;0.09766;0.10742;0.11719;0.12695;0.13672;0.14648;0.15625;0.16602;0.17578;0.18555;0.19531;0.20508;0.21484;0.22461;0.23438;0.24414;0.25391;0.26367;0.27344;0.2832;0.29297;0.30273;0.3125;0.32227;0.33203;0.3418;0.35156;0.36133;0.37109;0.38086;0.39063;0.40039;0.41016;0.41992;0.42969;0.43945;0.44922;0.45898;0.46875;0.47852;0.48828;0.49805;0.50781;0.51758;0.52734;0.53711;0.54688;0.55664;0.56641;0.57617;0.58594;0.5957;0.60547;0.61523;0.625;0.63477;0.64453;0.6543;0.66406;0.67383;0.68359;0.69336;0.70313;0.71289;0.72266;0.73242;0.74219;0.75195;0.76172;0.77148;0.78125;0.79102,0.006693888;0.006596608;0.008877056000000001;0.011814912;0.06564966400000001;0.08255283199999999;0.02185728;0.017733632000000003;0.015700992;0.041786368000000004;0.073044992;0.08909619199999999;0.05321728;0.036016128;0.03804672;0.051101695999999995;0.053218304;0.136154112;0.107539456;0.038674432;0.030081023999999998;0.028751871999999998;0.015055872000000001;0.015549440000000001;0.015215616;0.01107968;0.0069273600000000005;0.005262336;0.003646464;0.00292352;0.004356095999999999;0.0048312319999999995;0.004687871999999999;0.005332992;0.005377023999999999;0.004191232;0.0056176640000000005;0.005197823999999999;0.003940352;0.0033044479999999998;0.002881536;0.003339264;0.002967552;0.0025456639999999996;0.0017152;0.001934336;0.002729984;0.0023459839999999997;0.002082816;0.0016179200000000001;0.0013926400000000001;0.0010598399999999998;0.001065984;0.0014530559999999999;0.001316864;0.001275904;0.001364992;0.001538048;0.0014192640000000002;0.001247232;0.00103936;0.000990208;0.001155072;0.0007096320000000001;0.000863232;0.000790528;0.0005724160000000001;0.000802816;0.0009441279999999999;0.0008488959999999999;0.0010833919999999999;0.000768;0.0007925759999999999;0.001152;0.0011202559999999998;0.000702464;0.000653312;0.000922624;0.000635904
1787515200,hdr,0.0293;0.03906;0.04883;0.05859;0.06836;0.07813;0.08789;0.09766;0.10742;0.11719;0.12695;0.13672;0.14648;0.15625;0.16602;0.17578;0.18555;0.19531;0.20508;0.21484;0.22461;0.23438;0.24414;0.25391;0.26367;0.27344;0.2832;0.29297;0.30273;0.3125;0.32227;0.33203;0.3418;0.35156;0.36133;0.37109;0.38086;0.39063;0.40039;0.41016;0.41992;0.42969;0.43945;0.44922;0.45898;0.46875;0.47852;0.48828;0.49805;0.50781;0.51758;0.52734;0.53711;0.54688;0.55664;0.56641;0.57617;0.58594;0.5957;0.60547;0.61523;0.625;0.63477;0.64453;0.6543;0.66406;0.67383;0.68359;0.69336;0.70313;0.71289;0.72266;0.73242;0.74219;0.75195;0.76172;0.77148;0.78125;0.79102,0.006861824000000001;0.010930176;0.008942592;0.018734079999999997;0.061108224;0.07642419200000002;0.020622335999999998;0.012477440000000001;0.02325504;0.037152768;0.060171264;0.065603584;0.074164224;0.045739008000000005;0.037597184;0.069559296;0.089949184;0.11351347199999999;0.111849472;0.070125568;0.067252224;0.050968576;0.022842368000000002;0.021940224;0.021393408;0.01131008;0.010136576;0.0060262399999999995;0.004059136;0.00790016;0.008833024;0.006763519999999999;0.003457024;0.002379776;0.0030361600000000004;0.003122176;0.003026944;0.0026296320000000002;0.0029163519999999997;0.0041472;0.0027658239999999996;0.0015103999999999999;0.0017356799999999999;0.00239104;0.0025743360000000004;0.001926144;0.0013260799999999999;0.0017377279999999998;0.00195072;0.0022927360000000005;0.001902592;0.001263616;0.000913408;0.001550336;0.001829888;0.001040384;0.001318912;0.001400832;0.0013342719999999998;0.0015953919999999997;0.001995776;0.002044928;0.0018974719999999999;0.002008064;0.00185344;0.001948672;0.002330624;0.00226816;0.002107392;0.001685504;0.00185344;0.0023818240000000003;0.002405376;0.002855936;0.001989632;0.00144896;0.0015779840000000002;0.001186816;0.000809984
1787516100,hdr,0.0293;0.03906;0.04883;0.05859;0.06836;0.07813;0.08789;0.09766;0.10742;0.11719;0.12695;0.13672;0.14648;0.15625;0.16602;0.17578;0.18555;0.19531;0.20508;0.21484;0.22461;0.23438;0.24414;0.25391;0.26367;0.27344;0.2832;0.29297;0.30273;0.3125;0.32227;0.33203;0.3418;0.35156;0.36133;0.37109;0.38086;0.39063;0.40039;0.41016;0.41992;0.42969;0.43945;0.44922;0.45898;0.46875;0.47852;0.48828;0.49805;0.50781;0.51758;0.52734;0.53711;0.54688;0.55664;0.56641;0.57617;0.58594;0.5957;0.60547;0.61523;0.625;0.63477;0.64453;0.6543;0.66406;0.67383;0.68359;0.69336;0.70313;0.71289;0.72266;0.73242;0.74219;0.75195;0.76172;0.77148;0.78125;0.79102,0.003679232;0.014133248;0.009648128;0.015899648;0.067012608;0.061737983999999996;0.015156224;0.024617984;0.031158272;0.037500928;0.051997695999999996;0.07556505599999999;0.063727616;0.06768128;0.046838784;0.041787392;0.10321817600000001;0.206640128;0.196547584;0.136169472;0.07992729600000001;0.026138624;0.01622016;0.017117184;0.013123583999999999;0.007168;0.006525952;0.005428224000000001;0.009765888;0.00564736;0.006678528;0.007687167999999999;0.00797696;0.006078464;0.00451584;0.003720192;0.0032348159999999997;0.0025108480000000004;0.0023470080000000003;0.0024002560000000004;0.0024330239999999998;0.002262016;0.002030592;0.002244608;0.002113536;0.002543616;0.002183168;0.0014653440000000002;0.001186816;0.001824768;0.001942528;0.002173952;0.00193536;0.0020992000000000003;0.0019169279999999998;0.002092032;0.001519616;0.001601536;0.0019527680000000001;0.002509824;0.0021903359999999998;0.0025139200000000002;0.00335872;0.003858432;0.003505152;0.0038021120000000003;0.0039321600000000005;0.002226176;0.00176128;0.0014940160000000001;0.001501184;0.0010936319999999998;0.001348608;0.001307648;0.001154048;0.00121344;0.000970752;0.001117184;0.00083968
1787517000,hdr,0.0293;0.03906;0.04883;0.05859;0.06836;0.07813;0.08789;0.09766;0.10742;0.11719;0.12695;0.13672;0.14648;0.15625;0.16602;0.17578;0.18555;0.19531;0.20508;0.21484;0.22461;0.23438;0.24414;0.25391;0.26367;0.27344;0.2832;0.29297;0.30273;0.3125;0.32227;0.33203;0.3418;0.35156;0.36133;0.37109;0.38086;0.39063;0.40039;0.41016;0.41992;0.42969;0.43945;0.44922;0.45898;0.46875;0.47852;0.48828;0.49805;0.50781;0.51758;0.52734;0.53711;0.54688;0.55664;0.56641;0.57617;0.58594;0.5957;0.60547;0.61523;0.625;0.63477;0.64453;0.6543;0.66406;0.67383;0.68359;0.69336;0.70313;0.71289;0.72266;0.73242;0.74219;0.75195;0.76172;0.77148;0.78125;0.79102,0.003864576;0.0077465599999999996;0.009672703999999999;0.025908224;0.06611968000000001;0.044614655999999996;0.021475328000000002;0.019221504;0.018188288;0.025337856;0.045969408;0.061493248;0.046843904000000006;0.05399552;0.050518016000000006;0.041505792;0.091999232;0.170323968;0.207727616;0.11450163199999999;0.060583936000000005;0.050945024;0.03912294399999999;0.020573184;0.013303808;0.012193792;0.011626495999999998;0.008666111999999998;0.004813824;0.00694784;0.008206336000000002;0.007282688;0.00362496;0.0037888;0.006347775999999999;0.008843264;0.005075968;0.004298752;0.0036239360000000003;0.0028723200000000003;0.002494464;0.002660352;0.00305664;0.0014940160000000001;0.0016230399999999999;0.002236416;0.001968128;0.0018288640000000001;0.00211456;0.001900544;0.001317888;0.00257024;0.002587648;0.0030412800000000004;0.0027740160000000002;0.002958336;0.0036730879999999997;0.0043980799999999995;0.003557376;0.0021299199999999996;0.002837504;0.0036843519999999997;0.0025978880000000005;0.003347456;0.001968128;0.0017479680000000001;0.002173952;0.001488896;0.001009664;0.001490944;0.001329152;0.001391616;0.0014274560000000001;0.001344512;0.001106944;0.0012113920000000002;0.0011212799999999999;0.0008386559999999999;0.000863232
1787517900,hdr,0.0293;0.03906;0.04883;0.05859;0.06836;0.07813;0.08789;0.09766;0.10742;0.11719;0.12695;0.13672;0.14648;0.15625;0.16602;0.17578;0.18555;0.19531;0.20508;0.21484;0.22461;0.23438;0.24414;0.25391;0.26367;0.27344;0.2832;0.29297;0.30273;0.3125;0.32227;0.33203;0.3418;0.35156;0.36133;0.37109;0.38086;0.39063;0.40039;0.41016;0.41992;0.42969;0.43945;0.44922;0.45898;0.46875;0.47852;0.48828;0.49805;0.50781;0.51758;0.52734;0.53711;0.54688;0.55664;0.56641;0.57617;0.58594;0.5957;0.60547;0.61523;0.625;0.63477;0.64453;0.6543;0.66406;0.67383;0.68359;0.69336;0.70313;0.71289;0.72266;0.73242;0.74219;0.75195;0.76172;0.77148;0.78125;0.79102,0.001931264;0.002036736;0.005265407999999999;0.013279232;0.051018752;0.06144;0.020159488;0.010877952000000001;0.016973824000000002;0.039424;0.058976256000000005;0.082885632;0.07348224;0.028598272;0.03578163200000001;0.02330624;0.040288255999999995;0.131320832;0.13167308800000002;0.06788608;0.046703615999999996;0.033394688;0.024692736;0.01916416;0.017890304;0.016077824;0.015409152;0.015680512;0.01027072;0.006426624000000001;0.00561664;0.005471232;0.003832832;0.003941376;0.004774911999999999;0.004210688;0.0036270079999999997;0.00385536;0.00335872;0.00421888;0.002952192;0.003002368;0.0023807999999999998;0.0016711679999999998;0.00187904;0.001659904;0.001990656;0.002615296;0.002614272;0.002362368;0.002107392;0.002890752;0.003065856;0.002300928;0.00172544;0.002118656;0.002307072;0.002321408;0.0017858560000000002;0.001403904;0.00226816;0.00241152;0.002640896;0.002935808;0.002817024;0.001664;0.00153088;0.0016148479999999999;0.0008386559999999999;0.0009431040000000001;0.0008202239999999999;0.00096768;0.000745472;0.0008304639999999999;0.001004544;0.00107008;0.001092608;0.000731136;0.001108992
1787519700,hdr,0.0293;0.03906;0.04883;0.05859;0.06836;0.07813;0.08789;0.09766;0.10742;0.11719;0.12695;0.13672;0.14648;0.15625;0.16602;0.17578;0.18555;0.19531;0.20508;0.21484;0.22461;0.23438;0.24414;0.25391;0.26367;0.27344;0.2832;0.29297;0.30273;0.3125;0.32227;0.33203;0.3418;0.35156;0.36133;0.37109;0.38086;0.39063;0.40039;0.41016;0.41992;0.42969;0.43945;0.44922;0.45898;0.46875;0.47852;0.48828;0.49805;0.50781;0.51758;0.52734;0.53711;0.54688;0.55664;0.56641;0.57617;0.58594;0.5957;0.60547;0.61523;0.625;0.63477;0.64453;0.6543;0.66406;0.67383;0.68359;0.69336;0.70313;0.71289;0.72266;0.73242;0.74219;0.75195;0.76172;0.77148;0.78125;0.79102,0.00167424;0.003241984;0.005853183999999999;0.015834112;0.08141926399999999;0.073663488;0.019134464;0.013200384;0.015688704;0.042213376;0.04573696000000001;0.072438784;0.08255487999999998;0.067110912;0.035895296;0.025032704;0.056710144;0.094247936;0.130941952;0.128304128;0.101491712;0.050648064;0.022608896;0.023773184000000003;0.013083648000000002;0.011668480000000002;0.011063295999999999;0.012452864;0.010681343999999999;0.007858176;0.010375167999999999;0.007985152;0.005822464;0.008459264;0.008024064;0.005364736;0.00514048;0.004647936;0.0034816;0.002004992;0.0013905920000000002;0.0014991359999999999;0.002679808;0.002722816;0.00196096;0.002386944;0.0022394880000000004;0.001999872;0.001913856;0.0011509760000000002;0.001349632;0.0015144960000000002;0.002586624;0.00188928;0.001645568;0.0018575360000000001;0.0023439359999999996;0.002131968;0.002577408;0.002700288;0.001922048;0.001330176;0.0015616000000000002;0.001312768;0.00141824;0.0012994559999999998;0.001084416;0.0009431040000000001;0.0007946240000000001;0.001035264;0.000924672;0.001053696;0.0009256959999999999;0.000738304;0.000466944;0.000371712;0.000475136;0.000444416;0.000510976
1787520600,hdr,0.0293;0.03906;0.04883;0.05859;0.06836;0.07813;0.08789;0.09766;0.10742;0.11719;0.12695;0.13672;0.14648;0.15625;0.16602;0.17578;0.18555;0.19531;0.20508;0.21484;0.22461;0.23438;0.24414;0.25391;0.26367;0.27344;0.2832;0.29297;0.30273;0.3125;0.32227;0.33203;0.3418;0.35156;0.36133;0.37109;0.38086;0.39063;0.40039;0.41016;0.41992;0.42969;0.43945;0.44922;0.45898;0.46875;0.47852;0.48828;0.49805;0.50781;0.51758;0.52734;0.53711;0.54688;0.55664;0.56641;0.57617;0.58594;0.5957;0.60547;0.61523;0.625;0.63477;0.64453;0.6543;0.66406;0.67383;0.68359;0.69336;0.70313;0.71289;0.72266;0.73242;0.74219;0.75195;0.76172;0.77148;0.78125;0.79102,0.003699712;0.005343232;0.004660224;0.013743104;0.068079616;0.09152819200000001;0.037137408000000004;0.026955776;0.038592512;0.045334528;0.067777536;0.082934784;0.081234944;0.052535296;0.041778176;0.038004736000000004;0.039172096;0.060589055999999995;0.096323584;0.077640704;0.088819712;0.069578752;0.053001216000000004;0.042274816;0.022674432;0.022131711999999998;0.01169408;0.008914944;0.011076608;0.008062976000000001;0.008459264;0.00661504;0.006251520000000001;0.004704256;0.0031139839999999998;0.0037396479999999995;0.005286912;0.005295104;0.0036505599999999997;0.003459072;0.002604032;0.003160064;0.0024299520000000004;0.002577408;0.0031027200000000002;0.00275456;0.002874368;0.0021964800000000002;0.0021411840000000004;0.0024494079999999997;0.00187392;0.001267712;0.00113152;0.001928192;0.002084864;0.001472512;0.001108992;0.002390016;0.0018882559999999998;0.001420288;0.0012687360000000001;0.002161664;0.001668096;0.001103872;0.001426432;0.00153088;0.0011970559999999997;0.0009727999999999999;0.0005877759999999999;0.0009830400000000001;0.0010762240000000002;0.001181696;0.00115712;0.001232896;0.000816128;0.000878592;0.00092672;0.000712704;0.000644096
1787521500,hdr,0.0293;0.03906;0.04883;0.05859;0.06836;0.07813;0.08789;0.09766;0.10742;0.11719;0.12695;0.13672;0.14648;0.15625;0.16602;0.17578;0.18555;0.19531;0.20508;0.21484;0.22461;0.23438;0.24414;0.25391;0.26367;0.27344;0.2832;0.29297;0.30273;0.3125;0.32227;0.33203;0.3418;0.35156;0.36133;0.37109;0.38086;0.39063;0.40039;0.41016;0.41992;0.42969;0.43945;0.44922;0.45898;0.46875;0.47852;0.48828;0.49805;0.50781;0.51758;0.52734;0.53711;0.54688;0.55664;0.56641;0.57617;0.58594;0.5957;0.60547;0.61523;0.625;0.63477;0.64453;0.6543;0.66406;0.67383;0.68359;0.69336;0.70313;0.71289;0.72266;0.73242;0.74219;0.75195;0.76172;0.77148;0.78125;0.79102,0.0012544;0.0012789759999999998;0.001810432;0.010633216;0.05649305600000001;0.07574528;0.030643200000000002;0.024892416;0.029121536;0.03411968;0.052851712;0.067827712;0.08684236799999999;0.07080447999999999;0.045628416000000005;0.028377087999999998;0.030670847999999997;0.061294592;0.096284672;0.12127027200000001;0.0915968;0.05765120000000001;0.049076224;0.036887552;0.027342848000000003;0.016646144;0.010336256000000002;0.010768384;0.006304768;0.007615488;0.006627328;0.0066304;0.006033408;0.003975168;0.00489472;0.005169152;0.0027402240000000003;0.002102272;0.0037683200000000003;0.00410112;0.0031426559999999997;0.00287744;0.002689024;0.002927616;0.002491392;0.0025989119999999997;0.002405376;0.0023848959999999996;0.002387968;0.00302592;0.002363392;0.0018155520000000002;0.0013199359999999999;0.001021952;0.001184768;0.001436672;0.001523712;0.0019527680000000001;0.001678336;0.001477632;0.001161216;0.00134144;0.00135168;0.0009205759999999999;0.000592896;0.000654336;0.0009605120000000001;0.000970752;0.000927744;0.000879616;0.0007249919999999999;0.000607232;0.0006963200000000001;0.00046592000000000004;0.000418816;0.000531456;0.00041984;0.00027340799999999994;0.000390144
1787522400,hdr,0.0293;0.03906;0.04883;0.05859;0.06836;0.07813;0.08789;0.09766;0.10742;0.11719;0.12695;0.13672;0.14648;0.15625;0.16602;0.17578;0.18555;0.19531;0.20508;0.21484;0.22461;0.23438;0.24414;0.25391;0.26367;0.27344;0.2832;0.29297;0.30273;0.3125;0.32227;0.33203;0.3418;0.35156;0.36133;0.37109;0.38086;0.39063;0.40039;0.41016;0.41992;0.42969;0.43945;0.44922;0.45898;0.46875;0.47852;0.48828;0.49805;0.50781;0.51758;0.52734;0.53711;0.54688;0.55664;0.56641;0.57617;0.58594;0.5957;0.60547;0.61523;0.625;0.63477;0.64453;0.6543;0.66406;0.67383;0.68359;0.69336;0.70313;0.71289;0.72266;0.73242;0.74219;0.75195;0.76172;0.77148;0.78125;0.79102,0.0013557760000000002;0.001984512;0.0022702079999999997;0.014612479999999999;0.07403929599999999;0.105315328;0.033548288;0.029252608;0.037942272000000006;0.034574336000000004;0.026184704000000003;0.041698304000000005;0.059897856;0.050633727999999996;0.042157056;0.028786688;0.033449984;0.097746944;0.08254976000000001;0.06942617599999999;0.064351232;0.0544512;0.033270784;0.028084223999999998;0.024351743999999998;0.029609984;0.020006912;0.010702848;0.008302592000000001;0.008970239999999999;0.008749055999999998;0.0048128;0.0028344320000000004;0.004581375999999999;0.003324928;0.004260864;0.0031969280000000004;0.00237568;0.0021985280000000004;0.002366464;0.001717248;0.001680384;0.0017663999999999998;0.003347456;0.0049080320000000005;0.003115008;0.001531904;0.001472512;0.0024391680000000002;0.0018483199999999999;0.0015769599999999999;0.000919552;0.001446912;0.0017725439999999998;0.001373184;0.0017152;0.0015687680000000001;0.001486848;0.001476608;0.001504256;0.001557504;0.001508352;0.0014827520000000002;0.001297408;0.001122304;0.0005877759999999999;0.000510976;0.00105472;0.0009400319999999999;0.000544768;0.000393216;0.0005580800000000001;0.0007137280000000001;0.000630784;0.000352256;0.00043827199999999997;0.000483328;0.000318464;0.00045056
1787523300,hdr,0.0293;0.03906;0.04883;0.05859;0.06836;0.07813;0.08789;0.09766;0.10742;0.11719;0.12695;0.13672;0.14648;0.15625;0.16602;0.17578;0.18555;0.19531;0.20508;0.21484;0.22461;0.23438;0.24414;0.25391;0.26367;0.27344;0.2832;0.29297;0.30273;0.3125;0.32227;0.33203;0.3418;0.35156;0.36133;0.37109;0.38086;0.39063;0.40039;0.41016;0.41992;0.42969;0.43945;0.44922;0.45898;0.46875;0.47852;0.48828;0.49805;0.50781;0.51758;0.52734;0.53711;0.54688;0.55664;0.56641;0.57617;0.58594;0.5957;0.60547;0.61523;0.625;0.63477;0.64453;0.6543;0.66406;0.67383;0.68359;0.69336;0.70313;0.71289;0.72266;0.73242;0.74219;0.75195;0.76172;0.77148;0.78125;0.79102,1.8432000000000002e-05;0.0006225919999999999;0.003390464;0.008119296;0.056835072;0.08400588799999999;0.019898368000000003;0.016653311999999997;0.016884736;0.02522624;0.040090624;0.054529023999999995;0.067561472;0.054458368;0.053639168;0.036869120000000005;0.03945472;0.051892224;0.09728;0.12449689600000001;0.106418176;0.09502822399999998;0.072774656;0.04295884800000001;0.021294080000000003;0.023141376;0.024630272;0.010743807999999999;0.0077393919999999995;0.007471104;0.005481471999999999;0.006311936000000001;0.0039649279999999995;0.00285696;0.003241984;0.003375104;0.003913728;0.004914176;0.003325952;0.002686976;0.003277824;0.0034037760000000003;0.0034181119999999996;0.0021196799999999997;0.0016179200000000001;0.001490944;0.0016977919999999998;0.002113536;0.00177152;0.0008366080000000001;0.001685504;0.001885184;0.0016936960000000002;0.001572864;0.001548288;0.001102848;0.000889856;0.00137728;0.001113088;0.001063936;0.0014376960000000002;0.0014878720000000001;0.00135168;0.001168384;0.000780288;0.0007137280000000001;0.0005734399999999999;0.0006963200000000001;0.00080384;0.000515072;0.000694272;0.0005304320000000001;0.000241664;0.000408576;0.000282624;0.00042291200000000006;0.000395264;0.0005857280000000001;0.00050176
1787524200,hdr,0.0293;0.03906;0.04883;0.05859;0.06836;0.07813;0.08789;0.09766;0.10742;0.11719;0.12695;0.13672;0.14648;0.15625;0.16602;0.17578;0.18555;0.19531;0.20508;0.21484;0.22461;0.23438;0.24414;0.25391;0.26367;0.27344;0.2832;0.29297;0.30273;0.3125;0.32227;0.33203;0.3418;0.35156;0.36133;0.37109;0.38086;0.39063;0.40039;0.41016;0.41992;0.42969;0.43945;0.44922;0.45898;0.46875;0.47852;0.48828;0.49805;0.50781;0.51758;0.52734;0.53711;0.54688;0.55664;0.56641;0.57617;0.58594;0.5957;0.60547;0.61523;0.625;0.63477;0.64453;0.6543;0.66406;0.67383;0.68359;0.69336;0.70313;0.71289;0.72266;0.73242;0.74219;0.75195;0.76172;0.77148;0.78125;0.79102,0.0022015999999999997;0.0018421759999999998;0.002003968;0.009274368;0.037791744;0.099897344;0.040894464;0.023672831999999998;0.032625664;0.044954624000000006;0.059183104;0.07527526400000001;0.065564672;0.075137024;0.073961472;0.03479552;0.037720064;0.032068608;0.060380159999999995;0.068443136;0.078257152;0.047390720000000004;0.036091904;0.040369152;0.020636672000000002;0.014329856;0.011972608;0.014454784;0.01601536;0.007023616;0.00635904;0.006493184;0.005144576;0.004562943999999999;0.00668672;0.005564415999999999;0.004525056;0.003282944;0.00356352;0.00244736;0.001232896;0.001716224;0.0025364479999999997;0.0020756480000000002;0.002055168;0.002922496;0.002638848;0.0020746239999999997;0.0022067199999999997;0.001887232;0.001282048;0.002349056;0.0026060799999999998;0.0024494079999999997;0.002112512;0.001910784;0.0021944319999999996;0.001536;0.001536;0.001253376;0.001226752;0.00115712;0.00093696;0.001024;0.001086464;0.00082432;0.000717824;0.000897024;0.0004986880000000001;0.000524288;0.0005898240000000001;0.000566272;0.0006912;0.000768;0.0005888;0.000382976;0.000490496;0.000520192;0.000456704
1787525100,hdr,0.0293;0.03906;0.04883;0.05859;0.06836;0.07813;0.08789;0.09766;0.10742;0.11719;0.12695;0.13672;0.14648;0.15625;0.16602;0.17578;0.18555;0.19531;0.20508;0.21484;0.22461;0.23438;0.24414;0.25391;0.26367;0.27344;0.2832;0.29297;0.30273;0.3125;0.32227;0.33203;0.3418;0.35156;0.36133;0.37109;0.38086;0.39063;0.40039;0.41016;0.41992;0.42969;0.43945;0.44922;0.45898;0.46875;0.47852;0.48828;0.49805;0.50781;0.51758;0.52734;0.53711;0.54688;0.55664;0.56641;0.57617;0.58594;0.5957;0.60547;0.61523;0.625;0.63477;0.64453;0.6543;0.66406;0.67383;0.68359;0.69336;0.70313;0.71289;0.72266;0.73242;0.74219;0.75195;0.76172;0.77148;0.78125;0.79102,0.002052096;0.0028876799999999997;0.0031027200000000002;0.016754688;0.100310016;0.164660224;0.044208128000000006;0.017752064;0.024059904;0.023023616;0.034960384;0.053706752;0.100027392;0.06641664;0.047463424000000004;0.037834752;0.038320127999999995;0.041387008;0.07444275199999999;0.066537472;0.065563648;0.064241664;0.059630591999999996;0.04980940799999999;0.031997952;0.02062848;0.014159871999999999;0.007061504;0.008833024;0.00659456;0.007437312000000001;0.008385536;0.004887552000000001;0.004481023999999999;0.00391168;0.003852288;0.0039321600000000005;0.003708928;0.002766848;0.002637824;0.0038932479999999998;0.00339456;0.001887232;0.002573312;0.0024924160000000003;0.0022886399999999998;0.002746368;0.0031907839999999995;0.002817024;0.0022374400000000003;0.001604608;0.002306048;0.001995776;0.0017725439999999998;0.0015687680000000001;0.0018974719999999999;0.001846272;0.000915456;0.0014745600000000002;0.001084416;0.00075264;0.000789504;0.0007557120000000001;0.000601088;0.00050176;0.000441344;0.000432128;0.00041062399999999995;0.000344064;0.000398336;0.000387072;0.0003072;0.00039628799999999996;0.00029900799999999997;0.00031232;0.00040243200000000004;0.00046284799999999997;0.00036864000000000005;0.00032256
1787526000,hdr,0.0293;0.03906;0.04883;0.05859;0.06836;0.07813;0.08789;0.09766;0.10742;0.11719;0.12695;0.13672;0.14648;0.15625;0.16602;0.17578;0.18555;0.19531;0.20508;0.21484;0.22461;0.23438;0.24414;0.25391;0.26367;0.27344;0.2832;0.29297;0.30273;0.3125;0.32227;0.33203;0.3418;0.35156;0.36133;0.37109;0.38086;0.39063;0.40039;0.41016;0.41992;0.42969;0.43945;0.44922;0.45898;0.46875;0.47852;0.48828;0.49805;0.50781;0.51758;0.52734;0.53711;0.54688;0.55664;0.56641;0.57617;0.58594;0.5957;0.60547;0.61523;0.625;0.63477;0.64453;0.6543;0.66406;0.67383;0.68359;0.69336;0.70313;0.71289;0.72266;0.73242;0.74219;0.75195;0.76172;0.77148;0.78125;0.79102,0.000950272;0.001348608;0.0015769599999999999;0.012174336000000001;0.057626623999999994;0.10822451200000001;0.053134336;0.020917248;0.027692032000000002;0.028972031999999998;0.061415423999999996;0.077915136;0.063320064;0.053485568;0.060366848;0.055629824;0.037123072;0.043302912;0.070658048;0.064380928;0.042037248;0.070925312;0.07772876799999999;0.045981695999999996;0.034291712;0.028918784;0.014589952000000002;0.011445248;0.008242176000000002;0.00822784;0.008139776;0.006408192;0.0026490879999999995;0.004099072;0.004685824000000001;0.0034867200000000004;0.002149376;0.001806336;0.002530304;0.002316288;0.00278016;0.002962432;0.0033638400000000003;0.002192384;0.001297408;0.0022968320000000004;0.0027740160000000002;0.00246784;0.0018841600000000002;0.002116608;0.002308096;0.0017131520000000001;0.0012113920000000002;0.001544192;0.001885184;0.00176128;0.001695744;0.001837056;0.0015063040000000002;0.0014786559999999999;0.0010813440000000001;0.0006891520000000001;0.000995328;0.0009943039999999999;0.0005857280000000001;0.000852992;0.00088064;0.000837632;0.000653312;0.0005754880000000001;0.000745472;0.000781312;0.0008345599999999999;0.000628736;0.000351232;0.00036454399999999996;0.000385024;0.00029081600000000006;0.00030105599999999996
1787526900,hdr,0.0293;0.03906;0.04883;0.05859;0.06836;0.07813;0.08789;0.09766;0.10742;0.11719;0.12695;0.13672;0.14648;0.15625;0.16602;0.17578;0.18555;0.19531;0.20508;0.21484;0.22461;0.23438;0.24414;0.25391;0.26367;0.27344;0.2832;0.29297;0.30273;0.3125;0.32227;0.33203;0.3418;0.35156;0.36133;0.37109;0.38086;0.39063;0.40039;0.41016;0.41992;0.42969;0.43945;0.44922;0.45898;0.46875;0.47852;0.48828;0.49805;0.50781;0.51758;0.52734;0.53711;0.54688;0.55664;0.56641;0.57617;0.58594;0.5957;0.60547;0.61523;0.625;0.63477;0.64453;0.6543;0.66406;0.67383;0.68359;0.69336;0.70313;0.71289;0.72266;0.73242;0.74219;0.75195;0.76172;0.77148;0.78125;0.79102,0.00108544;0.00134656;0.00239616;0.007731200000000001;0.09173708800000001;0.203777024;0.060980224;0.020766720000000002;0.025311232;0.029341696;0.049205248;0.057468928;0.060998656;0.07821209600000001;0.040462336;0.019272704;0.036525056;0.05726207999999999;0.056957952;0.0608768;0.09472204799999999;0.066803712;0.050170879999999994;0.04237312;0.05233664;0.031978496;0.02197504;0.018567168;0.010119168;0.0096768;0.008521728;0.009640959999999999;0.011060224;0.00907264;0.003683328;0.004108288;0.0032256;0.003161088;0.0034027519999999998;0.004764671999999999;0.0029429759999999995;0.0028487680000000002;0.00300544;0.003007488;0.0036085759999999996;0.004235264;0.0034908160000000003;0.001711104;0.0023439359999999996;0.0033044479999999998;0.002506752;0.001744896;0.001631232;0.001906688;0.001885184;0.0011796480000000002;0.00100352;0.000889856;0.000717824;0.000525312;0.000800768;0.001229824;0.001041408;0.001098752;0.0008765439999999999;0.0009400319999999999;0.000526336;0.0005877759999999999;0.0006656;0.00048639999999999995;0.00042598399999999997;0.000347136;0.000386048;0.000395264;0.000393216;0.000241664;0.00018739199999999998;0.000233472;0.000257024
1787527800,hdr,0.0293;0.03906;0.04883;0.05859;0.06836;0.07813;0.08789;0.09766;0.10742;0.11719;0.12695;0.13672;0.14648;0.15625;0.16602;0.17578;0.18555;0.19531;0.20508;0.21484;0.22461;0.23438;0.24414;0.25391;0.26367;0.27344;0.2832;0.29297;0.30273;0.3125;0.32227;0.33203;0.3418;0.35156;0.36133;0.37109;0.38086;0.39063;0.40039;0.41016;0.41992;0.42969;0.43945;0.44922;0.45898;0.46875;0.47852;0.48828;0.49805;0.50781;0.51758;0.52734;0.53711;0.54688;0.55664;0.56641;0.57617;0.58594;0.5957;0.60547;0.61523;0.625;0.63477;0.64453;0.6543;0.66406;0.67383;0.68359;0.69336;0.70313;0.71289;0.72266;0.73242;0.74219;0.75195;0.76172;0.77148;0.78125;0.79102,0.000459776;0.0010680320000000002;0.001035264;0.010672128000000001;0.04840447999999999;0.09183744;0.046757888;0.020235264;0.032606208000000005;0.05136384;0.043393023999999995;0.06892032000000001;0.061407232000000006;0.067392512;0.033146880000000004;0.036298752000000004;0.04474368;0.056146944;0.059593728;0.058560512;0.070065152;0.07116390400000001;0.052987904;0.053266432;0.022110208;0.016778240000000003;0.016528383999999997;0.01522176;0.011930623999999999;0.009486336;0.007158784;0.006605824000000001;0.005854208;0.007036928;0.004346879999999999;0.00533504;0.005170175999999999;0.002176;0.003272704;0.0036433919999999996;0.001865728;0.00222208;0.002605056;0.003398656;0.0039700479999999995;0.0030750720000000003;0.003621888;0.00361984;0.002665472;0.001816576;0.00152576;0.001983488;0.002208768;0.002081792;0.001507328;0.0014274560000000001;0.00193024;0.0019251199999999998;0.001583104;0.001572864;0.00153088;0.001035264;0.001119232;0.0009717759999999999;0.000978944;0.00090624;0.001061888;0.00087552;0.0006041600000000001;0.0005867520000000001;0.000518144;0.00033689599999999994;0.00043827199999999997;0.00050176;0.000502784;0.00047616000000000005;0.00017715200000000003;0.00036352;0.000275456
1787528700,hdr,0.0293;0.03906;0.04883;0.05859;0.06836;0.07813;0.08789;0.09766;0.10742;0.11719;0.12695;0.13672;0.14648;0.15625;0.16602;0.17578;0.18555;0.19531;0.20508;0.21484;0.22461;0.23438;0.24414;0.25391;0.26367;0.27344;0.2832;0.29297;0.30273;0.3125;0.32227;0.33203;0.3418;0.35156;0.36133;0.37109;0.38086;0.39063;0.40039;0.41016;0.41992;0.42969;0.43945;0.44922;0.45898;0.46875;0.47852;0.48828;0.49805;0.50781;0.51758;0.52734;0.53711;0.54688;0.55664;0.56641;0.57617;0.58594;0.5957;0.60547;0.61523;0.625;0.63477;0.64453;0.6543;0.66406;0.67383;0.68359;0.69336;0.70313;0.71289;0.72266;0.73242;0.74219;0.75195;0.76172;0.77148;0.78125;0.79102,0.000269312;0.001755136;0.003270656;0.00125952;0.034987008;0.145675264;0.055804928;0.019139583999999998;0.014013439999999999;0.020598784;0.026681344000000003;0.055689216;0.06972108799999999;0.046086144;0.021562368;0.021566464;0.051434496;0.041308160000000003;0.040466432000000004;0.061945856;0.06117376;0.062120959999999996;0.05895168;0.05067366400000001;0.042540032;0.025539584000000004;0.020966400000000003;0.016802815999999998;0.017350656;0.015490048000000001;0.012079103999999998;0.010170368;0.007894016;0.004498432;0.004215808;0.0037048320000000004;0.003014656;0.003068928;0.00306176;0.002948096;0.003442688;0.002837504;0.0030033919999999997;0.0027320319999999997;0.00230912;0.001777664;0.0011243520000000001;0.00103936;0.001410048;0.001563648;0.0014028799999999998;0.001156096;0.001265664;0.001234944;0.001503232;0.001021952;0.001155072;0.00105472;0.000894976;0.00076288;0.000579584;0.0010465279999999997;0.0009359360000000001;0.000550912;0.0005601279999999999;0.0010608640000000001;0.00080384;0.000544768;0.0005406720000000001;0.0008488959999999999;0.000703488;0.000690176;0.000694272;0.000458752;0.000274432;0.00031744;0.000319488;0.000387072;0.00044544
