Epoch Time,Processing Source,f,varianceDensity
1774224000,hdr,0.0293;0.03906;0.04883;0.05859;0.06836;0.07813;0.08789;0.09766;0.10742;0.11719;0.12695;0.13672;0.14648;0.15625;0.16602;0.17578;0.18555;0.19531;0.20508;0.21484;0.22461;0.23438;0.24414;0.25391;0.26367;0.27344;0.2832;0.29297;0.30273;0.3125;0.32227;0.33203;0.3418;0.35156;0.36133;0.37109;0.38086;0.39063;0.40039;0.41016;0.41992;0.42969;0.43945;0.44922;0.45898;0.46875;0.47852;0.48828;0.49805;0.50781;0.51758;0.52734;0.53711;0.54688;0.55664;0.56641;0.57617;0.58594;0.5957;0.60547;0.61523;0.625;0.63477;0.64453;0.6543;0.66406;0.67383;0.68359;0.69336;0.70313;0.71289;0.72266;0.73242;0.74219;0.75195;0.76172;0.77148;0.78125;0.79102,0.003733504;0.011040768;0.01816576;0.014035968000000001;0.01706496;0.013971456;0.022413312;0.044399616;0.09117695999999999;0.165423104;0.20429824;0.21803008;0.42955264000000004;0.5633802240000001;0.407257088;0.300911616;0.273021952;0.23490867199999999;0.209793024;0.2354176;0.17712947199999998;0.13143552;0.14977024;0.11928166400000001;0.12489728;0.09759744000000001;0.063644672;0.062030848;0.081366016;0.08372531200000001;0.053129216;0.04471808;0.039894016000000004;0.033417216;0.03231232;0.033576959999999996;0.032529407999999996;0.031100928;0.020426752;0.020332543999999998;0.018871296000000003;0.01147392;0.013444095999999999;0.010795008;0.008390656;0.009626624;0.011014144;0.008006656;0.007548928;0.0067604480000000005;0.004795392;0.009450496;0.008368128;0.005459968;0.004262912000000001;0.004320256;0.004845568000000001;0.004298752;0.0041809920000000006;0.003325952;0.002226176;0.001989632;0.0032194560000000003;0.003687424;0.003606528;0.002291712;0.002588672;0.003667968;0.002787328;0.002236416;0.002579456;0.0020797439999999997;0.0024811519999999995;0.0019251199999999998;0.0017377279999999998;0.001790976;0.0019128320000000002;0.0015697920000000002;0.0015206400000000002
1774224900,hdr,0.0293;0.03906;0.04883;0.05859;0.06836;0.07813;0.08789;0.09766;0.10742;0.11719;0.12695;0.13672;0.14648;0.15625;0.16602;0.17578;0.18555;0.19531;0.20508;0.21484;0.22461;0.23438;0.24414;0.25391;0.26367;0.27344;0.2832;0.29297;0.30273;0.3125;0.32227;0.33203;0.3418;0.35156;0.36133;0.37109;0.38086;0.39063;0.40039;0.41016;0.41992;0.42969;0.43945;0.44922;0.45898;0.46875;0.47852;0.48828;0.49805;0.50781;0.51758;0.52734;0.53711;0.54688;0.55664;0.56641;0.57617;0.58594;0.5957;0.60547;0.61523;0.625;0.63477;0.64453;0.6543;0.66406;0.67383;0.68359;0.69336;0.70313;0.71289;0.72266;0.73242;0.74219;0.75195;0.76172;0.77148;0.78125;0.79102,0.0023347199999999998;0.003373056;0.015290368;0.019278848;0.014580736;0.033399807999999996;0.026568704000000002;0.045130752;0.07896064;0.133880832;0.20273664;0.309434368;0.42360832;0.528369664;0.50668544;0.334705664;0.378099712;0.393680896;0.249281536;0.174876672;0.168607744;0.18347212799999998;0.157005824;0.115137536;0.12581376;0.115808256;0.102742016;0.06576230400000001;0.060485632000000004;0.04862464;0.03623731200000001;0.035010559999999996;0.045956096;0.043915264;0.020106239999999997;0.023523327999999996;0.028720128;0.016335871999999998;0.010475519999999999;0.011218944000000002;0.01616896;0.022499328;0.019153919999999998;0.021144576;0.016761856000000002;0.013679616;0.01260544;0.008623104;0.00719872;0.008816639999999999;0.009574400000000002;0.007605247999999999;0.004514816;0.005994496;0.007731200000000001;0.005174272;0.004299776;0.003375104;0.0025610240000000003;0.003013632;0.0034027519999999998;0.003670016;0.0033382399999999997;0.002640896;0.003216384;0.004339712;0.002996224;0.001294336;0.001426432;0.001929216;0.001564672;0.00169472;0.002707456;0.001563648;0.0009830400000000001;0.0010598399999999998;0.0007106559999999999;0.000702464;0.000985088
1774225800,hdr,0.0293;0.03906;0.04883;0.05859;0.06836;0.07813;0.08789;0.09766;0.10742;0.11719;0.12695;0.13672;0.14648;0.15625;0.16602;0.17578;0.18555;0.19531;0.20508;0.21484;0.22461;0.23438;0.24414;0.25391;0.26367;0.27344;0.2832;0.29297;0.30273;0.3125;0.32227;0.33203;0.3418;0.35156;0.36133;0.37109;0.38086;0.39063;0.40039;0.41016;0.41992;0.42969;0.43945;0.44922;0.45898;0.46875;0.47852;0.48828;0.49805;0.50781;0.51758;0.52734;0.53711;0.54688;0.55664;0.56641;0.57617;0.58594;0.5957;0.60547;0.61523;0.625;0.63477;0.64453;0.6543;0.66406;0.67383;0.68359;0.69336;0.70313;0.71289;0.72266;0.73242;0.74219;0.75195;0.76172;0.77148;0.78125;0.79102,0.004348928;0.015761408;0.029964288000000002;0.024958975999999997;0.015149056000000001;0.014816256;0.015451136;0.058950656000000004;0.127745024;0.14375526400000002;0.17714790400000002;0.240278528;0.6268774399999999;0.799423488;0.49721241600000005;0.36106035200000003;0.366148608;0.26127872;0.269400064;0.18775756799999999;0.154508288;0.107507712;0.10763776;0.10069811199999999;0.12118937599999999;0.123388928;0.07696384;0.06957772799999999;0.07942553599999999;0.065011712;0.044741632;0.037251072;0.037100544;0.022944768;0.024041471999999998;0.030524416;0.044356608;0.043722752000000004;0.026073088;0.021849088;0.020611072;0.012602368000000001;0.012933120000000001;0.016144383999999998;0.013737984;0.010847232;0.011369472;0.006721536;0.0063150079999999996;0.006448128;0.006288384;0.004461567999999999;0.005466112;0.005972991999999999;0.00381952;0.00470528;0.005081088000000001;0.002407424;0.0022835200000000003;0.0028723200000000003;0.003163136;0.00303104;0.002976768;0.003006464;0.003400704;0.002207744;0.0021944319999999996;0.002184192;0.0017602560000000002;0.001509376;0.002502656;0.0021411840000000004;0.001429504;0.00141312;0.00167936;0.0014991359999999999;0.00090624;0.000577536;0.000978944
1774226700,hdr,0.0293;0.03906;0.04883;0.05859;0.06836;0.07813;0.08789;0.09766;0.10742;0.11719;0.12695;0.13672;0.14648;0.15625;0.16602;0.17578;0.18555;0.19531;0.20508;0.21484;0.22461;0.23438;0.24414;0.25391;0.26367;0.27344;0.2832;0.29297;0.30273;0.3125;0.32227;0.33203;0.3418;0.35156;0.36133;0.37109;0.38086;0.39063;0.40039;0.41016;0.41992;0.42969;0.43945;0.44922;0.45898;0.46875;0.47852;0.48828;0.49805;0.50781;0.51758;0.52734;0.53711;0.54688;0.55664;0.56641;0.57617;0.58594;0.5957;0.60547;0.61523;0.625;0.63477;0.64453;0.6543;0.66406;0.67383;0.68359;0.69336;0.70313;0.71289;0.72266;0.73242;0.74219;0.75195;0.76172;0.77148;0.78125;0.79102,0.008374271999999999;0.015648768;0.014129152;0.019356672;0.022905856;0.018115584;0.023937024;0.045643776000000004;0.10217369600000001;0.12200448;0.164158464;0.254784512;0.44513689599999995;0.436721664;0.408446976;0.3994112;0.303133696;0.238155776;0.25784729599999995;0.23932723200000003;0.19767091199999998;0.276944896;0.227446784;0.109196288;0.08679219199999999;0.104101888;0.049502208000000006;0.071161856;0.08411340800000001;0.07788236800000001;0.034256896;0.020738048;0.02672128;0.032691200000000004;0.028669952;0.026150912000000002;0.021102592;0.013858816;0.011415551999999999;0.016256;0.010826752;0.016551936000000003;0.012110848;0.013301760000000001;0.011490304;0.007207936;0.009014272;0.0054855680000000006;0.005444607999999999;0.005959679999999999;0.004438016;0.00410624;0.003154944;0.004457472;0.00415744;0.0037550080000000002;0.0026480640000000003;0.0017152;0.002444288;0.002847744;0.002807808;0.0022702079999999997;0.002722816;0.0025200640000000002;0.002618368;0.003600384;0.002336768;0.0022906879999999995;0.0021903359999999998;0.001695744;0.001302528;0.00176128;0.001682432;0.001309696;0.0008519679999999999;0.0007137280000000001;0.000590848;0.0006656;0.000857088
1774227600,hdr,0.0293;0.03906;0.04883;0.05859;0.06836;0.07813;0.08789;0.09766;0.10742;0.11719;0.12695;0.13672;0.14648;0.15625;0.16602;0.17578;0.18555;0.19531;0.20508;0.21484;0.22461;0.23438;0.24414;0.25391;0.26367;0.27344;0.2832;0.29297;0.30273;0.3125;0.32227;0.33203;0.3418;0.35156;0.36133;0.37109;0.38086;0.39063;0.40039;0.41016;0.41992;0.42969;0.43945;0.44922;0.45898;0.46875;0.47852;0.48828;0.49805;0.50781;0.51758;0.52734;0.53711;0.54688;0.55664;0.56641;0.57617;0.58594;0.5957;0.60547;0.61523;0.625;0.63477;0.64453;0.6543;0.66406;0.67383;0.68359;0.69336;0.70313;0.71289;0.72266;0.73242;0.74219;0.75195;0.76172;0.77148;0.78125;0.79102,0.0075171840000000005;0.01133056;0.014111744;0.014844928;0.014656511999999998;0.017612799999999998;0.016151552;0.04844543999999999;0.114812928;0.142317568;0.16942796799999998;0.27710156799999996;0.457356288;0.491865088;0.52014592;0.39328768000000003;0.185152512;0.231483392;0.254692352;0.206434304;0.12048588800000001;0.10314137599999999;0.14054195200000003;0.10066739200000001;0.098407424;0.09313996799999999;0.073424896;0.05855334400000001;0.0668416;0.042399743999999996;0.024967168;0.024773631999999997;0.022975488;0.022151168;0.016681984;0.023753727999999998;0.022667264;0.024976383999999997;0.016976896000000002;0.015525888000000002;0.011699199999999998;0.010374144;0.007172095999999999;0.006107135999999999;0.004978688;0.0063150079999999996;0.009113600000000001;0.010329088;0.007575551999999999;0.0051599359999999995;0.0040796159999999995;0.005265407999999999;0.0029255680000000004;0.002601984;0.0029184000000000002;0.0022640639999999997;0.0035368960000000003;0.002973696;0.002055168;0.001619968;0.0022927360000000005;0.00136192;0.0013783040000000001;0.001446912;0.0010598399999999998;0.0016916480000000002;0.001636352;0.001294336;0.00110592;0.001928192;0.00203264;0.0016916480000000002;0.0012369920000000001;0.0005703679999999999;0.000785408;0.000898048;0.001149952;0.0012113920000000002;0.0006912
1774228500,hdr,0.0293;0.03906;0.04883;0.05859;0.06836;0.07813;0.08789;0.09766;0.10742;0.11719;0.12695;0.13672;0.14648;0.15625;0.16602;0.17578;0.18555;0.19531;0.20508;0.21484;0.22461;0.23438;0.24414;0.25391;0.26367;0.27344;0.2832;0.29297;0.30273;0.3125;0.32227;0.33203;0.3418;0.35156;0.36133;0.37109;0.38086;0.39063;0.40039;0.41016;0.41992;0.42969;0.43945;0.44922;0.45898;0.46875;0.47852;0.48828;0.49805;0.50781;0.51758;0.52734;0.53711;0.54688;0.55664;0.56641;0.57617;0.58594;0.5957;0.60547;0.61523;0.625;0.63477;0.64453;0.6543;0.66406;0.67383;0.68359;0.69336;0.70313;0.71289;0.72266;0.73242;0.74219;0.75195;0.76172;0.77148;0.78125;0.79102,0.009426944000000001;0.01598976;0.01155584;0.012706816000000001;0.018213887999999998;0.023883776000000002;0.033562624;0.059146239999999996;0.094424064;0.13540761599999998;0.209337344;0.36487475199999997;0.410729472;0.5143971840000001;0.379442176;0.370092032;0.379344896;0.27748352000000004;0.264551424;0.151217152;0.108960768;0.12283904;0.13114367999999998;0.168333312;0.111625216;0.06475878400000001;0.052088831999999995;0.085586944;0.092650496;0.041781248;0.025483264;0.031788032;0.033205248;0.032740352;0.020995072;0.032011264;0.020415488000000002;0.014650368;0.018214912;0.013433856;0.007814143999999999;0.009505791999999999;0.010809343999999999;0.0053288960000000005;0.007349248000000001;0.007140352;0.006701056;0.0065740799999999995;0.008185856;0.0047615999999999995;0.00245248;0.003756032;0.003141632;0.002778112;0.003009536;0.0026071040000000003;0.001750016;0.002837504;0.0032;0.0028723200000000003;0.002210816;0.0012001280000000002;0.001206272;0.0013895679999999999;0.001069056;0.001040384;0.00093696;0.001275904;0.0015697920000000002;0.00110592;0.0012247039999999999;0.001460224;0.001353728;0.000872448;0.00090112;0.000872448;0.000841728;0.00097792;0.0009768959999999999
1774229400,hdr,0.0293;0.03906;0.04883;0.05859;0.06836;0.07813;0.08789;0.09766;0.10742;0.11719;0.12695;0.13672;0.14648;0.15625;0.16602;0.17578;0.18555;0.19531;0.20508;0.21484;0.22461;0.23438;0.24414;0.25391;0.26367;0.27344;0.2832;0.29297;0.30273;0.3125;0.32227;0.33203;0.3418;0.35156;0.36133;0.37109;0.38086;0.39063;0.40039;0.41016;0.41992;0.42969;0.43945;0.44922;0.45898;0.46875;0.47852;0.48828;0.49805;0.50781;0.51758;0.52734;0.53711;0.54688;0.55664;0.56641;0.57617;0.58594;0.5957;0.60547;0.61523;0.625;0.63477;0.64453;0.6543;0.66406;0.67383;0.68359;0.69336;0.70313;0.71289;0.72266;0.73242;0.74219;0.75195;0.76172;0.77148;0.78125;0.79102,0.00716288;0.011725824;0.017974272;0.019667967999999997;0.015981567999999998;0.017594368;0.024836096000000002;0.039043072;0.11200716799999999;0.211725312;0.22229504;0.219734016;0.6906992639999999;0.797760512;0.340467712;0.245453824;0.366772224;0.255151104;0.14585651200000002;0.16682291200000002;0.179651584;0.1439232;0.15059865600000003;0.16870195200000002;0.12539699199999998;0.117398528;0.099949568;0.07683072;0.06843904;0.051491840000000004;0.051173376;0.042635264000000006;0.059382784;0.051330047999999996;0.036827136;0.025151488;0.019852288;0.010750975999999999;0.010809343999999999;0.00651776;0.007087104;0.009679871999999999;0.006567936000000001;0.006863871999999999;0.006640640000000001;0.004393983999999999;0.003984384;0.0032174079999999997;0.003883008;0.0050749440000000005;0.004322304;0.004912128;0.005295104;0.003165184;0.0032870399999999998;0.003254272;0.001744896;0.002847744;0.002880512;0.001488896;0.002204672;0.001936384;0.0017152;0.001225728;0.001670144;0.0019466239999999999;0.001307648;0.0014151679999999999;0.001634304;0.001405952;0.001139712;0.00171008;0.001683456;0.000933888;0.0009584639999999999;0.0008110079999999999;0.0007096320000000001;0.000787456;0.000781312
1774230300,hdr,0.0293;0.03906;0.04883;0.05859;0.06836;0.07813;0.08789;0.09766;0.10742;0.11719;0.12695;0.13672;0.14648;0.15625;0.16602;0.17578;0.18555;0.19531;0.20508;0.21484;0.22461;0.23438;0.24414;0.25391;0.26367;0.27344;0.2832;0.29297;0.30273;0.3125;0.32227;0.33203;0.3418;0.35156;0.36133;0.37109;0.38086;0.39063;0.40039;0.41016;0.41992;0.42969;0.43945;0.44922;0.45898;0.46875;0.47852;0.48828;0.49805;0.50781;0.51758;0.52734;0.53711;0.54688;0.55664;0.56641;0.57617;0.58594;0.5957;0.60547;0.61523;0.625;0.63477;0.64453;0.6543;0.66406;0.67383;0.68359;0.69336;0.70313;0.71289;0.72266;0.73242;0.74219;0.75195;0.76172;0.77148;0.78125;0.79102,0.00221184;0.009723903999999998;0.01579008;0.012342272;0.017242111999999997;0.015618048;0.018721792;0.048037888;0.134145024;0.206134272;0.396379136;0.605461504;0.8318402559999999;0.625611776;0.40695296000000003;0.33418444799999997;0.251682816;0.21313433599999998;0.14129151999999998;0.12224204799999999;0.1180928;0.130642944;0.111799296;0.109865984;0.121780224;0.07854592;0.053714944;0.058063872;0.062492672;0.04369408;0.04711424000000001;0.028179456;0.018977792;0.022715392;0.029627392;0.031016960000000003;0.020348928;0.011075584;0.008552448;0.012448768;0.009012224000000001;0.006933504;0.009485312;0.010116096000000002;0.009995264;0.00741888;0.005352448;0.005766143999999999;0.00575488;0.004491264;0.004605952;0.004552704;0.003822592;0.0028917760000000004;0.002420736;0.0029911039999999996;0.0029798399999999997;0.00283136;0.003040256;0.0025835520000000002;0.001579008;0.0016445440000000002;0.001534976;0.001750016;0.0016097280000000002;0.001824768;0.0013352960000000001;0.000986112;0.0013752319999999999;0.001860608;0.0015114240000000001;0.001005568;0.0008089600000000001;0.0010291200000000001;0.001030144;0.000984064;0.0009021439999999999;0.000607232;0.0007280640000000001
1774231200,hdr,0.0293;0.03906;0.04883;0.05859;0.06836;0.07813;0.08789;0.09766;0.10742;0.11719;0.12695;0.13672;0.14648;0.15625;0.16602;0.17578;0.18555;0.19531;0.20508;0.21484;0.22461;0.23438;0.24414;0.25391;0.26367;0.27344;0.2832;0.29297;0.30273;0.3125;0.32227;0.33203;0.3418;0.35156;0.36133;0.37109;0.38086;0.39063;0.40039;0.41016;0.41992;0.42969;0.43945;0.44922;0.45898;0.46875;0.47852;0.48828;0.49805;0.50781;0.51758;0.52734;0.53711;0.54688;0.55664;0.56641;0.57617;0.58594;0.5957;0.60547;0.61523;0.625;0.63477;0.64453;0.6543;0.66406;0.67383;0.68359;0.69336;0.70313;0.71289;0.72266;0.73242;0.74219;0.75195;0.76172;0.77148;0.78125;0.79102,0.004299776;0.0034078719999999997;0.006157312;0.011469823999999998;0.023643136;0.026730496;0.022169599999999998;0.0446464;0.06651392;0.177804288;0.366130176;0.642981888;0.908126208;0.768768;0.542112768;0.537873408;0.340493312;0.287849472;0.21135872;0.124015616;0.09515724799999999;0.08220979199999999;0.07842918400000001;0.11353190399999999;0.08367206400000002;0.050691072;0.046261248;0.0721408;0.0406784;0.033014784;0.02034176;0.014577664;0.018405376;0.01724416;0.022598655999999998;0.025511936;0.016019456;0.009037824;0.010900479999999999;0.013405184;0.011229184;0.010140672;0.005982207999999999;0.00529408;0.006415359999999999;0.006576128;0.003376128;0.00296448;0.0022937599999999997;0.004378624000000001;0.003955712;0.002577408;0.0032839680000000004;0.004323328;0.003447808;0.0025200640000000002;0.001805312;0.001462272;0.0013701120000000002;0.001581056;0.0014151679999999999;0.001575936;0.001562624;0.0011356159999999999;0.000764928;0.000999424;0.0011755519999999998;0.0009472;0.0008355839999999999;0.0006184960000000001;0.000908288;0.0013240320000000002;0.001504256;0.000744448;0.000717824;0.0006696959999999999;0.000738304;0.000966656;0.000858112
1774232100,hdr,0.0293;0.03906;0.04883;0.05859;0.06836;0.07813;0.08789;0.09766;0.10742;0.11719;0.12695;0.13672;0.14648;0.15625;0.16602;0.17578;0.18555;0.19531;0.20508;0.21484;0.22461;0.23438;0.24414;0.25391;0.26367;0.27344;0.2832;0.29297;0.30273;0.3125;0.32227;0.33203;0.3418;0.35156;0.36133;0.37109;0.38086;0.39063;0.40039;0.41016;0.41992;0.42969;0.43945;0.44922;0.45898;0.46875;0.47852;0.48828;0.49805;0.50781;0.51758;0.52734;0.53711;0.54688;0.55664;0.56641;0.57617;0.58594;0.5957;0.60547;0.61523;0.625;0.63477;0.64453;0.6543;0.66406;0.67383;0.68359;0.69336;0.70313;0.71289;0.72266;0.73242;0.74219;0.75195;0.76172;0.77148;0.78125;0.79102,0.011830272000000001;0.013932544;0.015604736000000001;0.026447872;0.026467328;0.015280127999999999;0.014857215999999998;0.07581593599999999;0.1016576;0.1253376;0.2933248;0.436680704;0.5192192;0.764123136;0.524494848;0.367862784;0.29807103999999995;0.305731584;0.30748876799999997;0.290144256;0.21847040000000004;0.141057024;0.074279936;0.09976832000000001;0.061063168;0.066188288;0.056956928;0.064827392;0.06817689599999999;0.04859392;0.025068543999999998;0.02269696;0.028977152000000003;0.022216704;0.017128448;0.015316992;0.010563584;0.014185472000000001;0.014600192;0.012568576000000001;0.010216448;0.010384384;0.006788096;0.005594112;0.006482943999999999;0.004352;0.0031815679999999996;0.004554752;0.004037632;0.003917824;0.003460096;0.003777536;0.00291328;0.003454976;0.0032511999999999997;0.004048896000000001;0.0032849919999999996;0.001816576;0.001486848;0.0018442240000000002;0.00197632;0.001501184;0.001432576;0.00170496;0.001717248;0.0013557760000000002;0.001000448;0.001168384;0.001117184;0.0010598399999999998;0.001032192;0.000756736;0.000766976;0.000800768;0.0009482239999999999;0.000907264;0.000550912;0.000484352;0.000896
1774233000,hdr,0.0293;0.03906;0.04883;0.05859;0.06836;0.07813;0.08789;0.09766;0.10742;0.11719;0.12695;0.13672;0.14648;0.15625;0.16602;0.17578;0.18555;0.19531;0.20508;0.21484;0.22461;0.23438;0.24414;0.25391;0.26367;0.27344;0.2832;0.29297;0.30273;0.3125;0.32227;0.33203;0.3418;0.35156;0.36133;0.37109;0.38086;0.39063;0.40039;0.41016;0.41992;0.42969;0.43945;0.44922;0.45898;0.46875;0.47852;0.48828;0.49805;0.50781;0.51758;0.52734;0.53711;0.54688;0.55664;0.56641;0.57617;0.58594;0.5957;0.60547;0.61523;0.625;0.63477;0.64453;0.6543;0.66406;0.67383;0.68359;0.69336;0.70313;0.71289;0.72266;0.73242;0.74219;0.75195;0.76172;0.77148;0.78125;0.79102,0.010570752000000001;0.018038784;0.014920704000000002;0.008962047999999999;0.010891264;0.021036032;0.042169344000000004;0.10996223999999999;0.176602112;0.31278079999999997;0.455571456;0.595254272;0.892470272;0.7245998080000001;0.534371328;0.48043212799999996;0.29991424;0.28112793599999997;0.23272550400000003;0.155763712;0.105495552;0.102903808;0.10104832000000001;0.10459647999999999;0.07878758400000001;0.06644224;0.055222271999999996;0.051991551999999996;0.041101312;0.021733376;0.015010816000000001;0.024369151999999998;0.02279936;0.0236544;0.016687104000000005;0.011397119999999998;0.008304639999999999;0.008955904;0.006567936000000001;0.006730752;0.008105984;0.005237759999999999;0.007533568;0.007876608;0.004447232;0.006659072;0.007294976000000001;0.005696512000000001;0.004182015999999999;0.003961856000000001;0.003375104;0.003127296;0.0027883520000000005;0.0021667839999999997;0.001979392;0.002482176;0.00234496;0.001593344;0.0013035520000000001;0.0019968;0.0023132160000000003;0.0018831359999999999;0.001476608;0.001906688;0.0021288960000000003;0.0015667199999999997;0.000879616;0.001082368;0.001362944;0.001301504;0.0011468799999999999;0.000857088;0.00077312;0.000995328;0.0011007999999999999;0.000765952;0.00044544;0.0008089600000000001;0.000790528
1774233900,hdr,0.0293;0.03906;0.04883;0.05859;0.06836;0.07813;0.08789;0.09766;0.10742;0.11719;0.12695;0.13672;0.14648;0.15625;0.16602;0.17578;0.18555;0.19531;0.20508;0.21484;0.22461;0.23438;0.24414;0.25391;0.26367;0.27344;0.2832;0.29297;0.30273;0.3125;0.32227;0.33203;0.3418;0.35156;0.36133;0.37109;0.38086;0.39063;0.40039;0.41016;0.41992;0.42969;0.43945;0.44922;0.45898;0.46875;0.47852;0.48828;0.49805;0.50781;0.51758;0.52734;0.53711;0.54688;0.55664;0.56641;0.57617;0.58594;0.5957;0.60547;0.61523;0.625;0.63477;0.64453;0.6543;0.66406;0.67383;0.68359;0.69336;0.70313;0.71289;0.72266;0.73242;0.74219;0.75195;0.76172;0.77148;0.78125;0.79102,0.004862976;0.008773632;0.014097407999999999;0.0241408;0.026614784;0.023400448;0.032894976;0.089435136;0.11217408;0.23757721599999998;0.375699456;0.636059648;0.8578109439999999;0.866079744;0.473340928;0.424158208;0.27710156799999996;0.16017203200000002;0.261351424;0.292578304;0.147892224;0.108594176;0.084492288;0.095190016;0.053328896;0.045827072;0.058372096;0.056909824;0.031492096000000004;0.02166784;0.021761023999999997;0.02199552;0.023780351999999998;0.016661504;0.011472896;0.011875328;0.012205056;0.011316224;0.009780224;0.006417408;0.005505024;0.007108608;0.007056384;0.005522432;0.006547456;0.004880384;0.004461567999999999;0.0038696959999999997;0.0035583999999999998;0.002566144;0.0017735679999999999;0.0024145919999999997;0.0019773440000000002;0.001600512;0.001757184;0.002642944;0.0027852800000000002;0.00197632;0.0021452800000000003;0.0022927360000000005;0.0018841600000000002;0.0020398079999999997;0.00192;0.001477632;0.001580032;0.001661952;0.0016138239999999998;0.001580032;0.0012666880000000002;0.001071104;0.001212416;0.001004544;0.000825344;0.0013056;0.0010516479999999999;0.000712704;0.00068608;0.000733184;0.000621568
1774234800,hdr,0.0293;0.03906;0.04883;0.05859;0.06836;0.07813;0.08789;0.09766;0.10742;0.11719;0.12695;0.13672;0.14648;0.15625;0.16602;0.17578;0.18555;0.19531;0.20508;0.21484;0.22461;0.23438;0.24414;0.25391;0.26367;0.27344;0.2832;0.29297;0.30273;0.3125;0.32227;0.33203;0.3418;0.35156;0.36133;0.37109;0.38086;0.39063;0.40039;0.41016;0.41992;0.42969;0.43945;0.44922;0.45898;0.46875;0.47852;0.48828;0.49805;0.50781;0.51758;0.52734;0.53711;0.54688;0.55664;0.56641;0.57617;0.58594;0.5957;0.60547;0.61523;0.625;0.63477;0.64453;0.6543;0.66406;0.67383;0.68359;0.69336;0.70313;0.71289;0.72266;0.73242;0.74219;0.75195;0.76172;0.77148;0.78125;0.79102,0.010493951999999999;0.021600256;0.018343935999999998;0.022454272;0.027828224;0.028164096000000003;0.05472256;0.11458355199999999;0.178925568;0.260108288;0.25404825600000003;0.754679808;1.0777210879999999;0.930660352;0.57921536;0.29882368000000004;0.29908992;0.242644992;0.186238976;0.10846412799999999;0.06804479999999999;0.129150976;0.13380608000000002;0.075937792;0.06332415999999999;0.048848896;0.041324544000000005;0.030257152000000002;0.03183616;0.035999744;0.025933824;0.014995456;0.014911488;0.012183552000000002;0.008964096;0.012068864;0.012367872;0.006733824;0.007200768;0.005562368000000001;0.0049704960000000005;0.004276224;0.004009984;0.00484352;0.0042659840000000004;0.0034611200000000003;0.0036352000000000003;0.003680256;0.004302848;0.003966976;0.003971072;0.004302848;0.0030207999999999997;0.004028416;0.002482176;0.001705984;0.0030289920000000003;0.00283648;0.001736704;0.001816576;0.0014991359999999999;0.0010936319999999998;0.0011632640000000002;0.0011489279999999998;0.001185792;0.00151552;0.001579008;0.0013824;0.0014561280000000001;0.001036288;0.001155072;0.0009912319999999999;0.0009441279999999999;0.001058816;0.00075776;0.000610304;0.000606208;0.000466944;0.00059392
1774235700,hdr,0.0293;0.03906;0.04883;0.05859;0.06836;0.07813;0.08789;0.09766;0.10742;0.11719;0.12695;0.13672;0.14648;0.15625;0.16602;0.17578;0.18555;0.19531;0.20508;0.21484;0.22461;0.23438;0.24414;0.25391;0.26367;0.27344;0.2832;0.29297;0.30273;0.3125;0.32227;0.33203;0.3418;0.35156;0.36133;0.37109;0.38086;0.39063;0.40039;0.41016;0.41992;0.42969;0.43945;0.44922;0.45898;0.46875;0.47852;0.48828;0.49805;0.50781;0.51758;0.52734;0.53711;0.54688;0.55664;0.56641;0.57617;0.58594;0.5957;0.60547;0.61523;0.625;0.63477;0.64453;0.6543;0.66406;0.67383;0.68359;0.69336;0.70313;0.71289;0.72266;0.73242;0.74219;0.75195;0.76172;0.77148;0.78125;0.79102,0.012194815999999999;0.02447872;0.020610048;0.017357824;0.02832896;0.035055616000000005;0.057455616;0.114948096;0.14213222400000003;0.26039910400000005;0.292250624;0.49583411200000005;0.752009216;0.8340316160000001;0.497231872;0.306308096;0.18499072;0.26622464;0.141924352;0.139879424;0.123780096;0.103692288;0.06490112;0.057829376;0.086047744;0.07993241599999999;0.055901184;0.028813311999999997;0.029641728;0.0179968;0.028131328;0.026850304;0.015292416;0.015832064;0.014796799999999999;0.014876671999999999;0.008441856;0.011528192000000001;0.009568255999999999;0.010243072;0.009119744;0.011292672;0.00787456;0.006141952;0.0066508800000000005;0.004655103999999999;0.00283648;0.004603904000000001;0.003972096;0.003323904;0.002859008;0.003391488;0.003175424;0.003554304;0.003263488;0.001757184;0.0017735679999999999;0.0020930559999999994;0.002951168;0.0024463360000000003;0.001590272;0.0012748800000000002;0.001584128;0.001521664;0.0013506560000000002;0.001329152;0.0018257920000000001;0.001289216;0.000903168;0.00084992;0.000774144;0.000756736;0.0007249919999999999;0.000795648;0.00090624;0.000871424;0.0007116799999999999;0.0006850560000000001;0.000761856
1774236600,hdr,0.0293;0.03906;0.04883;0.05859;0.06836;0.07813;0.08789;0.09766;0.10742;0.11719;0.12695;0.13672;0.14648;0.15625;0.16602;0.17578;0.18555;0.19531;0.20508;0.21484;0.22461;0.23438;0.24414;0.25391;0.26367;0.27344;0.2832;0.29297;0.30273;0.3125;0.32227;0.33203;0.3418;0.35156;0.36133;0.37109;0.38086;0.39063;0.40039;0.41016;0.41992;0.42969;0.43945;0.44922;0.45898;0.46875;0.47852;0.48828;0.49805;0.50781;0.51758;0.52734;0.53711;0.54688;0.55664;0.56641;0.57617;0.58594;0.5957;0.60547;0.61523;0.625;0.63477;0.64453;0.6543;0.66406;0.67383;0.68359;0.69336;0.70313;0.71289;0.72266;0.73242;0.74219;0.75195;0.76172;0.77148;0.78125;0.79102,0.013067263999999999;0.015164416;0.014780416000000001;0.028413951999999996;0.020747264;0.020878336;0.04043264;0.08423526399999999;0.203485184;0.24009216;0.319679488;0.603259904;0.939143168;0.885301248;0.5776261120000001;0.373880832;0.17377689600000001;0.17536;0.16949452799999998;0.11824639999999999;0.13867110400000002;0.09915391999999999;0.085241856;0.084864;0.064770048;0.060104703999999995;0.029720576000000002;0.0192;0.025347072000000002;0.021904384000000002;0.017740799999999998;0.013012992000000001;0.017442816;0.015936512;0.011937792;0.014669824;0.014855168000000002;0.00761344;0.00685568;0.009589760000000001;0.007264255999999999;0.004736;0.0035614720000000004;0.005842944;0.005676032;0.005016576;0.00567808;0.005007360000000001;0.003345408;0.0030750720000000003;0.004353024;0.004123648;0.0021780479999999997;0.002107392;0.00345088;0.0028753920000000005;0.002523136;0.0024801280000000003;0.002654208;0.0019087359999999999;0.0014458880000000002;0.00255488;0.002306048;0.001765376;0.0020121600000000003;0.0019773440000000002;0.0015738879999999998;0.001283072;0.001214464;0.001086464;0.0012195840000000001;0.0009717759999999999;0.000799744;0.000992256;0.0007976959999999999;0.000653312;0.000659456;0.000965632;0.000666624
1774237500,hdr,0.0293;0.03906;0.04883;0.05859;0.06836;0.07813;0.08789;0.09766;0.10742;0.11719;0.12695;0.13672;0.14648;0.15625;0.16602;0.17578;0.18555;0.19531;0.20508;0.21484;0.22461;0.23438;0.24414;0.25391;0.26367;0.27344;0.2832;0.29297;0.30273;0.3125;0.32227;0.33203;0.3418;0.35156;0.36133;0.37109;0.38086;0.39063;0.40039;0.41016;0.41992;0.42969;0.43945;0.44922;0.45898;0.46875;0.47852;0.48828;0.49805;0.50781;0.51758;0.52734;0.53711;0.54688;0.55664;0.56641;0.57617;0.58594;0.5957;0.60547;0.61523;0.625;0.63477;0.64453;0.6543;0.66406;0.67383;0.68359;0.69336;0.70313;0.71289;0.72266;0.73242;0.74219;0.75195;0.76172;0.77148;0.78125;0.79102,0.00036249599999999997;0.006724608;0.016529408;0.026465279999999997;0.017600512;0.02287616;0.0332288;0.055999488;0.08487424;0.0732928;0.23867392;0.675264512;0.8938946560000001;0.7082649599999999;0.490559488;0.29182361600000006;0.206210048;0.15089459199999997;0.138743808;0.102022144;0.12299673600000001;0.089413632;0.084224;0.07961088;0.06513664;0.07391231999999999;0.053279744;0.03499008;0.033139712;0.034624512;0.027706368000000002;0.014516224;0.011254784000000002;0.013861888000000001;0.012372992;0.012218368;0.013939712;0.011580416;0.005842944;0.007747584;0.010571776;0.010549247999999999;0.005891072;0.004754432;0.002776064;0.004021248;0.005615616;0.005183487999999999;0.003472384;0.00287744;0.004683776;0.003269632;0.002528256;0.0030443519999999997;0.0029798399999999997;0.00199168;0.0013608960000000001;0.0011909120000000001;0.0020736;0.00215552;0.0015411200000000002;0.001425408;0.0010086399999999999;0.001661952;0.002040832;0.00175104;0.001610752;0.00171008;0.001809408;0.001934336;0.00128;0.000950272;0.0013352960000000001;0.000968704;0.00047411199999999995;0.000651264;0.000817152;0.000915456;0.0005857280000000001
1774238400,hdr,0.0293;0.03906;0.04883;0.05859;0.06836;0.07813;0.08789;0.09766;0.10742;0.11719;0.12695;0.13672;0.14648;0.15625;0.16602;0.17578;0.18555;0.19531;0.20508;0.21484;0.22461;0.23438;0.24414;0.25391;0.26367;0.27344;0.2832;0.29297;0.30273;0.3125;0.32227;0.33203;0.3418;0.35156;0.36133;0.37109;0.38086;0.39063;0.40039;0.41016;0.41992;0.42969;0.43945;0.44922;0.45898;0.46875;0.47852;0.48828;0.49805;0.50781;0.51758;0.52734;0.53711;0.54688;0.55664;0.56641;0.57617;0.58594;0.5957;0.60547;0.61523;0.625;0.63477;0.64453;0.6543;0.66406;0.67383;0.68359;0.69336;0.70313;0.71289;0.72266;0.73242;0.74219;0.75195;0.76172;0.77148;0.78125;0.79102,0.015665152;0.018538495999999998;0.036030464;0.043554815999999996;0.024737791999999998;0.015564799999999998;0.066445312;0.10948198399999999;0.12982272;0.142811136;0.24844902400000002;0.624275456;1.0840965120000001;0.6888673280000001;0.410114048;0.317251584;0.5166940160000001;0.33425817599999996;0.21415321599999998;0.15361638400000002;0.15554150400000002;0.08069119999999999;0.061351936;0.07035904;0.075032576;0.057362432;0.04656128;0.039903232000000004;0.03536896;0.025733119999999998;0.021929984;0.019888127999999998;0.020625407999999998;0.022167552;0.014723072;0.009035776;0.007919616;0.007913472;0.009365503999999998;0.013793279999999998;0.009312256;0.007329792000000001;0.009013248000000001;0.007989248;0.006578176000000001;0.0052142080000000006;0.004550656;0.004096;0.005636096;0.0058818559999999995;0.0038911999999999996;0.003096576;0.0055930879999999995;0.003373056;0.003186688;0.0035327999999999996;0.002387968;0.0025251839999999998;0.002893824;0.002138112;0.002217984;0.002062336;0.00239616;0.00198656;0.001847296;0.001716224;0.001273856;0.001243136;0.001007616;0.00079872;0.000968704;0.0009564160000000001;0.0009605120000000001;0.001040384;0.00118784;0.0007229440000000001;0.0011673599999999999;0.00079872;0.0005632
1774239300,hdr,0.0293;0.03906;0.04883;0.05859;0.06836;0.07813;0.08789;0.09766;0.10742;0.11719;0.12695;0.13672;0.14648;0.15625;0.16602;0.17578;0.18555;0.19531;0.20508;0.21484;0.22461;0.23438;0.24414;0.25391;0.26367;0.27344;0.2832;0.29297;0.30273;0.3125;0.32227;0.33203;0.3418;0.35156;0.36133;0.37109;0.38086;0.39063;0.40039;0.41016;0.41992;0.42969;0.43945;0.44922;0.45898;0.46875;0.47852;0.48828;0.49805;0.50781;0.51758;0.52734;0.53711;0.54688;0.55664;0.56641;0.57617;0.58594;0.5957;0.60547;0.61523;0.625;0.63477;0.64453;0.6543;0.66406;0.67383;0.68359;0.69336;0.70313;0.71289;0.72266;0.73242;0.74219;0.75195;0.76172;0.77148;0.78125;0.79102,0.013643776000000002;0.023487487999999997;0.022779904;0.02552832;0.020826111999999997;0.025503744000000002;0.073084928;0.122737664;0.13307903999999998;0.170502144;0.28804608000000004;0.52852224;0.726970368;0.80499712;0.694949888;0.310316032;0.156040192;0.09649766400000001;0.181153792;0.17187532800000002;0.103545856;0.06795264;0.085441536;0.08145408;0.04836352000000001;0.043388928;0.036283392;0.03392716800000001;0.024107008000000003;0.029114367999999998;0.031431680000000004;0.031853568;0.013636608;0.011352064;0.014018560000000001;0.010104832000000001;0.008558592;0.006412288;0.004342784;0.006392832;0.008737792000000001;0.011455488000000002;0.007728128;0.004379648;0.004692992;0.006638592;0.006785024000000001;0.006709247999999999;0.0045322240000000005;0.00379392;0.0033167360000000002;0.003013632;0.0029163519999999997;0.0024545279999999997;0.002386944;0.002265088;0.002173952;0.0026368000000000003;0.0019650559999999997;0.001752064;0.0025180159999999997;0.0024227840000000003;0.0017766400000000001;0.0012247039999999999;0.001088512;0.001521664;0.0013660159999999998;0.0012001280000000002;0.0013701120000000002;0.001467392;0.001118208;0.0007014399999999999;0.0007925759999999999;0.001099776;0.000933888;0.00101888;0.0009738240000000001;0.000483328;0.000314368
1774240200,hdr,0.0293;0.03906;0.04883;0.05859;0.06836;0.07813;0.08789;0.09766;0.10742;0.11719;0.12695;0.13672;0.14648;0.15625;0.16602;0.17578;0.18555;0.19531;0.20508;0.21484;0.22461;0.23438;0.24414;0.25391;0.26367;0.27344;0.2832;0.29297;0.30273;0.3125;0.32227;0.33203;0.3418;0.35156;0.36133;0.37109;0.38086;0.39063;0.40039;0.41016;0.41992;0.42969;0.43945;0.44922;0.45898;0.46875;0.47852;0.48828;0.49805;0.50781;0.51758;0.52734;0.53711;0.54688;0.55664;0.56641;0.57617;0.58594;0.5957;0.60547;0.61523;0.625;0.63477;0.64453;0.6543;0.66406;0.67383;0.68359;0.69336;0.70313;0.71289;0.72266;0.73242;0.74219;0.75195;0.76172;0.77148;0.78125;0.79102,0.010631168000000002;0.03144704;0.027425792;0.025012224;0.01635328;0.027340800000000002;0.043973632000000006;0.07105331200000001;0.138765312;0.195454976;0.41689088;0.50897408;0.430563328;0.46100275199999996;0.58050048;0.35343155200000004;0.310546432;0.28274892799999995;0.140791808;0.14305689600000002;0.11867238399999999;0.094380032;0.041994239999999995;0.048078848;0.053069824;0.049307648;0.035960832000000005;0.044463103999999996;0.045800448;0.02619904;0.017155072;0.016186368000000003;0.016425984;0.013270015999999999;0.016722944;0.013548544;0.007714816;0.011502592;0.010294271999999998;0.011575296;0.011992063999999998;0.008927232;0.007458816;0.0052172799999999995;0.004626432000000001;0.0068997120000000006;0.00596992;0.00407552;0.002857984;0.005049344;0.004601856;0.003006464;0.0022405119999999996;0.002909184;0.0034109440000000004;0.0028047360000000004;0.0025456639999999996;0.0027013120000000004;0.001814528;0.002280448;0.001664;0.001519616;0.0018155520000000002;0.002372608;0.001777664;0.0013424640000000002;0.001214464;0.000899072;0.001038336;0.00118272;0.001086464;0.001125376;0.000531456;0.000857088;0.0009287680000000001;0.00084992;0.000930816;0.000871424;0.000760832
1774241100,hdr,0.0293;0.03906;0.04883;0.05859;0.06836;0.07813;0.08789;0.09766;0.10742;0.11719;0.12695;0.13672;0.14648;0.15625;0.16602;0.17578;0.18555;0.19531;0.20508;0.21484;0.22461;0.23438;0.24414;0.25391;0.26367;0.27344;0.2832;0.29297;0.30273;0.3125;0.32227;0.33203;0.3418;0.35156;0.36133;0.37109;0.38086;0.39063;0.40039;0.41016;0.41992;0.42969;0.43945;0.44922;0.45898;0.46875;0.47852;0.48828;0.49805;0.50781;0.51758;0.52734;0.53711;0.54688;0.55664;0.56641;0.57617;0.58594;0.5957;0.60547;0.61523;0.625;0.63477;0.64453;0.6543;0.66406;0.67383;0.68359;0.69336;0.70313;0.71289;0.72266;0.73242;0.74219;0.75195;0.76172;0.77148;0.78125;0.79102,0.031724544;0.039966720000000004;0.059363328;0.052992;0.032697344;0.018045952;0.032970752;0.069876736;0.15329689600000002;0.21446553599999998;0.357614592;0.31978188799999996;0.6574090240000001;0.49990246400000005;0.40761856;0.400847872;0.210080768;0.1718528;0.137300992;0.07242649599999999;0.103245824;0.089709568;0.065861632;0.042901504;0.047062016000000005;0.038829056;0.039902208;0.045975552;0.039233536;0.033987583999999994;0.030585855999999998;0.022565888000000003;0.016475135999999998;0.01636864;0.010646528;0.007735296;0.011528192000000001;0.01191424;0.008150016000000001;0.006073344;0.0059985920000000005;0.007452672;0.00872448;0.00646144;0.0053913599999999996;0.005085184;0.004355072;0.003236864;0.0033341440000000003;0.003617792;0.0027893759999999997;0.0029634559999999997;0.0025036800000000003;0.0021329920000000002;0.00239616;0.0016732160000000002;0.00187904;0.001816576;0.00137216;0.001338368;0.001850368;0.0015667199999999997;0.001656832;0.0014448640000000001;0.001134592;0.001227776;0.001288192;0.0013946879999999998;0.0014458880000000002;0.001502208;0.001101824;0.000543744;0.0010598399999999998;0.000842752;0.0005304320000000001;0.0009144320000000001;0.0012789759999999998;0.0016250880000000002;0.0014592000000000001
1774242000,hdr,0.0293;0.03906;0.04883;0.05859;0.06836;0.07813;0.08789;0.09766;0.10742;0.11719;0.12695;0.13672;0.14648;0.15625;0.16602;0.17578;0.18555;0.19531;0.20508;0.21484;0.22461;0.23438;0.24414;0.25391;0.26367;0.27344;0.2832;0.29297;0.30273;0.3125;0.32227;0.33203;0.3418;0.35156;0.36133;0.37109;0.38086;0.39063;0.40039;0.41016;0.41992;0.42969;0.43945;0.44922;0.45898;0.46875;0.47852;0.48828;0.49805;0.50781;0.51758;0.52734;0.53711;0.54688;0.55664;0.56641;0.57617;0.58594;0.5957;0.60547;0.61523;0.625;0.63477;0.64453;0.6543;0.66406;0.67383;0.68359;0.69336;0.70313;0.71289;0.72266;0.73242;0.74219;0.75195;0.76172;0.77148;0.78125;0.79102,0.015459328;0.025202687999999997;0.037495808;0.048475136;0.040521728;0.029233152000000002;0.0304128;0.090359808;0.13283635200000002;0.138190848;0.13485568;0.47922995200000007;0.959330304;0.600702976;0.441959424;0.311537664;0.12809625600000002;0.125019136;0.16464691199999998;0.20312064000000002;0.148687872;0.07954944;0.07026073599999999;0.050246656;0.033974272;0.053081088000000005;0.06452838400000001;0.04173004799999999;0.02550784;0.03134464;0.029712384;0.01611264;0.018787328;0.017487871999999998;0.012201984;0.011828224;0.011613184;0.015133696;0.010481664;0.00978944;0.006087679999999999;0.007625728;0.009008127999999999;0.00823808;0.005761024;0.0045844480000000005;0.0026449919999999997;0.003457024;0.0049879040000000005;0.004545536;0.003621888;0.00239616;0.002284544;0.0022640639999999997;0.00285184;0.002199552;0.002973696;0.002776064;0.0018155520000000002;0.001580032;0.002619392;0.002476032;0.001765376;0.0010455039999999998;0.001021952;0.0021524480000000004;0.001716224;0.0009615359999999999;0.000907264;0.0011776;0.00119296;0.0012032;0.000857088;0.000816128;0.00077312;0.000889856;0.000858112;0.000888832;0.001027072
1774242900,hdr,0.0293;0.03906;0.04883;0.05859;0.06836;0.07813;0.08789;0.09766;0.10742;0.11719;0.12695;0.13672;0.14648;0.15625;0.16602;0.17578;0.18555;0.19531;0.20508;0.21484;0.22461;0.23438;0.24414;0.25391;0.26367;0.27344;0.2832;0.29297;0.30273;0.3125;0.32227;0.33203;0.3418;0.35156;0.36133;0.37109;0.38086;0.39063;0.40039;0.41016;0.41992;0.42969;0.43945;0.44922;0.45898;0.46875;0.47852;0.48828;0.49805;0.50781;0.51758;0.52734;0.53711;0.54688;0.55664;0.56641;0.57617;0.58594;0.5957;0.60547;0.61523;0.625;0.63477;0.64453;0.6543;0.66406;0.67383;0.68359;0.69336;0.70313;0.71289;0.72266;0.73242;0.74219;0.75195;0.76172;0.77148;0.78125;0.79102,0.011101184;0.01546752;0.018209792000000002;0.03291136;0.024057856;0.036263936000000004;0.04670873600000001;0.10353868799999999;0.11076095999999999;0.15028736;0.245833728;0.482576384;0.9627627519999999;0.9337774080000001;0.492751872;0.34616422399999996;0.220653568;0.144032768;0.08435916799999998;0.12330188800000001;0.10471936;0.06462054399999999;0.055349248;0.04823756800000001;0.06858240000000002;0.059347968;0.039047168;0.02940928;0.027552768;0.028209151999999998;0.029847552;0.026590207999999997;0.020768768;0.018870272;0.015320064;0.016401408;0.012601343999999999;0.012142592;0.012430336000000002;0.007904256;0.0059238400000000005;0.008855552;0.009806848;0.007560192;0.0066048;0.004464640000000001;0.005100544;0.0033955839999999997;0.0034949119999999998;0.002980864;0.003725312;0.0042086400000000005;0.0039424;0.002888704;0.003518464;0.003745792;0.003371008;0.002689024;0.001961984;0.001818624;0.0019189760000000002;0.001787904;0.0018421759999999998;0.0016691199999999998;0.001452032;0.0012441599999999998;0.0014581759999999998;0.001201152;0.001486848;0.00154624;0.001708032;0.001154048;0.000765952;0.0015513600000000001;0.001861632;0.001683456;0.0013260799999999999;0.001685504;0.0018483199999999999
1774243800,hdr,0.0293;0.03906;0.04883;0.05859;0.06836;0.07813;0.08789;0.09766;0.10742;0.11719;0.12695;0.13672;0.14648;0.15625;0.16602;0.17578;0.18555;0.19531;0.20508;0.21484;0.22461;0.23438;0.24414;0.25391;0.26367;0.27344;0.2832;0.29297;0.30273;0.3125;0.32227;0.33203;0.3418;0.35156;0.36133;0.37109;0.38086;0.39063;0.40039;0.41016;0.41992;0.42969;0.43945;0.44922;0.45898;0.46875;0.47852;0.48828;0.49805;0.50781;0.51758;0.52734;0.53711;0.54688;0.55664;0.56641;0.57617;0.58594;0.5957;0.60547;0.61523;0.625;0.63477;0.64453;0.6543;0.66406;0.67383;0.68359;0.69336;0.70313;0.71289;0.72266;0.73242;0.74219;0.75195;0.76172;0.77148;0.78125;0.79102,0.01978368;0.026255360000000002;0.023432191999999998;0.021415935999999997;0.030386176;0.0324608;0.054548479999999996;0.10681139199999999;0.108796928;0.13873152;0.238752768;0.337652736;0.485231616;0.700153856;0.596667392;0.317620224;0.26726604800000003;0.298950656;0.208524288;0.15205478400000003;0.15242751999999998;0.131861504;0.090829824;0.065408;0.053148672;0.05501542400000001;0.053085184;0.046731264;0.026386432;0.02609152;0.026627072;0.017833984;0.016067584;0.014577664;0.013203455999999999;0.018041856;0.01599488;0.014123008;0.006260736;0.007448576;0.007333888;0.00968192;0.005436416;0.003323904;0.0036239360000000003;0.007227392;0.006463488;0.005756928;0.0027351040000000004;0.002428928;0.003948544;0.003390464;0.002640896;0.003011584;0.002379776;0.002692096;0.002553856;0.0016179200000000001;0.00151552;0.00146432;0.001251328;0.0020254720000000004;0.0019455999999999998;0.001542144;0.001092608;0.0011776;0.0010956800000000001;0.001475584;0.001692672;0.00146944;0.001212416;0.0009943039999999999;0.0010762240000000002;0.00125952;0.000867328;0.0012083200000000001;0.0007137280000000001;0.000617472;0.000867328
1774244700,hdr,0.0293;0.03906;0.04883;0.05859;0.06836;0.07813;0.08789;0.09766;0.10742;0.11719;0.12695;0.13672;0.14648;0.15625;0.16602;0.17578;0.18555;0.19531;0.20508;0.21484;0.22461;0.23438;0.24414;0.25391;0.26367;0.27344;0.2832;0.29297;0.30273;0.3125;0.32227;0.33203;0.3418;0.35156;0.36133;0.37109;0.38086;0.39063;0.40039;0.41016;0.41992;0.42969;0.43945;0.44922;0.45898;0.46875;0.47852;0.48828;0.49805;0.50781;0.51758;0.52734;0.53711;0.54688;0.55664;0.56641;0.57617;0.58594;0.5957;0.60547;0.61523;0.625;0.63477;0.64453;0.6543;0.66406;0.67383;0.68359;0.69336;0.70313;0.71289;0.72266;0.73242;0.74219;0.75195;0.76172;0.77148;0.78125;0.79102,0.007340032;0.012744703999999999;0.018151424;0.028626944000000005;0.033527808;0.031664128;0.032350208000000005;0.075491328;0.129206272;0.14547968;0.26972979199999997;0.605237248;1.041412096;0.5875036159999999;0.322023424;0.159494144;0.184465408;0.23148748800000002;0.182278144;0.176621568;0.143335424;0.154443776;0.10690355200000001;0.055314432;0.045223936;0.043206656;0.055179264000000006;0.05343027200000001;0.03888128;0.033660928;0.027232256;0.016388096;0.02475008;0.021262336000000003;0.009158656000000001;0.009103360000000001;0.011229184;0.0111616;0.010891264;0.010473472;0.009076736;0.007421952;0.004112384;0.006049792;0.006385664000000001;0.0054210560000000005;0.006428672;0.007892992;0.0047861760000000005;0.00397312;0.004864;0.004239359999999999;0.004753408000000001;0.004685824000000001;0.002840576;0.0030289920000000003;0.0046223359999999995;0.003928064;0.0026787839999999996;0.0014786559999999999;0.0012001280000000002;0.001755136;0.001759232;0.0011960319999999999;0.0013393919999999998;0.001933312;0.001189888;0.001304576;0.0017039359999999999;0.000980992;0.000606208;0.0011776;0.0012554240000000002;0.0012185600000000003;0.001026048;0.001769472;0.001275904;0.0012308479999999999;0.00103424
1774245600,hdr,0.0293;0.03906;0.04883;0.05859;0.06836;0.07813;0.08789;0.09766;0.10742;0.11719;0.12695;0.13672;0.14648;0.15625;0.16602;0.17578;0.18555;0.19531;0.20508;0.21484;0.22461;0.23438;0.24414;0.25391;0.26367;0.27344;0.2832;0.29297;0.30273;0.3125;0.32227;0.33203;0.3418;0.35156;0.36133;0.37109;0.38086;0.39063;0.40039;0.41016;0.41992;0.42969;0.43945;0.44922;0.45898;0.46875;0.47852;0.48828;0.49805;0.50781;0.51758;0.52734;0.53711;0.54688;0.55664;0.56641;0.57617;0.58594;0.5957;0.60547;0.61523;0.625;0.63477;0.64453;0.6543;0.66406;0.67383;0.68359;0.69336;0.70313;0.71289;0.72266;0.73242;0.74219;0.75195;0.76172;0.77148;0.78125;0.79102,0.013883392;0.024693760000000002;0.047294464;0.047419392;0.023302144;0.013564928;0.059949055999999994;0.17340825599999998;0.148509696;0.14219366400000003;0.25459404799999996;0.38136934400000005;0.57286656;0.502919168;0.424163328;0.30025420799999997;0.25021337600000004;0.21014220800000002;0.12114944;0.133521408;0.11374592;0.08466432;0.08359424;0.07316992;0.061996032;0.048991231999999996;0.041688064;0.03418112;0.026054656000000002;0.02471936;0.036313088;0.024413184;0.016212992;0.011354112000000001;0.010475519999999999;0.015466496;0.013596672;0.009396224;0.009517056000000001;0.008521728;0.009332736000000001;0.008086527999999999;0.00927232;0.010120191999999998;0.006317056;0.003204096;0.004286464;0.005863424;0.003309568;0.0030525440000000004;0.004084736;0.003922944;0.0030853119999999998;0.002484224;0.0032174079999999997;0.0026009600000000003;0.0024852480000000002;0.001850368;0.002070528;0.001466368;0.00214016;0.001555456;0.0015411200000000002;0.0027842559999999997;0.0018636800000000002;0.001147904;0.001161216;0.000781312;0.001472512;0.001439744;0.0007096320000000001;0.000521216;0.000915456;0.0012451839999999999;0.000817152;0.000826368;0.0011407359999999998;0.0009768959999999999;0.000882688
1774246500,hdr,0.0293;0.03906;0.04883;0.05859;0.06836;0.07813;0.08789;0.09766;0.10742;0.11719;0.12695;0.13672;0.14648;0.15625;0.16602;0.17578;0.18555;0.19531;0.20508;0.21484;0.22461;0.23438;0.24414;0.25391;0.26367;0.27344;0.2832;0.29297;0.30273;0.3125;0.32227;0.33203;0.3418;0.35156;0.36133;0.37109;0.38086;0.39063;0.40039;0.41016;0.41992;0.42969;0.43945;0.44922;0.45898;0.46875;0.47852;0.48828;0.49805;0.50781;0.51758;0.52734;0.53711;0.54688;0.55664;0.56641;0.57617;0.58594;0.5957;0.60547;0.61523;0.625;0.63477;0.64453;0.6543;0.66406;0.67383;0.68359;0.69336;0.70313;0.71289;0.72266;0.73242;0.74219;0.75195;0.76172;0.77148;0.78125;0.79102,0.016584704;0.021545984;0.039668736;0.047568896;0.030109696;0.035936256;0.051198976;0.09107148799999999;0.14040883199999998;0.162103296;0.14676992000000003;0.331988992;0.5436723200000001;0.839729152;0.7541524480000001;0.358112256;0.24219136000000002;0.19286630400000002;0.179309568;0.15465164799999997;0.091978752;0.07719424;0.074435584;0.05426278400000001;0.044353536;0.047990784;0.050845695999999996;0.05352448;0.052118528;0.034821120000000004;0.030094336;0.01522176;0.018440191999999998;0.011925504;0.011124736000000001;0.01492992;0.011443199999999999;0.012242943999999999;0.009407488000000002;0.010058752;0.011639808000000001;0.011667456;0.010611712;0.007124992;0.008450048;0.008840192;0.008310784;0.004355072;0.0036515840000000003;0.005204992;0.004297728;0.003421184;0.003027968;0.0033167360000000002;0.00268288;0.002879488;0.003328;0.002061312;0.002117632;0.0018196479999999999;0.0018155520000000002;0.0020029439999999996;0.0017623040000000001;0.0012707839999999998;0.001537024;0.002004992;0.001682432;0.001345536;0.000863232;0.000567296;0.0007168;0.00097792;0.001312768;0.001184768;0.0009758719999999999;0.00122368;0.00159744;0.0018810880000000002;0.001513472
1774247400,hdr,0.0293;0.03906;0.04883;0.05859;0.06836;0.07813;0.08789;0.09766;0.10742;0.11719;0.12695;0.13672;0.14648;0.15625;0.16602;0.17578;0.18555;0.19531;0.20508;0.21484;0.22461;0.23438;0.24414;0.25391;0.26367;0.27344;0.2832;0.29297;0.30273;0.3125;0.32227;0.33203;0.3418;0.35156;0.36133;0.37109;0.38086;0.39063;0.40039;0.41016;0.41992;0.42969;0.43945;0.44922;0.45898;0.46875;0.47852;0.48828;0.49805;0.50781;0.51758;0.52734;0.53711;0.54688;0.55664;0.56641;0.57617;0.58594;0.5957;0.60547;0.61523;0.625;0.63477;0.64453;0.6543;0.66406;0.67383;0.68359;0.69336;0.70313;0.71289;0.72266;0.73242;0.74219;0.75195;0.76172;0.77148;0.78125;0.79102,0.008380416000000002;0.018487296000000004;0.016764928;0.054626303999999994;0.039374848;0.025020416;0.04273152;0.109928448;0.095832064;0.143968256;0.319002624;0.44216729600000004;0.66466816;1.0497146880000001;0.312305664;0.179648512;0.269021184;0.211490816;0.206792704;0.16003481600000002;0.16614604800000002;0.10650419200000001;0.11369267200000001;0.10087424;0.06897049599999999;0.06260736;0.051695616;0.034922496;0.022249472000000003;0.019007487999999996;0.029437951999999996;0.020611072;0.023957504;0.021526528;0.014045184;0.016283647999999998;0.019103744;0.02234368;0.018116608;0.009490432;0.012662784;0.01458176;0.011141120000000001;0.008660992000000001;0.01065984;0.005726208;0.004616192;0.0057098240000000005;0.0078848;0.004993024;0.004857856;0.005009407999999999;0.00550912;0.00345088;0.002586624;0.002048;0.0023019520000000003;0.002070528;0.001798144;0.001931264;0.00329728;0.003618816;0.002217984;0.0018718720000000001;0.002258944;0.00193536;0.0015953919999999997;0.001656832;0.001234944;0.0012369920000000001;0.0016895999999999999;0.001742848;0.001130496;0.0016711679999999998;0.0018923520000000001;0.0015953919999999997;0.0013660159999999998;0.00126976;0.001138688
1774248300,hdr,0.0293;0.03906;0.04883;0.05859;0.06836;0.07813;0.08789;0.09766;0.10742;0.11719;0.12695;0.13672;0.14648;0.15625;0.16602;0.17578;0.18555;0.19531;0.20508;0.21484;0.22461;0.23438;0.24414;0.25391;0.26367;0.27344;0.2832;0.29297;0.30273;0.3125;0.32227;0.33203;0.3418;0.35156;0.36133;0.37109;0.38086;0.39063;0.40039;0.41016;0.41992;0.42969;0.43945;0.44922;0.45898;0.46875;0.47852;0.48828;0.49805;0.50781;0.51758;0.52734;0.53711;0.54688;0.55664;0.56641;0.57617;0.58594;0.5957;0.60547;0.61523;0.625;0.63477;0.64453;0.6543;0.66406;0.67383;0.68359;0.69336;0.70313;0.71289;0.72266;0.73242;0.74219;0.75195;0.76172;0.77148;0.78125;0.79102,0.022860800000000004;0.029058048;0.021733376;0.040951808;0.0397312;0.033511424;0.044741632;0.070278144;0.098204672;0.116967424;0.31195136000000007;0.598203392;0.682507264;0.693225472;0.659570688;0.321651712;0.2694144;0.232722432;0.185604096;0.13667020800000002;0.086228992;0.060189695999999994;0.071520256;0.07622963199999999;0.05116108799999999;0.040363008;0.053756928;0.05809766400000001;0.040538112;0.034149375999999995;0.028366848;0.020006912;0.017344512000000003;0.018756608;0.019172352;0.012930048;0.014017536;0.018756608;0.012156928;0.008790016;0.007304192;0.007493631999999999;0.010024960000000001;0.00648192;0.00462336;0.0033218559999999998;0.0037048320000000004;0.005279743999999999;0.005349376;0.0035952639999999995;0.004031488000000001;0.004170752000000001;0.0027822079999999996;0.005133312;0.005479424;0.0031160320000000004;0.0022978559999999996;0.0024381439999999997;0.001790976;0.0017152;0.002768896;0.002464768;0.0018800639999999999;0.001601536;0.002453504;0.001503232;0.001329152;0.00116224;0.001282048;0.001317888;0.001656832;0.0019937279999999997;0.000818176;0.00050688;0.0009297919999999999;0.0012113920000000002;0.001158144;0.00124928;0.001261568
1774249200,hdr,0.0293;0.03906;0.04883;0.05859;0.06836;0.07813;0.08789;0.09766;0.10742;0.11719;0.12695;0.13672;0.14648;0.15625;0.16602;0.17578;0.18555;0.19531;0.20508;0.21484;0.22461;0.23438;0.24414;0.25391;0.26367;0.27344;0.2832;0.29297;0.30273;0.3125;0.32227;0.33203;0.3418;0.35156;0.36133;0.37109;0.38086;0.39063;0.40039;0.41016;0.41992;0.42969;0.43945;0.44922;0.45898;0.46875;0.47852;0.48828;0.49805;0.50781;0.51758;0.52734;0.53711;0.54688;0.55664;0.56641;0.57617;0.58594;0.5957;0.60547;0.61523;0.625;0.63477;0.64453;0.6543;0.66406;0.67383;0.68359;0.69336;0.70313;0.71289;0.72266;0.73242;0.74219;0.75195;0.76172;0.77148;0.78125;0.79102,0.013366272;0.015683584;0.023692288;0.04955648;0.039200768;0.035940352;0.038263807999999996;0.074124288;0.11234304;0.15545753599999998;0.16620851200000003;0.34284441600000004;0.5762252800000001;0.64374272;0.49424588799999997;0.43387494400000004;0.389710848;0.252125184;0.247911424;0.21359616;0.129903616;0.113112064;0.13629849600000002;0.096531456;0.074334208;0.061727744;0.06821273600000001;0.061901824;0.043981824;0.040409087999999996;0.037767168;0.025879552;0.030985216;0.018121728;0.014594048;0.012613632000000001;0.016309248;0.016139264;0.016236544;0.010910719999999999;0.011208704;0.011443199999999999;0.007648256;0.008961024;0.009702400000000002;0.008588288000000001;0.008740864;0.006161407999999999;0.006107135999999999;0.005230592;0.0038021120000000003;0.0044052480000000005;0.004269055999999999;0.0031324160000000003;0.004432896;0.00400384;0.00190976;0.002637824;0.003171328;0.0020838399999999996;0.0018411519999999998;0.0020797439999999997;0.0016097280000000002;0.0021442559999999998;0.0020746239999999997;0.001707008;0.0013608960000000001;0.001014784;0.001185792;0.001069056;0.001028096;0.001256448;0.0007946240000000001;0.000843776;0.000590848;0.0006676480000000001;0.001056768;0.0010762240000000002;0.001232896
1774250100,hdr,0.0293;0.03906;0.04883;0.05859;0.06836;0.07813;0.08789;0.09766;0.10742;0.11719;0.12695;0.13672;0.14648;0.15625;0.16602;0.17578;0.18555;0.19531;0.20508;0.21484;0.22461;0.23438;0.24414;0.25391;0.26367;0.27344;0.2832;0.29297;0.30273;0.3125;0.32227;0.33203;0.3418;0.35156;0.36133;0.37109;0.38086;0.39063;0.40039;0.41016;0.41992;0.42969;0.43945;0.44922;0.45898;0.46875;0.47852;0.48828;0.49805;0.50781;0.51758;0.52734;0.53711;0.54688;0.55664;0.56641;0.57617;0.58594;0.5957;0.60547;0.61523;0.625;0.63477;0.64453;0.6543;0.66406;0.67383;0.68359;0.69336;0.70313;0.71289;0.72266;0.73242;0.74219;0.75195;0.76172;0.77148;0.78125;0.79102,0.011940863999999999;0.018604032;0.023974912;0.03162624;0.02804224;0.02748928;0.04510208;0.08614604799999999;0.139465728;0.14923776;0.179039232;0.412158976;0.588790784;0.692989952;0.6929397760000001;0.38185779200000003;0.46455808000000004;0.300479488;0.166868992;0.12473958399999999;0.16272895999999998;0.227290112;0.17150463999999999;0.132502528;0.0876544;0.063821824;0.038294528;0.031956992;0.03999232;0.033816576;0.033672192000000004;0.024936448;0.019570688000000003;0.025234432;0.016265216;0.018101248;0.014235648;0.015685631999999998;0.012125184;0.011102207999999999;0.009534464;0.007025664;0.008866816000000001;0.012541951999999999;0.00802304;0.006882304;0.010481664;0.00892416;0.005282816000000001;0.004698112;0.004680704000000001;0.0030832639999999996;0.004148224;0.003948544;0.002315264;0.001922048;0.0020254720000000004;0.002371584;0.0025374720000000003;0.003378176;0.002475008;0.002609152;0.0021893120000000005;0.0019947520000000002;0.001575936;0.001534976;0.001206272;0.001011712;0.001206272;0.002089984;0.00238592;0.0014940160000000001;0.0009574399999999999;0.0008601600000000001;0.000858112;0.0010199039999999999;0.00128;0.001388544;0.0013352960000000001
1774251000,hdr,0.0293;0.03906;0.04883;0.05859;0.06836;0.07813;0.08789;0.09766;0.10742;0.11719;0.12695;0.13672;0.14648;0.15625;0.16602;0.17578;0.18555;0.19531;0.20508;0.21484;0.22461;0.23438;0.24414;0.25391;0.26367;0.27344;0.2832;0.29297;0.30273;0.3125;0.32227;0.33203;0.3418;0.35156;0.36133;0.37109;0.38086;0.39063;0.40039;0.41016;0.41992;0.42969;0.43945;0.44922;0.45898;0.46875;0.47852;0.48828;0.49805;0.50781;0.51758;0.52734;0.53711;0.54688;0.55664;0.56641;0.57617;0.58594;0.5957;0.60547;0.61523;0.625;0.63477;0.64453;0.6543;0.66406;0.67383;0.68359;0.69336;0.70313;0.71289;0.72266;0.73242;0.74219;0.75195;0.76172;0.77148;0.78125;0.79102,0.012273664;0.01700352;0.028212223999999998;0.04667392000000001;0.045899776;0.03272704;0.034699264;0.08313343999999999;0.12212838399999999;0.106733568;0.179095552;0.535817216;0.8621516800000001;0.910364672;0.675611648;0.559807488;0.483467264;0.415553536;0.25730048;0.21919334399999998;0.198335488;0.09168691200000001;0.08929792;0.10708275199999999;0.068009984;0.059392;0.046158847999999995;0.043947007999999996;0.034520063999999996;0.039630847999999996;0.030221312;0.017958912;0.019402752;0.014884864;0.019460096;0.021745664;0.019977216;0.018195456;0.013536256;0.009792512000000001;0.007448576;0.007073792000000001;0.0073011199999999995;0.011225088;0.00902144;0.008256512;0.007653375999999999;0.00628224;0.0065638400000000005;0.005061632000000001;0.006121471999999999;0.0051456;0.003924992;0.005605376;0.004083712000000001;0.003525632;0.003303424;0.0024801280000000003;0.00172544;0.002089984;0.001600512;0.002874368;0.003943424;0.00175104;0.000965632;0.001229824;0.0011909120000000001;0.001195008;0.001396736;0.0015226880000000001;0.001107968;0.000989184;0.000736256;0.001000448;0.001496064;0.0013752319999999999;0.0012687360000000001;0.00121344;0.0009984
1774251900,hdr,0.0293;0.03906;0.04883;0.05859;0.06836;0.07813;0.08789;0.09766;0.10742;0.11719;0.12695;0.13672;0.14648;0.15625;0.16602;0.17578;0.18555;0.19531;0.20508;0.21484;0.22461;0.23438;0.24414;0.25391;0.26367;0.27344;0.2832;0.29297;0.30273;0.3125;0.32227;0.33203;0.3418;0.35156;0.36133;0.37109;0.38086;0.39063;0.40039;0.41016;0.41992;0.42969;0.43945;0.44922;0.45898;0.46875;0.47852;0.48828;0.49805;0.50781;0.51758;0.52734;0.53711;0.54688;0.55664;0.56641;0.57617;0.58594;0.5957;0.60547;0.61523;0.625;0.63477;0.64453;0.6543;0.66406;0.67383;0.68359;0.69336;0.70313;0.71289;0.72266;0.73242;0.74219;0.75195;0.76172;0.77148;0.78125;0.79102,0.005839871999999999;0.012815360000000001;0.027658239999999997;0.026894335999999998;0.029889536;0.031863808;0.052007936000000005;0.093257728;0.101659648;0.12052582399999999;0.26714214399999997;0.43480576;0.6560071679999999;0.587308032;0.586418176;0.47552511999999997;0.335004672;0.24082534400000002;0.20753919999999998;0.23363379199999998;0.177355776;0.142210048;0.108101632;0.06439936;0.067300352;0.060133375999999995;0.051009536;0.052615168;0.05160448;0.057988095999999996;0.045205504;0.023691264;0.017998847999999998;0.020109311999999997;0.020724736;0.019827712;0.015777792;0.019591168000000003;0.016340992;0.010724352;0.010089472000000002;0.01154048;0.008428544;0.009183232;0.00999424;0.008958976;0.006284288000000001;0.006588415999999999;0.008245248;0.006234112;0.0054159360000000005;0.00339456;0.0034416639999999997;0.0035614720000000004;0.003556352;0.0032593920000000003;0.00318464;0.002040832;0.0012554240000000002;0.0018810880000000002;0.00238592;0.001700864;0.001865728;0.001293312;0.0015677439999999998;0.0013557760000000002;0.0009574399999999999;0.001212416;0.0012052480000000001;0.001143808;0.001164288;0.0009256959999999999;0.001024;0.0013240320000000002;0.000982016;0.0003328;0.000760832;0.0011509760000000002;0.00099328
1774252800,hdr,0.0293;0.03906;0.04883;0.05859;0.06836;0.07813;0.08789;0.09766;0.10742;0.11719;0.12695;0.13672;0.14648;0.15625;0.16602;0.17578;0.18555;0.19531;0.20508;0.21484;0.22461;0.23438;0.24414;0.25391;0.26367;0.27344;0.2832;0.29297;0.30273;0.3125;0.32227;0.33203;0.3418;0.35156;0.36133;0.37109;0.38086;0.39063;0.40039;0.41016;0.41992;0.42969;0.43945;0.44922;0.45898;0.46875;0.47852;0.48828;0.49805;0.50781;0.51758;0.52734;0.53711;0.54688;0.55664;0.56641;0.57617;0.58594;0.5957;0.60547;0.61523;0.625;0.63477;0.64453;0.6543;0.66406;0.67383;0.68359;0.69336;0.70313;0.71289;0.72266;0.73242;0.74219;0.75195;0.76172;0.77148;0.78125;0.79102,0.008853503999999998;0.014808064000000001;0.018510847999999996;0.023472128000000002;0.028459008;0.033635328;0.030954495999999998;0.066016256;0.07225651200000001;0.129401856;0.208292864;0.31266918399999993;0.56872448;0.740079616;0.7355146240000001;0.47863808;0.263918592;0.206507008;0.22838784000000004;0.2027008;0.11675852799999999;0.091348992;0.10447872;0.11283660799999999;0.062436352;0.077203456;0.06034432;0.051948544;0.043801599999999996;0.043595775999999996;0.031346688000000004;0.021404672000000003;0.026191871999999998;0.025534464;0.022626304;0.0123136;0.009020416000000002;0.01055232;0.017056768;0.020376576;0.012637184;0.008419328;0.010177536000000001;0.008435712000000001;0.008073216000000001;0.0078336;0.006598656;0.004321279999999999;0.00292864;0.004385792;0.005712895999999999;0.0042383360000000005;0.003909632;0.004375552;0.003795968;0.0032942079999999994;0.0027310080000000005;0.002982912;0.002115584;0.0023357440000000003;0.002115584;0.0019251199999999998;0.0020121600000000003;0.001559552;0.001656832;0.0017725439999999998;0.0015063040000000002;0.0011786239999999999;0.001281024;0.001273856;0.0012666880000000002;0.0011356159999999999;0.001004544;0.001298432;0.0009768959999999999;0.000666624;0.0009564160000000001;0.0006912;0.00057856
1774253700,hdr,0.0293;0.03906;0.04883;0.05859;0.06836;0.07813;0.08789;0.09766;0.10742;0.11719;0.12695;0.13672;0.14648;0.15625;0.16602;0.17578;0.18555;0.19531;0.20508;0.21484;0.22461;0.23438;0.24414;0.25391;0.26367;0.27344;0.2832;0.29297;0.30273;0.3125;0.32227;0.33203;0.3418;0.35156;0.36133;0.37109;0.38086;0.39063;0.40039;0.41016;0.41992;0.42969;0.43945;0.44922;0.45898;0.46875;0.47852;0.48828;0.49805;0.50781;0.51758;0.52734;0.53711;0.54688;0.55664;0.56641;0.57617;0.58594;0.5957;0.60547;0.61523;0.625;0.63477;0.64453;0.6543;0.66406;0.67383;0.68359;0.69336;0.70313;0.71289;0.72266;0.73242;0.74219;0.75195;0.76172;0.77148;0.78125;0.79102,0.005251072;0.011078656000000001;0.019453952;0.029511679999999995;0.026317824;0.032257024;0.042241024;0.081609728;0.154220544;0.12233011199999999;0.17953075200000002;0.410674176;0.6695413760000001;0.898642944;0.842279936;0.901859328;0.606245888;0.400403456;0.20949196800000003;0.135267328;0.1156096;0.122952704;0.07904256;0.08225792;0.10634752;0.08334336;0.060033024;0.054652927999999996;0.06326272;0.061856768000000006;0.037175296000000004;0.042643455999999996;0.042053632;0.036083712;0.021988352;0.021911552;0.018891776000000002;0.025443328;0.033667072;0.017404928000000004;0.010948608;0.01361408;0.014696448;0.008674304;0.008649727999999999;0.007614464;0.004374527999999999;0.006529024;0.007133184;0.006401023999999999;0.002748416;0.0038492160000000004;0.004611072;0.0036864000000000003;0.00325632;0.0028467199999999996;0.0033331199999999997;0.003180544;0.0021534719999999996;0.0025456639999999996;0.0025251839999999998;0.002564096;0.0018800639999999999;0.0015964160000000002;0.00198656;0.00170496;0.0013117439999999999;0.0009943039999999999;0.002417664;0.0021248;0.001134592;0.0008652800000000001;0.0010373119999999999;0.0007280640000000001;0.00098816;0.001009664;0.000800768;0.0006225919999999999;0.000611328
1774254600,hdr,0.0293;0.03906;0.04883;0.05859;0.06836;0.07813;0.08789;0.09766;0.10742;0.11719;0.12695;0.13672;0.14648;0.15625;0.16602;0.17578;0.18555;0.19531;0.20508;0.21484;0.22461;0.23438;0.24414;0.25391;0.26367;0.27344;0.2832;0.29297;0.30273;0.3125;0.32227;0.33203;0.3418;0.35156;0.36133;0.37109;0.38086;0.39063;0.40039;0.41016;0.41992;0.42969;0.43945;0.44922;0.45898;0.46875;0.47852;0.48828;0.49805;0.50781;0.51758;0.52734;0.53711;0.54688;0.55664;0.56641;0.57617;0.58594;0.5957;0.60547;0.61523;0.625;0.63477;0.64453;0.6543;0.66406;0.67383;0.68359;0.69336;0.70313;0.71289;0.72266;0.73242;0.74219;0.75195;0.76172;0.77148;0.78125;0.79102,0.00896512;0.026103808;0.025489407999999998;0.019546112;0.01273344;0.027055104;0.057051135999999995;0.09869312;0.14491238399999998;0.137496576;0.11748044799999999;0.42019839999999997;0.8823623679999999;0.810600448;0.6364712960000001;0.43352268800000004;0.48301568;0.3299584;0.146650112;0.15655833600000002;0.147707904;0.093574144;0.10963046400000001;0.116846592;0.088210432;0.060468224;0.049492992;0.043331584;0.031016960000000003;0.0488448;0.03849728000000001;0.020560896000000002;0.021088256;0.021962751999999995;0.0216576;0.017166336000000004;0.023493632;0.017190912;0.019644416;0.019874816;0.014195712;0.016771072;0.011894784;0.011862016000000001;0.01229824;0.010687488;0.008312832000000001;0.00580096;0.004796416;0.0063549439999999995;0.008966144;0.007576576;0.0060672;0.0032471040000000002;0.0024883199999999996;0.0032808959999999997;0.0051148800000000005;0.0037990400000000005;0.0014796800000000001;0.0025384959999999995;0.003039232;0.002023424;0.001358848;0.001588224;0.001399808;0.00141312;0.0015687680000000001;0.00133632;0.0011161600000000002;0.001127424;0.001042432;0.0009021439999999999;0.00113152;0.0009543679999999999;0.001243136;0.0006963200000000001;0.000590848;0.0006676480000000001;0.000662528
1774255500,hdr,0.0293;0.03906;0.04883;0.05859;0.06836;0.07813;0.08789;0.09766;0.10742;0.11719;0.12695;0.13672;0.14648;0.15625;0.16602;0.17578;0.18555;0.19531;0.20508;0.21484;0.22461;0.23438;0.24414;0.25391;0.26367;0.27344;0.2832;0.29297;0.30273;0.3125;0.32227;0.33203;0.3418;0.35156;0.36133;0.37109;0.38086;0.39063;0.40039;0.41016;0.41992;0.42969;0.43945;0.44922;0.45898;0.46875;0.47852;0.48828;0.49805;0.50781;0.51758;0.52734;0.53711;0.54688;0.55664;0.56641;0.57617;0.58594;0.5957;0.60547;0.61523;0.625;0.63477;0.64453;0.6543;0.66406;0.67383;0.68359;0.69336;0.70313;0.71289;0.72266;0.73242;0.74219;0.75195;0.76172;0.77148;0.78125;0.79102,0.00600064;0.016996352000000003;0.02185216;0.027428864;0.029333504;0.022198272;0.026312704000000003;0.063524864;0.132327424;0.08284569600000001;0.13711564799999998;0.6086328320000001;1.3584117759999998;1.173211136;1.12758784;0.859308032;0.477861888;0.33031987199999996;0.2134016;0.17338777600000002;0.133638144;0.16;0.124422144;0.104572928;0.048826368;0.047972351999999996;0.04965376;0.065593344;0.046499839999999994;0.042596352000000004;0.031971328;0.028401664;0.030152704000000002;0.040937472;0.022945792;0.019306496;0.033255424;0.027140096000000002;0.014813184;0.006881280000000001;0.011966464;0.013441024000000001;0.00989184;0.010127359999999998;0.008470528;0.0070123519999999995;0.008626176;0.009744384;0.006934528000000001;0.008337408;0.006987776;0.005025792;0.0040796159999999995;0.005527552;0.0040345599999999995;0.003764224;0.004478976000000001;0.003753984;0.002080768;0.002277376;0.001900544;0.002123776;0.001734656;0.001726464;0.00162816;0.0013864959999999999;0.0016445440000000002;0.001636352;0.001462272;0.0013660159999999998;0.0014028799999999998;0.001345536;0.001263616;0.001028096;0.000843776;0.000759808;0.0008744960000000001;0.0008110079999999999;0.0012308479999999999
1774257300,hdr,0.0293;0.03906;0.04883;0.05859;0.06836;0.07813;0.08789;0.09766;0.10742;0.11719;0.12695;0.13672;0.14648;0.15625;0.16602;0.17578;0.18555;0.19531;0.20508;0.21484;0.22461;0.23438;0.24414;0.25391;0.26367;0.27344;0.2832;0.29297;0.30273;0.3125;0.32227;0.33203;0.3418;0.35156;0.36133;0.37109;0.38086;0.39063;0.40039;0.41016;0.41992;0.42969;0.43945;0.44922;0.45898;0.46875;0.47852;0.48828;0.49805;0.50781;0.51758;0.52734;0.53711;0.54688;0.55664;0.56641;0.57617;0.58594;0.5957;0.60547;0.61523;0.625;0.63477;0.64453;0.6543;0.66406;0.67383;0.68359;0.69336;0.70313;0.71289;0.72266;0.73242;0.74219;0.75195;0.76172;0.77148;0.78125;0.79102,0.010032128000000001;0.017559552;0.026477568000000003;0.029923328000000003;0.020951039999999997;0.053803008;0.05426278400000001;0.07771136000000001;0.125928448;0.11810918399999999;0.139257856;0.38426112;0.62974976;1.012134912;0.968295424;0.485587968;0.29098393600000005;0.28825497600000005;0.173357056;0.203000832;0.22042009599999998;0.093497344;0.09536512000000001;0.090523648;0.082597888;0.085696512;0.041398272;0.062002176;0.06132736;0.05641216;0.033567744;0.025880576000000002;0.030834688;0.027126784;0.021093376;0.023016448000000002;0.022474752;0.013268992;0.017259519999999997;0.020456448;0.014523392;0.008737792000000001;0.007877632;0.007367680000000001;0.008541183999999999;0.00919552;0.007386112;0.0045875199999999994;0.003431424;0.004097024;0.004153344;0.004989951999999999;0.004973568;0.003848192;0.003693568;0.00253952;0.0024299520000000004;0.0034109440000000004;0.0025743360000000004;0.0026941440000000003;0.0032133120000000003;0.00207872;0.0015738879999999998;0.002768896;0.0021442559999999998;0.0013568;0.0010649599999999998;0.000779264;0.00141824;0.001498112;0.001384448;0.001446912;0.000992256;0.001114112;0.0009605120000000001;0.000626688;0.000791552;0.0007843840000000001;0.000623616
1774258200,hdr,0.0293;0.03906;0.04883;0.05859;0.06836;0.07813;0.08789;0.09766;0.10742;0.11719;0.12695;0.13672;0.14648;0.15625;0.16602;0.17578;0.18555;0.19531;0.20508;0.21484;0.22461;0.23438;0.24414;0.25391;0.26367;0.27344;0.2832;0.29297;0.30273;0.3125;0.32227;0.33203;0.3418;0.35156;0.36133;0.37109;0.38086;0.39063;0.40039;0.41016;0.41992;0.42969;0.43945;0.44922;0.45898;0.46875;0.47852;0.48828;0.49805;0.50781;0.51758;0.52734;0.53711;0.54688;0.55664;0.56641;0.57617;0.58594;0.5957;0.60547;0.61523;0.625;0.63477;0.64453;0.6543;0.66406;0.67383;0.68359;0.69336;0.70313;0.71289;0.72266;0.73242;0.74219;0.75195;0.76172;0.77148;0.78125;0.79102,0.006950911999999999;0.010313728;0.0220928;0.032610304;0.025030656;0.040439808;0.02984448;0.060269568;0.12462489600000001;0.090546176;0.086427648;0.452652032;0.946817024;0.754699264;0.596701184;0.405326848;0.267452416;0.290353152;0.183711744;0.0869376;0.09601433599999999;0.064571392;0.068619264;0.055417856;0.075551744;0.087670784;0.06557081599999999;0.076966912;0.056175616;0.041214976;0.024764416;0.020081664;0.020997119999999998;0.02081792;0.017202176000000003;0.020142080000000003;0.015148032;0.014927872000000002;0.01522176;0.011086848;0.006612992;0.010117119999999999;0.010662912;0.006934528000000001;0.008605696;0.007494656;0.0073185279999999995;0.006370304;0.00652288;0.003464192;0.0042485760000000004;0.00413184;0.003955712;0.003710976;0.0034375680000000002;0.003175424;0.0024494079999999997;0.002254848;0.0018012159999999998;0.001782784;0.001790976;0.001620992;0.001975296;0.001600512;0.001626112;0.0014929920000000003;0.001155072;0.0013404159999999999;0.001811456;0.001477632;0.0013987840000000001;0.0009431040000000001;0.0009287680000000001;0.000763904;0.0012359679999999998;0.001529856;0.0015144960000000002;0.001058816;0.0005847039999999999
1774259100,hdr,0.0293;0.03906;0.04883;0.05859;0.06836;0.07813;0.08789;0.09766;0.10742;0.11719;0.12695;0.13672;0.14648;0.15625;0.16602;0.17578;0.18555;0.19531;0.20508;0.21484;0.22461;0.23438;0.24414;0.25391;0.26367;0.27344;0.2832;0.29297;0.30273;0.3125;0.32227;0.33203;0.3418;0.35156;0.36133;0.37109;0.38086;0.39063;0.40039;0.41016;0.41992;0.42969;0.43945;0.44922;0.45898;0.46875;0.47852;0.48828;0.49805;0.50781;0.51758;0.52734;0.53711;0.54688;0.55664;0.56641;0.57617;0.58594;0.5957;0.60547;0.61523;0.625;0.63477;0.64453;0.6543;0.66406;0.67383;0.68359;0.69336;0.70313;0.71289;0.72266;0.73242;0.74219;0.75195;0.76172;0.77148;0.78125;0.79102,0.005533696;0.0080384;0.0150016;0.022898687999999997;0.028157952;0.030191615999999998;0.023171072;0.06684876800000002;0.14266163199999998;0.084586496;0.15683993599999999;0.37684224;0.685154304;1.048426496;0.817426432;0.346136576;0.22136422400000003;0.253927424;0.20947763200000002;0.126724096;0.09173606399999999;0.089950208;0.100282368;0.09348095999999999;0.091664384;0.098086912;0.095975424;0.054228992;0.034551808;0.032647168000000004;0.033042432000000004;0.042520576000000004;0.0300032;0.011411456;0.010205183999999999;0.016484352000000004;0.021047296;0.014462975999999999;0.008704;0.009621504;0.007817216;0.009201663999999998;0.009121792;0.0058122239999999995;0.0067235839999999995;0.006221824;0.0063078399999999995;0.006959104000000001;0.0062853119999999995;0.0043806719999999995;0.003729408;0.005093376;0.003889152;0.004245504000000001;0.004419584000000001;0.0034652159999999997;0.00283648;0.004810752;0.003207168;0.002883584;0.003336192;0.002811904;0.00165888;0.0018432000000000001;0.002009088;0.001574912;0.0018513919999999999;0.001101824;0.001234944;0.001159168;0.000923648;0.00126976;0.0009482239999999999;0.000864256;0.0014929920000000003;0.0007843840000000001;0.000712704;0.001015808;0.000661504
1774260000,hdr,0.0293;0.03906;0.04883;0.05859;0.06836;0.07813;0.08789;0.09766;0.10742;0.11719;0.12695;0.13672;0.14648;0.15625;0.16602;0.17578;0.18555;0.19531;0.20508;0.21484;0.22461;0.23438;0.24414;0.25391;0.26367;0.27344;0.2832;0.29297;0.30273;0.3125;0.32227;0.33203;0.3418;0.35156;0.36133;0.37109;0.38086;0.39063;0.40039;0.41016;0.41992;0.42969;0.43945;0.44922;0.45898;0.46875;0.47852;0.48828;0.49805;0.50781;0.51758;0.52734;0.53711;0.54688;0.55664;0.56641;0.57617;0.58594;0.5957;0.60547;0.61523;0.625;0.63477;0.64453;0.6543;0.66406;0.67383;0.68359;0.69336;0.70313;0.71289;0.72266;0.73242;0.74219;0.75195;0.76172;0.77148;0.78125;0.79102,0.0016291839999999999;0.004473856;0.009222144;0.015599616;0.017898496000000003;0.035584;0.043953152;0.053852159999999996;0.080514048;0.10448896;0.0834816;0.25614336;0.69252096;0.8910632960000001;0.635454464;0.35878707200000004;0.246939648;0.221251584;0.220895232;0.14174822399999998;0.116514816;0.111085568;0.099663872;0.111529984;0.11204505599999999;0.06326272;0.086035456;0.037004288;0.040497152;0.037254144;0.049012735999999994;0.0409088;0.036953088;0.034246656;0.024203264;0.019694592;0.017229824;0.018026496000000003;0.010509312;0.010254336000000001;0.006793216;0.008825856;0.0075776;0.006936576;0.00680448;0.004936704;0.005131264;0.005668864000000001;0.003513344;0.002890752;0.00494592;0.0037222400000000004;0.004472832;0.002622464;0.002762752;0.002399232;0.0018411519999999998;0.002336768;0.002896896;0.0031406079999999996;0.0034334720000000003;0.002448384;0.001404928;0.0013701120000000002;0.001425408;0.001476608;0.001071104;0.0014151679999999999;0.001391616;0.001635328;0.0015513600000000001;0.0013004800000000001;0.00146944;0.000828416;0.000918528;0.0011284479999999998;0.001102848;0.001220608;0.00097792
1774260900,hdr,0.0293;0.03906;0.04883;0.05859;0.06836;0.07813;0.08789;0.09766;0.10742;0.11719;0.12695;0.13672;0.14648;0.15625;0.16602;0.17578;0.18555;0.19531;0.20508;0.21484;0.22461;0.23438;0.24414;0.25391;0.26367;0.27344;0.2832;0.29297;0.30273;0.3125;0.32227;0.33203;0.3418;0.35156;0.36133;0.37109;0.38086;0.39063;0.40039;0.41016;0.41992;0.42969;0.43945;0.44922;0.45898;0.46875;0.47852;0.48828;0.49805;0.50781;0.51758;0.52734;0.53711;0.54688;0.55664;0.56641;0.57617;0.58594;0.5957;0.60547;0.61523;0.625;0.63477;0.64453;0.6543;0.66406;0.67383;0.68359;0.69336;0.70313;0.71289;0.72266;0.73242;0.74219;0.75195;0.76172;0.77148;0.78125;0.79102,0.00444416;0.005275648;0.020127744;0.03084288;0.020449280000000004;0.0313344;0.027305984000000002;0.060700672;0.14571520000000002;0.126808064;0.121745408;0.414482432;1.1027455999999998;1.073860608;0.6427054080000001;0.473460736;0.30997094399999997;0.276191232;0.13008281600000002;0.107595776;0.07937433599999999;0.09121792000000001;0.080601088;0.072116224;0.10389299200000002;0.060598272;0.041930752;0.043227136;0.078178304;0.075753472;0.041674752;0.039385088000000006;0.043788288;0.024629248;0.013365248;0.014131199999999998;0.022116352;0.018671616000000002;0.00828416;0.005900287999999999;0.007591936;0.00772096;0.005572608000000001;0.00750592;0.005677056000000001;0.00326656;0.003366912;0.0031375360000000002;0.005971968000000001;0.005277696;0.002637824;0.00318464;0.001517568;0.00176128;0.0024084479999999997;0.002258944;0.001865728;0.0011919360000000002;0.001900544;0.00183296;0.002125824;0.001765376;0.001937408;0.002197504;0.001927168;0.0021299199999999996;0.00251904;0.002097152;0.0012451839999999999;0.0009400319999999999;0.000888832;0.001517568;0.001572864;0.0008704;0.0007290879999999999;0.0008867839999999999;0.0005734399999999999;0.00062464;0.0008560640000000001
1774261800,hdr,0.0293;0.03906;0.04883;0.05859;0.06836;0.07813;0.08789;0.09766;0.10742;0.11719;0.12695;0.13672;0.14648;0.15625;0.16602;0.17578;0.18555;0.19531;0.20508;0.21484;0.22461;0.23438;0.24414;0.25391;0.26367;0.27344;0.2832;0.29297;0.30273;0.3125;0.32227;0.33203;0.3418;0.35156;0.36133;0.37109;0.38086;0.39063;0.40039;0.41016;0.41992;0.42969;0.43945;0.44922;0.45898;0.46875;0.47852;0.48828;0.49805;0.50781;0.51758;0.52734;0.53711;0.54688;0.55664;0.56641;0.57617;0.58594;0.5957;0.60547;0.61523;0.625;0.63477;0.64453;0.6543;0.66406;0.67383;0.68359;0.69336;0.70313;0.71289;0.72266;0.73242;0.74219;0.75195;0.76172;0.77148;0.78125;0.79102,0.002328576;0.0053391359999999995;0.009957376;0.022700032;0.017371136;0.029806591999999996;0.04155392;0.068448256;0.149417984;0.13917184;0.13661593600000002;0.462485504;0.9892229119999999;1.240576;0.8958013439999999;0.360546304;0.34473779200000004;0.241020928;0.119973888;0.10622975999999999;0.096518144;0.09521766400000001;0.11236761599999999;0.09749094400000001;0.076324864;0.070561792;0.08177868800000002;0.09934847999999999;0.063244288;0.071780352;0.063762432;0.035241984000000004;0.030124032;0.030672896;0.021250048;0.015067136;0.019828736;0.01862656;0.012109824;0.007723008;0.007235584;0.007657472;0.009484287999999999;0.010911744000000001;0.010072063999999999;0.00856064;0.0049152;0.002742272;0.002428928;0.0035696639999999997;0.004286464;0.0033812479999999995;0.0025374720000000003;0.0034979840000000004;0.00422912;0.003805184;0.0022712319999999998;0.00218112;0.002318336;0.002588672;0.0026112;0.0027893759999999997;0.002168832;0.002011136;0.002011136;0.001374208;0.0008867839999999999;0.000759808;0.000772096;0.000913408;0.0009400319999999999;0.000827392;0.00082944;0.00065536;0.0008663039999999999;0.000841728;0.0009727999999999999;0.0011448320000000001;0.0008765439999999999
1774262700,hdr,0.0293;0.03906;0.04883;0.05859;0.06836;0.07813;0.08789;0.09766;0.10742;0.11719;0.12695;0.13672;0.14648;0.15625;0.16602;0.17578;0.18555;0.19531;0.20508;0.21484;0.22461;0.23438;0.24414;0.25391;0.26367;0.27344;0.2832;0.29297;0.30273;0.3125;0.32227;0.33203;0.3418;0.35156;0.36133;0.37109;0.38086;0.39063;0.40039;0.41016;0.41992;0.42969;0.43945;0.44922;0.45898;0.46875;0.47852;0.48828;0.49805;0.50781;0.51758;0.52734;0.53711;0.54688;0.55664;0.56641;0.57617;0.58594;0.5957;0.60547;0.61523;0.625;0.63477;0.64453;0.6543;0.66406;0.67383;0.68359;0.69336;0.70313;0.71289;0.72266;0.73242;0.74219;0.75195;0.76172;0.77148;0.78125;0.79102,0.001601536;0.003453952;0.016067584;0.036379648;0.015035392;0.026244095999999998;0.031171584;0.044342272;0.099915776;0.15956172799999999;0.24616755199999998;0.431504384;0.880628736;0.995311616;0.45687091199999996;0.29327359999999997;0.245707776;0.262531072;0.187889664;0.094727168;0.08905318400000001;0.0781824;0.064201728;0.069920768;0.069470208;0.07292006399999999;0.067781632;0.100972544;0.09248972800000001;0.067712;0.05682175999999999;0.033460224;0.030687232;0.02243584;0.027713536;0.01560576;0.01278464;0.016027648;0.017668095999999998;0.014773248000000001;0.010250239999999999;0.006057984000000001;0.009329664;0.010073088;0.011187200000000001;0.008845312;0.008189952;0.006553600000000001;0.004185088000000001;0.004281344;0.002427904;0.0019537919999999998;0.003136512;0.003821568;0.0031774719999999998;0.00263168;0.0026531840000000003;0.002813952;0.00195584;0.0027514880000000003;0.001769472;0.001391616;0.0016066560000000001;0.001686528;0.0025610240000000003;0.00178688;0.001133568;0.001483776;0.001373184;0.000979968;0.00142848;0.0014438399999999998;0.001041408;0.001267712;0.00100352;0.001007616;0.001106944;0.001232896;0.001373184
1774263600,hdr,0.0293;0.03906;0.04883;0.05859;0.06836;0.07813;0.08789;0.09766;0.10742;0.11719;0.12695;0.13672;0.14648;0.15625;0.16602;0.17578;0.18555;0.19531;0.20508;0.21484;0.22461;0.23438;0.24414;0.25391;0.26367;0.27344;0.2832;0.29297;0.30273;0.3125;0.32227;0.33203;0.3418;0.35156;0.36133;0.37109;0.38086;0.39063;0.40039;0.41016;0.41992;0.42969;0.43945;0.44922;0.45898;0.46875;0.47852;0.48828;0.49805;0.50781;0.51758;0.52734;0.53711;0.54688;0.55664;0.56641;0.57617;0.58594;0.5957;0.60547;0.61523;0.625;0.63477;0.64453;0.6543;0.66406;0.67383;0.68359;0.69336;0.70313;0.71289;0.72266;0.73242;0.74219;0.75195;0.76172;0.77148;0.78125;0.79102,0.008228863999999999;0.014917632;0.018077696;0.03002368;0.026209279999999998;0.018981888000000002;0.019481599999999998;0.0631808;0.10885120000000001;0.122668032;0.23488819200000002;0.5397207039999999;0.99744768;0.616042496;0.40541696000000005;0.361731072;0.29219737600000006;0.194045952;0.186464256;0.23205478400000001;0.171137024;0.12095488;0.08239104000000001;0.10481254400000001;0.08598016;0.081540096;0.07216639999999999;0.092135424;0.067596288;0.05521408;0.052313088;0.050192384;0.038539264000000004;0.034085888;0.034554879999999996;0.028307455999999998;0.0132352;0.013288448;0.019726336;0.0163072;0.013631487999999999;0.012569599999999998;0.018589696;0.014464;0.011118591999999998;0.009632768;0.0065617919999999995;0.004441088;0.002413568;0.002886656;0.004436992;0.0051650559999999995;0.004231168;0.003488768;0.0035327999999999996;0.003158016;0.0022394880000000004;0.00244736;0.00263168;0.00115712;0.001380352;0.0024811519999999995;0.001436672;0.00134144;0.0014243840000000001;0.001564672;0.002325504;0.0021288960000000003;0.001796096;0.0012953600000000002;0.001002496;0.0010209280000000002;0.000970752;0.000771072;0.000628736;0.00073216;0.001091584;0.001645568;0.00133632
1774264500,hdr,0.0293;0.03906;0.04883;0.05859;0.06836;0.07813;0.08789;0.09766;0.10742;0.11719;0.12695;0.13672;0.14648;0.15625;0.16602;0.17578;0.18555;0.19531;0.20508;0.21484;0.22461;0.23438;0.24414;0.25391;0.26367;0.27344;0.2832;0.29297;0.30273;0.3125;0.32227;0.33203;0.3418;0.35156;0.36133;0.37109;0.38086;0.39063;0.40039;0.41016;0.41992;0.42969;0.43945;0.44922;0.45898;0.46875;0.47852;0.48828;0.49805;0.50781;0.51758;0.52734;0.53711;0.54688;0.55664;0.56641;0.57617;0.58594;0.5957;0.60547;0.61523;0.625;0.63477;0.64453;0.6543;0.66406;0.67383;0.68359;0.69336;0.70313;0.71289;0.72266;0.73242;0.74219;0.75195;0.76172;0.77148;0.78125;0.79102,0.011223039999999998;0.008452096;0.019447807999999997;0.031551487999999996;0.027531264;0.0429568;0.034439168000000006;0.049360895999999994;0.14553907200000002;0.20083712;0.239480832;0.8097239039999999;1.4951936000000001;1.127200768;0.4388208639999999;0.219850752;0.17298432;0.21351424;0.126042112;0.10349567999999999;0.08976384;0.08866816000000001;0.092153856;0.092432384;0.07952588799999999;0.07085260800000001;0.06598246399999999;0.13068697599999998;0.06491750399999999;0.062001152;0.054163456;0.035864576;0.033376256;0.03922944;0.032059392000000006;0.023328768;0.020027392;0.015720447999999998;0.011634688;0.010184704;0.010125312;0.009570304;0.008056832;0.00811008;0.006926336;0.005914623999999999;0.004890624;0.003268608;0.005179392;0.005611519999999999;0.005025792;0.004825088;0.00398336;0.002646016;0.0027156479999999998;0.002717696;0.0021667839999999997;0.0014376960000000002;0.0019455999999999998;0.003391488;0.002512896;0.001425408;0.001519616;0.002707456;0.0023552;0.0019046400000000002;0.001380352;0.001308672;0.001312768;0.001011712;0.000888832;0.001243136;0.001353728;0.0007946240000000001;0.000776192;0.000968704;0.000743424;0.0009564160000000001;0.000841728
1774265400,hdr,0.0293;0.03906;0.04883;0.05859;0.06836;0.07813;0.08789;0.09766;0.10742;0.11719;0.12695;0.13672;0.14648;0.15625;0.16602;0.17578;0.18555;0.19531;0.20508;0.21484;0.22461;0.23438;0.24414;0.25391;0.26367;0.27344;0.2832;0.29297;0.30273;0.3125;0.32227;0.33203;0.3418;0.35156;0.36133;0.37109;0.38086;0.39063;0.40039;0.41016;0.41992;0.42969;0.43945;0.44922;0.45898;0.46875;0.47852;0.48828;0.49805;0.50781;0.51758;0.52734;0.53711;0.54688;0.55664;0.56641;0.57617;0.58594;0.5957;0.60547;0.61523;0.625;0.63477;0.64453;0.6543;0.66406;0.67383;0.68359;0.69336;0.70313;0.71289;0.72266;0.73242;0.74219;0.75195;0.76172;0.77148;0.78125;0.79102,0.0047144959999999994;0.007880704;0.016664576;0.022366208;0.019816448;0.030001152000000003;0.043153408;0.053776383999999997;0.075825152;0.16159744;0.437106688;0.9393295359999999;1.593044992;1.0736168959999999;0.458395648;0.254562304;0.142585856;0.095346688;0.115881984;0.11394252799999999;0.103569408;0.071790592;0.12414566399999999;0.08595865600000001;0.10579353600000001;0.105949184;0.088467456;0.083697664;0.08798617600000001;0.071671808;0.064765952;0.04683776;0.03543654399999999;0.02558976;0.020531199999999996;0.01319936;0.014489599999999998;0.008968192000000002;0.014481408;0.020041727999999998;0.009682944;0.00708608;0.008785920000000001;0.006383616;0.0064348159999999995;0.0052142080000000006;0.007172095999999999;0.005146624;0.00468992;0.006498304;0.0042496;0.003610624;0.0026685439999999997;0.0027975680000000003;0.002809856;0.0034263040000000002;0.002994176;0.0028487680000000002;0.001591296;0.002033664;0.002994176;0.002019328;0.00155648;0.00136192;0.001435648;0.00203776;0.0018042879999999998;0.0015114240000000001;0.0008335360000000001;0.001155072;0.00151552;0.001572864;0.0017203200000000002;0.001517568;0.000774144;0.000772096;0.001015808;0.0010813440000000001;0.0008192000000000001
1774266300,hdr,0.0293;0.03906;0.04883;0.05859;0.06836;0.07813;0.08789;0.09766;0.10742;0.11719;0.12695;0.13672;0.14648;0.15625;0.16602;0.17578;0.18555;0.19531;0.20508;0.21484;0.22461;0.23438;0.24414;0.25391;0.26367;0.27344;0.2832;0.29297;0.30273;0.3125;0.32227;0.33203;0.3418;0.35156;0.36133;0.37109;0.38086;0.39063;0.40039;0.41016;0.41992;0.42969;0.43945;0.44922;0.45898;0.46875;0.47852;0.48828;0.49805;0.50781;0.51758;0.52734;0.53711;0.54688;0.55664;0.56641;0.57617;0.58594;0.5957;0.60547;0.61523;0.625;0.63477;0.64453;0.6543;0.66406;0.67383;0.68359;0.69336;0.70313;0.71289;0.72266;0.73242;0.74219;0.75195;0.76172;0.77148;0.78125;0.79102,0.00247808;0.010424319999999999;0.017444863999999997;0.039440383999999995;0.030388224000000002;0.04012032;0.036589567999999996;0.028571648;0.089401344;0.20582604799999998;0.479649792;1.137158144;1.297207296;0.708499456;0.585119744;0.41441279999999997;0.29557964800000003;0.144881664;0.09346867199999999;0.11393023999999999;0.109682688;0.129701888;0.096518144;0.068528128;0.08267161599999999;0.11187609600000001;0.093097984;0.088643584;0.112084992;0.093126656;0.05348352;0.039254016;0.042283008000000004;0.03801497599999999;0.034095104;0.02830336;0.022368255999999996;0.022634496;0.020588543999999997;0.013637632;0.017317888;0.017569792;0.0156672;0.010098688;0.012537856;0.010962943999999999;0.008583168000000002;0.008921087999999999;0.006344704;0.00377856;0.00339968;0.003293184;0.0036515840000000003;0.00357376;0.00336896;0.0021872639999999995;0.002465792;0.003151872;0.003489792;0.002086912;0.002197504;0.003049472;0.00234496;0.002168832;0.0026419199999999994;0.00231424;0.0024637440000000004;0.002494464;0.002387968;0.003026944;0.001849344;0.00160768;0.001134592;0.00090112;0.0008355839999999999;0.0007086080000000001;0.00100352;0.0009973760000000001;0.001247232
1774267200,hdr,0.0293;0.03906;0.04883;0.05859;0.06836;0.07813;0.08789;0.09766;0.10742;0.11719;0.12695;0.13672;0.14648;0.15625;0.16602;0.17578;0.18555;0.19531;0.20508;0.21484;0.22461;0.23438;0.24414;0.25391;0.26367;0.27344;0.2832;0.29297;0.30273;0.3125;0.32227;0.33203;0.3418;0.35156;0.36133;0.37109;0.38086;0.39063;0.40039;0.41016;0.41992;0.42969;0.43945;0.44922;0.45898;0.46875;0.47852;0.48828;0.49805;0.50781;0.51758;0.52734;0.53711;0.54688;0.55664;0.56641;0.57617;0.58594;0.5957;0.60547;0.61523;0.625;0.63477;0.64453;0.6543;0.66406;0.67383;0.68359;0.69336;0.70313;0.71289;0.72266;0.73242;0.74219;0.75195;0.76172;0.77148;0.78125;0.79102,0.004462592;0.015788032;0.026351615999999998;0.019302399999999997;0.026646528;0.027621376;0.03383296;0.036763648;0.08361369600000002;0.151564288;0.417181696;0.625088512;1.073266688;0.9467535360000001;0.403625984;0.202903552;0.10467328;0.151068672;0.141062144;0.11176755199999999;0.07913472;0.09059737600000001;0.09858457600000001;0.08879103999999999;0.076333056;0.074522624;0.07557734399999999;0.080959488;0.06892543999999999;0.054874111999999996;0.031879168;0.033701888;0.038633471999999995;0.027404288;0.019134464;0.017557504;0.012873728;0.011560959999999999;0.014366720000000001;0.009840640000000001;0.012204032;0.013709312;0.010072063999999999;0.007862272;0.0070942719999999996;0.008026111999999998;0.006107135999999999;0.007124992;0.005988352;0.0053411840000000006;0.004835328;0.00434176;0.004868096000000001;0.0039321600000000005;0.0035368960000000003;0.005218304;0.004358144;0.003868672;0.002885632;0.0022937599999999997;0.002045952;0.002371584;0.003104768;0.002193408;0.0017530879999999999;0.0017018880000000001;0.00197632;0.001611776;0.0014438399999999998;0.001867776;0.0020357120000000003;0.0014458880000000002;0.001130496;0.001431552;0.001261568;0.0014151679999999999;0.0012288;0.0009420800000000001;0.001294336
1774268100,hdr,0.0293;0.03906;0.04883;0.05859;0.06836;0.07813;0.08789;0.09766;0.10742;0.11719;0.12695;0.13672;0.14648;0.15625;0.16602;0.17578;0.18555;0.19531;0.20508;0.21484;0.22461;0.23438;0.24414;0.25391;0.26367;0.27344;0.2832;0.29297;0.30273;0.3125;0.32227;0.33203;0.3418;0.35156;0.36133;0.37109;0.38086;0.39063;0.40039;0.41016;0.41992;0.42969;0.43945;0.44922;0.45898;0.46875;0.47852;0.48828;0.49805;0.50781;0.51758;0.52734;0.53711;0.54688;0.55664;0.56641;0.57617;0.58594;0.5957;0.60547;0.61523;0.625;0.63477;0.64453;0.6543;0.66406;0.67383;0.68359;0.69336;0.70313;0.71289;0.72266;0.73242;0.74219;0.75195;0.76172;0.77148;0.78125;0.79102,0.001537024;0.009009152;0.021016576000000002;0.027237376;0.033235968;0.05367808;0.041391104;0.0507392;0.123049984;0.31223193600000004;0.42068992;0.5582551039999999;0.794121216;0.598262784;0.2219264;0.216955904;0.238107648;0.14921216;0.120941568;0.092803072;0.103600128;0.09345023999999999;0.09476095999999999;0.126585856;0.126834688;0.10813030399999998;0.1753344;0.107020288;0.088665088;0.044345343999999995;0.04109312;0.049959936;0.045044735999999995;0.038725631999999996;0.019311616;0.012866559999999999;0.014358528;0.022752256;0.015128576000000001;0.015279104;0.012988416000000001;0.011168768;0.014395392;0.014288895999999999;0.00935936;0.007078912000000001;0.0049879040000000005;0.005353472;0.00451072;0.005026816;0.004491264;0.004327424;0.0058941440000000005;0.0036024319999999996;0.002082816;0.002403328;0.002482176;0.002704384;0.002527232;0.001989632;0.001552384;0.0009984;0.0008222720000000001;0.000894976;0.001830912;0.0021370879999999997;0.001542144;0.0020797439999999997;0.001792;0.001381376;0.001242112;0.001731584;0.00118272;0.0009523200000000001;0.0011735040000000001;0.001088512;0.00107008;0.0012369920000000001;0.0015144960000000002
1774269000,hdr,0.0293;0.03906;0.04883;0.05859;0.06836;0.07813;0.08789;0.09766;0.10742;0.11719;0.12695;0.13672;0.14648;0.15625;0.16602;0.17578;0.18555;0.19531;0.20508;0.21484;0.22461;0.23438;0.24414;0.25391;0.26367;0.27344;0.2832;0.29297;0.30273;0.3125;0.32227;0.33203;0.3418;0.35156;0.36133;0.37109;0.38086;0.39063;0.40039;0.41016;0.41992;0.42969;0.43945;0.44922;0.45898;0.46875;0.47852;0.48828;0.49805;0.50781;0.51758;0.52734;0.53711;0.54688;0.55664;0.56641;0.57617;0.58594;0.5957;0.60547;0.61523;0.625;0.63477;0.64453;0.6543;0.66406;0.67383;0.68359;0.69336;0.70313;0.71289;0.72266;0.73242;0.74219;0.75195;0.76172;0.77148;0.78125;0.79102,0.005773312;0.01257984;0.01910784;0.028116991999999997;0.021795839999999997;0.03495424;0.039424;0.06191616;0.220397568;0.34391039999999995;0.6061557759999999;0.55679488;0.908582912;1.000938496;0.7136860159999999;0.315830272;0.239213568;0.18690252799999998;0.11314687999999999;0.106909696;0.10831667199999999;0.066989056;0.084839424;0.113221632;0.063277056;0.056595455999999995;0.057650176;0.074018816;0.045049856;0.04055756800000001;0.036762624;0.028151807999999997;0.026960896;0.035717120000000005;0.031280128;0.022933504;0.023793664;0.023845888;0.021532672000000003;0.020273152;0.015071232;0.011586560000000001;0.010475519999999999;0.007248896;0.008222720000000001;0.0076288;0.007059456;0.0055951360000000006;0.00489472;0.005121024;0.006114304;0.00485888;0.0037949439999999997;0.003567616;0.002716672;0.002835456;0.004123648;0.004117504;0.0028272640000000003;0.002280448;0.002661376;0.00247808;0.001650688;0.001584128;0.001619968;0.001800192;0.0010803199999999998;0.0013690880000000003;0.001707008;0.0031774719999999998;0.0028088320000000003;0.002013184;0.001895424;0.001783808;0.000910336;0.000837632;0.001558528;0.0014346239999999998;0.0014745600000000002
1774269900,hdr,0.0293;0.03906;0.04883;0.05859;0.06836;0.07813;0.08789;0.09766;0.10742;0.11719;0.12695;0.13672;0.14648;0.15625;0.16602;0.17578;0.18555;0.19531;0.20508;0.21484;0.22461;0.23438;0.24414;0.25391;0.26367;0.27344;0.2832;0.29297;0.30273;0.3125;0.32227;0.33203;0.3418;0.35156;0.36133;0.37109;0.38086;0.39063;0.40039;0.41016;0.41992;0.42969;0.43945;0.44922;0.45898;0.46875;0.47852;0.48828;0.49805;0.50781;0.51758;0.52734;0.53711;0.54688;0.55664;0.56641;0.57617;0.58594;0.5957;0.60547;0.61523;0.625;0.63477;0.64453;0.6543;0.66406;0.67383;0.68359;0.69336;0.70313;0.71289;0.72266;0.73242;0.74219;0.75195;0.76172;0.77148;0.78125;0.79102,0.006432768;0.020533248;0.028639232;0.030564352;0.033494016;0.040115200000000004;0.048009216;0.065468416;0.239807488;0.341892096;0.5083392;0.508771328;0.66334208;0.6389503999999999;0.5588019200000001;0.24500223999999998;0.13580288;0.120501248;0.123952128;0.114922496;0.080630784;0.09340620800000002;0.083867648;0.060588032;0.05647872;0.064258048;0.06862336;0.042682368;0.041914368;0.052084736;0.050158591999999995;0.032646144;0.026589184000000002;0.025416704;0.030782464;0.027872256;0.018689024000000002;0.010617856;0.009231360000000001;0.013124608;0.009204736000000002;0.01015296;0.009332736000000001;0.006571008;0.007046144;0.009697279999999999;0.0089856;0.005751808;0.004061184;0.003313664;0.0028538879999999997;0.00585728;0.0069324799999999995;0.004842496;0.003355648;0.004021248;0.00405504;0.00256;0.0012462080000000002;0.001809408;0.0017530879999999999;0.002633728;0.003644416;0.00305664;0.0017766400000000001;0.00177152;0.00218112;0.0019824639999999998;0.002203648;0.0009461760000000001;0.001002496;0.0009717759999999999;0.000671744;0.0008212479999999999;0.001073152;0.001519616;0.00172544;0.00136704;0.001872896
1774270800,hdr,0.0293;0.03906;0.04883;0.05859;0.06836;0.07813;0.08789;0.09766;0.10742;0.11719;0.12695;0.13672;0.14648;0.15625;0.16602;0.17578;0.18555;0.19531;0.20508;0.21484;0.22461;0.23438;0.24414;0.25391;0.26367;0.27344;0.2832;0.29297;0.30273;0.3125;0.32227;0.33203;0.3418;0.35156;0.36133;0.37109;0.38086;0.39063;0.40039;0.41016;0.41992;0.42969;0.43945;0.44922;0.45898;0.46875;0.47852;0.48828;0.49805;0.50781;0.51758;0.52734;0.53711;0.54688;0.55664;0.56641;0.57617;0.58594;0.5957;0.60547;0.61523;0.625;0.63477;0.64453;0.6543;0.66406;0.67383;0.68359;0.69336;0.70313;0.71289;0.72266;0.73242;0.74219;0.75195;0.76172;0.77148;0.78125;0.79102,0.001380352;0.0057098240000000005;0.016246784;0.015563776;0.017489920000000003;0.026708991999999997;0.044086272;0.07450111999999999;0.19317862400000002;0.33343180799999994;0.43251712;0.483469312;0.7101818879999999;0.43402547199999997;0.405368832;0.478339072;0.395717632;0.167847936;0.10930995199999999;0.09244672;0.060052480000000005;0.078905344;0.075014144;0.101093376;0.085346304;0.11027456;0.099623936;0.085856256;0.073555968;0.035459072;0.03025408;0.04258816000000001;0.039286784;0.03787264;0.032577536000000004;0.019951616000000002;0.020564991999999997;0.02987008;0.018665472000000002;0.01152512;0.010293248;0.009319424;0.009020416000000002;0.010327040000000001;0.010339328;0.007215104;0.008283136;0.006764544;0.005428224000000001;0.006018048000000001;0.004384768;0.003572736;0.0035942400000000003;0.003667968;0.0029911039999999996;0.002260992;0.003386368;0.004798464;0.004043776000000001;0.00239616;0.00374784;0.0028917760000000004;0.001973248;0.001903616;0.002310144;0.001636352;0.00143872;0.0020879360000000003;0.0016230399999999999;0.00080384;0.002086912;0.002348032;0.00210944;0.002028544;0.0018964479999999998;0.002356224;0.001705984;0.001799168;0.002110464
1774271700,hdr,0.0293;0.03906;0.04883;0.05859;0.06836;0.07813;0.08789;0.09766;0.10742;0.11719;0.12695;0.13672;0.14648;0.15625;0.16602;0.17578;0.18555;0.19531;0.20508;0.21484;0.22461;0.23438;0.24414;0.25391;0.26367;0.27344;0.2832;0.29297;0.30273;0.3125;0.32227;0.33203;0.3418;0.35156;0.36133;0.37109;0.38086;0.39063;0.40039;0.41016;0.41992;0.42969;0.43945;0.44922;0.45898;0.46875;0.47852;0.48828;0.49805;0.50781;0.51758;0.52734;0.53711;0.54688;0.55664;0.56641;0.57617;0.58594;0.5957;0.60547;0.61523;0.625;0.63477;0.64453;0.6543;0.66406;0.67383;0.68359;0.69336;0.70313;0.71289;0.72266;0.73242;0.74219;0.75195;0.76172;0.77148;0.78125;0.79102,0.004128768;0.007528448;0.01492992;0.005956608;0.01533952;0.026988544000000003;0.029928448;0.060510207999999996;0.163750912;0.279151616;0.5402071039999999;0.5204039679999999;0.72846336;0.976572416;0.410070016;0.18771968000000003;0.126482432;0.13430783999999998;0.116876288;0.098382848;0.078045184;0.052417536;0.08930611199999999;0.116156416;0.17420902400000002;0.159065088;0.153529344;0.100772864;0.093355008;0.06319104;0.025622528;0.03446169600000001;0.035769343999999995;0.026106880000000002;0.014457856;0.022566912;0.023565311999999998;0.019587072;0.011051008;0.010863616;0.009825279999999999;0.007593984;0.0071393279999999995;0.006926336;0.006043648;0.009449472;0.005823488;0.005710848;0.004438016;0.005684224;0.005900287999999999;0.003726336;0.0044206079999999995;0.004189184;0.00354304;0.0024371200000000005;0.003127296;0.0021411840000000004;0.002757632;0.0030443519999999997;0.00183808;0.0017305600000000001;0.0031938559999999997;0.0027392;0.001686528;0.0016650240000000002;0.001559552;0.0020500479999999996;0.0022466560000000005;0.001584128;0.001302528;0.001159168;0.0015513600000000001;0.0013608960000000001;0.0015114240000000001;0.0011007999999999999;0.001337344;0.0013578239999999999;0.001937408
1774272600,hdr,0.0293;0.03906;0.04883;0.05859;0.06836;0.07813;0.08789;0.09766;0.10742;0.11719;0.12695;0.13672;0.14648;0.15625;0.16602;0.17578;0.18555;0.19531;0.20508;0.21484;0.22461;0.23438;0.24414;0.25391;0.26367;0.27344;0.2832;0.29297;0.30273;0.3125;0.32227;0.33203;0.3418;0.35156;0.36133;0.37109;0.38086;0.39063;0.40039;0.41016;0.41992;0.42969;0.43945;0.44922;0.45898;0.46875;0.47852;0.48828;0.49805;0.50781;0.51758;0.52734;0.53711;0.54688;0.55664;0.56641;0.57617;0.58594;0.5957;0.60547;0.61523;0.625;0.63477;0.64453;0.6543;0.66406;0.67383;0.68359;0.69336;0.70313;0.71289;0.72266;0.73242;0.74219;0.75195;0.76172;0.77148;0.78125;0.79102,0.009525248;0.01493504;0.010976256;0.019545088;0.024659968;0.023151616000000003;0.032695296;0.119263232;0.305152;0.573674496;0.759927808;0.633580544;0.379574272;0.285978624;0.25460224;0.22084608;0.14669311999999998;0.13236838399999998;0.187213824;0.142611456;0.073612288;0.065189888;0.0823296;0.0918016;0.11309158400000001;0.101407744;0.09737318399999999;0.08726323200000001;0.06652211200000001;0.035772415999999994;0.040578048000000005;0.032161791999999995;0.03832832;0.03760332799999999;0.031089664;0.018274304;0.022965248;0.023499776;0.013928448;0.013342719999999999;0.01167872;0.00923648;0.005091327999999999;0.00610304;0.0062279679999999995;0.010723327999999999;0.008217599999999999;0.009181183999999998;0.006682624;0.004447232;0.005577727999999999;0.005255168;0.0069273600000000005;0.006462464;0.005287936000000001;0.004170752000000001;0.0031477759999999997;0.002807808;0.00231424;0.002951168;0.00310784;0.001651712;0.0020951040000000004;0.0020746239999999997;0.001062912;0.0011202559999999998;0.0010752000000000001;0.001267712;0.001414144;0.0014929920000000003;0.0013568;0.0014233599999999998;0.0013568;0.001488896;0.001412096;0.001605632;0.001422336;0.001257472;0.000951296
1774273500,hdr,0.0293;0.03906;0.04883;0.05859;0.06836;0.07813;0.08789;0.09766;0.10742;0.11719;0.12695;0.13672;0.14648;0.15625;0.16602;0.17578;0.18555;0.19531;0.20508;0.21484;0.22461;0.23438;0.24414;0.25391;0.26367;0.27344;0.2832;0.29297;0.30273;0.3125;0.32227;0.33203;0.3418;0.35156;0.36133;0.37109;0.38086;0.39063;0.40039;0.41016;0.41992;0.42969;0.43945;0.44922;0.45898;0.46875;0.47852;0.48828;0.49805;0.50781;0.51758;0.52734;0.53711;0.54688;0.55664;0.56641;0.57617;0.58594;0.5957;0.60547;0.61523;0.625;0.63477;0.64453;0.6543;0.66406;0.67383;0.68359;0.69336;0.70313;0.71289;0.72266;0.73242;0.74219;0.75195;0.76172;0.77148;0.78125;0.79102,0.00159744;0.010557440000000001;0.025001984;0.036052992000000006;0.025526271999999996;0.041609216;0.0611328;0.089544704;0.261124096;0.74661888;0.905613312;1.035845632;0.778358784;0.468137984;0.390158336;0.308824064;0.177301504;0.141348864;0.142555136;0.144504832;0.071487488;0.102643712;0.106620928;0.06922239999999999;0.063154176;0.098107392;0.110505984;0.06955827199999999;0.06650879999999999;0.05364736;0.041863168000000006;0.035651584;0.026372095999999998;0.015509503999999999;0.025176063999999998;0.024363008000000002;0.019546112;0.019935232;0.017000448;0.018116608;0.013559808000000001;0.012689408;0.011196415999999999;0.009777152;0.009590784;0.010022912;0.008239103999999999;0.0055951360000000006;0.00482304;0.005029888;0.005636096;0.00410624;0.003201024;0.0035287039999999997;0.0026521599999999998;0.004593664000000001;0.00352256;0.002801664;0.003149824;0.002766848;0.0023019520000000003;0.001579008;0.0014172160000000002;0.002013184;0.0021524480000000004;0.002523136;0.0027852800000000002;0.00182272;0.0017408;0.002082816;0.001531904;0.002064384;0.0016691199999999998;0.001374208;0.001243136;0.0014991359999999999;0.0011489279999999998;0.001429504;0.0013905920000000002
1774274400,hdr,0.0293;0.03906;0.04883;0.05859;0.06836;0.07813;0.08789;0.09766;0.10742;0.11719;0.12695;0.13672;0.14648;0.15625;0.16602;0.17578;0.18555;0.19531;0.20508;0.21484;0.22461;0.23438;0.24414;0.25391;0.26367;0.27344;0.2832;0.29297;0.30273;0.3125;0.32227;0.33203;0.3418;0.35156;0.36133;0.37109;0.38086;0.39063;0.40039;0.41016;0.41992;0.42969;0.43945;0.44922;0.45898;0.46875;0.47852;0.48828;0.49805;0.50781;0.51758;0.52734;0.53711;0.54688;0.55664;0.56641;0.57617;0.58594;0.5957;0.60547;0.61523;0.625;0.63477;0.64453;0.6543;0.66406;0.67383;0.68359;0.69336;0.70313;0.71289;0.72266;0.73242;0.74219;0.75195;0.76172;0.77148;0.78125;0.79102,0.0033382399999999997;0.020006912;0.0126976;0.010944511999999998;0.026761216;0.039675904000000005;0.041074688000000005;0.066818048;0.3314176;0.7876096;0.8800378879999999;1.232963584;0.804274176;0.589129728;0.343064576;0.248438784;0.19321446399999997;0.15823462400000002;0.17647206399999998;0.126683136;0.156575744;0.141592576;0.19058688000000001;0.22339583999999998;0.14547968;0.11497472;0.161339392;0.114958336;0.05771264;0.051818496000000006;0.055597056000000006;0.04435968;0.051978239999999995;0.041136127999999994;0.030089216000000002;0.0244224;0.019914752;0.015826944;0.014669824;0.018190335999999998;0.014796799999999999;0.014362624;0.011696128;0.008890368000000001;0.006961152;0.009900032;0.00818176;0.005599232;0.005634048;0.006692864000000001;0.005490687999999999;0.005289983999999999;0.004704256;0.0027381760000000006;0.0039301119999999995;0.0037601279999999997;0.0034078719999999997;0.004737024;0.0034652159999999997;0.002275328;0.00242688;0.0023572479999999997;0.00193536;0.001099776;0.000950272;0.00169984;0.002123776;0.001343488;0.002349056;0.002453504;0.0012288;0.0009543679999999999;0.00129024;0.0013946879999999998;0.001030144;0.000985088;0.00123904;0.001294336;0.001130496
1774275300,hdr,0.0293;0.03906;0.04883;0.05859;0.06836;0.07813;0.08789;0.09766;0.10742;0.11719;0.12695;0.13672;0.14648;0.15625;0.16602;0.17578;0.18555;0.19531;0.20508;0.21484;0.22461;0.23438;0.24414;0.25391;0.26367;0.27344;0.2832;0.29297;0.30273;0.3125;0.32227;0.33203;0.3418;0.35156;0.36133;0.37109;0.38086;0.39063;0.40039;0.41016;0.41992;0.42969;0.43945;0.44922;0.45898;0.46875;0.47852;0.48828;0.49805;0.50781;0.51758;0.52734;0.53711;0.54688;0.55664;0.56641;0.57617;0.58594;0.5957;0.60547;0.61523;0.625;0.63477;0.64453;0.6543;0.66406;0.67383;0.68359;0.69336;0.70313;0.71289;0.72266;0.73242;0.74219;0.75195;0.76172;0.77148;0.78125;0.79102,0.008484864;0.014125056;0.017229824;0.028422144;0.03673088;0.07168409599999999;0.058372096;0.097992704;0.227465216;0.5734195200000001;1.059956736;1.125572608;0.870262784;0.36681727999999997;0.244176896;0.22657024;0.193323008;0.218740736;0.140232704;0.13120102399999997;0.131657728;0.133910528;0.10077184;0.141873152;0.137879552;0.10092543999999999;0.10800128;0.097386496;0.07873536;0.107470848;0.068900864;0.0401408;0.032847872;0.040667136;0.030355456000000003;0.026341376;0.025460736;0.021458944;0.018778112;0.013809664;0.009207808000000001;0.015661056;0.013225984;0.00937984;0.007452672;0.007933952;0.007120896;0.008335359999999998;0.007911424;0.005187583999999999;0.0046346239999999995;0.005097472;0.004397056000000001;0.0050688;0.003514368;0.00459776;0.004356095999999999;0.002787328;0.003293184;0.0031375360000000002;0.003057664;0.002060288;0.0024084479999999997;0.002578432;0.0014151679999999999;0.001222656;0.0015544320000000001;0.001824768;0.002516992;0.0023572479999999997;0.001990656;0.001796096;0.001746944;0.001601536;0.001611776;0.001501184;0.00187392;0.0014499839999999999;0.0010936319999999998
1774276200,hdr,0.0293;0.03906;0.04883;0.05859;0.06836;0.07813;0.08789;0.09766;0.10742;0.11719;0.12695;0.13672;0.14648;0.15625;0.16602;0.17578;0.18555;0.19531;0.20508;0.21484;0.22461;0.23438;0.24414;0.25391;0.26367;0.27344;0.2832;0.29297;0.30273;0.3125;0.32227;0.33203;0.3418;0.35156;0.36133;0.37109;0.38086;0.39063;0.40039;0.41016;0.41992;0.42969;0.43945;0.44922;0.45898;0.46875;0.47852;0.48828;0.49805;0.50781;0.51758;0.52734;0.53711;0.54688;0.55664;0.56641;0.57617;0.58594;0.5957;0.60547;0.61523;0.625;0.63477;0.64453;0.6543;0.66406;0.67383;0.68359;0.69336;0.70313;0.71289;0.72266;0.73242;0.74219;0.75195;0.76172;0.77148;0.78125;0.79102,0.007057407999999999;0.013330432000000001;0.0236544;0.025735168000000003;0.031807487999999995;0.04943052800000001;0.059076608;0.11300864;0.27455488;0.79661056;1.144674304;0.975632384;0.91792384;0.853528576;0.390739968;0.10529996800000001;0.144420864;0.112396288;0.12186419200000001;0.173056;0.11465318399999999;0.176203776;0.25778995200000004;0.173688832;0.14220492799999998;0.13543423999999998;0.086790144;0.078073856;0.086165504;0.055683072;0.04283187199999999;0.035880959999999996;0.028301312;0.030089216000000002;0.029437951999999996;0.022437888000000003;0.022110208;0.023730176;0.02413568;0.020117504;0.019511296;0.011288576000000002;0.009117696;0.009142272000000002;0.007581696;0.00904192;0.007784448;0.007143424000000001;0.0052121599999999995;0.005775359999999999;0.00413696;0.0049582079999999995;0.00431104;0.00406528;0.002832384;0.002654208;0.0024924160000000003;0.002322432;0.00257024;0.0025333760000000004;0.002451456;0.002318336;0.001490944;0.0019251199999999998;0.001792;0.001662976;0.002250752;0.0024801280000000003;0.001476608;0.0019251199999999998;0.001634304;0.001132544;0.0011161600000000002;0.0010752000000000001;0.0010014719999999998;0.001234944;0.0011120639999999998;0.0014561280000000001;0.001155072
1774277100,hdr,0.0293;0.03906;0.04883;0.05859;0.06836;0.07813;0.08789;0.09766;0.10742;0.11719;0.12695;0.13672;0.14648;0.15625;0.16602;0.17578;0.18555;0.19531;0.20508;0.21484;0.22461;0.23438;0.24414;0.25391;0.26367;0.27344;0.2832;0.29297;0.30273;0.3125;0.32227;0.33203;0.3418;0.35156;0.36133;0.37109;0.38086;0.39063;0.40039;0.41016;0.41992;0.42969;0.43945;0.44922;0.45898;0.46875;0.47852;0.48828;0.49805;0.50781;0.51758;0.52734;0.53711;0.54688;0.55664;0.56641;0.57617;0.58594;0.5957;0.60547;0.61523;0.625;0.63477;0.64453;0.6543;0.66406;0.67383;0.68359;0.69336;0.70313;0.71289;0.72266;0.73242;0.74219;0.75195;0.76172;0.77148;0.78125;0.79102,0.005663744000000001;0.02003968;0.030119935999999996;0.020029440000000003;0.021925887999999998;0.025857024;0.036412415999999996;0.116248576;0.34779647999999996;0.87643648;0.7859220480000001;0.7367055360000001;0.8574627840000001;0.777604096;0.412379136;0.23483392;0.137683968;0.181511168;0.189241344;0.24287334400000002;0.18724454399999998;0.17619456;0.17691136000000002;0.169066496;0.106771456;0.13563494399999998;0.153368576;0.109353984;0.090764288;0.060865536;0.049070079999999995;0.031547392;0.038395904;0.032328704;0.026304512;0.023292928;0.019187712;0.017932288;0.011237376;0.010475519999999999;0.016771072;0.013187072;0.009592832;0.010292223999999999;0.0075796480000000005;0.008765440000000001;0.005658624;0.002914304;0.003518464;0.00373248;0.002705408;0.002921472;0.0034109440000000004;0.005338112;0.0036239360000000003;0.00382464;0.0040448;0.003518464;0.003024896;0.002895872;0.0024371200000000005;0.0020244480000000003;0.0016087039999999999;0.0018042879999999998;0.001662976;0.0019394560000000002;0.001250304;0.0014110720000000002;0.0018964479999999998;0.0014151679999999999;0.001304576;0.0011366400000000002;0.00144896;0.00138752;0.0011673599999999999;0.0018636800000000002;0.0021329920000000002;0.0017244159999999999;0.001513472
1774278000,hdr,0.0293;0.03906;0.04883;0.05859;0.06836;0.07813;0.08789;0.09766;0.10742;0.11719;0.12695;0.13672;0.14648;0.15625;0.16602;0.17578;0.18555;0.19531;0.20508;0.21484;0.22461;0.23438;0.24414;0.25391;0.26367;0.27344;0.2832;0.29297;0.30273;0.3125;0.32227;0.33203;0.3418;0.35156;0.36133;0.37109;0.38086;0.39063;0.40039;0.41016;0.41992;0.42969;0.43945;0.44922;0.45898;0.46875;0.47852;0.48828;0.49805;0.50781;0.51758;0.52734;0.53711;0.54688;0.55664;0.56641;0.57617;0.58594;0.5957;0.60547;0.61523;0.625;0.63477;0.64453;0.6543;0.66406;0.67383;0.68359;0.69336;0.70313;0.71289;0.72266;0.73242;0.74219;0.75195;0.76172;0.77148;0.78125;0.79102,0.006258688;0.010139648;0.017899520000000002;0.024367104000000004;0.043431936000000004;0.046133248;0.040697856;0.048351232;0.244953088;0.964589568;1.165979648;0.7486443520000001;0.604596224;0.391254016;0.396128256;0.220514304;0.195055616;0.11458969599999999;0.0872448;0.11778047999999999;0.073316352;0.08123187199999998;0.09805004800000001;0.091928576;0.115791872;0.136886272;0.140138496;0.08760524800000001;0.070242304;0.08256102400000001;0.053671936;0.033579008;0.035637247999999996;0.05394432;0.048689152;0.03417702400000001;0.031029248;0.015480832;0.013004799999999999;0.011278336;0.011124736000000001;0.009918464;0.008792064;0.009691136000000001;0.006961152;0.007225344;0.008974336;0.008851456;0.007583744000000001;0.003629056;0.003319808;0.004427776;0.004182015999999999;0.003862528;0.00320512;0.002613248;0.0028876799999999997;0.0033546239999999996;0.00306176;0.002516992;0.0020029439999999996;0.002547712;0.002066432;0.001992704;0.001503232;0.00110592;0.0012369920000000001;0.00123904;0.0016916480000000002;0.001736704;0.001284096;0.001302528;0.00077824;0.0011735040000000001;0.001275904;0.001400832;0.00167936;0.001519616;0.001028096
1774278900,hdr,0.0293;0.03906;0.04883;0.05859;0.06836;0.07813;0.08789;0.09766;0.10742;0.11719;0.12695;0.13672;0.14648;0.15625;0.16602;0.17578;0.18555;0.19531;0.20508;0.21484;0.22461;0.23438;0.24414;0.25391;0.26367;0.27344;0.2832;0.29297;0.30273;0.3125;0.32227;0.33203;0.3418;0.35156;0.36133;0.37109;0.38086;0.39063;0.40039;0.41016;0.41992;0.42969;0.43945;0.44922;0.45898;0.46875;0.47852;0.48828;0.49805;0.50781;0.51758;0.52734;0.53711;0.54688;0.55664;0.56641;0.57617;0.58594;0.5957;0.60547;0.61523;0.625;0.63477;0.64453;0.6543;0.66406;0.67383;0.68359;0.69336;0.70313;0.71289;0.72266;0.73242;0.74219;0.75195;0.76172;0.77148;0.78125;0.79102,0.0034979840000000004;0.011871232;0.015475711999999999;0.018604032;0.027516928;0.037255168;0.0585216;0.11060019200000001;0.24012492800000002;0.399268864;0.693148672;0.867756032;0.838516736;0.614610944;0.6156871680000001;0.382584832;0.29538304;0.20526592;0.11156787199999998;0.14520422400000002;0.125166592;0.11441151999999999;0.174938112;0.15919616;0.180964352;0.137135104;0.11086336;0.095965184;0.07204761600000001;0.080746496;0.046889983999999996;0.046917632;0.051620863999999995;0.033826815999999996;0.029683712;0.028971008000000003;0.014457856;0.012507135999999999;0.018266112;0.024518656;0.015378432000000001;0.011116543999999999;0.010929152;0.012013567999999999;0.005921792;0.0043806719999999995;0.0039772159999999996;0.005373952;0.006096896;0.004489216;0.0034406400000000005;0.0028846080000000003;0.00334336;0.0037222400000000004;0.002397184;0.003198976;0.00247808;0.00270848;0.0028753920000000005;0.002092032;0.0020992000000000003;0.00182272;0.00135168;0.0016711679999999998;0.001527808;0.001687552;0.001193984;0.001325056;0.001289216;0.001061888;0.0011735040000000001;0.0013987840000000001;0.001371136;0.000714752;0.0010496000000000001;0.00118272;0.0013209599999999997;0.0010014719999999998;0.0007372800000000001
1774279800,hdr,0.0293;0.03906;0.04883;0.05859;0.06836;0.07813;0.08789;0.09766;0.10742;0.11719;0.12695;0.13672;0.14648;0.15625;0.16602;0.17578;0.18555;0.19531;0.20508;0.21484;0.22461;0.23438;0.24414;0.25391;0.26367;0.27344;0.2832;0.29297;0.30273;0.3125;0.32227;0.33203;0.3418;0.35156;0.36133;0.37109;0.38086;0.39063;0.40039;0.41016;0.41992;0.42969;0.43945;0.44922;0.45898;0.46875;0.47852;0.48828;0.49805;0.50781;0.51758;0.52734;0.53711;0.54688;0.55664;0.56641;0.57617;0.58594;0.5957;0.60547;0.61523;0.625;0.63477;0.64453;0.6543;0.66406;0.67383;0.68359;0.69336;0.70313;0.71289;0.72266;0.73242;0.74219;0.75195;0.76172;0.77148;0.78125;0.79102,0.011884544;0.020332543999999998;0.012136448000000001;0.030308352;0.029083648;0.049084416;0.07322624000000001;0.162412544;0.25687654400000004;0.6112808959999999;0.9556889599999999;1.346875392;0.7741890560000001;0.502771712;0.418902016;0.28233728;0.23955251200000002;0.18442240000000001;0.17667276799999998;0.126816256;0.17697177600000003;0.18265088000000002;0.15471820800000002;0.13912678399999998;0.095895552;0.144328704;0.126797824;0.073242624;0.036257792000000004;0.040493056000000006;0.04453376;0.034205696;0.019972096;0.028037120000000002;0.028577791999999998;0.021706752;0.025534464;0.0155136;0.012238848;0.011995136;0.00954368;0.011034624000000002;0.011229184;0.008101888000000002;0.007936;0.004569088;0.004089856;0.005564415999999999;0.004235264;0.003555328;0.003735552;0.0039055360000000003;0.003815424;0.0036352000000000003;0.004012032;0.00292864;0.002402304;0.00149504;0.001521664;0.002164736;0.0032174079999999997;0.002656256;0.001552384;0.0018083840000000001;0.001282048;0.00155648;0.001959936;0.001847296;0.001544192;0.001564672;0.001333248;0.001409024;0.001032192;0.000987136;0.0011264;0.00135168;0.001294336;0.002054144;0.002625536
1774280700,hdr,0.0293;0.03906;0.04883;0.05859;0.06836;0.07813;0.08789;0.09766;0.10742;0.11719;0.12695;0.13672;0.14648;0.15625;0.16602;0.17578;0.18555;0.19531;0.20508;0.21484;0.22461;0.23438;0.24414;0.25391;0.26367;0.27344;0.2832;0.29297;0.30273;0.3125;0.32227;0.33203;0.3418;0.35156;0.36133;0.37109;0.38086;0.39063;0.40039;0.41016;0.41992;0.42969;0.43945;0.44922;0.45898;0.46875;0.47852;0.48828;0.49805;0.50781;0.51758;0.52734;0.53711;0.54688;0.55664;0.56641;0.57617;0.58594;0.5957;0.60547;0.61523;0.625;0.63477;0.64453;0.6543;0.66406;0.67383;0.68359;0.69336;0.70313;0.71289;0.72266;0.73242;0.74219;0.75195;0.76172;0.77148;0.78125;0.79102,0.00781312;0.008054783999999999;0.01007616;0.026597376;0.02521088;0.029128704;0.07351910399999999;0.13442662400000002;0.261453824;0.784951296;1.341949952;1.211942912;0.678504448;0.6427115520000001;0.504946688;0.328306688;0.39529267199999996;0.187604992;0.09076326400000001;0.131035136;0.13494681600000002;0.206424064;0.19113984;0.1795584;0.181200896;0.16541696;0.143104;0.09161318400000001;0.06851584;0.064069632;0.041172992;0.04302848;0.046804992;0.038567936000000004;0.031555584;0.03430604799999999;0.029130752;0.01937408;0.021479424000000004;0.011724799999999999;0.009549823999999998;0.009119744;0.008685568;0.003710976;0.006721536;0.007026688;0.007100416;0.0041267199999999995;0.00270336;0.00237568;0.003723264;0.0033423359999999996;0.0031027200000000002;0.0025210880000000003;0.0027361279999999996;0.00431104;0.003385344;0.002082816;0.001540096;0.002015232;0.00203776;0.002015232;0.0019251199999999998;0.001984512;0.002054144;0.00145408;0.001435648;0.0012185600000000003;0.001460224;0.0017489920000000002;0.001814528;0.001286144;0.0006574080000000001;0.0012451839999999999;0.00103424;0.001062912;0.001153024;0.001787904;0.0016424959999999998
1774281600,hdr,0.0293;0.03906;0.04883;0.05859;0.06836;0.07813;0.08789;0.09766;0.10742;0.11719;0.12695;0.13672;0.14648;0.15625;0.16602;0.17578;0.18555;0.19531;0.20508;0.21484;0.22461;0.23438;0.24414;0.25391;0.26367;0.27344;0.2832;0.29297;0.30273;0.3125;0.32227;0.33203;0.3418;0.35156;0.36133;0.37109;0.38086;0.39063;0.40039;0.41016;0.41992;0.42969;0.43945;0.44922;0.45898;0.46875;0.47852;0.48828;0.49805;0.50781;0.51758;0.52734;0.53711;0.54688;0.55664;0.56641;0.57617;0.58594;0.5957;0.60547;0.61523;0.625;0.63477;0.64453;0.6543;0.66406;0.67383;0.68359;0.69336;0.70313;0.71289;0.72266;0.73242;0.74219;0.75195;0.76172;0.77148;0.78125;0.79102,0.00392192;0.012292096;0.021372928;0.0305152;0.022761472;0.029601792000000002;0.075341824;0.150224896;0.220776448;0.512710656;1.082525696;1.243138048;1.134071808;0.80731136;0.323364864;0.309151744;0.21458534399999998;0.14440448;0.13764608;0.189360128;0.11834982399999999;0.176048128;0.191223808;0.167401472;0.118136832;0.099999744;0.10593280000000001;0.10117734400000002;0.0799232;0.060960768000000005;0.040558592;0.029792255999999996;0.032290816;0.020967424000000002;0.017086464;0.0196608;0.022853632000000002;0.021991424;0.012642304;0.010971136000000001;0.014546944;0.006938624;0.005914623999999999;0.005853183999999999;0.005433344;0.00474112;0.005859328;0.007499776;0.005330944;0.004524032;0.002816;0.00277504;0.002332672;0.003375104;0.004005887999999999;0.00331776;0.002895872;0.002123776;0.0022241279999999997;0.002910208;0.0017858560000000002;0.001052672;0.001130496;0.001452032;0.0019476480000000002;0.001902592;0.0014847999999999999;0.0011202559999999998;0.001234944;0.00136192;0.001091584;0.0013004800000000001;0.0020582400000000002;0.0017735679999999999;0.001734656;0.0016773119999999998;0.0013905920000000002;0.001722368;0.0015851519999999998
1774282500,hdr,0.0293;0.03906;0.04883;0.05859;0.06836;0.07813;0.08789;0.09766;0.10742;0.11719;0.12695;0.13672;0.14648;0.15625;0.16602;0.17578;0.18555;0.19531;0.20508;0.21484;0.22461;0.23438;0.24414;0.25391;0.26367;0.27344;0.2832;0.29297;0.30273;0.3125;0.32227;0.33203;0.3418;0.35156;0.36133;0.37109;0.38086;0.39063;0.40039;0.41016;0.41992;0.42969;0.43945;0.44922;0.45898;0.46875;0.47852;0.48828;0.49805;0.50781;0.51758;0.52734;0.53711;0.54688;0.55664;0.56641;0.57617;0.58594;0.5957;0.60547;0.61523;0.625;0.63477;0.64453;0.6543;0.66406;0.67383;0.68359;0.69336;0.70313;0.71289;0.72266;0.73242;0.74219;0.75195;0.76172;0.77148;0.78125;0.79102,0.011163648000000002;0.014675968;0.012992512;0.019175424;0.021889023999999997;0.024254464;0.0645632;0.17192755199999998;0.29597900800000004;0.6691184640000001;0.9978982399999999;0.641980416;1.103013888;0.911321088;0.52082688;0.42270105599999996;0.234842112;0.158619648;0.15704473600000002;0.146857984;0.143366144;0.11664793600000001;0.115668992;0.11526143999999999;0.127350784;0.137539584;0.125679616;0.085778432;0.060172288;0.038541312;0.04164198400000001;0.022478848;0.01937408;0.02067456;0.022462464;0.017481728;0.014968832;0.011098112;0.013115392;0.013981696;0.008869888;0.01102848;0.010643456;0.008167424000000001;0.006764544;0.0069632;0.004284416;0.0033300480000000004;0.003579904;0.002936832;0.004245504000000001;0.00395264;0.002770944;0.002910208;0.0037724160000000002;0.002551808;0.003004416;0.002459648;0.001601536;0.001875968;0.001675264;0.001294336;0.0013312;0.0018042879999999998;0.0014438399999999998;0.0013578239999999999;0.0011919360000000002;0.001222656;0.001265664;0.001038336;0.002220032;0.002238464;0.001497088;0.0011694079999999998;0.0013680639999999998;0.001656832;0.002066432;0.002062336;0.002861056
1774283400,hdr,0.0293;0.03906;0.04883;0.05859;0.06836;0.07813;0.08789;0.09766;0.10742;0.11719;0.12695;0.13672;0.14648;0.15625;0.16602;0.17578;0.18555;0.19531;0.20508;0.21484;0.22461;0.23438;0.24414;0.25391;0.26367;0.27344;0.2832;0.29297;0.30273;0.3125;0.32227;0.33203;0.3418;0.35156;0.36133;0.37109;0.38086;0.39063;0.40039;0.41016;0.41992;0.42969;0.43945;0.44922;0.45898;0.46875;0.47852;0.48828;0.49805;0.50781;0.51758;0.52734;0.53711;0.54688;0.55664;0.56641;0.57617;0.58594;0.5957;0.60547;0.61523;0.625;0.63477;0.64453;0.6543;0.66406;0.67383;0.68359;0.69336;0.70313;0.71289;0.72266;0.73242;0.74219;0.75195;0.76172;0.77148;0.78125;0.79102,0.008914944;0.019075072;0.012959744;0.018511872;0.030707711999999998;0.070275072;0.125104128;0.265398272;0.36294656;0.538785792;0.999399424;1.130610688;0.8675327999999999;0.69252096;0.5217320959999999;0.34243379199999996;0.211644416;0.20185087999999998;0.160909312;0.147165184;0.14734540799999998;0.12801024;0.146671616;0.186124288;0.11910553600000001;0.087332864;0.120168448;0.07612416000000001;0.042862592;0.0323072;0.03234816;0.04304076799999999;0.035688448000000005;0.035229696;0.029474815999999997;0.016787456;0.012609536;0.013197312;0.011163648000000002;0.008116224000000002;0.01113088;0.010539008000000002;0.007825408;0.007856128;0.006651904;0.005279743999999999;0.005670912;0.005025792;0.004190208000000001;0.003633152;0.003659776;0.0030535679999999996;0.003862528;0.002936832;0.002945024;0.002353152;0.00185344;0.0030228480000000003;0.00182272;0.001656832;0.001826816;0.0016773119999999998;0.0014929920000000003;0.00221184;0.0014192640000000002;0.001728512;0.001431552;0.0011366400000000002;0.0011366400000000002;0.0014561280000000001;0.001662976;0.001400832;0.001439744;0.001441792;0.001110016;0.001296384;0.0016670720000000001;0.0014110720000000002;0.001742848
1774284300,hdr,0.0293;0.03906;0.04883;0.05859;0.06836;0.07813;0.08789;0.09766;0.10742;0.11719;0.12695;0.13672;0.14648;0.15625;0.16602;0.17578;0.18555;0.19531;0.20508;0.21484;0.22461;0.23438;0.24414;0.25391;0.26367;0.27344;0.2832;0.29297;0.30273;0.3125;0.32227;0.33203;0.3418;0.35156;0.36133;0.37109;0.38086;0.39063;0.40039;0.41016;0.41992;0.42969;0.43945;0.44922;0.45898;0.46875;0.47852;0.48828;0.49805;0.50781;0.51758;0.52734;0.53711;0.54688;0.55664;0.56641;0.57617;0.58594;0.5957;0.60547;0.61523;0.625;0.63477;0.64453;0.6543;0.66406;0.67383;0.68359;0.69336;0.70313;0.71289;0.72266;0.73242;0.74219;0.75195;0.76172;0.77148;0.78125;0.79102,0.00628736;0.012617728;0.00978944;0.009439232;0.016644096;0.035713023999999996;0.075681792;0.199346176;0.427689984;0.53868544;1.26777344;1.028030464;0.68540416;0.647022592;0.5094707199999999;0.39040614399999995;0.213977088;0.127997952;0.14162944;0.12821708799999998;0.14952652800000002;0.12455936;0.115320832;0.193906688;0.14469120000000002;0.127905792;0.13529292799999998;0.08338432000000001;0.061849600000000005;0.038926336;0.01992704;0.023445504000000002;0.023545856;0.023476223999999997;0.020285440000000002;0.019159040000000002;0.016857088;0.014446592000000001;0.010569727999999999;0.012816384;0.014794752;0.011474944;0.0052142080000000006;0.006463488;0.007467008;0.004315136;0.004603904000000001;0.0045895680000000005;0.003700736;0.004042752;0.004931584;0.00427008;0.004184064;0.0056832;0.004700160000000001;0.003270656;0.002543616;0.003377152;0.0029429759999999995;0.001384448;0.001497088;0.001837056;0.001468416;0.001593344;0.0013557760000000002;0.000776192;0.0009748480000000001;0.001558528;0.001404928;0.000995328;0.00145408;0.001652736;0.0014110720000000002;0.001656832;0.0020418560000000003;0.001882112;0.0013148160000000001;0.0011755519999999998;0.0012288
1774285200,hdr,0.0293;0.03906;0.04883;0.05859;0.06836;0.07813;0.08789;0.09766;0.10742;0.11719;0.12695;0.13672;0.14648;0.15625;0.16602;0.17578;0.18555;0.19531;0.20508;0.21484;0.22461;0.23438;0.24414;0.25391;0.26367;0.27344;0.2832;0.29297;0.30273;0.3125;0.32227;0.33203;0.3418;0.35156;0.36133;0.37109;0.38086;0.39063;0.40039;0.41016;0.41992;0.42969;0.43945;0.44922;0.45898;0.46875;0.47852;0.48828;0.49805;0.50781;0.51758;0.52734;0.53711;0.54688;0.55664;0.56641;0.57617;0.58594;0.5957;0.60547;0.61523;0.625;0.63477;0.64453;0.6543;0.66406;0.67383;0.68359;0.69336;0.70313;0.71289;0.72266;0.73242;0.74219;0.75195;0.76172;0.77148;0.78125;0.79102,0.000335872;0.0011755519999999998;0.010641408;0.015783936000000002;0.031645696;0.03569868799999999;0.072331264;0.12505702400000002;0.256436224;0.7654379520000001;1.1741593600000002;0.962107392;1.180194816;1.253670912;0.87257088;0.35205324800000004;0.208420864;0.209647616;0.239398912;0.14870937599999998;0.10888806399999999;0.173385728;0.13633740800000002;0.14081024;0.12004761600000001;0.06325248;0.049084416;0.06868992;0.091953152;0.07163699200000001;0.03846144;0.036454400000000005;0.036179968;0.029227008000000002;0.026912768;0.018399232;0.016658432;0.016576512;0.010362880000000001;0.01221632;0.010645504;0.008165376;0.011661312;0.008200191999999999;0.00671744;0.0051650559999999995;0.004814848;0.003858432;0.004118528000000001;0.003938304;0.003538944;0.0036966399999999997;0.00461824;0.0048332800000000006;0.003004416;0.0027217920000000002;0.002691072;0.002646016;0.0024309759999999996;0.00320512;0.003065856;0.0019886079999999998;0.001626112;0.0024227840000000003;0.002799616;0.001353728;0.0012288;0.001738752;0.002254848;0.00253952;0.001662976;0.00099328;0.00123904;0.001284096;0.001755136;0.0015687680000000001;0.0016670720000000001;0.0016097280000000002;0.001968128
1774286100,hdr,0.0293;0.03906;0.04883;0.05859;0.06836;0.07813;0.08789;0.09766;0.10742;0.11719;0.12695;0.13672;0.14648;0.15625;0.16602;0.17578;0.18555;0.19531;0.20508;0.21484;0.22461;0.23438;0.24414;0.25391;0.26367;0.27344;0.2832;0.29297;0.30273;0.3125;0.32227;0.33203;0.3418;0.35156;0.36133;0.37109;0.38086;0.39063;0.40039;0.41016;0.41992;0.42969;0.43945;0.44922;0.45898;0.46875;0.47852;0.48828;0.49805;0.50781;0.51758;0.52734;0.53711;0.54688;0.55664;0.56641;0.57617;0.58594;0.5957;0.60547;0.61523;0.625;0.63477;0.64453;0.6543;0.66406;0.67383;0.68359;0.69336;0.70313;0.71289;0.72266;0.73242;0.74219;0.75195;0.76172;0.77148;0.78125;0.79102,0.0031559680000000003;0.008335359999999998;0.014430208;0.034816;0.040695808;0.033390592;0.059998208;0.149778432;0.333484032;0.564811776;1.0990346239999997;1.638539264;1.164443648;0.722397184;0.439248896;0.2776576;0.183361536;0.195475456;0.21224652800000002;0.20131635199999998;0.167481344;0.117540864;0.118941696;0.153724928;0.10475724800000001;0.052865024;0.050720768;0.068032512;0.057178112;0.038578176;0.053825536;0.042452991999999995;0.028131328;0.033185792;0.03991961599999999;0.022996991999999997;0.017338368;0.021942272000000002;0.015331328;0.012324864;0.011534336;0.009926655999999999;0.007170048000000001;0.004841472;0.00531456;0.005609472000000001;0.005277696;0.005353472;0.006907904;0.005586944;0.002459648;0.0037191679999999997;0.005369856000000001;0.004571136000000001;0.0026009600000000003;0.00305152;0.002768896;0.002164736;0.0021196799999999997;0.00167936;0.002578432;0.002605056;0.00162816;0.0014376960000000002;0.00208896;0.002660352;0.001906688;0.0011366400000000002;0.001011712;0.00119808;0.00123904;0.001662976;0.0017182719999999999;0.0021913600000000003;0.002158592;0.000987136;0.001050624;0.001257472;0.0016895999999999999
1774287000,hdr,0.0293;0.03906;0.04883;0.05859;0.06836;0.07813;0.08789;0.09766;0.10742;0.11719;0.12695;0.13672;0.14648;0.15625;0.16602;0.17578;0.18555;0.19531;0.20508;0.21484;0.22461;0.23438;0.24414;0.25391;0.26367;0.27344;0.2832;0.29297;0.30273;0.3125;0.32227;0.33203;0.3418;0.35156;0.36133;0.37109;0.38086;0.39063;0.40039;0.41016;0.41992;0.42969;0.43945;0.44922;0.45898;0.46875;0.47852;0.48828;0.49805;0.50781;0.51758;0.52734;0.53711;0.54688;0.55664;0.56641;0.57617;0.58594;0.5957;0.60547;0.61523;0.625;0.63477;0.64453;0.6543;0.66406;0.67383;0.68359;0.69336;0.70313;0.71289;0.72266;0.73242;0.74219;0.75195;0.76172;0.77148;0.78125;0.79102,0.009093120000000001;0.012445696;0.018599935999999997;0.01639424;0.031309824;0.041005056000000005;0.08455372800000001;0.151996416;0.346998784;0.7024906240000001;1.0556006400000002;1.3874462719999998;1.1466977280000001;0.98716672;1.05438208;0.810063872;0.377270272;0.15498240000000002;0.11697152000000001;0.12077056;0.162340864;0.12021760000000001;0.135899136;0.143036416;0.12958105599999997;0.14322892799999998;0.111919104;0.08094924799999999;0.062570496;0.042684415999999996;0.037369856;0.031965184;0.025145344;0.015693824;0.010891264;0.011251711999999999;0.017676288000000002;0.01762304;0.011132928;0.010317824;0.011724799999999999;0.012767232;0.008636416000000001;0.0066662399999999995;0.006889472;0.009248768;0.008906751999999999;0.008945664;0.005920768;0.003831808;0.0059760640000000005;0.004450304;0.002793472;0.002811904;0.002828288;0.002279424;0.00283648;0.001513472;0.0014458880000000002;0.001583104;0.001867776;0.0015667199999999997;0.001439744;0.0014458880000000002;0.0011407359999999998;0.001247232;0.0015544320000000001;0.0016936960000000002;0.0020029439999999996;0.0013393919999999998;0.0014028799999999998;0.00089088;0.001425408;0.001906688;0.00115712;0.000985088;0.0009727999999999999;0.000854016;0.000780288
1774287900,hdr,0.0293;0.03906;0.04883;0.05859;0.06836;0.07813;0.08789;0.09766;0.10742;0.11719;0.12695;0.13672;0.14648;0.15625;0.16602;0.17578;0.18555;0.19531;0.20508;0.21484;0.22461;0.23438;0.24414;0.25391;0.26367;0.27344;0.2832;0.29297;0.30273;0.3125;0.32227;0.33203;0.3418;0.35156;0.36133;0.37109;0.38086;0.39063;0.40039;0.41016;0.41992;0.42969;0.43945;0.44922;0.45898;0.46875;0.47852;0.48828;0.49805;0.50781;0.51758;0.52734;0.53711;0.54688;0.55664;0.56641;0.57617;0.58594;0.5957;0.60547;0.61523;0.625;0.63477;0.64453;0.6543;0.66406;0.67383;0.68359;0.69336;0.70313;0.71289;0.72266;0.73242;0.74219;0.75195;0.76172;0.77148;0.78125;0.79102,0.012105728;0.012218368;0.013389824;0.020621312;0.035823616;0.033355776;0.016482304;0.148955136;0.19257548800000002;0.91155456;1.590943744;1.3715578880000001;1.18808576;0.780926976;0.749688832;0.347357184;0.207085568;0.210460672;0.21464678399999998;0.156708864;0.112633856;0.11279974400000001;0.095449088;0.087414784;0.089868288;0.070948864;0.114518016;0.091518976;0.056098815999999996;0.034281472;0.04774297599999999;0.042887168;0.03065856;0.012920832;0.02337792;0.02536448;0.017905664;0.021075968;0.020516864000000003;0.009105408;0.007440384;0.006680576;0.007782399999999999;0.006950911999999999;0.005822464;0.005783552000000001;0.0052592640000000005;0.005885951999999999;0.008382464;0.006408192;0.003926016;0.00381952;0.003119104;0.00357376;0.0029470720000000002;0.001816576;0.0009973760000000001;0.001634304;0.002615296;0.0024903679999999997;0.002238464;0.001042432;0.0012001280000000002;0.001978368;0.0019128320000000002;0.0013987840000000001;0.000786432;0.0012308479999999999;0.0014704639999999999;0.002011136;0.001509376;0.001796096;0.0010833919999999999;0.001544192;0.001048576;0.0011161600000000002;0.0010649599999999998;0.000868352;0.000888832
1774288800,hdr,0.0293;0.03906;0.04883;0.05859;0.06836;0.07813;0.08789;0.09766;0.10742;0.11719;0.12695;0.13672;0.14648;0.15625;0.16602;0.17578;0.18555;0.19531;0.20508;0.21484;0.22461;0.23438;0.24414;0.25391;0.26367;0.27344;0.2832;0.29297;0.30273;0.3125;0.32227;0.33203;0.3418;0.35156;0.36133;0.37109;0.38086;0.39063;0.40039;0.41016;0.41992;0.42969;0.43945;0.44922;0.45898;0.46875;0.47852;0.48828;0.49805;0.50781;0.51758;0.52734;0.53711;0.54688;0.55664;0.56641;0.57617;0.58594;0.5957;0.60547;0.61523;0.625;0.63477;0.64453;0.6543;0.66406;0.67383;0.68359;0.69336;0.70313;0.71289;0.72266;0.73242;0.74219;0.75195;0.76172;0.77148;0.78125;0.79102,0.0047615999999999995;0.013508608;0.02077696;0.021262336000000003;0.044468224;0.045570048;0.095178752;0.28844646399999996;0.364601344;0.821856256;1.3433139200000002;1.440995328;0.900278272;0.715759616;0.48703283199999997;0.401043456;0.34059878400000004;0.286541824;0.253452288;0.144818176;0.155650048;0.11600691199999999;0.128520192;0.098011136;0.092176384;0.119242752;0.091045888;0.075702272;0.077174784;0.047013888;0.029865984;0.025792512;0.0265216;0.029032448;0.026857472;0.023615487999999997;0.019204096;0.014094335999999999;0.007184384;0.002996224;0.005158912;0.006868992;0.0061255680000000005;0.00582656;0.007991296;0.0072560640000000004;0.0067604480000000005;0.005187583999999999;0.005310464;0.004595711999999999;0.004417536;0.003530752;0.003305472;0.0024903679999999997;0.001705984;0.002011136;0.0026398719999999997;0.002435072;0.00334848;0.0030126080000000004;0.001837056;0.0014213119999999999;0.001062912;0.0010649599999999998;0.000753664;0.0009768959999999999;0.001765376;0.001296384;0.000843776;0.001021952;0.001161216;0.000978944;0.001011712;0.000827392;0.001282048;0.001007616;0.0011202559999999998;0.00202752;0.001599488
1774289700,hdr,0.0293;0.03906;0.04883;0.05859;0.06836;0.07813;0.08789;0.09766;0.10742;0.11719;0.12695;0.13672;0.14648;0.15625;0.16602;0.17578;0.18555;0.19531;0.20508;0.21484;0.22461;0.23438;0.24414;0.25391;0.26367;0.27344;0.2832;0.29297;0.30273;0.3125;0.32227;0.33203;0.3418;0.35156;0.36133;0.37109;0.38086;0.39063;0.40039;0.41016;0.41992;0.42969;0.43945;0.44922;0.45898;0.46875;0.47852;0.48828;0.49805;0.50781;0.51758;0.52734;0.53711;0.54688;0.55664;0.56641;0.57617;0.58594;0.5957;0.60547;0.61523;0.625;0.63477;0.64453;0.6543;0.66406;0.67383;0.68359;0.69336;0.70313;0.71289;0.72266;0.73242;0.74219;0.75195;0.76172;0.77148;0.78125;0.79102,0.0027791359999999998;0.004390912;0.00525312;0.026552320000000004;0.05261312;0.052750335999999995;0.107702272;0.29722009600000004;0.46128537599999997;1.113024512;1.114179584;1.717164032;1.3903503359999998;0.858087424;0.637380608;0.42040934399999996;0.355139584;0.13426483200000003;0.178589696;0.155488256;0.16142950400000003;0.15284224;0.187027456;0.17490534400000002;0.122474496;0.096260096;0.059113472;0.09158860799999999;0.064559104;0.052242432;0.036302848;0.040910848;0.033574912;0.018638848;0.017682431999999998;0.012349439999999998;0.010258432000000001;0.016334848000000003;0.017410047999999997;0.010663935999999999;0.008800256;0.00548864;0.01041408;0.010688511999999999;0.007235584;0.006903808;0.006082560000000001;0.0063569920000000005;0.005543936;0.004775936;0.00375808;0.004161536;0.0038420480000000003;0.004087808;0.00285696;0.002816;0.002955264;0.002586624;0.002840576;0.002023424;0.0018800639999999999;0.0029184000000000002;0.002674688;0.0017530879999999999;0.001161216;0.001656832;0.0014847999999999999;0.0013148160000000001;0.0014561280000000001;0.001159168;0.000743424;0.0010752000000000001;0.001513472;0.001460224;0.001847296;0.0018944;0.001220608;0.001261568;0.0019230719999999998
1774290600,hdr,0.0293;0.03906;0.04883;0.05859;0.06836;0.07813;0.08789;0.09766;0.10742;0.11719;0.12695;0.13672;0.14648;0.15625;0.16602;0.17578;0.18555;0.19531;0.20508;0.21484;0.22461;0.23438;0.24414;0.25391;0.26367;0.27344;0.2832;0.29297;0.30273;0.3125;0.32227;0.33203;0.3418;0.35156;0.36133;0.37109;0.38086;0.39063;0.40039;0.41016;0.41992;0.42969;0.43945;0.44922;0.45898;0.46875;0.47852;0.48828;0.49805;0.50781;0.51758;0.52734;0.53711;0.54688;0.55664;0.56641;0.57617;0.58594;0.5957;0.60547;0.61523;0.625;0.63477;0.64453;0.6543;0.66406;0.67383;0.68359;0.69336;0.70313;0.71289;0.72266;0.73242;0.74219;0.75195;0.76172;0.77148;0.78125;0.79102,0.004153344;0.01176576;0.019757056;0.025110528;0.060459007999999995;0.058216448;0.06668287999999999;0.135911424;0.365361152;0.95926272;1.4228377599999997;1.25924352;0.911755264;0.749953024;0.6686638079999999;0.34547711999999997;0.219508736;0.19299532800000002;0.14832435200000002;0.138307584;0.128745472;0.076869632;0.07075225600000001;0.13887488;0.13028352;0.14323507200000002;0.081309696;0.037136384;0.050563072;0.0415232;0.02796544;0.03474432;0.032032767999999996;0.016693248;0.01202176;0.013090816;0.013535232;0.01666048;0.020365311999999997;0.008083456;0.007458816;0.007757824000000001;0.006408192;0.004468736;0.0034304;0.006334464;0.005990400000000001;0.003835904;0.0037847040000000003;0.004210688;0.003272704;0.003002368;0.004292608;0.004012032;0.001839104;0.0019886079999999998;0.0024924160000000003;0.001820672;0.001316864;0.001288192;0.001028096;0.000978944;0.00124928;0.001030144;0.001257472;0.00126976;0.000843776;0.0011919360000000002;0.000905216;0.000884736;0.0011735040000000001;0.0013475839999999998;0.001286144;0.0009482239999999999;0.000503808;0.000485376;0.0008089600000000001;0.001077248;0.000831488
1774291500,hdr,0.0293;0.03906;0.04883;0.05859;0.06836;0.07813;0.08789;0.09766;0.10742;0.11719;0.12695;0.13672;0.14648;0.15625;0.16602;0.17578;0.18555;0.19531;0.20508;0.21484;0.22461;0.23438;0.24414;0.25391;0.26367;0.27344;0.2832;0.29297;0.30273;0.3125;0.32227;0.33203;0.3418;0.35156;0.36133;0.37109;0.38086;0.39063;0.40039;0.41016;0.41992;0.42969;0.43945;0.44922;0.45898;0.46875;0.47852;0.48828;0.49805;0.50781;0.51758;0.52734;0.53711;0.54688;0.55664;0.56641;0.57617;0.58594;0.5957;0.60547;0.61523;0.625;0.63477;0.64453;0.6543;0.66406;0.67383;0.68359;0.69336;0.70313;0.71289;0.72266;0.73242;0.74219;0.75195;0.76172;0.77148;0.78125;0.79102,0.002371584;0.014073856;0.017137664;0.019517440000000004;0.044249088000000006;0.054663168;0.090533888;0.18459648;0.44338585599999997;1.064695808;1.0967552;1.235603456;1.2662231039999998;0.7220736000000001;0.49396735999999997;0.408588288;0.434051072;0.245047296;0.183762944;0.265099264;0.21549260799999997;0.126672896;0.062072831999999994;0.096006144;0.126439424;0.114163712;0.085866496;0.066164736;0.04106239999999999;0.04362854399999999;0.032907264;0.030961664;0.037406720000000004;0.025450496000000003;0.03416064;0.029382656;0.027078656;0.015777792;0.01498112;0.014559232;0.014376960000000001;0.010921984000000001;0.009400320000000002;0.008697856;0.008468479999999999;0.00987136;0.008304639999999999;0.003852288;0.003919872;0.005445632;0.005244928;0.00408576;0.003201024;0.003756032;0.0035368960000000003;0.002564096;0.0023388159999999996;0.0027136;0.0022568959999999996;0.002066432;0.001734656;0.001349632;0.001488896;0.0013946879999999998;0.001275904;0.001439744;0.00154624;0.001603584;0.00231424;0.001318912;0.0012451839999999999;0.0011264;0.0008151040000000001;0.00115712;0.001726464;0.0008765439999999999;0.000802816;0.000847872;0.000763904
1774292400,hdr,0.0293;0.03906;0.04883;0.05859;0.06836;0.07813;0.08789;0.09766;0.10742;0.11719;0.12695;0.13672;0.14648;0.15625;0.16602;0.17578;0.18555;0.19531;0.20508;0.21484;0.22461;0.23438;0.24414;0.25391;0.26367;0.27344;0.2832;0.29297;0.30273;0.3125;0.32227;0.33203;0.3418;0.35156;0.36133;0.37109;0.38086;0.39063;0.40039;0.41016;0.41992;0.42969;0.43945;0.44922;0.45898;0.46875;0.47852;0.48828;0.49805;0.50781;0.51758;0.52734;0.53711;0.54688;0.55664;0.56641;0.57617;0.58594;0.5957;0.60547;0.61523;0.625;0.63477;0.64453;0.6543;0.66406;0.67383;0.68359;0.69336;0.70313;0.71289;0.72266;0.73242;0.74219;0.75195;0.76172;0.77148;0.78125;0.79102,0.0076124159999999995;0.022581247999999998;0.025167872;0.01439744;0.034510848000000004;0.045637632000000004;0.06699417599999999;0.15136768;0.5508096000000001;0.845780992;1.225402368;1.0379980800000002;0.848914432;0.599277568;0.772790272;0.639604736;0.37655552000000003;0.31567667200000005;0.197021696;0.186800128;0.20194304000000002;0.13855948799999998;0.17849548799999998;0.10165247999999999;0.10593075199999999;0.067145728;0.049946624;0.050132992;0.038408192;0.038887424000000004;0.033873919999999995;0.028147712;0.021039104;0.024694784;0.029427711999999998;0.021350400000000002;0.016044032;0.013535232;0.014194688;0.015511552;0.010110976;0.010889215999999998;0.012328960000000002;0.006832128;0.004483072;0.004608;0.006678528;0.007800832;0.007284736;0.004354048;0.004747264;0.004247552;0.0034242560000000005;0.0033812479999999995;0.002807808;0.002000896;0.001517568;0.0016936960000000002;0.001593344;0.000913408;0.001122304;0.000970752;0.000864256;0.001159168;0.001480704;0.0009441279999999999;0.000933888;0.00125952;0.00105472;0.0011673599999999999;0.001103872;0.001288192;0.001050624;0.000763904;0.000827392;0.0009297919999999999;0.0008069119999999999;0.001058816;0.0013701120000000002
1774293300,hdr,0.0293;0.03906;0.04883;0.05859;0.06836;0.07813;0.08789;0.09766;0.10742;0.11719;0.12695;0.13672;0.14648;0.15625;0.16602;0.17578;0.18555;0.19531;0.20508;0.21484;0.22461;0.23438;0.24414;0.25391;0.26367;0.27344;0.2832;0.29297;0.30273;0.3125;0.32227;0.33203;0.3418;0.35156;0.36133;0.37109;0.38086;0.39063;0.40039;0.41016;0.41992;0.42969;0.43945;0.44922;0.45898;0.46875;0.47852;0.48828;0.49805;0.50781;0.51758;0.52734;0.53711;0.54688;0.55664;0.56641;0.57617;0.58594;0.5957;0.60547;0.61523;0.625;0.63477;0.64453;0.6543;0.66406;0.67383;0.68359;0.69336;0.70313;0.71289;0.72266;0.73242;0.74219;0.75195;0.76172;0.77148;0.78125;0.79102,0.008495104;0.019310592;0.027918336;0.034267136;0.041205759999999994;0.032987136;0.07391027200000001;0.25655091199999996;0.48529408;0.7991992320000001;1.139560448;0.969023488;0.89088;0.8623144959999999;0.474312704;0.35361587200000005;0.365983744;0.29043097599999995;0.155885568;0.11695308799999998;0.12783616;0.161161216;0.12653567999999998;0.11036262399999999;0.15519744;0.085078016;0.059426816;0.06777856;0.050028543999999994;0.062949376;0.048904192000000006;0.040747008;0.038510592;0.026824704;0.025012224;0.02441216;0.016936959999999997;0.025024512000000002;0.013318144;0.008333312;0.012466176;0.009545728000000002;0.00873472;0.008169472;0.004857856;0.00676864;0.008032256;0.0042414079999999995;0.0033873920000000004;0.0050401280000000005;0.005042176000000001;0.003637248;0.0026009600000000003;0.003176448;0.0037949439999999997;0.0027115520000000003;0.0018636800000000002;0.002893824;0.0023429120000000004;0.001599488;0.001409024;0.0014499839999999999;0.002117632;0.0023429120000000004;0.001581056;0.0014745600000000002;0.000995328;0.0009727999999999999;0.001253376;0.00059392;0.0006000640000000001;0.0009461760000000001;0.0009420800000000001;0.000888832;0.000905216;0.001050624;0.0007352319999999999;0.0008192000000000001;0.0006082559999999999
1774294200,hdr,0.0293;0.03906;0.04883;0.05859;0.06836;0.07813;0.08789;0.09766;0.10742;0.11719;0.12695;0.13672;0.14648;0.15625;0.16602;0.17578;0.18555;0.19531;0.20508;0.21484;0.22461;0.23438;0.24414;0.25391;0.26367;0.27344;0.2832;0.29297;0.30273;0.3125;0.32227;0.33203;0.3418;0.35156;0.36133;0.37109;0.38086;0.39063;0.40039;0.41016;0.41992;0.42969;0.43945;0.44922;0.45898;0.46875;0.47852;0.48828;0.49805;0.50781;0.51758;0.52734;0.53711;0.54688;0.55664;0.56641;0.57617;0.58594;0.5957;0.60547;0.61523;0.625;0.63477;0.64453;0.6543;0.66406;0.67383;0.68359;0.69336;0.70313;0.71289;0.72266;0.73242;0.74219;0.75195;0.76172;0.77148;0.78125;0.79102,0.010491904;0.014098432000000001;0.015966208;0.051550208;0.075460608;0.054872064;0.104853504;0.22730137600000003;0.672434176;1.09648896;1.786619904;1.2872601600000002;0.628328448;0.71504896;0.586387456;0.393392128;0.25705881599999997;0.201506816;0.232513536;0.168937472;0.11690803200000001;0.104241152;0.071835648;0.1023488;0.100743168;0.071268352;0.11234304;0.072153088;0.056236032;0.036970496;0.022644736000000002;0.019617792000000002;0.017512448;0.032053248000000006;0.020649984;0.013959168;0.021075968;0.014163968;0.009971711999999999;0.009562112000000001;0.010006528;0.014716928;0.010891264;0.0053411840000000006;0.005312512;0.008572928;0.00618496;0.005316608;0.005134336000000001;0.003985408;0.00453632;0.0044851199999999996;0.0034918399999999995;0.00311296;0.002619392;0.002527232;0.001273856;0.0037847040000000003;0.003373056;0.002566144;0.0017489920000000002;0.001742848;0.001974272;0.0018698239999999997;0.0019537919999999998;0.0019046400000000002;0.001488896;0.0019128320000000002;0.0013824;0.0011489279999999998;0.0011735040000000001;0.001533952;0.0009543679999999999;0.000733184;0.000544768;0.0009318400000000001;0.0013680639999999998;0.0009625599999999999;0.0008151040000000001
1774295100,hdr,0.0293;0.03906;0.04883;0.05859;0.06836;0.07813;0.08789;0.09766;0.10742;0.11719;0.12695;0.13672;0.14648;0.15625;0.16602;0.17578;0.18555;0.19531;0.20508;0.21484;0.22461;0.23438;0.24414;0.25391;0.26367;0.27344;0.2832;0.29297;0.30273;0.3125;0.32227;0.33203;0.3418;0.35156;0.36133;0.37109;0.38086;0.39063;0.40039;0.41016;0.41992;0.42969;0.43945;0.44922;0.45898;0.46875;0.47852;0.48828;0.49805;0.50781;0.51758;0.52734;0.53711;0.54688;0.55664;0.56641;0.57617;0.58594;0.5957;0.60547;0.61523;0.625;0.63477;0.64453;0.6543;0.66406;0.67383;0.68359;0.69336;0.70313;0.71289;0.72266;0.73242;0.74219;0.75195;0.76172;0.77148;0.78125;0.79102,0.010420224;0.018419711999999998;0.025944064000000003;0.032110592;0.040077312;0.077436928;0.097642496;0.24473804799999999;0.718454784;0.913993728;1.156581376;1.1417272319999998;0.691931136;0.454946816;0.47743180799999996;0.429795328;0.27307622400000003;0.165619712;0.189935616;0.224376832;0.19499008;0.16182272;0.162342912;0.08364032;0.10618265599999999;0.104593408;0.090093568;0.08886272;0.08252211200000001;0.055894016000000005;0.049512447999999994;0.03456;0.01666048;0.013324287999999998;0.024270848;0.018638848;0.01343488;0.01465344;0.012238848;0.013150207999999998;0.010962943999999999;0.01176576;0.010119168;0.006797312;0.00796672;0.00792576;0.007915519999999999;0.006316032;0.00428032;0.003856384;0.003129344;0.002031616;0.003667968;0.00292864;0.0022528;0.001564672;0.0020254720000000004;0.001775616;0.0023920639999999997;0.0031907839999999995;0.002111488;0.001601536;0.001404928;0.001325056;0.0011468799999999999;0.000903168;0.0013148160000000001;0.001540096;0.001189888;0.0007188480000000001;0.0011120639999999998;0.001130496;0.000966656;0.000864256;0.0006144;0.0005713920000000001;0.0005713920000000001;0.0009584639999999999;0.000970752
1774296000,hdr,0.0293;0.03906;0.04883;0.05859;0.06836;0.07813;0.08789;0.09766;0.10742;0.11719;0.12695;0.13672;0.14648;0.15625;0.16602;0.17578;0.18555;0.19531;0.20508;0.21484;0.22461;0.23438;0.24414;0.25391;0.26367;0.27344;0.2832;0.29297;0.30273;0.3125;0.32227;0.33203;0.3418;0.35156;0.36133;0.37109;0.38086;0.39063;0.40039;0.41016;0.41992;0.42969;0.43945;0.44922;0.45898;0.46875;0.47852;0.48828;0.49805;0.50781;0.51758;0.52734;0.53711;0.54688;0.55664;0.56641;0.57617;0.58594;0.5957;0.60547;0.61523;0.625;0.63477;0.64453;0.6543;0.66406;0.67383;0.68359;0.69336;0.70313;0.71289;0.72266;0.73242;0.74219;0.75195;0.76172;0.77148;0.78125;0.79102,0.009035776;0.014487552;0.011048959999999998;0.020639743999999998;0.032897024000000004;0.074733568;0.124454912;0.216328192;0.376408064;0.681275392;1.316859904;2.0380672;1.122680832;0.681979904;0.496013312;0.43157299200000004;0.450936832;0.36782694400000004;0.275689472;0.24172339199999998;0.14355046400000002;0.131489792;0.13979033600000002;0.142544896;0.14409728;0.105023488;0.06770688000000001;0.04849664;0.048175103999999996;0.050329599999999995;0.052062208;0.026105856;0.017389567999999998;0.014848;0.029102080000000002;0.024766464;0.01888256;0.012019712;0.00908288;0.008341504000000001;0.007727103999999999;0.010508288000000001;0.0077639679999999996;0.00444416;0.0060682240000000005;0.0066437119999999995;0.00413696;0.004675584;0.004364288000000001;0.003432448;0.004016128;0.00340992;0.0030945279999999996;0.0036823039999999995;0.00256;0.002932736;0.0019476480000000002;0.0019947520000000002;0.002451456;0.001312768;0.0012247039999999999;0.001650688;0.001503232;0.001603584;0.0009748480000000001;0.000864256;0.001329152;0.000802816;0.001087488;0.000905216;0.00043827199999999997;0.000606208;0.00046080000000000003;0.000569344;0.0007946240000000001;0.000456704;0.000520192;0.001056768;0.0008048640000000001
1774296900,hdr,0.0293;0.03906;0.04883;0.05859;0.06836;0.07813;0.08789;0.09766;0.10742;0.11719;0.12695;0.13672;0.14648;0.15625;0.16602;0.17578;0.18555;0.19531;0.20508;0.21484;0.22461;0.23438;0.24414;0.25391;0.26367;0.27344;0.2832;0.29297;0.30273;0.3125;0.32227;0.33203;0.3418;0.35156;0.36133;0.37109;0.38086;0.39063;0.40039;0.41016;0.41992;0.42969;0.43945;0.44922;0.45898;0.46875;0.47852;0.48828;0.49805;0.50781;0.51758;0.52734;0.53711;0.54688;0.55664;0.56641;0.57617;0.58594;0.5957;0.60547;0.61523;0.625;0.63477;0.64453;0.6543;0.66406;0.67383;0.68359;0.69336;0.70313;0.71289;0.72266;0.73242;0.74219;0.75195;0.76172;0.77148;0.78125;0.79102,0.012138495999999999;0.019017728;0.022372351999999998;0.066920448;0.06959104;0.053547008;0.090064896;0.233558016;0.674998272;1.441005568;1.3946163200000001;1.088630784;0.5585346560000001;0.379209728;0.3324416;0.344576;0.31013478400000005;0.236505088;0.22207488;0.22704537600000002;0.24578252800000003;0.12219392000000001;0.088451072;0.106407936;0.0793088;0.080513024;0.0865792;0.06391808;0.030900224;0.037738495999999996;0.030861312000000002;0.02719744;0.02031616;0.029151232;0.0265728;0.027369472;0.020957184;0.016900096;0.024557568;0.015884288;0.012998656;0.00922624;0.009680896000000001;0.011503616;0.009320448;0.005470208000000001;0.005793792;0.005343232;0.005920768;0.004464640000000001;0.00375808;0.0035471359999999998;0.003360768;0.002981888;0.001933312;0.001488896;0.00187392;0.0014438399999999998;0.0018800639999999999;0.002021376;0.0014929920000000003;0.0011776;0.001110016;0.000985088;0.000733184;0.0011284479999999998;0.0010936319999999998;0.00126976;0.000919552;0.000483328;0.0007372800000000001;0.000813056;0.0007495679999999999;0.0006819840000000001;0.000620544;0.0007843840000000001;0.000712704;0.000780288;0.0011509760000000002
1774297800,hdr,0.0293;0.03906;0.04883;0.05859;0.06836;0.07813;0.08789;0.09766;0.10742;0.11719;0.12695;0.13672;0.14648;0.15625;0.16602;0.17578;0.18555;0.19531;0.20508;0.21484;0.22461;0.23438;0.24414;0.25391;0.26367;0.27344;0.2832;0.29297;0.30273;0.3125;0.32227;0.33203;0.3418;0.35156;0.36133;0.37109;0.38086;0.39063;0.40039;0.41016;0.41992;0.42969;0.43945;0.44922;0.45898;0.46875;0.47852;0.48828;0.49805;0.50781;0.51758;0.52734;0.53711;0.54688;0.55664;0.56641;0.57617;0.58594;0.5957;0.60547;0.61523;0.625;0.63477;0.64453;0.6543;0.66406;0.67383;0.68359;0.69336;0.70313;0.71289;0.72266;0.73242;0.74219;0.75195;0.76172;0.77148;0.78125;0.79102,0.005251072;0.017475584000000002;0.028450816;0.034627583999999996;0.045953023999999995;0.044658687999999995;0.08552448;0.360093696;0.84927488;1.265514496;1.0096209919999999;1.049116672;0.7819345919999999;0.6023004160000001;0.6148218879999999;0.48400384;0.32876544;0.27161190399999996;0.22715596799999999;0.17199923200000003;0.10454016000000001;0.128086016;0.108468224;0.11571609599999999;0.099526656;0.09030246400000001;0.081936384;0.08664268800000001;0.065560576;0.08154112000000001;0.05095219199999999;0.039759872;0.043044863999999995;0.033009664;0.02721792;0.025102336;0.023244800000000003;0.014196736;0.012201984;0.011554816;0.012740608;0.009086976;0.007432192;0.006449152;0.005152768;0.0072560640000000004;0.005814272;0.004952064;0.00503808;0.0031375360000000002;0.002914304;0.003162112;0.00181248;0.0022896640000000003;0.002566144;0.0018698239999999997;0.001845248;0.0013639680000000001;0.0014786559999999999;0.001865728;0.001497088;0.001716224;0.0011448320000000001;0.000694272;0.000698368;0.000995328;0.00082944;0.0007372800000000001;0.000688128;0.000768;0.0012369920000000001;0.000772096;0.000503808;0.000772096;0.0005918719999999999;0.000356352;0.0006778880000000001;0.0007106559999999999;0.0004915200000000001
1774298700,hdr,0.0293;0.03906;0.04883;0.05859;0.06836;0.07813;0.08789;0.09766;0.10742;0.11719;0.12695;0.13672;0.14648;0.15625;0.16602;0.17578;0.18555;0.19531;0.20508;0.21484;0.22461;0.23438;0.24414;0.25391;0.26367;0.27344;0.2832;0.29297;0.30273;0.3125;0.32227;0.33203;0.3418;0.35156;0.36133;0.37109;0.38086;0.39063;0.40039;0.41016;0.41992;0.42969;0.43945;0.44922;0.45898;0.46875;0.47852;0.48828;0.49805;0.50781;0.51758;0.52734;0.53711;0.54688;0.55664;0.56641;0.57617;0.58594;0.5957;0.60547;0.61523;0.625;0.63477;0.64453;0.6543;0.66406;0.67383;0.68359;0.69336;0.70313;0.71289;0.72266;0.73242;0.74219;0.75195;0.76172;0.77148;0.78125;0.79102,0.004700160000000001;0.017051648000000003;0.030240768;0.03941376;0.033613824;0.040943616;0.110897152;0.343341056;0.6831329279999999;1.247891456;1.6192040959999998;1.2609843200000002;0.9709772799999999;0.6840483840000001;0.411287552;0.31679897599999995;0.21793177600000002;0.28418867200000003;0.302993408;0.278341632;0.19866624;0.120139776;0.102639616;0.144381952;0.19119103999999998;0.14870732799999997;0.075974656;0.07536025600000001;0.069441536;0.051093504;0.048181248;0.040065024;0.030621696;0.029710336000000004;0.026619904;0.0301568;0.022147072;0.020017152;0.017625088000000004;0.014000128;0.0103936;0.008228863999999999;0.008036352;0.006510592;0.0065638400000000005;0.007806975999999999;0.004030464;0.0042086400000000005;0.004028416;0.003063808;0.003016704;0.0025108480000000004;0.002594816;0.0023265280000000004;0.0021032959999999997;0.002015232;0.00149504;0.001591296;0.001929216;0.00164864;0.001480704;0.0012042239999999998;0.001548288;0.0012247039999999999;0.001077248;0.0010649599999999998;0.001222656;0.0012288;0.0012165119999999999;0.00104448;0.000772096;0.000520192;0.000745472;0.000714752;0.0006676480000000001;0.00046080000000000003;0.00040345599999999995;0.000466944;0.000606208
1774300500,hdr,0.0293;0.03906;0.04883;0.05859;0.06836;0.07813;0.08789;0.09766;0.10742;0.11719;0.12695;0.13672;0.14648;0.15625;0.16602;0.17578;0.18555;0.19531;0.20508;0.21484;0.22461;0.23438;0.24414;0.25391;0.26367;0.27344;0.2832;0.29297;0.30273;0.3125;0.32227;0.33203;0.3418;0.35156;0.36133;0.37109;0.38086;0.39063;0.40039;0.41016;0.41992;0.42969;0.43945;0.44922;0.45898;0.46875;0.47852;0.48828;0.49805;0.50781;0.51758;0.52734;0.53711;0.54688;0.55664;0.56641;0.57617;0.58594;0.5957;0.60547;0.61523;0.625;0.63477;0.64453;0.6543;0.66406;0.67383;0.68359;0.69336;0.70313;0.71289;0.72266;0.73242;0.74219;0.75195;0.76172;0.77148;0.78125;0.79102,0.006428672;0.015544320000000002;0.022388736;0.033017856;0.021958656000000003;0.06539673600000001;0.12878643199999998;0.433043456;0.773040128;0.973651968;1.7871503359999998;1.3109985280000003;0.887443456;0.78355456;0.430577664;0.353069056;0.300652544;0.19102719999999998;0.1618944;0.15137791999999997;0.10493132799999999;0.1100288;0.14547148799999998;0.128897024;0.092608512;0.07003136;0.06550118399999999;0.058535936000000004;0.076589056;0.061403136000000004;0.039911424;0.038371328;0.031862784;0.028532736;0.020535295999999998;0.02159616;0.024000511999999998;0.016760832000000003;0.020451328;0.015884288;0.010395647999999999;0.008232960000000001;0.0098816;0.009267200000000001;0.007927808;0.00817152;0.0049664;0.004653056000000001;0.00386048;0.004202496;0.003866624;0.003909632;0.003432448;0.003504128;0.002125824;0.001937408;0.0034304;0.003516416;0.00253952;0.003325952;0.001927168;0.0014745600000000002;0.001441792;0.001101824;0.001114112;0.001103872;0.000950272;0.0009748480000000001;0.000989184;0.001212416;0.00110592;0.000626688;0.000616448;0.000864256;0.0008048640000000001;0.0009400319999999999;0.000964608;0.000485376;0.000423936
1774301400,hdr,0.0293;0.03906;0.04883;0.05859;0.06836;0.07813;0.08789;0.09766;0.10742;0.11719;0.12695;0.13672;0.14648;0.15625;0.16602;0.17578;0.18555;0.19531;0.20508;0.21484;0.22461;0.23438;0.24414;0.25391;0.26367;0.27344;0.2832;0.29297;0.30273;0.3125;0.32227;0.33203;0.3418;0.35156;0.36133;0.37109;0.38086;0.39063;0.40039;0.41016;0.41992;0.42969;0.43945;0.44922;0.45898;0.46875;0.47852;0.48828;0.49805;0.50781;0.51758;0.52734;0.53711;0.54688;0.55664;0.56641;0.57617;0.58594;0.5957;0.60547;0.61523;0.625;0.63477;0.64453;0.6543;0.66406;0.67383;0.68359;0.69336;0.70313;0.71289;0.72266;0.73242;0.74219;0.75195;0.76172;0.77148;0.78125;0.79102,0.007737344;0.0150016;0.030281728000000004;0.030517248;0.033775616;0.093089792;0.111382528;0.221421568;0.589139968;0.890003456;1.0490531840000001;0.9604259839999999;0.669042688;0.522725376;0.42046259199999997;0.371564544;0.26165043200000004;0.20124672;0.222554112;0.23923097599999998;0.199852032;0.171651072;0.112984064;0.12817203200000002;0.14485504000000002;0.07100416;0.104142848;0.06265856;0.038119424;0.033693696;0.034111488;0.036909055999999996;0.031698944;0.030296064;0.023570432000000002;0.017420288;0.018837504;0.020400127999999997;0.015517696;0.018001919999999998;0.008710144;0.004995072;0.011307008;0.013457407999999999;0.006883327999999999;0.007686143999999999;0.006641663999999999;0.006590464;0.00452608;0.0033300480000000004;0.00340992;0.0031969280000000004;0.0026071040000000003;0.0042496;0.0038174719999999997;0.003979264;0.0033955839999999997;0.0020746239999999997;0.0023388159999999996;0.00231424;0.001517568;0.00150528;0.0013824;0.0009912319999999999;0.000649216;0.001777664;0.00128;0.001062912;0.000899072;0.0010752000000000001;0.000950272;0.0008089600000000001;0.000790528;0.000456704;0.0005324799999999999;0.000659456;0.000524288;0.000288768;0.00039936
1774302300,hdr,0.0293;0.03906;0.04883;0.05859;0.06836;0.07813;0.08789;0.09766;0.10742;0.11719;0.12695;0.13672;0.14648;0.15625;0.16602;0.17578;0.18555;0.19531;0.20508;0.21484;0.22461;0.23438;0.24414;0.25391;0.26367;0.27344;0.2832;0.29297;0.30273;0.3125;0.32227;0.33203;0.3418;0.35156;0.36133;0.37109;0.38086;0.39063;0.40039;0.41016;0.41992;0.42969;0.43945;0.44922;0.45898;0.46875;0.47852;0.48828;0.49805;0.50781;0.51758;0.52734;0.53711;0.54688;0.55664;0.56641;0.57617;0.58594;0.5957;0.60547;0.61523;0.625;0.63477;0.64453;0.6543;0.66406;0.67383;0.68359;0.69336;0.70313;0.71289;0.72266;0.73242;0.74219;0.75195;0.76172;0.77148;0.78125;0.79102,0.006070272;0.010074112;0.016152576;0.027887616;0.03500032;0.044824576;0.088242176;0.387971072;0.5776670719999999;0.65190912;1.378777088;1.633753088;1.404321792;0.79468544;0.490684416;0.35230105600000006;0.241475584;0.19980288;0.1870336;0.184262656;0.20873625599999998;0.201924608;0.134598656;0.15857459200000001;0.129867776;0.082610176;0.07390822400000001;0.06546432;0.035411968;0.033110016000000006;0.041814016;0.042305536;0.032466944;0.034379776;0.017993728;0.019636223999999997;0.027582464;0.02308096;0.018419711999999998;0.014362624;0.01220608;0.01110016;0.007737344;0.009054208;0.009971711999999999;0.007088128000000001;0.007235584;0.008370176000000002;0.0021872639999999995;0.004372480000000001;0.005486591999999999;0.005009407999999999;0.004227072;0.004411392;0.003264512;0.003088384;0.0026705920000000003;0.002459648;0.00267264;0.002174976;0.0020254720000000004;0.00155648;0.001275904;0.00137216;0.00149504;0.0019251199999999998;0.0015544320000000001;0.0012288;0.00104448;0.001212416;0.001071104;0.00105472;0.001241088;0.0009605120000000001;0.0005754880000000001;0.0006021119999999999;0.000661504;0.000544768;0.00047923199999999995
1774303200,hdr,0.0293;0.03906;0.04883;0.05859;0.06836;0.07813;0.08789;0.09766;0.10742;0.11719;0.12695;0.13672;0.14648;0.15625;0.16602;0.17578;0.18555;0.19531;0.20508;0.21484;0.22461;0.23438;0.24414;0.25391;0.26367;0.27344;0.2832;0.29297;0.30273;0.3125;0.32227;0.33203;0.3418;0.35156;0.36133;0.37109;0.38086;0.39063;0.40039;0.41016;0.41992;0.42969;0.43945;0.44922;0.45898;0.46875;0.47852;0.48828;0.49805;0.50781;0.51758;0.52734;0.53711;0.54688;0.55664;0.56641;0.57617;0.58594;0.5957;0.60547;0.61523;0.625;0.63477;0.64453;0.6543;0.66406;0.67383;0.68359;0.69336;0.70313;0.71289;0.72266;0.73242;0.74219;0.75195;0.76172;0.77148;0.78125;0.79102,0.007696384;0.005750784000000001;0.00612352;0.012118016000000002;0.02151424;0.053757952000000005;0.128800768;0.582557696;1.269561344;1.4140927999999997;1.697122304;1.367789568;0.8789749760000001;0.558848;0.403406848;0.261687296;0.351279104;0.30017536;0.200843264;0.17029734400000002;0.121612288;0.140476416;0.18035711999999998;0.19232563200000002;0.11447910400000001;0.09298739199999999;0.050925568;0.054419456;0.058361856;0.06521856;0.036956159999999995;0.032106496;0.030386176;0.026343424;0.024858624;0.018831360000000002;0.023259136000000003;0.015876096;0.015263744000000001;0.013846527999999999;0.013570048000000001;0.009396224;0.009003008;0.005705728;0.005021696000000001;0.005054464;0.00621568;0.006948864000000001;0.0048209920000000005;0.004184064;0.003110912;0.00306176;0.0027156479999999998;0.002977792;0.002707456;0.0025415679999999997;0.002924544;0.002398208;0.0027381760000000006;0.002859008;0.0017489920000000002;0.0009318400000000001;0.001472512;0.0014233599999999998;0.001931264;0.0018595839999999998;0.0011264;0.0015114240000000001;0.001267712;0.001079296;0.0009625599999999999;0.0008069119999999999;0.0006656;0.0006184960000000001;0.0005632;0.00101376;0.001282048;0.000831488;0.0006656
1774304100,hdr,0.0293;0.03906;0.04883;0.05859;0.06836;0.07813;0.08789;0.09766;0.10742;0.11719;0.12695;0.13672;0.14648;0.15625;0.16602;0.17578;0.18555;0.19531;0.20508;0.21484;0.22461;0.23438;0.24414;0.25391;0.26367;0.27344;0.2832;0.29297;0.30273;0.3125;0.32227;0.33203;0.3418;0.35156;0.36133;0.37109;0.38086;0.39063;0.40039;0.41016;0.41992;0.42969;0.43945;0.44922;0.45898;0.46875;0.47852;0.48828;0.49805;0.50781;0.51758;0.52734;0.53711;0.54688;0.55664;0.56641;0.57617;0.58594;0.5957;0.60547;0.61523;0.625;0.63477;0.64453;0.6543;0.66406;0.67383;0.68359;0.69336;0.70313;0.71289;0.72266;0.73242;0.74219;0.75195;0.76172;0.77148;0.78125;0.79102,0.009064448000000001;0.009971711999999999;0.010678271999999999;0.012473344;0.02445312;0.04962304;0.253756416;0.786244608;0.91040768;0.815911936;0.6639882239999999;0.6027939840000001;0.648482816;0.42735616;0.396878848;0.423890944;0.357848064;0.18213376;0.126724096;0.1459968;0.141432832;0.19119308799999998;0.188604416;0.161163264;0.172630016;0.19945779200000002;0.10032537600000001;0.046949376;0.043567104;0.05822054399999999;0.068595712;0.04077568;0.032372736000000006;0.024159232;0.017534975999999997;0.027133952000000003;0.025139199999999997;0.019249152;0.013121536;0.011846655999999999;0.013871104;0.012178432000000001;0.011528192000000001;0.012751872000000001;0.008726528;0.004879360000000001;0.004755456;0.005078015999999999;0.004344832000000001;0.00493568;0.005643264;0.004903935999999999;0.003731456;0.0022466560000000005;0.001954816;0.003176448;0.0028846080000000003;0.0022394880000000004;0.002476032;0.00150528;0.000910336;0.0014827520000000002;0.001954816;0.0019712;0.001373184;0.000918528;0.0012359679999999998;0.001659904;0.0011960319999999999;0.000872448;0.0009973760000000001;0.001242112;0.00101888;0.0009973760000000001;0.000625664;0.000854016;0.001186816;0.00103936;0.000800768
1774305000,hdr,0.0293;0.03906;0.04883;0.05859;0.06836;0.07813;0.08789;0.09766;0.10742;0.11719;0.12695;0.13672;0.14648;0.15625;0.16602;0.17578;0.18555;0.19531;0.20508;0.21484;0.22461;0.23438;0.24414;0.25391;0.26367;0.27344;0.2832;0.29297;0.30273;0.3125;0.32227;0.33203;0.3418;0.35156;0.36133;0.37109;0.38086;0.39063;0.40039;0.41016;0.41992;0.42969;0.43945;0.44922;0.45898;0.46875;0.47852;0.48828;0.49805;0.50781;0.51758;0.52734;0.53711;0.54688;0.55664;0.56641;0.57617;0.58594;0.5957;0.60547;0.61523;0.625;0.63477;0.64453;0.6543;0.66406;0.67383;0.68359;0.69336;0.70313;0.71289;0.72266;0.73242;0.74219;0.75195;0.76172;0.77148;0.78125;0.79102,0.004427776;0.007970816;0.015319039999999999;0.035780608;0.03606528;0.061724672;0.098975744;0.385533952;1.2605706239999999;1.78811904;1.6597258240000001;1.306642432;0.91521024;0.501796864;0.28870246400000005;0.29083238399999994;0.240447488;0.1680384;0.247339008;0.22439526399999998;0.250738688;0.32852992;0.247681024;0.144062464;0.17584332800000002;0.12066611199999999;0.084793344;0.057315328;0.056143872000000004;0.05112832;0.042397696000000006;0.035489792;0.034351104;0.028555264000000004;0.027942912;0.018944;0.01189888;0.013268992;0.013735935999999999;0.011286528;0.008122368;0.016033791999999998;0.012879872;0.009250816;0.008185856;0.009234432;0.007170048000000001;0.0029695999999999998;0.003508224;0.003588096;0.005191680000000001;0.003969024;0.004724736;0.0034816;0.0024801280000000003;0.00285696;0.0020254720000000004;0.00183296;0.0019824639999999998;0.0025497600000000003;0.0021524480000000004;0.001779712;0.0019455999999999998;0.001705984;0.0011919360000000002;0.001011712;0.0009830400000000001;0.001153024;0.001277952;0.0010649599999999998;0.000987136;0.000786432;0.000743424;0.0008704;0.0010833919999999999;0.0009564160000000001;0.0006000640000000001;0.000702464;0.000796672
1774305900,hdr,0.0293;0.03906;0.04883;0.05859;0.06836;0.07813;0.08789;0.09766;0.10742;0.11719;0.12695;0.13672;0.14648;0.15625;0.16602;0.17578;0.18555;0.19531;0.20508;0.21484;0.22461;0.23438;0.24414;0.25391;0.26367;0.27344;0.2832;0.29297;0.30273;0.3125;0.32227;0.33203;0.3418;0.35156;0.36133;0.37109;0.38086;0.39063;0.40039;0.41016;0.41992;0.42969;0.43945;0.44922;0.45898;0.46875;0.47852;0.48828;0.49805;0.50781;0.51758;0.52734;0.53711;0.54688;0.55664;0.56641;0.57617;0.58594;0.5957;0.60547;0.61523;0.625;0.63477;0.64453;0.6543;0.66406;0.67383;0.68359;0.69336;0.70313;0.71289;0.72266;0.73242;0.74219;0.75195;0.76172;0.77148;0.78125;0.79102,0.0042885119999999995;0.009650176;0.013733888000000001;0.025913343999999998;0.021297152000000003;0.039176192000000006;0.22357401600000001;0.7975546880000001;1.0779340800000001;1.62768896;1.787609088;1.0671144959999999;0.571185152;0.559368192;0.442247168;0.25693184;0.212224;0.21999616;0.178601984;0.311801856;0.37705932799999997;0.230641664;0.206999552;0.112340992;0.118536192;0.13807820799999998;0.09460736;0.051048448;0.036653055999999996;0.042862592;0.056047615999999995;0.064294912;0.046460928;0.037767168;0.03121152;0.025571328;0.036026367999999996;0.024897536;0.017840128;0.010919936;0.007995392;0.008808448;0.009347072;0.00801792;0.0077987840000000004;0.00812032;0.009771008;0.009936896;0.006682624;0.00479232;0.005701632;0.006832128;0.0044974080000000005;0.004210688;0.004417536;0.0033812479999999995;0.002936832;0.0028487680000000002;0.003371008;0.003002368;0.00283648;0.00301056;0.003096576;0.00217088;0.0018513919999999999;0.001611776;0.0016302080000000002;0.0009523200000000001;0.0009441279999999999;0.0014827520000000002;0.000800768;0.00082944;0.001501184;0.001830912;0.0010199039999999999;0.000641024;0.0006082559999999999;0.0009359360000000001;0.0011776
1774306800,hdr,0.0293;0.03906;0.04883;0.05859;0.06836;0.07813;0.08789;0.09766;0.10742;0.11719;0.12695;0.13672;0.14648;0.15625;0.16602;0.17578;0.18555;0.19531;0.20508;0.21484;0.22461;0.23438;0.24414;0.25391;0.26367;0.27344;0.2832;0.29297;0.30273;0.3125;0.32227;0.33203;0.3418;0.35156;0.36133;0.37109;0.38086;0.39063;0.40039;0.41016;0.41992;0.42969;0.43945;0.44922;0.45898;0.46875;0.47852;0.48828;0.49805;0.50781;0.51758;0.52734;0.53711;0.54688;0.55664;0.56641;0.57617;0.58594;0.5957;0.60547;0.61523;0.625;0.63477;0.64453;0.6543;0.66406;0.67383;0.68359;0.69336;0.70313;0.71289;0.72266;0.73242;0.74219;0.75195;0.76172;0.77148;0.78125;0.79102,0.006393856000000001;0.008292352;0.011845632;0.023570432000000002;0.025995264;0.060008448000000006;0.157970432;0.578885632;1.3701693439999998;1.434263552;1.773242368;1.0732236800000001;0.477054976;0.602847232;0.28417638399999995;0.24919040000000003;0.11740160000000001;0.134408192;0.17163468800000004;0.311146496;0.27617894400000004;0.221538304;0.192526336;0.17253990400000002;0.154093568;0.142067712;0.111161344;0.083890176;0.08978431999999999;0.10214195200000001;0.09141862399999999;0.052504576000000004;0.033538048;0.03126272;0.026779648;0.020076543999999998;0.0178176;0.018008064;0.013023232;0.015927296;0.014522368;0.009740288;0.009003008;0.007245824;0.006672384;0.005083135999999999;0.005505024;0.005058559999999999;0.00384;0.006680576;0.005476352000000001;0.00367616;0.0031477759999999997;0.003786752;0.002650112;0.001738752;0.0024576;0.003162112;0.003295232;0.002332672;0.001615872;0.0014786559999999999;0.0014929920000000003;0.0016609279999999999;0.00141312;0.001560576;0.0009564160000000001;0.0010608640000000001;0.001267712;0.0010199039999999999;0.000878592;0.0005918719999999999;0.0007946240000000001;0.001165312;0.001067008;0.000733184;0.000690176;0.000688128;0.00063488
1774307700,hdr,0.0293;0.03906;0.04883;0.05859;0.06836;0.07813;0.08789;0.09766;0.10742;0.11719;0.12695;0.13672;0.14648;0.15625;0.16602;0.17578;0.18555;0.19531;0.20508;0.21484;0.22461;0.23438;0.24414;0.25391;0.26367;0.27344;0.2832;0.29297;0.30273;0.3125;0.32227;0.33203;0.3418;0.35156;0.36133;0.37109;0.38086;0.39063;0.40039;0.41016;0.41992;0.42969;0.43945;0.44922;0.45898;0.46875;0.47852;0.48828;0.49805;0.50781;0.51758;0.52734;0.53711;0.54688;0.55664;0.56641;0.57617;0.58594;0.5957;0.60547;0.61523;0.625;0.63477;0.64453;0.6543;0.66406;0.67383;0.68359;0.69336;0.70313;0.71289;0.72266;0.73242;0.74219;0.75195;0.76172;0.77148;0.78125;0.79102,0.005581824000000001;0.018877440000000002;0.0167424;0.023884799999999998;0.038040576;0.061830144000000004;0.186313728;0.605331456;2.080023552;2.306531328;1.381346304;0.807472128;0.611991552;0.43636531200000006;0.290264064;0.321506304;0.279730176;0.18295296;0.181420032;0.32722329600000005;0.313089024;0.280464384;0.216434688;0.121473024;0.10839552;0.09990144000000001;0.08123289600000001;0.079091712;0.08170291200000002;0.055194624000000005;0.052463616000000005;0.05462937600000001;0.033067007999999995;0.027872255999999998;0.023995392;0.025559039999999998;0.022573056;0.019577856;0.02217984;0.013565952;0.007796736;0.006199295999999999;0.011283456;0.016364543999999998;0.011556864;0.007354367999999999;0.00588288;0.005846016;0.005501952;0.006991872;0.006110208;0.00473088;0.005031936;0.004939776;0.002491392;0.002193408;0.0017541120000000002;0.002393088;0.002909184;0.001999872;0.0021903359999999998;0.0022855679999999995;0.00216576;0.0016066560000000001;0.000933888;0.0015083520000000001;0.001876992;0.0015820800000000002;0.00125952;0.0014499839999999999;0.00110592;0.00110592;0.00056832;0.00109056;0.0009646079999999999;0.000712704;0.00056832;0.000623616;0.0004976640000000001
1774308600,hdr,0.0293;0.03906;0.04883;0.05859;0.06836;0.07813;0.08789;0.09766;0.10742;0.11719;0.12695;0.13672;0.14648;0.15625;0.16602;0.17578;0.18555;0.19531;0.20508;0.21484;0.22461;0.23438;0.24414;0.25391;0.26367;0.27344;0.2832;0.29297;0.30273;0.3125;0.32227;0.33203;0.3418;0.35156;0.36133;0.37109;0.38086;0.39063;0.40039;0.41016;0.41992;0.42969;0.43945;0.44922;0.45898;0.46875;0.47852;0.48828;0.49805;0.50781;0.51758;0.52734;0.53711;0.54688;0.55664;0.56641;0.57617;0.58594;0.5957;0.60547;0.61523;0.625;0.63477;0.64453;0.6543;0.66406;0.67383;0.68359;0.69336;0.70313;0.71289;0.72266;0.73242;0.74219;0.75195;0.76172;0.77148;0.78125;0.79102,0.0056176640000000005;0.01107968;0.017330176000000003;0.029052928;0.021460992;0.04900864;0.11500134399999999;0.363446272;1.383133184;1.919188992;0.968945664;0.80293888;0.49142784;0.314148864;0.260081664;0.282750976;0.26587955199999996;0.27337523199999997;0.24429977600000002;0.13684940800000003;0.196036608;0.23938048;0.154007552;0.1311744;0.14106419199999998;0.129124352;0.07868416;0.07641088;0.056377343999999996;0.05723340799999999;0.057387008;0.033734656;0.027684864;0.043321344000000005;0.049002496;0.036708352;0.022859776000000002;0.022042624;0.016795648;0.011278336;0.01092608;0.014802944;0.015233024000000001;0.015138816000000001;0.011696128;0.008267776;0.007530496;0.006764544;0.007155712000000001;0.005844992;0.00671744;0.006623232;0.004636672;0.00452608;0.002596864;0.003821568;0.003272704;0.00195584;0.0021913600000000003;0.002588672;0.002076672;0.0029798399999999997;0.002267136;0.001296384;0.001079296;0.001662976;0.001431552;0.001544192;0.00126976;0.0009318400000000001;0.000868352;0.0010199039999999999;0.000790528;0.0009564160000000001;0.000743424;0.000628736;0.000663552;0.0007557120000000001;0.000897024
1774309500,hdr,0.0293;0.03906;0.04883;0.05859;0.06836;0.07813;0.08789;0.09766;0.10742;0.11719;0.12695;0.13672;0.14648;0.15625;0.16602;0.17578;0.18555;0.19531;0.20508;0.21484;0.22461;0.23438;0.24414;0.25391;0.26367;0.27344;0.2832;0.29297;0.30273;0.3125;0.32227;0.33203;0.3418;0.35156;0.36133;0.37109;0.38086;0.39063;0.40039;0.41016;0.41992;0.42969;0.43945;0.44922;0.45898;0.46875;0.47852;0.48828;0.49805;0.50781;0.51758;0.52734;0.53711;0.54688;0.55664;0.56641;0.57617;0.58594;0.5957;0.60547;0.61523;0.625;0.63477;0.64453;0.6543;0.66406;0.67383;0.68359;0.69336;0.70313;0.71289;0.72266;0.73242;0.74219;0.75195;0.76172;0.77148;0.78125;0.79102,0.010924032000000002;0.018071552;0.016560128;0.020236287999999998;0.051531776;0.124790784;0.22829056;0.5371412480000001;1.260396544;1.425864704;1.33554176;1.1837890560000002;0.367489024;0.31454412800000003;0.31908454399999997;0.231593984;0.191248384;0.147968;0.249419776;0.20645273599999997;0.172652544;0.20619673599999996;0.161691648;0.123809792;0.108593152;0.10241433600000001;0.06376857600000001;0.092772352;0.08751104;0.04753408;0.06550118399999999;0.057849856;0.038117375999999994;0.03264512;0.027070464;0.023676928;0.024690688000000002;0.020242432;0.015603711999999999;0.012713984000000001;0.009754624;0.012318720000000002;0.013533184000000002;0.011085824000000001;0.009854976000000001;0.010080256000000001;0.006488063999999999;0.005087232;0.003364864;0.003371008;0.0034754559999999996;0.00452608;0.0040243200000000005;0.0044031999999999995;0.004976639999999999;0.0030412800000000004;0.002107392;0.0018432000000000001;0.0022528;0.002115584;0.0022978559999999996;0.001695744;0.002527232;0.002719744;0.002168832;0.001593344;0.001277952;0.001284096;0.0016302080000000002;0.001599488;0.001583104;0.001077248;0.0010813440000000001;0.00115712;0.0007168;0.0007557120000000001;0.00103424;0.001097728;0.0011796480000000002
