Epoch Time,Processing Source,f,varianceDensity
1777766400,hdr,0.0293;0.03906;0.04883;0.05859;0.06836;0.07813;0.08789;0.09766;0.10742;0.11719;0.12695;0.13672;0.14648;0.15625;0.16602;0.17578;0.18555;0.19531;0.20508;0.21484;0.22461;0.23438;0.24414;0.25391;0.26367;0.27344;0.2832;0.29297;0.30273;0.3125;0.32227;0.33203;0.3418;0.35156;0.36133;0.37109;0.38086;0.39063;0.40039;0.41016;0.41992;0.42969;0.43945;0.44922;0.45898;0.46875;0.47852;0.48828;0.49805;0.50781;0.51758;0.52734;0.53711;0.54688;0.55664;0.56641;0.57617;0.58594;0.5957;0.60547;0.61523;0.625;0.63477;0.64453;0.6543;0.66406;0.67383;0.68359;0.69336;0.70313;0.71289;0.72266;0.73242;0.74219;0.75195;0.76172;0.77148;0.78125;0.79102,0.001540096;0.0029501439999999996;0.007883776;0.021479424000000004;0.056513536;0.126275584;0.215281664;0.45697126400000004;0.807564288;0.503190528;0.201699328;0.09691852799999999;0.055572479999999994;0.037220352;0.017743872;0.02184704;0.04186112;0.051551231999999995;0.052385792;0.11327488;0.13175910400000002;0.07637811200000001;0.06464512;0.048928768;0.069526528;0.060225536;0.052180992;0.05010432;0.05095219199999999;0.028646400000000002;0.026745856;0.024694784;0.026900480000000004;0.028556287999999996;0.028514304;0.016520192000000003;0.010847232;0.014978047999999999;0.016971775999999997;0.014357504;0.010230784;0.008988671999999998;0.008304639999999999;0.004880384;0.0052992;0.006460416;0.0048711679999999995;0.0051025919999999995;0.003981312;0.0036843519999999997;0.0041564160000000005;0.002249728;0.0020797439999999997;0.0026777600000000004;0.003996672;0.0036024319999999996;0.004128768;0.0030289920000000003;0.001655808;0.0020981759999999998;0.0023388159999999996;0.0016404479999999999;0.0020183040000000003;0.001980416;0.0012871680000000002;0.000939008;0.000787456;0.0005724160000000001;0.0008089600000000001;0.00087552;0.0012052480000000001;0.001000448;0.0006819840000000001;0.00062976;0.00046489599999999996;0.000387072;0.00043315199999999996;0.000454656;0.0006912
1777767300,hdr,0.0293;0.03906;0.04883;0.05859;0.06836;0.07813;0.08789;0.09766;0.10742;0.11719;0.12695;0.13672;0.14648;0.15625;0.16602;0.17578;0.18555;0.19531;0.20508;0.21484;0.22461;0.23438;0.24414;0.25391;0.26367;0.27344;0.2832;0.29297;0.30273;0.3125;0.32227;0.33203;0.3418;0.35156;0.36133;0.37109;0.38086;0.39063;0.40039;0.41016;0.41992;0.42969;0.43945;0.44922;0.45898;0.46875;0.47852;0.48828;0.49805;0.50781;0.51758;0.52734;0.53711;0.54688;0.55664;0.56641;0.57617;0.58594;0.5957;0.60547;0.61523;0.625;0.63477;0.64453;0.6543;0.66406;0.67383;0.68359;0.69336;0.70313;0.71289;0.72266;0.73242;0.74219;0.75195;0.76172;0.77148;0.78125;0.79102,0.0009615359999999999;0.003419136;0.011413504;0.032073728;0.058611711999999996;0.083843072;0.138000384;0.363971584;0.701902848;0.443886592;0.206222336;0.077263872;0.044314624000000004;0.031466496;0.01839104;0.0180224;0.027746304;0.046138368;0.06734336;0.08225177600000001;0.06788096;0.10657075199999999;0.150075392;0.079746048;0.068803584;0.052511744;0.054986752;0.041915392;0.03990016;0.045745152;0.04512768;0.036784128000000006;0.023160832;0.021440512;0.030740480000000004;0.016283647999999998;0.0122368;0.012619776;0.010124288;0.014595072;0.01092608;0.00851456;0.010806271999999999;0.008705023999999999;0.006961152;0.007870464;0.007276544000000001;0.004282368000000001;0.005204992;0.004342784;0.002445312;0.0035205120000000004;0.0031907839999999995;0.004083712000000001;0.00428032;0.00204288;0.0025200640000000002;0.0025456639999999996;0.002130944;0.001941504;0.002250752;0.00197632;0.001670144;0.001893376;0.0012001280000000002;0.0014561280000000001;0.001860608;0.0016302080000000002;0.000897024;0.000698368;0.000761856;0.0009482239999999999;0.0009697280000000001;0.000766976;0.0007772160000000001;0.0009256959999999999;0.0007229440000000001;0.0005621760000000001;0.000979968
1777768200,hdr,0.0293;0.03906;0.04883;0.05859;0.06836;0.07813;0.08789;0.09766;0.10742;0.11719;0.12695;0.13672;0.14648;0.15625;0.16602;0.17578;0.18555;0.19531;0.20508;0.21484;0.22461;0.23438;0.24414;0.25391;0.26367;0.27344;0.2832;0.29297;0.30273;0.3125;0.32227;0.33203;0.3418;0.35156;0.36133;0.37109;0.38086;0.39063;0.40039;0.41016;0.41992;0.42969;0.43945;0.44922;0.45898;0.46875;0.47852;0.48828;0.49805;0.50781;0.51758;0.52734;0.53711;0.54688;0.55664;0.56641;0.57617;0.58594;0.5957;0.60547;0.61523;0.625;0.63477;0.64453;0.6543;0.66406;0.67383;0.68359;0.69336;0.70313;0.71289;0.72266;0.73242;0.74219;0.75195;0.76172;0.77148;0.78125;0.79102,0.005733376;0.011499520000000001;0.020695039999999998;0.034269184;0.050621440000000004;0.111142912;0.23631667200000003;0.498340864;0.5278699520000001;0.712978432;0.478990336;0.15962419199999997;0.04994252800000001;0.029229056;0.018020352;0.025934847999999996;0.030698496;0.03684352;0.05751807999999999;0.074456064;0.099964928;0.0939008;0.080453632;0.077922304;0.107114496;0.08146944;0.061195264000000006;0.057742336000000005;0.040127487999999996;0.04038656;0.042350592;0.027368448;0.020616192000000002;0.033074176;0.026363904000000004;0.01532928;0.011889664000000001;0.009841663999999998;0.007254015999999999;0.0073154560000000006;0.007667711999999999;0.009292799999999999;0.00767488;0.007758848;0.010482688;0.005808128;0.004874240000000001;0.006331392;0.00796672;0.005689344;0.003613696;0.004390912;0.0037662719999999998;0.0022466560000000005;0.0026624;0.0036311040000000004;0.00265728;0.003796992;0.003487744;0.0014878720000000001;0.001498112;0.001641472;0.001477632;0.001695744;0.001107968;0.000951296;0.000922624;0.000893952;0.0008458240000000001;0.001165312;0.001442816;0.0011202559999999998;0.000802816;0.001158144;0.001201152;0.00090112;0.0008519679999999999;0.000868352;0.0006696959999999999
1777769100,hdr,0.0293;0.03906;0.04883;0.05859;0.06836;0.07813;0.08789;0.09766;0.10742;0.11719;0.12695;0.13672;0.14648;0.15625;0.16602;0.17578;0.18555;0.19531;0.20508;0.21484;0.22461;0.23438;0.24414;0.25391;0.26367;0.27344;0.2832;0.29297;0.30273;0.3125;0.32227;0.33203;0.3418;0.35156;0.36133;0.37109;0.38086;0.39063;0.40039;0.41016;0.41992;0.42969;0.43945;0.44922;0.45898;0.46875;0.47852;0.48828;0.49805;0.50781;0.51758;0.52734;0.53711;0.54688;0.55664;0.56641;0.57617;0.58594;0.5957;0.60547;0.61523;0.625;0.63477;0.64453;0.6543;0.66406;0.67383;0.68359;0.69336;0.70313;0.71289;0.72266;0.73242;0.74219;0.75195;0.76172;0.77148;0.78125;0.79102,0.001970176;0.004025343999999999;0.011213824;0.024966144;0.037582847999999995;0.066782208;0.213527552;0.674414592;0.8767672320000001;0.695252992;0.40328499199999995;0.147844096;0.101397504;0.041702399999999994;0.017905664;0.018281472;0.019008511999999998;0.032074752;0.038265856;0.094237696;0.12150886400000001;0.118249472;0.114292736;0.098941952;0.112242688;0.093082624;0.043926528;0.04516864000000001;0.044843008;0.046480384;0.023332864000000002;0.02779136;0.02912768;0.028032;0.021627904000000003;0.025614336;0.016471039999999996;0.013210623999999999;0.013274112000000001;0.013848576;0.011040768;0.011951104;0.009102335999999999;0.006398976000000001;0.006580224;0.006105088000000001;0.005948416;0.005265407999999999;0.0045895680000000005;0.004417536;0.004641792;0.003944448;0.004417536;0.003286016;0.002489344;0.002610176;0.003852288;0.003472384;0.001795072;0.001572864;0.001108992;0.001895424;0.002531328;0.001972224;0.001987584;0.0018841600000000002;0.0017684480000000002;0.0017152;0.0014858240000000002;0.0015534079999999998;0.00151552;0.00096768;0.00046489599999999996;0.0007423999999999999;0.0011233280000000003;0.001006592;0.000843776;0.000439296;0.0004915200000000001
1777770000,hdr,0.0293;0.03906;0.04883;0.05859;0.06836;0.07813;0.08789;0.09766;0.10742;0.11719;0.12695;0.13672;0.14648;0.15625;0.16602;0.17578;0.18555;0.19531;0.20508;0.21484;0.22461;0.23438;0.24414;0.25391;0.26367;0.27344;0.2832;0.29297;0.30273;0.3125;0.32227;0.33203;0.3418;0.35156;0.36133;0.37109;0.38086;0.39063;0.40039;0.41016;0.41992;0.42969;0.43945;0.44922;0.45898;0.46875;0.47852;0.48828;0.49805;0.50781;0.51758;0.52734;0.53711;0.54688;0.55664;0.56641;0.57617;0.58594;0.5957;0.60547;0.61523;0.625;0.63477;0.64453;0.6543;0.66406;0.67383;0.68359;0.69336;0.70313;0.71289;0.72266;0.73242;0.74219;0.75195;0.76172;0.77148;0.78125;0.79102,0.00926208;0.017525759999999998;0.011613184;0.011319296;0.054268928;0.140608512;0.19995136;0.552559616;0.686363648;0.42998579200000003;0.343804928;0.18198528;0.099452928;0.031241216;0.011863039999999998;0.02698752;0.03777536;0.024572928;0.033862656000000005;0.0843008;0.099500032;0.078903296;0.091957248;0.10273996800000001;0.111378432;0.07361024000000001;0.055041024;0.056485888000000005;0.04017152;0.050209792;0.0447232;0.033302528000000005;0.030036992000000002;0.03127808;0.028362752;0.019339264;0.012931072;0.011414528;0.011856896;0.01010176;0.011942912;0.008481792000000002;0.0076769279999999995;0.0071424;0.005721088;0.006664192;0.00505344;0.005139456;0.0053340160000000005;0.004921344;0.005197823999999999;0.0032604160000000004;0.0026624;0.0033884159999999996;0.00238592;0.003521536;0.003971072;0.002835456;0.002571264;0.0029870079999999998;0.00254464;0.002719744;0.002358272;0.001615872;0.00178688;0.002207744;0.0010086399999999999;0.000768;0.0012113920000000002;0.0013342719999999998;0.001263616;0.0011264;0.001227776;0.001129472;0.001152;0.0007096320000000001;0.000868352;0.000636928;0.000731136
1777770900,hdr,0.0293;0.03906;0.04883;0.05859;0.06836;0.07813;0.08789;0.09766;0.10742;0.11719;0.12695;0.13672;0.14648;0.15625;0.16602;0.17578;0.18555;0.19531;0.20508;0.21484;0.22461;0.23438;0.24414;0.25391;0.26367;0.27344;0.2832;0.29297;0.30273;0.3125;0.32227;0.33203;0.3418;0.35156;0.36133;0.37109;0.38086;0.39063;0.40039;0.41016;0.41992;0.42969;0.43945;0.44922;0.45898;0.46875;0.47852;0.48828;0.49805;0.50781;0.51758;0.52734;0.53711;0.54688;0.55664;0.56641;0.57617;0.58594;0.5957;0.60547;0.61523;0.625;0.63477;0.64453;0.6543;0.66406;0.67383;0.68359;0.69336;0.70313;0.71289;0.72266;0.73242;0.74219;0.75195;0.76172;0.77148;0.78125;0.79102,0.004995072;0.007578624;0.00991232;0.020247552;0.034735104;0.147278848;0.35744768;0.35402547199999995;0.392950784;0.55443456;0.321577984;0.164322304;0.101110784;0.04782592000000001;0.019467263999999998;0.022169599999999998;0.024316928;0.040206336;0.069622784;0.12185088000000001;0.139282432;0.121152512;0.15583948799999997;0.13166899199999998;0.06351872;0.04737024000000001;0.054508544;0.055069696;0.046896127999999995;0.034440192;0.031310848;0.024840192;0.030478335999999998;0.031407104;0.021633023999999997;0.021325824;0.019963903999999998;0.008909824;0.014257152;0.014497792;0.010681343999999999;0.007728128;0.007783424;0.008907776;0.009659392;0.010548224;0.0060139519999999995;0.00498688;0.006528;0.006782976;0.003892224;0.004148224;0.005390335999999999;0.004412416;0.003801088;0.004989951999999999;0.00398336;0.00300544;0.00363008;0.0026060799999999998;0.001957888;0.0024924160000000003;0.002417664;0.0019046400000000002;0.00178176;0.00213504;0.001590272;0.001101824;0.001229824;0.00175104;0.001641472;0.001380352;0.00146432;0.001221632;0.0007833599999999999;0.0008601600000000001;0.0011417600000000001;0.000863232;0.000632832
1777771800,hdr,0.0293;0.03906;0.04883;0.05859;0.06836;0.07813;0.08789;0.09766;0.10742;0.11719;0.12695;0.13672;0.14648;0.15625;0.16602;0.17578;0.18555;0.19531;0.20508;0.21484;0.22461;0.23438;0.24414;0.25391;0.26367;0.27344;0.2832;0.29297;0.30273;0.3125;0.32227;0.33203;0.3418;0.35156;0.36133;0.37109;0.38086;0.39063;0.40039;0.41016;0.41992;0.42969;0.43945;0.44922;0.45898;0.46875;0.47852;0.48828;0.49805;0.50781;0.51758;0.52734;0.53711;0.54688;0.55664;0.56641;0.57617;0.58594;0.5957;0.60547;0.61523;0.625;0.63477;0.64453;0.6543;0.66406;0.67383;0.68359;0.69336;0.70313;0.71289;0.72266;0.73242;0.74219;0.75195;0.76172;0.77148;0.78125;0.79102,0.00334848;0.0044902399999999995;0.009115648;0.020127744;0.038037504;0.13430783999999998;0.25004441600000005;0.44316671999999996;0.585954304;0.658782208;0.495490048;0.26259763199999997;0.11690496;0.070488064;0.040224767999999994;0.02215936;0.030800896;0.040680447999999994;0.051141632;0.064214016;0.13339033599999997;0.16971161599999998;0.110406656;0.082724864;0.085562368;0.054925312;0.0401408;0.049104895999999995;0.052272128;0.041658368;0.032239616;0.032160768;0.024918016000000005;0.026273792;0.02566656;0.0191232;0.01277952;0.016004096000000002;0.014759936;0.010307584000000002;0.011049984;0.011290623999999999;0.007621632;0.005320704;0.008658944;0.008835072;0.00672256;0.00773632;0.006935552;0.005679103999999999;0.00503808;0.004190208000000001;0.0041963519999999995;0.003588096;0.0035532800000000002;0.004104192;0.0035287039999999997;0.002531328;0.003456;0.003767296;0.003720192;0.0026787839999999996;0.002615296;0.00205312;0.0011694079999999998;0.001805312;0.0018636800000000002;0.0013926400000000001;0.000872448;0.000888832;0.0009287680000000001;0.000726016;0.0008386559999999999;0.0014704639999999999;0.00123392;0.0008663039999999999;0.0007946240000000001;0.0008325120000000001;0.000606208
1777772700,hdr,0.0293;0.03906;0.04883;0.05859;0.06836;0.07813;0.08789;0.09766;0.10742;0.11719;0.12695;0.13672;0.14648;0.15625;0.16602;0.17578;0.18555;0.19531;0.20508;0.21484;0.22461;0.23438;0.24414;0.25391;0.26367;0.27344;0.2832;0.29297;0.30273;0.3125;0.32227;0.33203;0.3418;0.35156;0.36133;0.37109;0.38086;0.39063;0.40039;0.41016;0.41992;0.42969;0.43945;0.44922;0.45898;0.46875;0.47852;0.48828;0.49805;0.50781;0.51758;0.52734;0.53711;0.54688;0.55664;0.56641;0.57617;0.58594;0.5957;0.60547;0.61523;0.625;0.63477;0.64453;0.6543;0.66406;0.67383;0.68359;0.69336;0.70313;0.71289;0.72266;0.73242;0.74219;0.75195;0.76172;0.77148;0.78125;0.79102,0.010412032;0.016159744;0.014283776;0.02904576;0.048342016;0.16048128;0.26889011199999996;0.365257728;0.489631744;0.5310976000000001;0.41865420799999997;0.271524864;0.082925568;0.04980736;0.030547968;0.031338496;0.036887552;0.056403968;0.039292928;0.111131648;0.16642867200000003;0.16450559999999997;0.21344153600000002;0.168558592;0.132431872;0.09015808;0.122717184;0.08045056;0.055638016000000005;0.05368012800000001;0.036276224;0.03241472;0.028121088;0.019718144;0.011532287999999998;0.022381568000000004;0.01909248;0.015724544;0.01517056;0.01121792;0.014941184;0.014773248000000001;0.010077184000000001;0.008289280000000001;0.007540736;0.00534528;0.005424127999999999;0.0071915519999999995;0.007184384;0.005436416;0.006286336;0.006733824;0.006116352;0.003339264;0.001656832;0.0024104960000000003;0.0032593920000000003;0.00303104;0.0018513919999999999;0.001467392;0.001521664;0.002130944;0.001800192;0.0017203200000000002;0.001979392;0.00151552;0.001604608;0.001661952;0.001176576;0.001212416;0.001089536;0.000652288;0.000636928;0.000841728;0.000770048;0.000896;0.000690176;0.000648192;0.0007116799999999999
1777773600,hdr,0.0293;0.03906;0.04883;0.05859;0.06836;0.07813;0.08789;0.09766;0.10742;0.11719;0.12695;0.13672;0.14648;0.15625;0.16602;0.17578;0.18555;0.19531;0.20508;0.21484;0.22461;0.23438;0.24414;0.25391;0.26367;0.27344;0.2832;0.29297;0.30273;0.3125;0.32227;0.33203;0.3418;0.35156;0.36133;0.37109;0.38086;0.39063;0.40039;0.41016;0.41992;0.42969;0.43945;0.44922;0.45898;0.46875;0.47852;0.48828;0.49805;0.50781;0.51758;0.52734;0.53711;0.54688;0.55664;0.56641;0.57617;0.58594;0.5957;0.60547;0.61523;0.625;0.63477;0.64453;0.6543;0.66406;0.67383;0.68359;0.69336;0.70313;0.71289;0.72266;0.73242;0.74219;0.75195;0.76172;0.77148;0.78125;0.79102,0.0065515519999999995;0.015282176;0.0290304;0.049591296;0.04261990399999999;0.090446848;0.206386176;0.36348211199999997;0.445339648;0.595948544;0.345176064;0.246531072;0.17967616;0.04899020800000001;0.026755072;0.023701504;0.037837824;0.042548223999999996;0.047100928;0.08796672;0.13287321600000002;0.1759744;0.164041728;0.14546431999999998;0.07541247999999999;0.083096576;0.0684032;0.063597568;0.04903424;0.025474048;0.040885248;0.031905792;0.026571776;0.027117567999999998;0.022403072;0.018186240000000003;0.014360576;0.018480128000000002;0.018054144;0.014457856;0.014040063999999998;0.012317696;0.012225536;0.010890239999999999;0.009415680000000001;0.006628352;0.00383488;0.009179136000000001;0.009562112000000001;0.0031467520000000005;0.005099520000000001;0.006366208000000001;0.004401152;0.0031703039999999997;0.003933184;0.0032942079999999994;0.001997824;0.0025651199999999997;0.00234496;0.00232448;0.002113536;0.002737152;0.003222528;0.0028999679999999997;0.002423808;0.002086912;0.001746944;0.0016424959999999998;0.0009912319999999999;0.0009564160000000001;0.001312768;0.000805888;0.001189888;0.0014714879999999997;0.0015185919999999998;0.001158144;0.0006574080000000001;0.000401408;0.0005877759999999999
1777774500,hdr,0.0293;0.03906;0.04883;0.05859;0.06836;0.07813;0.08789;0.09766;0.10742;0.11719;0.12695;0.13672;0.14648;0.15625;0.16602;0.17578;0.18555;0.19531;0.20508;0.21484;0.22461;0.23438;0.24414;0.25391;0.26367;0.27344;0.2832;0.29297;0.30273;0.3125;0.32227;0.33203;0.3418;0.35156;0.36133;0.37109;0.38086;0.39063;0.40039;0.41016;0.41992;0.42969;0.43945;0.44922;0.45898;0.46875;0.47852;0.48828;0.49805;0.50781;0.51758;0.52734;0.53711;0.54688;0.55664;0.56641;0.57617;0.58594;0.5957;0.60547;0.61523;0.625;0.63477;0.64453;0.6543;0.66406;0.67383;0.68359;0.69336;0.70313;0.71289;0.72266;0.73242;0.74219;0.75195;0.76172;0.77148;0.78125;0.79102,0.008918015999999999;0.041906175999999996;0.038370303999999994;0.037801984;0.050907136;0.13825843200000001;0.30289407999999995;0.42002636800000004;0.248819712;0.195234816;0.24732159999999997;0.20446310399999998;0.08911052800000001;0.078833664;0.052169728000000005;0.060945408000000006;0.06491648000000001;0.039907328;0.096663552;0.11581644799999999;0.071627776;0.11888230400000001;0.174414848;0.11785932800000001;0.075769856;0.081128448;0.089754624;0.06560768;0.044395519999999994;0.032557056;0.025097216000000002;0.032054271999999995;0.025091072;0.020185088;0.022158336;0.02497536;0.018945024;0.016700416000000003;0.015484928;0.010836992;0.015368192000000001;0.010952704000000002;0.009888768;0.008971264;0.0038379520000000004;0.007189504;0.007072768;0.005737472;0.007345152;0.008438784;0.008280064;0.00543744;0.005163008;0.0036403200000000003;0.004192256;0.004236288;0.002910208;0.003464192;0.0028385280000000003;0.001581056;0.00153088;0.0018810880000000002;0.0019189760000000002;0.001779712;0.001161216;0.001306624;0.001401856;0.001728512;0.001790976;0.0010721279999999999;0.000775168;0.00075264;0.0009830400000000001;0.00072704;0.000628736;0.0005754880000000001;0.000843776;0.00089088;0.0006123519999999999
1777775400,hdr,0.0293;0.03906;0.04883;0.05859;0.06836;0.07813;0.08789;0.09766;0.10742;0.11719;0.12695;0.13672;0.14648;0.15625;0.16602;0.17578;0.18555;0.19531;0.20508;0.21484;0.22461;0.23438;0.24414;0.25391;0.26367;0.27344;0.2832;0.29297;0.30273;0.3125;0.32227;0.33203;0.3418;0.35156;0.36133;0.37109;0.38086;0.39063;0.40039;0.41016;0.41992;0.42969;0.43945;0.44922;0.45898;0.46875;0.47852;0.48828;0.49805;0.50781;0.51758;0.52734;0.53711;0.54688;0.55664;0.56641;0.57617;0.58594;0.5957;0.60547;0.61523;0.625;0.63477;0.64453;0.6543;0.66406;0.67383;0.68359;0.69336;0.70313;0.71289;0.72266;0.73242;0.74219;0.75195;0.76172;0.77148;0.78125;0.79102,0.011339776;0.014331904000000001;0.027209728;0.04545536;0.074928128;0.23020953600000002;0.264485888;0.30624256;0.375856128;0.21468672;0.245050368;0.268854272;0.19012096;0.09624473600000001;0.06923161600000001;0.062558208;0.085741568;0.12483584000000002;0.10545766399999999;0.12074291200000001;0.232942592;0.249875456;0.18010112;0.104597504;0.08250060799999999;0.088558592;0.064487424;0.027932672;0.024687616;0.047148032;0.031418368;0.040030208;0.028463104000000003;0.022505472000000002;0.021742591999999998;0.019800064;0.017191935999999998;0.012961792000000001;0.010712064;0.01318912;0.007882752;0.004496384;0.005356544;0.006559744;0.005186560000000001;0.005629952000000001;0.008363008;0.009560064;0.00677376;0.003955712;0.0035246080000000003;0.0029952000000000004;0.004528127999999999;0.005316608;0.0032532480000000003;0.002308096;0.0031856640000000004;0.00299008;0.0022712319999999998;0.0018421759999999998;0.0022241279999999997;0.0018360320000000002;0.0014192640000000002;0.00165888;0.001777664;0.001035264;0.001118208;0.001327104;0.001775616;0.0013322240000000001;0.0009400319999999999;0.0010936319999999998;0.0009041920000000001;0.0009318400000000001;0.000913408;0.0009441279999999999;0.000688128;0.000510976;0.00031232
1777776300,hdr,0.0293;0.03906;0.04883;0.05859;0.06836;0.07813;0.08789;0.09766;0.10742;0.11719;0.12695;0.13672;0.14648;0.15625;0.16602;0.17578;0.18555;0.19531;0.20508;0.21484;0.22461;0.23438;0.24414;0.25391;0.26367;0.27344;0.2832;0.29297;0.30273;0.3125;0.32227;0.33203;0.3418;0.35156;0.36133;0.37109;0.38086;0.39063;0.40039;0.41016;0.41992;0.42969;0.43945;0.44922;0.45898;0.46875;0.47852;0.48828;0.49805;0.50781;0.51758;0.52734;0.53711;0.54688;0.55664;0.56641;0.57617;0.58594;0.5957;0.60547;0.61523;0.625;0.63477;0.64453;0.6543;0.66406;0.67383;0.68359;0.69336;0.70313;0.71289;0.72266;0.73242;0.74219;0.75195;0.76172;0.77148;0.78125;0.79102,0.011513856;0.021507072;0.021364736000000002;0.034384896;0.034030592;0.12148838399999999;0.240462848;0.38675763199999996;0.5825986559999999;0.453767168;0.20383232;0.229957632;0.278868992;0.18059264;0.07175475199999999;0.090574848;0.124111872;0.19091660800000002;0.325496832;0.306343936;0.163689472;0.1479424;0.13284659199999999;0.10210508799999998;0.06229504;0.06869606400000002;0.057967616;0.046517248;0.044884992;0.037254144;0.045357056;0.050772992;0.03841433599999999;0.023932928;0.0246016;0.019994624000000003;0.013984768;0.016325632;0.018545663999999996;0.01300992;0.014152704;0.009539583999999999;0.004748288;0.0049008640000000004;0.005941248;0.005028863999999999;0.005291008;0.005394432;0.00615424;0.00582144;0.004455424;0.004783103999999999;0.0033382399999999997;0.00287744;0.002377728;0.001998848;0.0024883199999999996;0.00146432;0.00137728;0.0011909120000000001;0.0008458240000000001;0.0008929280000000001;0.00124928;0.0013209599999999997;0.001349632;0.0013987840000000001;0.00077312;0.0006144;0.001138688;0.001077248;0.000871424;0.001006592;0.0012912639999999999;0.0009584639999999999;0.000730112;0.000544768;0.0006932479999999999;0.0008355839999999999;0.000621568
1777777200,hdr,0.0293;0.03906;0.04883;0.05859;0.06836;0.07813;0.08789;0.09766;0.10742;0.11719;0.12695;0.13672;0.14648;0.15625;0.16602;0.17578;0.18555;0.19531;0.20508;0.21484;0.22461;0.23438;0.24414;0.25391;0.26367;0.27344;0.2832;0.29297;0.30273;0.3125;0.32227;0.33203;0.3418;0.35156;0.36133;0.37109;0.38086;0.39063;0.40039;0.41016;0.41992;0.42969;0.43945;0.44922;0.45898;0.46875;0.47852;0.48828;0.49805;0.50781;0.51758;0.52734;0.53711;0.54688;0.55664;0.56641;0.57617;0.58594;0.5957;0.60547;0.61523;0.625;0.63477;0.64453;0.6543;0.66406;0.67383;0.68359;0.69336;0.70313;0.71289;0.72266;0.73242;0.74219;0.75195;0.76172;0.77148;0.78125;0.79102,0.005083135999999999;0.012961792000000001;0.015735808;0.027866112000000002;0.051830784;0.154715136;0.233475072;0.28285849599999996;0.32273408000000003;0.27843891200000004;0.277454848;0.26974105600000003;0.14566092800000002;0.09930752;0.062099456000000004;0.160135168;0.335213568;0.40446361599999997;0.47704064;0.279939072;0.130055168;0.094367744;0.121249792;0.078287872;0.07777484800000001;0.07596544000000001;0.058570752000000004;0.07138508799999999;0.047962112;0.04394496;0.040803328;0.035305472000000004;0.024526848;0.018644992;0.017931264;0.012498944;0.01243648;0.008259584;0.005927936;0.008983551999999999;0.014253056;0.010911744000000001;0.008298495999999999;0.007576576;0.008328192;0.0076666880000000005;0.005533696;0.005751808;0.006458368000000001;0.004228096;0.0035235839999999997;0.002852864;0.0022026240000000002;0.0022937599999999997;0.0015892480000000001;0.002026496;0.0023470080000000003;0.001810432;0.0017377279999999998;0.001056768;0.001069056;0.001015808;0.0014243840000000001;0.0009420800000000001;0.000878592;0.000915456;0.0013240320000000002;0.0012288;0.001106944;0.000764928;0.0010516479999999999;0.000802816;0.000637952;0.000497664;0.00044032;0.000601088;0.000720896;0.000497664;0.0005601279999999999
1777778100,hdr,0.0293;0.03906;0.04883;0.05859;0.06836;0.07813;0.08789;0.09766;0.10742;0.11719;0.12695;0.13672;0.14648;0.15625;0.16602;0.17578;0.18555;0.19531;0.20508;0.21484;0.22461;0.23438;0.24414;0.25391;0.26367;0.27344;0.2832;0.29297;0.30273;0.3125;0.32227;0.33203;0.3418;0.35156;0.36133;0.37109;0.38086;0.39063;0.40039;0.41016;0.41992;0.42969;0.43945;0.44922;0.45898;0.46875;0.47852;0.48828;0.49805;0.50781;0.51758;0.52734;0.53711;0.54688;0.55664;0.56641;0.57617;0.58594;0.5957;0.60547;0.61523;0.625;0.63477;0.64453;0.6543;0.66406;0.67383;0.68359;0.69336;0.70313;0.71289;0.72266;0.73242;0.74219;0.75195;0.76172;0.77148;0.78125;0.79102,0.007841792;0.021476352;0.022877184000000002;0.023622656;0.030745599999999998;0.12757196799999998;0.236632064;0.32308736;0.36309094399999997;0.277454848;0.22489907199999998;0.198853632;0.181346304;0.13565132800000002;0.0941568;0.123860992;0.32644505600000007;0.661438464;0.33474764800000006;0.145965056;0.15036108799999998;0.135492608;0.1726464;0.12274175999999999;0.092796928;0.11901439999999999;0.07425433599999999;0.037031936;0.049841152;0.031289344000000004;0.021665792;0.029454336000000005;0.0315392;0.023243776;0.015906815999999997;0.014435327999999999;0.018330624;0.013688832;0.009617408;0.007856128;0.0077342719999999995;0.008407040000000001;0.00826368;0.00463872;0.005435392;0.008407040000000001;0.006136832;0.003538944;0.0045322240000000005;0.005358592;0.004647936;0.002581504;0.002866176;0.00266752;0.00258048;0.001972224;0.002748416;0.002419712;0.001974272;0.001777664;0.00155648;0.0011837439999999998;0.001318912;0.0013946879999999998;0.00098816;0.0009256959999999999;0.0012625919999999999;0.001323008;0.000733184;0.0006840319999999999;0.000636928;0.000661504;0.000492544;0.000411648;0.000461824;0.00032870400000000003;0.0003584;0.00030003200000000004;0.00044544
1777779000,hdr,0.0293;0.03906;0.04883;0.05859;0.06836;0.07813;0.08789;0.09766;0.10742;0.11719;0.12695;0.13672;0.14648;0.15625;0.16602;0.17578;0.18555;0.19531;0.20508;0.21484;0.22461;0.23438;0.24414;0.25391;0.26367;0.27344;0.2832;0.29297;0.30273;0.3125;0.32227;0.33203;0.3418;0.35156;0.36133;0.37109;0.38086;0.39063;0.40039;0.41016;0.41992;0.42969;0.43945;0.44922;0.45898;0.46875;0.47852;0.48828;0.49805;0.50781;0.51758;0.52734;0.53711;0.54688;0.55664;0.56641;0.57617;0.58594;0.5957;0.60547;0.61523;0.625;0.63477;0.64453;0.6543;0.66406;0.67383;0.68359;0.69336;0.70313;0.71289;0.72266;0.73242;0.74219;0.75195;0.76172;0.77148;0.78125;0.79102,0.011761663999999998;0.013583360000000001;0.014942208;0.03768627200000001;0.047233024;0.13667020800000002;0.382913536;0.5982351360000001;0.38487552;0.351007744;0.34285772800000003;0.225475584;0.182140928;0.098797568;0.087502848;0.15087103999999998;0.34777190399999997;0.6340945920000001;0.42453504;0.19973836800000003;0.083673088;0.08875622400000001;0.094829568;0.07220838399999999;0.102136832;0.06324224;0.048755712;0.068023296;0.057294847999999995;0.039269376;0.052557823999999996;0.032717824;0.018347007999999998;0.01360896;0.012092416;0.010570752000000001;0.014029824;0.018226176;0.014712832;0.01448448;0.013829119999999999;0.0073216;0.006667264;0.005694464;0.0054855680000000006;0.0048261120000000005;0.0047564799999999996;0.005115903999999999;0.0036392959999999998;0.003451904;0.003708928;0.004702207999999999;0.003070976;0.001765376;0.00230912;0.00242688;0.002955264;0.0021780479999999997;0.0011417600000000001;0.001329152;0.0012441599999999998;0.001584128;0.002021376;0.000933888;0.001562624;0.001089536;0.000528384;0.0009318400000000001;0.001353728;0.000643072;0.000449536;0.0007229440000000001;0.000606208;0.000413696;0.000590848;0.000908288;0.000759808;0.00041779199999999995;0.00044339199999999997
1777779900,hdr,0.0293;0.03906;0.04883;0.05859;0.06836;0.07813;0.08789;0.09766;0.10742;0.11719;0.12695;0.13672;0.14648;0.15625;0.16602;0.17578;0.18555;0.19531;0.20508;0.21484;0.22461;0.23438;0.24414;0.25391;0.26367;0.27344;0.2832;0.29297;0.30273;0.3125;0.32227;0.33203;0.3418;0.35156;0.36133;0.37109;0.38086;0.39063;0.40039;0.41016;0.41992;0.42969;0.43945;0.44922;0.45898;0.46875;0.47852;0.48828;0.49805;0.50781;0.51758;0.52734;0.53711;0.54688;0.55664;0.56641;0.57617;0.58594;0.5957;0.60547;0.61523;0.625;0.63477;0.64453;0.6543;0.66406;0.67383;0.68359;0.69336;0.70313;0.71289;0.72266;0.73242;0.74219;0.75195;0.76172;0.77148;0.78125;0.79102,0.008776704;0.008655872000000002;0.009797631999999999;0.067090432;0.0604416;0.143205376;0.297614336;0.33345536;0.27967692799999994;0.220841984;0.201519104;0.257282048;0.175373312;0.070912;0.078459904;0.150787072;0.21329920000000002;0.277532672;0.291836928;0.172701696;0.18146816000000002;0.123172864;0.08396390399999999;0.089058304;0.116888576;0.10337484799999999;0.098784256;0.0867584;0.057669632;0.035122176000000005;0.033269759999999995;0.028446719999999998;0.029387775999999997;0.022132736;0.014241792;0.015649792;0.01313792;0.012654592;0.00920576;0.007783424;0.009708544;0.006990848;0.005262336;0.007084032;0.008030208;0.003708928;0.0012083200000000001;0.0030822400000000004;0.00413696;0.0025415679999999997;0.001711104;0.001688576;0.0031324160000000003;0.0041144319999999995;0.0027310080000000005;0.002243584;0.00244736;0.0027648;0.0024002560000000004;0.0013117439999999999;0.001668096;0.0017479680000000001;0.0010496000000000001;0.000809984;0.0010250239999999998;0.001498112;0.000714752;0.000796672;0.0007557120000000001;0.000463872;0.00068096;0.000635904;0.0004956159999999999;0.000576512;0.000493568;0.000504832;0.000453632;0.00047104000000000004;0.000603136
1777780800,hdr,0.0293;0.03906;0.04883;0.05859;0.06836;0.07813;0.08789;0.09766;0.10742;0.11719;0.12695;0.13672;0.14648;0.15625;0.16602;0.17578;0.18555;0.19531;0.20508;0.21484;0.22461;0.23438;0.24414;0.25391;0.26367;0.27344;0.2832;0.29297;0.30273;0.3125;0.32227;0.33203;0.3418;0.35156;0.36133;0.37109;0.38086;0.39063;0.40039;0.41016;0.41992;0.42969;0.43945;0.44922;0.45898;0.46875;0.47852;0.48828;0.49805;0.50781;0.51758;0.52734;0.53711;0.54688;0.55664;0.56641;0.57617;0.58594;0.5957;0.60547;0.61523;0.625;0.63477;0.64453;0.6543;0.66406;0.67383;0.68359;0.69336;0.70313;0.71289;0.72266;0.73242;0.74219;0.75195;0.76172;0.77148;0.78125;0.79102,0.01289728;0.011936768;0.01207296;0.010776576000000001;0.014074880000000001;0.064685056;0.224760832;0.31774208;0.18541568000000003;0.15740211199999998;0.124880896;0.116360192;0.09896345599999999;0.059390976000000005;0.062437376;0.13500108800000002;0.308268032;0.316657664;0.26992128000000004;0.284883968;0.242701312;0.205566976;0.154942464;0.08254668800000001;0.08289279999999999;0.08028569599999999;0.067519488;0.07580774400000001;0.040081408000000006;0.033495040000000004;0.032539648000000004;0.02636288;0.023919616;0.022925312000000003;0.024639488;0.016856063999999997;0.011826175999999999;0.010228735999999999;0.01177088;0.009014272;0.009842688;0.011123712;0.01206784;0.011384832;0.008337408;0.0046848;0.0025671680000000003;0.004347904;0.003084288;0.00253952;0.004641792;0.004425728;0.0030668799999999997;0.00330752;0.002356224;0.002502656;0.0034580479999999996;0.0028897280000000003;0.001229824;0.0018483199999999999;0.001774592;0.001504256;0.001189888;0.001251328;0.0009523200000000001;0.001035264;0.0008304639999999999;0.0008867839999999999;0.000734208;0.000827392;0.0007106559999999999;0.00105472;0.0007495679999999999;0.000864256;0.000869376;0.0007168;0.000620544;0.000594944;0.000459776
1777781700,hdr,0.0293;0.03906;0.04883;0.05859;0.06836;0.07813;0.08789;0.09766;0.10742;0.11719;0.12695;0.13672;0.14648;0.15625;0.16602;0.17578;0.18555;0.19531;0.20508;0.21484;0.22461;0.23438;0.24414;0.25391;0.26367;0.27344;0.2832;0.29297;0.30273;0.3125;0.32227;0.33203;0.3418;0.35156;0.36133;0.37109;0.38086;0.39063;0.40039;0.41016;0.41992;0.42969;0.43945;0.44922;0.45898;0.46875;0.47852;0.48828;0.49805;0.50781;0.51758;0.52734;0.53711;0.54688;0.55664;0.56641;0.57617;0.58594;0.5957;0.60547;0.61523;0.625;0.63477;0.64453;0.6543;0.66406;0.67383;0.68359;0.69336;0.70313;0.71289;0.72266;0.73242;0.74219;0.75195;0.76172;0.77148;0.78125;0.79102,0.006606848;0.011656192000000001;0.017061887999999997;0.06450176;0.078347264;0.11771187200000001;0.26271129600000004;0.40103526399999995;0.347795456;0.179749888;0.105017344;0.121816064;0.119801856;0.089986048;0.065405952;0.10210303999999999;0.213284864;0.299821056;0.26714726400000005;0.211684352;0.13153382400000002;0.064933888;0.09426432;0.111258624;0.057966592;0.08482304;0.070652928;0.043029504;0.022102016;0.014021632;0.021557248;0.021451776;0.029852672;0.022008832000000002;0.017165312000000002;0.010430464;0.011510784;0.012148735999999999;0.007512064;0.00781824;0.014005248;0.010671103999999999;0.006618112;0.006858752;0.007084032;0.006219776000000001;0.005843968;0.004875263999999999;0.004215808;0.002880512;0.0030873599999999995;0.0052572159999999995;0.0034252799999999997;0.0018135039999999999;0.002627584;0.001681408;0.001288192;0.00215552;0.0015063040000000002;0.0020910079999999997;0.0018524160000000002;0.001139712;0.0011243520000000001;0.0010803199999999998;0.001088512;0.001078272;0.0011151359999999999;0.0009205759999999999;0.0010598399999999998;0.000813056;0.000611328;0.000731136;0.0006574080000000001;0.000582656;0.00046489599999999996;0.000381952;0.000802816;0.000910336;0.00091648
1777782600,hdr,0.0293;0.03906;0.04883;0.05859;0.06836;0.07813;0.08789;0.09766;0.10742;0.11719;0.12695;0.13672;0.14648;0.15625;0.16602;0.17578;0.18555;0.19531;0.20508;0.21484;0.22461;0.23438;0.24414;0.25391;0.26367;0.27344;0.2832;0.29297;0.30273;0.3125;0.32227;0.33203;0.3418;0.35156;0.36133;0.37109;0.38086;0.39063;0.40039;0.41016;0.41992;0.42969;0.43945;0.44922;0.45898;0.46875;0.47852;0.48828;0.49805;0.50781;0.51758;0.52734;0.53711;0.54688;0.55664;0.56641;0.57617;0.58594;0.5957;0.60547;0.61523;0.625;0.63477;0.64453;0.6543;0.66406;0.67383;0.68359;0.69336;0.70313;0.71289;0.72266;0.73242;0.74219;0.75195;0.76172;0.77148;0.78125;0.79102,0.003971072;0.008375296;0.008983551999999999;0.019366912;0.04272128;0.19626496;0.387753984;0.349343744;0.33531392;0.28887244800000006;0.204747776;0.120009728;0.12433408;0.098471936;0.055217152;0.077360128;0.17743155200000002;0.322599936;0.276243456;0.169690112;0.14372864000000002;0.142343168;0.11988172799999999;0.11385036800000001;0.09533440000000001;0.062913536;0.038660096000000005;0.044593152000000004;0.03777024;0.048571392;0.03197952;0.022168576000000002;0.020743168000000003;0.022776831999999997;0.02637824;0.022864896;0.019073024;0.018725888000000003;0.017370111999999997;0.017163264000000004;0.011615232;0.008727552;0.00526336;0.009202688;0.008527872;0.008004608;0.005426176;0.004442112;0.0037386240000000003;0.0034048;0.00334848;0.0025384959999999995;0.001692672;0.0023050239999999997;0.002778112;0.00262144;0.0020162559999999997;0.0017326079999999998;0.00153088;0.001529856;0.001399808;0.001937408;0.0015144960000000002;0.001681408;0.001073152;0.000663552;0.000854016;0.001077248;0.000723968;0.0007843840000000001;0.0009594880000000001;0.0009574399999999999;0.000852992;0.0008335360000000001;0.001005568;0.000566272;0.00064;0.0007075839999999999;0.00039423999999999997
1777783500,hdr,0.0293;0.03906;0.04883;0.05859;0.06836;0.07813;0.08789;0.09766;0.10742;0.11719;0.12695;0.13672;0.14648;0.15625;0.16602;0.17578;0.18555;0.19531;0.20508;0.21484;0.22461;0.23438;0.24414;0.25391;0.26367;0.27344;0.2832;0.29297;0.30273;0.3125;0.32227;0.33203;0.3418;0.35156;0.36133;0.37109;0.38086;0.39063;0.40039;0.41016;0.41992;0.42969;0.43945;0.44922;0.45898;0.46875;0.47852;0.48828;0.49805;0.50781;0.51758;0.52734;0.53711;0.54688;0.55664;0.56641;0.57617;0.58594;0.5957;0.60547;0.61523;0.625;0.63477;0.64453;0.6543;0.66406;0.67383;0.68359;0.69336;0.70313;0.71289;0.72266;0.73242;0.74219;0.75195;0.76172;0.77148;0.78125;0.79102,0.00311296;0.012614656;0.008920064;0.021576704;0.035627007999999995;0.117733376;0.28855500799999995;0.361034752;0.207261696;0.115295232;0.124143616;0.100538368;0.076580864;0.07229132799999999;0.058659840000000005;0.066297856;0.105996288;0.16410112;0.268360704;0.299753472;0.135382016;0.090558464;0.078087168;0.082382848;0.060270592000000005;0.07407001599999999;0.060068864;0.051095551999999995;0.046436352;0.041470976;0.033655807999999995;0.03147776;0.027561984;0.014896127999999998;0.012309504;0.010386432;0.013456384;0.011015168;0.008014848000000001;0.009383935999999999;0.011004928;0.007845888;0.007795712;0.005965824;0.005477375999999999;0.004917248;0.004169728;0.003206144;0.004125696;0.004259839999999999;0.00280064;0.004195328;0.004556800000000001;0.0029337599999999997;0.0030986240000000003;0.002832384;0.0025262080000000003;0.002506752;0.00203776;0.001400832;0.001864704;0.001517568;0.001189888;0.0012165119999999999;0.000951296;0.001071104;0.001364992;0.000863232;0.000625664;0.00068608;0.000894976;0.0005888;0.0005857280000000001;0.000642048;0.000356352;0.00040243200000000004;0.00047206399999999996;0.000499712;0.000499712
1777784400,hdr,0.0293;0.03906;0.04883;0.05859;0.06836;0.07813;0.08789;0.09766;0.10742;0.11719;0.12695;0.13672;0.14648;0.15625;0.16602;0.17578;0.18555;0.19531;0.20508;0.21484;0.22461;0.23438;0.24414;0.25391;0.26367;0.27344;0.2832;0.29297;0.30273;0.3125;0.32227;0.33203;0.3418;0.35156;0.36133;0.37109;0.38086;0.39063;0.40039;0.41016;0.41992;0.42969;0.43945;0.44922;0.45898;0.46875;0.47852;0.48828;0.49805;0.50781;0.51758;0.52734;0.53711;0.54688;0.55664;0.56641;0.57617;0.58594;0.5957;0.60547;0.61523;0.625;0.63477;0.64453;0.6543;0.66406;0.67383;0.68359;0.69336;0.70313;0.71289;0.72266;0.73242;0.74219;0.75195;0.76172;0.77148;0.78125;0.79102,0.005310464;0.006793216;0.005414912;0.018859007999999997;0.03659264;0.13151129599999997;0.533004288;0.6500843519999999;0.448856064;0.20666777600000003;0.129444864;0.125142016;0.08617369600000001;0.059821056;0.056229888;0.065637376;0.1149696;0.169001984;0.2332416;0.266263552;0.16876236800000002;0.11688755199999999;0.094096384;0.076003328;0.063497216;0.060225536;0.093297664;0.07364710399999999;0.049297407999999994;0.042750976;0.037324800000000005;0.020736;0.023058432;0.01097216;0.0067553280000000005;0.012759040000000001;0.0103936;0.010344448000000001;0.011137023999999999;0.009132032000000002;0.008356864;0.007989248;0.004237312;0.004441088;0.00462336;0.005245952;0.0025088;0.003652608;0.004063232;0.003472384;0.0034959360000000003;0.0024166400000000003;0.002909184;0.002105344;0.001133568;0.0021964800000000002;0.001558528;0.0014274560000000001;0.001238016;0.001113088;0.001152;0.001052672;0.000719872;0.000590848;0.000516096;0.000625664;0.001220608;0.00084992;0.000617472;0.0005304320000000001;0.000390144;0.000447488;0.000502784;0.000461824;0.0005099519999999999;0.000241664;0.000329728;0.000380928;0.00040448000000000003
1777785300,hdr,0.0293;0.03906;0.04883;0.05859;0.06836;0.07813;0.08789;0.09766;0.10742;0.11719;0.12695;0.13672;0.14648;0.15625;0.16602;0.17578;0.18555;0.19531;0.20508;0.21484;0.22461;0.23438;0.24414;0.25391;0.26367;0.27344;0.2832;0.29297;0.30273;0.3125;0.32227;0.33203;0.3418;0.35156;0.36133;0.37109;0.38086;0.39063;0.40039;0.41016;0.41992;0.42969;0.43945;0.44922;0.45898;0.46875;0.47852;0.48828;0.49805;0.50781;0.51758;0.52734;0.53711;0.54688;0.55664;0.56641;0.57617;0.58594;0.5957;0.60547;0.61523;0.625;0.63477;0.64453;0.6543;0.66406;0.67383;0.68359;0.69336;0.70313;0.71289;0.72266;0.73242;0.74219;0.75195;0.76172;0.77148;0.78125;0.79102,0.012713984000000001;0.018767871999999998;0.010724352;0.042292223999999996;0.05773004799999999;0.103573504;0.264216576;0.284182528;0.274511872;0.097214464;0.10199244799999999;0.10055679999999999;0.089897984;0.05859430400000001;0.04641177600000001;0.06747750400000001;0.094278656;0.09826304000000001;0.14595993599999998;0.17740902399999997;0.15149875200000001;0.13628723199999998;0.07564390400000001;0.09870745599999999;0.10733465599999999;0.082871296;0.046130176;0.04002815999999999;0.035965952;0.030628864000000002;0.029093888;0.019700736;0.018616320000000002;0.012832768;0.017810431999999998;0.017744896;0.014724095999999999;0.010290176000000002;0.008204288;0.007063552;0.00713216;0.005492736;0.004251648;0.004578304;0.004240384;0.004717568;0.004856831999999999;0.0027269119999999997;0.00221184;0.002418688;0.00216576;0.001716224;0.001933312;0.0020797439999999997;0.002034688;0.001574912;0.001250304;0.001024;0.0009216000000000001;0.000720896;0.000770048;0.0007557120000000001;0.000596992;0.00092672;0.00037376;0.00081408;0.000871424;0.00061952;0.000351232;0.000412672;0.0005703679999999999;0.000666624;0.0006021119999999999;0.000605184;0.000512;0.000385024;0.000453632;0.000391168;0.000391168
1777786200,hdr,0.0293;0.03906;0.04883;0.05859;0.06836;0.07813;0.08789;0.09766;0.10742;0.11719;0.12695;0.13672;0.14648;0.15625;0.16602;0.17578;0.18555;0.19531;0.20508;0.21484;0.22461;0.23438;0.24414;0.25391;0.26367;0.27344;0.2832;0.29297;0.30273;0.3125;0.32227;0.33203;0.3418;0.35156;0.36133;0.37109;0.38086;0.39063;0.40039;0.41016;0.41992;0.42969;0.43945;0.44922;0.45898;0.46875;0.47852;0.48828;0.49805;0.50781;0.51758;0.52734;0.53711;0.54688;0.55664;0.56641;0.57617;0.58594;0.5957;0.60547;0.61523;0.625;0.63477;0.64453;0.6543;0.66406;0.67383;0.68359;0.69336;0.70313;0.71289;0.72266;0.73242;0.74219;0.75195;0.76172;0.77148;0.78125;0.79102,0.007965696;0.023351296;0.029888512;0.066087936;0.08873984;0.148570112;0.320369664;0.398119936;0.232751104;0.124012544;0.08823398400000002;0.056306688;0.05566361599999999;0.06997196800000001;0.08069017599999999;0.07177420799999999;0.13487103999999997;0.23542169599999999;0.251569152;0.202914816;0.160912384;0.127435776;0.091603968;0.064954368;0.10057011199999999;0.053577728000000005;0.04111052800000001;0.033334272;0.021832703999999998;0.027512831999999997;0.032387072;0.022112255999999997;0.021532672000000003;0.021702656000000004;0.021419008000000003;0.017387519999999997;0.015589376;0.013568;0.008420351999999999;0.0075745280000000005;0.006034432;0.003023872;0.004708352;0.004540415999999999;0.0031242239999999997;0.002501632;0.002633728;0.0030945279999999996;0.002020352;0.001757184;0.001502208;0.001604608;0.002260992;0.0022015999999999997;0.001895424;0.00180736;0.00133632;0.001430528;0.001251328;0.001149952;0.0013004800000000001;0.001166336;0.001225728;0.000867328;0.0005416959999999999;0.0006819840000000001;0.000526336;0.000565248;0.000656384;0.0007188480000000001;0.000566272;0.000393216;0.000515072;0.0005683200000000001;0.0006000640000000001;0.000529408;0.000617472;0.0005468159999999999;0.000269312
1777787100,hdr,0.0293;0.03906;0.04883;0.05859;0.06836;0.07813;0.08789;0.09766;0.10742;0.11719;0.12695;0.13672;0.14648;0.15625;0.16602;0.17578;0.18555;0.19531;0.20508;0.21484;0.22461;0.23438;0.24414;0.25391;0.26367;0.27344;0.2832;0.29297;0.30273;0.3125;0.32227;0.33203;0.3418;0.35156;0.36133;0.37109;0.38086;0.39063;0.40039;0.41016;0.41992;0.42969;0.43945;0.44922;0.45898;0.46875;0.47852;0.48828;0.49805;0.50781;0.51758;0.52734;0.53711;0.54688;0.55664;0.56641;0.57617;0.58594;0.5957;0.60547;0.61523;0.625;0.63477;0.64453;0.6543;0.66406;0.67383;0.68359;0.69336;0.70313;0.71289;0.72266;0.73242;0.74219;0.75195;0.76172;0.77148;0.78125;0.79102,0.011128831999999998;0.023084032;0.03154432;0.0394496;0.035416064;0.133764096;0.37000908800000004;0.251656192;0.157489152;0.110824448;0.090876928;0.12606873600000001;0.116849664;0.085516288;0.09542144;0.089929728;0.09795276800000001;0.23683993599999997;0.268276736;0.202432512;0.08535654399999999;0.091662336;0.07929753599999999;0.074755072;0.081197056;0.084166656;0.07332966399999999;0.041372672;0.031015936;0.029234176000000004;0.029254656;0.026059775999999996;0.018394112;0.016064512;0.008946688;0.00796672;0.011086848;0.011738111999999998;0.009960448;0.00820224;0.007993344;0.006475776;0.006230016;0.0046069760000000005;0.003293184;0.003390464;0.0029634559999999997;0.002113536;0.003050496;0.0028426239999999998;0.0028057599999999996;0.003035136;0.0025251839999999998;0.0016895999999999999;0.0017766400000000001;0.001528832;0.001635328;0.001317888;0.0013905920000000002;0.001503232;0.0015226880000000001;0.00143872;0.001298432;0.00119296;0.00117248;0.00084992;0.00136192;0.001108992;0.0009287680000000001;0.001098752;0.000646144;0.00048742400000000003;0.0005836799999999999;0.00037888;0.000379904;0.00047104000000000004;0.0006737919999999999;0.000561152;0.000520192
1777788000,hdr,0.0293;0.03906;0.04883;0.05859;0.06836;0.07813;0.08789;0.09766;0.10742;0.11719;0.12695;0.13672;0.14648;0.15625;0.16602;0.17578;0.18555;0.19531;0.20508;0.21484;0.22461;0.23438;0.24414;0.25391;0.26367;0.27344;0.2832;0.29297;0.30273;0.3125;0.32227;0.33203;0.3418;0.35156;0.36133;0.37109;0.38086;0.39063;0.40039;0.41016;0.41992;0.42969;0.43945;0.44922;0.45898;0.46875;0.47852;0.48828;0.49805;0.50781;0.51758;0.52734;0.53711;0.54688;0.55664;0.56641;0.57617;0.58594;0.5957;0.60547;0.61523;0.625;0.63477;0.64453;0.6543;0.66406;0.67383;0.68359;0.69336;0.70313;0.71289;0.72266;0.73242;0.74219;0.75195;0.76172;0.77148;0.78125;0.79102,0.008765440000000001;0.020736;0.035103744;0.078070784;0.08150323200000001;0.13483212800000002;0.30849126400000004;0.400924672;0.291345408;0.132937728;0.089616384;0.051429376;0.056288255999999995;0.048437248;0.04870656;0.061512703999999994;0.07140761600000001;0.149456896;0.18994995199999998;0.16792063999999998;0.07673753600000001;0.071725056;0.07808512000000001;0.05835264;0.057079807999999996;0.045188096000000004;0.03270144;0.031562752;0.034212864;0.039411712;0.020324352000000004;0.017692672000000003;0.022672384;0.01644032;0.01255936;0.013033471999999999;0.011732992;0.009981951999999999;0.009570304;0.008905728;0.008113151999999998;0.007118848;0.006785024000000001;0.00805376;0.0057344;0.00398336;0.003946496;0.003355648;0.002776064;0.001941504;0.002970624;0.002920448;0.0020224;0.0022026240000000002;0.00158208;0.0020992000000000003;0.002291712;0.001490944;0.00150528;0.001583104;0.0012728319999999998;0.0012544;0.001030144;0.0008366080000000001;0.0009400319999999999;0.000970752;0.000610304;0.0006952960000000001;0.00082944;0.00089088;0.000702464;0.0006021119999999999;0.00090624;0.000771072;0.000497664;0.000323584;0.00045568;0.0007843840000000001;0.0006737919999999999
1777788900,hdr,0.0293;0.03906;0.04883;0.05859;0.06836;0.07813;0.08789;0.09766;0.10742;0.11719;0.12695;0.13672;0.14648;0.15625;0.16602;0.17578;0.18555;0.19531;0.20508;0.21484;0.22461;0.23438;0.24414;0.25391;0.26367;0.27344;0.2832;0.29297;0.30273;0.3125;0.32227;0.33203;0.3418;0.35156;0.36133;0.37109;0.38086;0.39063;0.40039;0.41016;0.41992;0.42969;0.43945;0.44922;0.45898;0.46875;0.47852;0.48828;0.49805;0.50781;0.51758;0.52734;0.53711;0.54688;0.55664;0.56641;0.57617;0.58594;0.5957;0.60547;0.61523;0.625;0.63477;0.64453;0.6543;0.66406;0.67383;0.68359;0.69336;0.70313;0.71289;0.72266;0.73242;0.74219;0.75195;0.76172;0.77148;0.78125;0.79102,0.003439616;0.013985791999999999;0.019758079999999997;0.0292864;0.03355648000000001;0.058924032;0.309248;0.39136358400000004;0.309512192;0.102127616;0.035943424;0.028548096000000002;0.046359552000000005;0.048401408;0.08674816;0.083356672;0.070938624;0.10009497600000002;0.18729676799999997;0.191439872;0.18818047999999998;0.15643750399999998;0.11043225599999999;0.07862784;0.079888384;0.07530598399999999;0.07342591999999999;0.054716416000000004;0.031242239999999998;0.031277056;0.031863808;0.018462720000000002;0.013033471999999999;0.014315519999999998;0.013980672000000001;0.012836864;0.010276864;0.012632064;0.010513408;0.007534592;0.006792192;0.007446528;0.006014976;0.004337664;0.002816;0.004800512000000001;0.004612096;0.003254272;0.002762752;0.0022855680000000004;0.001695744;0.0013639680000000001;0.0023459839999999997;0.001922048;0.00139776;0.0017489920000000002;0.0020418560000000003;0.0013404159999999999;0.000970752;0.001102848;0.001026048;0.000910336;0.000950272;0.0009758719999999999;0.001409024;0.0010127360000000002;0.0005744639999999999;0.0007086080000000001;0.001031168;0.0006932479999999999;0.0005642239999999999;0.0005683200000000001;0.000548864;0.0009594880000000001;0.000613376;0.0006973439999999999;0.0005468159999999999;0.00044544;0.00051712
1777789800,hdr,0.0293;0.03906;0.04883;0.05859;0.06836;0.07813;0.08789;0.09766;0.10742;0.11719;0.12695;0.13672;0.14648;0.15625;0.16602;0.17578;0.18555;0.19531;0.20508;0.21484;0.22461;0.23438;0.24414;0.25391;0.26367;0.27344;0.2832;0.29297;0.30273;0.3125;0.32227;0.33203;0.3418;0.35156;0.36133;0.37109;0.38086;0.39063;0.40039;0.41016;0.41992;0.42969;0.43945;0.44922;0.45898;0.46875;0.47852;0.48828;0.49805;0.50781;0.51758;0.52734;0.53711;0.54688;0.55664;0.56641;0.57617;0.58594;0.5957;0.60547;0.61523;0.625;0.63477;0.64453;0.6543;0.66406;0.67383;0.68359;0.69336;0.70313;0.71289;0.72266;0.73242;0.74219;0.75195;0.76172;0.77148;0.78125;0.79102,0.004346879999999999;0.008752128000000001;0.014667776;0.030239744000000002;0.033613824;0.111624192;0.511208448;0.431225856;0.16562790400000002;0.09315839999999999;0.08433664;0.05305344;0.03684864000000001;0.049302528000000005;0.035916800000000006;0.037810176;0.052922368000000004;0.09439539200000001;0.190067712;0.15611392000000002;0.090539008;0.09014067199999999;0.076675072;0.09842483199999999;0.057910272;0.025894912;0.029092863999999996;0.024889344;0.019998719999999998;0.021963775999999997;0.018900992;0.018189312000000003;0.011124736000000001;0.013218816000000001;0.014235648;0.010038271999999999;0.009065472;0.011287552;0.009586688;0.007134208;0.0099328;0.008101888000000002;0.006096896;0.005481471999999999;0.0023818240000000003;0.003813376;0.005228544;0.00338944;0.0015616000000000002;0.0011448320000000001;0.0012400640000000001;0.00206848;0.001893376;0.002146304;0.0016291839999999999;0.000789504;0.0011151359999999999;0.001152;0.000951296;0.0011970559999999997;0.0015411200000000002;0.00103424;0.000720896;0.0007168;0.000774144;0.0006952960000000001;0.000505856;0.000490496;0.00037376;0.000723968;0.00067584;0.00042496;0.0004884479999999999;0.00045568;0.00047616000000000005;0.00059904;0.00047718399999999996;0.000538624;0.000357376
1777790700,hdr,0.0293;0.03906;0.04883;0.05859;0.06836;0.07813;0.08789;0.09766;0.10742;0.11719;0.12695;0.13672;0.14648;0.15625;0.16602;0.17578;0.18555;0.19531;0.20508;0.21484;0.22461;0.23438;0.24414;0.25391;0.26367;0.27344;0.2832;0.29297;0.30273;0.3125;0.32227;0.33203;0.3418;0.35156;0.36133;0.37109;0.38086;0.39063;0.40039;0.41016;0.41992;0.42969;0.43945;0.44922;0.45898;0.46875;0.47852;0.48828;0.49805;0.50781;0.51758;0.52734;0.53711;0.54688;0.55664;0.56641;0.57617;0.58594;0.5957;0.60547;0.61523;0.625;0.63477;0.64453;0.6543;0.66406;0.67383;0.68359;0.69336;0.70313;0.71289;0.72266;0.73242;0.74219;0.75195;0.76172;0.77148;0.78125;0.79102,0.003182592;0.008820736000000001;0.012335104;0.035306496;0.028336128;0.09565286399999999;0.41957785599999997;0.6056775679999999;0.37070131199999995;0.16029184;0.042646528;0.037607424;0.05931417600000001;0.08481177599999999;0.06840832000000001;0.053614592;0.061749248;0.087216128;0.150454272;0.260094976;0.176084992;0.095628288;0.099011584;0.0965888;0.07740416;0.06810624;0.046390272;0.039330816;0.042204160000000004;0.030244864;0.021678080000000002;0.024963072;0.016580608;0.018968575999999997;0.013967359999999998;0.009949184000000002;0.007148544;0.005952512;0.00395264;0.006975488;0.007622656;0.006117376;0.00314368;0.004066304;0.00324096;0.002762752;0.003130368;0.003933184;0.0030986240000000003;0.002180096;0.0031928320000000005;0.002336768;0.0016250880000000002;0.000623616;0.001206272;0.001318912;0.0015872;0.001383424;0.0010127360000000002;0.000785408;0.000923648;0.0012308479999999999;0.0008622079999999999;0.0006932479999999999;0.00059392;0.0006840319999999999;0.000484352;0.000641024;0.000694272;0.0010813440000000001;0.0008325120000000001;0.000786432;0.0005877759999999999;0.000475136;0.000499712;0.000580608;0.000454656;0.000484352;0.000429056
1777791600,hdr,0.0293;0.03906;0.04883;0.05859;0.06836;0.07813;0.08789;0.09766;0.10742;0.11719;0.12695;0.13672;0.14648;0.15625;0.16602;0.17578;0.18555;0.19531;0.20508;0.21484;0.22461;0.23438;0.24414;0.25391;0.26367;0.27344;0.2832;0.29297;0.30273;0.3125;0.32227;0.33203;0.3418;0.35156;0.36133;0.37109;0.38086;0.39063;0.40039;0.41016;0.41992;0.42969;0.43945;0.44922;0.45898;0.46875;0.47852;0.48828;0.49805;0.50781;0.51758;0.52734;0.53711;0.54688;0.55664;0.56641;0.57617;0.58594;0.5957;0.60547;0.61523;0.625;0.63477;0.64453;0.6543;0.66406;0.67383;0.68359;0.69336;0.70313;0.71289;0.72266;0.73242;0.74219;0.75195;0.76172;0.77148;0.78125;0.79102,0.0055296;0.007157759999999999;0.008327168;0.019809280000000002;0.029204479999999998;0.112744448;0.35620864;0.38185779200000003;0.25980928;0.09814118399999999;0.027437055999999998;0.0341504;0.035253248;0.027814912;0.022042624;0.034013184;0.047187968000000004;0.07528448;0.100201472;0.099334144;0.093114368;0.09027481600000001;0.06675353599999999;0.041731072;0.040573951999999996;0.039237631999999995;0.038006784;0.031338496;0.017155072;0.027966464;0.01618432;0.00734208;0.006052864;0.011476991999999998;0.010867712;0.009293824000000001;0.006920192;0.008364031999999999;0.00884224;0.006053888;0.005097472;0.005343232;0.00410624;0.004955136000000001;0.005552128;0.0036085759999999996;0.0029255680000000004;0.0029695999999999998;0.0033884159999999996;0.002968576;0.002799616;0.0022538239999999998;0.0015616000000000002;0.002204672;0.0018810880000000002;0.0015226880000000001;0.0018831359999999999;0.00119296;0.001016832;0.001102848;0.000978944;0.0009441279999999999;0.000867328;0.001101824;0.001383424;0.001132544;0.000768;0.0007372800000000001;0.000799744;0.00079872;0.00073216;0.000592896;0.000625664;0.000451584;0.0003584;0.000411648;0.00044032;0.000559104;0.0006092800000000001
1777792500,hdr,0.0293;0.03906;0.04883;0.05859;0.06836;0.07813;0.08789;0.09766;0.10742;0.11719;0.12695;0.13672;0.14648;0.15625;0.16602;0.17578;0.18555;0.19531;0.20508;0.21484;0.22461;0.23438;0.24414;0.25391;0.26367;0.27344;0.2832;0.29297;0.30273;0.3125;0.32227;0.33203;0.3418;0.35156;0.36133;0.37109;0.38086;0.39063;0.40039;0.41016;0.41992;0.42969;0.43945;0.44922;0.45898;0.46875;0.47852;0.48828;0.49805;0.50781;0.51758;0.52734;0.53711;0.54688;0.55664;0.56641;0.57617;0.58594;0.5957;0.60547;0.61523;0.625;0.63477;0.64453;0.6543;0.66406;0.67383;0.68359;0.69336;0.70313;0.71289;0.72266;0.73242;0.74219;0.75195;0.76172;0.77148;0.78125;0.79102,0.0015544320000000001;0.00359936;0.00771072;0.035646464;0.035339264;0.077692928;0.34327040000000003;0.495171584;0.27743334399999997;0.11078041599999999;0.048834560000000006;0.040424447999999995;0.042356736;0.034476032;0.033949696;0.046459904;0.047520768;0.06424576;0.07330918400000001;0.11403980799999999;0.09599283200000001;0.065985536;0.058544127999999994;0.064454656;0.061422592000000005;0.054586368;0.049313792;0.024056832;0.021773312000000003;0.012469247999999999;0.012627967999999998;0.012115968000000001;0.013559808000000001;0.013406208;0.008629247999999999;0.010002432;0.012332032;0.007486464;0.0070471679999999995;0.0074055679999999995;0.004810752;0.006874112;0.006121471999999999;0.003400704;0.002245632;0.0035072000000000002;0.0027432959999999997;0.0028620800000000004;0.002935808;0.002691072;0.00203776;0.0022784000000000003;0.0025456639999999996;0.0015687680000000001;0.0012113920000000002;0.001590272;0.0015667199999999997;0.001468416;0.0012544;0.001129472;0.0008386559999999999;0.001158144;0.001483776;0.0011673599999999999;0.000636928;0.000606208;0.001006592;0.0009984;0.000694272;0.000764928;0.000630784;0.000531456;0.000633856;0.000485376;0.000280576;0.00040345599999999995;0.000388096;0.00043110399999999997;0.000756736
1777793400,hdr,0.0293;0.03906;0.04883;0.05859;0.06836;0.07813;0.08789;0.09766;0.10742;0.11719;0.12695;0.13672;0.14648;0.15625;0.16602;0.17578;0.18555;0.19531;0.20508;0.21484;0.22461;0.23438;0.24414;0.25391;0.26367;0.27344;0.2832;0.29297;0.30273;0.3125;0.32227;0.33203;0.3418;0.35156;0.36133;0.37109;0.38086;0.39063;0.40039;0.41016;0.41992;0.42969;0.43945;0.44922;0.45898;0.46875;0.47852;0.48828;0.49805;0.50781;0.51758;0.52734;0.53711;0.54688;0.55664;0.56641;0.57617;0.58594;0.5957;0.60547;0.61523;0.625;0.63477;0.64453;0.6543;0.66406;0.67383;0.68359;0.69336;0.70313;0.71289;0.72266;0.73242;0.74219;0.75195;0.76172;0.77148;0.78125;0.79102,0.007888896;0.011779072;0.011133952;0.027793408;0.042496;0.08455987200000001;0.32316006399999997;0.593378304;0.48254464;0.149404672;0.050635776;0.048418815999999996;0.036371456;0.035741695999999996;0.036150272000000004;0.046954496;0.066453504;0.043665407999999996;0.07053311999999999;0.11540684799999999;0.102409216;0.085921792;0.06659276800000001;0.061611008;0.04616192;0.053543936;0.039575552;0.018041856;0.023243776;0.024022016;0.023184384000000002;0.021523456;0.010991616;0.008991744000000001;0.012618752;0.013278207999999998;0.011856896;0.008578048000000001;0.00968704;0.006618112;0.004675584;0.005076991999999999;0.004506624000000001;0.0020500479999999996;0.002243584;0.0024504320000000002;0.00272384;0.00268288;0.003069952;0.0032133120000000003;0.003126272;0.002336768;0.00255488;0.0020736;0.0014919679999999998;0.00137216;0.0011120639999999998;0.00107008;0.001195008;0.0014213119999999999;0.001980416;0.0017018880000000001;0.000774144;0.000733184;0.000610304;0.001330176;0.001412096;0.0012462080000000002;0.001004544;0.001043456;0.0009482239999999999;0.00101376;0.000801792;0.000580608;0.000630784;0.0006021119999999999;0.000432128;0.00039423999999999997;0.000436224
1777794300,hdr,0.0293;0.03906;0.04883;0.05859;0.06836;0.07813;0.08789;0.09766;0.10742;0.11719;0.12695;0.13672;0.14648;0.15625;0.16602;0.17578;0.18555;0.19531;0.20508;0.21484;0.22461;0.23438;0.24414;0.25391;0.26367;0.27344;0.2832;0.29297;0.30273;0.3125;0.32227;0.33203;0.3418;0.35156;0.36133;0.37109;0.38086;0.39063;0.40039;0.41016;0.41992;0.42969;0.43945;0.44922;0.45898;0.46875;0.47852;0.48828;0.49805;0.50781;0.51758;0.52734;0.53711;0.54688;0.55664;0.56641;0.57617;0.58594;0.5957;0.60547;0.61523;0.625;0.63477;0.64453;0.6543;0.66406;0.67383;0.68359;0.69336;0.70313;0.71289;0.72266;0.73242;0.74219;0.75195;0.76172;0.77148;0.78125;0.79102,0.001202176;0.005091327999999999;0.0044544;0.010314752;0.028105728;0.034038784;0.167456768;0.37490176000000003;0.32897433600000003;0.110503936;0.030645248;0.025708543999999996;0.028168192;0.033001472000000004;0.039564288;0.033817599999999996;0.031607807999999994;0.038472703999999996;0.059316223999999994;0.10844672;0.078070784;0.061278208;0.045065216;0.035339264;0.035826687999999995;0.026964991999999997;0.017486848;0.012597248;0.019789824;0.019336192;0.019358720000000003;0.014547968;0.010320896;0.006651904;0.008892416000000002;0.010259456;0.012428288000000001;0.012809215999999998;0.009405440000000001;0.007837696;0.00623616;0.004503552;0.003991552;0.0038656000000000003;0.002994176;0.003204096;0.0045772799999999995;0.003728384;0.002586624;0.002970624;0.0025108480000000004;0.001637376;0.002052096;0.001915904;0.001395712;0.001376256;0.0017356799999999999;0.001552384;0.001425408;0.0012052480000000001;0.001015808;0.00082432;0.0006819840000000001;0.0008386559999999999;0.001033216;0.0013793280000000002;0.0011489279999999998;0.00065536;0.000736256;0.000489472;0.00039219200000000003;0.000548864;0.000656384;0.000630784;0.000489472;0.000512;0.000753664;0.000795648;0.000526336
1777795200,hdr,0.0293;0.03906;0.04883;0.05859;0.06836;0.07813;0.08789;0.09766;0.10742;0.11719;0.12695;0.13672;0.14648;0.15625;0.16602;0.17578;0.18555;0.19531;0.20508;0.21484;0.22461;0.23438;0.24414;0.25391;0.26367;0.27344;0.2832;0.29297;0.30273;0.3125;0.32227;0.33203;0.3418;0.35156;0.36133;0.37109;0.38086;0.39063;0.40039;0.41016;0.41992;0.42969;0.43945;0.44922;0.45898;0.46875;0.47852;0.48828;0.49805;0.50781;0.51758;0.52734;0.53711;0.54688;0.55664;0.56641;0.57617;0.58594;0.5957;0.60547;0.61523;0.625;0.63477;0.64453;0.6543;0.66406;0.67383;0.68359;0.69336;0.70313;0.71289;0.72266;0.73242;0.74219;0.75195;0.76172;0.77148;0.78125;0.79102,0.001496064;0.004533248;0.005953536;0.022281216;0.037155839999999996;0.052026367999999996;0.30784;0.604069888;0.54254592;0.158038016;0.0374016;0.019139583999999998;0.014396416;0.018494464;0.025628672;0.037203968000000004;0.040654848;0.038880256;0.051885056;0.059906047999999996;0.054084608;0.06197760000000001;0.044300288;0.017148928;0.020066304;0.014681088000000002;0.018001919999999998;0.02318336;0.014354431999999999;0.011358207999999998;0.013369343999999998;0.012335104;0.008006656;0.005861376000000001;0.0049080320000000005;0.007732224;0.007775232;0.008418303999999998;0.007856128;0.008207359999999999;0.004698112;0.002981888;0.0020582400000000002;0.0026787839999999996;0.0025077759999999998;0.002386944;0.0031406079999999996;0.001983488;0.0028057599999999996;0.002613248;0.001757184;0.00221696;0.00275456;0.001396736;0.0009472;0.001028096;0.001011712;0.0014028799999999998;0.001007616;0.000939008;0.0015738879999999998;0.00165376;0.0011909120000000001;0.00093696;0.00046592000000000004;0.00047411199999999995;0.000785408;0.0006184960000000001;0.0005724160000000001;0.0007219199999999999;0.00052224;0.000490496;0.00073216;0.000837632;0.0007393279999999999;0.0006737919999999999;0.000485376;0.00033484799999999995;0.00032870400000000003
1777796100,hdr,0.0293;0.03906;0.04883;0.05859;0.06836;0.07813;0.08789;0.09766;0.10742;0.11719;0.12695;0.13672;0.14648;0.15625;0.16602;0.17578;0.18555;0.19531;0.20508;0.21484;0.22461;0.23438;0.24414;0.25391;0.26367;0.27344;0.2832;0.29297;0.30273;0.3125;0.32227;0.33203;0.3418;0.35156;0.36133;0.37109;0.38086;0.39063;0.40039;0.41016;0.41992;0.42969;0.43945;0.44922;0.45898;0.46875;0.47852;0.48828;0.49805;0.50781;0.51758;0.52734;0.53711;0.54688;0.55664;0.56641;0.57617;0.58594;0.5957;0.60547;0.61523;0.625;0.63477;0.64453;0.6543;0.66406;0.67383;0.68359;0.69336;0.70313;0.71289;0.72266;0.73242;0.74219;0.75195;0.76172;0.77148;0.78125;0.79102,0.003654656;0.008608768;0.014845952;0.027137024000000003;0.020604928;0.081127424;0.349874176;0.766208;0.578681856;0.162378752;0.049007616000000004;0.025403392;0.02962944;0.031499264;0.037844992;0.034747392;0.044809216;0.051402752;0.050434047999999995;0.050440192;0.06052864;0.050915328;0.040198144;0.030806016;0.041541631999999995;0.031218688;0.025512959999999998;0.018655232;0.019993600000000004;0.018734079999999997;0.00901632;0.010116096000000002;0.006750208;0.007072768;0.007330816;0.007007232;0.008570880000000001;0.007108608;0.004920320000000001;0.004359168000000001;0.002368512;0.002741248;0.00249344;0.0018288640000000001;0.001783808;0.001645568;0.001875968;0.002820096;0.002282496;0.001829888;0.0016732160000000002;0.001631232;0.001734656;0.0012369920000000001;0.000953344;0.00128;0.0016445440000000002;0.001388544;0.0012605440000000002;0.001422336;0.00165888;0.001188864;0.0010086399999999999;0.0008335360000000001;0.000758784;0.0005703679999999999;0.000923648;0.001053696;0.000801792;0.000945152;0.0008601600000000001;0.000949248;0.000758784;0.00059392;0.000628736;0.0006123519999999999;0.000483328;0.000555008;0.00044646400000000004
1777797000,hdr,0.0293;0.03906;0.04883;0.05859;0.06836;0.07813;0.08789;0.09766;0.10742;0.11719;0.12695;0.13672;0.14648;0.15625;0.16602;0.17578;0.18555;0.19531;0.20508;0.21484;0.22461;0.23438;0.24414;0.25391;0.26367;0.27344;0.2832;0.29297;0.30273;0.3125;0.32227;0.33203;0.3418;0.35156;0.36133;0.37109;0.38086;0.39063;0.40039;0.41016;0.41992;0.42969;0.43945;0.44922;0.45898;0.46875;0.47852;0.48828;0.49805;0.50781;0.51758;0.52734;0.53711;0.54688;0.55664;0.56641;0.57617;0.58594;0.5957;0.60547;0.61523;0.625;0.63477;0.64453;0.6543;0.66406;0.67383;0.68359;0.69336;0.70313;0.71289;0.72266;0.73242;0.74219;0.75195;0.76172;0.77148;0.78125;0.79102,0.003460096;0.005583872;0.016058368000000003;0.045669376;0.037093376;0.110514176;0.465057792;0.758516736;0.46391398400000006;0.16973823999999998;0.035920896;0.021789696;0.019605504;0.034361344;0.029487104;0.038992896;0.06069862400000001;0.070774784;0.049871872000000005;0.07288627200000002;0.065211392;0.07247667199999999;0.03776512;0.027808768;0.027850752;0.020154368000000002;0.028904448;0.027789311999999997;0.020731904;0.01638912;0.016818176;0.014971904000000001;0.009079807999999998;0.007297024;0.0059238400000000005;0.004099072;0.004898815999999999;0.008754175999999999;0.008175616;0.00485888;0.0035932159999999998;0.003503104;0.00237056;0.003088384;0.002807808;0.002558976;0.0021862400000000003;0.001700864;0.002654208;0.002688;0.001806336;0.0011233280000000003;0.0016424959999999998;0.0015943679999999999;0.001143808;0.001562624;0.002112512;0.0011407359999999998;0.001603584;0.001307648;0.000826368;0.0011264;0.0012994559999999998;0.00103424;0.000674816;0.001062912;0.001089536;0.001159168;0.000789504;0.000398336;0.000534528;0.000520192;0.000567296;0.000412672;0.000442368;0.00046796800000000003;0.000507904;0.000490496;0.000406528
1777797900,hdr,0.0293;0.03906;0.04883;0.05859;0.06836;0.07813;0.08789;0.09766;0.10742;0.11719;0.12695;0.13672;0.14648;0.15625;0.16602;0.17578;0.18555;0.19531;0.20508;0.21484;0.22461;0.23438;0.24414;0.25391;0.26367;0.27344;0.2832;0.29297;0.30273;0.3125;0.32227;0.33203;0.3418;0.35156;0.36133;0.37109;0.38086;0.39063;0.40039;0.41016;0.41992;0.42969;0.43945;0.44922;0.45898;0.46875;0.47852;0.48828;0.49805;0.50781;0.51758;0.52734;0.53711;0.54688;0.55664;0.56641;0.57617;0.58594;0.5957;0.60547;0.61523;0.625;0.63477;0.64453;0.6543;0.66406;0.67383;0.68359;0.69336;0.70313;0.71289;0.72266;0.73242;0.74219;0.75195;0.76172;0.77148;0.78125;0.79102,0.0135936;0.047069184;0.052847616;0.053827584000000005;0.046595072;0.05924966400000001;0.25796812799999996;0.612119552;0.5227325439999999;0.16236032;0.062567424;0.02600448;0.017033216;0.03209728;0.04106752;0.037198848;0.035475455999999995;0.05946367999999999;0.068743168;0.060864511999999996;0.054169600000000005;0.03781632;0.036048896000000004;0.03418624;0.023884799999999998;0.028633088;0.025427968000000002;0.01448448;0.018050048;0.017924095999999997;0.011890688;0.007801855999999999;0.006091776000000001;0.008194048;0.008834047999999999;0.010112;0.006385664000000001;0.006029312;0.006152192;0.005912576;0.005434368;0.0031375360000000002;0.0023111679999999997;0.002071552;0.0024156159999999998;0.001998848;0.00180736;0.002055168;0.001831936;0.001805312;0.001523712;0.001765376;0.0017643519999999998;0.001189888;0.001376256;0.001636352;0.001238016;0.00048742400000000003;0.0009431040000000001;0.001412096;0.000933888;0.000647168;0.001152;0.001002496;0.000982016;0.000775168;0.000771072;0.0006082559999999999;0.00035942400000000006;0.00045568;0.0008509440000000001;0.000864256;0.000679936;0.0006819840000000001;0.0009359360000000001;0.000656384;0.00035430400000000006;0.000308224;0.000429056
1777799700,hdr,0.0293;0.03906;0.04883;0.05859;0.06836;0.07813;0.08789;0.09766;0.10742;0.11719;0.12695;0.13672;0.14648;0.15625;0.16602;0.17578;0.18555;0.19531;0.20508;0.21484;0.22461;0.23438;0.24414;0.25391;0.26367;0.27344;0.2832;0.29297;0.30273;0.3125;0.32227;0.33203;0.3418;0.35156;0.36133;0.37109;0.38086;0.39063;0.40039;0.41016;0.41992;0.42969;0.43945;0.44922;0.45898;0.46875;0.47852;0.48828;0.49805;0.50781;0.51758;0.52734;0.53711;0.54688;0.55664;0.56641;0.57617;0.58594;0.5957;0.60547;0.61523;0.625;0.63477;0.64453;0.6543;0.66406;0.67383;0.68359;0.69336;0.70313;0.71289;0.72266;0.73242;0.74219;0.75195;0.76172;0.77148;0.78125;0.79102,0.015031295999999998;0.016714752;0.023599104;0.061216768000000005;0.03871129599999999;0.05553459200000001;0.16449023999999998;0.298366976;0.35143475199999996;0.155995136;0.039730176;0.02070528;0.016873471999999997;0.02230272;0.021353472000000002;0.015063040000000001;0.03829248;0.060796928;0.083569664;0.07217766399999999;0.038033408000000005;0.045314048;0.031205376;0.019857408;0.018674688;0.028266496;0.02364928;0.020483072;0.029335552;0.016280575999999998;0.010312703999999999;0.008498176000000001;0.005106688;0.004563968;0.006656;0.00606208;0.0042536959999999995;0.005218304;0.005954559999999999;0.002825216;0.001707008;0.0017203200000000002;0.001934336;0.001683456;0.0019230719999999998;0.0017684480000000002;0.001990656;0.0016435199999999999;0.00160768;0.0013547519999999999;0.002023424;0.001645568;0.00136704;0.0013639680000000001;0.001779712;0.001818624;0.001905664;0.001537024;0.001222656;0.0013260799999999999;0.001353728;0.0010956800000000001;0.0011776;0.0008765439999999999;0.00040550399999999994;0.0006993920000000001;0.000789504;0.000869376;0.000951296;0.00089088;0.000984064;0.000881664;0.000899072;0.000656384;0.000515072;0.0005713920000000001;0.000550912;0.000456704;0.0005304320000000001
1777800600,hdr,0.0293;0.03906;0.04883;0.05859;0.06836;0.07813;0.08789;0.09766;0.10742;0.11719;0.12695;0.13672;0.14648;0.15625;0.16602;0.17578;0.18555;0.19531;0.20508;0.21484;0.22461;0.23438;0.24414;0.25391;0.26367;0.27344;0.2832;0.29297;0.30273;0.3125;0.32227;0.33203;0.3418;0.35156;0.36133;0.37109;0.38086;0.39063;0.40039;0.41016;0.41992;0.42969;0.43945;0.44922;0.45898;0.46875;0.47852;0.48828;0.49805;0.50781;0.51758;0.52734;0.53711;0.54688;0.55664;0.56641;0.57617;0.58594;0.5957;0.60547;0.61523;0.625;0.63477;0.64453;0.6543;0.66406;0.67383;0.68359;0.69336;0.70313;0.71289;0.72266;0.73242;0.74219;0.75195;0.76172;0.77148;0.78125;0.79102,0.003390464;0.011942912;0.021805056;0.036769792;0.03358207999999999;0.083861504;0.256263168;0.43782144;0.43745280000000003;0.15293440000000003;0.037834752;0.021594112;0.017042432;0.022076415999999998;0.021812224;0.027176960000000003;0.04193792;0.034083840000000004;0.068342784;0.071757824;0.06734336;0.046879744;0.0417536;0.039921663999999996;0.03255296;0.033159167999999996;0.029613056000000002;0.02432512;0.018635776000000003;0.012611584;0.016335871999999998;0.012416;0.007822336000000001;0.004647936;0.005326848;0.005393408000000001;0.004319232;0.0050350080000000005;0.006192128000000001;0.0057200639999999995;0.0038789120000000004;0.003365888;0.0018995200000000002;0.0020183040000000003;0.002610176;0.002267136;0.0017725439999999998;0.002828288;0.0019968;0.0011468799999999999;0.0018288640000000001;0.002173952;0.001139712;0.001271808;0.0014448640000000001;0.001217536;0.0013393919999999998;0.0013322240000000001;0.0013004800000000001;0.0014110720000000002;0.0017018880000000001;0.001410048;0.001292288;0.0013056;0.000899072;0.0011509760000000002;0.0011161600000000002;0.0010833919999999999;0.00084992;0.00137728;0.0010803199999999998;0.000915456;0.000715776;0.000637952;0.00037068800000000004;0.00068608;0.0007495679999999999;0.000764928;0.0007014399999999999
1777801500,hdr,0.0293;0.03906;0.04883;0.05859;0.06836;0.07813;0.08789;0.09766;0.10742;0.11719;0.12695;0.13672;0.14648;0.15625;0.16602;0.17578;0.18555;0.19531;0.20508;0.21484;0.22461;0.23438;0.24414;0.25391;0.26367;0.27344;0.2832;0.29297;0.30273;0.3125;0.32227;0.33203;0.3418;0.35156;0.36133;0.37109;0.38086;0.39063;0.40039;0.41016;0.41992;0.42969;0.43945;0.44922;0.45898;0.46875;0.47852;0.48828;0.49805;0.50781;0.51758;0.52734;0.53711;0.54688;0.55664;0.56641;0.57617;0.58594;0.5957;0.60547;0.61523;0.625;0.63477;0.64453;0.6543;0.66406;0.67383;0.68359;0.69336;0.70313;0.71289;0.72266;0.73242;0.74219;0.75195;0.76172;0.77148;0.78125;0.79102,0.00282112;0.004852736;0.012005376;0.02894848;0.01944064;0.065492992;0.23591219200000002;0.35311615999999996;0.569867264;0.33685504;0.073232384;0.026172415999999997;0.012435456000000001;0.008610815999999999;0.01824768;0.028742656;0.043638784;0.055846912000000005;0.04564992;0.0299776;0.053107712;0.041143296;0.02889216;0.036968448;0.03268096;0.021562368;0.020988928;0.014909440000000001;0.011245568000000001;0.008787967999999998;0.013338624;0.008222720000000001;0.0054558720000000005;0.003720192;0.0044974080000000005;0.0071884800000000006;0.006475776;0.004953088;0.00320512;0.003072;0.0025374720000000003;0.0020418560000000003;0.0022302719999999997;0.002244608;0.002742272;0.001774592;0.0013824;0.0013905920000000002;0.0016732160000000002;0.0012646399999999998;0.0012001280000000002;0.001250304;0.001153024;0.001317888;0.0007925759999999999;0.000519168;0.000492544;0.001024;0.0011796480000000002;0.001132544;0.00068608;0.000731136;0.000864256;0.000605184;0.000658432;0.0007219199999999999;0.0007075839999999999;0.0006912;0.000789504;0.000985088;0.0005324799999999999;0.000662528;0.000775168;0.000519168;0.0007055360000000001;0.00045056;0.0005857280000000001;0.000515072;0.00036249599999999997
1777802400,hdr,0.0293;0.03906;0.04883;0.05859;0.06836;0.07813;0.08789;0.09766;0.10742;0.11719;0.12695;0.13672;0.14648;0.15625;0.16602;0.17578;0.18555;0.19531;0.20508;0.21484;0.22461;0.23438;0.24414;0.25391;0.26367;0.27344;0.2832;0.29297;0.30273;0.3125;0.32227;0.33203;0.3418;0.35156;0.36133;0.37109;0.38086;0.39063;0.40039;0.41016;0.41992;0.42969;0.43945;0.44922;0.45898;0.46875;0.47852;0.48828;0.49805;0.50781;0.51758;0.52734;0.53711;0.54688;0.55664;0.56641;0.57617;0.58594;0.5957;0.60547;0.61523;0.625;0.63477;0.64453;0.6543;0.66406;0.67383;0.68359;0.69336;0.70313;0.71289;0.72266;0.73242;0.74219;0.75195;0.76172;0.77148;0.78125;0.79102,0.009836544;0.030859264;0.041870336;0.03554918399999999;0.036399104;0.05664768;0.17235456;0.27537305600000006;0.41870950399999995;0.21829632000000002;0.08398745599999999;0.024996863999999997;0.012788736;0.014897152;0.017860608;0.03367116800000001;0.039947263999999996;0.038331392;0.031506432;0.03606016;0.08296448;0.049718271999999994;0.030529536;0.034495488000000005;0.023592960000000003;0.017114111999999997;0.020186112000000003;0.011777024;0.016222208;0.012090368;0.0090624;0.011505663999999999;0.009378816;0.005143552;0.00421888;0.003460096;0.003644416;0.00407552;0.004211712;0.002952192;0.002070528;0.001729536;0.0017623040000000001;0.001829888;0.00146432;0.001659904;0.0019230719999999998;0.0019128320000000002;0.00162816;0.0023296;0.001349632;0.0012666880000000002;0.0014714879999999997;0.0014561280000000001;0.001271808;0.001122304;0.000923648;0.0011202559999999998;0.000889856;0.001189888;0.001430528;0.001696768;0.0011212799999999999;0.000903168;0.001195008;0.001153024;0.000831488;0.001026048;0.00091648;0.000805888;0.000715776;0.000502784;0.000400384;0.0005847039999999999;0.000676864;0.000877568;0.0006912;0.0005980159999999999;0.000463872
1777803300,hdr,0.0293;0.03906;0.04883;0.05859;0.06836;0.07813;0.08789;0.09766;0.10742;0.11719;0.12695;0.13672;0.14648;0.15625;0.16602;0.17578;0.18555;0.19531;0.20508;0.21484;0.22461;0.23438;0.24414;0.25391;0.26367;0.27344;0.2832;0.29297;0.30273;0.3125;0.32227;0.33203;0.3418;0.35156;0.36133;0.37109;0.38086;0.39063;0.40039;0.41016;0.41992;0.42969;0.43945;0.44922;0.45898;0.46875;0.47852;0.48828;0.49805;0.50781;0.51758;0.52734;0.53711;0.54688;0.55664;0.56641;0.57617;0.58594;0.5957;0.60547;0.61523;0.625;0.63477;0.64453;0.6543;0.66406;0.67383;0.68359;0.69336;0.70313;0.71289;0.72266;0.73242;0.74219;0.75195;0.76172;0.77148;0.78125;0.79102,0.004593664000000001;0.009335808000000001;0.017149951999999996;0.04983807999999999;0.028771328000000002;0.057146368;0.260368384;0.6725928959999999;0.577132544;0.192585728;0.044108800000000004;0.017254400000000003;0.013166592;0.011153408000000002;0.00949248;0.014368768;0.041907200000000006;0.069885952;0.064601088;0.055852031999999996;0.059799552;0.052457472000000005;0.034076671999999995;0.020849664;0.018825216;0.011301888000000001;0.014155776;0.025782272;0.020721664;0.009350144;0.006316032;0.006603776;0.004459520000000001;0.003994624;0.003844096;0.003613696;0.0025456639999999996;0.002466816;0.003530752;0.002799616;0.0016977919999999998;0.00266752;0.0028692479999999996;0.002666496;0.002586624;0.0019947520000000002;0.00151552;0.0015431680000000001;0.001956864;0.001705984;0.001273856;0.0014458880000000002;0.0014192640000000002;0.001647616;0.0013035520000000001;0.0013752319999999999;0.0012195840000000001;0.000907264;0.0007936;0.0013199359999999999;0.001284096;0.0010014719999999998;0.00073216;0.0010649599999999998;0.0011694079999999998;0.000827392;0.0006789119999999999;0.0010762240000000002;0.001241088;0.001077248;0.000748544;0.000898048;0.00080384;0.000734208;0.000512;0.000520192;0.000559104;0.00047616000000000005;0.000596992
1777804200,hdr,0.0293;0.03906;0.04883;0.05859;0.06836;0.07813;0.08789;0.09766;0.10742;0.11719;0.12695;0.13672;0.14648;0.15625;0.16602;0.17578;0.18555;0.19531;0.20508;0.21484;0.22461;0.23438;0.24414;0.25391;0.26367;0.27344;0.2832;0.29297;0.30273;0.3125;0.32227;0.33203;0.3418;0.35156;0.36133;0.37109;0.38086;0.39063;0.40039;0.41016;0.41992;0.42969;0.43945;0.44922;0.45898;0.46875;0.47852;0.48828;0.49805;0.50781;0.51758;0.52734;0.53711;0.54688;0.55664;0.56641;0.57617;0.58594;0.5957;0.60547;0.61523;0.625;0.63477;0.64453;0.6543;0.66406;0.67383;0.68359;0.69336;0.70313;0.71289;0.72266;0.73242;0.74219;0.75195;0.76172;0.77148;0.78125;0.79102,0.007805952;0.014136319999999999;0.012234752;0.031337472;0.030372864000000003;0.038254592000000004;0.16080281600000002;0.474518528;0.474481664;0.291176448;0.073104384;0.028422144;0.017025023999999996;0.009874432;0.009279488;0.017882112000000002;0.033446911999999995;0.04180684800000001;0.044505088000000005;0.033598464;0.038092799999999996;0.043837440000000005;0.035716095999999996;0.02412032;0.02036224;0.02240512;0.018376704;0.009982976000000001;0.012932095999999999;0.012183552000000002;0.015968256;0.013251583999999999;0.008685568;0.005106688;0.003500032;0.00486912;0.004062208;0.003867648;0.003166208;0.0030289920000000003;0.003309568;0.0025333760000000004;0.001721344;0.001329152;0.0018483199999999999;0.001650688;0.0021944319999999996;0.0026245120000000003;0.001681408;0.0016138239999999998;0.001309696;0.0018083840000000001;0.002055168;0.0012400640000000001;0.001818624;0.001393664;0.0012400640000000001;0.0014940160000000001;0.000779264;0.000945152;0.0011427840000000002;0.001036288;0.00118784;0.000949248;0.00074752;0.000763904;0.0011448320000000001;0.000989184;0.00091136;0.000607232;0.0006891520000000001;0.00075264;0.000625664;0.0008355839999999999;0.000963584;0.00090624;0.001096704;0.000984064;0.000734208
1777805100,hdr,0.0293;0.03906;0.04883;0.05859;0.06836;0.07813;0.08789;0.09766;0.10742;0.11719;0.12695;0.13672;0.14648;0.15625;0.16602;0.17578;0.18555;0.19531;0.20508;0.21484;0.22461;0.23438;0.24414;0.25391;0.26367;0.27344;0.2832;0.29297;0.30273;0.3125;0.32227;0.33203;0.3418;0.35156;0.36133;0.37109;0.38086;0.39063;0.40039;0.41016;0.41992;0.42969;0.43945;0.44922;0.45898;0.46875;0.47852;0.48828;0.49805;0.50781;0.51758;0.52734;0.53711;0.54688;0.55664;0.56641;0.57617;0.58594;0.5957;0.60547;0.61523;0.625;0.63477;0.64453;0.6543;0.66406;0.67383;0.68359;0.69336;0.70313;0.71289;0.72266;0.73242;0.74219;0.75195;0.76172;0.77148;0.78125;0.79102,0.007032832;0.0081152;0.015251456;0.040525824;0.023448576000000002;0.056476672;0.227631104;0.433245184;0.33144729599999995;0.14352588800000002;0.067982336;0.033503231999999994;0.018911232;0.014422016;0.020569088;0.023635967999999997;0.029250560000000002;0.028770304;0.043972608;0.07210291199999999;0.055165952;0.046598144;0.045923328;0.035276800000000004;0.02619904;0.014066687999999999;0.011440127999999999;0.011106304000000001;0.01604608;0.015832064;0.013303808;0.005768192;0.006106112;0.006957056;0.0034652159999999997;0.003129344;0.003464192;0.0025118719999999996;0.003009536;0.002637824;0.0014786559999999999;0.001639424;0.001503232;0.001603584;0.002031616;0.001468416;0.001601536;0.001854464;0.001462272;0.001639424;0.001536;0.0017326079999999998;0.0011212799999999999;0.0008744960000000001;0.0009256959999999999;0.000877568;0.000894976;0.000656384;0.00068096;0.000754688;0.001082368;0.000982016;0.0010178560000000001;0.0010455039999999998;0.000745472;0.0006737919999999999;0.000840704;0.0006912;0.00042598399999999997;0.0007464960000000001;0.000840704;0.000761856;0.00080384;0.000632832;0.000656384;0.0005642239999999999;0.0005478400000000001;0.00052224;0.0006041600000000001
1777806000,hdr,0.0293;0.03906;0.04883;0.05859;0.06836;0.07813;0.08789;0.09766;0.10742;0.11719;0.12695;0.13672;0.14648;0.15625;0.16602;0.17578;0.18555;0.19531;0.20508;0.21484;0.22461;0.23438;0.24414;0.25391;0.26367;0.27344;0.2832;0.29297;0.30273;0.3125;0.32227;0.33203;0.3418;0.35156;0.36133;0.37109;0.38086;0.39063;0.40039;0.41016;0.41992;0.42969;0.43945;0.44922;0.45898;0.46875;0.47852;0.48828;0.49805;0.50781;0.51758;0.52734;0.53711;0.54688;0.55664;0.56641;0.57617;0.58594;0.5957;0.60547;0.61523;0.625;0.63477;0.64453;0.6543;0.66406;0.67383;0.68359;0.69336;0.70313;0.71289;0.72266;0.73242;0.74219;0.75195;0.76172;0.77148;0.78125;0.79102,0.012166143999999999;0.009992191999999999;0.01102848;0.034253824;0.022938624;0.08869683199999999;0.367215616;0.44585472;0.411625472;0.247399424;0.089070592;0.027374592;0.013847551999999999;0.01617408;0.020529152;0.018552832;0.034665472;0.06497177600000001;0.047204352;0.027887616;0.036027392;0.035841024;0.029950976;0.023098368;0.017871872;0.017731584;0.015340544;0.015551488;0.010856448000000001;0.011578367999999999;0.010265599999999998;0.008311807999999999;0.00566784;0.003803136;0.0042536959999999995;0.004815872;0.0036167680000000002;0.00306176;0.00291328;0.0030341120000000003;0.002806784;0.001624064;0.001600512;0.0017459199999999998;0.0018278399999999998;0.001655808;0.001895424;0.001944576;0.0015472639999999998;0.0013864959999999999;0.001275904;0.001082368;0.0010680320000000002;0.001015808;0.0016128;0.00135168;0.001156096;0.001395712;0.0009420800000000001;0.000668672;0.000674816;0.00079872;0.000999424;0.000858112;0.000919552;0.000915456;0.000694272;0.0007352319999999999;0.000768;0.000756736;0.000538624;0.00046080000000000003;0.000429056;0.0006963200000000001;0.000590848;0.0005580800000000001;0.000569344;0.000493568;0.0005406720000000001
1777806900,hdr,0.0293;0.03906;0.04883;0.05859;0.06836;0.07813;0.08789;0.09766;0.10742;0.11719;0.12695;0.13672;0.14648;0.15625;0.16602;0.17578;0.18555;0.19531;0.20508;0.21484;0.22461;0.23438;0.24414;0.25391;0.26367;0.27344;0.2832;0.29297;0.30273;0.3125;0.32227;0.33203;0.3418;0.35156;0.36133;0.37109;0.38086;0.39063;0.40039;0.41016;0.41992;0.42969;0.43945;0.44922;0.45898;0.46875;0.47852;0.48828;0.49805;0.50781;0.51758;0.52734;0.53711;0.54688;0.55664;0.56641;0.57617;0.58594;0.5957;0.60547;0.61523;0.625;0.63477;0.64453;0.6543;0.66406;0.67383;0.68359;0.69336;0.70313;0.71289;0.72266;0.73242;0.74219;0.75195;0.76172;0.77148;0.78125;0.79102,0.00395264;0.00443904;0.008346624;0.030845952000000003;0.025868288;0.038637568;0.232154112;0.39094579199999996;0.43717734399999997;0.283577344;0.071911424;0.03298304;0.027671552;0.013827072;0.015347712;0.01724928;0.037608448;0.085878784;0.06933504000000001;0.041206783999999996;0.058417152;0.061216768000000005;0.04485632;0.030546944;0.021680128;0.017906687999999997;0.010945536;0.011409408000000001;0.015850496;0.012732416000000002;0.010600448;0.0072263679999999995;0.0043161599999999994;0.0032020480000000003;0.0027740160000000002;0.0034375680000000002;0.00415744;0.003308544;0.001932288;0.0027811840000000003;0.0027115520000000003;0.002633728;0.002402304;0.0014704639999999999;0.0015267839999999998;0.001572864;0.001477632;0.0014786559999999999;0.00115712;0.0015851519999999998;0.001662976;0.0011407359999999998;0.0016691199999999998;0.001440768;0.0019650559999999997;0.0011735040000000001;0.0010209280000000002;0.001082368;0.00110592;0.0010803199999999998;0.001097728;0.001113088;0.0006952960000000001;0.00048127999999999995;0.000758784;0.0006696959999999999;0.00057856;0.000828416;0.000780288;0.000659456;0.000607232;0.0009420800000000001;0.00091648;0.0006154239999999999;0.00044646400000000004;0.000594944;0.0005089280000000001;0.000520192;0.0005754880000000001
1777807800,hdr,0.0293;0.03906;0.04883;0.05859;0.06836;0.07813;0.08789;0.09766;0.10742;0.11719;0.12695;0.13672;0.14648;0.15625;0.16602;0.17578;0.18555;0.19531;0.20508;0.21484;0.22461;0.23438;0.24414;0.25391;0.26367;0.27344;0.2832;0.29297;0.30273;0.3125;0.32227;0.33203;0.3418;0.35156;0.36133;0.37109;0.38086;0.39063;0.40039;0.41016;0.41992;0.42969;0.43945;0.44922;0.45898;0.46875;0.47852;0.48828;0.49805;0.50781;0.51758;0.52734;0.53711;0.54688;0.55664;0.56641;0.57617;0.58594;0.5957;0.60547;0.61523;0.625;0.63477;0.64453;0.6543;0.66406;0.67383;0.68359;0.69336;0.70313;0.71289;0.72266;0.73242;0.74219;0.75195;0.76172;0.77148;0.78125;0.79102,0.012940288000000001;0.016259072;0.017439744000000004;0.023361536;0.038021120000000005;0.13111296;0.34755276800000007;0.467217408;0.5239541759999999;0.39320473600000005;0.112741376;0.034159616000000004;0.016555008000000003;0.015500288;0.014234624;0.016190463999999998;0.014034943999999999;0.045837312;0.061623296;0.043276288;0.052424703999999996;0.058211328;0.05809152;0.031781888;0.021074943999999998;0.015128576000000001;0.010989568000000002;0.015635456;0.011567104000000002;0.009063423999999999;0.012097536;0.010604544;0.009237503999999999;0.00794112;0.0038911999999999996;0.004678656;0.003151872;0.0023275519999999997;0.002556928;0.002589696;0.0025036800000000003;0.002168832;0.0017408;0.00165888;0.0016906239999999997;0.001794048;0.001338368;0.002038784;0.00221696;0.00177152;0.0013240320000000002;0.0010936319999999998;0.0015452159999999999;0.001188864;0.0009256959999999999;0.0011212799999999999;0.001410048;0.001199104;0.001005568;0.0011601919999999998;0.001442816;0.0008386559999999999;0.000760832;0.000745472;0.0009400319999999999;0.001014784;0.0007014399999999999;0.000576512;0.000933888;0.00096768;0.0007464960000000001;0.000641024;0.0005621760000000001;0.000809984;0.0009830400000000001;0.00064;0.00047923199999999995;0.000566272;0.000411648
1777808700,hdr,0.0293;0.03906;0.04883;0.05859;0.06836;0.07813;0.08789;0.09766;0.10742;0.11719;0.12695;0.13672;0.14648;0.15625;0.16602;0.17578;0.18555;0.19531;0.20508;0.21484;0.22461;0.23438;0.24414;0.25391;0.26367;0.27344;0.2832;0.29297;0.30273;0.3125;0.32227;0.33203;0.3418;0.35156;0.36133;0.37109;0.38086;0.39063;0.40039;0.41016;0.41992;0.42969;0.43945;0.44922;0.45898;0.46875;0.47852;0.48828;0.49805;0.50781;0.51758;0.52734;0.53711;0.54688;0.55664;0.56641;0.57617;0.58594;0.5957;0.60547;0.61523;0.625;0.63477;0.64453;0.6543;0.66406;0.67383;0.68359;0.69336;0.70313;0.71289;0.72266;0.73242;0.74219;0.75195;0.76172;0.77148;0.78125;0.79102,0.00976384;0.017981439999999998;0.029850624;0.0472064;0.046279680000000004;0.079241216;0.332689408;0.32518758400000003;0.32851968;0.32579072000000003;0.12501094399999998;0.038303744;0.015262719999999999;0.011461632;0.017061887999999997;0.019371008;0.030353408000000002;0.05393305600000001;0.053919744;0.044046336;0.034935808000000006;0.050848767999999996;0.045431808;0.035023872;0.022718464;0.015910912;0.011683840000000001;0.012280832;0.011531264000000001;0.006806528;0.005260288;0.0057477119999999994;0.00573952;0.00414208;0.00326144;0.002801664;0.0028436480000000003;0.003745792;0.002825216;0.004466688;0.0030289920000000003;0.0022015999999999997;0.002866176;0.001906688;0.002354176;0.002512896;0.001794048;0.000996352;0.0015114240000000001;0.0012359679999999998;0.0009697280000000001;0.000731136;0.001134592;0.001570816;0.00100352;0.0012523519999999998;0.001490944;0.000966656;0.0005888;0.000758784;0.000915456;0.000576512;0.0005007359999999999;0.0007086080000000001;0.0007055360000000001;0.000775168;0.0006952960000000001;0.0008560640000000001;0.0006604799999999999;0.00037376;0.0006277120000000001;0.000770048;0.0004956159999999999;0.0006963200000000001;0.000643072;0.000557056;0.000714752;0.000628736;0.0007086080000000001
1777809600,hdr,0.0293;0.03906;0.04883;0.05859;0.06836;0.07813;0.08789;0.09766;0.10742;0.11719;0.12695;0.13672;0.14648;0.15625;0.16602;0.17578;0.18555;0.19531;0.20508;0.21484;0.22461;0.23438;0.24414;0.25391;0.26367;0.27344;0.2832;0.29297;0.30273;0.3125;0.32227;0.33203;0.3418;0.35156;0.36133;0.37109;0.38086;0.39063;0.40039;0.41016;0.41992;0.42969;0.43945;0.44922;0.45898;0.46875;0.47852;0.48828;0.49805;0.50781;0.51758;0.52734;0.53711;0.54688;0.55664;0.56641;0.57617;0.58594;0.5957;0.60547;0.61523;0.625;0.63477;0.64453;0.6543;0.66406;0.67383;0.68359;0.69336;0.70313;0.71289;0.72266;0.73242;0.74219;0.75195;0.76172;0.77148;0.78125;0.79102,0.0039034879999999997;0.009588736;0.016124928;0.030724096;0.045241343999999996;0.097512448;0.32817049600000003;0.46768128000000003;0.32210944;0.262628352;0.116342784;0.031594496;0.015225856;0.015297535999999999;0.01495552;0.015297535999999999;0.017675264;0.020947968;0.026737663999999998;0.028747776000000003;0.032106496;0.04485427200000001;0.027174912;0.023927808;0.016730112;0.012047359999999998;0.013321216;0.013077503999999998;0.015239167999999999;0.009870335999999999;0.006510592;0.008375296;0.009777152;0.008126464;0.0041472;0.0037877759999999996;0.004614144;0.003207168;0.002927616;0.00312832;0.002907136;0.001903616;0.001632256;0.002604032;0.0018083840000000001;0.0014786559999999999;0.0017152;0.0010291200000000001;0.001118208;0.001412096;0.001610752;0.00153088;0.0018288640000000001;0.002060288;0.001998848;0.000924672;0.0008765439999999999;0.000984064;0.00119296;0.001133568;0.0009461760000000001;0.001086464;0.00110592;0.000768;0.000896;0.000754688;0.000917504;0.001138688;0.0009625599999999999;0.000751616;0.000766976;0.00117248;0.0011356159999999999;0.0006737919999999999;0.000420864;0.00047718399999999996;0.000545792;0.000606208;0.0005713920000000001
1777810500,hdr,0.0293;0.03906;0.04883;0.05859;0.06836;0.07813;0.08789;0.09766;0.10742;0.11719;0.12695;0.13672;0.14648;0.15625;0.16602;0.17578;0.18555;0.19531;0.20508;0.21484;0.22461;0.23438;0.24414;0.25391;0.26367;0.27344;0.2832;0.29297;0.30273;0.3125;0.32227;0.33203;0.3418;0.35156;0.36133;0.37109;0.38086;0.39063;0.40039;0.41016;0.41992;0.42969;0.43945;0.44922;0.45898;0.46875;0.47852;0.48828;0.49805;0.50781;0.51758;0.52734;0.53711;0.54688;0.55664;0.56641;0.57617;0.58594;0.5957;0.60547;0.61523;0.625;0.63477;0.64453;0.6543;0.66406;0.67383;0.68359;0.69336;0.70313;0.71289;0.72266;0.73242;0.74219;0.75195;0.76172;0.77148;0.78125;0.79102,0.011962368000000001;0.020898816;0.026758144;0.045362176;0.043568128000000005;0.057694208000000004;0.21275648;0.43551232;0.6485964800000001;0.344556544;0.09782067200000001;0.04621824;0.016994304000000002;0.013703168;0.01857024;0.0279808;0.033246208000000006;0.037817343999999996;0.038894592000000006;0.037654528;0.024774656;0.036895744;0.036243456;0.027582464;0.01806336;0.007219199999999999;0.010529792000000001;0.015611904;0.012257279999999999;0.00571904;0.006047744;0.007134208;0.00643584;0.0055408639999999995;0.0044103680000000004;0.004939776;0.00571392;0.0043182080000000005;0.003456;0.002742272;0.002905088;0.002692096;0.0021227520000000003;0.001618944;0.0030371839999999996;0.0029573119999999997;0.00160768;0.0010680320000000002;0.001210368;0.0014929920000000003;0.0008622079999999999;0.000941056;0.0013148160000000001;0.0014991359999999999;0.0011468799999999999;0.000932864;0.001258496;0.0009943039999999999;0.001108992;0.0013475839999999998;0.000978944;0.000738304;0.000638976;0.0008622079999999999;0.001210368;0.001199104;0.000987136;0.0009523200000000001;0.0008622079999999999;0.0006789119999999999;0.0007280640000000001;0.000927744;0.00091648;0.000781312;0.00067584;0.0005918719999999999;0.0006225919999999999;0.0006963200000000001;0.0009144320000000001
1777811400,hdr,0.0293;0.03906;0.04883;0.05859;0.06836;0.07813;0.08789;0.09766;0.10742;0.11719;0.12695;0.13672;0.14648;0.15625;0.16602;0.17578;0.18555;0.19531;0.20508;0.21484;0.22461;0.23438;0.24414;0.25391;0.26367;0.27344;0.2832;0.29297;0.30273;0.3125;0.32227;0.33203;0.3418;0.35156;0.36133;0.37109;0.38086;0.39063;0.40039;0.41016;0.41992;0.42969;0.43945;0.44922;0.45898;0.46875;0.47852;0.48828;0.49805;0.50781;0.51758;0.52734;0.53711;0.54688;0.55664;0.56641;0.57617;0.58594;0.5957;0.60547;0.61523;0.625;0.63477;0.64453;0.6543;0.66406;0.67383;0.68359;0.69336;0.70313;0.71289;0.72266;0.73242;0.74219;0.75195;0.76172;0.77148;0.78125;0.79102,0.008153088000000001;0.021486592000000002;0.025331712;0.041742336000000005;0.033529856;0.12919603200000002;0.409356288;0.34610073599999996;0.35958988799999997;0.31220223999999996;0.16095334399999997;0.08432947199999999;0.037507072;0.014449664000000001;0.0123136;0.014239744;0.027514880000000002;0.032221184;0.032917504;0.035821568;0.040652799999999996;0.041828352;0.039140351999999996;0.02533376;0.023272448;0.01324544;0.006931456;0.0068577280000000004;0.006213631999999999;0.007805952;0.0069273600000000005;0.007058432;0.005915648;0.003972096;0.00370176;0.003780608;0.004478976000000001;0.00516608;0.003349504;0.004704256;0.00538624;0.00262656;0.0021248;0.0009318400000000001;0.0009758719999999999;0.0013312;0.001600512;0.00203264;0.001714176;0.0016670720000000001;0.001917952;0.000918528;0.00082944;0.0009359360000000001;0.0011919360000000002;0.0014827520000000002;0.0011448320000000001;0.001184768;0.0016148479999999999;0.0013660159999999998;0.001119232;0.0013639680000000001;0.0012032;0.001195008;0.001234944;0.0007290879999999999;0.000679936;0.00057856;0.000610304;0.000858112;0.000601088;0.0006963200000000001;0.0007925759999999999;0.0009523200000000001;0.00047616000000000005;0.000482304;0.000647168;0.000539648;0.000579584
1777812300,hdr,0.0293;0.03906;0.04883;0.05859;0.06836;0.07813;0.08789;0.09766;0.10742;0.11719;0.12695;0.13672;0.14648;0.15625;0.16602;0.17578;0.18555;0.19531;0.20508;0.21484;0.22461;0.23438;0.24414;0.25391;0.26367;0.27344;0.2832;0.29297;0.30273;0.3125;0.32227;0.33203;0.3418;0.35156;0.36133;0.37109;0.38086;0.39063;0.40039;0.41016;0.41992;0.42969;0.43945;0.44922;0.45898;0.46875;0.47852;0.48828;0.49805;0.50781;0.51758;0.52734;0.53711;0.54688;0.55664;0.56641;0.57617;0.58594;0.5957;0.60547;0.61523;0.625;0.63477;0.64453;0.6543;0.66406;0.67383;0.68359;0.69336;0.70313;0.71289;0.72266;0.73242;0.74219;0.75195;0.76172;0.77148;0.78125;0.79102,0.006193152;0.015587328;0.026105856;0.07260774399999999;0.049415167999999995;0.077318144;0.185585664;0.36969472000000003;0.449201152;0.382666752;0.20106752;0.05104435200000001;0.02634752;0.02225664;0.017224703999999997;0.018139136000000004;0.02066432;0.031100928;0.037402624;0.04189696;0.043710464;0.039812096;0.022061056;0.013733888000000001;0.014073856;0.008188928000000002;0.010027008;0.009484287999999999;0.006884352;0.006509568;0.005276672;0.004368384;0.003894272;0.004396032;0.004306943999999999;0.0034754559999999996;0.002332672;0.002368512;0.0035399679999999997;0.004088832;0.003141632;0.0028416;0.003021824;0.002494464;0.0014336;0.0014581759999999998;0.00275968;0.003004416;0.002484224;0.0030607359999999997;0.0019660800000000003;0.0013322240000000001;0.001119232;0.001685504;0.0019517439999999998;0.0011970559999999997;0.0007772160000000001;0.0008151040000000001;0.0007772160000000001;0.000999424;0.0010936319999999998;0.001330176;0.0019968;0.001519616;0.0011601919999999998;0.0012072959999999998;0.001165312;0.0010250239999999998;0.0013312;0.001555456;0.001092608;0.000720896;0.000553984;0.000743424;0.00079872;0.000653312;0.00039628799999999996;0.000349184;0.000557056
1777813200,hdr,0.0293;0.03906;0.04883;0.05859;0.06836;0.07813;0.08789;0.09766;0.10742;0.11719;0.12695;0.13672;0.14648;0.15625;0.16602;0.17578;0.18555;0.19531;0.20508;0.21484;0.22461;0.23438;0.24414;0.25391;0.26367;0.27344;0.2832;0.29297;0.30273;0.3125;0.32227;0.33203;0.3418;0.35156;0.36133;0.37109;0.38086;0.39063;0.40039;0.41016;0.41992;0.42969;0.43945;0.44922;0.45898;0.46875;0.47852;0.48828;0.49805;0.50781;0.51758;0.52734;0.53711;0.54688;0.55664;0.56641;0.57617;0.58594;0.5957;0.60547;0.61523;0.625;0.63477;0.64453;0.6543;0.66406;0.67383;0.68359;0.69336;0.70313;0.71289;0.72266;0.73242;0.74219;0.75195;0.76172;0.77148;0.78125;0.79102,0.002612224;0.017534975999999997;0.023366656;0.0198144;0.03858944;0.101175296;0.2276352;0.430340096;0.46056959999999997;0.335791104;0.219830272;0.113821696;0.041363456;0.021771264;0.016077824;0.01340928;0.027374592;0.041581568;0.043685888;0.04335718399999999;0.051349504000000004;0.03398144;0.018853888000000003;0.012150784;0.014846976000000001;0.010313728;0.010349568;0.012301312;0.010033152;0.008979456;0.006884352;0.00430592;0.004457472;0.003002368;0.0023889920000000004;0.0031539199999999997;0.004000768;0.00331776;0.002185216;0.002026496;0.002809856;0.003621888;0.0016988160000000001;0.001302528;0.002671616;0.002229248;0.0009768959999999999;0.001420288;0.002004992;0.001910784;0.001757184;0.0013219840000000002;0.000963584;0.000941056;0.0013895679999999999;0.0011714560000000002;0.000841728;0.000796672;0.0009943039999999999;0.0006092800000000001;0.000603136;0.000734208;0.001147904;0.00113152;0.0008468480000000001;0.0012451839999999999;0.0010209280000000002;0.000719872;0.000594944;0.000878592;0.00091648;0.000917504;0.000656384;0.000590848;0.000733184;0.000662528;0.000611328;0.000502784;0.00047411199999999995
1777814100,hdr,0.0293;0.03906;0.04883;0.05859;0.06836;0.07813;0.08789;0.09766;0.10742;0.11719;0.12695;0.13672;0.14648;0.15625;0.16602;0.17578;0.18555;0.19531;0.20508;0.21484;0.22461;0.23438;0.24414;0.25391;0.26367;0.27344;0.2832;0.29297;0.30273;0.3125;0.32227;0.33203;0.3418;0.35156;0.36133;0.37109;0.38086;0.39063;0.40039;0.41016;0.41992;0.42969;0.43945;0.44922;0.45898;0.46875;0.47852;0.48828;0.49805;0.50781;0.51758;0.52734;0.53711;0.54688;0.55664;0.56641;0.57617;0.58594;0.5957;0.60547;0.61523;0.625;0.63477;0.64453;0.6543;0.66406;0.67383;0.68359;0.69336;0.70313;0.71289;0.72266;0.73242;0.74219;0.75195;0.76172;0.77148;0.78125;0.79102,0.010097664000000001;0.035929088000000005;0.042436608;0.019173376;0.024433664;0.091039744;0.44241408000000004;0.453805056;0.37238579199999994;0.405356544;0.300996608;0.12445695999999999;0.042307583999999995;0.026802176;0.013768704;0.02220032;0.028109824000000002;0.027292671999999997;0.031874048;0.027610112000000003;0.030056448;0.025273344;0.009231360000000001;0.011236352000000002;0.015572991999999999;0.012673024;0.009299967999999999;0.00699904;0.006150144000000001;0.007042048;0.00627712;0.004117504;0.0035450879999999996;0.0036239360000000003;0.004146176;0.004135936;0.003500032;0.0017858560000000002;0.002458624;0.00366592;0.0032256;0.00244736;0.001559552;0.001399808;0.001301504;0.00232448;0.002931712;0.0022067199999999997;0.0023439359999999996;0.001477632;0.001288192;0.001165312;0.0016670720000000001;0.0014940160000000001;0.0009523200000000001;0.0012994559999999998;0.000966656;0.0007188480000000001;0.000863232;0.000674816;0.000646144;0.001099776;0.001466368;0.0010178560000000001;0.000605184;0.000592896;0.000611328;0.000687104;0.00046080000000000003;0.000468992;0.000733184;0.001165312;0.001312768;0.0014991359999999999;0.0012042239999999998;0.000776192;0.000978944;0.001225728;0.00068608
1777815000,hdr,0.0293;0.03906;0.04883;0.05859;0.06836;0.07813;0.08789;0.09766;0.10742;0.11719;0.12695;0.13672;0.14648;0.15625;0.16602;0.17578;0.18555;0.19531;0.20508;0.21484;0.22461;0.23438;0.24414;0.25391;0.26367;0.27344;0.2832;0.29297;0.30273;0.3125;0.32227;0.33203;0.3418;0.35156;0.36133;0.37109;0.38086;0.39063;0.40039;0.41016;0.41992;0.42969;0.43945;0.44922;0.45898;0.46875;0.47852;0.48828;0.49805;0.50781;0.51758;0.52734;0.53711;0.54688;0.55664;0.56641;0.57617;0.58594;0.5957;0.60547;0.61523;0.625;0.63477;0.64453;0.6543;0.66406;0.67383;0.68359;0.69336;0.70313;0.71289;0.72266;0.73242;0.74219;0.75195;0.76172;0.77148;0.78125;0.79102,0.009449472;0.021044223999999997;0.025936896;0.037042175999999996;0.033119232;0.066371584;0.33028505599999997;0.6596362239999999;0.5064744959999999;0.241818624;0.21848678400000002;0.11350323200000001;0.036612096;0.017424383999999998;0.0123648;0.018920448;0.033183744;0.032668672;0.02412544;0.013756415999999999;0.027572224;0.025430016;0.027629568;0.015501312;0.010909696;0.016429056;0.017631232;0.010718208;0.010904576000000001;0.009102335999999999;0.0060958720000000004;0.005692416;0.004881408;0.004757504;0.005404671999999999;0.0044451840000000005;0.003565568;0.00427008;0.004491264;0.003480576;0.002499584;0.003059712;0.003703808;0.002456576;0.002673664;0.002185216;0.00195584;0.001373184;0.001774592;0.002542592;0.0019455999999999998;0.00159232;0.0014827520000000002;0.0012247039999999999;0.0013905920000000002;0.001865728;0.000985088;0.0013639680000000001;0.0013824;0.0008704;0.00065536;0.001281024;0.0015206400000000002;0.001041408;0.000611328;0.000823296;0.000785408;0.001217536;0.00116224;0.000986112;0.0010178560000000001;0.000795648;0.0012728319999999998;0.001041408;0.00129024;0.0010455039999999998;0.0008458240000000001;0.0011704320000000001;0.0017408
1777815900,hdr,0.0293;0.03906;0.04883;0.05859;0.06836;0.07813;0.08789;0.09766;0.10742;0.11719;0.12695;0.13672;0.14648;0.15625;0.16602;0.17578;0.18555;0.19531;0.20508;0.21484;0.22461;0.23438;0.24414;0.25391;0.26367;0.27344;0.2832;0.29297;0.30273;0.3125;0.32227;0.33203;0.3418;0.35156;0.36133;0.37109;0.38086;0.39063;0.40039;0.41016;0.41992;0.42969;0.43945;0.44922;0.45898;0.46875;0.47852;0.48828;0.49805;0.50781;0.51758;0.52734;0.53711;0.54688;0.55664;0.56641;0.57617;0.58594;0.5957;0.60547;0.61523;0.625;0.63477;0.64453;0.6543;0.66406;0.67383;0.68359;0.69336;0.70313;0.71289;0.72266;0.73242;0.74219;0.75195;0.76172;0.77148;0.78125;0.79102,0.007168;0.010830848;0.008359936;0.014089216;0.033896447999999996;0.127343616;0.260736;0.20604108799999998;0.348868608;0.26517913600000004;0.20424704000000002;0.113874944;0.046925824;0.022227968;0.021367808000000002;0.018471935999999998;0.01742848;0.019955712;0.015327232;0.02335744;0.03731251199999999;0.026851327999999997;0.014124032;0.016108544;0.015992832000000002;0.006207488;0.006664192;0.012809215999999998;0.00838656;0.0044922880000000005;0.0040345599999999995;0.0032296959999999998;0.003910656;0.004447232;0.00613888;0.007275520000000001;0.00726528;0.005813247999999999;0.004832256;0.003263488;0.0029573119999999997;0.003526656;0.0037898240000000002;0.003716096;0.0037027839999999998;0.00210944;0.00245248;0.003453952;0.002280448;0.001536;0.0024811519999999995;0.002725888;0.0022855680000000004;0.001574912;0.00097792;0.000873472;0.000951296;0.000816128;0.00109056;0.001461248;0.0013557760000000002;0.0009912319999999999;0.0014274560000000001;0.001256448;0.001156096;0.0013209599999999997;0.000852992;0.001248256;0.00118784;0.001036288;0.0012554240000000002;0.0008345599999999999;0.000753664;0.001726464;0.001313792;0.001099776;0.0013926400000000001;0.0015667199999999997;0.0017858560000000002
1777816800,hdr,0.0293;0.03906;0.04883;0.05859;0.06836;0.07813;0.08789;0.09766;0.10742;0.11719;0.12695;0.13672;0.14648;0.15625;0.16602;0.17578;0.18555;0.19531;0.20508;0.21484;0.22461;0.23438;0.24414;0.25391;0.26367;0.27344;0.2832;0.29297;0.30273;0.3125;0.32227;0.33203;0.3418;0.35156;0.36133;0.37109;0.38086;0.39063;0.40039;0.41016;0.41992;0.42969;0.43945;0.44922;0.45898;0.46875;0.47852;0.48828;0.49805;0.50781;0.51758;0.52734;0.53711;0.54688;0.55664;0.56641;0.57617;0.58594;0.5957;0.60547;0.61523;0.625;0.63477;0.64453;0.6543;0.66406;0.67383;0.68359;0.69336;0.70313;0.71289;0.72266;0.73242;0.74219;0.75195;0.76172;0.77148;0.78125;0.79102,0.0055459839999999995;0.009960448;0.010170368;0.022484992;0.02617856;0.06508544000000001;0.29030195200000003;0.393769984;0.5399101439999999;0.32918016;0.213281792;0.180763648;0.09052672;0.024231936000000003;0.014899200000000001;0.022065152;0.025076736000000002;0.0192256;0.019542016;0.021861376000000002;0.024696832000000002;0.029315072;0.021649408;0.01548288;0.010799103999999999;0.010012672;0.009267200000000001;0.008645632000000002;0.009801728000000001;0.0062924800000000005;0.004790272;0.0039649279999999995;0.00651776;0.005226496;0.0033884159999999996;0.005597184;0.003709952;0.002425856;0.0037345280000000004;0.002482176;0.002564096;0.0034672640000000003;0.00370176;0.0028723200000000003;0.0020879360000000003;0.0023173119999999998;0.002423808;0.002045952;0.0028917760000000004;0.002811904;0.001934336;0.002147328;0.0018841600000000002;0.001560576;0.0013680639999999998;0.001668096;0.0015779840000000002;0.001770496;0.00177152;0.001155072;0.001101824;0.001383424;0.001206272;0.000841728;0.000980992;0.000924672;0.00104448;0.0010608640000000001;0.0009943039999999999;0.001253376;0.001024;0.0012462080000000002;0.001639424;0.001641472;0.001422336;0.001917952;0.002102272;0.00249344;0.0028190719999999997
1777817700,hdr,0.0293;0.03906;0.04883;0.05859;0.06836;0.07813;0.08789;0.09766;0.10742;0.11719;0.12695;0.13672;0.14648;0.15625;0.16602;0.17578;0.18555;0.19531;0.20508;0.21484;0.22461;0.23438;0.24414;0.25391;0.26367;0.27344;0.2832;0.29297;0.30273;0.3125;0.32227;0.33203;0.3418;0.35156;0.36133;0.37109;0.38086;0.39063;0.40039;0.41016;0.41992;0.42969;0.43945;0.44922;0.45898;0.46875;0.47852;0.48828;0.49805;0.50781;0.51758;0.52734;0.53711;0.54688;0.55664;0.56641;0.57617;0.58594;0.5957;0.60547;0.61523;0.625;0.63477;0.64453;0.6543;0.66406;0.67383;0.68359;0.69336;0.70313;0.71289;0.72266;0.73242;0.74219;0.75195;0.76172;0.77148;0.78125;0.79102,0.003145728;0.008777727999999999;0.015756288;0.027383807999999996;0.042042368000000004;0.10811392;0.319671296;0.39198617599999996;0.345324544;0.15074611200000002;0.130054144;0.134857728;0.077894656;0.024435712;0.016407552;0.021668864;0.022188032;0.017410047999999997;0.031557632;0.02680832;0.018779136000000002;0.021143552;0.017794048;0.01092608;0.012285952;0.015115264;0.0123648;0.010850304;0.008265728;0.005044224;0.004530176;0.004948991999999999;0.00475136;0.004508671999999999;0.004108288;0.004827136;0.005349376;0.0035532800000000002;0.004501504;0.0030832639999999996;0.002177024;0.004083712000000001;0.00295424;0.0027863040000000003;0.003277824;0.002958336;0.0013148160000000001;0.000694272;0.001227776;0.001750016;0.001288192;0.001467392;0.001605632;0.001787904;0.001153024;0.001316864;0.000999424;0.001154048;0.0012912639999999999;0.0018196479999999999;0.0014847999999999999;0.001011712;0.0006993920000000001;0.000869376;0.000939008;0.000949248;0.001221632;0.00119808;0.0017807360000000002;0.0021329920000000002;0.00068608;0.0009297919999999999;0.0012318720000000002;0.0010209280000000002;0.000818176;0.0009594880000000001;0.001559552;0.00165376;0.00171008
1777818600,hdr,0.0293;0.03906;0.04883;0.05859;0.06836;0.07813;0.08789;0.09766;0.10742;0.11719;0.12695;0.13672;0.14648;0.15625;0.16602;0.17578;0.18555;0.19531;0.20508;0.21484;0.22461;0.23438;0.24414;0.25391;0.26367;0.27344;0.2832;0.29297;0.30273;0.3125;0.32227;0.33203;0.3418;0.35156;0.36133;0.37109;0.38086;0.39063;0.40039;0.41016;0.41992;0.42969;0.43945;0.44922;0.45898;0.46875;0.47852;0.48828;0.49805;0.50781;0.51758;0.52734;0.53711;0.54688;0.55664;0.56641;0.57617;0.58594;0.5957;0.60547;0.61523;0.625;0.63477;0.64453;0.6543;0.66406;0.67383;0.68359;0.69336;0.70313;0.71289;0.72266;0.73242;0.74219;0.75195;0.76172;0.77148;0.78125;0.79102,0.007170048000000001;0.010996736;0.006127616;0.018583552;0.024677376;0.062669824;0.228969472;0.24416460799999998;0.20849254400000003;0.159368192;0.17764966399999998;0.167114752;0.064512;0.041988095999999996;0.016310272;0.017517568;0.014536704;0.014347263999999998;0.011409408000000001;0.01747456;0.015997952;0.015187968;0.014119936;0.010663935999999999;0.008508416000000001;0.007066624;0.007641088;0.007712768;0.004369408;0.0035276800000000005;0.0043284479999999995;0.004168704;0.004513791999999999;0.004463616;0.003687424;0.003890176;0.005535744;0.004345856;0.002733056;0.002174976;0.003171328;0.003223552;0.001722368;0.0019773440000000002;0.0026368000000000003;0.0017377279999999998;0.002587648;0.0027013120000000004;0.003295232;0.002275328;0.0016732160000000002;0.002542592;0.002115584;0.0026849280000000005;0.002379776;0.002097152;0.0023347199999999998;0.0014991359999999999;0.0011694079999999998;0.0010516479999999999;0.001127424;0.0009461760000000001;0.0010516479999999999;0.001277952;0.0013322240000000001;0.001027072;0.000756736;0.001385472;0.0017244159999999999;0.001234944;0.0009216000000000001;0.001902592;0.001979392;0.001959936;0.001729536;0.0018083840000000001;0.0022855680000000004;0.0017121280000000003;0.002627584
1777819500,hdr,0.0293;0.03906;0.04883;0.05859;0.06836;0.07813;0.08789;0.09766;0.10742;0.11719;0.12695;0.13672;0.14648;0.15625;0.16602;0.17578;0.18555;0.19531;0.20508;0.21484;0.22461;0.23438;0.24414;0.25391;0.26367;0.27344;0.2832;0.29297;0.30273;0.3125;0.32227;0.33203;0.3418;0.35156;0.36133;0.37109;0.38086;0.39063;0.40039;0.41016;0.41992;0.42969;0.43945;0.44922;0.45898;0.46875;0.47852;0.48828;0.49805;0.50781;0.51758;0.52734;0.53711;0.54688;0.55664;0.56641;0.57617;0.58594;0.5957;0.60547;0.61523;0.625;0.63477;0.64453;0.6543;0.66406;0.67383;0.68359;0.69336;0.70313;0.71289;0.72266;0.73242;0.74219;0.75195;0.76172;0.77148;0.78125;0.79102,0.00623104;0.02146304;0.026930176;0.033564672;0.031442944;0.09400524799999999;0.218771456;0.238553088;0.24799948800000002;0.280254464;0.211584;0.108232704;0.04626432;0.025728;0.01862656;0.011934720000000001;0.014365696;0.026377216000000002;0.035067904;0.021768192;0.009375743999999998;0.012767232;0.016524287999999998;0.011900928;0.00910848;0.0076288;0.006659072;0.007904256;0.006204416;0.0041809920000000006;0.0036362239999999995;0.003473408;0.0037375999999999998;0.003171328;0.001891328;0.0027136;0.00397312;0.003649536;0.001913856;0.0018432000000000001;0.0022886399999999998;0.0022425599999999998;0.002425856;0.0022568959999999996;0.0024104960000000003;0.002568192;0.0022896640000000003;0.001861632;0.002272256;0.001645568;0.001472512;0.001302528;0.0009973760000000001;0.00091136;0.000758784;0.000858112;0.001519616;0.001531904;0.00176128;0.001352704;0.0017489920000000002;0.001166336;0.001476608;0.001906688;0.001792;0.00169472;0.002036736;0.001978368;0.001558528;0.00180736;0.002766848;0.003267584;0.00422912;0.003369984;0.004620288;0.0056350720000000005;0.005988352;0.0052541440000000005;0.0055296
1777820400,hdr,0.0293;0.03906;0.04883;0.05859;0.06836;0.07813;0.08789;0.09766;0.10742;0.11719;0.12695;0.13672;0.14648;0.15625;0.16602;0.17578;0.18555;0.19531;0.20508;0.21484;0.22461;0.23438;0.24414;0.25391;0.26367;0.27344;0.2832;0.29297;0.30273;0.3125;0.32227;0.33203;0.3418;0.35156;0.36133;0.37109;0.38086;0.39063;0.40039;0.41016;0.41992;0.42969;0.43945;0.44922;0.45898;0.46875;0.47852;0.48828;0.49805;0.50781;0.51758;0.52734;0.53711;0.54688;0.55664;0.56641;0.57617;0.58594;0.5957;0.60547;0.61523;0.625;0.63477;0.64453;0.6543;0.66406;0.67383;0.68359;0.69336;0.70313;0.71289;0.72266;0.73242;0.74219;0.75195;0.76172;0.77148;0.78125;0.79102,0.0063774719999999995;0.014546944;0.015956992;0.030383104;0.033771520000000006;0.055877631999999997;0.198310912;0.25923481600000003;0.245561344;0.22797209599999999;0.180729856;0.129273856;0.064796672;0.033449984;0.016845824;0.014238720000000002;0.013017088;0.007641088;0.006431744;0.008054783999999999;0.012175359999999998;0.017369088;0.014748671999999999;0.012736511999999998;0.010382336;0.010051584;0.007424;0.005364736;0.006965247999999999;0.005426176;0.005936128;0.005448704;0.0057026559999999995;0.004829183999999999;0.004438016;0.0031098880000000003;0.002528256;0.002458624;0.0034949119999999998;0.003928064;0.002683904;0.00236032;0.0017663999999999998;0.003618816;0.0032839680000000004;0.0019210240000000001;0.001774592;0.0017459199999999998;0.002267136;0.0029163519999999997;0.002174976;0.0010752000000000001;0.001149952;0.0007168;0.001261568;0.001439744;0.0011407359999999998;0.0011837439999999998;0.001426432;0.0013352960000000001;0.0011366400000000002;0.001005568;0.001166336;0.001610752;0.0021667839999999997;0.001860608;0.001529856;0.00199168;0.001789952;0.001507328;0.002102272;0.002361344;0.002322432;0.0033372160000000005;0.006596608;0.005134336000000001;0.003662848;0.00364544;0.00582144
1777821300,hdr,0.0293;0.03906;0.04883;0.05859;0.06836;0.07813;0.08789;0.09766;0.10742;0.11719;0.12695;0.13672;0.14648;0.15625;0.16602;0.17578;0.18555;0.19531;0.20508;0.21484;0.22461;0.23438;0.24414;0.25391;0.26367;0.27344;0.2832;0.29297;0.30273;0.3125;0.32227;0.33203;0.3418;0.35156;0.36133;0.37109;0.38086;0.39063;0.40039;0.41016;0.41992;0.42969;0.43945;0.44922;0.45898;0.46875;0.47852;0.48828;0.49805;0.50781;0.51758;0.52734;0.53711;0.54688;0.55664;0.56641;0.57617;0.58594;0.5957;0.60547;0.61523;0.625;0.63477;0.64453;0.6543;0.66406;0.67383;0.68359;0.69336;0.70313;0.71289;0.72266;0.73242;0.74219;0.75195;0.76172;0.77148;0.78125;0.79102,0.0025907200000000003;0.008530943999999999;0.014540800000000001;0.029881343999999997;0.032858112;0.04468633599999999;0.19419136;0.182045696;0.20678553600000002;0.219363328;0.17931776;0.120539136;0.094652416;0.04052992;0.017939456;0.009875456;0.014780416000000001;0.011806720000000001;0.012094464;0.017431552;0.01712128;0.011370495999999999;0.01069568;0.009969664000000001;0.00780288;0.006739968;0.006327296;0.00489472;0.0035788799999999996;0.004568063999999999;0.006978559999999999;0.005238784;0.003848192;0.004281344;0.004802559999999999;0.00379392;0.0023439359999999996;0.003309568;0.0030945279999999996;0.002497536;0.0034611200000000003;0.003443712;0.002688;0.001695744;0.0012728319999999998;0.00245248;0.0023767040000000003;0.00160256;0.001936384;0.0020572159999999997;0.001552384;0.001257472;0.001462272;0.001152;0.001399808;0.001102848;0.000596992;0.001217536;0.001401856;0.001468416;0.001002496;0.001345536;0.00195072;0.002614272;0.0024545279999999997;0.00316928;0.002799616;0.002356224;0.003299328;0.004172799999999999;0.0037918720000000004;0.004473856;0.005624832;0.00603648;0.005615616;0.00558592;0.004455424;0.0048783360000000005;0.00560128
1777822200,hdr,0.0293;0.03906;0.04883;0.05859;0.06836;0.07813;0.08789;0.09766;0.10742;0.11719;0.12695;0.13672;0.14648;0.15625;0.16602;0.17578;0.18555;0.19531;0.20508;0.21484;0.22461;0.23438;0.24414;0.25391;0.26367;0.27344;0.2832;0.29297;0.30273;0.3125;0.32227;0.33203;0.3418;0.35156;0.36133;0.37109;0.38086;0.39063;0.40039;0.41016;0.41992;0.42969;0.43945;0.44922;0.45898;0.46875;0.47852;0.48828;0.49805;0.50781;0.51758;0.52734;0.53711;0.54688;0.55664;0.56641;0.57617;0.58594;0.5957;0.60547;0.61523;0.625;0.63477;0.64453;0.6543;0.66406;0.67383;0.68359;0.69336;0.70313;0.71289;0.72266;0.73242;0.74219;0.75195;0.76172;0.77148;0.78125;0.79102,0.007079935999999999;0.011162624;0.016434175999999998;0.029504512;0.035014656000000005;0.09516748800000001;0.29415219200000003;0.314834944;0.26139136;0.22702387200000002;0.198376448;0.120144896;0.088672256;0.025648128;0.01582592;0.012783616;0.010907647999999999;0.011368448;0.014155776;0.012785664;0.012880896000000001;0.010340351999999999;0.012010495999999999;0.0056852479999999995;0.005470208000000001;0.008189952;0.007456768;0.0063232;0.004409344;0.00379392;0.003931136;0.006514687999999999;0.00854016;0.006679552000000001;0.004656128;0.003419136;0.003560448;0.004299776;0.00544768;0.004369408;0.00319488;0.002491392;0.0026624;0.002397184;0.0030863360000000003;0.002077696;0.0015144960000000002;0.0013864959999999999;0.001721344;0.00123904;0.0008867839999999999;0.00146432;0.0013578239999999999;0.001011712;0.001133568;0.0017152;0.001705984;0.0017244159999999999;0.0018288640000000001;0.0015943679999999999;0.001601536;0.00254464;0.002614272;0.002801664;0.00236032;0.003365888;0.006055936;0.003263488;0.003889152;0.005407744;0.006646784;0.006607872;0.006719488;0.005660671999999999;0.004704256;0.003584;0.004502528;0.0033351680000000003;0.0033341440000000003
1777823100,hdr,0.0293;0.03906;0.04883;0.05859;0.06836;0.07813;0.08789;0.09766;0.10742;0.11719;0.12695;0.13672;0.14648;0.15625;0.16602;0.17578;0.18555;0.19531;0.20508;0.21484;0.22461;0.23438;0.24414;0.25391;0.26367;0.27344;0.2832;0.29297;0.30273;0.3125;0.32227;0.33203;0.3418;0.35156;0.36133;0.37109;0.38086;0.39063;0.40039;0.41016;0.41992;0.42969;0.43945;0.44922;0.45898;0.46875;0.47852;0.48828;0.49805;0.50781;0.51758;0.52734;0.53711;0.54688;0.55664;0.56641;0.57617;0.58594;0.5957;0.60547;0.61523;0.625;0.63477;0.64453;0.6543;0.66406;0.67383;0.68359;0.69336;0.70313;0.71289;0.72266;0.73242;0.74219;0.75195;0.76172;0.77148;0.78125;0.79102,0.003596288;0.0056832;0.006973440000000001;0.0214016;0.050548736;0.046032896000000004;0.103875584;0.18825523200000002;0.22761881600000003;0.200569856;0.17046323200000002;0.15583641600000003;0.09097011199999999;0.035306496;0.032494591999999996;0.015152127999999999;0.010596351999999998;0.010801152;0.008111104;0.010016768;0.009161728000000001;0.009919487999999999;0.012698624;0.008580095999999999;0.008605696;0.00674304;0.005081088000000001;0.0026531840000000003;0.0045199360000000004;0.006964224;0.007968768;0.006483968;0.00669184;0.0054272;0.0052469759999999996;0.004077568;0.0037273600000000003;0.002879488;0.00190976;0.0024637440000000004;0.0028344320000000004;0.002070528;0.0031313919999999998;0.002997248;0.002390016;0.0026439680000000004;0.00167936;0.0016916480000000002;0.001523712;0.001210368;0.001915904;0.002251776;0.001122304;0.000828416;0.0008458240000000001;0.00113152;0.001032192;0.001999872;0.002569216;0.00215552;0.001536;0.0025415679999999997;0.002845696;0.00359936;0.0036085759999999996;0.002951168;0.00298496;0.00406528;0.0049858559999999994;0.006035456;0.005823488;0.007541760000000001;0.006854656;0.005855232;0.004472832;0.003629056;0.00301056;0.0022302719999999997;0.003175424
1777824000,hdr,0.0293;0.03906;0.04883;0.05859;0.06836;0.07813;0.08789;0.09766;0.10742;0.11719;0.12695;0.13672;0.14648;0.15625;0.16602;0.17578;0.18555;0.19531;0.20508;0.21484;0.22461;0.23438;0.24414;0.25391;0.26367;0.27344;0.2832;0.29297;0.30273;0.3125;0.32227;0.33203;0.3418;0.35156;0.36133;0.37109;0.38086;0.39063;0.40039;0.41016;0.41992;0.42969;0.43945;0.44922;0.45898;0.46875;0.47852;0.48828;0.49805;0.50781;0.51758;0.52734;0.53711;0.54688;0.55664;0.56641;0.57617;0.58594;0.5957;0.60547;0.61523;0.625;0.63477;0.64453;0.6543;0.66406;0.67383;0.68359;0.69336;0.70313;0.71289;0.72266;0.73242;0.74219;0.75195;0.76172;0.77148;0.78125;0.79102,0.0038911999999999996;0.012706816000000001;0.013910016;0.01306112;0.040833024;0.101886976;0.33515212800000005;0.303946752;0.21689856;0.17495449600000001;0.17446912;0.12146790400000002;0.08530124800000001;0.044576768;0.027421696;0.010012672;0.0058890240000000005;0.007053312;0.009170944000000002;0.008845312;0.011057152;0.010024960000000001;0.00766976;0.008829952;0.0069621760000000005;0.008416256;0.00490496;0.003011584;0.003995648;0.004251648;0.003943424;0.004272128000000001;0.0038993920000000002;0.0035532800000000002;0.003900416;0.0038144;0.0022886399999999998;0.002445312;0.0032471040000000002;0.004047872;0.005613568;0.004501504;0.003048448;0.0028538879999999997;0.002477056;0.001655808;0.0016732160000000002;0.0017356799999999999;0.001267712;0.001590272;0.001374208;0.0014940160000000001;0.001086464;0.001161216;0.001033216;0.001139712;0.001403904;0.001325056;0.00103424;0.001006592;0.001635328;0.0013312;0.0015534079999999998;0.001610752;0.0015390719999999998;0.001557504;0.00129024;0.001143808;0.0013199359999999999;0.0021360640000000005;0.00354304;0.002681856;0.001839104;0.002241536;0.002275328;0.002642944;0.002666496;0.0035860479999999997;0.0029419520000000003
1777824900,hdr,0.0293;0.03906;0.04883;0.05859;0.06836;0.07813;0.08789;0.09766;0.10742;0.11719;0.12695;0.13672;0.14648;0.15625;0.16602;0.17578;0.18555;0.19531;0.20508;0.21484;0.22461;0.23438;0.24414;0.25391;0.26367;0.27344;0.2832;0.29297;0.30273;0.3125;0.32227;0.33203;0.3418;0.35156;0.36133;0.37109;0.38086;0.39063;0.40039;0.41016;0.41992;0.42969;0.43945;0.44922;0.45898;0.46875;0.47852;0.48828;0.49805;0.50781;0.51758;0.52734;0.53711;0.54688;0.55664;0.56641;0.57617;0.58594;0.5957;0.60547;0.61523;0.625;0.63477;0.64453;0.6543;0.66406;0.67383;0.68359;0.69336;0.70313;0.71289;0.72266;0.73242;0.74219;0.75195;0.76172;0.77148;0.78125;0.79102,0.005859328;0.01701888;0.024657920000000003;0.027521024;0.034495488000000005;0.047351807999999995;0.16063180800000001;0.169741312;0.133383168;0.197504;0.212215808;0.10839552000000001;0.057593856;0.054405119999999994;0.032019456;0.014121983999999999;0.008066048000000001;0.010702848;0.01097728;0.012489727999999999;0.0108544;0.006794240000000001;0.006238208;0.008641536;0.010949631999999999;0.008863744;0.009690111999999999;0.006848512000000001;0.005355520000000001;0.006188032;0.004504576;0.004620288;0.0071915519999999995;0.004441088;0.0031477759999999997;0.00287744;0.003492864;0.003099648;0.003707904;0.0032471040000000002;0.0019128320000000002;0.00262656;0.003201024;0.001870848;0.002031616;0.0024872960000000004;0.00197632;0.002651136;0.0018831359999999999;0.001452032;0.0011120639999999998;0.001125376;0.0012042239999999998;0.001107968;0.001926144;0.001626112;0.0014561280000000001;0.0017479680000000001;0.0013117439999999999;0.001604608;0.0017121280000000003;0.00164864;0.0017192959999999997;0.0026071040000000003;0.003560448;0.002633728;0.003163136;0.004407296;0.004006912;0.00482304;0.003695616;0.00398848;0.005278720000000001;0.003866624;0.003270656;0.00275968;0.0043806719999999995;0.002855936;0.002250752
1777825800,hdr,0.0293;0.03906;0.04883;0.05859;0.06836;0.07813;0.08789;0.09766;0.10742;0.11719;0.12695;0.13672;0.14648;0.15625;0.16602;0.17578;0.18555;0.19531;0.20508;0.21484;0.22461;0.23438;0.24414;0.25391;0.26367;0.27344;0.2832;0.29297;0.30273;0.3125;0.32227;0.33203;0.3418;0.35156;0.36133;0.37109;0.38086;0.39063;0.40039;0.41016;0.41992;0.42969;0.43945;0.44922;0.45898;0.46875;0.47852;0.48828;0.49805;0.50781;0.51758;0.52734;0.53711;0.54688;0.55664;0.56641;0.57617;0.58594;0.5957;0.60547;0.61523;0.625;0.63477;0.64453;0.6543;0.66406;0.67383;0.68359;0.69336;0.70313;0.71289;0.72266;0.73242;0.74219;0.75195;0.76172;0.77148;0.78125;0.79102,0.0061829120000000005;0.013082624;0.01031168;0.019153919999999998;0.029630464;0.066194432;0.18247987200000002;0.28621824;0.18551296;0.138673152;0.104522752;0.102360064;0.104334336;0.052998144;0.032780288;0.017118208;0.008595456;0.005730304;0.005433344;0.010055680000000001;0.010633216;0.012064768;0.009135104;0.007105536;0.0071065600000000005;0.006077440000000001;0.0044974080000000005;0.006767616;0.007549952;0.006432768;0.006251520000000001;0.005013504;0.0052992;0.0034027519999999998;0.004123648;0.003939328;0.00190976;0.001736704;0.003160064;0.004267008;0.0026449919999999997;0.001928192;0.002696192;0.00261632;0.002766848;0.0025088;0.002102272;0.0028057599999999996;0.00232448;0.001659904;0.00204288;0.001967104;0.0015953919999999997;0.0017039359999999999;0.0016148479999999999;0.0011714560000000002;0.000802816;0.001586176;0.0020254720000000004;0.00193024;0.002244608;0.00198144;0.0027453439999999994;0.003560448;0.003953664;0.00358912;0.003504128;0.0036024319999999996;0.004775936;0.004593664000000001;0.005107712;0.006904832;0.005865472;0.007504896;0.007283712;0.004512768;0.004406272000000001;0.0045670400000000005;0.00285696
1777826700,hdr,0.0293;0.03906;0.04883;0.05859;0.06836;0.07813;0.08789;0.09766;0.10742;0.11719;0.12695;0.13672;0.14648;0.15625;0.16602;0.17578;0.18555;0.19531;0.20508;0.21484;0.22461;0.23438;0.24414;0.25391;0.26367;0.27344;0.2832;0.29297;0.30273;0.3125;0.32227;0.33203;0.3418;0.35156;0.36133;0.37109;0.38086;0.39063;0.40039;0.41016;0.41992;0.42969;0.43945;0.44922;0.45898;0.46875;0.47852;0.48828;0.49805;0.50781;0.51758;0.52734;0.53711;0.54688;0.55664;0.56641;0.57617;0.58594;0.5957;0.60547;0.61523;0.625;0.63477;0.64453;0.6543;0.66406;0.67383;0.68359;0.69336;0.70313;0.71289;0.72266;0.73242;0.74219;0.75195;0.76172;0.77148;0.78125;0.79102,0.0076892160000000005;0.013904896;0.01766912;0.013361152;0.02166272;0.0447232;0.179490816;0.247140352;0.125666304;0.076060672;0.082266112;0.06446387199999999;0.07176601599999999;0.061979648;0.027770879999999998;0.012326912;0.008732672;0.009242624;0.012145664;0.008109056;0.006345728;0.0051599359999999995;0.007473152;0.009029632;0.007401472;0.006024192;0.004857856;0.008169472;0.008016895999999999;0.005436416;0.005625855999999999;0.0075223040000000005;0.005997568;0.003934208;0.0037918720000000004;0.0037621760000000003;0.003167232;0.0036577280000000003;0.0031016959999999997;0.0034385919999999994;0.0033832960000000005;0.002776064;0.001800192;0.0018216959999999998;0.00193024;0.0019496960000000001;0.0013424640000000002;0.002204672;0.0026849280000000005;0.0021032959999999997;0.001395712;0.001055744;0.0012728319999999998;0.002168832;0.001752064;0.000858112;0.0014448640000000001;0.00103936;0.0013752319999999999;0.002105344;0.002221056;0.0031744;0.001861632;0.002417664;0.002829312;0.0036270079999999997;0.003820544;0.003454976;0.003653632;0.004740096;0.006254592;0.004706304;0.005275648;0.005293056;0.005118976;0.0043284479999999995;0.004281344;0.004996095999999999;0.004568063999999999
1777827600,hdr,0.0293;0.03906;0.04883;0.05859;0.06836;0.07813;0.08789;0.09766;0.10742;0.11719;0.12695;0.13672;0.14648;0.15625;0.16602;0.17578;0.18555;0.19531;0.20508;0.21484;0.22461;0.23438;0.24414;0.25391;0.26367;0.27344;0.2832;0.29297;0.30273;0.3125;0.32227;0.33203;0.3418;0.35156;0.36133;0.37109;0.38086;0.39063;0.40039;0.41016;0.41992;0.42969;0.43945;0.44922;0.45898;0.46875;0.47852;0.48828;0.49805;0.50781;0.51758;0.52734;0.53711;0.54688;0.55664;0.56641;0.57617;0.58594;0.5957;0.60547;0.61523;0.625;0.63477;0.64453;0.6543;0.66406;0.67383;0.68359;0.69336;0.70313;0.71289;0.72266;0.73242;0.74219;0.75195;0.76172;0.77148;0.78125;0.79102,0.004216832;0.014363648;0.021301248;0.047464448;0.056285184;0.031343616000000005;0.20675481599999998;0.25480191999999996;0.126554112;0.08191488;0.104672256;0.110302208;0.061697023999999996;0.027549696;0.026718208000000004;0.017732608;0.013588480000000002;0.012535807999999999;0.008168448;0.006222848;0.008977408000000001;0.007928832;0.00769024;0.006761472000000001;0.008182784;0.007730176;0.006930431999999999;0.007093248;0.007281664;0.004560896;0.003968;0.006319104;0.00681984;0.004501504;0.0034611200000000003;0.002733056;0.0020162559999999997;0.0028344320000000004;0.0030750720000000003;0.0028876799999999997;0.00246784;0.002866176;0.001374208;0.001680384;0.002499584;0.0029337599999999997;0.002612224;0.001924096;0.001795072;0.0021524480000000004;0.0013117439999999999;0.002267136;0.00254464;0.0027791359999999998;0.0022405119999999996;0.001181696;0.001799168;0.0023941119999999995;0.00261632;0.0020500479999999996;0.002353152;0.003540992;0.003191808;0.001523712;0.003099648;0.004512768;0.00359936;0.004399104;0.0042485760000000004;0.003939328;0.004946944;0.0069898239999999995;0.008521728;0.007534592;0.008019968;0.010299392;0.009101312;0.004717568;0.003047424
1777828500,hdr,0.0293;0.03906;0.04883;0.05859;0.06836;0.07813;0.08789;0.09766;0.10742;0.11719;0.12695;0.13672;0.14648;0.15625;0.16602;0.17578;0.18555;0.19531;0.20508;0.21484;0.22461;0.23438;0.24414;0.25391;0.26367;0.27344;0.2832;0.29297;0.30273;0.3125;0.32227;0.33203;0.3418;0.35156;0.36133;0.37109;0.38086;0.39063;0.40039;0.41016;0.41992;0.42969;0.43945;0.44922;0.45898;0.46875;0.47852;0.48828;0.49805;0.50781;0.51758;0.52734;0.53711;0.54688;0.55664;0.56641;0.57617;0.58594;0.5957;0.60547;0.61523;0.625;0.63477;0.64453;0.6543;0.66406;0.67383;0.68359;0.69336;0.70313;0.71289;0.72266;0.73242;0.74219;0.75195;0.76172;0.77148;0.78125;0.79102,0.002970624;0.013060096;0.016699392;0.021447679999999997;0.041383936;0.043138048;0.118356992;0.160587776;0.15038259199999998;0.132023296;0.117624832;0.05393305600000001;0.039391232000000005;0.051451904;0.028515328000000003;0.020334592000000002;0.009788416;0.007320576;0.0063723519999999995;0.004277248000000001;0.005732352;0.006644736;0.007469056000000001;0.006936576;0.007323648;0.007914496;0.010351616;0.007225344;0.005898240000000001;0.007728128;0.00614912;0.00493568;0.003953664;0.004004864;0.005918720000000001;0.005636096;0.005216255999999999;0.0040704;0.0035614720000000004;0.00375296;0.004237312;0.003055616;0.0018012159999999998;0.00205312;0.0021606399999999997;0.002390016;0.0022927360000000005;0.0014336;0.0014899199999999998;0.001312768;0.001328128;0.002195456;0.001903616;0.001656832;0.0018575360000000001;0.0020101119999999997;0.0021913600000000003;0.0022394880000000004;0.002076672;0.001610752;0.0023203839999999996;0.00371712;0.0042659840000000004;0.003529728;0.004489216;0.0029184000000000002;0.0046469120000000004;0.004559872;0.00399872;0.00345088;0.004350976;0.0066437119999999995;0.005651455999999999;0.004655103999999999;0.004347904;0.003813376;0.003212288;0.004446208000000001;0.004738048
1777829400,hdr,0.0293;0.03906;0.04883;0.05859;0.06836;0.07813;0.08789;0.09766;0.10742;0.11719;0.12695;0.13672;0.14648;0.15625;0.16602;0.17578;0.18555;0.19531;0.20508;0.21484;0.22461;0.23438;0.24414;0.25391;0.26367;0.27344;0.2832;0.29297;0.30273;0.3125;0.32227;0.33203;0.3418;0.35156;0.36133;0.37109;0.38086;0.39063;0.40039;0.41016;0.41992;0.42969;0.43945;0.44922;0.45898;0.46875;0.47852;0.48828;0.49805;0.50781;0.51758;0.52734;0.53711;0.54688;0.55664;0.56641;0.57617;0.58594;0.5957;0.60547;0.61523;0.625;0.63477;0.64453;0.6543;0.66406;0.67383;0.68359;0.69336;0.70313;0.71289;0.72266;0.73242;0.74219;0.75195;0.76172;0.77148;0.78125;0.79102,0.004640767999999999;0.016592896;0.012456960000000001;0.043964416;0.080929792;0.045810688;0.136556544;0.240830464;0.18737049600000003;0.06887936;0.07721984000000001;0.088583168;0.071642112;0.042631168000000004;0.023582719999999998;0.01370624;0.011143168;0.010942464;0.008538111999999999;0.006971392;0.0073656319999999996;0.010676224;0.008121344;0.006057984000000001;0.008666111999999998;0.010901504;0.006862848;0.005230592;0.0066508800000000005;0.00422912;0.0029255680000000004;0.0034263040000000002;0.003966976;0.005665791999999999;0.005919743999999999;0.0054138879999999995;0.006203391999999999;0.004797439999999999;0.003008512;0.002331648;0.003160064;0.003576832;0.0036976640000000002;0.002688;0.001559552;0.0020254720000000004;0.002086912;0.00181248;0.0014243840000000001;0.0017848319999999999;0.002610176;0.002295808;0.00143872;0.00150528;0.002341888;0.00182272;0.0009912319999999999;0.00134656;0.0014745600000000002;0.0012113920000000002;0.0010014719999999998;0.00101376;0.0009912319999999999;0.0015165439999999999;0.001165312;0.001317888;0.0018944;0.00230912;0.00202752;0.001742848;0.0021411840000000004;0.0023203839999999996;0.001678336;0.001778688;0.0026951679999999995;0.00262144;0.003232768;0.001685504;0.001687552
1777830300,hdr,0.0293;0.03906;0.04883;0.05859;0.06836;0.07813;0.08789;0.09766;0.10742;0.11719;0.12695;0.13672;0.14648;0.15625;0.16602;0.17578;0.18555;0.19531;0.20508;0.21484;0.22461;0.23438;0.24414;0.25391;0.26367;0.27344;0.2832;0.29297;0.30273;0.3125;0.32227;0.33203;0.3418;0.35156;0.36133;0.37109;0.38086;0.39063;0.40039;0.41016;0.41992;0.42969;0.43945;0.44922;0.45898;0.46875;0.47852;0.48828;0.49805;0.50781;0.51758;0.52734;0.53711;0.54688;0.55664;0.56641;0.57617;0.58594;0.5957;0.60547;0.61523;0.625;0.63477;0.64453;0.6543;0.66406;0.67383;0.68359;0.69336;0.70313;0.71289;0.72266;0.73242;0.74219;0.75195;0.76172;0.77148;0.78125;0.79102,0.003663872;0.013912064;0.019231744;0.034642944;0.074184704;0.03219558399999999;0.08966041599999999;0.216704;0.179579904;0.09819340800000001;0.072999936;0.062211072;0.07941017600000001;0.043317248;0.02260992;0.017202176000000003;0.01322496;0.008469504000000001;0.008650752000000001;0.008464384;0.0068505599999999995;0.00822784;0.005862399999999999;0.010422272;0.012521472;0.011557888;0.010550272;0.010268672000000001;0.005354496;0.005679103999999999;0.006075392;0.00740864;0.005896192;0.0044206079999999995;0.00462336;0.004384768;0.0054190079999999995;0.0039301119999999995;0.003207168;0.0027893759999999997;0.0031928320000000005;0.003567616;0.002879488;0.003096576;0.0031375360000000002;0.002038784;0.00169472;0.001416192;0.001722368;0.0024852480000000002;0.0023459839999999997;0.0015390719999999998;0.001086464;0.000945152;0.000861184;0.001384448;0.001866752;0.001306624;0.0014919679999999998;0.001400832;0.00141824;0.001893376;0.0014438399999999998;0.002031616;0.003136512;0.002435072;0.002205696;0.002548736;0.002251776;0.0030627840000000003;0.003464192;0.0022640639999999997;0.00357376;0.0035942400000000003;0.002060288;0.0036864000000000003;0.004323328;0.003129344;0.0035645440000000002
1777831200,hdr,0.0293;0.03906;0.04883;0.05859;0.06836;0.07813;0.08789;0.09766;0.10742;0.11719;0.12695;0.13672;0.14648;0.15625;0.16602;0.17578;0.18555;0.19531;0.20508;0.21484;0.22461;0.23438;0.24414;0.25391;0.26367;0.27344;0.2832;0.29297;0.30273;0.3125;0.32227;0.33203;0.3418;0.35156;0.36133;0.37109;0.38086;0.39063;0.40039;0.41016;0.41992;0.42969;0.43945;0.44922;0.45898;0.46875;0.47852;0.48828;0.49805;0.50781;0.51758;0.52734;0.53711;0.54688;0.55664;0.56641;0.57617;0.58594;0.5957;0.60547;0.61523;0.625;0.63477;0.64453;0.6543;0.66406;0.67383;0.68359;0.69336;0.70313;0.71289;0.72266;0.73242;0.74219;0.75195;0.76172;0.77148;0.78125;0.79102,0.004988928;0.007914496;0.010211327999999999;0.01952768;0.069781504;0.064325632;0.154832896;0.18528767999999998;0.12404019200000001;0.11960934399999999;0.122507264;0.108081152;0.059512832;0.03727872;0.024766464;0.015824896;0.012203008;0.005581824000000001;0.003267584;0.009730048;0.007812096;0.00622592;0.006663168;0.005817344;0.01044992;0.009956352;0.006914048;0.0061706239999999996;0.006535168;0.010062848;0.008180736;0.005679103999999999;0.005501952;0.006772736;0.005705728;0.00405504;0.0040642560000000005;0.005026816;0.005347328;0.005804032;0.004933632;0.0037273600000000003;0.003649536;0.004451328;0.003073024;0.0017459199999999998;0.001430528;0.00207872;0.002139136;0.001527808;0.001649664;0.002250752;0.0015544320000000001;0.001349632;0.001729536;0.001624064;0.001519616;0.0013946879999999998;0.001243136;0.0013148160000000001;0.001293312;0.0009727999999999999;0.0014233599999999998;0.001490944;0.001374208;0.001265664;0.0016384000000000001;0.00109056;0.0009564160000000001;0.001452032;0.001441792;0.001258496;0.001446912;0.001250304;0.0017305600000000001;0.001895424;0.002052096;0.001931264;0.0021288960000000003
1777832100,hdr,0.0293;0.03906;0.04883;0.05859;0.06836;0.07813;0.08789;0.09766;0.10742;0.11719;0.12695;0.13672;0.14648;0.15625;0.16602;0.17578;0.18555;0.19531;0.20508;0.21484;0.22461;0.23438;0.24414;0.25391;0.26367;0.27344;0.2832;0.29297;0.30273;0.3125;0.32227;0.33203;0.3418;0.35156;0.36133;0.37109;0.38086;0.39063;0.40039;0.41016;0.41992;0.42969;0.43945;0.44922;0.45898;0.46875;0.47852;0.48828;0.49805;0.50781;0.51758;0.52734;0.53711;0.54688;0.55664;0.56641;0.57617;0.58594;0.5957;0.60547;0.61523;0.625;0.63477;0.64453;0.6543;0.66406;0.67383;0.68359;0.69336;0.70313;0.71289;0.72266;0.73242;0.74219;0.75195;0.76172;0.77148;0.78125;0.79102,0.007657472;0.009220095999999999;0.01016832;0.03213312;0.05644288000000001;0.019517440000000004;0.140246016;0.331896832;0.15582924800000003;0.046155776;0.041064447999999996;0.043334656000000006;0.035355648;0.030031872;0.021331968;0.01392128;0.006352896;0.00982016;0.00626176;0.008321024;0.010651648;0.0067952640000000005;0.008466432;0.009853952;0.008716288;0.0055296;0.007078912000000001;0.007533568;0.005861376000000001;0.005648384;0.0038062079999999997;0.006905856;0.009039872000000001;0.007135232;0.002823168;0.0029573119999999997;0.004257792000000001;0.004257792000000001;0.0027740160000000002;0.00305664;0.0030464;0.0021903359999999998;0.0022015999999999997;0.00167424;0.0025374720000000003;0.002737152;0.002304;0.0022661120000000002;0.002275328;0.00126976;0.0017326079999999998;0.0015697920000000002;0.001757184;0.00205312;0.0018237440000000002;0.001682432;0.00119808;0.001074176;0.00133632;0.00134144;0.0019466239999999999;0.0018216959999999998;0.0009738240000000001;0.001106944;0.0009420800000000001;0.000979968;0.0008202239999999999;0.00088576;0.001042432;0.001134592;0.001284096;0.0017018880000000001;0.001605632;0.002159616;0.00129024;0.0012154879999999998;0.00209408;0.002161664;0.0024104960000000003
1777833000,hdr,0.0293;0.03906;0.04883;0.05859;0.06836;0.07813;0.08789;0.09766;0.10742;0.11719;0.12695;0.13672;0.14648;0.15625;0.16602;0.17578;0.18555;0.19531;0.20508;0.21484;0.22461;0.23438;0.24414;0.25391;0.26367;0.27344;0.2832;0.29297;0.30273;0.3125;0.32227;0.33203;0.3418;0.35156;0.36133;0.37109;0.38086;0.39063;0.40039;0.41016;0.41992;0.42969;0.43945;0.44922;0.45898;0.46875;0.47852;0.48828;0.49805;0.50781;0.51758;0.52734;0.53711;0.54688;0.55664;0.56641;0.57617;0.58594;0.5957;0.60547;0.61523;0.625;0.63477;0.64453;0.6543;0.66406;0.67383;0.68359;0.69336;0.70313;0.71289;0.72266;0.73242;0.74219;0.75195;0.76172;0.77148;0.78125;0.79102,0.003158016;0.016891904;0.018578432000000002;0.048411648;0.07671296;0.04352819199999999;0.147006464;0.327839744;0.169529344;0.07656959999999999;0.07101030400000001;0.06597939200000001;0.041305088;0.015271936;0.023182335999999998;0.0198912;0.008359936;0.005203968;0.0061952;0.005230592;0.00656896;0.007437312000000001;0.004484096000000001;0.008139776;0.010486783999999999;0.009926655999999999;0.0088832;0.005737472;0.006409216;0.005409792;0.0032266240000000004;0.0055951360000000006;0.005813247999999999;0.004212736;0.005757952;0.0035450879999999996;0.0033832960000000005;0.00321024;0.002886656;0.003352576;0.0030904319999999997;0.003084288;0.0028426239999999998;0.00293888;0.004007936;0.002548736;0.0018042879999999998;0.00237568;0.0016179200000000001;0.001318912;0.0011755519999999998;0.00128;0.0012707839999999998;0.00123904;0.00128;0.000780288;0.001147904;0.0012605440000000002;0.0010496000000000001;0.000842752;0.0008110079999999999;0.000857088;0.0009318400000000001;0.001134592;0.000979968;0.00164864;0.001189888;0.00121344;0.0017643519999999998;0.001102848;0.000941056;0.001294336;0.0016895999999999999;0.001263616;0.0009441279999999999;0.000932864;0.0012748800000000002;0.002269184;0.001830912
1777833900,hdr,0.0293;0.03906;0.04883;0.05859;0.06836;0.07813;0.08789;0.09766;0.10742;0.11719;0.12695;0.13672;0.14648;0.15625;0.16602;0.17578;0.18555;0.19531;0.20508;0.21484;0.22461;0.23438;0.24414;0.25391;0.26367;0.27344;0.2832;0.29297;0.30273;0.3125;0.32227;0.33203;0.3418;0.35156;0.36133;0.37109;0.38086;0.39063;0.40039;0.41016;0.41992;0.42969;0.43945;0.44922;0.45898;0.46875;0.47852;0.48828;0.49805;0.50781;0.51758;0.52734;0.53711;0.54688;0.55664;0.56641;0.57617;0.58594;0.5957;0.60547;0.61523;0.625;0.63477;0.64453;0.6543;0.66406;0.67383;0.68359;0.69336;0.70313;0.71289;0.72266;0.73242;0.74219;0.75195;0.76172;0.77148;0.78125;0.79102,0.005240832;0.012007424000000001;0.013431808000000002;0.037804032;0.057619456;0.037073919999999996;0.125228032;0.330974208;0.216474624;0.059359232;0.0616704;0.051201024;0.036047871999999995;0.030902272;0.0316672;0.013138944;0.011432959999999999;0.011398144;0.00849408;0.007398399999999999;0.007858176;0.0066437119999999995;0.00599552;0.013572095999999999;0.012932095999999999;0.010144768;0.009536512;0.01118208;0.009165824000000001;0.004887552000000001;0.004002816;0.005320704;0.0047144959999999994;0.0036311040000000004;0.003703808;0.0045424639999999995;0.004472832;0.004744192;0.00551424;0.003818496;0.0030361600000000004;0.00315904;0.002006016;0.001575936;0.001818624;0.0018513919999999999;0.0024739840000000003;0.00232448;0.00137728;0.001348608;0.002067456;0.001477632;0.000842752;0.0012441599999999998;0.0013199359999999999;0.001155072;0.0013117439999999999;0.001257472;0.0006656;0.0008663039999999999;0.0011673599999999999;0.0009697280000000001;0.001193984;0.001490944;0.0016097280000000002;0.001242112;0.0012083200000000001;0.001243136;0.0011489279999999998;0.002127872;0.0015687680000000001;0.00136704;0.002696192;0.004611072;0.0034908160000000003;0.002168832;0.001734656;0.001627136;0.00193536
1777834800,hdr,0.0293;0.03906;0.04883;0.05859;0.06836;0.07813;0.08789;0.09766;0.10742;0.11719;0.12695;0.13672;0.14648;0.15625;0.16602;0.17578;0.18555;0.19531;0.20508;0.21484;0.22461;0.23438;0.24414;0.25391;0.26367;0.27344;0.2832;0.29297;0.30273;0.3125;0.32227;0.33203;0.3418;0.35156;0.36133;0.37109;0.38086;0.39063;0.40039;0.41016;0.41992;0.42969;0.43945;0.44922;0.45898;0.46875;0.47852;0.48828;0.49805;0.50781;0.51758;0.52734;0.53711;0.54688;0.55664;0.56641;0.57617;0.58594;0.5957;0.60547;0.61523;0.625;0.63477;0.64453;0.6543;0.66406;0.67383;0.68359;0.69336;0.70313;0.71289;0.72266;0.73242;0.74219;0.75195;0.76172;0.77148;0.78125;0.79102,0.007130111999999999;0.012332032;0.01037824;0.017361920000000003;0.038432768000000006;0.0319744;0.09509888;0.327299072;0.257207296;0.09016832;0.064147456;0.05430579199999999;0.04443955199999999;0.033155072;0.026522623999999998;0.019953664;0.016407552;0.017025023999999996;0.012356608;0.011942912;0.007098368;0.004277248000000001;0.0055531520000000004;0.006670336000000001;0.005009407999999999;0.004892672000000001;0.007626752;0.007602176;0.0062853119999999995;0.005231616;0.005101568;0.005864448;0.006729728;0.0043827200000000005;0.00236032;0.0038174719999999997;0.004481023999999999;0.0050401280000000005;0.004911104;0.004543488;0.0030863360000000003;0.0029491200000000004;0.0027217920000000002;0.0024299520000000004;0.002286592;0.001746944;0.0020418560000000003;0.0021207039999999997;0.001158144;0.001681408;0.001486848;0.0015165439999999999;0.001555456;0.001476608;0.001792;0.0013004800000000001;0.0008929280000000001;0.0007976959999999999;0.000616448;0.000970752;0.001250304;0.001362944;0.001362944;0.00110592;0.0008560640000000001;0.001041408;0.001327104;0.0014233599999999998;0.0013117439999999999;0.001247232;0.0023388159999999996;0.0028692479999999996;0.0018513919999999999;0.002911232;0.003885056;0.0033382399999999997;0.002787328;0.0036239360000000003;0.002776064
1777835700,hdr,0.0293;0.03906;0.04883;0.05859;0.06836;0.07813;0.08789;0.09766;0.10742;0.11719;0.12695;0.13672;0.14648;0.15625;0.16602;0.17578;0.18555;0.19531;0.20508;0.21484;0.22461;0.23438;0.24414;0.25391;0.26367;0.27344;0.2832;0.29297;0.30273;0.3125;0.32227;0.33203;0.3418;0.35156;0.36133;0.37109;0.38086;0.39063;0.40039;0.41016;0.41992;0.42969;0.43945;0.44922;0.45898;0.46875;0.47852;0.48828;0.49805;0.50781;0.51758;0.52734;0.53711;0.54688;0.55664;0.56641;0.57617;0.58594;0.5957;0.60547;0.61523;0.625;0.63477;0.64453;0.6543;0.66406;0.67383;0.68359;0.69336;0.70313;0.71289;0.72266;0.73242;0.74219;0.75195;0.76172;0.77148;0.78125;0.79102,0.0042065919999999994;0.005481471999999999;0.009565184000000001;0.035846144;0.06632550400000001;0.042124288;0.08212479999999998;0.3569745919999999;0.249225216;0.072064;0.036557823999999996;0.029928448;0.024538112;0.030369792;0.026631167999999997;0.016431104000000002;0.010522624;0.013651968;0.012689408;0.0066437119999999995;0.004551680000000001;0.0045844480000000005;0.004124672;0.006724608;0.011295743999999998;0.008840192;0.00787456;0.008869888;0.009769983999999999;0.00758784;0.00469504;0.003625984;0.003535872;0.0030412800000000004;0.003920896;0.00474112;0.0035010560000000002;0.002911232;0.003529728;0.003757056;0.0024422399999999996;0.002409472;0.002496512;0.002125824;0.0024145919999999997;0.00208896;0.001604608;0.0016670720000000001;0.001149952;0.00134144;0.001376256;0.001091584;0.001005568;0.001316864;0.0011151359999999999;0.0009758719999999999;0.0007106559999999999;0.0009441279999999999;0.000945152;0.000996352;0.001345536;0.0012400640000000001;0.001220608;0.001374208;0.00105472;0.000984064;0.001130496;0.0014592000000000001;0.001507328;0.0016988160000000001;0.001273856;0.001985536;0.002601984;0.001902592;0.00136192;0.001199104;0.0017971200000000001;0.0025036800000000003;0.002757632
1777836600,hdr,0.0293;0.03906;0.04883;0.05859;0.06836;0.07813;0.08789;0.09766;0.10742;0.11719;0.12695;0.13672;0.14648;0.15625;0.16602;0.17578;0.18555;0.19531;0.20508;0.21484;0.22461;0.23438;0.24414;0.25391;0.26367;0.27344;0.2832;0.29297;0.30273;0.3125;0.32227;0.33203;0.3418;0.35156;0.36133;0.37109;0.38086;0.39063;0.40039;0.41016;0.41992;0.42969;0.43945;0.44922;0.45898;0.46875;0.47852;0.48828;0.49805;0.50781;0.51758;0.52734;0.53711;0.54688;0.55664;0.56641;0.57617;0.58594;0.5957;0.60547;0.61523;0.625;0.63477;0.64453;0.6543;0.66406;0.67383;0.68359;0.69336;0.70313;0.71289;0.72266;0.73242;0.74219;0.75195;0.76172;0.77148;0.78125;0.79102,0.002378752;0.005403648;0.00249856;0.021285888;0.05134848;0.020801536;0.115741696;0.431158272;0.26732851199999996;0.078043136;0.036136959999999996;0.02635264;0.020486144;0.028832768;0.03964928;0.02589696;0.019386368;0.013345791999999999;0.008578048000000001;0.005163008;0.003812352;0.006322176;0.007416832;0.006237184;0.006885376;0.007027712;0.00659968;0.00740864;0.005041152;0.00298496;0.004062208;0.005360640000000001;0.003854336;0.003918848;0.005369856000000001;0.004216832;0.004530176;0.004677631999999999;0.0027586560000000004;0.002989056;0.00242688;0.002863104;0.00338944;0.002440192;0.001727488;0.001564672;0.00149504;0.002111488;0.001810432;0.00143872;0.00137216;0.0017530879999999999;0.001600512;0.00104448;0.001267712;0.0012052480000000001;0.001174528;0.000982016;0.001289216;0.001467392;0.00137216;0.0008509440000000001;0.001562624;0.0019937279999999997;0.001839104;0.0013608960000000001;0.001052672;0.0014704639999999999;0.0011960319999999999;0.00194048;0.0020121600000000003;0.001707008;0.0019435519999999999;0.002372608;0.001997824;0.001898496;0.0021534719999999996;0.0026009600000000003;0.001790976
1777837500,hdr,0.0293;0.03906;0.04883;0.05859;0.06836;0.07813;0.08789;0.09766;0.10742;0.11719;0.12695;0.13672;0.14648;0.15625;0.16602;0.17578;0.18555;0.19531;0.20508;0.21484;0.22461;0.23438;0.24414;0.25391;0.26367;0.27344;0.2832;0.29297;0.30273;0.3125;0.32227;0.33203;0.3418;0.35156;0.36133;0.37109;0.38086;0.39063;0.40039;0.41016;0.41992;0.42969;0.43945;0.44922;0.45898;0.46875;0.47852;0.48828;0.49805;0.50781;0.51758;0.52734;0.53711;0.54688;0.55664;0.56641;0.57617;0.58594;0.5957;0.60547;0.61523;0.625;0.63477;0.64453;0.6543;0.66406;0.67383;0.68359;0.69336;0.70313;0.71289;0.72266;0.73242;0.74219;0.75195;0.76172;0.77148;0.78125;0.79102,0.0008652800000000001;0.002530304;0.003514368;0.016082944000000002;0.044665856;0.028017664;0.05612032;0.166767616;0.16086528;0.09733632;0.031649792;0.029166592;0.037421055999999994;0.025275392;0.01504256;0.012711936;0.009430016;0.010079232;0.009675776000000002;0.0067532799999999995;0.00444928;0.005527552;0.005430272000000001;0.003750912;0.0051374079999999996;0.010131456;0.0072161280000000005;0.006465536;0.007119872;0.005349376;0.0037345280000000004;0.0023920639999999997;0.0019466239999999999;0.0019251199999999998;0.001816576;0.0021268479999999998;0.0024330239999999998;0.002009088;0.002514944;0.003004416;0.00187392;0.0019968;0.0015267839999999998;0.001666048;0.0017152;0.00145408;0.001527808;0.001466368;0.001010688;0.000992256;0.0010956800000000001;0.0012185600000000003;0.001185792;0.0014847999999999999;0.000987136;0.0009625599999999999;0.0010199039999999999;0.000719872;0.000692224;0.000731136;0.000893952;0.001113088;0.001306624;0.001563648;0.001624064;0.001383424;0.001078272;0.00188928;0.0011243520000000001;0.001501184;0.002258944;0.0026234879999999998;0.002835456;0.0027351040000000004;0.0020162559999999997;0.0015452159999999999;0.001498112;0.00136192;0.001337344
1777838400,hdr,0.0293;0.03906;0.04883;0.05859;0.06836;0.07813;0.08789;0.09766;0.10742;0.11719;0.12695;0.13672;0.14648;0.15625;0.16602;0.17578;0.18555;0.19531;0.20508;0.21484;0.22461;0.23438;0.24414;0.25391;0.26367;0.27344;0.2832;0.29297;0.30273;0.3125;0.32227;0.33203;0.3418;0.35156;0.36133;0.37109;0.38086;0.39063;0.40039;0.41016;0.41992;0.42969;0.43945;0.44922;0.45898;0.46875;0.47852;0.48828;0.49805;0.50781;0.51758;0.52734;0.53711;0.54688;0.55664;0.56641;0.57617;0.58594;0.5957;0.60547;0.61523;0.625;0.63477;0.64453;0.6543;0.66406;0.67383;0.68359;0.69336;0.70313;0.71289;0.72266;0.73242;0.74219;0.75195;0.76172;0.77148;0.78125;0.79102,0.00278016;0.004617216;0.00323072;0.02376192;0.026092544000000002;0.028097536;0.1321216;0.5154519040000001;0.3715768320000001;0.094706688;0.059030528;0.022457343999999997;0.017899520000000002;0.016667648;0.013886464;0.012386304;0.018514944;0.022428672;0.009664512;0.005532672;0.004168704;0.003668992;0.004227072;0.002778112;0.00422912;0.007031808;0.007113728;0.007107584;0.005362688;0.00545792;0.004242432;0.0038840320000000004;0.0021207039999999997;0.0019517439999999998;0.0024330239999999998;0.002660352;0.0027842559999999997;0.0028057599999999996;0.00221184;0.002173952;0.001799168;0.0009973760000000001;0.001466368;0.0017356799999999999;0.002169856;0.0018923520000000001;0.0016302080000000002;0.0016895999999999999;0.0011161600000000002;0.0010475520000000002;0.0009748480000000001;0.001446912;0.001517568;0.0016087039999999999;0.0013701120000000002;0.001052672;0.0011468799999999999;0.00088064;0.000549888;0.0005560319999999999;0.000553984;0.00044339199999999997;0.000379904;0.000592896;0.000663552;0.00059392;0.00073216;0.000932864;0.0006932479999999999;0.0007096320000000001;0.001074176;0.001512448;0.001106944;0.000769024;0.000766976;0.0009400319999999999;0.0010721279999999999;0.001430528;0.00154624
1777839300,hdr,0.0293;0.03906;0.04883;0.05859;0.06836;0.07813;0.08789;0.09766;0.10742;0.11719;0.12695;0.13672;0.14648;0.15625;0.16602;0.17578;0.18555;0.19531;0.20508;0.21484;0.22461;0.23438;0.24414;0.25391;0.26367;0.27344;0.2832;0.29297;0.30273;0.3125;0.32227;0.33203;0.3418;0.35156;0.36133;0.37109;0.38086;0.39063;0.40039;0.41016;0.41992;0.42969;0.43945;0.44922;0.45898;0.46875;0.47852;0.48828;0.49805;0.50781;0.51758;0.52734;0.53711;0.54688;0.55664;0.56641;0.57617;0.58594;0.5957;0.60547;0.61523;0.625;0.63477;0.64453;0.6543;0.66406;0.67383;0.68359;0.69336;0.70313;0.71289;0.72266;0.73242;0.74219;0.75195;0.76172;0.77148;0.78125;0.79102,0.005757952;0.01672192;0.017440768;0.034075648;0.052736;0.020322304;0.069897216;0.257912832;0.238841856;0.12271616;0.04224716800000001;0.017571840000000002;0.021789696;0.0127744;0.010500095999999999;0.011286528;0.011225088;0.012050432000000002;0.014967807999999999;0.010703872000000001;0.005669888;0.0025651199999999997;0.00325632;0.005830656;0.00532992;0.0058920959999999994;0.004255744;0.004511744000000001;0.00504832;0.0032440319999999996;0.003273728;0.002280448;0.003208192;0.003960832;0.002195456;0.001723392;0.001874944;0.001887232;0.0016936960000000002;0.002111488;0.001528832;0.002112512;0.00239104;0.001685504;0.00103424;0.0012748800000000002;0.0013199359999999999;0.001186816;0.0011356159999999999;0.000817152;0.001033216;0.001384448;0.0009748480000000001;0.000923648;0.001026048;0.0009768959999999999;0.0009748480000000001;0.00057856;0.000719872;0.0007833599999999999;0.0005632;0.0006092800000000001;0.000750592;0.0005847039999999999;0.000620544;0.000644096;0.00080384;0.000692224;0.0005632;0.00050176;0.0005632;0.000459776;0.0006154239999999999;0.000698368;0.000666624;0.00068096;0.000531456;0.0008202239999999999;0.00113152
1777840200,hdr,0.0293;0.03906;0.04883;0.05859;0.06836;0.07813;0.08789;0.09766;0.10742;0.11719;0.12695;0.13672;0.14648;0.15625;0.16602;0.17578;0.18555;0.19531;0.20508;0.21484;0.22461;0.23438;0.24414;0.25391;0.26367;0.27344;0.2832;0.29297;0.30273;0.3125;0.32227;0.33203;0.3418;0.35156;0.36133;0.37109;0.38086;0.39063;0.40039;0.41016;0.41992;0.42969;0.43945;0.44922;0.45898;0.46875;0.47852;0.48828;0.49805;0.50781;0.51758;0.52734;0.53711;0.54688;0.55664;0.56641;0.57617;0.58594;0.5957;0.60547;0.61523;0.625;0.63477;0.64453;0.6543;0.66406;0.67383;0.68359;0.69336;0.70313;0.71289;0.72266;0.73242;0.74219;0.75195;0.76172;0.77148;0.78125;0.79102,0.011841536;0.01961984;0.019093504;0.0394496;0.038504448;0.020257791999999997;0.069275648;0.19394252800000003;0.205897728;0.11525632000000001;0.06447206400000001;0.032125952;0.024471552;0.013805567999999999;0.009003008;0.010001408;0.010252288;0.011421696;0.012972032000000001;0.009354240000000002;0.006334464;0.005248;0.0040867839999999996;0.003460096;0.004108288;0.004257792000000001;0.003319808;0.00394752;0.0038696959999999997;0.003659776;0.0022026240000000002;0.001779712;0.0022784000000000003;0.0020981759999999998;0.001631232;0.001267712;0.001477632;0.0018360320000000002;0.0014530559999999999;0.0012789759999999998;0.001313792;0.000893952;0.0014561280000000001;0.001371136;0.001021952;0.001288192;0.0011233280000000003;0.001147904;0.0016291839999999999;0.001084416;0.001364992;0.0017489920000000002;0.0012113920000000002;0.0008929280000000001;0.001220608;0.0011120639999999998;0.0009574399999999999;0.000893952;0.000745472;0.0007495679999999999;0.000772096;0.00052736;0.00042598399999999997;0.000782336;0.000605184;0.000381952;0.000492544;0.000505856;0.000531456;0.000466944;0.00040755200000000004;0.000372736;0.00047616000000000005;0.000744448;0.0005621760000000001;0.000515072;0.0006676480000000001;0.000641024;0.0009144320000000001
1777841100,hdr,0.0293;0.03906;0.04883;0.05859;0.06836;0.07813;0.08789;0.09766;0.10742;0.11719;0.12695;0.13672;0.14648;0.15625;0.16602;0.17578;0.18555;0.19531;0.20508;0.21484;0.22461;0.23438;0.24414;0.25391;0.26367;0.27344;0.2832;0.29297;0.30273;0.3125;0.32227;0.33203;0.3418;0.35156;0.36133;0.37109;0.38086;0.39063;0.40039;0.41016;0.41992;0.42969;0.43945;0.44922;0.45898;0.46875;0.47852;0.48828;0.49805;0.50781;0.51758;0.52734;0.53711;0.54688;0.55664;0.56641;0.57617;0.58594;0.5957;0.60547;0.61523;0.625;0.63477;0.64453;0.6543;0.66406;0.67383;0.68359;0.69336;0.70313;0.71289;0.72266;0.73242;0.74219;0.75195;0.76172;0.77148;0.78125;0.79102,0.006045696000000001;0.015217663999999999;0.024925184;0.03587072;0.043384832000000005;0.033468416;0.074436608;0.413392896;0.47471308800000006;0.15094886399999996;0.037098496;0.019845120000000004;0.017912832000000004;0.017886207999999997;0.012821504;0.012027903999999999;0.011252736000000001;0.017387519999999997;0.018632704;0.011808768;0.0068608;0.004226048;0.0034611200000000003;0.002816;0.002952192;0.0032174079999999997;0.0031098880000000003;0.003656704;0.004012032;0.003434496;0.002792448;0.0013680639999999998;0.000780288;0.001283072;0.001106944;0.001384448;0.001961984;0.002337792;0.001650688;0.000823296;0.0007946240000000001;0.0009615359999999999;0.000908288;0.001021952;0.001227776;0.001362944;0.000984064;0.00064512;0.001114112;0.001149952;0.0008663039999999999;0.0006819840000000001;0.0008591359999999999;0.000628736;0.0005580800000000001;0.0008601600000000001;0.001041408;0.00075776;0.00077312;0.0008366080000000001;0.000626688;0.0007976959999999999;0.001052672;0.0011735040000000001;0.0008212479999999999;0.0007936;0.000785408;0.000842752;0.000651264;0.00032256;0.00059904;0.00047923199999999995;0.000320512;0.00047616000000000005;0.000432128;0.00032870400000000003;0.00023142399999999999;0.000483328;0.000439296
1777842900,hdr,0.0293;0.03906;0.04883;0.05859;0.06836;0.07813;0.08789;0.09766;0.10742;0.11719;0.12695;0.13672;0.14648;0.15625;0.16602;0.17578;0.18555;0.19531;0.20508;0.21484;0.22461;0.23438;0.24414;0.25391;0.26367;0.27344;0.2832;0.29297;0.30273;0.3125;0.32227;0.33203;0.3418;0.35156;0.36133;0.37109;0.38086;0.39063;0.40039;0.41016;0.41992;0.42969;0.43945;0.44922;0.45898;0.46875;0.47852;0.48828;0.49805;0.50781;0.51758;0.52734;0.53711;0.54688;0.55664;0.56641;0.57617;0.58594;0.5957;0.60547;0.61523;0.625;0.63477;0.64453;0.6543;0.66406;0.67383;0.68359;0.69336;0.70313;0.71289;0.72266;0.73242;0.74219;0.75195;0.76172;0.77148;0.78125;0.79102,0.001959936;0.006583296;0.01015808;0.034840576;0.041022464;0.024631295999999997;0.046067712;0.16076288;0.214974464;0.110446592;0.028836863999999997;0.028061696;0.01957376;0.01272832;0.015625216;0.010510336;0.006166527999999999;0.006093823999999999;0.007550976000000001;0.007600127999999999;0.011031552;0.007498751999999999;0.006295551999999999;0.0036321279999999997;0.00187904;0.003373056;0.0036321279999999997;0.003796992;0.003677184;0.00387584;0.0019148799999999999;0.000868352;0.001221632;0.000840704;0.000924672;0.00104448;0.0011212799999999999;0.001281024;0.00101888;0.0008509440000000001;0.000641024;0.0009943039999999999;0.00101888;0.0009349119999999999;0.000596992;0.000841728;0.00088064;0.000518144;0.000345088;0.00037888;0.00041472;0.000817152;0.00077312;0.00039628799999999996;0.0005304320000000001;0.000596992;0.0005703679999999999;0.000549888;0.00051712;0.000679936;0.000809984;0.000454656;0.000393216;0.000482304;0.0006891520000000001;0.0006850560000000001;0.0008704;0.000766976;0.000457728;0.00044544;0.0005601279999999999;0.000320512;0.000249856;0.000580608;0.000514048;0.00035430400000000006;0.000325632;0.000274432;0.000420864
1777843800,hdr,0.0293;0.03906;0.04883;0.05859;0.06836;0.07813;0.08789;0.09766;0.10742;0.11719;0.12695;0.13672;0.14648;0.15625;0.16602;0.17578;0.18555;0.19531;0.20508;0.21484;0.22461;0.23438;0.24414;0.25391;0.26367;0.27344;0.2832;0.29297;0.30273;0.3125;0.32227;0.33203;0.3418;0.35156;0.36133;0.37109;0.38086;0.39063;0.40039;0.41016;0.41992;0.42969;0.43945;0.44922;0.45898;0.46875;0.47852;0.48828;0.49805;0.50781;0.51758;0.52734;0.53711;0.54688;0.55664;0.56641;0.57617;0.58594;0.5957;0.60547;0.61523;0.625;0.63477;0.64453;0.6543;0.66406;0.67383;0.68359;0.69336;0.70313;0.71289;0.72266;0.73242;0.74219;0.75195;0.76172;0.77148;0.78125;0.79102,0.005036031999999999;0.010182655999999998;0.017650687999999998;0.02409984;0.027062272000000002;0.02224128;0.03969638400000001;0.26528460800000003;0.39254528;0.200210432;0.05133824;0.020626432;0.01447936;0.007858176;0.008112128000000001;0.008242176000000002;0.0074301440000000005;0.00973312;0.00841216;0.013003776;0.012279808;0.00695808;0.006477823999999999;0.0046991360000000005;0.0031887359999999997;0.003099648;0.002673664;0.00236544;0.0034109440000000004;0.003360768;0.002310144;0.00180224;0.001391616;0.00118272;0.0014878720000000001;0.0012523519999999998;0.001106944;0.001284096;0.0014735360000000001;0.001251328;0.00092672;0.0015472639999999998;0.001103872;0.000812032;0.000805888;0.0009256959999999999;0.00101888;0.001102848;0.001247232;0.0009523200000000001;0.000688128;0.001022976;0.000613376;0.00070656;0.0006604799999999999;0.0005877759999999999;0.000649216;0.000535552;0.000745472;0.000610304;0.0006912;0.0007137280000000001;0.000366592;0.000321536;0.000318464;0.00048639999999999995;0.0005898240000000001;0.000644096;0.000497664;0.000413696;0.00023142399999999999;0.00036352;0.0005406720000000001;0.00046284799999999997;0.00028774400000000004;0.000176128;0.000423936;0.00045056;0.000412672
1777844700,hdr,0.0293;0.03906;0.04883;0.05859;0.06836;0.07813;0.08789;0.09766;0.10742;0.11719;0.12695;0.13672;0.14648;0.15625;0.16602;0.17578;0.18555;0.19531;0.20508;0.21484;0.22461;0.23438;0.24414;0.25391;0.26367;0.27344;0.2832;0.29297;0.30273;0.3125;0.32227;0.33203;0.3418;0.35156;0.36133;0.37109;0.38086;0.39063;0.40039;0.41016;0.41992;0.42969;0.43945;0.44922;0.45898;0.46875;0.47852;0.48828;0.49805;0.50781;0.51758;0.52734;0.53711;0.54688;0.55664;0.56641;0.57617;0.58594;0.5957;0.60547;0.61523;0.625;0.63477;0.64453;0.6543;0.66406;0.67383;0.68359;0.69336;0.70313;0.71289;0.72266;0.73242;0.74219;0.75195;0.76172;0.77148;0.78125;0.79102,0.0011509760000000002;0.01188864;0.019187712;0.027869184;0.034752512;0.018713599999999997;0.081368064;0.32300441599999996;0.380956672;0.177437696;0.061443072;0.013292544;0.017131519999999997;0.012251136000000001;0.014423040000000002;0.01068032;0.007891968000000001;0.010289152;0.012173312;0.014934016;0.01041408;0.004678656;0.002972672;0.0025989119999999997;0.00301568;0.004262912000000001;0.0043161599999999994;0.0032174079999999997;0.00358912;0.002546688;0.0025415679999999997;0.0020592640000000003;0.0017121280000000003;0.001708032;0.0017244159999999999;0.001193984;0.001316864;0.001098752;0.001222656;0.0013404159999999999;0.0018042879999999998;0.0012165119999999999;0.0013209599999999997;0.000789504;0.000772096;0.000937984;0.001033216;0.0013342719999999998;0.000968704;0.000852992;0.0006891520000000001;0.0005847039999999999;0.000774144;0.000625664;0.0006184960000000001;0.00046592000000000004;0.00035430400000000006;0.00034304;0.00048127999999999995;0.00036454399999999996;0.00045056;0.000434176;0.0005632;0.000553984;0.00044032;0.00054272;0.000492544;0.000375808;0.00043110399999999997;0.000406528;0.000325632;0.000195584;0.00034304;0.000335872;0.000314368;0.00027136;0.00037888;0.00029286400000000005;0.0002816
1777845600,hdr,0.0293;0.03906;0.04883;0.05859;0.06836;0.07813;0.08789;0.09766;0.10742;0.11719;0.12695;0.13672;0.14648;0.15625;0.16602;0.17578;0.18555;0.19531;0.20508;0.21484;0.22461;0.23438;0.24414;0.25391;0.26367;0.27344;0.2832;0.29297;0.30273;0.3125;0.32227;0.33203;0.3418;0.35156;0.36133;0.37109;0.38086;0.39063;0.40039;0.41016;0.41992;0.42969;0.43945;0.44922;0.45898;0.46875;0.47852;0.48828;0.49805;0.50781;0.51758;0.52734;0.53711;0.54688;0.55664;0.56641;0.57617;0.58594;0.5957;0.60547;0.61523;0.625;0.63477;0.64453;0.6543;0.66406;0.67383;0.68359;0.69336;0.70313;0.71289;0.72266;0.73242;0.74219;0.75195;0.76172;0.77148;0.78125;0.79102,0.004962303999999999;0.013613056;0.022912;0.037773311999999996;0.023294976;0.009494528;0.06825881599999999;0.26370662399999995;0.30524825600000005;0.12320153600000001;0.059481088;0.024718336;0.008992768;0.007123968;0.005571584;0.006825984;0.006534144;0.00863744;0.012038144;0.012834816;0.007463936000000001;0.003375104;0.002945024;0.002849792;0.002665472;0.003429376;0.004716544;0.003634176;0.00397312;0.00232448;0.0022067199999999997;0.0022231040000000005;0.002306048;0.001399808;0.001133568;0.000694272;0.00089088;0.001035264;0.000854016;0.000857088;0.001288192;0.0011284479999999998;0.0013148160000000001;0.0008447999999999999;0.000831488;0.0007833599999999999;0.000671744;0.00084992;0.000891904;0.000666624;0.00082432;0.000780288;0.000536576;0.000837632;0.001040384;0.000748544;0.000989184;0.0009041920000000001;0.000623616;0.000642048;0.0005304320000000001;0.000497664;0.000635904;0.000590848;0.000534528;0.000466944;0.0004352;0.000594944;0.000984064;0.00091648;0.001248256;0.001281024;0.0009318400000000001;0.0017152;0.002514944;0.00178176;0.001610752;0.0038430719999999995;0.002046976
1777846500,hdr,0.0293;0.03906;0.04883;0.05859;0.06836;0.07813;0.08789;0.09766;0.10742;0.11719;0.12695;0.13672;0.14648;0.15625;0.16602;0.17578;0.18555;0.19531;0.20508;0.21484;0.22461;0.23438;0.24414;0.25391;0.26367;0.27344;0.2832;0.29297;0.30273;0.3125;0.32227;0.33203;0.3418;0.35156;0.36133;0.37109;0.38086;0.39063;0.40039;0.41016;0.41992;0.42969;0.43945;0.44922;0.45898;0.46875;0.47852;0.48828;0.49805;0.50781;0.51758;0.52734;0.53711;0.54688;0.55664;0.56641;0.57617;0.58594;0.5957;0.60547;0.61523;0.625;0.63477;0.64453;0.6543;0.66406;0.67383;0.68359;0.69336;0.70313;0.71289;0.72266;0.73242;0.74219;0.75195;0.76172;0.77148;0.78125;0.79102,0.007719935999999999;0.012940288000000001;0.015276032000000002;0.026704896000000002;0.031996928;0.021806080000000002;0.057828352;0.15811584;0.197712896;0.112161792;0.040882176;0.017876992;0.0135936;0.010245120000000002;0.006080512;0.00979968;0.010548224;0.010170368;0.011862016000000001;0.007986176000000001;0.007092224;0.005879808;0.003723264;0.002149376;0.003721216;0.0035717120000000003;0.002665472;0.0032768000000000003;0.00392704;0.0030863360000000003;0.002761728;0.0027136;0.00190976;0.001798144;0.001348608;0.001212416;0.001294336;0.001404928;0.001333248;0.0017408;0.0018944;0.001668096;0.00124928;0.000847872;0.00087552;0.000785408;0.0007833599999999999;0.0009830400000000001;0.0009287680000000001;0.00073216;0.000812032;0.001026048;0.000878592;0.0006225919999999999;0.000652288;0.0006778880000000001;0.00068608;0.000982016;0.000858112;0.000519168;0.00047616000000000005;0.001005568;0.00133632;0.001086464;0.000768;0.000734208;0.001002496;0.0012523519999999998;0.0010608640000000001;0.0012032;0.0013680639999999998;0.00175104;0.0013199359999999999;0.000999424;0.0013219840000000002;0.001980416;0.002204672;0.001864704;0.0025610240000000003
1777847400,hdr,0.0293;0.03906;0.04883;0.05859;0.06836;0.07813;0.08789;0.09766;0.10742;0.11719;0.12695;0.13672;0.14648;0.15625;0.16602;0.17578;0.18555;0.19531;0.20508;0.21484;0.22461;0.23438;0.24414;0.25391;0.26367;0.27344;0.2832;0.29297;0.30273;0.3125;0.32227;0.33203;0.3418;0.35156;0.36133;0.37109;0.38086;0.39063;0.40039;0.41016;0.41992;0.42969;0.43945;0.44922;0.45898;0.46875;0.47852;0.48828;0.49805;0.50781;0.51758;0.52734;0.53711;0.54688;0.55664;0.56641;0.57617;0.58594;0.5957;0.60547;0.61523;0.625;0.63477;0.64453;0.6543;0.66406;0.67383;0.68359;0.69336;0.70313;0.71289;0.72266;0.73242;0.74219;0.75195;0.76172;0.77148;0.78125;0.79102,0.00575488;0.018937856;0.016350207999999998;0.024518656;0.020728832000000003;0.017948672;0.055355392;0.140668928;0.20360396800000002;0.159751168;0.047604736;0.011165696;0.005211136;0.006344704;0.006588415999999999;0.007170048000000001;0.007182336;0.0044103680000000004;0.007835648;0.008963072;0.0062126080000000005;0.004649983999999999;0.002873344;0.003241984;0.003125248;0.002855936;0.002915328;0.0031334399999999995;0.003385344;0.0024330239999999998;0.00178176;0.001544192;0.001420288;0.0014858240000000002;0.001329152;0.001605632;0.000910336;0.00097792;0.001165312;0.001618944;0.001600512;0.0011407359999999998;0.000879616;0.0007229440000000001;0.000970752;0.0010250239999999998;0.0008765439999999999;0.0009205759999999999;0.001014784;0.0011694079999999998;0.000858112;0.0008468480000000001;0.001079296;0.001014784;0.000643072;0.0007075839999999999;0.000510976;0.000881664;0.000854016;0.001079296;0.000989184;0.0006778880000000001;0.000646144;0.000601088;0.0013639680000000001;0.001586176;0.0015769599999999999;0.0030371839999999996;0.002056192;0.002231296;0.0020244480000000003;0.0030371839999999996;0.0031426559999999997;0.0024883199999999996;0.002197504;0.00193536;0.001409024;0.000919552;0.0013987840000000001
1777848300,hdr,0.0293;0.03906;0.04883;0.05859;0.06836;0.07813;0.08789;0.09766;0.10742;0.11719;0.12695;0.13672;0.14648;0.15625;0.16602;0.17578;0.18555;0.19531;0.20508;0.21484;0.22461;0.23438;0.24414;0.25391;0.26367;0.27344;0.2832;0.29297;0.30273;0.3125;0.32227;0.33203;0.3418;0.35156;0.36133;0.37109;0.38086;0.39063;0.40039;0.41016;0.41992;0.42969;0.43945;0.44922;0.45898;0.46875;0.47852;0.48828;0.49805;0.50781;0.51758;0.52734;0.53711;0.54688;0.55664;0.56641;0.57617;0.58594;0.5957;0.60547;0.61523;0.625;0.63477;0.64453;0.6543;0.66406;0.67383;0.68359;0.69336;0.70313;0.71289;0.72266;0.73242;0.74219;0.75195;0.76172;0.77148;0.78125;0.79102,0.0031068159999999997;0.004770816;0.010675200000000001;0.031680512;0.040467456;0.032899072;0.069465088;0.30535680000000004;0.40500633599999997;0.214327296;0.080360448;0.02404352;0.010074112;0.007097344;0.005316608;0.006771711999999999;0.0076840960000000005;0.010310656;0.010218495999999999;0.011847680000000001;0.008010752000000001;0.005561344;0.0027473920000000004;0.0013117439999999999;0.001618944;0.001540096;0.002382848;0.00343552;0.0030873599999999995;0.003058688;0.002994176;0.0014991359999999999;0.001657856;0.0019773440000000002;0.0015103999999999999;0.0011489279999999998;0.0012083200000000001;0.0011120639999999998;0.00144896;0.00170496;0.00136192;0.0012052480000000001;0.001234944;0.001077248;0.000616448;0.000771072;0.0006952960000000001;0.000566272;0.000577536;0.00064;0.000632832;0.000528384;0.00048639999999999995;0.000489472;0.00065536;0.000894976;0.000877568;0.000610304;0.000736256;0.000692224;0.0006819840000000001;0.000577536;0.000605184;0.000766976;0.000872448;0.0018216959999999998;0.0020756480000000002;0.0022374400000000003;0.0022394880000000004;0.0028303359999999997;0.003120128;0.0030750720000000003;0.0033720319999999996;0.0029695999999999998;0.00361472;0.004145152;0.002742272;0.002280448;0.002706432
1777849200,hdr,0.0293;0.03906;0.04883;0.05859;0.06836;0.07813;0.08789;0.09766;0.10742;0.11719;0.12695;0.13672;0.14648;0.15625;0.16602;0.17578;0.18555;0.19531;0.20508;0.21484;0.22461;0.23438;0.24414;0.25391;0.26367;0.27344;0.2832;0.29297;0.30273;0.3125;0.32227;0.33203;0.3418;0.35156;0.36133;0.37109;0.38086;0.39063;0.40039;0.41016;0.41992;0.42969;0.43945;0.44922;0.45898;0.46875;0.47852;0.48828;0.49805;0.50781;0.51758;0.52734;0.53711;0.54688;0.55664;0.56641;0.57617;0.58594;0.5957;0.60547;0.61523;0.625;0.63477;0.64453;0.6543;0.66406;0.67383;0.68359;0.69336;0.70313;0.71289;0.72266;0.73242;0.74219;0.75195;0.76172;0.77148;0.78125;0.79102,0.002661376;0.01033216;0.010876928;0.028470272;0.0395264;0.03023872;0.049533952;0.19561472;0.430642176;0.247284736;0.06903807999999999;0.017163264000000004;0.009568255999999999;0.006099968;0.006968320000000001;0.0071464960000000004;0.0035010560000000002;0.006767616;0.015649792;0.014259200000000001;0.0065187840000000006;0.005286912;0.0027023359999999996;0.002705408;0.00307712;0.0032471040000000002;0.002366464;0.0018524160000000002;0.002448384;0.0041113600000000005;0.0032194560000000003;0.0018575360000000001;0.002006016;0.0014796800000000001;0.001508352;0.00113152;0.0013660159999999998;0.001599488;0.0018636800000000002;0.0020254720000000004;0.001087488;0.000763904;0.000400384;0.000740352;0.0006737919999999999;0.00050688;0.000466944;0.0005877759999999999;0.00042496;0.0006021119999999999;0.000891904;0.000818176;0.000607232;0.00089088;0.000790528;0.000617472;0.000779264;0.000879616;0.0009318400000000001;0.00074752;0.000611328;0.000744448;0.0011601919999999998;0.0012185600000000003;0.000987136;0.001089536;0.0014274560000000001;0.0015544320000000001;0.001989632;0.002067456;0.001864704;0.001534976;0.002523136;0.004226048;0.004291584000000001;0.004379648;0.004636672;0.0035717120000000003;0.0035645440000000002
1777850100,hdr,0.0293;0.03906;0.04883;0.05859;0.06836;0.07813;0.08789;0.09766;0.10742;0.11719;0.12695;0.13672;0.14648;0.15625;0.16602;0.17578;0.18555;0.19531;0.20508;0.21484;0.22461;0.23438;0.24414;0.25391;0.26367;0.27344;0.2832;0.29297;0.30273;0.3125;0.32227;0.33203;0.3418;0.35156;0.36133;0.37109;0.38086;0.39063;0.40039;0.41016;0.41992;0.42969;0.43945;0.44922;0.45898;0.46875;0.47852;0.48828;0.49805;0.50781;0.51758;0.52734;0.53711;0.54688;0.55664;0.56641;0.57617;0.58594;0.5957;0.60547;0.61523;0.625;0.63477;0.64453;0.6543;0.66406;0.67383;0.68359;0.69336;0.70313;0.71289;0.72266;0.73242;0.74219;0.75195;0.76172;0.77148;0.78125;0.79102,0.009160704000000002;0.01469952;0.024621056;0.024259583999999997;0.020115455999999997;0.026214400000000002;0.037438464;0.10300928;0.235160576;0.150478848;0.09187328;0.039977983999999994;0.014680064;0.007087104;0.008200191999999999;0.005624832;0.003685376;0.0076318720000000005;0.008786944;0.0094464;0.009351168;0.010066944;0.0042383360000000005;0.003356672;0.002193408;0.001755136;0.0015953919999999997;0.00172544;0.001532928;0.0013926400000000001;0.001931264;0.0027514880000000003;0.0024709120000000005;0.00135168;0.000736256;0.001024;0.000791552;0.000726016;0.00097792;0.0009984;0.0008222720000000001;0.000939008;0.000918528;0.000635904;0.000529408;0.000674816;0.00079872;0.0008089600000000001;0.001099776;0.001149952;0.001016832;0.00075776;0.000658432;0.000704512;0.001103872;0.000550912;0.000453632;0.000774144;0.00074752;0.000632832;0.000617472;0.000694272;0.000843776;0.000720896;0.001122304;0.000775168;0.0009205759999999999;0.0015534079999999998;0.001174528;0.0025856;0.001818624;0.0015656959999999999;0.0021196799999999997;0.002308096;0.0030330879999999998;0.0035399679999999997;0.00150528;0.0018135039999999999;0.002466816
1777851000,hdr,0.0293;0.03906;0.04883;0.05859;0.06836;0.07813;0.08789;0.09766;0.10742;0.11719;0.12695;0.13672;0.14648;0.15625;0.16602;0.17578;0.18555;0.19531;0.20508;0.21484;0.22461;0.23438;0.24414;0.25391;0.26367;0.27344;0.2832;0.29297;0.30273;0.3125;0.32227;0.33203;0.3418;0.35156;0.36133;0.37109;0.38086;0.39063;0.40039;0.41016;0.41992;0.42969;0.43945;0.44922;0.45898;0.46875;0.47852;0.48828;0.49805;0.50781;0.51758;0.52734;0.53711;0.54688;0.55664;0.56641;0.57617;0.58594;0.5957;0.60547;0.61523;0.625;0.63477;0.64453;0.6543;0.66406;0.67383;0.68359;0.69336;0.70313;0.71289;0.72266;0.73242;0.74219;0.75195;0.76172;0.77148;0.78125;0.79102,0.015162368;0.024884224;0.019908608;0.07384576;0.060681216;0.017617920000000002;0.070375424;0.23734272;0.226653184;0.17664;0.07374131199999999;0.033779712;0.010853376;0.008081408;0.007994368;0.007073792000000001;0.005454848;0.008387584;0.013908992;0.017999872;0.008442880000000002;0.005479424;0.0035348480000000006;0.003011584;0.002873344;0.0028088320000000003;0.003017728;0.003854336;0.003478528;0.002180096;0.0021217280000000002;0.002386944;0.001513472;0.001722368;0.001301504;0.0012625919999999999;0.000909312;0.001092608;0.001263616;0.001475584;0.0012072959999999998;0.00087552;0.001309696;0.001338368;0.0012083200000000001;0.00113152;0.000985088;0.0012001280000000002;0.000903168;0.000423936;0.0005857280000000001;0.000545792;0.000510976;0.000842752;0.00057856;0.000390144;0.00041472;0.00067072;0.000700416;0.00068608;0.0005888;0.000643072;0.0006973439999999999;0.000429056;0.000651264;0.000596992;0.0005713920000000001;0.0006993920000000001;0.000985088;0.001143808;0.0009216000000000001;0.000785408;0.0009400319999999999;0.0011786239999999999;0.0012707839999999998;0.000843776;0.001325056;0.0016424959999999998;0.0011417600000000001
1777851900,hdr,0.0293;0.03906;0.04883;0.05859;0.06836;0.07813;0.08789;0.09766;0.10742;0.11719;0.12695;0.13672;0.14648;0.15625;0.16602;0.17578;0.18555;0.19531;0.20508;0.21484;0.22461;0.23438;0.24414;0.25391;0.26367;0.27344;0.2832;0.29297;0.30273;0.3125;0.32227;0.33203;0.3418;0.35156;0.36133;0.37109;0.38086;0.39063;0.40039;0.41016;0.41992;0.42969;0.43945;0.44922;0.45898;0.46875;0.47852;0.48828;0.49805;0.50781;0.51758;0.52734;0.53711;0.54688;0.55664;0.56641;0.57617;0.58594;0.5957;0.60547;0.61523;0.625;0.63477;0.64453;0.6543;0.66406;0.67383;0.68359;0.69336;0.70313;0.71289;0.72266;0.73242;0.74219;0.75195;0.76172;0.77148;0.78125;0.79102,0.0059269119999999995;0.01051648;0.009202688;0.022787072;0.027550719999999997;0.025428992;0.07737344;0.17908633599999998;0.242244608;0.213127168;0.087629824;0.02259456;0.012302336;0.00719872;0.0033884159999999996;0.004905984;0.00520704;0.004058112000000001;0.006105088000000001;0.00889856;0.00860672;0.008484864;0.003161088;0.0014817279999999999;0.001895424;0.002330624;0.003221504;0.0026695679999999998;0.003429376;0.003255296;0.001809408;0.0014632959999999998;0.00158208;0.001028096;0.000909312;0.001149952;0.0009472;0.000733184;0.000576512;0.000852992;0.0009564160000000001;0.0009564160000000001;0.001145856;0.000813056;0.000837632;0.0011264;0.000785408;0.00041984;0.000459776;0.0007925759999999999;0.000863232;0.000786432;0.000864256;0.000769024;0.000621568;0.0006819840000000001;0.0008366080000000001;0.000922624;0.000545792;0.0005734399999999999;0.000625664;0.000654336;0.00091136;0.001125376;0.0008325120000000001;0.000864256;0.000659456;0.000772096;0.001534976;0.0030361600000000004;0.0031467520000000005;0.0016650240000000002;0.0023429120000000004;0.0027975680000000003;0.0022476799999999997;0.00194048;0.002203648;0.0021299199999999996;0.001657856
