Epoch Time,Processing Source,f,varianceDensity
1775606400,hdr,0.0293;0.03906;0.04883;0.05859;0.06836;0.07813;0.08789;0.09766;0.10742;0.11719;0.12695;0.13672;0.14648;0.15625;0.16602;0.17578;0.18555;0.19531;0.20508;0.21484;0.22461;0.23438;0.24414;0.25391;0.26367;0.27344;0.2832;0.29297;0.30273;0.3125;0.32227;0.33203;0.3418;0.35156;0.36133;0.37109;0.38086;0.39063;0.40039;0.41016;0.41992;0.42969;0.43945;0.44922;0.45898;0.46875;0.47852;0.48828;0.49805;0.50781;0.51758;0.52734;0.53711;0.54688;0.55664;0.56641;0.57617;0.58594;0.5957;0.60547;0.61523;0.625;0.63477;0.64453;0.6543;0.66406;0.67383;0.68359;0.69336;0.70313;0.71289;0.72266;0.73242;0.74219;0.75195;0.76172;0.77148;0.78125;0.79102,0.00029388799999999996;0.000398336;0.0022425599999999998;0.004494335999999999;0.010510336;0.020905984;0.041348096;0.07987712000000001;0.11382067200000001;0.122102784;0.08100863999999999;0.033118208;0.017989632000000002;0.012985344;0.016390144;0.018907136;0.015873024;0.016452608;0.0159744;0.037233664;0.059348992;0.126772224;0.13184716800000001;0.12978790399999998;0.09127424;0.084834304;0.113266688;0.089493504;0.06833152;0.049669120000000004;0.038581248;0.024569856;0.023667712000000004;0.019427327999999997;0.01669632;0.017940479999999998;0.014050304;0.013177856;0.015461376;0.011615232;0.005450752;0.008588288000000001;0.010471424000000002;0.007443456;0.006393856000000001;0.0037345280000000004;0.005762048;0.004417536;0.003510272;0.0030945279999999996;0.004198400000000001;0.004955136000000001;0.003305472;0.00278016;0.00265728;0.00292864;0.002106368;0.00218112;0.001961984;0.002069504;0.0031426559999999997;0.0027740160000000002;0.001325056;0.0010813440000000001;0.001605632;0.00190976;0.001292288;0.0017397760000000002;0.001472512;0.0013475839999999998;0.0012912639999999999;0.0010956800000000001;0.0008458240000000001;0.0005580800000000001;0.000714752;0.000577536;0.000774144;0.0007936;0.000454656
1775607300,hdr,0.0293;0.03906;0.04883;0.05859;0.06836;0.07813;0.08789;0.09766;0.10742;0.11719;0.12695;0.13672;0.14648;0.15625;0.16602;0.17578;0.18555;0.19531;0.20508;0.21484;0.22461;0.23438;0.24414;0.25391;0.26367;0.27344;0.2832;0.29297;0.30273;0.3125;0.32227;0.33203;0.3418;0.35156;0.36133;0.37109;0.38086;0.39063;0.40039;0.41016;0.41992;0.42969;0.43945;0.44922;0.45898;0.46875;0.47852;0.48828;0.49805;0.50781;0.51758;0.52734;0.53711;0.54688;0.55664;0.56641;0.57617;0.58594;0.5957;0.60547;0.61523;0.625;0.63477;0.64453;0.6543;0.66406;0.67383;0.68359;0.69336;0.70313;0.71289;0.72266;0.73242;0.74219;0.75195;0.76172;0.77148;0.78125;0.79102,0.000371712;0.001603584;0.00116224;0.005262336;0.02023936;0.022202368;0.033506304;0.092346368;0.098006016;0.08106803200000001;0.044163072;0.033354752;0.032191488000000004;0.018246656000000003;0.018763776000000003;0.022386688;0.016019456;0.019509248;0.02675712;0.03508531200000001;0.068681728;0.130446336;0.144454656;0.143922176;0.130192384;0.136620032;0.067059712;0.051173376;0.048137216000000004;0.061913088000000005;0.041306112;0.018136064000000004;0.032335872;0.024559616;0.016175104000000003;0.01427968;0.013330432000000001;0.014977024;0.00884224;0.006330368;0.007237632;0.006946816;0.004020223999999999;0.002766848;0.00673792;0.006811648;0.005395456;0.00545792;0.004212736;0.003017728;0.002555904;0.002387968;0.00246784;0.002021376;0.0028692479999999996;0.002373632;0.002172928;0.002650112;0.0017725439999999998;0.00136192;0.0015667199999999997;0.0019496960000000001;0.0011468799999999999;0.001794048;0.001799168;0.001330176;0.000909312;0.0010127360000000002;0.000949248;0.000841728;0.000802816;0.0006696959999999999;0.000818176;0.000831488;0.0005376000000000001;0.000644096;0.000648192;0.000565248;0.000842752
1775608200,hdr,0.0293;0.03906;0.04883;0.05859;0.06836;0.07813;0.08789;0.09766;0.10742;0.11719;0.12695;0.13672;0.14648;0.15625;0.16602;0.17578;0.18555;0.19531;0.20508;0.21484;0.22461;0.23438;0.24414;0.25391;0.26367;0.27344;0.2832;0.29297;0.30273;0.3125;0.32227;0.33203;0.3418;0.35156;0.36133;0.37109;0.38086;0.39063;0.40039;0.41016;0.41992;0.42969;0.43945;0.44922;0.45898;0.46875;0.47852;0.48828;0.49805;0.50781;0.51758;0.52734;0.53711;0.54688;0.55664;0.56641;0.57617;0.58594;0.5957;0.60547;0.61523;0.625;0.63477;0.64453;0.6543;0.66406;0.67383;0.68359;0.69336;0.70313;0.71289;0.72266;0.73242;0.74219;0.75195;0.76172;0.77148;0.78125;0.79102,0.000513024;0.001895424;0.002113536;0.009308160000000001;0.037451776000000006;0.0447744;0.05044224;0.10848870399999999;0.12437811200000001;0.113057792;0.085797888;0.031501312;0.021031936;0.018215936;0.013530112;0.016949248;0.028163072;0.030380031999999998;0.029151232;0.06856806400000001;0.09269555200000001;0.10199347199999999;0.142472192;0.146084864;0.094066688;0.07779123199999999;0.055997439999999996;0.05087232;0.050646016;0.040890368;0.035556352;0.035584;0.02463232;0.017862656;0.017144832000000002;0.01094144;0.008316928;0.007927808;0.009833472;0.008630272;0.005239808;0.005470208000000001;0.005735424;0.005195776000000001;0.0037601279999999997;0.004560896;0.005293056;0.00310784;0.004393983999999999;0.004066304;0.004217856000000001;0.0045056;0.0034959360000000003;0.001845248;0.001936384;0.001979392;0.001652736;0.0011837439999999998;0.001108992;0.001831936;0.002413568;0.0017848319999999999;0.001282048;0.001513472;0.0013987840000000001;0.0013506560000000002;0.0012154879999999998;0.001399808;0.0014336;0.001103872;0.000990208;0.000989184;0.0007290879999999999;0.000666624;0.0005847039999999999;0.000714752;0.0006952960000000001;0.0008304639999999999;0.000813056
1775609100,hdr,0.0293;0.03906;0.04883;0.05859;0.06836;0.07813;0.08789;0.09766;0.10742;0.11719;0.12695;0.13672;0.14648;0.15625;0.16602;0.17578;0.18555;0.19531;0.20508;0.21484;0.22461;0.23438;0.24414;0.25391;0.26367;0.27344;0.2832;0.29297;0.30273;0.3125;0.32227;0.33203;0.3418;0.35156;0.36133;0.37109;0.38086;0.39063;0.40039;0.41016;0.41992;0.42969;0.43945;0.44922;0.45898;0.46875;0.47852;0.48828;0.49805;0.50781;0.51758;0.52734;0.53711;0.54688;0.55664;0.56641;0.57617;0.58594;0.5957;0.60547;0.61523;0.625;0.63477;0.64453;0.6543;0.66406;0.67383;0.68359;0.69336;0.70313;0.71289;0.72266;0.73242;0.74219;0.75195;0.76172;0.77148;0.78125;0.79102,0.000118784;0.000253952;0.001964032;0.003720192;0.014384128000000001;0.051813375999999994;0.064290816;0.064043008;0.136459264;0.140929024;0.09152512;0.062575616;0.049255424;0.029203456;0.01890304;0.015325183999999999;0.013306879999999998;0.025518080000000002;0.041981951999999996;0.092081152;0.12334694399999999;0.15668019200000002;0.21248102400000002;0.165572608;0.116310016;0.127814656;0.08623411199999999;0.052915199999999996;0.045698048000000005;0.031327231999999997;0.044993536;0.026996735999999997;0.021827584000000004;0.014611456;0.009391104;0.017784832000000004;0.012875776;0.012830719999999999;0.01321984;0.009539583999999999;0.0069273600000000005;0.009302016;0.006453248000000001;0.006514687999999999;0.008722431999999999;0.00565248;0.003122176;0.003559424;0.0037724160000000002;0.004446208000000001;0.00479232;0.004117504;0.004088832;0.0032808959999999997;0.002547712;0.002757632;0.001480704;0.001847296;0.001560576;0.0013352960000000001;0.001601536;0.0021442559999999998;0.001789952;0.0014243840000000001;0.0011284479999999998;0.001393664;0.0011427840000000002;0.0011714560000000002;0.0008202239999999999;0.000964608;0.001153024;0.0009748480000000001;0.000621568;0.000411648;0.000623616;0.000694272;0.000908288;0.0005724160000000001;0.000386048
1775610000,hdr,0.0293;0.03906;0.04883;0.05859;0.06836;0.07813;0.08789;0.09766;0.10742;0.11719;0.12695;0.13672;0.14648;0.15625;0.16602;0.17578;0.18555;0.19531;0.20508;0.21484;0.22461;0.23438;0.24414;0.25391;0.26367;0.27344;0.2832;0.29297;0.30273;0.3125;0.32227;0.33203;0.3418;0.35156;0.36133;0.37109;0.38086;0.39063;0.40039;0.41016;0.41992;0.42969;0.43945;0.44922;0.45898;0.46875;0.47852;0.48828;0.49805;0.50781;0.51758;0.52734;0.53711;0.54688;0.55664;0.56641;0.57617;0.58594;0.5957;0.60547;0.61523;0.625;0.63477;0.64453;0.6543;0.66406;0.67383;0.68359;0.69336;0.70313;0.71289;0.72266;0.73242;0.74219;0.75195;0.76172;0.77148;0.78125;0.79102,0.000750592;0.001731584;0.009389056;0.007020544;0.027949056;0.029310976;0.030759936;0.05632;0.09833164800000001;0.096072704;0.062078975999999994;0.051125248;0.045520896;0.017571840000000002;0.013387776;0.017606656000000002;0.01600512;0.035978239999999995;0.053397504;0.06545817599999999;0.0949248;0.071865344;0.08715161600000002;0.08799436799999999;0.115196928;0.06933196800000001;0.040040448;0.038873088;0.040949759999999995;0.041257984000000004;0.034870271999999994;0.025196543999999998;0.02270208;0.017011712;0.015362048;0.012045312;0.00790016;0.009145344;0.010417152;0.008071168;0.010327040000000001;0.007209984;0.005636096;0.004525056;0.00342016;0.0048128;0.005420032;0.005106688;0.003550208;0.0032194560000000003;0.002803712;0.002448384;0.002399232;0.002029568;0.0031313919999999998;0.0040396799999999995;0.002033664;0.0012052480000000001;0.001544192;0.00167424;0.0021985280000000004;0.0020029439999999996;0.001531904;0.001410048;0.0010680320000000002;0.000687104;0.0010598399999999998;0.001282048;0.001053696;0.000809984;0.000544768;0.00064;0.00047411199999999995;0.000663552;0.000828416;0.0007116799999999999;0.000461824;0.00047104000000000004;0.000626688
1775610900,hdr,0.0293;0.03906;0.04883;0.05859;0.06836;0.07813;0.08789;0.09766;0.10742;0.11719;0.12695;0.13672;0.14648;0.15625;0.16602;0.17578;0.18555;0.19531;0.20508;0.21484;0.22461;0.23438;0.24414;0.25391;0.26367;0.27344;0.2832;0.29297;0.30273;0.3125;0.32227;0.33203;0.3418;0.35156;0.36133;0.37109;0.38086;0.39063;0.40039;0.41016;0.41992;0.42969;0.43945;0.44922;0.45898;0.46875;0.47852;0.48828;0.49805;0.50781;0.51758;0.52734;0.53711;0.54688;0.55664;0.56641;0.57617;0.58594;0.5957;0.60547;0.61523;0.625;0.63477;0.64453;0.6543;0.66406;0.67383;0.68359;0.69336;0.70313;0.71289;0.72266;0.73242;0.74219;0.75195;0.76172;0.77148;0.78125;0.79102,0.0003072;0.00289792;0.00643584;0.004665344;0.012821504;0.031484928;0.049215487999999995;0.08980992;0.14718361600000002;0.107388928;0.085061632;0.051503104;0.0396544;0.052824064;0.03326464;0.030125056;0.041726976;0.064852992;0.07340748799999999;0.08707481599999999;0.130176;0.123626496;0.086299648;0.09702195200000001;0.06515507200000001;0.07836364800000001;0.039022592;0.025772032;0.027430912000000002;0.021947392;0.0265984;0.028229631999999998;0.021067775999999996;0.027966464;0.016885760000000003;0.010825728;0.016602112000000002;0.013372416;0.008003584;0.0076595199999999995;0.009160704000000002;0.006488063999999999;0.005009407999999999;0.0045823999999999995;0.006895616;0.006941696;0.005644288000000001;0.003579904;0.00257024;0.0025036800000000003;0.002609152;0.002308096;0.002948096;0.0032573439999999997;0.003396608;0.003204096;0.0019455999999999998;0.00178176;0.00214016;0.00236544;0.001830912;0.0012042239999999998;0.00151552;0.0011909120000000001;0.000837632;0.0014919679999999998;0.001306624;0.001250304;0.001082368;0.001193984;0.0008386559999999999;0.000872448;0.0006973439999999999;0.000649216;0.00043110399999999997;0.0005601279999999999;0.0005857280000000001;0.001221632;0.0011735040000000001
1775611800,hdr,0.0293;0.03906;0.04883;0.05859;0.06836;0.07813;0.08789;0.09766;0.10742;0.11719;0.12695;0.13672;0.14648;0.15625;0.16602;0.17578;0.18555;0.19531;0.20508;0.21484;0.22461;0.23438;0.24414;0.25391;0.26367;0.27344;0.2832;0.29297;0.30273;0.3125;0.32227;0.33203;0.3418;0.35156;0.36133;0.37109;0.38086;0.39063;0.40039;0.41016;0.41992;0.42969;0.43945;0.44922;0.45898;0.46875;0.47852;0.48828;0.49805;0.50781;0.51758;0.52734;0.53711;0.54688;0.55664;0.56641;0.57617;0.58594;0.5957;0.60547;0.61523;0.625;0.63477;0.64453;0.6543;0.66406;0.67383;0.68359;0.69336;0.70313;0.71289;0.72266;0.73242;0.74219;0.75195;0.76172;0.77148;0.78125;0.79102,0.00013311999999999997;0.001531904;0.004953088;0.006301696;0.01744384;0.023565311999999998;0.037753856;0.090734592;0.14608896;0.12755967999999998;0.067441664;0.03945472;0.03862528;0.051986432;0.069559296;0.072066048;0.055813119999999994;0.06438912000000001;0.073194496;0.07012147199999999;0.094647296;0.09039462399999999;0.07894630400000001;0.075999232;0.065435648;0.067315712;0.053154816;0.027527167999999998;0.03948032;0.030993408;0.016693248;0.022149119999999998;0.024032256000000002;0.019933184;0.016922624;0.015289344;0.014030848;0.010185728;0.010504191999999999;0.00733184;0.005020672;0.005484544;0.0050401280000000005;0.004675584;0.0030668799999999997;0.004130816000000001;0.004059136;0.004087808;0.0048332800000000006;0.0035123199999999998;0.001777664;0.00155648;0.0022814719999999997;0.002048;0.0025497600000000003;0.002868224;0.0018237440000000002;0.001125376;0.0013946879999999998;0.001403904;0.001523712;0.00206848;0.001504256;0.001353728;0.000933888;0.0012308479999999999;0.001317888;0.000915456;0.000867328;0.0008325120000000001;0.0012308479999999999;0.000841728;0.0009400319999999999;0.0006932479999999999;0.000611328;0.0008355839999999999;0.000791552;0.00061952;0.000557056
1775612700,hdr,0.0293;0.03906;0.04883;0.05859;0.06836;0.07813;0.08789;0.09766;0.10742;0.11719;0.12695;0.13672;0.14648;0.15625;0.16602;0.17578;0.18555;0.19531;0.20508;0.21484;0.22461;0.23438;0.24414;0.25391;0.26367;0.27344;0.2832;0.29297;0.30273;0.3125;0.32227;0.33203;0.3418;0.35156;0.36133;0.37109;0.38086;0.39063;0.40039;0.41016;0.41992;0.42969;0.43945;0.44922;0.45898;0.46875;0.47852;0.48828;0.49805;0.50781;0.51758;0.52734;0.53711;0.54688;0.55664;0.56641;0.57617;0.58594;0.5957;0.60547;0.61523;0.625;0.63477;0.64453;0.6543;0.66406;0.67383;0.68359;0.69336;0.70313;0.71289;0.72266;0.73242;0.74219;0.75195;0.76172;0.77148;0.78125;0.79102,0.000178176;0.001446912;0.00371712;0.006176768;0.015736832;0.025821183999999997;0.0436224;0.073547776;0.100649984;0.091949056;0.058049536;0.055840768;0.06069862400000001;0.063760384;0.108973056;0.11136204799999999;0.03963904;0.066579456;0.1500672;0.189633536;0.135709696;0.15537766400000003;0.194390016;0.12730265600000001;0.065744896;0.053960704;0.03556864;0.021343232;0.022631424;0.022190079999999997;0.023152640000000002;0.01711616;0.0147712;0.018766848;0.011305984;0.01686016;0.011292672;0.011159552;0.008251392;0.00554496;0.006908928000000001;0.007299072;0.006564863999999999;0.00409088;0.00339456;0.00408576;0.003786752;0.00406528;0.003680256;0.0034652159999999997;0.003434496;0.0023807999999999998;0.0025743360000000004;0.00169472;0.0013946879999999998;0.001989632;0.00229888;0.001903616;0.0024340480000000003;0.0020592640000000003;0.0025047039999999995;0.001570816;0.001301504;0.001513472;0.0012451839999999999;0.0014438399999999998;0.001374208;0.001364992;0.001508352;0.00101376;0.001143808;0.0010086399999999999;0.000744448;0.001101824;0.001063936;0.0006696959999999999;0.0006973439999999999;0.000518144;0.00044544
1775613600,hdr,0.0293;0.03906;0.04883;0.05859;0.06836;0.07813;0.08789;0.09766;0.10742;0.11719;0.12695;0.13672;0.14648;0.15625;0.16602;0.17578;0.18555;0.19531;0.20508;0.21484;0.22461;0.23438;0.24414;0.25391;0.26367;0.27344;0.2832;0.29297;0.30273;0.3125;0.32227;0.33203;0.3418;0.35156;0.36133;0.37109;0.38086;0.39063;0.40039;0.41016;0.41992;0.42969;0.43945;0.44922;0.45898;0.46875;0.47852;0.48828;0.49805;0.50781;0.51758;0.52734;0.53711;0.54688;0.55664;0.56641;0.57617;0.58594;0.5957;0.60547;0.61523;0.625;0.63477;0.64453;0.6543;0.66406;0.67383;0.68359;0.69336;0.70313;0.71289;0.72266;0.73242;0.74219;0.75195;0.76172;0.77148;0.78125;0.79102,0.000525312;0.0025579519999999996;0.00400896;0.010947584000000002;0.05484544;0.042814463999999997;0.028239872;0.13444710399999998;0.17227980799999998;0.16922316799999998;0.147091456;0.08840396800000001;0.050371584;0.07997951999999998;0.16969523200000003;0.18348032;0.185678848;0.172019712;0.148276224;0.15721779200000002;0.192364544;0.152052736;0.079647744;0.043236352;0.054196224;0.056708096;0.043067392;0.04272128;0.045037568;0.030150656;0.031409151999999996;0.030961664;0.023550975999999998;0.015017984;0.014913536;0.012990464;0.009310207999999999;0.009444352000000001;0.009452544;0.004758528000000001;0.0064296959999999995;0.006699008;0.005014528;0.0039055360000000003;0.004706304;0.005195776000000001;0.00280064;0.002850816;0.0027648;0.003268608;0.0028385280000000003;0.001928192;0.0033740800000000002;0.004013055999999999;0.0023459839999999997;0.001681408;0.001166336;0.0015534079999999998;0.002199552;0.0020357120000000003;0.0016066560000000001;0.0015779840000000002;0.001723392;0.001159168;0.0009205759999999999;0.001181696;0.001050624;0.001358848;0.001591296;0.0011048960000000002;0.0006656;0.0006123519999999999;0.000714752;0.000656384;0.000507904;0.000642048;0.00032256;0.000594944;0.0005713920000000001
1775614500,hdr,0.0293;0.03906;0.04883;0.05859;0.06836;0.07813;0.08789;0.09766;0.10742;0.11719;0.12695;0.13672;0.14648;0.15625;0.16602;0.17578;0.18555;0.19531;0.20508;0.21484;0.22461;0.23438;0.24414;0.25391;0.26367;0.27344;0.2832;0.29297;0.30273;0.3125;0.32227;0.33203;0.3418;0.35156;0.36133;0.37109;0.38086;0.39063;0.40039;0.41016;0.41992;0.42969;0.43945;0.44922;0.45898;0.46875;0.47852;0.48828;0.49805;0.50781;0.51758;0.52734;0.53711;0.54688;0.55664;0.56641;0.57617;0.58594;0.5957;0.60547;0.61523;0.625;0.63477;0.64453;0.6543;0.66406;0.67383;0.68359;0.69336;0.70313;0.71289;0.72266;0.73242;0.74219;0.75195;0.76172;0.77148;0.78125;0.79102,0.000658432;0.006965247999999999;0.0075202559999999995;0.00695296;0.030552064000000004;0.040187904;0.025566208;0.04297728;0.11846656;0.147877888;0.099232768;0.063227904;0.05273395200000001;0.07559475199999999;0.09226752;0.127572992;0.19684147200000002;0.17835315200000001;0.10313728;0.150388736;0.199810048;0.13743616;0.072040448;0.10213990399999999;0.06121984;0.034363392;0.03209728;0.029361152;0.026456064;0.018096128;0.013765632;0.022064128000000002;0.013509631999999999;0.011030528;0.010083327999999999;0.008752128000000001;0.005830656;0.008466432;0.011303936;0.010522624;0.00977408;0.004005887999999999;0.0058316800000000005;0.0030832639999999996;0.003756032;0.004313088;0.004453375999999999;0.00417792;0.003355648;0.0022784000000000003;0.002910208;0.005158912;0.002766848;0.001475584;0.0026071040000000003;0.002506752;0.0018135039999999999;0.002868224;0.002535424;0.002060288;0.0020910079999999997;0.0016148479999999999;0.001824768;0.001626112;0.001222656;0.001125376;0.001584128;0.0012994559999999998;0.001027072;0.001096704;0.0005918719999999999;0.000497664;0.0006891520000000001;0.00067584;0.0006082559999999999;0.000951296;0.0007772160000000001;0.0006123519999999999;0.00062976
1775615400,hdr,0.0293;0.03906;0.04883;0.05859;0.06836;0.07813;0.08789;0.09766;0.10742;0.11719;0.12695;0.13672;0.14648;0.15625;0.16602;0.17578;0.18555;0.19531;0.20508;0.21484;0.22461;0.23438;0.24414;0.25391;0.26367;0.27344;0.2832;0.29297;0.30273;0.3125;0.32227;0.33203;0.3418;0.35156;0.36133;0.37109;0.38086;0.39063;0.40039;0.41016;0.41992;0.42969;0.43945;0.44922;0.45898;0.46875;0.47852;0.48828;0.49805;0.50781;0.51758;0.52734;0.53711;0.54688;0.55664;0.56641;0.57617;0.58594;0.5957;0.60547;0.61523;0.625;0.63477;0.64453;0.6543;0.66406;0.67383;0.68359;0.69336;0.70313;0.71289;0.72266;0.73242;0.74219;0.75195;0.76172;0.77148;0.78125;0.79102,0.002363392;0.010083327999999999;0.012186624;0.01409024;0.024025088;0.029461504;0.029574144;0.058318848000000006;0.08489983999999999;0.1214464;0.13009100799999998;0.048141312;0.050577408;0.107446272;0.13788979199999998;0.176743424;0.162752512;0.190753792;0.178510848;0.175268864;0.114528256;0.08284467200000001;0.077755392;0.082601984;0.059041792;0.028839936;0.03483648;0.027276288;0.018455552;0.028278784000000005;0.0169984;0.014830591999999998;0.016149504000000002;0.012765183999999999;0.009996288;0.014211072;0.011464704;0.00704512;0.007586816;0.008029184000000002;0.006020096;0.0056330239999999995;0.006325248;0.004227072;0.004788223999999999;0.0038420480000000003;0.003081216;0.00367104;0.003073024;0.002043904;0.001548288;0.0023930880000000002;0.004378624000000001;0.003150848;0.0020172799999999998;0.002139136;0.0020224;0.002043904;0.001875968;0.0018718720000000001;0.00165888;0.002011136;0.002070528;0.002062336;0.001308672;0.0010516479999999999;0.0017192959999999997;0.001304576;0.000924672;0.001605632;0.001248256;0.0011970559999999997;0.00103936;0.0007423999999999999;0.000651264;0.0005478400000000001;0.0004956159999999999;0.0006656;0.000545792
1775616300,hdr,0.0293;0.03906;0.04883;0.05859;0.06836;0.07813;0.08789;0.09766;0.10742;0.11719;0.12695;0.13672;0.14648;0.15625;0.16602;0.17578;0.18555;0.19531;0.20508;0.21484;0.22461;0.23438;0.24414;0.25391;0.26367;0.27344;0.2832;0.29297;0.30273;0.3125;0.32227;0.33203;0.3418;0.35156;0.36133;0.37109;0.38086;0.39063;0.40039;0.41016;0.41992;0.42969;0.43945;0.44922;0.45898;0.46875;0.47852;0.48828;0.49805;0.50781;0.51758;0.52734;0.53711;0.54688;0.55664;0.56641;0.57617;0.58594;0.5957;0.60547;0.61523;0.625;0.63477;0.64453;0.6543;0.66406;0.67383;0.68359;0.69336;0.70313;0.71289;0.72266;0.73242;0.74219;0.75195;0.76172;0.77148;0.78125;0.79102,0.0073953280000000005;0.023230464;0.014892032000000001;0.020524031999999998;0.03103232;0.035662848;0.035939328;0.076481536;0.09642495999999999;0.08677273599999999;0.085431296;0.038238207999999996;0.04001075199999999;0.07169638399999999;0.135071744;0.180041728;0.205272064;0.162668544;0.127951872;0.096954368;0.06716723200000001;0.055176192000000006;0.039761920000000006;0.054057983999999996;0.043308031999999996;0.033094656;0.035005440000000006;0.027976704;0.021925887999999998;0.025344;0.015494144;0.013872128000000001;0.010653696;0.010921984000000001;0.012641280000000001;0.007857152;0.004117504;0.004461567999999999;0.0055531520000000004;0.0058316800000000005;0.0035471359999999998;0.0038881280000000002;0.004704256;0.0045475839999999995;0.004921344;0.0034580479999999996;0.002655232;0.001847296;0.0023767040000000003;0.0021196799999999997;0.0028876799999999997;0.003027968;0.002147328;0.001934336;0.001283072;0.0010086399999999999;0.0013352960000000001;0.00150528;0.001931264;0.001890304;0.001901568;0.001497088;0.000759808;0.000613376;0.001089536;0.001431552;0.0014233599999999998;0.000881664;0.000676864;0.001010688;0.0009605120000000001;0.000847872;0.0008704;0.000704512;0.0005867520000000001;0.000565248;0.000475136;0.000605184;0.000492544
1775617200,hdr,0.0293;0.03906;0.04883;0.05859;0.06836;0.07813;0.08789;0.09766;0.10742;0.11719;0.12695;0.13672;0.14648;0.15625;0.16602;0.17578;0.18555;0.19531;0.20508;0.21484;0.22461;0.23438;0.24414;0.25391;0.26367;0.27344;0.2832;0.29297;0.30273;0.3125;0.32227;0.33203;0.3418;0.35156;0.36133;0.37109;0.38086;0.39063;0.40039;0.41016;0.41992;0.42969;0.43945;0.44922;0.45898;0.46875;0.47852;0.48828;0.49805;0.50781;0.51758;0.52734;0.53711;0.54688;0.55664;0.56641;0.57617;0.58594;0.5957;0.60547;0.61523;0.625;0.63477;0.64453;0.6543;0.66406;0.67383;0.68359;0.69336;0.70313;0.71289;0.72266;0.73242;0.74219;0.75195;0.76172;0.77148;0.78125;0.79102,0.004865024;0.009421824;0.011808768;0.014229504;0.04118323199999999;0.030920704;0.028681216;0.051233792;0.10529996800000001;0.13236838399999998;0.120664064;0.07759974400000001;0.058515456;0.08822374399999999;0.15333887999999998;0.18419507200000002;0.239748096;0.171994112;0.085860352;0.06945689599999999;0.07837081600000001;0.071729152;0.06848819199999999;0.038775807999999995;0.024343552;0.017110016000000002;0.022490112;0.024650752;0.011442176;0.0171264;0.015019008;0.009136127999999999;0.008547328;0.009092096;0.008020992;0.00812032;0.005142528;0.00338432;0.005262336;0.005476352000000001;0.003373056;0.0033105920000000002;0.0031784960000000003;0.003584;0.0031160320000000004;0.003054592;0.002379776;0.001639424;0.0019968;0.00141312;0.0013905920000000002;0.00200192;0.002587648;0.002535424;0.001806336;0.001666048;0.002505728;0.00169472;0.001429504;0.0014376960000000002;0.001782784;0.001294336;0.001108992;0.001103872;0.000903168;0.000770048;0.001256448;0.001033216;0.000769024;0.0008345599999999999;0.000620544;0.00046489599999999996;0.0004915200000000001;0.000339968;0.000519168;0.000393216;0.0006993920000000001;0.0006830079999999999;0.000559104
1775618100,hdr,0.0293;0.03906;0.04883;0.05859;0.06836;0.07813;0.08789;0.09766;0.10742;0.11719;0.12695;0.13672;0.14648;0.15625;0.16602;0.17578;0.18555;0.19531;0.20508;0.21484;0.22461;0.23438;0.24414;0.25391;0.26367;0.27344;0.2832;0.29297;0.30273;0.3125;0.32227;0.33203;0.3418;0.35156;0.36133;0.37109;0.38086;0.39063;0.40039;0.41016;0.41992;0.42969;0.43945;0.44922;0.45898;0.46875;0.47852;0.48828;0.49805;0.50781;0.51758;0.52734;0.53711;0.54688;0.55664;0.56641;0.57617;0.58594;0.5957;0.60547;0.61523;0.625;0.63477;0.64453;0.6543;0.66406;0.67383;0.68359;0.69336;0.70313;0.71289;0.72266;0.73242;0.74219;0.75195;0.76172;0.77148;0.78125;0.79102,0.005788672000000001;0.011204608;0.012614656;0.019888127999999998;0.043736064;0.06276915200000001;0.069932032;0.0584704;0.106213376;0.15526092800000002;0.14548275200000002;0.06288896;0.045591552;0.068560896;0.110283776;0.115708928;0.07881216;0.125901824;0.07410175999999999;0.07196774399999999;0.08254464;0.08466124800000001;0.048424959999999996;0.025866240000000002;0.016618496;0.028203008;0.027452416;0.011571199999999999;0.007190527999999999;0.013907968000000001;0.010753024;0.007957504;0.006002688;0.004837376;0.005267456;0.003457024;0.0052520959999999995;0.005174272;0.006586368;0.004304896000000001;0.00306176;0.0024576;0.0023838720000000004;0.00175104;0.001729536;0.0015687680000000001;0.002193408;0.002061312;0.001972224;0.001139712;0.0016138239999999998;0.0020930559999999994;0.0026808319999999997;0.001714176;0.0018810880000000002;0.001292288;0.0011694079999999998;0.0011120639999999998;0.001193984;0.00118272;0.0011120639999999998;0.00117248;0.001376256;0.0010956800000000001;0.0011427840000000002;0.0009021439999999999;0.0010475520000000002;0.001125376;0.000524288;0.000625664;0.000582656;0.000577536;0.0007249919999999999;0.001055744;0.000878592;0.000789504;0.000651264;0.000335872;0.000380928
1775619000,hdr,0.0293;0.03906;0.04883;0.05859;0.06836;0.07813;0.08789;0.09766;0.10742;0.11719;0.12695;0.13672;0.14648;0.15625;0.16602;0.17578;0.18555;0.19531;0.20508;0.21484;0.22461;0.23438;0.24414;0.25391;0.26367;0.27344;0.2832;0.29297;0.30273;0.3125;0.32227;0.33203;0.3418;0.35156;0.36133;0.37109;0.38086;0.39063;0.40039;0.41016;0.41992;0.42969;0.43945;0.44922;0.45898;0.46875;0.47852;0.48828;0.49805;0.50781;0.51758;0.52734;0.53711;0.54688;0.55664;0.56641;0.57617;0.58594;0.5957;0.60547;0.61523;0.625;0.63477;0.64453;0.6543;0.66406;0.67383;0.68359;0.69336;0.70313;0.71289;0.72266;0.73242;0.74219;0.75195;0.76172;0.77148;0.78125;0.79102,0.026729472;0.034414591999999994;0.024793088;0.01593344;0.025777152;0.034371584;0.044150784;0.088612864;0.079246336;0.067995648;0.084310016;0.063857664;0.033814528;0.069512192;0.157835264;0.13915136;0.10742272;0.09169408;0.068651008;0.0702976;0.055872512;0.04935372799999999;0.026763264;0.032238591999999996;0.028428287999999996;0.028071936000000002;0.025345023999999997;0.015960064;0.010233856;0.01106944;0.008776704;0.0098304;0.01003008;0.006844416;0.00553472;0.0051599359999999995;0.004559872;0.004327424;0.00384;0.00272384;0.0026705920000000003;0.003504128;0.002156544;0.0015964160000000002;0.0017192959999999997;0.002267136;0.001591296;0.002030592;0.001779712;0.0013578239999999999;0.0012042239999999998;0.0009021439999999999;0.00131072;0.0018995200000000002;0.00159744;0.001293312;0.001426432;0.00146944;0.0013660159999999998;0.0012953600000000002;0.0008663039999999999;0.00075776;0.0008222720000000001;0.000990208;0.001154048;0.001061888;0.000891904;0.00082432;0.000908288;0.0009441279999999999;0.0008069119999999999;0.0006840319999999999;0.000611328;0.0007249919999999999;0.00036966399999999996;0.000515072;0.000459776;0.000384;0.000555008
1775619900,hdr,0.0293;0.03906;0.04883;0.05859;0.06836;0.07813;0.08789;0.09766;0.10742;0.11719;0.12695;0.13672;0.14648;0.15625;0.16602;0.17578;0.18555;0.19531;0.20508;0.21484;0.22461;0.23438;0.24414;0.25391;0.26367;0.27344;0.2832;0.29297;0.30273;0.3125;0.32227;0.33203;0.3418;0.35156;0.36133;0.37109;0.38086;0.39063;0.40039;0.41016;0.41992;0.42969;0.43945;0.44922;0.45898;0.46875;0.47852;0.48828;0.49805;0.50781;0.51758;0.52734;0.53711;0.54688;0.55664;0.56641;0.57617;0.58594;0.5957;0.60547;0.61523;0.625;0.63477;0.64453;0.6543;0.66406;0.67383;0.68359;0.69336;0.70313;0.71289;0.72266;0.73242;0.74219;0.75195;0.76172;0.77148;0.78125;0.79102,0.01509376;0.021505023999999998;0.016975872;0.018654208000000002;0.033980416;0.076184576;0.052364288;0.057864192;0.103382016;0.135028736;0.09620787199999999;0.061648896;0.034316288;0.028374016;0.06724096;0.11687936;0.13059379200000001;0.129047552;0.082011136;0.04456550399999999;0.0621568;0.054969343999999996;0.039209983999999996;0.026932224;0.018999296000000002;0.015332352;0.019496960000000004;0.013577216;0.007675904000000001;0.007591936;0.006974464;0.005030912;0.00433152;0.008348672;0.006319104;0.0028088320000000003;0.00247808;0.003565568;0.003398656;0.002110464;0.002622464;0.002852864;0.003018752;0.001849344;0.0017930239999999998;0.0012994559999999998;0.000932864;0.0009625599999999999;0.0008704;0.0009584639999999999;0.0009041920000000001;0.0008601600000000001;0.00064512;0.000790528;0.0011264;0.00118272;0.001153024;0.000672768;0.000582656;0.00088064;0.0012165119999999999;0.000966656;0.00079872;0.00075776;0.0005468159999999999;0.00039731200000000003;0.00062976;0.000679936;0.00044646400000000004;0.0003328;0.000559104;0.0005324799999999999;0.000596992;0.000688128;0.0006656;0.00048639999999999995;0.000514048;0.00063488;0.000700416
1775620800,hdr,0.0293;0.03906;0.04883;0.05859;0.06836;0.07813;0.08789;0.09766;0.10742;0.11719;0.12695;0.13672;0.14648;0.15625;0.16602;0.17578;0.18555;0.19531;0.20508;0.21484;0.22461;0.23438;0.24414;0.25391;0.26367;0.27344;0.2832;0.29297;0.30273;0.3125;0.32227;0.33203;0.3418;0.35156;0.36133;0.37109;0.38086;0.39063;0.40039;0.41016;0.41992;0.42969;0.43945;0.44922;0.45898;0.46875;0.47852;0.48828;0.49805;0.50781;0.51758;0.52734;0.53711;0.54688;0.55664;0.56641;0.57617;0.58594;0.5957;0.60547;0.61523;0.625;0.63477;0.64453;0.6543;0.66406;0.67383;0.68359;0.69336;0.70313;0.71289;0.72266;0.73242;0.74219;0.75195;0.76172;0.77148;0.78125;0.79102,0.007766016;0.016442368;0.035700736;0.037791744;0.036140032;0.032928768;0.031446016;0.10581401599999998;0.18176204799999998;0.148278272;0.097642496;0.045207552000000005;0.045748224000000004;0.052925440000000004;0.09678540800000002;0.190201856;0.102110208;0.037234688;0.052217856;0.062452736;0.0761088;0.061401088000000006;0.03665100799999999;0.027923456000000003;0.019170304;0.015666176;0.012083199999999999;0.011497472;0.009055232;0.006729728;0.006301696;0.005691392;0.005395456;0.005849088;0.002840576;0.0026071040000000003;0.0033720319999999996;0.0019046400000000002;0.001847296;0.00150528;0.001529856;0.0013035520000000001;0.00076288;0.00067584;0.001250304;0.001352704;0.00142848;0.0008509440000000001;0.000779264;0.000738304;0.000748544;0.000751616;0.000765952;0.000854016;0.001133568;0.001058816;0.000702464;0.00074752;0.0009564160000000001;0.000776192;0.000712704;0.000687104;0.000448512;0.00044339199999999997;0.000872448;0.000483328;0.000786432;0.001084416;0.000636928;0.0007075839999999999;0.00027648;0.000456704;0.000626688;0.000676864;0.0004986880000000001;0.00052224;0.000512;0.00042803200000000007;0.0005642239999999999
1775621700,hdr,0.0293;0.03906;0.04883;0.05859;0.06836;0.07813;0.08789;0.09766;0.10742;0.11719;0.12695;0.13672;0.14648;0.15625;0.16602;0.17578;0.18555;0.19531;0.20508;0.21484;0.22461;0.23438;0.24414;0.25391;0.26367;0.27344;0.2832;0.29297;0.30273;0.3125;0.32227;0.33203;0.3418;0.35156;0.36133;0.37109;0.38086;0.39063;0.40039;0.41016;0.41992;0.42969;0.43945;0.44922;0.45898;0.46875;0.47852;0.48828;0.49805;0.50781;0.51758;0.52734;0.53711;0.54688;0.55664;0.56641;0.57617;0.58594;0.5957;0.60547;0.61523;0.625;0.63477;0.64453;0.6543;0.66406;0.67383;0.68359;0.69336;0.70313;0.71289;0.72266;0.73242;0.74219;0.75195;0.76172;0.77148;0.78125;0.79102,0.009217023999999999;0.016470016;0.017907712;0.017246208;0.030240768;0.038294528;0.027553792;0.071996416;0.10226073599999999;0.091696128;0.104249344;0.06087782399999999;0.035322879999999994;0.025260031999999998;0.06993407999999998;0.11809996800000001;0.12652748800000002;0.076940288;0.04619878400000001;0.069701632;0.052291584;0.033143808;0.019385344000000002;0.012837887999999999;0.016253952000000002;0.014693376000000001;0.008628224;0.008992768;0.00848384;0.008057855999999999;0.004591616;0.003095552;0.003935232;0.0037918720000000004;0.002460672;0.0023500800000000005;0.003359744;0.002753536;0.001968128;0.001586176;0.000989184;0.0012544;0.001462272;0.0010178560000000001;0.0010086399999999999;0.0012605440000000002;0.000764928;0.000910336;0.001221632;0.000897024;0.0009564160000000001;0.0010680320000000002;0.0006676480000000001;0.00046796800000000003;0.000687104;0.000826368;0.000816128;0.000871424;0.0009615359999999999;0.001021952;0.00067584;0.000726016;0.000790528;0.00062464;0.00052736;0.00047001599999999997;0.00050688;0.00043827199999999997;0.000514048;0.00045056;0.00040755200000000004;0.000512;0.000607232;0.000736256;0.0006123519999999999;0.000352256;0.000190464;0.000229376;0.00027648
1775622600,hdr,0.0293;0.03906;0.04883;0.05859;0.06836;0.07813;0.08789;0.09766;0.10742;0.11719;0.12695;0.13672;0.14648;0.15625;0.16602;0.17578;0.18555;0.19531;0.20508;0.21484;0.22461;0.23438;0.24414;0.25391;0.26367;0.27344;0.2832;0.29297;0.30273;0.3125;0.32227;0.33203;0.3418;0.35156;0.36133;0.37109;0.38086;0.39063;0.40039;0.41016;0.41992;0.42969;0.43945;0.44922;0.45898;0.46875;0.47852;0.48828;0.49805;0.50781;0.51758;0.52734;0.53711;0.54688;0.55664;0.56641;0.57617;0.58594;0.5957;0.60547;0.61523;0.625;0.63477;0.64453;0.6543;0.66406;0.67383;0.68359;0.69336;0.70313;0.71289;0.72266;0.73242;0.74219;0.75195;0.76172;0.77148;0.78125;0.79102,0.010656768;0.01059328;0.00522752;0.010299392;0.023447552000000003;0.026253312;0.020350976;0.048770048;0.093575168;0.08858419199999999;0.077006848;0.042714112;0.026423296000000002;0.036207616000000005;0.101157888;0.15052287999999997;0.12178124800000001;0.069403648;0.047892479999999994;0.037366784;0.03009024;0.028135424;0.020376576;0.019133439999999998;0.008872960000000001;0.006863871999999999;0.007328768;0.0071167999999999995;0.006171648;0.0037345280000000004;0.004969472;0.003232768;0.003355648;0.004278272;0.00305664;0.0026695679999999998;0.0023807999999999998;0.001542144;0.00133632;0.000930816;0.001074176;0.000867328;0.0011704320000000001;0.001212416;0.001359872;0.0009400319999999999;0.0009472;0.0011427840000000002;0.0010956800000000001;0.000887808;0.0007280640000000001;0.0007772160000000001;0.000898048;0.000941056;0.000651264;0.000611328;0.0008192000000000001;0.00115712;0.00103424;0.000744448;0.000607232;0.00039423999999999997;0.00047718399999999996;0.000526336;0.000633856;0.0005232639999999998;0.000365568;0.000526336;0.0006819840000000001;0.0005478400000000001;0.000468992;0.000456704;0.0007096320000000001;0.000569344;0.000421888;0.000347136;0.00037068800000000004;0.00033382400000000003;0.00032768
1775623500,hdr,0.0293;0.03906;0.04883;0.05859;0.06836;0.07813;0.08789;0.09766;0.10742;0.11719;0.12695;0.13672;0.14648;0.15625;0.16602;0.17578;0.18555;0.19531;0.20508;0.21484;0.22461;0.23438;0.24414;0.25391;0.26367;0.27344;0.2832;0.29297;0.30273;0.3125;0.32227;0.33203;0.3418;0.35156;0.36133;0.37109;0.38086;0.39063;0.40039;0.41016;0.41992;0.42969;0.43945;0.44922;0.45898;0.46875;0.47852;0.48828;0.49805;0.50781;0.51758;0.52734;0.53711;0.54688;0.55664;0.56641;0.57617;0.58594;0.5957;0.60547;0.61523;0.625;0.63477;0.64453;0.6543;0.66406;0.67383;0.68359;0.69336;0.70313;0.71289;0.72266;0.73242;0.74219;0.75195;0.76172;0.77148;0.78125;0.79102,0.014158848;0.020800512000000004;0.023140352;0.017910784;0.025992192;0.031366144;0.054813696;0.093191168;0.153122816;0.07367987200000001;0.034581504;0.032249856;0.025264128;0.016195584000000002;0.047770624;0.06408192;0.08899891200000001;0.08915456;0.057339904;0.052179968;0.051378176000000005;0.034630656;0.017321984000000002;0.01898496;0.012981248;0.004969472;0.00611328;0.0059269119999999995;0.0038338559999999996;0.004764671999999999;0.0036884480000000004;0.002312192;0.0023429120000000004;0.0031232000000000005;0.002878464;0.0024227840000000003;0.001716224;0.001092608;0.00152576;0.001286144;0.001409024;0.0013701120000000002;0.001110016;0.000918528;0.0006952960000000001;0.000621568;0.001050624;0.0013701120000000002;0.0009400319999999999;0.000984064;0.0005918719999999999;0.00052736;0.000687104;0.0006912;0.0007075839999999999;0.001185792;0.001069056;0.0008509440000000001;0.0006225919999999999;0.0006123519999999999;0.000672768;0.000676864;0.00077824;0.0009431040000000001;0.0008335360000000001;0.000524288;0.000549888;0.000448512;0.0004956159999999999;0.0005836799999999999;0.000526336;0.00043827199999999997;0.000384;0.000346112;0.000390144;0.000380928;0.000345088;0.000260096;0.00027033600000000004
1775624400,hdr,0.0293;0.03906;0.04883;0.05859;0.06836;0.07813;0.08789;0.09766;0.10742;0.11719;0.12695;0.13672;0.14648;0.15625;0.16602;0.17578;0.18555;0.19531;0.20508;0.21484;0.22461;0.23438;0.24414;0.25391;0.26367;0.27344;0.2832;0.29297;0.30273;0.3125;0.32227;0.33203;0.3418;0.35156;0.36133;0.37109;0.38086;0.39063;0.40039;0.41016;0.41992;0.42969;0.43945;0.44922;0.45898;0.46875;0.47852;0.48828;0.49805;0.50781;0.51758;0.52734;0.53711;0.54688;0.55664;0.56641;0.57617;0.58594;0.5957;0.60547;0.61523;0.625;0.63477;0.64453;0.6543;0.66406;0.67383;0.68359;0.69336;0.70313;0.71289;0.72266;0.73242;0.74219;0.75195;0.76172;0.77148;0.78125;0.79102,0.020470784;0.024336384;0.025572352;0.02218496;0.040290304;0.07527936;0.061500416;0.060792832;0.123670528;0.113821696;0.11425792;0.093413376;0.050655231999999994;0.024690688000000002;0.027321344;0.071170048;0.08034611200000001;0.057894912;0.037441536;0.034770944000000005;0.029267968000000002;0.024532992;0.018123775999999998;0.015732736;0.008587263999999999;0.008019968;0.005277696;0.004245504000000001;0.006071296;0.00470528;0.003398656;0.002982912;0.002295808;0.0027453439999999994;0.002353152;0.0016220159999999998;0.00193536;0.0014499839999999999;0.00151552;0.001155072;0.000750592;0.001129472;0.001102848;0.001610752;0.001862656;0.00202752;0.001422336;0.001393664;0.001088512;0.001082368;0.00109056;0.0014991359999999999;0.00119296;0.0006891520000000001;0.000623616;0.000485376;0.00070656;0.0007843840000000001;0.0006963200000000001;0.00099328;0.001263616;0.000733184;0.000736256;0.000642048;0.000671744;0.0005478400000000001;0.000861184;0.0008622079999999999;0.000646144;0.000638976;0.000569344;0.0006502400000000001;0.000607232;0.000468992;0.0005734399999999999;0.00039423999999999997;0.0004986880000000001;0.00047923199999999995;0.00051712
1775625300,hdr,0.0293;0.03906;0.04883;0.05859;0.06836;0.07813;0.08789;0.09766;0.10742;0.11719;0.12695;0.13672;0.14648;0.15625;0.16602;0.17578;0.18555;0.19531;0.20508;0.21484;0.22461;0.23438;0.24414;0.25391;0.26367;0.27344;0.2832;0.29297;0.30273;0.3125;0.32227;0.33203;0.3418;0.35156;0.36133;0.37109;0.38086;0.39063;0.40039;0.41016;0.41992;0.42969;0.43945;0.44922;0.45898;0.46875;0.47852;0.48828;0.49805;0.50781;0.51758;0.52734;0.53711;0.54688;0.55664;0.56641;0.57617;0.58594;0.5957;0.60547;0.61523;0.625;0.63477;0.64453;0.6543;0.66406;0.67383;0.68359;0.69336;0.70313;0.71289;0.72266;0.73242;0.74219;0.75195;0.76172;0.77148;0.78125;0.79102,0.008250368000000001;0.015710208;0.014164992;0.008056832;0.028174335999999998;0.047430656;0.050738176;0.078288896;0.068073472;0.111777792;0.134636544;0.06804992;0.023666688;0.020488192000000002;0.054194176;0.057448448;0.051821568;0.046821376000000005;0.030134272;0.021202943999999998;0.015657984;0.013412352;0.014089216;0.014777344;0.007378943999999999;0.003926016;0.003914752;0.00433664;0.0041472;0.003291136;0.0025651199999999997;0.002469888;0.001856512;0.002254848;0.0028088320000000003;0.002236416;0.0018360320000000002;0.00131072;0.0026859519999999997;0.0027136;0.001676288;0.001071104;0.001284096;0.001726464;0.0012288;0.000857088;0.00076288;0.001007616;0.001281024;0.0017530879999999999;0.001731584;0.0012400640000000001;0.0007495679999999999;0.000535552;0.000690176;0.0007464960000000001;0.000555008;0.000647168;0.000690176;0.00057856;0.000692224;0.0006574080000000001;0.00044646400000000004;0.00033894400000000004;0.00043724800000000005;0.000555008;0.000303104;0.000441344;0.000457728;0.0006144;0.000714752;0.00044339199999999997;0.000326656;0.00040243200000000004;0.000482304;0.000386048;0.000427008;0.000525312;0.000513024
1775626200,hdr,0.0293;0.03906;0.04883;0.05859;0.06836;0.07813;0.08789;0.09766;0.10742;0.11719;0.12695;0.13672;0.14648;0.15625;0.16602;0.17578;0.18555;0.19531;0.20508;0.21484;0.22461;0.23438;0.24414;0.25391;0.26367;0.27344;0.2832;0.29297;0.30273;0.3125;0.32227;0.33203;0.3418;0.35156;0.36133;0.37109;0.38086;0.39063;0.40039;0.41016;0.41992;0.42969;0.43945;0.44922;0.45898;0.46875;0.47852;0.48828;0.49805;0.50781;0.51758;0.52734;0.53711;0.54688;0.55664;0.56641;0.57617;0.58594;0.5957;0.60547;0.61523;0.625;0.63477;0.64453;0.6543;0.66406;0.67383;0.68359;0.69336;0.70313;0.71289;0.72266;0.73242;0.74219;0.75195;0.76172;0.77148;0.78125;0.79102,0.008095744;0.00833024;0.008496128;0.010087424000000001;0.024654848;0.029960192;0.026527744;0.0675584;0.10800128;0.110492672;0.08773836799999998;0.031775744;0.015983616;0.012301312;0.018686976;0.036299776;0.063296512;0.058192896;0.04288204799999999;0.030262272;0.013467648;0.013465600000000001;0.012009472;0.00916992;0.004476928;0.0034048;0.005362688;0.004632576;0.004184064;0.00267264;0.00157184;0.0022374400000000003;0.0013342719999999998;0.002003968;0.00151552;0.0015431680000000001;0.001410048;0.001466368;0.001639424;0.001276928;0.001225728;0.001742848;0.001870848;0.001400832;0.001529856;0.0021893120000000005;0.001343488;0.000781312;0.000723968;0.00082432;0.0005888;0.00048742400000000003;0.000643072;0.000775168;0.000603136;0.00065536;0.0008345599999999999;0.0006041600000000001;0.0005560319999999999;0.000444416;0.000484352;0.000448512;0.00047001599999999997;0.000456704;0.000400384;0.00039628799999999996;0.000329728;0.000222208;0.000420864;0.00044544;0.00063488;0.0006973439999999999;0.00048025600000000003;0.00031232;0.00043110399999999997;0.0005232639999999998;0.000251904;0.000436224;0.000313344
1775627100,hdr,0.0293;0.03906;0.04883;0.05859;0.06836;0.07813;0.08789;0.09766;0.10742;0.11719;0.12695;0.13672;0.14648;0.15625;0.16602;0.17578;0.18555;0.19531;0.20508;0.21484;0.22461;0.23438;0.24414;0.25391;0.26367;0.27344;0.2832;0.29297;0.30273;0.3125;0.32227;0.33203;0.3418;0.35156;0.36133;0.37109;0.38086;0.39063;0.40039;0.41016;0.41992;0.42969;0.43945;0.44922;0.45898;0.46875;0.47852;0.48828;0.49805;0.50781;0.51758;0.52734;0.53711;0.54688;0.55664;0.56641;0.57617;0.58594;0.5957;0.60547;0.61523;0.625;0.63477;0.64453;0.6543;0.66406;0.67383;0.68359;0.69336;0.70313;0.71289;0.72266;0.73242;0.74219;0.75195;0.76172;0.77148;0.78125;0.79102,0.00919552;0.011620352;0.012270592;0.016529408;0.030292992;0.031107072;0.031178752;0.096702464;0.14982144;0.11656499199999999;0.113276928;0.09213439999999999;0.048958464;0.022939647999999997;0.018662400000000003;0.065288192;0.059529216;0.057008128;0.040909824;0.035162112;0.025099264000000003;0.01088;0.008162304;0.007943168;0.008179712;0.006825984;0.0052142080000000006;0.0038266879999999995;0.002581504;0.00287744;0.004355072;0.0031139839999999998;0.00309248;0.0017356799999999999;0.0017459199999999998;0.002272256;0.0026859519999999997;0.0014438399999999998;0.0014530559999999999;0.001374208;0.0011407359999999998;0.001460224;0.001840128;0.001864704;0.0013639680000000001;0.0014827520000000002;0.0021872639999999995;0.001992704;0.0014438399999999998;0.0014172160000000002;0.001035264;0.000775168;0.000569344;0.000553984;0.000698368;0.0005683200000000001;0.000635904;0.000775168;0.00059904;0.0005007359999999999;0.00047616000000000005;0.00034304;0.000282624;0.000315392;0.0004915200000000001;0.000456704;0.00031232;0.000321536;0.000356352;0.00028569600000000005;0.000272384;0.000244736;0.000280576;0.000356352;0.000513024;0.00045056;0.00047718399999999996;0.0006000640000000001;0.00047411199999999995
1775628000,hdr,0.0293;0.03906;0.04883;0.05859;0.06836;0.07813;0.08789;0.09766;0.10742;0.11719;0.12695;0.13672;0.14648;0.15625;0.16602;0.17578;0.18555;0.19531;0.20508;0.21484;0.22461;0.23438;0.24414;0.25391;0.26367;0.27344;0.2832;0.29297;0.30273;0.3125;0.32227;0.33203;0.3418;0.35156;0.36133;0.37109;0.38086;0.39063;0.40039;0.41016;0.41992;0.42969;0.43945;0.44922;0.45898;0.46875;0.47852;0.48828;0.49805;0.50781;0.51758;0.52734;0.53711;0.54688;0.55664;0.56641;0.57617;0.58594;0.5957;0.60547;0.61523;0.625;0.63477;0.64453;0.6543;0.66406;0.67383;0.68359;0.69336;0.70313;0.71289;0.72266;0.73242;0.74219;0.75195;0.76172;0.77148;0.78125;0.79102,0.005037056;0.005984256;0.004538368;0.008889343999999999;0.032710656;0.03512832;0.041873407999999994;0.063403008;0.085686272;0.095711232;0.110400512;0.06908416;0.038431744;0.017262592;0.014957568;0.022843392;0.046357504;0.056257536;0.040445952;0.024566784;0.031296512;0.018830336;0.0056852479999999995;0.004921344;0.00722944;0.007008256;0.00381952;0.00495616;0.003674112;0.001900544;0.002069504;0.002269184;0.001657856;0.0012912639999999999;0.001682432;0.0015892480000000001;0.0012666880000000002;0.0014878720000000001;0.00165888;0.00135168;0.001414144;0.0014336;0.001301504;0.0019046400000000002;0.0015697920000000002;0.001125376;0.000964608;0.000990208;0.000964608;0.000734208;0.00036249599999999997;0.00040960000000000004;0.000502784;0.0005724160000000001;0.000679936;0.00047718399999999996;0.000393216;0.000288768;0.000360448;0.00043008000000000006;0.000398336;0.00046796800000000003;0.0005744639999999999;0.000636928;0.00046284799999999997;0.00037478399999999997;0.00017715200000000003;0.00027033600000000004;0.00026112;0.00030105599999999996;0.00030208000000000004;0.00029081600000000006;0.000188416;0.0003072;0.00047923199999999995;0.00035328;0.00030924800000000003;0.0006184960000000001;0.000592896
1775628900,hdr,0.0293;0.03906;0.04883;0.05859;0.06836;0.07813;0.08789;0.09766;0.10742;0.11719;0.12695;0.13672;0.14648;0.15625;0.16602;0.17578;0.18555;0.19531;0.20508;0.21484;0.22461;0.23438;0.24414;0.25391;0.26367;0.27344;0.2832;0.29297;0.30273;0.3125;0.32227;0.33203;0.3418;0.35156;0.36133;0.37109;0.38086;0.39063;0.40039;0.41016;0.41992;0.42969;0.43945;0.44922;0.45898;0.46875;0.47852;0.48828;0.49805;0.50781;0.51758;0.52734;0.53711;0.54688;0.55664;0.56641;0.57617;0.58594;0.5957;0.60547;0.61523;0.625;0.63477;0.64453;0.6543;0.66406;0.67383;0.68359;0.69336;0.70313;0.71289;0.72266;0.73242;0.74219;0.75195;0.76172;0.77148;0.78125;0.79102,0.007036928;0.008224768;0.010361856;0.007652352;0.01711104;0.027650048000000003;0.040382464;0.087739392;0.15196569599999998;0.129306624;0.091328512;0.061881344;0.035427328;0.015531008;0.017932288;0.040345599999999995;0.047629312;0.031589376;0.025663488;0.021550080000000003;0.019532800000000003;0.013432832;0.008467456;0.009544704;0.006221824;0.005865472;0.005092352;0.0035614720000000004;0.00320512;0.0032256;0.00190976;0.00180224;0.00159744;0.001932288;0.0021504000000000002;0.001849344;0.001513472;0.001529856;0.0009482239999999999;0.001108992;0.001043456;0.002228224;0.002163712;0.001074176;0.0012728319999999998;0.00111104;0.00081408;0.00039936;0.0008355839999999999;0.0009349119999999999;0.000512;0.00047923199999999995;0.000648192;0.000719872;0.000802816;0.000641024;0.00047206399999999996;0.0006021119999999999;0.000456704;0.000371712;0.00047616000000000005;0.000557056;0.000549888;0.000545792;0.00037785600000000004;0.00029593599999999995;0.000346112;0.000277504;0.000272384;0.000314368;0.000533504;0.00050176;0.00039423999999999997;0.00046796800000000003;0.000515072;0.00047001599999999997;0.0005857280000000001;0.000519168;0.0006154239999999999
1775629800,hdr,0.0293;0.03906;0.04883;0.05859;0.06836;0.07813;0.08789;0.09766;0.10742;0.11719;0.12695;0.13672;0.14648;0.15625;0.16602;0.17578;0.18555;0.19531;0.20508;0.21484;0.22461;0.23438;0.24414;0.25391;0.26367;0.27344;0.2832;0.29297;0.30273;0.3125;0.32227;0.33203;0.3418;0.35156;0.36133;0.37109;0.38086;0.39063;0.40039;0.41016;0.41992;0.42969;0.43945;0.44922;0.45898;0.46875;0.47852;0.48828;0.49805;0.50781;0.51758;0.52734;0.53711;0.54688;0.55664;0.56641;0.57617;0.58594;0.5957;0.60547;0.61523;0.625;0.63477;0.64453;0.6543;0.66406;0.67383;0.68359;0.69336;0.70313;0.71289;0.72266;0.73242;0.74219;0.75195;0.76172;0.77148;0.78125;0.79102,0.002161664;0.005925888;0.007553023999999999;0.004661248;0.014222336;0.023538688000000002;0.053854208;0.089715712;0.05526528;0.10668646400000001;0.082117632;0.066322432;0.058036224;0.017275904;0.009720832;0.023924736000000002;0.038224896;0.041167872;0.030981119999999997;0.022654976000000004;0.011234304;0.005818368;0.006504448;0.005612544;0.005378048;0.005106688;0.003453952;0.002528256;0.0025753599999999996;0.002691072;0.0022394880000000004;0.001304576;0.000714752;0.000861184;0.00185344;0.0021299199999999996;0.001527808;0.0014274560000000001;0.0010086399999999999;0.000917504;0.000745472;0.00064512;0.000817152;0.000827392;0.0008110079999999999;0.000690176;0.000818176;0.000763904;0.000601088;0.00044032;0.000398336;0.000452608;0.000526336;0.00043315199999999996;0.000551936;0.0005468159999999999;0.00042803200000000007;0.000357376;0.000283648;0.00040960000000000004;0.000272384;0.00021504000000000003;0.000260096;0.000176128;0.00025497599999999997;0.00024576000000000003;0.00037785600000000004;0.000524288;0.000226304;0.000278528;0.00030412799999999997;0.000234496;0.000512;0.0006912;0.00068608;0.00044646400000000004;0.00048639999999999995;0.0007086080000000001;0.0006830079999999999
1775630700,hdr,0.0293;0.03906;0.04883;0.05859;0.06836;0.07813;0.08789;0.09766;0.10742;0.11719;0.12695;0.13672;0.14648;0.15625;0.16602;0.17578;0.18555;0.19531;0.20508;0.21484;0.22461;0.23438;0.24414;0.25391;0.26367;0.27344;0.2832;0.29297;0.30273;0.3125;0.32227;0.33203;0.3418;0.35156;0.36133;0.37109;0.38086;0.39063;0.40039;0.41016;0.41992;0.42969;0.43945;0.44922;0.45898;0.46875;0.47852;0.48828;0.49805;0.50781;0.51758;0.52734;0.53711;0.54688;0.55664;0.56641;0.57617;0.58594;0.5957;0.60547;0.61523;0.625;0.63477;0.64453;0.6543;0.66406;0.67383;0.68359;0.69336;0.70313;0.71289;0.72266;0.73242;0.74219;0.75195;0.76172;0.77148;0.78125;0.79102,0.011394047999999999;0.012356608;0.017161216;0.015115264;0.02377216;0.037020672;0.025005056;0.054460416000000005;0.10264064;0.13270732799999999;0.07182233600000001;0.061820928;0.030271488000000003;0.013503488000000001;0.009704448;0.010262528;0.0171776;0.019639296;0.023842816;0.017738752;0.0099328;0.007266304;0.008372223999999998;0.007275520000000001;0.006011904;0.005208064;0.00254464;0.003637248;0.004186111999999999;0.002405376;0.00214016;0.002807808;0.001344512;0.0010516479999999999;0.001281024;0.0010803199999999998;0.0013393919999999998;0.0013690880000000003;0.001959936;0.0011417600000000001;0.0014499839999999999;0.0014376960000000002;0.001176576;0.0010465279999999997;0.000688128;0.000831488;0.000483328;0.0005980159999999999;0.000761856;0.00026112;0.000352256;0.000418816;0.000360448;0.000507904;0.000418816;0.000448512;0.000434176;0.000459776;0.0005416959999999999;0.0006041600000000001;0.000649216;0.000785408;0.0006021119999999999;0.000319488;0.00034304;0.000429056;0.0005232639999999998;0.00041779199999999995;0.00031744;0.000360448;0.000280576;0.00029286400000000005;0.00041984;0.000241664;0.000144384;0.000375808;0.00047616000000000005;0.000528384;0.00054272
1775631600,hdr,0.0293;0.03906;0.04883;0.05859;0.06836;0.07813;0.08789;0.09766;0.10742;0.11719;0.12695;0.13672;0.14648;0.15625;0.16602;0.17578;0.18555;0.19531;0.20508;0.21484;0.22461;0.23438;0.24414;0.25391;0.26367;0.27344;0.2832;0.29297;0.30273;0.3125;0.32227;0.33203;0.3418;0.35156;0.36133;0.37109;0.38086;0.39063;0.40039;0.41016;0.41992;0.42969;0.43945;0.44922;0.45898;0.46875;0.47852;0.48828;0.49805;0.50781;0.51758;0.52734;0.53711;0.54688;0.55664;0.56641;0.57617;0.58594;0.5957;0.60547;0.61523;0.625;0.63477;0.64453;0.6543;0.66406;0.67383;0.68359;0.69336;0.70313;0.71289;0.72266;0.73242;0.74219;0.75195;0.76172;0.77148;0.78125;0.79102,0.006305792;0.016365568;0.021349376;0.011902976000000001;0.017763328000000002;0.03911679999999999;0.033173504;0.06355968;0.105490432;0.102305792;0.060611584;0.04430336;0.029007872;0.012121088;0.010681343999999999;0.018114560000000002;0.017885184;0.016788479999999998;0.024793088;0.015886336;0.01010688;0.008381439999999999;0.007753728;0.005916672;0.0036024319999999996;0.0035706880000000002;0.00289792;0.002084864;0.00198144;0.002542592;0.001664;0.001267712;0.001395712;0.0013547519999999999;0.002767872;0.0025405440000000005;0.0017121280000000003;0.0011909120000000001;0.000779264;0.000909312;0.0008509440000000001;0.001106944;0.0011960319999999999;0.00097792;0.0008304639999999999;0.000643072;0.000827392;0.000521216;0.000401408;0.00059392;0.000694272;0.0005754880000000001;0.000507904;0.000514048;0.000453632;0.00034816000000000003;0.000360448;0.00035532799999999997;0.00032870400000000003;0.000345088;0.00033894400000000004;0.00034099200000000003;0.00031232;0.00034304;0.000320512;0.00031129599999999997;0.00032768;0.00028569600000000005;0.00035328;0.000305152;0.000345088;0.000520192;0.00073216;0.000444416;0.000315392;0.00036864000000000005;0.00040960000000000004;0.000412672;0.000551936
1775632500,hdr,0.0293;0.03906;0.04883;0.05859;0.06836;0.07813;0.08789;0.09766;0.10742;0.11719;0.12695;0.13672;0.14648;0.15625;0.16602;0.17578;0.18555;0.19531;0.20508;0.21484;0.22461;0.23438;0.24414;0.25391;0.26367;0.27344;0.2832;0.29297;0.30273;0.3125;0.32227;0.33203;0.3418;0.35156;0.36133;0.37109;0.38086;0.39063;0.40039;0.41016;0.41992;0.42969;0.43945;0.44922;0.45898;0.46875;0.47852;0.48828;0.49805;0.50781;0.51758;0.52734;0.53711;0.54688;0.55664;0.56641;0.57617;0.58594;0.5957;0.60547;0.61523;0.625;0.63477;0.64453;0.6543;0.66406;0.67383;0.68359;0.69336;0.70313;0.71289;0.72266;0.73242;0.74219;0.75195;0.76172;0.77148;0.78125;0.79102,0.007021568000000001;0.011250688;0.012936192000000001;0.008636416000000001;0.013580288;0.032648192;0.026054656000000002;0.02866176;0.07897395199999999;0.12974284800000002;0.073731072;0.029649920000000003;0.023325696;0.013575168;0.005280768;0.005901312;0.011851776;0.012589056;0.013297663999999999;0.013415423999999999;0.007701504;0.006244352;0.00489472;0.003687424;0.00329728;0.003356672;0.0016138239999999998;0.00143872;0.0024709120000000005;0.0029593600000000003;0.002205696;0.002023424;0.0014745600000000002;0.0016670720000000001;0.00177152;0.00177152;0.001035264;0.0013506560000000002;0.0013475839999999998;0.001161216;0.001253376;0.00093696;0.0011233280000000003;0.00100352;0.000723968;0.0006963200000000001;0.000825344;0.0008355839999999999;0.000864256;0.000521216;0.00050688;0.0007772160000000001;0.0006778880000000001;0.000444416;0.000515072;0.00047820800000000004;0.00035942400000000006;0.00046489599999999996;0.000553984;0.00054272;0.000379904;0.00033689599999999994;0.000648192;0.000381952;0.00043315199999999996;0.00033382400000000003;0.00032768;0.00030412799999999997;0.00029900799999999997;0.00022016;0.000282624;0.000388096;0.00042291200000000006;0.00028774400000000004;0.000344064;0.000375808;0.000324608;0.000365568;0.00044032
1775633400,hdr,0.0293;0.03906;0.04883;0.05859;0.06836;0.07813;0.08789;0.09766;0.10742;0.11719;0.12695;0.13672;0.14648;0.15625;0.16602;0.17578;0.18555;0.19531;0.20508;0.21484;0.22461;0.23438;0.24414;0.25391;0.26367;0.27344;0.2832;0.29297;0.30273;0.3125;0.32227;0.33203;0.3418;0.35156;0.36133;0.37109;0.38086;0.39063;0.40039;0.41016;0.41992;0.42969;0.43945;0.44922;0.45898;0.46875;0.47852;0.48828;0.49805;0.50781;0.51758;0.52734;0.53711;0.54688;0.55664;0.56641;0.57617;0.58594;0.5957;0.60547;0.61523;0.625;0.63477;0.64453;0.6543;0.66406;0.67383;0.68359;0.69336;0.70313;0.71289;0.72266;0.73242;0.74219;0.75195;0.76172;0.77148;0.78125;0.79102,0.003810304;0.008222720000000001;0.01155584;0.008250368000000001;0.015127551999999999;0.047290368;0.0394752;0.04401664;0.043896832000000004;0.039790592;0.044923904;0.04357632;0.030721024;0.017046528;0.010611712;0.007508992;0.011710464;0.014788608;0.012101632;0.013330432000000001;0.009715712;0.0060610559999999996;0.002895872;0.0024227840000000003;0.0032839680000000004;0.002655232;0.001113088;0.002008064;0.002935808;0.00290304;0.0017674240000000003;0.001442816;0.0017479680000000001;0.00146944;0.001426432;0.001391616;0.0014592000000000001;0.001234944;0.0013240320000000002;0.0009584639999999999;0.0010475520000000002;0.0009748480000000001;0.000791552;0.000818176;0.0006912;0.00047923199999999995;0.000548864;0.00055296;0.0005713920000000001;0.000421888;0.000329728;0.0002816;0.00021913599999999998;0.00033689599999999994;0.0006574080000000001;0.00040345599999999995;0.00036249599999999997;0.00034304;0.00029798400000000005;0.000531456;0.000580608;0.000642048;0.00039219200000000003;0.000526336;0.00068608;0.0007086080000000001;0.000493568;0.000489472;0.000382976;0.00036966399999999996;0.000258048;0.000234496;0.00015462400000000002;0.000244736;0.000264192;0.00029183999999999997;0.000315392;0.00032768;0.000303104
1775634300,hdr,0.0293;0.03906;0.04883;0.05859;0.06836;0.07813;0.08789;0.09766;0.10742;0.11719;0.12695;0.13672;0.14648;0.15625;0.16602;0.17578;0.18555;0.19531;0.20508;0.21484;0.22461;0.23438;0.24414;0.25391;0.26367;0.27344;0.2832;0.29297;0.30273;0.3125;0.32227;0.33203;0.3418;0.35156;0.36133;0.37109;0.38086;0.39063;0.40039;0.41016;0.41992;0.42969;0.43945;0.44922;0.45898;0.46875;0.47852;0.48828;0.49805;0.50781;0.51758;0.52734;0.53711;0.54688;0.55664;0.56641;0.57617;0.58594;0.5957;0.60547;0.61523;0.625;0.63477;0.64453;0.6543;0.66406;0.67383;0.68359;0.69336;0.70313;0.71289;0.72266;0.73242;0.74219;0.75195;0.76172;0.77148;0.78125;0.79102,0.006457344;0.011776;0.016430080000000003;0.013254656;0.020243456;0.033041407999999994;0.026607616;0.04257792;0.109764608;0.108061696;0.07190528;0.038272;0.017411072;0.008272895999999998;0.006422528;0.0042137599999999996;0.008285184;0.011062272000000001;0.010549247999999999;0.013273088;0.008485887999999999;0.0070092800000000005;0.00610304;0.005197823999999999;0.003959808;0.0023019520000000003;0.00185344;0.0027504639999999998;0.0021411840000000004;0.002151424;0.00225792;0.0020101119999999997;0.0024156159999999998;0.0022927360000000005;0.002530304;0.0011284479999999998;0.001087488;0.001084416;0.0009625599999999999;0.001599488;0.0014233599999999998;0.0006144;0.0009717759999999999;0.0009523200000000001;0.0006830079999999999;0.000649216;0.000577536;0.00042803200000000007;0.000637952;0.00070656;0.0005468159999999999;0.00041676800000000003;0.00029798400000000005;0.00047001599999999997;0.000548864;0.000513024;0.0005099519999999999;0.000330752;0.00047411199999999995;0.00036249599999999997;0.000411648;0.00039731200000000003;0.000249856;0.000262144;0.000423936;0.00029696;0.000365568;0.000339968;0.000257024;0.00020377600000000002;0.00023859199999999998;0.00029593599999999995;0.00045056;0.00037068800000000004;0.000289792;0.00048639999999999995;0.00039423999999999997;0.000314368;0.000420864
1775635200,hdr,0.0293;0.03906;0.04883;0.05859;0.06836;0.07813;0.08789;0.09766;0.10742;0.11719;0.12695;0.13672;0.14648;0.15625;0.16602;0.17578;0.18555;0.19531;0.20508;0.21484;0.22461;0.23438;0.24414;0.25391;0.26367;0.27344;0.2832;0.29297;0.30273;0.3125;0.32227;0.33203;0.3418;0.35156;0.36133;0.37109;0.38086;0.39063;0.40039;0.41016;0.41992;0.42969;0.43945;0.44922;0.45898;0.46875;0.47852;0.48828;0.49805;0.50781;0.51758;0.52734;0.53711;0.54688;0.55664;0.56641;0.57617;0.58594;0.5957;0.60547;0.61523;0.625;0.63477;0.64453;0.6543;0.66406;0.67383;0.68359;0.69336;0.70313;0.71289;0.72266;0.73242;0.74219;0.75195;0.76172;0.77148;0.78125;0.79102,0.0072785919999999995;0.02507776;0.031285248;0.013174784000000002;0.022043648000000002;0.024829952;0.013517824;0.033936384;0.063304704;0.073413632;0.061863936;0.031674368;0.022944768;0.011674624;0.009371648000000002;0.004508671999999999;0.00969216;0.011379712;0.008653824000000001;0.008735744;0.0051025919999999995;0.003857408;0.0028272640000000003;0.002417664;0.00183808;0.002832384;0.0028927999999999996;0.0017152;0.001975296;0.001711104;0.0021964800000000002;0.002596864;0.001696768;0.001275904;0.001581056;0.001504256;0.001251328;0.001155072;0.000930816;0.000646144;0.0008089600000000001;0.0008222720000000001;0.001055744;0.000912384;0.000726016;0.0006696959999999999;0.00054272;0.0007096320000000001;0.000690176;0.000505856;0.00032768;0.000468992;0.0004352;0.000453632;0.000548864;0.00046284799999999997;0.00051712;0.00034201599999999995;0.0004352;0.00040345599999999995;0.000401408;0.00044646400000000004;0.00047820800000000004;0.000518144;0.00063488;0.00037478399999999997;0.000305152;0.000256;0.000357376;0.0003584;0.00030412799999999997;0.000320512;0.000252928;0.00027340799999999994;0.000248832;0.000360448;0.00029183999999999997;0.00040448000000000003;0.00032870400000000003
1775636100,hdr,0.0293;0.03906;0.04883;0.05859;0.06836;0.07813;0.08789;0.09766;0.10742;0.11719;0.12695;0.13672;0.14648;0.15625;0.16602;0.17578;0.18555;0.19531;0.20508;0.21484;0.22461;0.23438;0.24414;0.25391;0.26367;0.27344;0.2832;0.29297;0.30273;0.3125;0.32227;0.33203;0.3418;0.35156;0.36133;0.37109;0.38086;0.39063;0.40039;0.41016;0.41992;0.42969;0.43945;0.44922;0.45898;0.46875;0.47852;0.48828;0.49805;0.50781;0.51758;0.52734;0.53711;0.54688;0.55664;0.56641;0.57617;0.58594;0.5957;0.60547;0.61523;0.625;0.63477;0.64453;0.6543;0.66406;0.67383;0.68359;0.69336;0.70313;0.71289;0.72266;0.73242;0.74219;0.75195;0.76172;0.77148;0.78125;0.79102,0.005762048;0.008732672;0.006848512000000001;0.0071864319999999995;0.016259072;0.024265728;0.023478272;0.033330175999999996;0.07204352;0.057808896;0.051694592;0.018941952;0.015770624;0.015102976;0.008528896;0.005435392;0.006048768;0.00489472;0.010095616;0.00758272;0.007046144;0.0060835839999999995;0.0031784960000000003;0.002924544;0.001695744;0.002364416;0.0024852480000000002;0.0024801280000000003;0.002895872;0.0027217920000000002;0.001312768;0.0015472639999999998;0.001750016;0.001922048;0.001289216;0.00119808;0.000964608;0.0007290879999999999;0.00082944;0.00088576;0.000648192;0.000715776;0.00104448;0.0008458240000000001;0.00067072;0.000457728;0.00048025600000000003;0.000449536;0.000475136;0.000412672;0.000391168;0.00030003200000000004;0.00029593599999999995;0.000268288;0.000408576;0.000551936;0.000525312;0.000482304;0.000356352;0.00029388799999999996;0.00029491200000000004;0.00051712;0.000524288;0.000413696;0.000381952;0.000320512;0.00025088;0.000222208;0.000196608;0.00022323200000000002;0.000314368;0.000216064;0.00017408000000000001;0.000205824;0.00020377600000000002;0.000256;0.000246784;0.00018227199999999998;0.00020480000000000002
1775637000,hdr,0.0293;0.03906;0.04883;0.05859;0.06836;0.07813;0.08789;0.09766;0.10742;0.11719;0.12695;0.13672;0.14648;0.15625;0.16602;0.17578;0.18555;0.19531;0.20508;0.21484;0.22461;0.23438;0.24414;0.25391;0.26367;0.27344;0.2832;0.29297;0.30273;0.3125;0.32227;0.33203;0.3418;0.35156;0.36133;0.37109;0.38086;0.39063;0.40039;0.41016;0.41992;0.42969;0.43945;0.44922;0.45898;0.46875;0.47852;0.48828;0.49805;0.50781;0.51758;0.52734;0.53711;0.54688;0.55664;0.56641;0.57617;0.58594;0.5957;0.60547;0.61523;0.625;0.63477;0.64453;0.6543;0.66406;0.67383;0.68359;0.69336;0.70313;0.71289;0.72266;0.73242;0.74219;0.75195;0.76172;0.77148;0.78125;0.79102,0.003043328;0.004675584;0.008788992;0.007126016;0.01532928;0.04113920000000001;0.037155839999999996;0.056494079999999995;0.06981632;0.06904012799999999;0.041475072;0.024440832000000003;0.020461568;0.012119040000000001;0.006253567999999999;0.007512064;0.006310912;0.0064768000000000004;0.0049879040000000005;0.003820544;0.0034611200000000003;0.002245632;0.002717696;0.002716672;0.0020500479999999996;0.0016650240000000002;0.00164864;0.002258944;0.002325504;0.002563072;0.001944576;0.0022353919999999997;0.002177024;0.0015687680000000001;0.0008744960000000001;0.000924672;0.000816128;0.000863232;0.00073216;0.00074752;0.0006963200000000001;0.00062464;0.0005324799999999999;0.00077312;0.00068608;0.000447488;0.000444416;0.000423936;0.00036761599999999997;0.000316416;0.000393216;0.00044339199999999997;0.000313344;0.00032256;0.000263168;0.000352256;0.000323584;0.000310272;0.00037376;0.000466944;0.000408576;0.00028774400000000004;0.000284672;0.000217088;0.000282624;0.00034099200000000003;0.00025497599999999997;0.000228352;0.00031129599999999997;0.00034201599999999995;0.00023859199999999998;0.00019456;0.00016384;0.000195584;0.000173056;0.00021913599999999998;0.000335872;0.000251904;0.00019968
1775637900,hdr,0.0293;0.03906;0.04883;0.05859;0.06836;0.07813;0.08789;0.09766;0.10742;0.11719;0.12695;0.13672;0.14648;0.15625;0.16602;0.17578;0.18555;0.19531;0.20508;0.21484;0.22461;0.23438;0.24414;0.25391;0.26367;0.27344;0.2832;0.29297;0.30273;0.3125;0.32227;0.33203;0.3418;0.35156;0.36133;0.37109;0.38086;0.39063;0.40039;0.41016;0.41992;0.42969;0.43945;0.44922;0.45898;0.46875;0.47852;0.48828;0.49805;0.50781;0.51758;0.52734;0.53711;0.54688;0.55664;0.56641;0.57617;0.58594;0.5957;0.60547;0.61523;0.625;0.63477;0.64453;0.6543;0.66406;0.67383;0.68359;0.69336;0.70313;0.71289;0.72266;0.73242;0.74219;0.75195;0.76172;0.77148;0.78125;0.79102,0.009542655999999998;0.012888064000000001;0.0074803199999999995;0.011574272;0.026602496;0.036998144000000004;0.025852928;0.054341632;0.067039232;0.043185152000000004;0.020061184000000003;0.008743935999999999;0.012164096000000001;0.011382784;0.007999488;0.004993024;0.004773888;0.006310912;0.004457472;0.004118528000000001;0.0051968;0.003714048;0.002771968;0.002464768;0.00149504;0.0018196479999999999;0.0015872;0.00168448;0.001901568;0.0018257920000000001;0.001882112;0.002061312;0.00123904;0.001524736;0.001528832;0.0011970559999999997;0.001024;0.00100352;0.000970752;0.001337344;0.0006737919999999999;0.000658432;0.000661504;0.00036454399999999996;0.00032870400000000003;0.00047718399999999996;0.00047001599999999997;0.0007075839999999999;0.000596992;0.0005703679999999999;0.0007014399999999999;0.00040960000000000004;0.00047104000000000004;0.000603136;0.00039628799999999996;0.00029491200000000004;0.000210944;0.00022323200000000002;0.000339968;0.00033792;0.000349184;0.00040345599999999995;0.000352256;0.00018124799999999998;0.000195584;0.000280576;0.00033689599999999994;0.00033894400000000004;0.000269312;0.000314368;0.000303104;0.000272384;0.000360448;0.00030208000000000004;0.000268288;0.0003328;0.000226304;0.000183296;0.00014848
1775639700,hdr,0.0293;0.03906;0.04883;0.05859;0.06836;0.07813;0.08789;0.09766;0.10742;0.11719;0.12695;0.13672;0.14648;0.15625;0.16602;0.17578;0.18555;0.19531;0.20508;0.21484;0.22461;0.23438;0.24414;0.25391;0.26367;0.27344;0.2832;0.29297;0.30273;0.3125;0.32227;0.33203;0.3418;0.35156;0.36133;0.37109;0.38086;0.39063;0.40039;0.41016;0.41992;0.42969;0.43945;0.44922;0.45898;0.46875;0.47852;0.48828;0.49805;0.50781;0.51758;0.52734;0.53711;0.54688;0.55664;0.56641;0.57617;0.58594;0.5957;0.60547;0.61523;0.625;0.63477;0.64453;0.6543;0.66406;0.67383;0.68359;0.69336;0.70313;0.71289;0.72266;0.73242;0.74219;0.75195;0.76172;0.77148;0.78125;0.79102,0.00041779199999999995;0.0020254720000000004;0.005316608;0.0046346239999999995;0.01792;0.026540031999999998;0.032945152000000005;0.041418752;0.055871488;0.055081983999999994;0.036980736;0.018751487999999997;0.0150528;0.007335936;0.005276672;0.003508224;0.004703232;0.003405824;0.00464384;0.0075776;0.006565888;0.004603904000000001;0.004094976;0.002501632;0.002592768;0.0027381760000000006;0.002893824;0.002864128;0.0019660800000000003;0.001166336;0.00119808;0.002148352;0.0014192640000000002;0.001558528;0.001523712;0.00100352;0.0012288;0.001615872;0.0012625919999999999;0.0012288;0.0009727999999999999;0.0009523200000000001;0.0007280640000000001;0.000617472;0.000769024;0.000879616;0.0005888;0.000452608;0.00029900799999999997;0.00027648;0.00024063999999999997;0.000318464;0.00032256;0.00047820800000000004;0.00043315199999999996;0.00045568;0.000395264;0.000339968;0.000475136;0.00036249599999999997;0.00042598399999999997;0.00032768;0.000329728;0.000274432;0.000256;0.00030924800000000003;0.00030105599999999996;0.000205824;0.00023142399999999999;0.000234496;0.00021913599999999998;0.000283648;0.000234496;0.000222208;0.00020889599999999997;0.000211968;0.00022323200000000002;0.000196608;0.000191488
1775640600,hdr,0.0293;0.03906;0.04883;0.05859;0.06836;0.07813;0.08789;0.09766;0.10742;0.11719;0.12695;0.13672;0.14648;0.15625;0.16602;0.17578;0.18555;0.19531;0.20508;0.21484;0.22461;0.23438;0.24414;0.25391;0.26367;0.27344;0.2832;0.29297;0.30273;0.3125;0.32227;0.33203;0.3418;0.35156;0.36133;0.37109;0.38086;0.39063;0.40039;0.41016;0.41992;0.42969;0.43945;0.44922;0.45898;0.46875;0.47852;0.48828;0.49805;0.50781;0.51758;0.52734;0.53711;0.54688;0.55664;0.56641;0.57617;0.58594;0.5957;0.60547;0.61523;0.625;0.63477;0.64453;0.6543;0.66406;0.67383;0.68359;0.69336;0.70313;0.71289;0.72266;0.73242;0.74219;0.75195;0.76172;0.77148;0.78125;0.79102,0.0021360640000000005;0.003127296;0.003811328;0.0032460799999999997;0.029686784;0.061248512;0.044969984;0.02582528;0.037239808;0.061836288;0.03829760000000001;0.020365311999999997;0.011205632;0.007501824;0.005737472;0.004816895999999999;0.0026695679999999998;0.003707904;0.0037662719999999998;0.004329472;0.004395008;0.0033925120000000003;0.0024791039999999998;0.0018042879999999998;0.001362944;0.00175104;0.00167936;0.001349632;0.001523712;0.001373184;0.001071104;0.000745472;0.00103936;0.001711104;0.002112512;0.001498112;0.001265664;0.0013824;0.0008458240000000001;0.000871424;0.0012359679999999998;0.000955392;0.0005713920000000001;0.000406528;0.00075776;0.0009523200000000001;0.00047206399999999996;0.000449536;0.00047206399999999996;0.0005980159999999999;0.0006850560000000001;0.00057856;0.000357376;0.00038912;0.000447488;0.000490496;0.00030924800000000003;0.00042598399999999997;0.00029388799999999996;0.000321536;0.000380928;0.000356352;0.000504832;0.000513024;0.00039731200000000003;0.000197632;0.000277504;0.00022528;0.000249856;0.00027648;0.00027033600000000004;0.00020992;0.00018944;0.00019968;0.00027340799999999994;0.00027648;0.000303104;0.000274432;0.00029183999999999997
1775641500,hdr,0.0293;0.03906;0.04883;0.05859;0.06836;0.07813;0.08789;0.09766;0.10742;0.11719;0.12695;0.13672;0.14648;0.15625;0.16602;0.17578;0.18555;0.19531;0.20508;0.21484;0.22461;0.23438;0.24414;0.25391;0.26367;0.27344;0.2832;0.29297;0.30273;0.3125;0.32227;0.33203;0.3418;0.35156;0.36133;0.37109;0.38086;0.39063;0.40039;0.41016;0.41992;0.42969;0.43945;0.44922;0.45898;0.46875;0.47852;0.48828;0.49805;0.50781;0.51758;0.52734;0.53711;0.54688;0.55664;0.56641;0.57617;0.58594;0.5957;0.60547;0.61523;0.625;0.63477;0.64453;0.6543;0.66406;0.67383;0.68359;0.69336;0.70313;0.71289;0.72266;0.73242;0.74219;0.75195;0.76172;0.77148;0.78125;0.79102,0.004025343999999999;0.004760576;0.0063395840000000005;0.005204992;0.013790208;0.034500608;0.030813184;0.06122700799999999;0.08468070400000001;0.05758464;0.028736512000000002;0.017792;0.010494976;0.008267776;0.008266752;0.006156287999999999;0.005398528;0.003068928;0.0032256;0.003239936;0.004084736;0.005479424;0.0029460479999999997;0.002686976;0.002932736;0.0016732160000000002;0.00222208;0.0013312;0.0008345599999999999;0.00141312;0.00216576;0.001442816;0.000841728;0.0005980159999999999;0.0007557120000000001;0.0010250239999999998;0.000924672;0.000733184;0.000812032;0.0008458240000000001;0.000889856;0.000781312;0.0006082559999999999;0.000908288;0.0010209280000000002;0.00059392;0.000381952;0.00040960000000000004;0.00037376;0.000453632;0.000687104;0.0007229440000000001;0.000490496;0.00039731200000000003;0.0003328;0.000521216;0.00048025600000000003;0.00025088;0.000319488;0.00043724800000000005;0.00033689599999999994;0.000264192;0.000325632;0.000310272;0.00024371200000000001;0.000264192;0.000248832;0.00024576000000000003;0.00029593599999999995;0.00023040000000000002;0.000267264;0.000282624;0.000216064;0.000152576;0.00011571199999999999;0.00017408000000000001;0.000249856;0.00026112;0.000249856
1775642400,hdr,0.0293;0.03906;0.04883;0.05859;0.06836;0.07813;0.08789;0.09766;0.10742;0.11719;0.12695;0.13672;0.14648;0.15625;0.16602;0.17578;0.18555;0.19531;0.20508;0.21484;0.22461;0.23438;0.24414;0.25391;0.26367;0.27344;0.2832;0.29297;0.30273;0.3125;0.32227;0.33203;0.3418;0.35156;0.36133;0.37109;0.38086;0.39063;0.40039;0.41016;0.41992;0.42969;0.43945;0.44922;0.45898;0.46875;0.47852;0.48828;0.49805;0.50781;0.51758;0.52734;0.53711;0.54688;0.55664;0.56641;0.57617;0.58594;0.5957;0.60547;0.61523;0.625;0.63477;0.64453;0.6543;0.66406;0.67383;0.68359;0.69336;0.70313;0.71289;0.72266;0.73242;0.74219;0.75195;0.76172;0.77148;0.78125;0.79102,0.005168128000000001;0.015802368;0.018256896;0.018736128;0.036947968;0.06553804800000002;0.03787264;0.036599808000000005;0.061038592;0.059973632000000006;0.03137536;0.017477632;0.009629696;0.00611328;0.00513536;0.0034826239999999997;0.003039232;0.0034304;0.0047912960000000004;0.004936704;0.004148224;0.004391936000000001;0.004478976000000001;0.003104768;0.002034688;0.001127424;0.001024;0.0014786559999999999;0.0009359360000000001;0.00082432;0.0015493120000000002;0.0017356799999999999;0.000963584;0.001092608;0.001257472;0.001317888;0.0014653440000000002;0.0012113920000000002;0.000893952;0.00123392;0.001174528;0.0008837120000000001;0.0005324799999999999;0.000548864;0.00039423999999999997;0.00067584;0.000646144;0.000490496;0.00028569600000000005;0.00039219200000000003;0.0005724160000000001;0.000679936;0.0006277120000000001;0.000651264;0.000463872;0.000345088;0.000412672;0.000366592;0.00029491200000000004;0.00024576000000000003;0.0003072;0.000274432;0.000253952;0.000242688;0.000161792;0.000251904;0.000365568;0.000280576;0.000217088;0.00020377600000000002;0.00013516800000000002;0.000142336;0.000157696;0.00016384;0.00013311999999999997;0.000176128;0.00013824;0.00015462400000000002;0.000200704
1775643300,hdr,0.0293;0.03906;0.04883;0.05859;0.06836;0.07813;0.08789;0.09766;0.10742;0.11719;0.12695;0.13672;0.14648;0.15625;0.16602;0.17578;0.18555;0.19531;0.20508;0.21484;0.22461;0.23438;0.24414;0.25391;0.26367;0.27344;0.2832;0.29297;0.30273;0.3125;0.32227;0.33203;0.3418;0.35156;0.36133;0.37109;0.38086;0.39063;0.40039;0.41016;0.41992;0.42969;0.43945;0.44922;0.45898;0.46875;0.47852;0.48828;0.49805;0.50781;0.51758;0.52734;0.53711;0.54688;0.55664;0.56641;0.57617;0.58594;0.5957;0.60547;0.61523;0.625;0.63477;0.64453;0.6543;0.66406;0.67383;0.68359;0.69336;0.70313;0.71289;0.72266;0.73242;0.74219;0.75195;0.76172;0.77148;0.78125;0.79102,0.00774144;0.014557183999999999;0.006981632000000001;0.00687104;0.013782016;0.023102464;0.040479744;0.05643264;0.06314803199999999;0.04601344;0.024587264000000005;0.018202624;0.01103872;0.011643903999999998;0.0053913599999999996;0.00410112;0.004205568;0.003007488;0.0028149760000000003;0.0033218559999999998;0.0037877759999999996;0.003492864;0.002229248;0.001750016;0.001558528;0.001502208;0.0017377279999999998;0.001830912;0.0013578239999999999;0.00072704;0.000917504;0.000986112;0.001058816;0.0009943039999999999;0.000754688;0.0009472;0.0009830400000000001;0.001165312;0.00104448;0.000566272;0.000900096;0.000924672;0.000790528;0.000603136;0.000712704;0.00059904;0.000700416;0.0006082559999999999;0.00054272;0.000505856;0.00034201599999999995;0.00024063999999999997;0.00024371200000000001;0.000263168;0.00029696;0.00036147200000000005;0.000251904;0.00018124799999999998;0.00019456;0.00020992;0.000237568;0.000200704;0.00024780799999999997;0.000258048;0.00015872;0.000244736;0.00027648;0.00018432000000000002;0.000197632;0.000233472;0.000103424;0.000126976;0.00015462400000000002;0.00018432000000000002;0.00014745600000000002;0.000131072;0.00016691200000000002;0.000161792;0.000139264
1775644200,hdr,0.0293;0.03906;0.04883;0.05859;0.06836;0.07813;0.08789;0.09766;0.10742;0.11719;0.12695;0.13672;0.14648;0.15625;0.16602;0.17578;0.18555;0.19531;0.20508;0.21484;0.22461;0.23438;0.24414;0.25391;0.26367;0.27344;0.2832;0.29297;0.30273;0.3125;0.32227;0.33203;0.3418;0.35156;0.36133;0.37109;0.38086;0.39063;0.40039;0.41016;0.41992;0.42969;0.43945;0.44922;0.45898;0.46875;0.47852;0.48828;0.49805;0.50781;0.51758;0.52734;0.53711;0.54688;0.55664;0.56641;0.57617;0.58594;0.5957;0.60547;0.61523;0.625;0.63477;0.64453;0.6543;0.66406;0.67383;0.68359;0.69336;0.70313;0.71289;0.72266;0.73242;0.74219;0.75195;0.76172;0.77148;0.78125;0.79102,0.011821056;0.020040704000000003;0.023321599999999998;0.020407296;0.032534528;0.064238592;0.056738816;0.027913215999999998;0.050383871999999996;0.047689728;0.03053056;0.01161216;0.005822464;0.0047861760000000005;0.003590144;0.0033218559999999998;0.003858432;0.005198848;0.004942848;0.0037888;0.002486272;0.003637248;0.003299328;0.002353152;0.0024637440000000004;0.002403328;0.0017858560000000002;0.001349632;0.0016650240000000002;0.001926144;0.0015984640000000002;0.00123904;0.000771072;0.000878592;0.000809984;0.000912384;0.001174528;0.001247232;0.000644096;0.0005898240000000001;0.000863232;0.000717824;0.00077824;0.000656384;0.000504832;0.000518144;0.00039731200000000003;0.000448512;0.000559104;0.00061952;0.000548864;0.000357376;0.000401408;0.000366592;0.00046489599999999996;0.000466944;0.000319488;0.000325632;0.000335872;0.00028671999999999997;0.00017100799999999997;0.00025497599999999997;0.00027033600000000004;0.000269312;0.000256;0.00019865600000000002;0.000241664;0.00023961599999999998;0.00034099200000000003;0.000253952;0.000152576;0.00018739199999999998;0.000227328;0.000221184;0.000141312;0.000125952;0.00016691200000000002;0.000151552;0.00017100799999999997
1775645100,hdr,0.0293;0.03906;0.04883;0.05859;0.06836;0.07813;0.08789;0.09766;0.10742;0.11719;0.12695;0.13672;0.14648;0.15625;0.16602;0.17578;0.18555;0.19531;0.20508;0.21484;0.22461;0.23438;0.24414;0.25391;0.26367;0.27344;0.2832;0.29297;0.30273;0.3125;0.32227;0.33203;0.3418;0.35156;0.36133;0.37109;0.38086;0.39063;0.40039;0.41016;0.41992;0.42969;0.43945;0.44922;0.45898;0.46875;0.47852;0.48828;0.49805;0.50781;0.51758;0.52734;0.53711;0.54688;0.55664;0.56641;0.57617;0.58594;0.5957;0.60547;0.61523;0.625;0.63477;0.64453;0.6543;0.66406;0.67383;0.68359;0.69336;0.70313;0.71289;0.72266;0.73242;0.74219;0.75195;0.76172;0.77148;0.78125;0.79102,0.009666560000000001;0.02497024;0.02158592;0.020463615999999997;0.046816256;0.061435904;0.045120511999999995;0.037495808;0.07019110399999999;0.03834368;0.01552896;0.011380736;0.00978944;0.007037951999999999;0.005076991999999999;0.003272704;0.0024104960000000003;0.003239936;0.0022784000000000003;0.003049472;0.0035072000000000002;0.00347648;0.00320512;0.0023336960000000006;0.0038952960000000003;0.003203072;0.0026808319999999997;0.0020490240000000004;0.001636352;0.0015185919999999998;0.0011714560000000002;0.0010086399999999999;0.001040384;0.000841728;0.000761856;0.00055296;0.0006891520000000001;0.000867328;0.0007557120000000001;0.000543744;0.000545792;0.001024;0.00116224;0.000823296;0.0007772160000000001;0.00065536;0.0004884479999999999;0.00042803200000000007;0.0005713920000000001;0.0006737919999999999;0.000643072;0.0005376000000000001;0.00048742400000000003;0.0004352;0.000329728;0.000415744;0.000314368;0.00025497599999999997;0.000386048;0.000439296;0.00039423999999999997;0.000380928;0.000432128;0.00030617599999999996;0.000310272;0.00018227199999999998;0.00016691200000000002;0.000152576;0.00014950399999999998;0.00020889599999999997;0.000210944;0.000267264;0.000227328;0.00012288000000000002;0.000129024;0.00019456;0.00023552000000000002;0.00020172799999999998;0.000142336
1775646000,hdr,0.0293;0.03906;0.04883;0.05859;0.06836;0.07813;0.08789;0.09766;0.10742;0.11719;0.12695;0.13672;0.14648;0.15625;0.16602;0.17578;0.18555;0.19531;0.20508;0.21484;0.22461;0.23438;0.24414;0.25391;0.26367;0.27344;0.2832;0.29297;0.30273;0.3125;0.32227;0.33203;0.3418;0.35156;0.36133;0.37109;0.38086;0.39063;0.40039;0.41016;0.41992;0.42969;0.43945;0.44922;0.45898;0.46875;0.47852;0.48828;0.49805;0.50781;0.51758;0.52734;0.53711;0.54688;0.55664;0.56641;0.57617;0.58594;0.5957;0.60547;0.61523;0.625;0.63477;0.64453;0.6543;0.66406;0.67383;0.68359;0.69336;0.70313;0.71289;0.72266;0.73242;0.74219;0.75195;0.76172;0.77148;0.78125;0.79102,0.003401728;0.011364352000000001;0.021126144;0.01230848;0.035067904;0.087211008;0.045648896;0.029353984;0.049594368;0.070480896;0.035547136;0.010263552000000002;0.007070719999999999;0.007494656;0.0056381439999999994;0.004366336;0.004239359999999999;0.003910656;0.004527104;0.004356095999999999;0.0036392959999999998;0.003390464;0.002127872;0.002183168;0.002348032;0.001824768;0.0012165119999999999;0.0018483199999999999;0.00289792;0.0018257920000000001;0.0008458240000000001;0.000816128;0.000868352;0.00087552;0.0006850560000000001;0.00055296;0.000881664;0.000775168;0.00059392;0.000723968;0.0007116799999999999;0.000651264;0.0005959680000000001;0.000628736;0.00046284799999999997;0.00034201599999999995;0.000449536;0.0004352;0.000384;0.000447488;0.000434176;0.000178176;0.000249856;0.000253952;0.00035328;0.0005007359999999999;0.000339968;0.000210944;0.00023142399999999999;0.000366592;0.00031232;0.000288768;0.00029183999999999997;0.00024063999999999997;0.00023961599999999998;0.000178176;0.000196608;0.00017715200000000003;0.000197632;0.000218112;0.000222208;0.000228352;0.00015872;0.00017100799999999997;0.00015462400000000002;0.00014950399999999998;0.00018227199999999998;0.000151552;0.00016896
1775646900,hdr,0.0293;0.03906;0.04883;0.05859;0.06836;0.07813;0.08789;0.09766;0.10742;0.11719;0.12695;0.13672;0.14648;0.15625;0.16602;0.17578;0.18555;0.19531;0.20508;0.21484;0.22461;0.23438;0.24414;0.25391;0.26367;0.27344;0.2832;0.29297;0.30273;0.3125;0.32227;0.33203;0.3418;0.35156;0.36133;0.37109;0.38086;0.39063;0.40039;0.41016;0.41992;0.42969;0.43945;0.44922;0.45898;0.46875;0.47852;0.48828;0.49805;0.50781;0.51758;0.52734;0.53711;0.54688;0.55664;0.56641;0.57617;0.58594;0.5957;0.60547;0.61523;0.625;0.63477;0.64453;0.6543;0.66406;0.67383;0.68359;0.69336;0.70313;0.71289;0.72266;0.73242;0.74219;0.75195;0.76172;0.77148;0.78125;0.79102,0.004777984000000001;0.012888064000000001;0.015158272;0.011247616;0.027075584;0.044395519999999994;0.042089472;0.03529728;0.038114303999999995;0.037705728;0.03501568;0.015514624;0.007027712;0.0056975360000000004;0.00428032;0.005157888;0.003468288;0.00234496;0.002134016;0.0023347199999999998;0.0020572159999999997;0.002656256;0.002915328;0.0024576;0.002131968;0.002336768;0.002096128;0.00152576;0.0016230399999999999;0.0017489920000000002;0.001296384;0.0009318400000000001;0.0014336;0.001158144;0.001092608;0.0006737919999999999;0.00068608;0.000653312;0.000539648;0.0004884479999999999;0.0005007359999999999;0.000411648;0.000550912;0.000827392;0.0007413760000000001;0.00061952;0.000789504;0.0007936;0.0006676480000000001;0.000415744;0.00036147200000000005;0.0006891520000000001;0.0006092800000000001;0.000561152;0.0005744639999999999;0.000283648;0.00027648;0.00046284799999999997;0.000246784;0.00020889599999999997;0.000401408;0.00026112;0.000278528;0.00030105599999999996;0.00029593599999999995;0.000226304;0.00016691200000000002;0.000241664;0.000233472;0.000278528;0.00023552000000000002;0.000173056;0.00023142399999999999;0.00024371200000000001;0.000162816;0.00017100799999999997;0.00034201599999999995;0.000376832;0.00027340799999999994
1775647800,hdr,0.0293;0.03906;0.04883;0.05859;0.06836;0.07813;0.08789;0.09766;0.10742;0.11719;0.12695;0.13672;0.14648;0.15625;0.16602;0.17578;0.18555;0.19531;0.20508;0.21484;0.22461;0.23438;0.24414;0.25391;0.26367;0.27344;0.2832;0.29297;0.30273;0.3125;0.32227;0.33203;0.3418;0.35156;0.36133;0.37109;0.38086;0.39063;0.40039;0.41016;0.41992;0.42969;0.43945;0.44922;0.45898;0.46875;0.47852;0.48828;0.49805;0.50781;0.51758;0.52734;0.53711;0.54688;0.55664;0.56641;0.57617;0.58594;0.5957;0.60547;0.61523;0.625;0.63477;0.64453;0.6543;0.66406;0.67383;0.68359;0.69336;0.70313;0.71289;0.72266;0.73242;0.74219;0.75195;0.76172;0.77148;0.78125;0.79102,0.004276224;0.0121856;0.015454207999999999;0.014262272;0.047107072;0.068839424;0.038375424;0.029751296;0.033595392;0.056553472;0.040916992;0.01518592;0.005226496;0.004481023999999999;0.002952192;0.004877312;0.0036167680000000002;0.0027269119999999997;0.0024156159999999998;0.003417088;0.004509696;0.004236288;0.0024791039999999998;0.002555904;0.002555904;0.002566144;0.003584;0.002864128;0.002358272;0.001447936;0.001388544;0.001052672;0.001575936;0.001137664;0.000768;0.000646144;0.000826368;0.000743424;0.000616448;0.0006737919999999999;0.0008488959999999999;0.0009768959999999999;0.000771072;0.000605184;0.000653312;0.000606208;0.0007833599999999999;0.000630784;0.00045056;0.000484352;0.000698368;0.000439296;0.000267264;0.000326656;0.000393216;0.000365568;0.000260096;0.000379904;0.00038912;0.0003328;0.000427008;0.0005089280000000001;0.000347136;0.000390144;0.000442368;0.000456704;0.00030412799999999997;0.000191488;0.000161792;0.00026112;0.00033382400000000003;0.000229376;0.000229376;0.000280576;0.000319488;0.000482304;0.0005703679999999999;0.000494592;0.000503808
1775648700,hdr,0.0293;0.03906;0.04883;0.05859;0.06836;0.07813;0.08789;0.09766;0.10742;0.11719;0.12695;0.13672;0.14648;0.15625;0.16602;0.17578;0.18555;0.19531;0.20508;0.21484;0.22461;0.23438;0.24414;0.25391;0.26367;0.27344;0.2832;0.29297;0.30273;0.3125;0.32227;0.33203;0.3418;0.35156;0.36133;0.37109;0.38086;0.39063;0.40039;0.41016;0.41992;0.42969;0.43945;0.44922;0.45898;0.46875;0.47852;0.48828;0.49805;0.50781;0.51758;0.52734;0.53711;0.54688;0.55664;0.56641;0.57617;0.58594;0.5957;0.60547;0.61523;0.625;0.63477;0.64453;0.6543;0.66406;0.67383;0.68359;0.69336;0.70313;0.71289;0.72266;0.73242;0.74219;0.75195;0.76172;0.77148;0.78125;0.79102,0.013745152;0.03226112;0.033235968;0.019117056;0.0317952;0.048888832;0.044737536;0.038383616;0.036732928;0.040052736000000005;0.022089728;0.013986816;0.010284031999999999;0.007458816;0.008438784;0.005895167999999999;0.00380416;0.004677631999999999;0.00576;0.004128768;0.003821568;0.003514368;0.004630528;0.002762752;0.002348032;0.002402304;0.003469312;0.002637824;0.001775616;0.0030330879999999998;0.003351552;0.002506752;0.002221056;0.002174976;0.001907712;0.002077696;0.001180672;0.0011960319999999999;0.0009431040000000001;0.000831488;0.0005304320000000001;0.0008519679999999999;0.0010721279999999999;0.001316864;0.001058816;0.0005980159999999999;0.0007423999999999999;0.00070656;0.000628736;0.0008744960000000001;0.001110016;0.001040384;0.00054272;0.00028569600000000005;0.00023961599999999998;0.000432128;0.00044544;0.000375808;0.000258048;0.00031744;0.000326656;0.000412672;0.00047104000000000004;0.000325632;0.00028671999999999997;0.00029491200000000004;0.000277504;0.0002816;0.000390144;0.00040243200000000004;0.00029900799999999997;0.00026521600000000003;0.000221184;0.00036864000000000005;0.000339968;0.00037478399999999997;0.00030105599999999996;0.00026623999999999994;0.00028774400000000004
1775649600,hdr,0.0293;0.03906;0.04883;0.05859;0.06836;0.07813;0.08789;0.09766;0.10742;0.11719;0.12695;0.13672;0.14648;0.15625;0.16602;0.17578;0.18555;0.19531;0.20508;0.21484;0.22461;0.23438;0.24414;0.25391;0.26367;0.27344;0.2832;0.29297;0.30273;0.3125;0.32227;0.33203;0.3418;0.35156;0.36133;0.37109;0.38086;0.39063;0.40039;0.41016;0.41992;0.42969;0.43945;0.44922;0.45898;0.46875;0.47852;0.48828;0.49805;0.50781;0.51758;0.52734;0.53711;0.54688;0.55664;0.56641;0.57617;0.58594;0.5957;0.60547;0.61523;0.625;0.63477;0.64453;0.6543;0.66406;0.67383;0.68359;0.69336;0.70313;0.71289;0.72266;0.73242;0.74219;0.75195;0.76172;0.77148;0.78125;0.79102,0.00605184;0.008173567999999999;0.011773951999999999;0.020405248;0.050171903999999996;0.057385984;0.035055616000000005;0.032340992;0.03858841600000001;0.029798400000000003;0.022426624;0.01116672;0.005982207999999999;0.00555008;0.005496832;0.00556032;0.004698112;0.003723264;0.00314368;0.00426496;0.0036352000000000003;0.003008512;0.0029573119999999997;0.00272896;0.004199424;0.003556352;0.003021824;0.0038860800000000005;0.0033228800000000003;0.0023920639999999997;0.00310784;0.001708032;0.00245248;0.0017018880000000001;0.001734656;0.002960384;0.0021032959999999997;0.001680384;0.00136704;0.0009441279999999999;0.00088576;0.000775168;0.00119808;0.0008652800000000001;0.00101376;0.000984064;0.000985088;0.000955392;0.0007946240000000001;0.000878592;0.00089088;0.000774144;0.000499712;0.00067584;0.00070656;0.00064512;0.00064;0.000621568;0.0005683200000000001;0.000539648;0.000324608;0.000272384;0.000521216;0.000536576;0.000492544;0.00026112;0.00027136;0.00027033600000000004;0.000418816;0.00042496;0.00043827199999999997;0.00040243200000000004;0.000249856;0.00027033600000000004;0.00032768;0.00027340799999999994;0.00030105599999999996;0.000274432;0.00036864000000000005
1775650500,hdr,0.0293;0.03906;0.04883;0.05859;0.06836;0.07813;0.08789;0.09766;0.10742;0.11719;0.12695;0.13672;0.14648;0.15625;0.16602;0.17578;0.18555;0.19531;0.20508;0.21484;0.22461;0.23438;0.24414;0.25391;0.26367;0.27344;0.2832;0.29297;0.30273;0.3125;0.32227;0.33203;0.3418;0.35156;0.36133;0.37109;0.38086;0.39063;0.40039;0.41016;0.41992;0.42969;0.43945;0.44922;0.45898;0.46875;0.47852;0.48828;0.49805;0.50781;0.51758;0.52734;0.53711;0.54688;0.55664;0.56641;0.57617;0.58594;0.5957;0.60547;0.61523;0.625;0.63477;0.64453;0.6543;0.66406;0.67383;0.68359;0.69336;0.70313;0.71289;0.72266;0.73242;0.74219;0.75195;0.76172;0.77148;0.78125;0.79102,0.005218304;0.010682368000000001;0.009900032;0.0070543360000000005;0.017582080000000003;0.04960256;0.039406592000000004;0.028299263999999998;0.045816831999999995;0.0371968;0.0199168;0.009667583999999998;0.00444416;0.0034816;0.003366912;0.00311808;0.0022568959999999996;0.0028989440000000005;0.001782784;0.002427904;0.003039232;0.0022466560000000005;0.0028426239999999998;0.0031477759999999997;0.0022835200000000003;0.0024739840000000003;0.002476032;0.0029163519999999997;0.002828288;0.002921472;0.00244736;0.003680256;0.003298304;0.002716672;0.0024924160000000003;0.0016250880000000002;0.001376256;0.0012308479999999999;0.0013895679999999999;0.001559552;0.001077248;0.001087488;0.0007219199999999999;0.0006696959999999999;0.0007116799999999999;0.0010127360000000002;0.0011704320000000001;0.000662528;0.000837632;0.001031168;0.0007423999999999999;0.0005959680000000001;0.000497664;0.00046080000000000003;0.000233472;0.000331776;0.000449536;0.0004915200000000001;0.000553984;0.0005304320000000001;0.000376832;0.000360448;0.000439296;0.000458752;0.00047206399999999996;0.00030617599999999996;0.000339968;0.000411648;0.00041779199999999995;0.00046592000000000004;0.00033894400000000004;0.00025088;0.000205824;0.00024063999999999997;0.000268288;0.00020172799999999998;0.000284672;0.000253952;0.000224256
1775651400,hdr,0.0293;0.03906;0.04883;0.05859;0.06836;0.07813;0.08789;0.09766;0.10742;0.11719;0.12695;0.13672;0.14648;0.15625;0.16602;0.17578;0.18555;0.19531;0.20508;0.21484;0.22461;0.23438;0.24414;0.25391;0.26367;0.27344;0.2832;0.29297;0.30273;0.3125;0.32227;0.33203;0.3418;0.35156;0.36133;0.37109;0.38086;0.39063;0.40039;0.41016;0.41992;0.42969;0.43945;0.44922;0.45898;0.46875;0.47852;0.48828;0.49805;0.50781;0.51758;0.52734;0.53711;0.54688;0.55664;0.56641;0.57617;0.58594;0.5957;0.60547;0.61523;0.625;0.63477;0.64453;0.6543;0.66406;0.67383;0.68359;0.69336;0.70313;0.71289;0.72266;0.73242;0.74219;0.75195;0.76172;0.77148;0.78125;0.79102,0.010608639999999999;0.018154496000000003;0.012136448000000001;0.014329856;0.025392128;0.030605312000000003;0.033557504;0.04133376;0.032;0.028368896;0.020704256;0.010323968000000001;0.004489216;0.0031774719999999998;0.004233216;0.0036024319999999996;0.00451584;0.0026327039999999996;0.0031406079999999996;0.002484224;0.003470336;0.0035686399999999997;0.0035287039999999997;0.002823168;0.002164736;0.001998848;0.0016895999999999999;0.0018524160000000002;0.003127296;0.004139008;0.003122176;0.0038062079999999997;0.003565568;0.001887232;0.00153088;0.0013568;0.001865728;0.001891328;0.0020910079999999997;0.002199552;0.0013240320000000002;0.001247232;0.0012165119999999999;0.00067584;0.000873472;0.0011120639999999998;0.00118784;0.0009144320000000001;0.0010209280000000002;0.000903168;0.0009768959999999999;0.001466368;0.001195008;0.0005857280000000001;0.0006144;0.0005621760000000001;0.000515072;0.0005406720000000001;0.000529408;0.000395264;0.000319488;0.0005632;0.000493568;0.00035328;0.000395264;0.000274432;0.000379904;0.000365568;0.000314368;0.000192512;0.00021401600000000003;0.00021299199999999998;0.00024063999999999997;0.00012288000000000002;0.000140288;0.00022528;0.000262144;0.000190464;0.000234496
1775652300,hdr,0.0293;0.03906;0.04883;0.05859;0.06836;0.07813;0.08789;0.09766;0.10742;0.11719;0.12695;0.13672;0.14648;0.15625;0.16602;0.17578;0.18555;0.19531;0.20508;0.21484;0.22461;0.23438;0.24414;0.25391;0.26367;0.27344;0.2832;0.29297;0.30273;0.3125;0.32227;0.33203;0.3418;0.35156;0.36133;0.37109;0.38086;0.39063;0.40039;0.41016;0.41992;0.42969;0.43945;0.44922;0.45898;0.46875;0.47852;0.48828;0.49805;0.50781;0.51758;0.52734;0.53711;0.54688;0.55664;0.56641;0.57617;0.58594;0.5957;0.60547;0.61523;0.625;0.63477;0.64453;0.6543;0.66406;0.67383;0.68359;0.69336;0.70313;0.71289;0.72266;0.73242;0.74219;0.75195;0.76172;0.77148;0.78125;0.79102,0.0016250880000000002;0.005269504000000001;0.009641984000000001;0.012935168000000002;0.030917632;0.06413312;0.046086144;0.0292096;0.032490496;0.037166080000000004;0.019385344000000002;0.013802496;0.0065464320000000005;0.002378752;0.001928192;0.001990656;0.0015493120000000002;0.002214912;0.003110912;0.002794496;0.003080192;0.002870272;0.003305472;0.003360768;0.003151872;0.002771968;0.00187392;0.0022015999999999997;0.002982912;0.004834304;0.004122624;0.00299008;0.0014940160000000001;0.001405952;0.001031168;0.00138752;0.002159616;0.00171008;0.001799168;0.001381376;0.0010762240000000002;0.000809984;0.0009717759999999999;0.0011673599999999999;0.0010516479999999999;0.00103424;0.0008386559999999999;0.000800768;0.000765952;0.000646144;0.000526336;0.000864256;0.000671744;0.000449536;0.000520192;0.000621568;0.000448512;0.0005621760000000001;0.0006225919999999999;0.000512;0.000269312;0.000157696;0.000227328;0.000356352;0.000521216;0.00045056;0.000351232;0.000475136;0.00055296;0.000395264;0.000451584;0.00035430400000000006;0.000279552;0.00034099200000000003;0.00023961599999999998;0.000278528;0.000244736;0.000331776;0.00032870400000000003
1775653200,hdr,0.0293;0.03906;0.04883;0.05859;0.06836;0.07813;0.08789;0.09766;0.10742;0.11719;0.12695;0.13672;0.14648;0.15625;0.16602;0.17578;0.18555;0.19531;0.20508;0.21484;0.22461;0.23438;0.24414;0.25391;0.26367;0.27344;0.2832;0.29297;0.30273;0.3125;0.32227;0.33203;0.3418;0.35156;0.36133;0.37109;0.38086;0.39063;0.40039;0.41016;0.41992;0.42969;0.43945;0.44922;0.45898;0.46875;0.47852;0.48828;0.49805;0.50781;0.51758;0.52734;0.53711;0.54688;0.55664;0.56641;0.57617;0.58594;0.5957;0.60547;0.61523;0.625;0.63477;0.64453;0.6543;0.66406;0.67383;0.68359;0.69336;0.70313;0.71289;0.72266;0.73242;0.74219;0.75195;0.76172;0.77148;0.78125;0.79102,0.003971072;0.005436416;0.009463808;0.019571712;0.048095232;0.038385664;0.047502336000000006;0.03824128000000001;0.032057344;0.0321792;0.0150016;0.008616960000000002;0.005659648;0.00454144;0.002767872;0.003073024;0.002671616;0.0021442559999999998;0.002994176;0.002707456;0.002922496;0.003678208;0.002618368;0.002578432;0.003868672;0.0037150720000000003;0.002996224;0.002318336;0.0020992000000000003;0.003201024;0.002696192;0.002390016;0.002332672;0.003216384;0.001856512;0.001159168;0.001451008;0.002171904;0.0011909120000000001;0.001110016;0.0012451839999999999;0.00131072;0.0013752319999999999;0.000918528;0.001559552;0.00171008;0.000881664;0.00085504;0.00113152;0.0006656;0.001292288;0.0011704320000000001;0.000867328;0.000534528;0.0006993920000000001;0.0007976959999999999;0.000643072;0.000779264;0.000606208;0.000635904;0.000633856;0.000411648;0.00052736;0.000538624;0.00048127999999999995;0.000330752;0.00029696;0.000489472;0.00029388799999999996;0.000329728;0.000331776;0.000325632;0.000345088;0.000371712;0.000444416;0.000321536;0.0002816;0.000207872;0.000178176
1775654100,hdr,0.0293;0.03906;0.04883;0.05859;0.06836;0.07813;0.08789;0.09766;0.10742;0.11719;0.12695;0.13672;0.14648;0.15625;0.16602;0.17578;0.18555;0.19531;0.20508;0.21484;0.22461;0.23438;0.24414;0.25391;0.26367;0.27344;0.2832;0.29297;0.30273;0.3125;0.32227;0.33203;0.3418;0.35156;0.36133;0.37109;0.38086;0.39063;0.40039;0.41016;0.41992;0.42969;0.43945;0.44922;0.45898;0.46875;0.47852;0.48828;0.49805;0.50781;0.51758;0.52734;0.53711;0.54688;0.55664;0.56641;0.57617;0.58594;0.5957;0.60547;0.61523;0.625;0.63477;0.64453;0.6543;0.66406;0.67383;0.68359;0.69336;0.70313;0.71289;0.72266;0.73242;0.74219;0.75195;0.76172;0.77148;0.78125;0.79102,0.010442752;0.011183104;0.012555264;0.014231552000000001;0.03179008;0.032083968;0.025618431999999997;0.032712704;0.04081664;0.024442879999999997;0.012444672;0.01017856;0.005577727999999999;0.0025907200000000003;0.002502656;0.00283136;0.0027136;0.002464768;0.002015232;0.001964032;0.001265664;0.002029568;0.004099072;0.0027504639999999998;0.003951616;0.0035706880000000002;0.0024145919999999997;0.0021268479999999998;0.002304;0.002318336;0.0030341120000000003;0.002528256;0.0018841600000000002;0.002177024;0.0027975680000000003;0.0033679359999999998;0.0027658239999999996;0.002982912;0.0021626880000000003;0.001575936;0.0015513600000000001;0.002076672;0.001999872;0.00185856;0.00128;0.0010199039999999999;0.001086464;0.0011919360000000002;0.0012072959999999998;0.001325056;0.001221632;0.0008212479999999999;0.0009256959999999999;0.0007557120000000001;0.0005724160000000001;0.0008663039999999999;0.000964608;0.0006574080000000001;0.0006891520000000001;0.0006676480000000001;0.000448512;0.000256;0.0005478400000000001;0.000408576;0.00043315199999999996;0.00041984;0.00034201599999999995;0.000274432;0.00032256;0.000313344;0.00040243200000000004;0.000350208;0.000211968;0.000275456;0.000263168;0.00020172799999999998;0.00031129599999999997;0.000331776;0.00031232
1775655000,hdr,0.0293;0.03906;0.04883;0.05859;0.06836;0.07813;0.08789;0.09766;0.10742;0.11719;0.12695;0.13672;0.14648;0.15625;0.16602;0.17578;0.18555;0.19531;0.20508;0.21484;0.22461;0.23438;0.24414;0.25391;0.26367;0.27344;0.2832;0.29297;0.30273;0.3125;0.32227;0.33203;0.3418;0.35156;0.36133;0.37109;0.38086;0.39063;0.40039;0.41016;0.41992;0.42969;0.43945;0.44922;0.45898;0.46875;0.47852;0.48828;0.49805;0.50781;0.51758;0.52734;0.53711;0.54688;0.55664;0.56641;0.57617;0.58594;0.5957;0.60547;0.61523;0.625;0.63477;0.64453;0.6543;0.66406;0.67383;0.68359;0.69336;0.70313;0.71289;0.72266;0.73242;0.74219;0.75195;0.76172;0.77148;0.78125;0.79102,0.006096896;0.011614208;0.017937408000000002;0.023562239999999998;0.048465919999999996;0.07177420799999999;0.04117504;0.028876799999999998;0.033027072;0.028623871999999998;0.029778943999999998;0.017504256000000003;0.0063549439999999995;0.004415488;0.0030894080000000005;0.0034375680000000002;0.003414016;0.0028385280000000003;0.003315712;0.002962432;0.002807808;0.003408896;0.002833408;0.003236864;0.003487744;0.004061184;0.0033720319999999996;0.003011584;0.00272384;0.002500608;0.0025753599999999996;0.00291328;0.0026286079999999997;0.00288256;0.001662976;0.001558528;0.001818624;0.0022784000000000003;0.00185856;0.0015872;0.001922048;0.001796096;0.0014192640000000002;0.00163328;0.00153088;0.0014847999999999999;0.001680384;0.0009021439999999999;0.0008212479999999999;0.001188864;0.001117184;0.000917504;0.001188864;0.00101888;0.0009727999999999999;0.000549888;0.00045568;0.00054272;0.00052224;0.0005703679999999999;0.000672768;0.0008110079999999999;0.000429056;0.000413696;0.000485376;0.00033894400000000004;0.00030208000000000004;0.000382976;0.000518144;0.000401408;0.000257024;0.00033792;0.000331776;0.0003584;0.000447488;0.00026623999999999994;0.000175104;0.00018432000000000002;0.00035532799999999997
1775655900,hdr,0.0293;0.03906;0.04883;0.05859;0.06836;0.07813;0.08789;0.09766;0.10742;0.11719;0.12695;0.13672;0.14648;0.15625;0.16602;0.17578;0.18555;0.19531;0.20508;0.21484;0.22461;0.23438;0.24414;0.25391;0.26367;0.27344;0.2832;0.29297;0.30273;0.3125;0.32227;0.33203;0.3418;0.35156;0.36133;0.37109;0.38086;0.39063;0.40039;0.41016;0.41992;0.42969;0.43945;0.44922;0.45898;0.46875;0.47852;0.48828;0.49805;0.50781;0.51758;0.52734;0.53711;0.54688;0.55664;0.56641;0.57617;0.58594;0.5957;0.60547;0.61523;0.625;0.63477;0.64453;0.6543;0.66406;0.67383;0.68359;0.69336;0.70313;0.71289;0.72266;0.73242;0.74219;0.75195;0.76172;0.77148;0.78125;0.79102,0.003867648;0.016530432;0.017627135999999998;0.014958591999999998;0.033893376;0.029702144;0.02536448;0.029630464;0.033159167999999996;0.023460864;0.021450752;0.017406975999999998;0.00751104;0.003777536;0.0024084479999999997;0.001560576;0.0024064;0.0033955839999999997;0.0028344320000000004;0.0023941119999999995;0.00258048;0.002655232;0.002659328;0.0033382399999999997;0.003059712;0.003982336;0.003296256;0.002445312;0.0030945279999999996;0.00362496;0.002373632;0.003356672;0.0024739840000000003;0.0013352960000000001;0.002044928;0.0034385919999999994;0.003212288;0.0038000639999999997;0.003667968;0.003652608;0.0025856;0.0021985280000000004;0.002233344;0.002592768;0.001875968;0.001544192;0.002021376;0.001432576;0.0014929920000000003;0.0016916480000000002;0.001711104;0.001820672;0.001831936;0.0011960319999999999;0.0007290879999999999;0.000790528;0.000442368;0.0006850560000000001;0.00080384;0.0008212479999999999;0.0005857280000000001;0.000626688;0.000704512;0.00063488;0.000528384;0.0004884479999999999;0.00054272;0.0005816320000000001;0.000461824;0.00042598399999999997;0.000400384;0.000398336;0.00029696;0.00029286400000000005;0.000384;0.00050688;0.00041676800000000003;0.000324608;0.00026623999999999994
1775656800,hdr,0.0293;0.03906;0.04883;0.05859;0.06836;0.07813;0.08789;0.09766;0.10742;0.11719;0.12695;0.13672;0.14648;0.15625;0.16602;0.17578;0.18555;0.19531;0.20508;0.21484;0.22461;0.23438;0.24414;0.25391;0.26367;0.27344;0.2832;0.29297;0.30273;0.3125;0.32227;0.33203;0.3418;0.35156;0.36133;0.37109;0.38086;0.39063;0.40039;0.41016;0.41992;0.42969;0.43945;0.44922;0.45898;0.46875;0.47852;0.48828;0.49805;0.50781;0.51758;0.52734;0.53711;0.54688;0.55664;0.56641;0.57617;0.58594;0.5957;0.60547;0.61523;0.625;0.63477;0.64453;0.6543;0.66406;0.67383;0.68359;0.69336;0.70313;0.71289;0.72266;0.73242;0.74219;0.75195;0.76172;0.77148;0.78125;0.79102,0.004050944000000001;0.024681472;0.033890304;0.022230016;0.04582912;0.053387264000000004;0.018341888000000004;0.026903552;0.022321152;0.036432896;0.030611456000000002;0.013032448;0.005115903999999999;0.003831808;0.00305664;0.0038717440000000003;0.003396608;0.003191808;0.0025753599999999996;0.0026941440000000003;0.003822592;0.002993152;0.001937408;0.002587648;0.003340288;0.00279552;0.002679808;0.002753536;0.0027883520000000005;0.00261632;0.001814528;0.001301504;0.0013578239999999999;0.00141312;0.0014796800000000001;0.0027217920000000002;0.0033925120000000003;0.0023234560000000002;0.002003968;0.001727488;0.0012912639999999999;0.001296384;0.002306048;0.002403328;0.003152896;0.002956288;0.001659904;0.001212416;0.0013035520000000001;0.0012042239999999998;0.001084416;0.001294336;0.001652736;0.001626112;0.001426432;0.001209344;0.00097792;0.00088576;0.000536576;0.0007106559999999999;0.000715776;0.000917504;0.0009523200000000001;0.0006932479999999999;0.000451584;0.0005478400000000001;0.0005877759999999999;0.0005847039999999999;0.0006737919999999999;0.000388096;0.000400384;0.000434176;0.000380928;0.000329728;0.00031129599999999997;0.000384;0.00047820800000000004;0.000418816;0.000321536
1775657700,hdr,0.0293;0.03906;0.04883;0.05859;0.06836;0.07813;0.08789;0.09766;0.10742;0.11719;0.12695;0.13672;0.14648;0.15625;0.16602;0.17578;0.18555;0.19531;0.20508;0.21484;0.22461;0.23438;0.24414;0.25391;0.26367;0.27344;0.2832;0.29297;0.30273;0.3125;0.32227;0.33203;0.3418;0.35156;0.36133;0.37109;0.38086;0.39063;0.40039;0.41016;0.41992;0.42969;0.43945;0.44922;0.45898;0.46875;0.47852;0.48828;0.49805;0.50781;0.51758;0.52734;0.53711;0.54688;0.55664;0.56641;0.57617;0.58594;0.5957;0.60547;0.61523;0.625;0.63477;0.64453;0.6543;0.66406;0.67383;0.68359;0.69336;0.70313;0.71289;0.72266;0.73242;0.74219;0.75195;0.76172;0.77148;0.78125;0.79102,0.002794496;0.011592704;0.011739136;0.016396288;0.03405312;0.031707136;0.020406272;0.02348032;0.028865536;0.048306176;0.028051456000000002;0.009281535999999998;0.0039321600000000005;0.0022241279999999997;0.0019537919999999998;0.00221696;0.001942528;0.00236544;0.00236032;0.0020500479999999996;0.001467392;0.002151424;0.002809856;0.0027105280000000002;0.001769472;0.002188288;0.003360768;0.0024145919999999997;0.0020879360000000003;0.0024504320000000002;0.0025077759999999998;0.0026009600000000003;0.001905664;0.00222208;0.00305152;0.004734975999999999;0.003416064;0.0018831359999999999;0.0035583999999999998;0.003477504;0.0022097920000000004;0.0021207039999999997;0.0020858880000000006;0.0016906239999999997;0.001959936;0.0022528;0.002387968;0.001656832;0.001678336;0.001722368;0.001620992;0.001113088;0.0009615359999999999;0.00091136;0.0008458240000000001;0.001395712;0.0009943039999999999;0.00108544;0.0009717759999999999;0.0005836799999999999;0.000736256;0.0007884799999999999;0.000776192;0.000884736;0.000817152;0.00067072;0.000616448;0.0008468480000000001;0.000648192;0.00047411199999999995;0.000310272;0.00036147200000000005;0.00039628799999999996;0.000439296;0.000393216;0.000263168;0.00029900799999999997;0.000432128;0.000413696
1775658600,hdr,0.0293;0.03906;0.04883;0.05859;0.06836;0.07813;0.08789;0.09766;0.10742;0.11719;0.12695;0.13672;0.14648;0.15625;0.16602;0.17578;0.18555;0.19531;0.20508;0.21484;0.22461;0.23438;0.24414;0.25391;0.26367;0.27344;0.2832;0.29297;0.30273;0.3125;0.32227;0.33203;0.3418;0.35156;0.36133;0.37109;0.38086;0.39063;0.40039;0.41016;0.41992;0.42969;0.43945;0.44922;0.45898;0.46875;0.47852;0.48828;0.49805;0.50781;0.51758;0.52734;0.53711;0.54688;0.55664;0.56641;0.57617;0.58594;0.5957;0.60547;0.61523;0.625;0.63477;0.64453;0.6543;0.66406;0.67383;0.68359;0.69336;0.70313;0.71289;0.72266;0.73242;0.74219;0.75195;0.76172;0.77148;0.78125;0.79102,0.004881408;0.010744832000000001;0.015141888;0.022009856;0.040946688;0.04649472;0.027541504;0.024695808;0.041966592;0.066523136;0.040169472000000005;0.012479487999999999;0.006235136;0.004415488;0.003405824;0.0020582400000000002;0.002044928;0.002556928;0.002183168;0.0019537919999999998;0.00211456;0.002279424;0.003442688;0.0036095999999999997;0.003055616;0.002787328;0.002405376;0.003966976;0.003646464;0.003933184;0.002228224;0.0023500800000000005;0.002382848;0.003644416;0.00336896;0.0028467199999999996;0.0023572479999999997;0.0028487680000000002;0.00274944;0.002885632;0.0022476799999999997;0.00217088;0.002106368;0.001276928;0.0016936960000000002;0.002405376;0.0018432000000000001;0.00178176;0.00144896;0.0012523519999999998;0.000863232;0.001296384;0.001779712;0.001159168;0.001067008;0.000760832;0.000664576;0.0006993920000000001;0.000801792;0.0011694079999999998;0.001102848;0.0011048960000000002;0.000801792;0.000720896;0.0005959680000000001;0.000626688;0.000475136;0.000413696;0.00040960000000000004;0.00046489599999999996;0.00030617599999999996;0.00025497599999999997;0.00043315199999999996;0.00035328;0.00029388799999999996;0.000350208;0.00044339199999999997;0.0005089280000000001;0.000401408
1775659500,hdr,0.0293;0.03906;0.04883;0.05859;0.06836;0.07813;0.08789;0.09766;0.10742;0.11719;0.12695;0.13672;0.14648;0.15625;0.16602;0.17578;0.18555;0.19531;0.20508;0.21484;0.22461;0.23438;0.24414;0.25391;0.26367;0.27344;0.2832;0.29297;0.30273;0.3125;0.32227;0.33203;0.3418;0.35156;0.36133;0.37109;0.38086;0.39063;0.40039;0.41016;0.41992;0.42969;0.43945;0.44922;0.45898;0.46875;0.47852;0.48828;0.49805;0.50781;0.51758;0.52734;0.53711;0.54688;0.55664;0.56641;0.57617;0.58594;0.5957;0.60547;0.61523;0.625;0.63477;0.64453;0.6543;0.66406;0.67383;0.68359;0.69336;0.70313;0.71289;0.72266;0.73242;0.74219;0.75195;0.76172;0.77148;0.78125;0.79102,0.0051968;0.012387328;0.013197312;0.00729088;0.018601984000000002;0.030826496;0.024971264000000003;0.026068992000000003;0.033168384;0.023994368000000002;0.018463743999999997;0.014117888;0.007168;0.0033720319999999996;0.0017121280000000003;0.001717248;0.002154496;0.002337792;0.00200704;0.0019230719999999998;0.0023019520000000003;0.002332672;0.001631232;0.00338944;0.003790848;0.00272896;0.0042086400000000005;0.0035061759999999997;0.0031016959999999997;0.002716672;0.002373632;0.002547712;0.00187904;0.0019650559999999997;0.002249728;0.0021002239999999995;0.002579456;0.002036736;0.0025835520000000002;0.002865152;0.002015232;0.0022599680000000002;0.002110464;0.002514944;0.001460224;0.0011284479999999998;0.001432576;0.0014919679999999998;0.001685504;0.002006016;0.0017408;0.0017090559999999998;0.001091584;0.0006789119999999999;0.000864256;0.00101888;0.000922624;0.000524288;0.00075776;0.001406976;0.001065984;0.00076288;0.0006840319999999999;0.00040243200000000004;0.0006830079999999999;0.0007843840000000001;0.000579584;0.00037785600000000004;0.000380928;0.000451584;0.000512;0.000310272;0.000249856;0.00047923199999999995;0.00041984;0.000347136;0.000351232;0.00022528;0.000386048
1775660400,hdr,0.0293;0.03906;0.04883;0.05859;0.06836;0.07813;0.08789;0.09766;0.10742;0.11719;0.12695;0.13672;0.14648;0.15625;0.16602;0.17578;0.18555;0.19531;0.20508;0.21484;0.22461;0.23438;0.24414;0.25391;0.26367;0.27344;0.2832;0.29297;0.30273;0.3125;0.32227;0.33203;0.3418;0.35156;0.36133;0.37109;0.38086;0.39063;0.40039;0.41016;0.41992;0.42969;0.43945;0.44922;0.45898;0.46875;0.47852;0.48828;0.49805;0.50781;0.51758;0.52734;0.53711;0.54688;0.55664;0.56641;0.57617;0.58594;0.5957;0.60547;0.61523;0.625;0.63477;0.64453;0.6543;0.66406;0.67383;0.68359;0.69336;0.70313;0.71289;0.72266;0.73242;0.74219;0.75195;0.76172;0.77148;0.78125;0.79102,0.001440768;0.012865536;0.018259968;0.01000448;0.023369728;0.033631232;0.015136768;0.014166016000000002;0.023146496;0.037805056;0.022719487999999996;0.012819456;0.007051264;0.003054592;0.0018257920000000001;0.00283136;0.00225792;0.0021227520000000003;0.002801664;0.0038993920000000002;0.004276224;0.004028416;0.003931136;0.00309248;0.0036014080000000004;0.0037601279999999997;0.004662272;0.003613696;0.003186688;0.005179392;0.004134912;0.003216384;0.002801664;0.001826816;0.0022353919999999997;0.00307712;0.0022947840000000002;0.002180096;0.0020858880000000006;0.0026347520000000006;0.00359936;0.0023470080000000003;0.002203648;0.001806336;0.001558528;0.001385472;0.001803264;0.001752064;0.001652736;0.001371136;0.00155648;0.001156096;0.001107968;0.0019476480000000002;0.001349632;0.001086464;0.000858112;0.0009758719999999999;0.0007014399999999999;0.0005683200000000001;0.0007423999999999999;0.000753664;0.00052224;0.0005642239999999999;0.000966656;0.0011427840000000002;0.000535552;0.000694272;0.000539648;0.000360448;0.00047718399999999996;0.00040960000000000004;0.000502784;0.00032870400000000003;0.00037888;0.00040243200000000004;0.000323584;0.000468992;0.000444416
1775661300,hdr,0.0293;0.03906;0.04883;0.05859;0.06836;0.07813;0.08789;0.09766;0.10742;0.11719;0.12695;0.13672;0.14648;0.15625;0.16602;0.17578;0.18555;0.19531;0.20508;0.21484;0.22461;0.23438;0.24414;0.25391;0.26367;0.27344;0.2832;0.29297;0.30273;0.3125;0.32227;0.33203;0.3418;0.35156;0.36133;0.37109;0.38086;0.39063;0.40039;0.41016;0.41992;0.42969;0.43945;0.44922;0.45898;0.46875;0.47852;0.48828;0.49805;0.50781;0.51758;0.52734;0.53711;0.54688;0.55664;0.56641;0.57617;0.58594;0.5957;0.60547;0.61523;0.625;0.63477;0.64453;0.6543;0.66406;0.67383;0.68359;0.69336;0.70313;0.71289;0.72266;0.73242;0.74219;0.75195;0.76172;0.77148;0.78125;0.79102,0.0055183359999999996;0.017954816000000002;0.021467135999999998;0.011022335999999999;0.022026240000000002;0.031787008;0.029888512;0.028539903999999998;0.03453235200000001;0.05210112;0.04335104;0.024869888;0.009581568;0.00478208;0.003393536;0.001967104;0.001604608;0.002158592;0.0032532480000000003;0.003232768;0.00338432;0.004088832;0.0033873920000000004;0.002295808;0.002164736;0.002885632;0.00310784;0.00339968;0.005686272;0.00373248;0.003152896;0.004237312;0.002046976;0.001212416;0.0021411840000000004;0.001721344;0.001406976;0.0018995200000000002;0.0017684480000000002;0.001306624;0.0015226880000000001;0.001422336;0.001486848;0.001655808;0.0013404159999999999;0.00104448;0.001221632;0.00122368;0.001466368;0.001924096;0.001519616;0.00105472;0.0011161600000000002;0.001176576;0.0009984;0.000644096;0.001103872;0.000924672;0.000826368;0.000780288;0.000813056;0.000878592;0.0005724160000000001;0.000606208;0.000641024;0.000635904;0.000569344;0.000631808;0.00064;0.00046592000000000004;0.00047206399999999996;0.000590848;0.00059904;0.000345088;0.0004352;0.00040755200000000004;0.000401408;0.000505856;0.00043008000000000006
1775662200,hdr,0.0293;0.03906;0.04883;0.05859;0.06836;0.07813;0.08789;0.09766;0.10742;0.11719;0.12695;0.13672;0.14648;0.15625;0.16602;0.17578;0.18555;0.19531;0.20508;0.21484;0.22461;0.23438;0.24414;0.25391;0.26367;0.27344;0.2832;0.29297;0.30273;0.3125;0.32227;0.33203;0.3418;0.35156;0.36133;0.37109;0.38086;0.39063;0.40039;0.41016;0.41992;0.42969;0.43945;0.44922;0.45898;0.46875;0.47852;0.48828;0.49805;0.50781;0.51758;0.52734;0.53711;0.54688;0.55664;0.56641;0.57617;0.58594;0.5957;0.60547;0.61523;0.625;0.63477;0.64453;0.6543;0.66406;0.67383;0.68359;0.69336;0.70313;0.71289;0.72266;0.73242;0.74219;0.75195;0.76172;0.77148;0.78125;0.79102,0.006077440000000001;0.016257024000000002;0.010942464;0.010371072;0.027722752;0.027659264;0.015760384;0.029705216;0.02769408;0.047320063999999995;0.038590464;0.01602048;0.005885951999999999;0.0030535679999999996;0.002316288;0.0022906879999999995;0.002824192;0.0017766400000000001;0.00246272;0.003803136;0.004195328;0.002681856;0.0031016959999999997;0.0027269119999999997;0.002915328;0.003637248;0.002850816;0.002724864;0.0026685439999999997;0.003212288;0.0027904;0.002172928;0.0017807360000000002;0.0016936960000000002;0.002859008;0.00215552;0.002192384;0.0015103999999999999;0.0013864959999999999;0.001312768;0.00141312;0.0020490240000000004;0.00193536;0.001588224;0.0012707839999999998;0.001654784;0.0018012159999999998;0.0012042239999999998;0.0011264;0.0006676480000000001;0.000485376;0.00052736;0.001281024;0.0016650240000000002;0.001284096;0.000963584;0.000764928;0.000641024;0.00045056;0.00068608;0.00062464;0.0008386559999999999;0.0008304639999999999;0.000661504;0.000882688;0.000592896;0.000492544;0.00050688;0.0005304320000000001;0.0006144;0.00048025600000000003;0.000499712;0.0005580800000000001;0.000548864;0.000277504;0.000318464;0.000432128;0.00032256;0.000242688
1775663100,hdr,0.0293;0.03906;0.04883;0.05859;0.06836;0.07813;0.08789;0.09766;0.10742;0.11719;0.12695;0.13672;0.14648;0.15625;0.16602;0.17578;0.18555;0.19531;0.20508;0.21484;0.22461;0.23438;0.24414;0.25391;0.26367;0.27344;0.2832;0.29297;0.30273;0.3125;0.32227;0.33203;0.3418;0.35156;0.36133;0.37109;0.38086;0.39063;0.40039;0.41016;0.41992;0.42969;0.43945;0.44922;0.45898;0.46875;0.47852;0.48828;0.49805;0.50781;0.51758;0.52734;0.53711;0.54688;0.55664;0.56641;0.57617;0.58594;0.5957;0.60547;0.61523;0.625;0.63477;0.64453;0.6543;0.66406;0.67383;0.68359;0.69336;0.70313;0.71289;0.72266;0.73242;0.74219;0.75195;0.76172;0.77148;0.78125;0.79102,0.004120576;0.010601471999999999;0.013273088;0.015731712;0.034102271999999996;0.032535552;0.025198592;0.028669952;0.020788223999999998;0.03763609600000001;0.046722048;0.022135808;0.008980479999999999;0.004334592;0.0030207999999999997;0.003252224;0.00448;0.004373504;0.0025036800000000003;0.00282624;0.0022661120000000002;0.002277376;0.002199552;0.00296448;0.00272384;0.0030197759999999996;0.0023050239999999997;0.003356672;0.003442688;0.002878464;0.0017674240000000003;0.001557504;0.00172544;0.001476608;0.0012544;0.001348608;0.0013783040000000001;0.001711104;0.001915904;0.001276928;0.000992256;0.001308672;0.001866752;0.001297408;0.0011509760000000002;0.000664576;0.0008765439999999999;0.000658432;0.000877568;0.00134656;0.001323008;0.0013660159999999998;0.001238016;0.000714752;0.000758784;0.0007557120000000001;0.0009318400000000001;0.00077824;0.0009041920000000001;0.0008222720000000001;0.0007884799999999999;0.000611328;0.000489472;0.00044339199999999997;0.0005959680000000001;0.0006819840000000001;0.000514048;0.00064512;0.000521216;0.00047206399999999996;0.00036864000000000005;0.000502784;0.000514048;0.00032768;0.00032870400000000003;0.000305152;0.000352256;0.00045568;0.000603136
1775664000,hdr,0.0293;0.03906;0.04883;0.05859;0.06836;0.07813;0.08789;0.09766;0.10742;0.11719;0.12695;0.13672;0.14648;0.15625;0.16602;0.17578;0.18555;0.19531;0.20508;0.21484;0.22461;0.23438;0.24414;0.25391;0.26367;0.27344;0.2832;0.29297;0.30273;0.3125;0.32227;0.33203;0.3418;0.35156;0.36133;0.37109;0.38086;0.39063;0.40039;0.41016;0.41992;0.42969;0.43945;0.44922;0.45898;0.46875;0.47852;0.48828;0.49805;0.50781;0.51758;0.52734;0.53711;0.54688;0.55664;0.56641;0.57617;0.58594;0.5957;0.60547;0.61523;0.625;0.63477;0.64453;0.6543;0.66406;0.67383;0.68359;0.69336;0.70313;0.71289;0.72266;0.73242;0.74219;0.75195;0.76172;0.77148;0.78125;0.79102,0.000818176;0.0036085759999999996;0.006358016;0.008991744000000001;0.028550144;0.041897984000000006;0.031241216;0.027889664;0.030173184;0.045654016;0.049309696;0.020596736;0.004660224;0.0025251839999999998;0.002282496;0.0026777600000000004;0.003306496;0.003065856;0.003477504;0.00279552;0.002706432;0.0033976320000000003;0.00276992;0.0027320319999999997;0.0027402240000000003;0.0021944319999999996;0.00160256;0.001440768;0.001564672;0.00142848;0.0021032959999999997;0.001833984;0.0022374400000000003;0.0019087359999999999;0.001212416;0.0014714879999999997;0.001193984;0.0011264;0.001107968;0.0012707839999999998;0.001273856;0.00101376;0.0006952960000000001;0.0009564160000000001;0.001206272;0.001035264;0.000884736;0.0009431040000000001;0.0007423999999999999;0.0005744639999999999;0.00131584;0.001189888;0.0009738240000000001;0.0008069119999999999;0.001087488;0.000770048;0.0005724160000000001;0.0010721279999999999;0.000621568;0.000458752;0.000658432;0.0005621760000000001;0.000507904;0.000687104;0.000764928;0.0007833599999999999;0.0007014399999999999;0.000813056;0.00052736;0.00047616000000000005;0.00030003200000000004;0.00031744;0.00039731200000000003;0.00045568;0.0004352;0.000390144;0.00034099200000000003;0.00023961599999999998;0.000280576
1775664900,hdr,0.0293;0.03906;0.04883;0.05859;0.06836;0.07813;0.08789;0.09766;0.10742;0.11719;0.12695;0.13672;0.14648;0.15625;0.16602;0.17578;0.18555;0.19531;0.20508;0.21484;0.22461;0.23438;0.24414;0.25391;0.26367;0.27344;0.2832;0.29297;0.30273;0.3125;0.32227;0.33203;0.3418;0.35156;0.36133;0.37109;0.38086;0.39063;0.40039;0.41016;0.41992;0.42969;0.43945;0.44922;0.45898;0.46875;0.47852;0.48828;0.49805;0.50781;0.51758;0.52734;0.53711;0.54688;0.55664;0.56641;0.57617;0.58594;0.5957;0.60547;0.61523;0.625;0.63477;0.64453;0.6543;0.66406;0.67383;0.68359;0.69336;0.70313;0.71289;0.72266;0.73242;0.74219;0.75195;0.76172;0.77148;0.78125;0.79102,0.0017766400000000001;0.00514048;0.0067184639999999995;0.010336256000000002;0.044824576;0.041344;0.013565952;0.012866559999999999;0.028158976;0.032398336;0.034781184;0.026754048000000002;0.010704896;0.003231744;0.00387584;0.004731904;0.004846592;0.0028047360000000004;0.002336768;0.002956288;0.002967552;0.003104768;0.003057664;0.00276992;0.002291712;0.003634176;0.003944448;0.0023173119999999998;0.001779712;0.001700864;0.002067456;0.00222208;0.002138112;0.001297408;0.001476608;0.001403904;0.0015616000000000002;0.0012728319999999998;0.001296384;0.001792;0.0015667199999999997;0.0010833919999999999;0.000927744;0.000912384;0.001165312;0.001103872;0.0007925759999999999;0.00059904;0.0007280640000000001;0.0008386559999999999;0.0008355839999999999;0.00051712;0.0007075839999999999;0.00064;0.000653312;0.000641024;0.000594944;0.000698368;0.0010833919999999999;0.000995328;0.0009021439999999999;0.0009574399999999999;0.000992256;0.00048639999999999995;0.0006891520000000001;0.000871424;0.0009943039999999999;0.00101888;0.000594944;0.0005816320000000001;0.000494592;0.0006123519999999999;0.00046796800000000003;0.00049664;0.00047001599999999997;0.000439296;0.000628736;0.000553984;0.00055296
1775665800,hdr,0.0293;0.03906;0.04883;0.05859;0.06836;0.07813;0.08789;0.09766;0.10742;0.11719;0.12695;0.13672;0.14648;0.15625;0.16602;0.17578;0.18555;0.19531;0.20508;0.21484;0.22461;0.23438;0.24414;0.25391;0.26367;0.27344;0.2832;0.29297;0.30273;0.3125;0.32227;0.33203;0.3418;0.35156;0.36133;0.37109;0.38086;0.39063;0.40039;0.41016;0.41992;0.42969;0.43945;0.44922;0.45898;0.46875;0.47852;0.48828;0.49805;0.50781;0.51758;0.52734;0.53711;0.54688;0.55664;0.56641;0.57617;0.58594;0.5957;0.60547;0.61523;0.625;0.63477;0.64453;0.6543;0.66406;0.67383;0.68359;0.69336;0.70313;0.71289;0.72266;0.73242;0.74219;0.75195;0.76172;0.77148;0.78125;0.79102,0.004493312000000001;0.013360127999999999;0.019566592;0.017306624;0.037037056;0.023220224;0.022061056;0.03127296;0.05033471999999999;0.0557824;0.039023616;0.027639808;0.01165312;0.0052541440000000005;0.003195904;0.003805184;0.00625664;0.004984832000000001;0.004217856000000001;0.0031774719999999998;0.00290816;0.00495616;0.004731904;0.002746368;0.002531328;0.0035788799999999996;0.003231744;0.0020736;0.001792;0.00176128;0.0027453439999999994;0.002640896;0.0018288640000000001;0.001811456;0.002453504;0.002761728;0.00171008;0.001338368;0.0016179200000000001;0.0012687360000000001;0.000694272;0.0007423999999999999;0.0010475520000000002;0.001583104;0.001563648;0.0016087039999999999;0.001281024;0.000966656;0.00046592000000000004;0.00101888;0.0015452159999999999;0.0010496000000000001;0.0012072959999999998;0.0010516479999999999;0.0008151040000000001;0.000529408;0.00076288;0.001101824;0.000687104;0.000661504;0.000507904;0.00044339199999999997;0.000451584;0.000753664;0.000900096;0.00041984;0.00044646400000000004;0.000635904;0.000628736;0.000579584;0.0007557120000000001;0.0006277120000000001;0.000549888;0.000483328;0.00063488;0.000518144;0.000516096;0.000503808;0.000379904
1775666700,hdr,0.0293;0.03906;0.04883;0.05859;0.06836;0.07813;0.08789;0.09766;0.10742;0.11719;0.12695;0.13672;0.14648;0.15625;0.16602;0.17578;0.18555;0.19531;0.20508;0.21484;0.22461;0.23438;0.24414;0.25391;0.26367;0.27344;0.2832;0.29297;0.30273;0.3125;0.32227;0.33203;0.3418;0.35156;0.36133;0.37109;0.38086;0.39063;0.40039;0.41016;0.41992;0.42969;0.43945;0.44922;0.45898;0.46875;0.47852;0.48828;0.49805;0.50781;0.51758;0.52734;0.53711;0.54688;0.55664;0.56641;0.57617;0.58594;0.5957;0.60547;0.61523;0.625;0.63477;0.64453;0.6543;0.66406;0.67383;0.68359;0.69336;0.70313;0.71289;0.72266;0.73242;0.74219;0.75195;0.76172;0.77148;0.78125;0.79102,0.004066304;0.010121216;0.007996416000000001;0.008468479999999999;0.03317452800000001;0.050417664;0.01694208;0.021067775999999996;0.030329856;0.048370688;0.046744576;0.026165248;0.009362432;0.005097472;0.0042065919999999994;0.0038696959999999997;0.00241152;0.003406848;0.002961408;0.00522752;0.004601856;0.003984384;0.003505152;0.003237888;0.002548736;0.0025415679999999997;0.0027904;0.0027893759999999997;0.002110464;0.00160256;0.0013352960000000001;0.001790976;0.0019968;0.001639424;0.001258496;0.0012032;0.001504256;0.001496064;0.0012728319999999998;0.00137216;0.001839104;0.001099776;0.0006912;0.0006973439999999999;0.0007976959999999999;0.0010014719999999998;0.0008929280000000001;0.0008048640000000001;0.00093696;0.0006840319999999999;0.0007188480000000001;0.000623616;0.0009297919999999999;0.001102848;0.000736256;0.0005007359999999999;0.00075264;0.000723968;0.000656384;0.000601088;0.0007495679999999999;0.0008468480000000001;0.000549888;0.000772096;0.0006993920000000001;0.000652288;0.00065536;0.0007014399999999999;0.0007352319999999999;0.00082432;0.000661504;0.000475136;0.0006082559999999999;0.0006041600000000001;0.0005683200000000001;0.000620544;0.000659456;0.0007925759999999999;0.0008519679999999999
1775667600,hdr,0.0293;0.03906;0.04883;0.05859;0.06836;0.07813;0.08789;0.09766;0.10742;0.11719;0.12695;0.13672;0.14648;0.15625;0.16602;0.17578;0.18555;0.19531;0.20508;0.21484;0.22461;0.23438;0.24414;0.25391;0.26367;0.27344;0.2832;0.29297;0.30273;0.3125;0.32227;0.33203;0.3418;0.35156;0.36133;0.37109;0.38086;0.39063;0.40039;0.41016;0.41992;0.42969;0.43945;0.44922;0.45898;0.46875;0.47852;0.48828;0.49805;0.50781;0.51758;0.52734;0.53711;0.54688;0.55664;0.56641;0.57617;0.58594;0.5957;0.60547;0.61523;0.625;0.63477;0.64453;0.6543;0.66406;0.67383;0.68359;0.69336;0.70313;0.71289;0.72266;0.73242;0.74219;0.75195;0.76172;0.77148;0.78125;0.79102,0.008056832;0.012736511999999998;0.008415232;0.00621056;0.022475776;0.036846592000000004;0.024389631999999998;0.024133632;0.023501824;0.032628736000000005;0.050312192000000006;0.02659328;0.01081856;0.006700032;0.00536576;0.0046295039999999996;0.004655103999999999;0.003979264;0.005261312;0.007103487999999999;0.005226496;0.004190208000000001;0.003748864;0.0024166400000000003;0.002067456;0.002110464;0.001618944;0.0020244480000000003;0.001734656;0.001325056;0.0015144960000000002;0.00131584;0.001910784;0.0022947840000000002;0.002045952;0.00194048;0.001867776;0.00183808;0.0014581759999999998;0.0011796480000000002;0.00083968;0.001601536;0.0016168960000000003;0.001374208;0.000937984;0.0009748480000000001;0.0008192000000000001;0.000759808;0.0010178560000000001;0.00091136;0.0008447999999999999;0.0012400640000000001;0.001202176;0.00049664;0.0006092800000000001;0.0007280640000000001;0.000795648;0.0008192000000000001;0.000628736;0.00052736;0.000553984;0.000661504;0.000768;0.000499712;0.000611328;0.001533952;0.001241088;0.00068096;0.000454656;0.000503808;0.000745472;0.0009738240000000001;0.0009748480000000001;0.001513472;0.0011212799999999999;0.0009420800000000001;0.000987136;0.00082432;0.0008222720000000001
1775668500,hdr,0.0293;0.03906;0.04883;0.05859;0.06836;0.07813;0.08789;0.09766;0.10742;0.11719;0.12695;0.13672;0.14648;0.15625;0.16602;0.17578;0.18555;0.19531;0.20508;0.21484;0.22461;0.23438;0.24414;0.25391;0.26367;0.27344;0.2832;0.29297;0.30273;0.3125;0.32227;0.33203;0.3418;0.35156;0.36133;0.37109;0.38086;0.39063;0.40039;0.41016;0.41992;0.42969;0.43945;0.44922;0.45898;0.46875;0.47852;0.48828;0.49805;0.50781;0.51758;0.52734;0.53711;0.54688;0.55664;0.56641;0.57617;0.58594;0.5957;0.60547;0.61523;0.625;0.63477;0.64453;0.6543;0.66406;0.67383;0.68359;0.69336;0.70313;0.71289;0.72266;0.73242;0.74219;0.75195;0.76172;0.77148;0.78125;0.79102,0.009038848;0.020360192000000003;0.014025728000000001;0.008301567999999999;0.038237184;0.051877888;0.036868095999999996;0.02850816;0.031577088;0.031036415999999997;0.029403136;0.016587776000000002;0.009949184000000002;0.00571904;0.002691072;0.0036352000000000003;0.00457216;0.009666560000000001;0.007196672;0.004022272;0.004635648;0.005676032;0.005128192;0.004811776;0.0035850240000000005;0.001803264;0.0019189760000000002;0.0014438399999999998;0.001647616;0.001509376;0.002030592;0.001874944;0.001670144;0.001641472;0.0024002560000000004;0.0015616000000000002;0.0011007999999999999;0.0009564160000000001;0.001457152;0.002200576;0.001782784;0.001634304;0.0011212799999999999;0.00146432;0.0012605440000000002;0.000963584;0.00108544;0.0008345599999999999;0.000986112;0.001574912;0.00109056;0.0009359360000000001;0.0011509760000000002;0.001325056;0.001276928;0.000807936;0.0010373119999999999;0.0007352319999999999;0.00077824;0.000945152;0.001014784;0.0010455039999999998;0.0012400640000000001;0.0008386559999999999;0.000861184;0.001188864;0.0009482239999999999;0.0010721279999999999;0.001119232;0.00129024;0.0013219840000000002;0.00091136;0.00135168;0.00142848;0.000933888;0.0007168;0.001050624;0.000743424;0.0005888
1775669400,hdr,0.0293;0.03906;0.04883;0.05859;0.06836;0.07813;0.08789;0.09766;0.10742;0.11719;0.12695;0.13672;0.14648;0.15625;0.16602;0.17578;0.18555;0.19531;0.20508;0.21484;0.22461;0.23438;0.24414;0.25391;0.26367;0.27344;0.2832;0.29297;0.30273;0.3125;0.32227;0.33203;0.3418;0.35156;0.36133;0.37109;0.38086;0.39063;0.40039;0.41016;0.41992;0.42969;0.43945;0.44922;0.45898;0.46875;0.47852;0.48828;0.49805;0.50781;0.51758;0.52734;0.53711;0.54688;0.55664;0.56641;0.57617;0.58594;0.5957;0.60547;0.61523;0.625;0.63477;0.64453;0.6543;0.66406;0.67383;0.68359;0.69336;0.70313;0.71289;0.72266;0.73242;0.74219;0.75195;0.76172;0.77148;0.78125;0.79102,0.006756352;0.020476928;0.013774848;0.012599296;0.025516031999999998;0.028347392;0.02042368;0.018637823999999997;0.0310784;0.043747328;0.038819839999999994;0.027944959999999998;0.014267392;0.006832128;0.004552704;0.007269376;0.011246592;0.009163776;0.007512064;0.005216255999999999;0.0028190719999999997;0.0036352000000000003;0.005142528;0.0038492160000000004;0.003713024;0.002968576;0.002101248;0.0013424640000000002;0.001746944;0.002405376;0.002477056;0.001755136;0.001410048;0.00109056;0.0009615359999999999;0.001033216;0.00183296;0.0014817279999999999;0.00088064;0.001103872;0.00101888;0.000963584;0.001534976;0.001117184;0.0008325120000000001;0.001125376;0.000854016;0.000768;0.000796672;0.000717824;0.0010199039999999999;0.001026048;0.000924672;0.000620544;0.000637952;0.00082432;0.0009216000000000001;0.000825344;0.0009041920000000001;0.000963584;0.000754688;0.0010178560000000001;0.001309696;0.0011356159999999999;0.001261568;0.001078272;0.0008704;0.00116224;0.001180672;0.00123904;0.001286144;0.00123392;0.001174528;0.001558528;0.001396736;0.00119808;0.001283072;0.0011489279999999998;0.000941056
1775670300,hdr,0.0293;0.03906;0.04883;0.05859;0.06836;0.07813;0.08789;0.09766;0.10742;0.11719;0.12695;0.13672;0.14648;0.15625;0.16602;0.17578;0.18555;0.19531;0.20508;0.21484;0.22461;0.23438;0.24414;0.25391;0.26367;0.27344;0.2832;0.29297;0.30273;0.3125;0.32227;0.33203;0.3418;0.35156;0.36133;0.37109;0.38086;0.39063;0.40039;0.41016;0.41992;0.42969;0.43945;0.44922;0.45898;0.46875;0.47852;0.48828;0.49805;0.50781;0.51758;0.52734;0.53711;0.54688;0.55664;0.56641;0.57617;0.58594;0.5957;0.60547;0.61523;0.625;0.63477;0.64453;0.6543;0.66406;0.67383;0.68359;0.69336;0.70313;0.71289;0.72266;0.73242;0.74219;0.75195;0.76172;0.77148;0.78125;0.79102,0.004284416;0.009981951999999999;0.006334464;0.009068544;0.022083584;0.035035136;0.035380224;0.025257984;0.02385408;0.04519936;0.042583039999999996;0.02048512;0.01780224;0.008285184;0.005566464;0.005267456;0.004524032;0.006053888;0.006811648;0.007508992;0.007861248;0.005192703999999999;0.0047861760000000005;0.004348928;0.0053340160000000005;0.0034744320000000004;0.003224576;0.002019328;0.001408;0.001271808;0.001656832;0.001490944;0.0017530879999999999;0.0024637440000000004;0.001714176;0.001872896;0.001734656;0.0012728319999999998;0.001234944;0.001662976;0.001507328;0.002006016;0.001209344;0.0010291200000000001;0.001241088;0.001898496;0.001509376;0.0009717759999999999;0.000978944;0.001099776;0.0012912639999999999;0.000924672;0.000544768;0.000786432;0.00084992;0.000704512;0.000837632;0.0009318400000000001;0.0006789119999999999;0.000884736;0.000854016;0.000772096;0.001227776;0.00107008;0.001189888;0.001143808;0.001344512;0.0012666880000000002;0.0013639680000000001;0.0022599680000000002;0.002009088;0.0014632959999999998;0.001872896;0.00271872;0.002341888;0.002028544;0.001657856;0.0012318720000000002;0.0010014719999999998
1775671200,hdr,0.0293;0.03906;0.04883;0.05859;0.06836;0.07813;0.08789;0.09766;0.10742;0.11719;0.12695;0.13672;0.14648;0.15625;0.16602;0.17578;0.18555;0.19531;0.20508;0.21484;0.22461;0.23438;0.24414;0.25391;0.26367;0.27344;0.2832;0.29297;0.30273;0.3125;0.32227;0.33203;0.3418;0.35156;0.36133;0.37109;0.38086;0.39063;0.40039;0.41016;0.41992;0.42969;0.43945;0.44922;0.45898;0.46875;0.47852;0.48828;0.49805;0.50781;0.51758;0.52734;0.53711;0.54688;0.55664;0.56641;0.57617;0.58594;0.5957;0.60547;0.61523;0.625;0.63477;0.64453;0.6543;0.66406;0.67383;0.68359;0.69336;0.70313;0.71289;0.72266;0.73242;0.74219;0.75195;0.76172;0.77148;0.78125;0.79102,0.01134592;0.011137023999999999;0.007588864000000001;0.007244799999999999;0.016905216;0.025736191999999998;0.019859456;0.03027968;0.041056256;0.039174144;0.02570752;0.023931903999999997;0.013571071999999998;0.009549823999999998;0.006019072;0.004324352;0.004455424;0.007794688;0.005572608000000001;0.007274496;0.005965824;0.004326399999999999;0.006152192;0.0047861760000000005;0.005273600000000001;0.003291136;0.0031426559999999997;0.003478528;0.0031907839999999995;0.0026787839999999996;0.002945024;0.002500608;0.00262656;0.003006464;0.0019210240000000001;0.0021964800000000002;0.002219008;0.0022937599999999997;0.003264512;0.00270848;0.0017489920000000002;0.0014028799999999998;0.0010833919999999999;0.000953344;0.001040384;0.000719872;0.0009400319999999999;0.0008345599999999999;0.000766976;0.000950272;0.0011007999999999999;0.001127424;0.000917504;0.000745472;0.0006604799999999999;0.00079872;0.001425408;0.0012605440000000002;0.000770048;0.001035264;0.0013117439999999999;0.001033216;0.0013946879999999998;0.001261568;0.002798592;0.0030945279999999996;0.0023552;0.001750016;0.0021872639999999995;0.002105344;0.003340288;0.0028753920000000005;0.0025180159999999997;0.002111488;0.0021329920000000002;0.002792448;0.002199552;0.002403328;0.0027136
1775672100,hdr,0.0293;0.03906;0.04883;0.05859;0.06836;0.07813;0.08789;0.09766;0.10742;0.11719;0.12695;0.13672;0.14648;0.15625;0.16602;0.17578;0.18555;0.19531;0.20508;0.21484;0.22461;0.23438;0.24414;0.25391;0.26367;0.27344;0.2832;0.29297;0.30273;0.3125;0.32227;0.33203;0.3418;0.35156;0.36133;0.37109;0.38086;0.39063;0.40039;0.41016;0.41992;0.42969;0.43945;0.44922;0.45898;0.46875;0.47852;0.48828;0.49805;0.50781;0.51758;0.52734;0.53711;0.54688;0.55664;0.56641;0.57617;0.58594;0.5957;0.60547;0.61523;0.625;0.63477;0.64453;0.6543;0.66406;0.67383;0.68359;0.69336;0.70313;0.71289;0.72266;0.73242;0.74219;0.75195;0.76172;0.77148;0.78125;0.79102,0.006404096000000001;0.010252288;0.010094592000000001;0.016202752;0.022893568;0.028808192;0.019076096;0.023119872;0.024018944;0.03547136;0.034591744;0.020879359999999996;0.017421312;0.010029056;0.0037427199999999997;0.002787328;0.008109056;0.005117952;0.006358016;0.007333888;0.00636416;0.009265152;0.006214656;0.004509696;0.003079168;0.002929664;0.00396288;0.0037437440000000002;0.0035368960000000003;0.003042304;0.001758208;0.0014899199999999998;0.001384448;0.00096768;0.000857088;0.001358848;0.001702912;0.000791552;0.001217536;0.0011786239999999999;0.0012441599999999998;0.001193984;0.001057792;0.001007616;0.001662976;0.0016773119999999998;0.002275328;0.003172352;0.002127872;0.0014827520000000002;0.00165888;0.001580032;0.001188864;0.001185792;0.0009461760000000001;0.000896;0.0012032;0.0025456639999999996;0.0029757440000000002;0.0025047039999999995;0.002169856;0.0021217280000000002;0.001811456;0.002054144;0.00282112;0.002484224;0.0019128320000000002;0.0024545279999999997;0.002038784;0.002840576;0.003096576;0.002105344;0.0023275519999999997;0.001580032;0.0029378560000000004;0.0035850240000000005;0.002563072;0.001891328;0.00198144
1775673000,hdr,0.0293;0.03906;0.04883;0.05859;0.06836;0.07813;0.08789;0.09766;0.10742;0.11719;0.12695;0.13672;0.14648;0.15625;0.16602;0.17578;0.18555;0.19531;0.20508;0.21484;0.22461;0.23438;0.24414;0.25391;0.26367;0.27344;0.2832;0.29297;0.30273;0.3125;0.32227;0.33203;0.3418;0.35156;0.36133;0.37109;0.38086;0.39063;0.40039;0.41016;0.41992;0.42969;0.43945;0.44922;0.45898;0.46875;0.47852;0.48828;0.49805;0.50781;0.51758;0.52734;0.53711;0.54688;0.55664;0.56641;0.57617;0.58594;0.5957;0.60547;0.61523;0.625;0.63477;0.64453;0.6543;0.66406;0.67383;0.68359;0.69336;0.70313;0.71289;0.72266;0.73242;0.74219;0.75195;0.76172;0.77148;0.78125;0.79102,0.006724608;0.00954368;0.012466176;0.01121792;0.020219904;0.023384064;0.026262527999999997;0.038890496;0.047480832;0.055963648;0.04662784;0.02341376;0.0161536;0.007908352;0.005909504;0.002806784;0.005924864;0.008029184000000002;0.005410816;0.007311359999999999;0.009612287999999998;0.008446975999999998;0.0052572159999999995;0.00580096;0.005115903999999999;0.004317184;0.004385792;0.002282496;0.0022241279999999997;0.00252416;0.001635328;0.001564672;0.002188288;0.001997824;0.002176;0.002069504;0.0019537919999999998;0.00216576;0.0015953919999999997;0.0011755519999999998;0.000900096;0.0010946560000000003;0.001452032;0.00118272;0.000841728;0.000861184;0.001229824;0.0017623040000000001;0.001265664;0.000768;0.000734208;0.001251328;0.001475584;0.001675264;0.001878016;0.002952192;0.0022476799999999997;0.0016670720000000001;0.0012052480000000001;0.0020224;0.005798911999999999;0.005839871999999999;0.0062177280000000005;0.00474112;0.004040704;0.006022144;0.006321152;0.0047339520000000005;0.002658304;0.00326656;0.0045373440000000004;0.0041216000000000004;0.002748416;0.0024791039999999998;0.002233344;0.002304;0.002681856;0.002724864;0.002661376
1775673900,hdr,0.0293;0.03906;0.04883;0.05859;0.06836;0.07813;0.08789;0.09766;0.10742;0.11719;0.12695;0.13672;0.14648;0.15625;0.16602;0.17578;0.18555;0.19531;0.20508;0.21484;0.22461;0.23438;0.24414;0.25391;0.26367;0.27344;0.2832;0.29297;0.30273;0.3125;0.32227;0.33203;0.3418;0.35156;0.36133;0.37109;0.38086;0.39063;0.40039;0.41016;0.41992;0.42969;0.43945;0.44922;0.45898;0.46875;0.47852;0.48828;0.49805;0.50781;0.51758;0.52734;0.53711;0.54688;0.55664;0.56641;0.57617;0.58594;0.5957;0.60547;0.61523;0.625;0.63477;0.64453;0.6543;0.66406;0.67383;0.68359;0.69336;0.70313;0.71289;0.72266;0.73242;0.74219;0.75195;0.76172;0.77148;0.78125;0.79102,0.0032133120000000003;0.011700224;0.014198783999999999;0.013374463999999999;0.036301824;0.027234304;0.023922688;0.016799744;0.015900672;0.023979008000000003;0.030887936;0.01724928;0.013925376;0.007965696;0.004389888;0.0027402240000000003;0.003646464;0.005240832;0.00663552;0.006837248;0.005681152;0.003890176;0.006091776000000001;0.004893696;0.002563072;0.00255488;0.00350208;0.0033167360000000002;0.001700864;0.00178688;0.0024227840000000003;0.00275968;0.0023439359999999996;0.000933888;0.00160768;0.0022067199999999997;0.0017930239999999998;0.0015943679999999999;0.00150528;0.0015953919999999997;0.0014735360000000001;0.001769472;0.001288192;0.000887808;0.001416192;0.001212416;0.0012001280000000002;0.0012441599999999998;0.0012032;0.00088576;0.001534976;0.001763328;0.001349632;0.00117248;0.0011704320000000001;0.001865728;0.0020951040000000004;0.002783232;0.003301376;0.003121152;0.0031324160000000003;0.003456;0.004409344;0.004378624000000001;0.0036382720000000006;0.007245824;0.006281215999999999;0.00462848;0.0044748800000000005;0.003516416;0.002197504;0.0033218559999999998;0.0042936319999999995;0.003694592;0.0031242239999999997;0.00222208;0.002491392;0.0024391680000000002;0.001529856
1775674800,hdr,0.0293;0.03906;0.04883;0.05859;0.06836;0.07813;0.08789;0.09766;0.10742;0.11719;0.12695;0.13672;0.14648;0.15625;0.16602;0.17578;0.18555;0.19531;0.20508;0.21484;0.22461;0.23438;0.24414;0.25391;0.26367;0.27344;0.2832;0.29297;0.30273;0.3125;0.32227;0.33203;0.3418;0.35156;0.36133;0.37109;0.38086;0.39063;0.40039;0.41016;0.41992;0.42969;0.43945;0.44922;0.45898;0.46875;0.47852;0.48828;0.49805;0.50781;0.51758;0.52734;0.53711;0.54688;0.55664;0.56641;0.57617;0.58594;0.5957;0.60547;0.61523;0.625;0.63477;0.64453;0.6543;0.66406;0.67383;0.68359;0.69336;0.70313;0.71289;0.72266;0.73242;0.74219;0.75195;0.76172;0.77148;0.78125;0.79102,0.004870144;0.015229952000000001;0.01152512;0.005755904;0.02103296;0.030999552;0.027759616;0.027003904;0.039153664;0.030750720000000002;0.026672128;0.018709504000000002;0.009004032;0.006371328000000001;0.004724736;0.00671744;0.00522752;0.004757504;0.009579520000000001;0.006335487999999999;0.00777728;0.00797696;0.008605696;0.0059269119999999995;0.003355648;0.003606528;0.004062208;0.0036515840000000003;0.0067082240000000005;0.004371456;0.002497536;0.0018042879999999998;0.0017858560000000002;0.001932288;0.00188928;0.0021329920000000002;0.002547712;0.002279424;0.001941504;0.001588224;0.0015677439999999998;0.001158144;0.0011960319999999999;0.000802816;0.001229824;0.001849344;0.001441792;0.0008335360000000001;0.001452032;0.00200192;0.002054144;0.001033216;0.001682432;0.0026685439999999997;0.00231936;0.002364416;0.003634176;0.0036812800000000003;0.003658752;0.006499328;0.006535168;0.004158464;0.005131264;0.003597312;0.004319232;0.003554304;0.002951168;0.002619392;0.00274944;0.0033832960000000005;0.003319808;0.0031467520000000005;0.002638848;0.0022978559999999996;0.002660352;0.003144704;0.002824192;0.0027729919999999997;0.0024832
1775675700,hdr,0.0293;0.03906;0.04883;0.05859;0.06836;0.07813;0.08789;0.09766;0.10742;0.11719;0.12695;0.13672;0.14648;0.15625;0.16602;0.17578;0.18555;0.19531;0.20508;0.21484;0.22461;0.23438;0.24414;0.25391;0.26367;0.27344;0.2832;0.29297;0.30273;0.3125;0.32227;0.33203;0.3418;0.35156;0.36133;0.37109;0.38086;0.39063;0.40039;0.41016;0.41992;0.42969;0.43945;0.44922;0.45898;0.46875;0.47852;0.48828;0.49805;0.50781;0.51758;0.52734;0.53711;0.54688;0.55664;0.56641;0.57617;0.58594;0.5957;0.60547;0.61523;0.625;0.63477;0.64453;0.6543;0.66406;0.67383;0.68359;0.69336;0.70313;0.71289;0.72266;0.73242;0.74219;0.75195;0.76172;0.77148;0.78125;0.79102,0.008922112000000001;0.01662464;0.019690496;0.020395008000000003;0.046936064;0.049031168;0.028997632;0.022482944;0.027667456000000003;0.04178432;0.043594752;0.029989888;0.014575616;0.008201216;0.004856831999999999;0.003939328;0.0047861760000000005;0.00968704;0.009772032;0.009137152;0.010993664;0.01202176;0.009945088;0.007042048;0.006697984000000001;0.005059584;0.008358912;0.005745664;0.0031907839999999995;0.005168128000000001;0.007793664;0.00882176;0.005960704;0.00300544;0.003454976;0.0037386240000000003;0.004544512;0.002548736;0.000980992;0.00093696;0.0011212799999999999;0.0008601600000000001;0.0008325120000000001;0.001664;0.001610752;0.001457152;0.0013117439999999999;0.0013701120000000002;0.001626112;0.001323008;0.002038784;0.002502656;0.002523136;0.003152896;0.003690496;0.0046919679999999995;0.005774336000000001;0.007310336000000001;0.005615616;0.005634048;0.007507968;0.006879232;0.008584192;0.008679424;0.003414016;0.0037222400000000004;0.004294656;0.0049879040000000005;0.004922368;0.00472064;0.003709952;0.003693568;0.0030207999999999997;0.0022732800000000004;0.002354176;0.00244736;0.0022855680000000004;0.0012646399999999998;0.001860608
1775676600,hdr,0.0293;0.03906;0.04883;0.05859;0.06836;0.07813;0.08789;0.09766;0.10742;0.11719;0.12695;0.13672;0.14648;0.15625;0.16602;0.17578;0.18555;0.19531;0.20508;0.21484;0.22461;0.23438;0.24414;0.25391;0.26367;0.27344;0.2832;0.29297;0.30273;0.3125;0.32227;0.33203;0.3418;0.35156;0.36133;0.37109;0.38086;0.39063;0.40039;0.41016;0.41992;0.42969;0.43945;0.44922;0.45898;0.46875;0.47852;0.48828;0.49805;0.50781;0.51758;0.52734;0.53711;0.54688;0.55664;0.56641;0.57617;0.58594;0.5957;0.60547;0.61523;0.625;0.63477;0.64453;0.6543;0.66406;0.67383;0.68359;0.69336;0.70313;0.71289;0.72266;0.73242;0.74219;0.75195;0.76172;0.77148;0.78125;0.79102,0.013506559999999999;0.015422464;0.013059072;0.014328832;0.021400576;0.021878784;0.018271232;0.032417792;0.028807168;0.041679872;0.036122624000000006;0.014594048;0.01327104;0.008321024;0.004446208000000001;0.00405504;0.003105792;0.003618816;0.006050816;0.009177088;0.005690368;0.004539392000000001;0.006733824;0.0052224;0.003492864;0.003820544;0.004072447999999999;0.0043980799999999995;0.0033208319999999997;0.001779712;0.002714624;0.0037836799999999998;0.002753536;0.001615872;0.0017971200000000001;0.0019537919999999998;0.0032204799999999995;0.0034662399999999998;0.0030668799999999997;0.002936832;0.0032194560000000003;0.003366912;0.0009615359999999999;0.001513472;0.001948672;0.0023511039999999997;0.002036736;0.0027904;0.002366464;0.0024719359999999997;0.0044544;0.0068751360000000004;0.006254592;0.009010176;0.00782336;0.005174272;0.010084352000000001;0.015331328;0.008826879999999999;0.007110656;0.00695296;0.009071616;0.009073664;0.007923712000000001;0.005693439999999999;0.006169600000000001;0.005649408000000001;0.004682751999999999;0.003900416;0.0035778560000000004;0.0035072000000000002;0.0023818240000000003;0.004926464;0.005371903999999999;0.004508671999999999;0.002627584;0.002142208;0.001803264;0.001915904
1775677500,hdr,0.0293;0.03906;0.04883;0.05859;0.06836;0.07813;0.08789;0.09766;0.10742;0.11719;0.12695;0.13672;0.14648;0.15625;0.16602;0.17578;0.18555;0.19531;0.20508;0.21484;0.22461;0.23438;0.24414;0.25391;0.26367;0.27344;0.2832;0.29297;0.30273;0.3125;0.32227;0.33203;0.3418;0.35156;0.36133;0.37109;0.38086;0.39063;0.40039;0.41016;0.41992;0.42969;0.43945;0.44922;0.45898;0.46875;0.47852;0.48828;0.49805;0.50781;0.51758;0.52734;0.53711;0.54688;0.55664;0.56641;0.57617;0.58594;0.5957;0.60547;0.61523;0.625;0.63477;0.64453;0.6543;0.66406;0.67383;0.68359;0.69336;0.70313;0.71289;0.72266;0.73242;0.74219;0.75195;0.76172;0.77148;0.78125;0.79102,0.008840192;0.011256831999999998;0.011702272000000001;0.009380864000000001;0.031966208;0.060669952000000006;0.02400256;0.018961408;0.03404390399999999;0.045371391999999997;0.042353664000000006;0.035732480000000004;0.019577856;0.007243776;0.0054784;0.005813247999999999;0.0067184639999999995;0.006794240000000001;0.006730752;0.00590848;0.0070768639999999996;0.009697279999999999;0.0071464960000000004;0.004289536;0.0045895680000000005;0.005007360000000001;0.004673536;0.004298752;0.005016576;0.0038266879999999995;0.002914304;0.002497536;0.002905088;0.004465664;0.0033382399999999997;0.00282624;0.002675712;0.002465792;0.0018923520000000001;0.002791424;0.0048783360000000005;0.00525312;0.00380416;0.004740096;0.006482943999999999;0.006240256;0.006953984000000001;0.00763904;0.007970816;0.006910975999999999;0.011987968000000002;0.012770304;0.014820351999999998;0.02143744;0.023001088;0.017888255999999998;0.018931712;0.013865983999999998;0.011017216;0.011862016000000001;0.012561408;0.008732672;0.009363456000000001;0.0080128;0.005434368;0.0050728959999999995;0.004171776000000001;0.005903360000000001;0.004190208000000001;0.003997696;0.0033382399999999997;0.003866624;0.0027320319999999997;0.003218432;0.003150848;0.0033341440000000003;0.001746944;0.0018237440000000002;0.0019937279999999997
1775678400,hdr,0.0293;0.03906;0.04883;0.05859;0.06836;0.07813;0.08789;0.09766;0.10742;0.11719;0.12695;0.13672;0.14648;0.15625;0.16602;0.17578;0.18555;0.19531;0.20508;0.21484;0.22461;0.23438;0.24414;0.25391;0.26367;0.27344;0.2832;0.29297;0.30273;0.3125;0.32227;0.33203;0.3418;0.35156;0.36133;0.37109;0.38086;0.39063;0.40039;0.41016;0.41992;0.42969;0.43945;0.44922;0.45898;0.46875;0.47852;0.48828;0.49805;0.50781;0.51758;0.52734;0.53711;0.54688;0.55664;0.56641;0.57617;0.58594;0.5957;0.60547;0.61523;0.625;0.63477;0.64453;0.6543;0.66406;0.67383;0.68359;0.69336;0.70313;0.71289;0.72266;0.73242;0.74219;0.75195;0.76172;0.77148;0.78125;0.79102,0.007259135999999999;0.014217216;0.017667072;0.00714752;0.012219391999999999;0.014363648;0.013780992;0.021758976;0.030405632000000002;0.036937728;0.030476288;0.019226624;0.01406976;0.007427072;0.005013504;0.0051722240000000004;0.0055080960000000005;0.005885951999999999;0.00589312;0.006724608;0.005993472;0.008428544;0.005139456;0.0029839359999999995;0.002927616;0.004023296;0.004409344;0.0039055360000000003;0.0032757759999999998;0.0032501760000000005;0.002905088;0.001504256;0.0021964800000000002;0.0023500800000000005;0.0025333760000000004;0.002245632;0.002798592;0.0018278399999999998;0.001696768;0.0029460479999999997;0.0038881280000000002;0.006300671999999999;0.006924288;0.005737472;0.008704;0.008339456;0.013135872000000002;0.016309248;0.021623808;0.028894207999999998;0.021641216;0.020606976;0.018086912;0.01695232;0.025010176;0.021504;0.019335167999999996;0.014152704;0.007697408;0.00772096;0.008034304;0.0078848;0.0075008;0.005997568;0.005153792000000001;0.0027269119999999997;0.0027514880000000003;0.003822592;0.0034078719999999997;0.002729984;0.0036556799999999997;0.002823168;0.0020930559999999994;0.002003968;0.0024463360000000003;0.00249856;0.002161664;0.003255296;0.003035136
1775679300,hdr,0.0293;0.03906;0.04883;0.05859;0.06836;0.07813;0.08789;0.09766;0.10742;0.11719;0.12695;0.13672;0.14648;0.15625;0.16602;0.17578;0.18555;0.19531;0.20508;0.21484;0.22461;0.23438;0.24414;0.25391;0.26367;0.27344;0.2832;0.29297;0.30273;0.3125;0.32227;0.33203;0.3418;0.35156;0.36133;0.37109;0.38086;0.39063;0.40039;0.41016;0.41992;0.42969;0.43945;0.44922;0.45898;0.46875;0.47852;0.48828;0.49805;0.50781;0.51758;0.52734;0.53711;0.54688;0.55664;0.56641;0.57617;0.58594;0.5957;0.60547;0.61523;0.625;0.63477;0.64453;0.6543;0.66406;0.67383;0.68359;0.69336;0.70313;0.71289;0.72266;0.73242;0.74219;0.75195;0.76172;0.77148;0.78125;0.79102,0.00463872;0.005389312;0.01435648;0.0076666880000000005;0.029996032;0.04666777600000001;0.028043264;0.017895424;0.028017664;0.037820416;0.033552384000000005;0.019853311999999998;0.010456064000000001;0.008029184000000002;0.007550976000000001;0.006782976;0.009132032000000002;0.008020992;0.0027217920000000002;0.006347775999999999;0.010246143999999999;0.008329216;0.008932352;0.005856256000000001;0.0041492479999999995;0.00370688;0.0037662719999999998;0.0029716480000000003;0.002502656;0.003207168;0.002656256;0.003104768;0.003272704;0.003267584;0.0042536959999999995;0.003767296;0.004061184;0.003487744;0.0055552;0.00532992;0.0067358719999999995;0.010750975999999999;0.014569472;0.017879040000000002;0.022160384;0.030964735999999996;0.031439872;0.026601472;0.03615436799999999;0.020742144;0.013436927999999999;0.021431296;0.026412032;0.022990847999999998;0.013864959999999999;0.008945664;0.010234880000000002;0.009818111999999999;0.009120768;0.00540672;0.00541184;0.005096447999999999;0.005537792;0.004998144;0.006403072;0.004855808;0.003707904;0.003347456;0.0030607359999999997;0.0029378560000000004;0.0025047039999999995;0.002146304;0.0019517439999999998;0.002368512;0.002372608;0.0024616959999999998;0.0023500800000000005;0.0027893759999999997;0.001924096
1775680200,hdr,0.0293;0.03906;0.04883;0.05859;0.06836;0.07813;0.08789;0.09766;0.10742;0.11719;0.12695;0.13672;0.14648;0.15625;0.16602;0.17578;0.18555;0.19531;0.20508;0.21484;0.22461;0.23438;0.24414;0.25391;0.26367;0.27344;0.2832;0.29297;0.30273;0.3125;0.32227;0.33203;0.3418;0.35156;0.36133;0.37109;0.38086;0.39063;0.40039;0.41016;0.41992;0.42969;0.43945;0.44922;0.45898;0.46875;0.47852;0.48828;0.49805;0.50781;0.51758;0.52734;0.53711;0.54688;0.55664;0.56641;0.57617;0.58594;0.5957;0.60547;0.61523;0.625;0.63477;0.64453;0.6543;0.66406;0.67383;0.68359;0.69336;0.70313;0.71289;0.72266;0.73242;0.74219;0.75195;0.76172;0.77148;0.78125;0.79102,0.001189888;0.009931776;0.013011967999999999;0.007477248000000001;0.019136511999999998;0.024218624;0.017570816;0.025243648;0.024068096;0.033970176;0.03639500799999999;0.028429311999999998;0.013811712;0.006121471999999999;0.005188608;0.003377152;0.00369152;0.011194368;0.009568255999999999;0.008630272;0.011824128000000001;0.007719935999999999;0.006392832;0.00594432;0.004530176;0.004171776000000001;0.003648512;0.003464192;0.00363008;0.004018176;0.00283648;0.004023296;0.003659776;0.00381952;0.005424127999999999;0.00793088;0.007784448;0.007309312;0.016004096000000002;0.014466048;0.011870208;0.026296319999999998;0.050803712;0.044087296000000005;0.036079616;0.04619878400000001;0.039568384;0.03004416;0.027193344;0.01852928;0.021173248;0.024214528000000003;0.017911808;0.013590528000000001;0.009561088;0.007373823999999999;0.009870335999999999;0.010175488;0.009862144;0.00704;0.006350848;0.005287936000000001;0.004626432000000001;0.0052224;0.0062177280000000005;0.005123071999999999;0.002482176;0.003016704;0.0027453439999999994;0.0020879360000000003;0.00236544;0.0030361600000000004;0.00264704;0.0019937279999999997;0.0023132160000000003;0.002052096;0.001403904;0.002013184;0.0012789759999999998
1775681100,hdr,0.0293;0.03906;0.04883;0.05859;0.06836;0.07813;0.08789;0.09766;0.10742;0.11719;0.12695;0.13672;0.14648;0.15625;0.16602;0.17578;0.18555;0.19531;0.20508;0.21484;0.22461;0.23438;0.24414;0.25391;0.26367;0.27344;0.2832;0.29297;0.30273;0.3125;0.32227;0.33203;0.3418;0.35156;0.36133;0.37109;0.38086;0.39063;0.40039;0.41016;0.41992;0.42969;0.43945;0.44922;0.45898;0.46875;0.47852;0.48828;0.49805;0.50781;0.51758;0.52734;0.53711;0.54688;0.55664;0.56641;0.57617;0.58594;0.5957;0.60547;0.61523;0.625;0.63477;0.64453;0.6543;0.66406;0.67383;0.68359;0.69336;0.70313;0.71289;0.72266;0.73242;0.74219;0.75195;0.76172;0.77148;0.78125;0.79102,0.002061312;0.003529728;0.0015534079999999998;0.003009536;0.0115456;0.011828224;0.011998208;0.023866368000000002;0.026377216000000002;0.026813439999999997;0.017073152;0.016347135999999998;0.013623296;0.008397824;0.0058368000000000005;0.004988928;0.0056576000000000005;0.007827456;0.00891392;0.007402496;0.006360064;0.008174592000000001;0.008542208;0.004737024;0.003167232;0.0036157439999999997;0.003678208;0.003508224;0.00461824;0.0035205120000000004;0.00361472;0.0042536959999999995;0.002845696;0.0036239360000000003;0.00731648;0.009496576;0.012649472;0.028882944;0.042970112;0.038027264000000005;0.0276992;0.030319615999999997;0.032244736;0.035944448000000004;0.029824;0.026310656;0.028452864;0.023133184;0.021989376;0.02139136;0.015608832;0.014682111999999999;0.00985088;0.005977087999999999;0.007489536;0.007863296;0.008641536;0.008109056;0.009452544;0.008790016;0.004825088;0.007344128000000001;0.009688064;0.006646784;0.00499712;0.0055808;0.003262464;0.0031907839999999995;0.003432448;0.0026071040000000003;0.0020183040000000003;0.002717696;0.002045952;0.001338368;0.001688576;0.00183808;0.002164736;0.0024883199999999996;0.002110464
1775682900,hdr,0.0293;0.03906;0.04883;0.05859;0.06836;0.07813;0.08789;0.09766;0.10742;0.11719;0.12695;0.13672;0.14648;0.15625;0.16602;0.17578;0.18555;0.19531;0.20508;0.21484;0.22461;0.23438;0.24414;0.25391;0.26367;0.27344;0.2832;0.29297;0.30273;0.3125;0.32227;0.33203;0.3418;0.35156;0.36133;0.37109;0.38086;0.39063;0.40039;0.41016;0.41992;0.42969;0.43945;0.44922;0.45898;0.46875;0.47852;0.48828;0.49805;0.50781;0.51758;0.52734;0.53711;0.54688;0.55664;0.56641;0.57617;0.58594;0.5957;0.60547;0.61523;0.625;0.63477;0.64453;0.6543;0.66406;0.67383;0.68359;0.69336;0.70313;0.71289;0.72266;0.73242;0.74219;0.75195;0.76172;0.77148;0.78125;0.79102,0.002596864;0.004496384;0.00610816;0.003249152;0.008285184;0.030963712;0.025162752;0.02096128;0.020173824;0.033587200000000005;0.038375424;0.027804672;0.016612352000000004;0.009929728;0.0074055679999999995;0.00410624;0.00331776;0.004839424;0.007605247999999999;0.008390656;0.00630272;0.007450624;0.007138304;0.003740672;0.003864576;0.002767872;0.002251776;0.00296448;0.003856384;0.003770368;0.004050944000000001;0.003996672;0.0043008000000000005;0.006112256;0.008949760000000001;0.009867264;0.015671296;0.020975616;0.020438016;0.0340992;0.047683584;0.045325312;0.034985984000000005;0.028471296;0.0356096;0.02200576;0.014342144;0.011405311999999999;0.012338176000000001;0.008009728;0.008604672;0.006480896000000001;0.0066713599999999994;0.0050749440000000005;0.005313536;0.006738944;0.005689344;0.005471232;0.006667264;0.0048015359999999995;0.0036648960000000004;0.003795968;0.00491008;0.0033105920000000002;0.004307968;0.004438016;0.0030863360000000003;0.005268480000000001;0.004294656;0.003059712;0.00267264;0.002870272;0.0029716480000000003;0.003355648;0.003375104;0.002497536;0.0024576;0.0022640639999999997;0.001501184
1775683800,hdr,0.0293;0.03906;0.04883;0.05859;0.06836;0.07813;0.08789;0.09766;0.10742;0.11719;0.12695;0.13672;0.14648;0.15625;0.16602;0.17578;0.18555;0.19531;0.20508;0.21484;0.22461;0.23438;0.24414;0.25391;0.26367;0.27344;0.2832;0.29297;0.30273;0.3125;0.32227;0.33203;0.3418;0.35156;0.36133;0.37109;0.38086;0.39063;0.40039;0.41016;0.41992;0.42969;0.43945;0.44922;0.45898;0.46875;0.47852;0.48828;0.49805;0.50781;0.51758;0.52734;0.53711;0.54688;0.55664;0.56641;0.57617;0.58594;0.5957;0.60547;0.61523;0.625;0.63477;0.64453;0.6543;0.66406;0.67383;0.68359;0.69336;0.70313;0.71289;0.72266;0.73242;0.74219;0.75195;0.76172;0.77148;0.78125;0.79102,0.002752512;0.00638976;0.005582848;0.004827136;0.020662272000000002;0.039525376;0.027405311999999998;0.015116288;0.018580480000000003;0.029548544;0.023206912;0.014716928;0.017934336;0.01068032;0.0040867839999999996;0.003815424;0.00582144;0.006413312;0.006843392;0.00566272;0.006024192;0.007324672;0.004268032;0.00502272;0.004639744;0.004924416;0.004644864;0.005409792;0.0064419839999999996;0.0077240320000000005;0.006759424;0.005552128;0.00785408;0.012029952;0.012695551999999999;0.011319296;0.021315584000000002;0.037180416;0.038460416000000004;0.03047936;0.03553792;0.03523072;0.025940992000000003;0.01966592;0.022037503999999996;0.010902528;0.01251328;0.014717952000000001;0.014171136;0.007547903999999999;0.009778176;0.011853823999999999;0.009179136000000001;0.007411711999999999;0.006537216;0.007828479999999999;0.007853055999999999;0.0074055679999999995;0.00920064;0.007748608000000001;0.00546816;0.007635968;0.006736896;0.0059760640000000005;0.005627904;0.005033984;0.004868096000000001;0.003708928;0.0025579519999999996;0.001972224;0.002377728;0.00357376;0.0025989119999999997;0.0024104960000000003;0.002444288;0.0026531840000000003;0.0028948479999999998;0.002061312;0.001974272
1775684700,hdr,0.0293;0.03906;0.04883;0.05859;0.06836;0.07813;0.08789;0.09766;0.10742;0.11719;0.12695;0.13672;0.14648;0.15625;0.16602;0.17578;0.18555;0.19531;0.20508;0.21484;0.22461;0.23438;0.24414;0.25391;0.26367;0.27344;0.2832;0.29297;0.30273;0.3125;0.32227;0.33203;0.3418;0.35156;0.36133;0.37109;0.38086;0.39063;0.40039;0.41016;0.41992;0.42969;0.43945;0.44922;0.45898;0.46875;0.47852;0.48828;0.49805;0.50781;0.51758;0.52734;0.53711;0.54688;0.55664;0.56641;0.57617;0.58594;0.5957;0.60547;0.61523;0.625;0.63477;0.64453;0.6543;0.66406;0.67383;0.68359;0.69336;0.70313;0.71289;0.72266;0.73242;0.74219;0.75195;0.76172;0.77148;0.78125;0.79102,0.00239616;0.010222592;0.011181056;0.004793344;0.014983168;0.023201792000000002;0.020443135999999997;0.020655104000000004;0.035909632000000004;0.04667392000000001;0.024458240000000003;0.0239872;0.017627135999999998;0.008617984;0.006018048000000001;0.0052172799999999995;0.007609344;0.006647808;0.006839296;0.008806399999999999;0.008463360000000001;0.008244224;0.00358912;0.0024954879999999997;0.004397056000000001;0.004698112;0.0058839040000000006;0.00672256;0.005224448;0.006913024;0.00821248;0.007320576;0.010710016;0.017826816000000002;0.032997376;0.029841408000000003;0.043130879999999996;0.044107776;0.045001728000000005;0.048400384000000005;0.036062208;0.026870783999999998;0.025419775999999998;0.015051776;0.011245568000000001;0.019560448;0.020692992;0.017777664000000002;0.00852992;0.009549823999999998;0.00871936;0.006040576;0.00813056;0.008970239999999999;0.012949503999999999;0.009992191999999999;0.010652672;0.007199744;0.005820416;0.006279168000000001;0.006719488;0.004808704;0.003923968;0.003920896;0.004653056000000001;0.0044851199999999996;0.004082688;0.003254272;0.003204096;0.002976768;0.0034078719999999997;0.00305664;0.0023234560000000002;0.0024012799999999996;0.00273408;0.001668096;0.001652736;0.0015165439999999999;0.001789952
1775685600,hdr,0.0293;0.03906;0.04883;0.05859;0.06836;0.07813;0.08789;0.09766;0.10742;0.11719;0.12695;0.13672;0.14648;0.15625;0.16602;0.17578;0.18555;0.19531;0.20508;0.21484;0.22461;0.23438;0.24414;0.25391;0.26367;0.27344;0.2832;0.29297;0.30273;0.3125;0.32227;0.33203;0.3418;0.35156;0.36133;0.37109;0.38086;0.39063;0.40039;0.41016;0.41992;0.42969;0.43945;0.44922;0.45898;0.46875;0.47852;0.48828;0.49805;0.50781;0.51758;0.52734;0.53711;0.54688;0.55664;0.56641;0.57617;0.58594;0.5957;0.60547;0.61523;0.625;0.63477;0.64453;0.6543;0.66406;0.67383;0.68359;0.69336;0.70313;0.71289;0.72266;0.73242;0.74219;0.75195;0.76172;0.77148;0.78125;0.79102,0.001777664;0.004373504;0.0049704960000000005;0.00671232;0.025380863999999996;0.046028799999999995;0.028439552;0.019796992;0.0192;0.03418112;0.024229887999999998;0.011842560000000002;0.009988096000000002;0.009004032;0.006468607999999999;0.004590591999999999;0.004827136;0.0074751999999999996;0.011744256;0.00830976;0.00361472;0.0032204799999999995;0.005267456;0.004736;0.005023743999999999;0.00694784;0.00581632;0.008794112000000001;0.012530688;0.006444032000000001;0.014951424;0.023875584;0.025143296;0.025109504;0.040993792;0.06637875200000001;0.089865216;0.07274905599999999;0.045640704;0.035733504;0.037471232;0.032666624;0.020958208;0.013968384;0.01954304;0.022491136000000002;0.018296832;0.014404608000000001;0.014067712;0.015811584;0.01585152;0.009284608;0.006211584;0.007862272;0.007998464;0.006325248;0.009836544;0.013818879999999999;0.006187008;0.006921216;0.0053391359999999995;0.0056975360000000004;0.005266432;0.0045322240000000005;0.004110336;0.003032064;0.0042035200000000005;0.005659648;0.0038144;0.002558976;0.002612224;0.002791424;0.004543488;0.004323328;0.002358272;0.002777088;0.002654208;0.002601984;0.0023439359999999996
1775686500,hdr,0.0293;0.03906;0.04883;0.05859;0.06836;0.07813;0.08789;0.09766;0.10742;0.11719;0.12695;0.13672;0.14648;0.15625;0.16602;0.17578;0.18555;0.19531;0.20508;0.21484;0.22461;0.23438;0.24414;0.25391;0.26367;0.27344;0.2832;0.29297;0.30273;0.3125;0.32227;0.33203;0.3418;0.35156;0.36133;0.37109;0.38086;0.39063;0.40039;0.41016;0.41992;0.42969;0.43945;0.44922;0.45898;0.46875;0.47852;0.48828;0.49805;0.50781;0.51758;0.52734;0.53711;0.54688;0.55664;0.56641;0.57617;0.58594;0.5957;0.60547;0.61523;0.625;0.63477;0.64453;0.6543;0.66406;0.67383;0.68359;0.69336;0.70313;0.71289;0.72266;0.73242;0.74219;0.75195;0.76172;0.77148;0.78125;0.79102,0.00422912;0.007914496;0.016094208;0.011799552;0.016387072;0.038065152;0.055928832000000005;0.032904192000000006;0.02364416;0.032707584;0.028091392;0.031737856;0.012722176;0.007959552;0.007580671999999999;0.00386048;0.005210112;0.004789247999999999;0.010530815999999998;0.009725952;0.006836223999999999;0.004850688;0.004918272;0.006133759999999999;0.004141056;0.00339968;0.00515584;0.009202688;0.017639424000000004;0.022006783999999998;0.024557568;0.041206783999999996;0.04904448;0.08461004800000001;0.105294848;0.043167744;0.023335936;0.060249088000000006;0.05464064;0.039632896;0.030954495999999998;0.033859584;0.020315135999999998;0.019011583999999998;0.023393280000000002;0.019474432;0.017455104;0.017540095999999998;0.01487872;0.007566335999999999;0.010918912000000001;0.010055680000000001;0.007886848;0.008510464;0.010177536000000001;0.008593408;0.0059648;0.00776704;0.005646336;0.004173824;0.005711872;0.0068157439999999994;0.006586368;0.00517632;0.003216384;0.004732928;0.0039168;0.0032921599999999997;0.002131968;0.002835456;0.0028149760000000003;0.002829312;0.001911808;0.0017735679999999999;0.002548736;0.0028672;0.0014745600000000002;0.002158592;0.0025251839999999998
1775687400,hdr,0.0293;0.03906;0.04883;0.05859;0.06836;0.07813;0.08789;0.09766;0.10742;0.11719;0.12695;0.13672;0.14648;0.15625;0.16602;0.17578;0.18555;0.19531;0.20508;0.21484;0.22461;0.23438;0.24414;0.25391;0.26367;0.27344;0.2832;0.29297;0.30273;0.3125;0.32227;0.33203;0.3418;0.35156;0.36133;0.37109;0.38086;0.39063;0.40039;0.41016;0.41992;0.42969;0.43945;0.44922;0.45898;0.46875;0.47852;0.48828;0.49805;0.50781;0.51758;0.52734;0.53711;0.54688;0.55664;0.56641;0.57617;0.58594;0.5957;0.60547;0.61523;0.625;0.63477;0.64453;0.6543;0.66406;0.67383;0.68359;0.69336;0.70313;0.71289;0.72266;0.73242;0.74219;0.75195;0.76172;0.77148;0.78125;0.79102,0.002468864;0.009996288;0.013973504000000001;0.015289344;0.025434112;0.04786688000000001;0.042073087999999995;0.022794239999999997;0.029206528;0.02804224;0.016842752;0.012037119999999998;0.00950272;0.006163456;0.00495104;0.003064832;0.004974592000000001;0.005577727999999999;0.008625152;0.007436288;0.006341632;0.006096896;0.0054538239999999995;0.004593664000000001;0.00651776;0.0063232;0.0057896959999999996;0.007830528;0.014379008;0.032202751999999994;0.045544448;0.04986368;0.05988864;0.06718464;0.061026304;0.061905919999999996;0.06181376;0.06673408;0.04919296;0.023342079999999998;0.028996608;0.018451456;0.011917312;0.01852928;0.018594816000000004;0.014253056;0.011213824;0.011692032;0.015126528;0.0153088;0.010447871999999999;0.007707648;0.007839744;0.010124288;0.005408768;0.00836096;0.01048064;0.005604352;0.003724288;0.004642816;0.005378048;0.00474624;0.004287487999999999;0.004477952;0.004443136;0.0051968;0.006463488;0.005192703999999999;0.0048015359999999995;0.003832832;0.003500032;0.004332544000000001;0.003877888;0.004161536;0.003350528;0.003268608;0.00237056;0.00255488;0.002254848
1775688300,hdr,0.0293;0.03906;0.04883;0.05859;0.06836;0.07813;0.08789;0.09766;0.10742;0.11719;0.12695;0.13672;0.14648;0.15625;0.16602;0.17578;0.18555;0.19531;0.20508;0.21484;0.22461;0.23438;0.24414;0.25391;0.26367;0.27344;0.2832;0.29297;0.30273;0.3125;0.32227;0.33203;0.3418;0.35156;0.36133;0.37109;0.38086;0.39063;0.40039;0.41016;0.41992;0.42969;0.43945;0.44922;0.45898;0.46875;0.47852;0.48828;0.49805;0.50781;0.51758;0.52734;0.53711;0.54688;0.55664;0.56641;0.57617;0.58594;0.5957;0.60547;0.61523;0.625;0.63477;0.64453;0.6543;0.66406;0.67383;0.68359;0.69336;0.70313;0.71289;0.72266;0.73242;0.74219;0.75195;0.76172;0.77148;0.78125;0.79102,0.003579904;0.010376192;0.011024384;0.009688064;0.020932607999999995;0.03364352;0.033948672;0.025220096;0.03387904;0.025261056;0.01440256;0.011022335999999999;0.01091584;0.0042086400000000005;0.00427008;0.004012032;0.0041512960000000005;0.005191680000000001;0.007453696;0.0067082240000000005;0.005724160000000001;0.006774784000000001;0.008014848000000001;0.006052864;0.00545792;0.005300224;0.008139776;0.011420672;0.013683711999999999;0.029146112;0.066702336;0.051309568;0.05718016;0.06703411199999999;0.105607168;0.069265408;0.039671807999999996;0.03414016;0.033713152;0.0258048;0.021905408000000005;0.02689024;0.023878655999999998;0.017282047999999998;0.015045632;0.010958848;0.012848128;0.015254528;0.013767680000000001;0.012028928;0.008956928;0.010979328000000002;0.019022848;0.014733312;0.005994496;0.009521152;0.006491136000000001;0.00387072;0.00452608;0.0057999359999999995;0.006636544;0.0054784;0.004611072;0.003629056;0.00408064;0.004895744;0.0043008000000000005;0.004236288;0.003470336;0.003386368;0.005903360000000001;0.004685824000000001;0.002619392;0.002300928;0.00246784;0.002573312;0.002817024;0.002244608;0.001743872
1775689200,hdr,0.0293;0.03906;0.04883;0.05859;0.06836;0.07813;0.08789;0.09766;0.10742;0.11719;0.12695;0.13672;0.14648;0.15625;0.16602;0.17578;0.18555;0.19531;0.20508;0.21484;0.22461;0.23438;0.24414;0.25391;0.26367;0.27344;0.2832;0.29297;0.30273;0.3125;0.32227;0.33203;0.3418;0.35156;0.36133;0.37109;0.38086;0.39063;0.40039;0.41016;0.41992;0.42969;0.43945;0.44922;0.45898;0.46875;0.47852;0.48828;0.49805;0.50781;0.51758;0.52734;0.53711;0.54688;0.55664;0.56641;0.57617;0.58594;0.5957;0.60547;0.61523;0.625;0.63477;0.64453;0.6543;0.66406;0.67383;0.68359;0.69336;0.70313;0.71289;0.72266;0.73242;0.74219;0.75195;0.76172;0.77148;0.78125;0.79102,0.001646592;0.007994368;0.008032256;0.011343872;0.015998976;0.024886272;0.043409408;0.037735424;0.026297343999999997;0.016899072;0.017275904;0.011835392;0.012760064;0.00708608;0.00377344;0.003961856000000001;0.006158336;0.008587263999999999;0.007881728;0.00902656;0.008914944;0.007836672000000001;0.008817664000000001;0.0048609280000000005;0.005059584;0.006734848;0.008894464;0.012091392000000001;0.022631424;0.042727424;0.047941632;0.08580505599999999;0.108862464;0.088999936;0.07728639999999999;0.063488;0.036017152000000004;0.05249536;0.041445376000000006;0.026686464;0.029558784;0.025334784;0.020845568;0.02430464;0.014660608;0.012978176;0.012199936;0.01739264;0.017401856;0.010254336000000001;0.010047487999999999;0.012817407999999999;0.008015872;0.005395456;0.007530496;0.006896639999999999;0.006915072;0.006806528;0.005572608000000001;0.004251648;0.0057149440000000004;0.007422976;0.004972544;0.0033228800000000003;0.00388096;0.00522752;0.004117504;0.002989056;0.0021504000000000002;0.002622464;0.002486272;0.0018155520000000002;0.001632256;0.0015872;0.001878016;0.002432;0.002828288;0.002221056;0.001738752
1775690100,hdr,0.0293;0.03906;0.04883;0.05859;0.06836;0.07813;0.08789;0.09766;0.10742;0.11719;0.12695;0.13672;0.14648;0.15625;0.16602;0.17578;0.18555;0.19531;0.20508;0.21484;0.22461;0.23438;0.24414;0.25391;0.26367;0.27344;0.2832;0.29297;0.30273;0.3125;0.32227;0.33203;0.3418;0.35156;0.36133;0.37109;0.38086;0.39063;0.40039;0.41016;0.41992;0.42969;0.43945;0.44922;0.45898;0.46875;0.47852;0.48828;0.49805;0.50781;0.51758;0.52734;0.53711;0.54688;0.55664;0.56641;0.57617;0.58594;0.5957;0.60547;0.61523;0.625;0.63477;0.64453;0.6543;0.66406;0.67383;0.68359;0.69336;0.70313;0.71289;0.72266;0.73242;0.74219;0.75195;0.76172;0.77148;0.78125;0.79102,0.0016691199999999998;0.004459520000000001;0.006583296;0.0052121599999999995;0.01751552;0.017309696;0.0179712;0.026417152000000003;0.025060352;0.03460096;0.024060928;0.015039488000000002;0.00764928;0.005395456;0.005602304;0.005087232;0.005357567999999999;0.006169600000000001;0.007371776;0.006126591999999999;0.006163456;0.006730752;0.007165952000000001;0.008373248;0.00841216;0.00919552;0.010441727999999999;0.016753664;0.021751808;0.039219199999999996;0.043722752000000004;0.039966720000000004;0.060327936;0.073084928;0.08188415999999998;0.06774374400000001;0.049128448;0.034786304000000004;0.046799872000000006;0.037660672;0.023070720000000003;0.018788351999999998;0.012350464;0.011197440000000001;0.012886016;0.015138816000000001;0.018700288;0.014836736000000001;0.010406912;0.009769983999999999;0.00833024;0.007282688;0.005305344;0.010499072;0.008040447999999999;0.008889343999999999;0.00868864;0.006248447999999999;0.003832832;0.007385088;0.006070272;0.005786624;0.004901888;0.003344384;0.0021893120000000005;0.003940352;0.003546112;0.00316416;0.004285440000000001;0.004660224;0.0031477759999999997;0.00451584;0.003815424;0.0013639680000000001;0.001837056;0.002441216;0.002564096;0.002802688;0.0029337599999999997
1775691000,hdr,0.0293;0.03906;0.04883;0.05859;0.06836;0.07813;0.08789;0.09766;0.10742;0.11719;0.12695;0.13672;0.14648;0.15625;0.16602;0.17578;0.18555;0.19531;0.20508;0.21484;0.22461;0.23438;0.24414;0.25391;0.26367;0.27344;0.2832;0.29297;0.30273;0.3125;0.32227;0.33203;0.3418;0.35156;0.36133;0.37109;0.38086;0.39063;0.40039;0.41016;0.41992;0.42969;0.43945;0.44922;0.45898;0.46875;0.47852;0.48828;0.49805;0.50781;0.51758;0.52734;0.53711;0.54688;0.55664;0.56641;0.57617;0.58594;0.5957;0.60547;0.61523;0.625;0.63477;0.64453;0.6543;0.66406;0.67383;0.68359;0.69336;0.70313;0.71289;0.72266;0.73242;0.74219;0.75195;0.76172;0.77148;0.78125;0.79102,0.00418816;0.009905152;0.01035776;0.013386752;0.024996863999999997;0.028599296;0.031633408;0.029728768;0.02569216;0.029420543999999996;0.021835775999999998;0.015833088;0.011181056;0.0069847039999999996;0.004661248;0.004413439999999999;0.006243328;0.0060907520000000005;0.005342208;0.009608192000000002;0.008092672;0.008797184;0.00811008;0.0048762879999999995;0.008031232;0.011020288;0.015041536;0.022660095999999998;0.034661375999999994;0.082533376;0.081946624;0.07820492799999999;0.09321881600000001;0.08365977599999999;0.054306816;0.0363008;0.039324672;0.027339776000000003;0.027593727999999998;0.025284608;0.015835136;0.013953024;0.016297984;0.024245248;0.015925248;0.011246592;0.015540224;0.014124032;0.009470976;0.008558592;0.011849728;0.009232384;0.010024960000000001;0.010364928000000002;0.00918528;0.010421248;0.00776192;0.006611968;0.008387584;0.007783424;0.004803584;0.005215232;0.00464896;0.005403648;0.006627328;0.0038717440000000003;0.004757504;0.0036976640000000002;0.0038338559999999996;0.003675136;0.003693568;0.004687871999999999;0.004726784;0.0023173119999999998;0.00249856;0.002527232;0.002044928;0.001544192;0.00111104
1775691900,hdr,0.0293;0.03906;0.04883;0.05859;0.06836;0.07813;0.08789;0.09766;0.10742;0.11719;0.12695;0.13672;0.14648;0.15625;0.16602;0.17578;0.18555;0.19531;0.20508;0.21484;0.22461;0.23438;0.24414;0.25391;0.26367;0.27344;0.2832;0.29297;0.30273;0.3125;0.32227;0.33203;0.3418;0.35156;0.36133;0.37109;0.38086;0.39063;0.40039;0.41016;0.41992;0.42969;0.43945;0.44922;0.45898;0.46875;0.47852;0.48828;0.49805;0.50781;0.51758;0.52734;0.53711;0.54688;0.55664;0.56641;0.57617;0.58594;0.5957;0.60547;0.61523;0.625;0.63477;0.64453;0.6543;0.66406;0.67383;0.68359;0.69336;0.70313;0.71289;0.72266;0.73242;0.74219;0.75195;0.76172;0.77148;0.78125;0.79102,0.006749183999999999;0.008613887999999998;0.007096320000000001;0.003938304;0.027508735999999995;0.053256191999999994;0.025356288;0.020826111999999997;0.026556415999999996;0.03354624;0.023400448;0.011938816;0.008385536;0.008932352;0.007524352000000001;0.008172544;0.008636416000000001;0.008983551999999999;0.0058122239999999995;0.00668672;0.008631296;0.012055551999999999;0.010878976;0.009127936;0.013292544;0.012939263999999999;0.015802368;0.033669120000000004;0.041404416;0.04061388800000001;0.0632064;0.06942924800000001;0.061687808;0.067790848;0.042846208;0.028923904;0.022429696;0.025698304;0.024558592;0.021826560000000002;0.023667712000000004;0.019294208000000004;0.014118912;0.011620352;0.01512448;0.013957119999999998;0.012953600000000001;0.012634112;0.013890560000000001;0.01158144;0.008300544;0.007375872;0.0070246399999999995;0.007755776;0.007897088;0.007865344;0.008008704;0.007575551999999999;0.0076820479999999995;0.007264255999999999;0.0061952;0.0059340799999999996;0.003827712;0.005397504;0.00472064;0.00289792;0.002857984;0.003699712;0.003295232;0.003735552;0.0037632;0.003119104;0.0024299520000000004;0.003282944;0.0035788799999999996;0.0023552;0.0011776;0.002161664;0.002139136
