Epoch Time,Processing Source,f,varianceDensity
1774656000,hdr,0.0293;0.03906;0.04883;0.05859;0.06836;0.07813;0.08789;0.09766;0.10742;0.11719;0.12695;0.13672;0.14648;0.15625;0.16602;0.17578;0.18555;0.19531;0.20508;0.21484;0.22461;0.23438;0.24414;0.25391;0.26367;0.27344;0.2832;0.29297;0.30273;0.3125;0.32227;0.33203;0.3418;0.35156;0.36133;0.37109;0.38086;0.39063;0.40039;0.41016;0.41992;0.42969;0.43945;0.44922;0.45898;0.46875;0.47852;0.48828;0.49805;0.50781;0.51758;0.52734;0.53711;0.54688;0.55664;0.56641;0.57617;0.58594;0.5957;0.60547;0.61523;0.625;0.63477;0.64453;0.6543;0.66406;0.67383;0.68359;0.69336;0.70313;0.71289;0.72266;0.73242;0.74219;0.75195;0.76172;0.77148;0.78125;0.79102,0.003369984;0.007155712000000001;0.008246271999999999;0.008835072;0.007785472000000001;0.006460416;0.022149119999999998;0.10281984;0.15462707199999998;0.20808806400000002;0.22866944;0.19744768;0.155987968;0.058283008000000004;0.039767040000000003;0.033158144;0.034243583999999994;0.012342272;0.009786368;0.012818432;0.01015808;0.00624128;0.010494976;0.01284608;0.008679424;0.005922816;0.0047216639999999995;0.004917248;0.003779584;0.002879488;0.003584;0.003068928;0.002413568;0.00444416;0.0057968640000000005;0.0033423359999999996;0.0036085759999999996;0.004656128;0.004426751999999999;0.003613696;0.00247808;0.0019394560000000002;0.0038307840000000003;0.003319808;0.00359936;0.003473408;0.001989632;0.002724864;0.00361984;0.0022702079999999997;0.002219008;0.002097152;0.001540096;0.0019251199999999998;0.0016138239999999998;0.001380352;0.0013946879999999998;0.001041408;0.001069056;0.001345536;0.0014786559999999999;0.00137728;0.001147904;0.0008069119999999999;0.0013035520000000001;0.001036288;0.000887808;0.000899072;0.000731136;0.0009973760000000001;0.0010649599999999998;0.000647168;0.000490496;0.0007116799999999999;0.00076288;0.0005406720000000001;0.0005089280000000001;0.00062464;0.000785408
1774656900,hdr,0.0293;0.03906;0.04883;0.05859;0.06836;0.07813;0.08789;0.09766;0.10742;0.11719;0.12695;0.13672;0.14648;0.15625;0.16602;0.17578;0.18555;0.19531;0.20508;0.21484;0.22461;0.23438;0.24414;0.25391;0.26367;0.27344;0.2832;0.29297;0.30273;0.3125;0.32227;0.33203;0.3418;0.35156;0.36133;0.37109;0.38086;0.39063;0.40039;0.41016;0.41992;0.42969;0.43945;0.44922;0.45898;0.46875;0.47852;0.48828;0.49805;0.50781;0.51758;0.52734;0.53711;0.54688;0.55664;0.56641;0.57617;0.58594;0.5957;0.60547;0.61523;0.625;0.63477;0.64453;0.6543;0.66406;0.67383;0.68359;0.69336;0.70313;0.71289;0.72266;0.73242;0.74219;0.75195;0.76172;0.77148;0.78125;0.79102,0.0059115520000000005;0.015415296;0.013290495999999999;0.0072806400000000005;0.00341504;0.003950592;0.026323968;0.058545152;0.100074496;0.18215526399999998;0.228272128;0.22121984;0.093876224;0.060908544;0.041131008000000004;0.021295104;0.022834176;0.020552703999999998;0.020047872;0.01945088;0.021414912;0.02098688;0.016800768;0.009960448;0.005387264;0.007706624;0.007443456;0.004698112;0.0028989440000000005;0.0026849280000000005;0.003216384;0.0028057599999999996;0.004219903999999999;0.009658367999999999;0.010090496;0.00436224;0.003641344;0.004222976;0.002096128;0.0026234879999999998;0.003100672;0.00265728;0.0014243840000000001;0.0011366400000000002;0.0022835200000000003;0.00242688;0.001364992;0.001038336;0.0017858560000000002;0.002356224;0.0022026240000000002;0.001680384;0.0013568;0.001338368;0.0013680639999999998;0.001803264;0.001687552;0.001681408;0.0015738879999999998;0.0011233280000000003;0.0012083200000000001;0.0017131520000000001;0.001659904;0.001298432;0.000828416;0.0005713920000000001;0.000700416;0.000979968;0.0007188480000000001;0.000658432;0.0006676480000000001;0.0008929280000000001;0.000903168;0.000731136;0.000421888;0.000432128;0.0005304320000000001;0.00052224;0.00064512
1774657800,hdr,0.0293;0.03906;0.04883;0.05859;0.06836;0.07813;0.08789;0.09766;0.10742;0.11719;0.12695;0.13672;0.14648;0.15625;0.16602;0.17578;0.18555;0.19531;0.20508;0.21484;0.22461;0.23438;0.24414;0.25391;0.26367;0.27344;0.2832;0.29297;0.30273;0.3125;0.32227;0.33203;0.3418;0.35156;0.36133;0.37109;0.38086;0.39063;0.40039;0.41016;0.41992;0.42969;0.43945;0.44922;0.45898;0.46875;0.47852;0.48828;0.49805;0.50781;0.51758;0.52734;0.53711;0.54688;0.55664;0.56641;0.57617;0.58594;0.5957;0.60547;0.61523;0.625;0.63477;0.64453;0.6543;0.66406;0.67383;0.68359;0.69336;0.70313;0.71289;0.72266;0.73242;0.74219;0.75195;0.76172;0.77148;0.78125;0.79102,0.003203072;0.0057026559999999995;0.004562943999999999;0.004513791999999999;0.006622207999999999;0.01000448;0.026257408000000003;0.061918207999999995;0.080776192;0.12470784000000001;0.174818304;0.13645619199999998;0.109668352;0.051958784;0.033600512;0.028341248;0.025970688;0.034494464;0.0292864;0.021385216000000002;0.019621888;0.023460864;0.020185088;0.017769472;0.012494848;0.009572352000000001;0.009522176;0.006747136000000001;0.004729856;0.00334848;0.002040832;0.002783232;0.003997696;0.0031856640000000004;0.004002816;0.004220928;0.004563968;0.002803712;0.00341504;0.0028395519999999995;0.002484224;0.0019650559999999997;0.002459648;0.00357376;0.003096576;0.001931264;0.001563648;0.00193536;0.0016773119999999998;0.001583104;0.001462272;0.001021952;0.001924096;0.001972224;0.001312768;0.001301504;0.0009727999999999999;0.001317888;0.0009973760000000001;0.000809984;0.001401856;0.0013424640000000002;0.0012165119999999999;0.001166336;0.0009973760000000001;0.000750592;0.0009973760000000001;0.0010465279999999997;0.00046592000000000004;0.000553984;0.000553984;0.000636928;0.0005898240000000001;0.000423936;0.0004915200000000001;0.00050688;0.0005406720000000001;0.000386048;0.00035430400000000006
1774658700,hdr,0.0293;0.03906;0.04883;0.05859;0.06836;0.07813;0.08789;0.09766;0.10742;0.11719;0.12695;0.13672;0.14648;0.15625;0.16602;0.17578;0.18555;0.19531;0.20508;0.21484;0.22461;0.23438;0.24414;0.25391;0.26367;0.27344;0.2832;0.29297;0.30273;0.3125;0.32227;0.33203;0.3418;0.35156;0.36133;0.37109;0.38086;0.39063;0.40039;0.41016;0.41992;0.42969;0.43945;0.44922;0.45898;0.46875;0.47852;0.48828;0.49805;0.50781;0.51758;0.52734;0.53711;0.54688;0.55664;0.56641;0.57617;0.58594;0.5957;0.60547;0.61523;0.625;0.63477;0.64453;0.6543;0.66406;0.67383;0.68359;0.69336;0.70313;0.71289;0.72266;0.73242;0.74219;0.75195;0.76172;0.77148;0.78125;0.79102,0.008287232;0.013516799999999999;0.010567679999999998;0.007615488;0.007759871999999999;0.006667264;0.011726848;0.046955519999999994;0.098105344;0.098428928;0.21085593600000002;0.232373248;0.08297369600000001;0.05169049600000001;0.049282048;0.037726208;0.021633023999999997;0.024347648;0.02701824;0.029150208;0.024173568;0.024485887999999997;0.026697728000000004;0.021431296;0.01152;0.010498048000000001;0.007593984;0.006032384;0.005611519999999999;0.005273600000000001;0.00289792;0.003919872;0.005967871999999999;0.004557824;0.0022599680000000002;0.003457024;0.003803136;0.005187583999999999;0.003099648;0.001661952;0.00230912;0.002435072;0.0019435519999999999;0.0023111679999999997;0.0012441599999999998;0.0014878720000000001;0.002110464;0.0012042239999999998;0.0008202239999999999;0.0008468480000000001;0.001358848;0.001867776;0.001639424;0.0008468480000000001;0.0010209280000000002;0.00104448;0.0013260799999999999;0.0012247039999999999;0.0011417600000000001;0.000858112;0.0011755519999999998;0.000915456;0.00096768;0.0009461760000000001;0.0007352319999999999;0.0005959680000000001;0.0006604799999999999;0.000679936;0.000623616;0.000643072;0.0006574080000000001;0.0005898240000000001;0.000482304;0.00029798400000000005;0.000256;0.00036454399999999996;0.000606208;0.00047923199999999995;0.000489472
1774659600,hdr,0.0293;0.03906;0.04883;0.05859;0.06836;0.07813;0.08789;0.09766;0.10742;0.11719;0.12695;0.13672;0.14648;0.15625;0.16602;0.17578;0.18555;0.19531;0.20508;0.21484;0.22461;0.23438;0.24414;0.25391;0.26367;0.27344;0.2832;0.29297;0.30273;0.3125;0.32227;0.33203;0.3418;0.35156;0.36133;0.37109;0.38086;0.39063;0.40039;0.41016;0.41992;0.42969;0.43945;0.44922;0.45898;0.46875;0.47852;0.48828;0.49805;0.50781;0.51758;0.52734;0.53711;0.54688;0.55664;0.56641;0.57617;0.58594;0.5957;0.60547;0.61523;0.625;0.63477;0.64453;0.6543;0.66406;0.67383;0.68359;0.69336;0.70313;0.71289;0.72266;0.73242;0.74219;0.75195;0.76172;0.77148;0.78125;0.79102,0.004824064;0.012724224000000001;0.0065638400000000005;0.005255168;0.006882304;0.010498048000000001;0.016495615999999998;0.069920768;0.099981312;0.11842048;0.225107968;0.227267584;0.11865190399999999;0.078537728;0.033420288;0.016457727999999998;0.01302528;0.01793536;0.01735168;0.01621504;0.014626816;0.015504384;0.017132544;0.01502208;0.011440127999999999;0.013745152;0.008601600000000001;0.00571904;0.0033617919999999997;0.00317952;0.002809856;0.003214336;0.0030453760000000002;0.002527232;0.0042752;0.004276224;0.003885056;0.003996672;0.0031395840000000004;0.0019169279999999998;0.0034867200000000004;0.003318784;0.003095552;0.002673664;0.0014653440000000002;0.0022702079999999997;0.001910784;0.0016097280000000002;0.00141824;0.001803264;0.001746944;0.00139776;0.0015667199999999997;0.0013660159999999998;0.001497088;0.0009400319999999999;0.000642048;0.000750592;0.001234944;0.0014376960000000002;0.00115712;0.0009768959999999999;0.000913408;0.00110592;0.000780288;0.000497664;0.000442368;0.000485376;0.0006993920000000001;0.00085504;0.000780288;0.000503808;0.000549888;0.0005877759999999999;0.000329728;0.00029593599999999995;0.00029286400000000005;0.00027136;0.000257024
1774660500,hdr,0.0293;0.03906;0.04883;0.05859;0.06836;0.07813;0.08789;0.09766;0.10742;0.11719;0.12695;0.13672;0.14648;0.15625;0.16602;0.17578;0.18555;0.19531;0.20508;0.21484;0.22461;0.23438;0.24414;0.25391;0.26367;0.27344;0.2832;0.29297;0.30273;0.3125;0.32227;0.33203;0.3418;0.35156;0.36133;0.37109;0.38086;0.39063;0.40039;0.41016;0.41992;0.42969;0.43945;0.44922;0.45898;0.46875;0.47852;0.48828;0.49805;0.50781;0.51758;0.52734;0.53711;0.54688;0.55664;0.56641;0.57617;0.58594;0.5957;0.60547;0.61523;0.625;0.63477;0.64453;0.6543;0.66406;0.67383;0.68359;0.69336;0.70313;0.71289;0.72266;0.73242;0.74219;0.75195;0.76172;0.77148;0.78125;0.79102,0.0036864000000000003;0.0055552;0.0037468159999999996;0.005380095999999999;0.009890815999999998;0.011341824;0.017810431999999998;0.04839936;0.128257024;0.150345728;0.187204608;0.208421888;0.154399744;0.053888;0.023112704;0.025489407999999998;0.023448576000000002;0.018978816;0.016039936;0.007918592;0.012430336000000002;0.018060288;0.02018816;0.0180224;0.014252032;0.011630592;0.005369856000000001;0.0056176640000000005;0.003703808;0.003997696;0.004257792000000001;0.004222976;0.005086208;0.010929152;0.011270144000000001;0.0068679679999999995;0.005731328000000001;0.0045875199999999994;0.004995072;0.00459264;0.0027023359999999996;0.0018442240000000002;0.002147328;0.002823168;0.002185216;0.002494464;0.0024811519999999995;0.002722816;0.002642944;0.001845248;0.0015544320000000001;0.001073152;0.001000448;0.001139712;0.00146432;0.0012728319999999998;0.001149952;0.0012646399999999998;0.001301504;0.001267712;0.0008222720000000001;0.0007055360000000001;0.0007413760000000001;0.000490496;0.0006973439999999999;0.0006789119999999999;0.000759808;0.00044032;0.000380928;0.00043110399999999997;0.000606208;0.000603136;0.00040345599999999995;0.00067584;0.0005898240000000001;0.000411648;0.000400384;0.0005232639999999998;0.000447488
1774661400,hdr,0.0293;0.03906;0.04883;0.05859;0.06836;0.07813;0.08789;0.09766;0.10742;0.11719;0.12695;0.13672;0.14648;0.15625;0.16602;0.17578;0.18555;0.19531;0.20508;0.21484;0.22461;0.23438;0.24414;0.25391;0.26367;0.27344;0.2832;0.29297;0.30273;0.3125;0.32227;0.33203;0.3418;0.35156;0.36133;0.37109;0.38086;0.39063;0.40039;0.41016;0.41992;0.42969;0.43945;0.44922;0.45898;0.46875;0.47852;0.48828;0.49805;0.50781;0.51758;0.52734;0.53711;0.54688;0.55664;0.56641;0.57617;0.58594;0.5957;0.60547;0.61523;0.625;0.63477;0.64453;0.6543;0.66406;0.67383;0.68359;0.69336;0.70313;0.71289;0.72266;0.73242;0.74219;0.75195;0.76172;0.77148;0.78125;0.79102,0.00531456;0.008827904000000001;0.007694336;0.004251648;0.005284863999999999;0.009399296;0.012732416000000002;0.041309184;0.111014912;0.19805184;0.151512064;0.12866355200000001;0.113036288;0.06650060799999999;0.034429952;0.024548352000000002;0.015347712;0.016734208;0.014329856;0.00830976;0.00843776;0.012853248000000001;0.015532032;0.009047040000000001;0.0049008640000000004;0.0077711360000000005;0.008402943999999999;0.004861951999999999;0.0035246080000000003;0.003207168;0.002451456;0.003007488;0.0036382720000000006;0.0029265919999999996;0.002679808;0.003074048;0.002371584;0.002614272;0.0026296320000000002;0.001550336;0.0013056;0.001736704;0.0016404479999999999;0.001675264;0.002494464;0.0023336960000000006;0.00150016;0.000781312;0.001053696;0.001155072;0.0009441279999999999;0.000580608;0.000764928;0.000966656;0.00101888;0.001032192;0.000779264;0.000576512;0.000401408;0.000521216;0.000596992;0.000543744;0.00050176;0.000390144;0.000550912;0.0005959680000000001;0.000553984;0.000497664;0.0005918719999999999;0.000827392;0.00048127999999999995;0.000391168;0.000320512;0.00040960000000000004;0.000400384;0.000386048;0.000503808;0.00040345599999999995;0.00029081600000000006
1774662300,hdr,0.0293;0.03906;0.04883;0.05859;0.06836;0.07813;0.08789;0.09766;0.10742;0.11719;0.12695;0.13672;0.14648;0.15625;0.16602;0.17578;0.18555;0.19531;0.20508;0.21484;0.22461;0.23438;0.24414;0.25391;0.26367;0.27344;0.2832;0.29297;0.30273;0.3125;0.32227;0.33203;0.3418;0.35156;0.36133;0.37109;0.38086;0.39063;0.40039;0.41016;0.41992;0.42969;0.43945;0.44922;0.45898;0.46875;0.47852;0.48828;0.49805;0.50781;0.51758;0.52734;0.53711;0.54688;0.55664;0.56641;0.57617;0.58594;0.5957;0.60547;0.61523;0.625;0.63477;0.64453;0.6543;0.66406;0.67383;0.68359;0.69336;0.70313;0.71289;0.72266;0.73242;0.74219;0.75195;0.76172;0.77148;0.78125;0.79102,0.004197376;0.007881728;0.00512;0.006368255999999999;0.008601600000000001;0.012402688;0.021728255999999998;0.054906880000000005;0.077446144;0.073986048;0.107416576;0.115224576;0.09458995199999999;0.07276031999999999;0.028387328;0.028599296;0.04157952;0.026121216;0.016369664;0.01202688;0.007144447999999999;0.00817152;0.008767487999999999;0.007005184;0.008036352;0.009383935999999999;0.008100864;0.0034611200000000003;0.00131584;0.0016148479999999999;0.00241152;0.0015892480000000001;0.002164736;0.002228224;0.002220032;0.002193408;0.001806336;0.002417664;0.002577408;0.002543616;0.002021376;0.001800192;0.00153088;0.001362944;0.001552384;0.0009625599999999999;0.001147904;0.001129472;0.0011233280000000003;0.000999424;0.00101888;0.0012042239999999998;0.0011233280000000003;0.000889856;0.0008458240000000001;0.000863232;0.001048576;0.000893952;0.0007086080000000001;0.00050688;0.000335872;0.00043315199999999996;0.000544768;0.000436224;0.00039219200000000003;0.00035430400000000006;0.000494592;0.000664576;0.00054272;0.000357376;0.000387072;0.000549888;0.000630784;0.000447488;0.0005089280000000001;0.00042496;0.00043827199999999997;0.000398336;0.00037478399999999997
1774663200,hdr,0.0293;0.03906;0.04883;0.05859;0.06836;0.07813;0.08789;0.09766;0.10742;0.11719;0.12695;0.13672;0.14648;0.15625;0.16602;0.17578;0.18555;0.19531;0.20508;0.21484;0.22461;0.23438;0.24414;0.25391;0.26367;0.27344;0.2832;0.29297;0.30273;0.3125;0.32227;0.33203;0.3418;0.35156;0.36133;0.37109;0.38086;0.39063;0.40039;0.41016;0.41992;0.42969;0.43945;0.44922;0.45898;0.46875;0.47852;0.48828;0.49805;0.50781;0.51758;0.52734;0.53711;0.54688;0.55664;0.56641;0.57617;0.58594;0.5957;0.60547;0.61523;0.625;0.63477;0.64453;0.6543;0.66406;0.67383;0.68359;0.69336;0.70313;0.71289;0.72266;0.73242;0.74219;0.75195;0.76172;0.77148;0.78125;0.79102,0.006627328;0.01698816;0.012034048;0.013596672;0.01385984;0.008311807999999999;0.023142399999999997;0.051451904;0.083204096;0.16095948799999998;0.13188096;0.123684864;0.11931136;0.069169152;0.037214208;0.027538432;0.018081792000000003;0.0109312;0.0150784;0.0188416;0.01194496;0.00946176;0.00859648;0.008153088000000001;0.005628928;0.004822015999999999;0.003779584;0.004538368;0.004389888;0.0024616959999999998;0.002651136;0.002195456;0.001799168;0.00236032;0.001893376;0.002077696;0.00324096;0.002231296;0.001957888;0.0020572159999999997;0.0013690880000000003;0.0017408;0.001636352;0.00213504;0.002573312;0.002105344;0.0012687360000000001;0.0012871680000000002;0.001071104;0.001206272;0.0013393919999999998;0.001097728;0.0009758719999999999;0.0011755519999999998;0.000930816;0.000714752;0.00091136;0.000601088;0.000483328;0.000551936;0.0004915200000000001;0.00047001599999999997;0.00039423999999999997;0.00041472;0.000630784;0.000750592;0.000730112;0.00042496;0.000412672;0.000590848;0.0005847039999999999;0.00047923199999999995;0.00041984;0.0005099519999999999;0.00043724800000000005;0.000344064;0.000325632;0.00029900799999999997;0.000275456
1774664100,hdr,0.0293;0.03906;0.04883;0.05859;0.06836;0.07813;0.08789;0.09766;0.10742;0.11719;0.12695;0.13672;0.14648;0.15625;0.16602;0.17578;0.18555;0.19531;0.20508;0.21484;0.22461;0.23438;0.24414;0.25391;0.26367;0.27344;0.2832;0.29297;0.30273;0.3125;0.32227;0.33203;0.3418;0.35156;0.36133;0.37109;0.38086;0.39063;0.40039;0.41016;0.41992;0.42969;0.43945;0.44922;0.45898;0.46875;0.47852;0.48828;0.49805;0.50781;0.51758;0.52734;0.53711;0.54688;0.55664;0.56641;0.57617;0.58594;0.5957;0.60547;0.61523;0.625;0.63477;0.64453;0.6543;0.66406;0.67383;0.68359;0.69336;0.70313;0.71289;0.72266;0.73242;0.74219;0.75195;0.76172;0.77148;0.78125;0.79102,0.004314112;0.011799552;0.010064895999999999;0.0062126080000000005;0.005984256;0.004884479999999999;0.011454464;0.054894592000000006;0.089998336;0.078665728;0.08119296000000001;0.10991616;0.095601664;0.041533440000000005;0.028191743999999998;0.025698304;0.015802368;0.013382656000000001;0.016733184;0.014741504;0.012557312;0.008803328000000001;0.006554624;0.004462592;0.005199872;0.005412864;0.003951616;0.002609152;0.0033464320000000003;0.00203776;0.001467392;0.0014192640000000002;0.0016404479999999999;0.001989632;0.0019128320000000002;0.0021872639999999995;0.0021780479999999997;0.001618944;0.002336768;0.002792448;0.002833408;0.0017121280000000003;0.00208896;0.001634304;0.0013608960000000001;0.001206272;0.001509376;0.0012113920000000002;0.000918528;0.001036288;0.0023050239999999997;0.001680384;0.001490944;0.001263616;0.0009482239999999999;0.0009574399999999999;0.000756736;0.000516096;0.000740352;0.0006225919999999999;0.00043724800000000005;0.000384;0.000323584;0.0003584;0.00031129599999999997;0.000518144;0.000526336;0.000516096;0.000524288;0.00047206399999999996;0.000442368;0.000381952;0.00044646400000000004;0.000381952;0.00041779199999999995;0.00043315199999999996;0.000420864;0.00032768;0.000221184
1774665000,hdr,0.0293;0.03906;0.04883;0.05859;0.06836;0.07813;0.08789;0.09766;0.10742;0.11719;0.12695;0.13672;0.14648;0.15625;0.16602;0.17578;0.18555;0.19531;0.20508;0.21484;0.22461;0.23438;0.24414;0.25391;0.26367;0.27344;0.2832;0.29297;0.30273;0.3125;0.32227;0.33203;0.3418;0.35156;0.36133;0.37109;0.38086;0.39063;0.40039;0.41016;0.41992;0.42969;0.43945;0.44922;0.45898;0.46875;0.47852;0.48828;0.49805;0.50781;0.51758;0.52734;0.53711;0.54688;0.55664;0.56641;0.57617;0.58594;0.5957;0.60547;0.61523;0.625;0.63477;0.64453;0.6543;0.66406;0.67383;0.68359;0.69336;0.70313;0.71289;0.72266;0.73242;0.74219;0.75195;0.76172;0.77148;0.78125;0.79102,0.0062177280000000005;0.0025108480000000004;0.00381952;0.005426176;0.0043878400000000005;0.011421696;0.023918592;0.037155839999999996;0.091727872;0.14288588800000002;0.121481216;0.161548288;0.11777536;0.044121088;0.023728128;0.018638848;0.020071423999999997;0.02271744;0.013171712;0.005777408;0.0063744;0.0069601279999999995;0.004448255999999999;0.001727488;0.0016066560000000001;0.0022896640000000003;0.0025405440000000005;0.002712576;0.001837056;0.0011468799999999999;0.0018278399999999998;0.0016097280000000002;0.0014213119999999999;0.001251328;0.0016168960000000003;0.00187904;0.001212416;0.001210368;0.0007393279999999999;0.0011735040000000001;0.001420288;0.001442816;0.001476608;0.001149952;0.0012554240000000002;0.001460224;0.0013557760000000002;0.001874944;0.001289216;0.00103936;0.001212416;0.0011243520000000001;0.000802816;0.0008366080000000001;0.00052224;0.000372736;0.00029900799999999997;0.00041779199999999995;0.0006082559999999999;0.00084992;0.000748544;0.000449536;0.000257024;0.000510976;0.0006963200000000001;0.0005406720000000001;0.000482304;0.00043110399999999997;0.000429056;0.00035942400000000006;0.00039423999999999997;0.00040755200000000004;0.00044544;0.0005406720000000001;0.00047923199999999995;0.00041984;0.000388096;0.000490496;0.000408576
1774665900,hdr,0.0293;0.03906;0.04883;0.05859;0.06836;0.07813;0.08789;0.09766;0.10742;0.11719;0.12695;0.13672;0.14648;0.15625;0.16602;0.17578;0.18555;0.19531;0.20508;0.21484;0.22461;0.23438;0.24414;0.25391;0.26367;0.27344;0.2832;0.29297;0.30273;0.3125;0.32227;0.33203;0.3418;0.35156;0.36133;0.37109;0.38086;0.39063;0.40039;0.41016;0.41992;0.42969;0.43945;0.44922;0.45898;0.46875;0.47852;0.48828;0.49805;0.50781;0.51758;0.52734;0.53711;0.54688;0.55664;0.56641;0.57617;0.58594;0.5957;0.60547;0.61523;0.625;0.63477;0.64453;0.6543;0.66406;0.67383;0.68359;0.69336;0.70313;0.71289;0.72266;0.73242;0.74219;0.75195;0.76172;0.77148;0.78125;0.79102,0.004487168;0.00851456;0.011157503999999999;0.010119168;0.011404287999999999;0.01114624;0.021851136;0.062435328;0.08792064;0.16269824;0.10961920000000001;0.08603955199999999;0.056548351999999996;0.030029824;0.020455424;0.014226432;0.017712128;0.016566272;0.011385856;0.007463936000000001;0.0070246399999999995;0.006091776000000001;0.0051722240000000004;0.003976192;0.004067328;0.0057344;0.003540992;0.002210816;0.001637376;0.0015851519999999998;0.0016220159999999998;0.0013905920000000002;0.0019087359999999999;0.001972224;0.00171008;0.0019660800000000003;0.001959936;0.001306624;0.0008212479999999999;0.000690176;0.0010373119999999999;0.001084416;0.001006592;0.0008765439999999999;0.0010465279999999997;0.000763904;0.000647168;0.0006021119999999999;0.0009216000000000001;0.001133568;0.00087552;0.0008089600000000001;0.00067584;0.000671744;0.000544768;0.000766976;0.000646144;0.000482304;0.000730112;0.00051712;0.00043724800000000005;0.00048639999999999995;0.000504832;0.00037068800000000004;0.000234496;0.00039731200000000003;0.00044646400000000004;0.00035430400000000006;0.00032768;0.000233472;0.00036454399999999996;0.00034816000000000003;0.00030105599999999996;0.000228352;0.00023961599999999998;0.000319488;0.00029388799999999996;0.000274432;0.00026521600000000003
1774666800,hdr,0.0293;0.03906;0.04883;0.05859;0.06836;0.07813;0.08789;0.09766;0.10742;0.11719;0.12695;0.13672;0.14648;0.15625;0.16602;0.17578;0.18555;0.19531;0.20508;0.21484;0.22461;0.23438;0.24414;0.25391;0.26367;0.27344;0.2832;0.29297;0.30273;0.3125;0.32227;0.33203;0.3418;0.35156;0.36133;0.37109;0.38086;0.39063;0.40039;0.41016;0.41992;0.42969;0.43945;0.44922;0.45898;0.46875;0.47852;0.48828;0.49805;0.50781;0.51758;0.52734;0.53711;0.54688;0.55664;0.56641;0.57617;0.58594;0.5957;0.60547;0.61523;0.625;0.63477;0.64453;0.6543;0.66406;0.67383;0.68359;0.69336;0.70313;0.71289;0.72266;0.73242;0.74219;0.75195;0.76172;0.77148;0.78125;0.79102,0.0074751999999999996;0.010842112000000001;0.003693568;0.007701504;0.015853568;0.005878784;0.013935616;0.062859264;0.112164864;0.126582784;0.13063782399999999;0.08942080000000001;0.050771968;0.024260608;0.016784384;0.018605056000000002;0.018762752;0.017083392;0.018028544;0.011446272;0.005092352;0.008453120000000001;0.00809472;0.005451776;0.003126272;0.0023470080000000003;0.0020756480000000002;0.002061312;0.0011796480000000002;0.0009287680000000001;0.000736256;0.001084416;0.0016291839999999999;0.001468416;0.00192;0.00231424;0.002168832;0.001446912;0.0012072959999999998;0.000818176;0.000996352;0.0009727999999999999;0.000796672;0.000826368;0.0008345599999999999;0.0010250239999999998;0.000809984;0.000663552;0.0005724160000000001;0.0006819840000000001;0.0005580800000000001;0.000458752;0.000987136;0.0012083200000000001;0.0011448320000000001;0.000908288;0.000605184;0.000548864;0.000494592;0.00050688;0.0005744639999999999;0.000603136;0.000576512;0.000347136;0.000283648;0.00044339199999999997;0.000371712;0.00037478399999999997;0.000329728;0.00038912;0.000415744;0.000492544;0.000475136;0.00037068800000000004;0.000482304;0.00039628799999999996;0.000415744;0.00035942400000000006;0.00026112
1774667700,hdr,0.0293;0.03906;0.04883;0.05859;0.06836;0.07813;0.08789;0.09766;0.10742;0.11719;0.12695;0.13672;0.14648;0.15625;0.16602;0.17578;0.18555;0.19531;0.20508;0.21484;0.22461;0.23438;0.24414;0.25391;0.26367;0.27344;0.2832;0.29297;0.30273;0.3125;0.32227;0.33203;0.3418;0.35156;0.36133;0.37109;0.38086;0.39063;0.40039;0.41016;0.41992;0.42969;0.43945;0.44922;0.45898;0.46875;0.47852;0.48828;0.49805;0.50781;0.51758;0.52734;0.53711;0.54688;0.55664;0.56641;0.57617;0.58594;0.5957;0.60547;0.61523;0.625;0.63477;0.64453;0.6543;0.66406;0.67383;0.68359;0.69336;0.70313;0.71289;0.72266;0.73242;0.74219;0.75195;0.76172;0.77148;0.78125;0.79102,0.003969024;0.010585088000000001;0.006610944;0.005581824000000001;0.008708096;0.009279488;0.01662464;0.053286912000000006;0.1394176;0.125092864;0.10254233600000001;0.07876403200000001;0.049605632;0.02768384;0.025568256;0.017340416;0.015675392;0.013769728;0.012900351999999999;0.010701824;0.009554944000000001;0.009075712;0.006226944;0.0062924800000000005;0.005835776;0.00316928;0.0013895679999999999;0.001803264;0.0013690880000000003;0.001156096;0.000843776;0.001114112;0.0011919360000000002;0.001091584;0.0012072959999999998;0.001457152;0.0016711679999999998;0.000984064;0.0012113920000000002;0.000871424;0.00077312;0.000726016;0.000620544;0.0007557120000000001;0.0008212479999999999;0.00067584;0.000893952;0.000868352;0.0008488959999999999;0.0005304320000000001;0.000536576;0.000715776;0.0006778880000000001;0.0006778880000000001;0.000759808;0.0008519679999999999;0.000543744;0.000590848;0.000738304;0.000636928;0.000775168;0.000652288;0.000492544;0.0006144;0.000776192;0.000652288;0.00062464;0.00062464;0.000633856;0.0006932479999999999;0.000388096;0.000339968;0.00029593599999999995;0.000442368;0.000310272;0.000366592;0.000447488;0.00033894400000000004;0.0003328
1774668600,hdr,0.0293;0.03906;0.04883;0.05859;0.06836;0.07813;0.08789;0.09766;0.10742;0.11719;0.12695;0.13672;0.14648;0.15625;0.16602;0.17578;0.18555;0.19531;0.20508;0.21484;0.22461;0.23438;0.24414;0.25391;0.26367;0.27344;0.2832;0.29297;0.30273;0.3125;0.32227;0.33203;0.3418;0.35156;0.36133;0.37109;0.38086;0.39063;0.40039;0.41016;0.41992;0.42969;0.43945;0.44922;0.45898;0.46875;0.47852;0.48828;0.49805;0.50781;0.51758;0.52734;0.53711;0.54688;0.55664;0.56641;0.57617;0.58594;0.5957;0.60547;0.61523;0.625;0.63477;0.64453;0.6543;0.66406;0.67383;0.68359;0.69336;0.70313;0.71289;0.72266;0.73242;0.74219;0.75195;0.76172;0.77148;0.78125;0.79102,0.006740992;0.012601343999999999;0.012992512;0.014065664;0.007168;0.007133184;0.015182848;0.046257151999999996;0.11807539199999999;0.162762752;0.13083852799999998;0.082033664;0.040453119999999995;0.023452671999999997;0.023237632;0.033050623999999994;0.023732224;0.018808831999999998;0.009300992000000001;0.0071915519999999995;0.006524928;0.0038174719999999997;0.005698559999999999;0.0064512;0.0037918720000000004;0.0030228480000000003;0.0017663999999999998;0.001722368;0.0013680639999999998;0.001189888;0.0014581759999999998;0.0010373119999999999;0.0007843840000000001;0.0015953919999999997;0.001534976;0.0013393919999999998;0.0014448640000000001;0.001631232;0.0012707839999999998;0.001168384;0.001073152;0.000949248;0.001202176;0.0014735360000000001;0.0012154879999999998;0.0016977919999999998;0.001193984;0.001071104;0.0010178560000000001;0.000987136;0.0010373119999999999;0.000818176;0.001030144;0.001152;0.0006778880000000001;0.0006676480000000001;0.000543744;0.00055296;0.0007075839999999999;0.000641024;0.0006154239999999999;0.000915456;0.00090624;0.000490496;0.0006850560000000001;0.0007055360000000001;0.0006963200000000001;0.0006123519999999999;0.00046592000000000004;0.00036454399999999996;0.0004884479999999999;0.000507904;0.000346112;0.000268288;0.00035328;0.000371712;0.000384;0.00037376;0.000303104
1774669500,hdr,0.0293;0.03906;0.04883;0.05859;0.06836;0.07813;0.08789;0.09766;0.10742;0.11719;0.12695;0.13672;0.14648;0.15625;0.16602;0.17578;0.18555;0.19531;0.20508;0.21484;0.22461;0.23438;0.24414;0.25391;0.26367;0.27344;0.2832;0.29297;0.30273;0.3125;0.32227;0.33203;0.3418;0.35156;0.36133;0.37109;0.38086;0.39063;0.40039;0.41016;0.41992;0.42969;0.43945;0.44922;0.45898;0.46875;0.47852;0.48828;0.49805;0.50781;0.51758;0.52734;0.53711;0.54688;0.55664;0.56641;0.57617;0.58594;0.5957;0.60547;0.61523;0.625;0.63477;0.64453;0.6543;0.66406;0.67383;0.68359;0.69336;0.70313;0.71289;0.72266;0.73242;0.74219;0.75195;0.76172;0.77148;0.78125;0.79102,0.002310144;0.0051302399999999995;0.0061829120000000005;0.0044953599999999995;0.0057968640000000005;0.010029056;0.01248768;0.051618816;0.10222387200000001;0.13011456000000002;0.135053312;0.09845452799999999;0.045626368;0.01878016;0.022580224000000003;0.020390912;0.01452544;0.015321088;0.010333183999999999;0.011082751999999998;0.008950784;0.006373376;0.0036894719999999996;0.003470336;0.00310784;0.002279424;0.002325504;0.001676288;0.001035264;0.001580032;0.0020029439999999996;0.001277952;0.0021524480000000004;0.002859008;0.002176;0.001700864;0.000887808;0.000559104;0.000674816;0.0009461760000000001;0.001009664;0.0007925759999999999;0.000548864;0.00090624;0.001176576;0.001040384;0.001041408;0.00119296;0.001117184;0.0011264;0.000772096;0.0008222720000000001;0.000950272;0.000990208;0.0004986880000000001;0.000576512;0.000569344;0.00062464;0.000700416;0.000569344;0.000930816;0.0007188480000000001;0.00041676800000000003;0.00037888;0.000395264;0.00036147200000000005;0.00037478399999999997;0.000305152;0.000351232;0.00028671999999999997;0.00014540800000000003;0.000252928;0.000452608;0.000242688;0.000329728;0.000344064;0.00032768;0.000452608;0.000315392
1774670400,hdr,0.0293;0.03906;0.04883;0.05859;0.06836;0.07813;0.08789;0.09766;0.10742;0.11719;0.12695;0.13672;0.14648;0.15625;0.16602;0.17578;0.18555;0.19531;0.20508;0.21484;0.22461;0.23438;0.24414;0.25391;0.26367;0.27344;0.2832;0.29297;0.30273;0.3125;0.32227;0.33203;0.3418;0.35156;0.36133;0.37109;0.38086;0.39063;0.40039;0.41016;0.41992;0.42969;0.43945;0.44922;0.45898;0.46875;0.47852;0.48828;0.49805;0.50781;0.51758;0.52734;0.53711;0.54688;0.55664;0.56641;0.57617;0.58594;0.5957;0.60547;0.61523;0.625;0.63477;0.64453;0.6543;0.66406;0.67383;0.68359;0.69336;0.70313;0.71289;0.72266;0.73242;0.74219;0.75195;0.76172;0.77148;0.78125;0.79102,0.007607296;0.012329984;0.012837887999999999;0.014806016;0.009571327999999999;0.01089536;0.02603008;0.06781235199999999;0.11364864;0.19163852800000003;0.17648128;0.08566067200000001;0.04219903999999999;0.017718271999999997;0.013847551999999999;0.013528064000000001;0.016033791999999998;0.013121536;0.010689536;0.01135104;0.009447424;0.006020096;0.004169728;0.0028948479999999998;0.002663424;0.002863104;0.00247808;0.00175104;0.00187904;0.00188928;0.0018882559999999998;0.0020183040000000003;0.001441792;0.001238016;0.001349632;0.002066432;0.0022702079999999997;0.0017244159999999999;0.0013219840000000002;0.0015964160000000002;0.0010680320000000002;0.001114112;0.001134592;0.001156096;0.001089536;0.0008591359999999999;0.0010014719999999998;0.001026048;0.000671744;0.000628736;0.00070656;0.000559104;0.000731136;0.0008304639999999999;0.0009594880000000001;0.0008110079999999999;0.0005724160000000001;0.000789504;0.00040755200000000004;0.00044032;0.000413696;0.000451584;0.000687104;0.000764928;0.0005980159999999999;0.0004915200000000001;0.00047718399999999996;0.000420864;0.00036249599999999997;0.00035328;0.00034201599999999995;0.000395264;0.000366592;0.000274432;0.00025497599999999997;0.00020377600000000002;0.00023552000000000002;0.000412672;0.00038912
1774671300,hdr,0.0293;0.03906;0.04883;0.05859;0.06836;0.07813;0.08789;0.09766;0.10742;0.11719;0.12695;0.13672;0.14648;0.15625;0.16602;0.17578;0.18555;0.19531;0.20508;0.21484;0.22461;0.23438;0.24414;0.25391;0.26367;0.27344;0.2832;0.29297;0.30273;0.3125;0.32227;0.33203;0.3418;0.35156;0.36133;0.37109;0.38086;0.39063;0.40039;0.41016;0.41992;0.42969;0.43945;0.44922;0.45898;0.46875;0.47852;0.48828;0.49805;0.50781;0.51758;0.52734;0.53711;0.54688;0.55664;0.56641;0.57617;0.58594;0.5957;0.60547;0.61523;0.625;0.63477;0.64453;0.6543;0.66406;0.67383;0.68359;0.69336;0.70313;0.71289;0.72266;0.73242;0.74219;0.75195;0.76172;0.77148;0.78125;0.79102,0.014972928;0.014589952000000002;0.015015936;0.020001791999999997;0.014246912;0.011524096;0.015392768;0.04980736;0.07159091199999999;0.10714316800000001;0.11956736;0.07871180800000001;0.064136192;0.046243839999999994;0.019531776;0.014784512;0.014012416;0.013564928;0.011261952;0.007501824;0.006491136000000001;0.0036095999999999997;0.002958336;0.003376128;0.004082688;0.002725888;0.0032174079999999997;0.0024227840000000003;0.001570816;0.00116224;0.0010813440000000001;0.001798144;0.001651712;0.0018687999999999999;0.0022487040000000002;0.001654784;0.0009574399999999999;0.000818176;0.000772096;0.001026048;0.0007464960000000001;0.0007106559999999999;0.0008222720000000001;0.0009605120000000001;0.0009912319999999999;0.001238016;0.0013752319999999999;0.000854016;0.000535552;0.000664576;0.001014784;0.0011909120000000001;0.001002496;0.00088064;0.000631808;0.0007055360000000001;0.0006963200000000001;0.00082944;0.000647168;0.000799744;0.00082432;0.00067584;0.000507904;0.0005232639999999998;0.0006082559999999999;0.000521216;0.000434176;0.0004884479999999999;0.000524288;0.000514048;0.000521216;0.0005089280000000001;0.000559104;0.000731136;0.000421888;0.000244736;0.00029696;0.00023961599999999998;0.000252928
1774672200,hdr,0.0293;0.03906;0.04883;0.05859;0.06836;0.07813;0.08789;0.09766;0.10742;0.11719;0.12695;0.13672;0.14648;0.15625;0.16602;0.17578;0.18555;0.19531;0.20508;0.21484;0.22461;0.23438;0.24414;0.25391;0.26367;0.27344;0.2832;0.29297;0.30273;0.3125;0.32227;0.33203;0.3418;0.35156;0.36133;0.37109;0.38086;0.39063;0.40039;0.41016;0.41992;0.42969;0.43945;0.44922;0.45898;0.46875;0.47852;0.48828;0.49805;0.50781;0.51758;0.52734;0.53711;0.54688;0.55664;0.56641;0.57617;0.58594;0.5957;0.60547;0.61523;0.625;0.63477;0.64453;0.6543;0.66406;0.67383;0.68359;0.69336;0.70313;0.71289;0.72266;0.73242;0.74219;0.75195;0.76172;0.77148;0.78125;0.79102,0.024242176;0.027954176;0.025893888;0.020121600000000003;0.019127296000000002;0.029616128000000002;0.022232064000000003;0.052581376;0.095304704;0.12374835199999999;0.098751488;0.054022144;0.03092992;0.024784896;0.017071104;0.018310144;0.016545791999999997;0.010788864;0.005132288;0.005215232;0.006378496;0.005045248;0.004552704;0.002922496;0.002515968;0.003605504;0.0037683200000000003;0.0025333760000000004;0.00193024;0.002215936;0.0019210240000000001;0.001961984;0.002277376;0.001681408;0.001529856;0.00206848;0.0021893120000000005;0.0014847999999999999;0.0010598399999999998;0.0007219199999999999;0.001277952;0.001250304;0.001106944;0.001050624;0.0004915200000000001;0.000872448;0.0007423999999999999;0.000379904;0.001033216;0.0013895679999999999;0.001282048;0.001091584;0.001031168;0.0009697280000000001;0.001069056;0.001027072;0.000898048;0.00064;0.000490496;0.000828416;0.00088064;0.00082432;0.000896;0.00118272;0.0009625599999999999;0.00076288;0.001030144;0.000549888;0.000582656;0.000393216;0.00043315199999999996;0.000698368;0.00077312;0.000617472;0.000518144;0.000632832;0.00064512;0.000526336;0.000227328
1774673100,hdr,0.0293;0.03906;0.04883;0.05859;0.06836;0.07813;0.08789;0.09766;0.10742;0.11719;0.12695;0.13672;0.14648;0.15625;0.16602;0.17578;0.18555;0.19531;0.20508;0.21484;0.22461;0.23438;0.24414;0.25391;0.26367;0.27344;0.2832;0.29297;0.30273;0.3125;0.32227;0.33203;0.3418;0.35156;0.36133;0.37109;0.38086;0.39063;0.40039;0.41016;0.41992;0.42969;0.43945;0.44922;0.45898;0.46875;0.47852;0.48828;0.49805;0.50781;0.51758;0.52734;0.53711;0.54688;0.55664;0.56641;0.57617;0.58594;0.5957;0.60547;0.61523;0.625;0.63477;0.64453;0.6543;0.66406;0.67383;0.68359;0.69336;0.70313;0.71289;0.72266;0.73242;0.74219;0.75195;0.76172;0.77148;0.78125;0.79102,0.02687488;0.033615872000000005;0.036608;0.03152384;0.031119360000000002;0.016691199999999996;0.015763456;0.054992896;0.15086694399999998;0.17861836800000003;0.12958719999999999;0.06429286399999999;0.04441395200000001;0.020629504;0.014765055999999999;0.021511168;0.013928448;0.010611712;0.009377792;0.005547008;0.004123648;0.006992895999999999;0.00725504;0.004165632;0.0028917760000000004;0.001647616;0.001276928;0.001395712;0.00153088;0.0020582400000000002;0.0017305600000000001;0.0014653440000000002;0.001572864;0.002176;0.001555456;0.002117632;0.0017489920000000002;0.0019189760000000002;0.001758208;0.001030144;0.001523712;0.001408;0.0012001280000000002;0.001425408;0.0013905920000000002;0.001010688;0.001241088;0.0013690880000000003;0.0008519679999999999;0.0008458240000000001;0.0008386559999999999;0.000774144;0.000611328;0.000801792;0.0010178560000000001;0.00091136;0.000559104;0.000607232;0.000766976;0.000596992;0.000613376;0.0008386559999999999;0.001043456;0.001267712;0.0007096320000000001;0.000647168;0.0008765439999999999;0.000441344;0.000415744;0.00081408;0.000879616;0.00072704;0.000790528;0.000714752;0.000633856;0.0005888;0.0006891520000000001;0.0005232639999999998;0.00048742400000000003
1774674000,hdr,0.0293;0.03906;0.04883;0.05859;0.06836;0.07813;0.08789;0.09766;0.10742;0.11719;0.12695;0.13672;0.14648;0.15625;0.16602;0.17578;0.18555;0.19531;0.20508;0.21484;0.22461;0.23438;0.24414;0.25391;0.26367;0.27344;0.2832;0.29297;0.30273;0.3125;0.32227;0.33203;0.3418;0.35156;0.36133;0.37109;0.38086;0.39063;0.40039;0.41016;0.41992;0.42969;0.43945;0.44922;0.45898;0.46875;0.47852;0.48828;0.49805;0.50781;0.51758;0.52734;0.53711;0.54688;0.55664;0.56641;0.57617;0.58594;0.5957;0.60547;0.61523;0.625;0.63477;0.64453;0.6543;0.66406;0.67383;0.68359;0.69336;0.70313;0.71289;0.72266;0.73242;0.74219;0.75195;0.76172;0.77148;0.78125;0.79102,0.010508288000000001;0.020789248;0.022878208000000004;0.016841728;0.015837184;0.022227968;0.025741312000000002;0.048101376;0.08110284799999999;0.08111104000000001;0.10134016;0.10526924800000001;0.035730432;0.03072;0.017052672;0.013518848;0.011321343999999999;0.02138624;0.018567168;0.007432192;0.005660671999999999;0.005884928000000001;0.005250047999999999;0.004176895999999999;0.003400704;0.002802688;0.0023132160000000003;0.00178688;0.0017602560000000002;0.001476608;0.0016220159999999998;0.00149504;0.001185792;0.001201152;0.0018595839999999998;0.0023265280000000004;0.0020951040000000004;0.0012369920000000001;0.000565248;0.000909312;0.001316864;0.000937984;0.0008663039999999999;0.001371136;0.00105472;0.000889856;0.0005867520000000001;0.000854016;0.00101888;0.0005980159999999999;0.0005867520000000001;0.00064512;0.000653312;0.0005580800000000001;0.000782336;0.000643072;0.0006932479999999999;0.0010250239999999998;0.00098816;0.001106944;0.0009727999999999999;0.000800768;0.0006021119999999999;0.00073216;0.0008509440000000001;0.0007464960000000001;0.000642048;0.00050688;0.000484352;0.0009615359999999999;0.000712704;0.0005621760000000001;0.0005324799999999999;0.0005713920000000001;0.000548864;0.000534528;0.0005734399999999999;0.000551936;0.000702464
1774674900,hdr,0.0293;0.03906;0.04883;0.05859;0.06836;0.07813;0.08789;0.09766;0.10742;0.11719;0.12695;0.13672;0.14648;0.15625;0.16602;0.17578;0.18555;0.19531;0.20508;0.21484;0.22461;0.23438;0.24414;0.25391;0.26367;0.27344;0.2832;0.29297;0.30273;0.3125;0.32227;0.33203;0.3418;0.35156;0.36133;0.37109;0.38086;0.39063;0.40039;0.41016;0.41992;0.42969;0.43945;0.44922;0.45898;0.46875;0.47852;0.48828;0.49805;0.50781;0.51758;0.52734;0.53711;0.54688;0.55664;0.56641;0.57617;0.58594;0.5957;0.60547;0.61523;0.625;0.63477;0.64453;0.6543;0.66406;0.67383;0.68359;0.69336;0.70313;0.71289;0.72266;0.73242;0.74219;0.75195;0.76172;0.77148;0.78125;0.79102,0.011574272;0.01273344;0.016357376;0.014911488;0.010375167999999999;0.005496832;0.020353024;0.053549056;0.098393088;0.15102566400000003;0.12736;0.09321779200000001;0.04126822399999999;0.028339200000000002;0.01694208;0.014145536;0.012759040000000001;0.0170752;0.015641600000000002;0.005236736;0.005051392;0.00556032;0.005078015999999999;0.005200896000000001;0.003716096;0.0033720319999999996;0.002704384;0.001746944;0.0015431680000000001;0.001277952;0.0010014719999999998;0.000966656;0.0013793280000000002;0.0012318720000000002;0.0011007999999999999;0.001570816;0.0011919360000000002;0.000887808;0.0007249919999999999;0.001193984;0.000816128;0.000772096;0.00077824;0.00077824;0.001380352;0.001209344;0.0009441279999999999;0.0008458240000000001;0.0006891520000000001;0.00091648;0.001440768;0.001065984;0.000514048;0.000356352;0.00057856;0.000507904;0.00045056;0.0007925759999999999;0.000864256;0.000654336;0.000567296;0.0004915200000000001;0.0005468159999999999;0.000515072;0.000733184;0.0006123519999999999;0.00050176;0.0008837120000000001;0.001041408;0.0011243520000000001;0.001188864;0.001412096;0.001253376;0.0018135039999999999;0.0022302719999999997;0.0014233599999999998;0.0014592000000000001;0.0014213119999999999;0.001502208
1774675800,hdr,0.0293;0.03906;0.04883;0.05859;0.06836;0.07813;0.08789;0.09766;0.10742;0.11719;0.12695;0.13672;0.14648;0.15625;0.16602;0.17578;0.18555;0.19531;0.20508;0.21484;0.22461;0.23438;0.24414;0.25391;0.26367;0.27344;0.2832;0.29297;0.30273;0.3125;0.32227;0.33203;0.3418;0.35156;0.36133;0.37109;0.38086;0.39063;0.40039;0.41016;0.41992;0.42969;0.43945;0.44922;0.45898;0.46875;0.47852;0.48828;0.49805;0.50781;0.51758;0.52734;0.53711;0.54688;0.55664;0.56641;0.57617;0.58594;0.5957;0.60547;0.61523;0.625;0.63477;0.64453;0.6543;0.66406;0.67383;0.68359;0.69336;0.70313;0.71289;0.72266;0.73242;0.74219;0.75195;0.76172;0.77148;0.78125;0.79102,0.006930431999999999;0.015297535999999999;0.013431808000000002;0.011097088;0.016078848;0.018682880000000002;0.03245568;0.066711552;0.10157056;0.119232512;0.125315072;0.115762176;0.063801344;0.023405567999999998;0.013940735999999999;0.012249088;0.017376256;0.014363648;0.008766464;0.01087488;0.006376448000000001;0.004518912;0.004117504;0.0036515840000000003;0.0025108480000000004;0.002686976;0.00185344;0.001538048;0.001728512;0.0017356799999999999;0.0025384959999999995;0.002456576;0.0026777600000000004;0.0021606399999999997;0.0012369920000000001;0.001201152;0.0012554240000000002;0.000965632;0.00077312;0.000760832;0.0008560640000000001;0.00097792;0.000984064;0.000871424;0.000758784;0.000503808;0.000499712;0.00075264;0.001016832;0.000642048;0.000371712;0.00042291200000000006;0.000525312;0.000544768;0.000335872;0.00047923199999999995;0.00059904;0.000813056;0.000637952;0.0007352319999999999;0.000774144;0.0006789119999999999;0.000516096;0.0007833599999999999;0.000909312;0.000786432;0.0006737919999999999;0.0006840319999999999;0.00075776;0.000630784;0.0008192000000000001;0.000933888;0.000909312;0.0008222720000000001;0.0007884799999999999;0.000782336;0.0010752000000000001;0.0011960319999999999;0.0009041920000000001
1774676700,hdr,0.0293;0.03906;0.04883;0.05859;0.06836;0.07813;0.08789;0.09766;0.10742;0.11719;0.12695;0.13672;0.14648;0.15625;0.16602;0.17578;0.18555;0.19531;0.20508;0.21484;0.22461;0.23438;0.24414;0.25391;0.26367;0.27344;0.2832;0.29297;0.30273;0.3125;0.32227;0.33203;0.3418;0.35156;0.36133;0.37109;0.38086;0.39063;0.40039;0.41016;0.41992;0.42969;0.43945;0.44922;0.45898;0.46875;0.47852;0.48828;0.49805;0.50781;0.51758;0.52734;0.53711;0.54688;0.55664;0.56641;0.57617;0.58594;0.5957;0.60547;0.61523;0.625;0.63477;0.64453;0.6543;0.66406;0.67383;0.68359;0.69336;0.70313;0.71289;0.72266;0.73242;0.74219;0.75195;0.76172;0.77148;0.78125;0.79102,0.00939008;0.015481856;0.01604096;0.011776;0.008843264;0.009641984000000001;0.019990528;0.071299072;0.116975616;0.15028838400000002;0.19024896000000002;0.129685504;0.069344256;0.025393152000000002;0.014637055999999999;0.015930368;0.016513024;0.009284608;0.008532992;0.00540672;0.007958528;0.009166848;0.008725504;0.007189504;0.0026286079999999997;0.00261632;0.00282112;0.002609152;0.00236544;0.002023424;0.00165376;0.0025753599999999996;0.002746368;0.00276992;0.00342016;0.001787904;0.0015267839999999998;0.0012912639999999999;0.00163328;0.001284096;0.00107008;0.001130496;0.000840704;0.001220608;0.001010688;0.0011755519999999998;0.0012185600000000003;0.000999424;0.000754688;0.0005836799999999999;0.000760832;0.001071104;0.0006604799999999999;0.00062464;0.001038336;0.001006592;0.0011786239999999999;0.000805888;0.000809984;0.000632832;0.000631808;0.000457728;0.000448512;0.000548864;0.0005724160000000001;0.000617472;0.000726016;0.000289792;0.00051712;0.00068096;0.0006676480000000001;0.00059904;0.000730112;0.000771072;0.000557056;0.00043827199999999997;0.00041984;0.0006123519999999999;0.000717824
1774677600,hdr,0.0293;0.03906;0.04883;0.05859;0.06836;0.07813;0.08789;0.09766;0.10742;0.11719;0.12695;0.13672;0.14648;0.15625;0.16602;0.17578;0.18555;0.19531;0.20508;0.21484;0.22461;0.23438;0.24414;0.25391;0.26367;0.27344;0.2832;0.29297;0.30273;0.3125;0.32227;0.33203;0.3418;0.35156;0.36133;0.37109;0.38086;0.39063;0.40039;0.41016;0.41992;0.42969;0.43945;0.44922;0.45898;0.46875;0.47852;0.48828;0.49805;0.50781;0.51758;0.52734;0.53711;0.54688;0.55664;0.56641;0.57617;0.58594;0.5957;0.60547;0.61523;0.625;0.63477;0.64453;0.6543;0.66406;0.67383;0.68359;0.69336;0.70313;0.71289;0.72266;0.73242;0.74219;0.75195;0.76172;0.77148;0.78125;0.79102,0.022567935999999997;0.023153664;0.010323968000000001;0.013018112000000002;0.013712384;0.004146176;0.013157376;0.069756928;0.195340288;0.21937664;0.235127808;0.149467136;0.032671743999999996;0.017968128;0.008644608;0.007558144;0.016783359999999997;0.021222400000000002;0.020449280000000004;0.009762816;0.007630848;0.008440832;0.007288832;0.00371712;0.00178688;0.002243584;0.002184192;0.004028416;0.00431104;0.002850816;0.002322432;0.001978368;0.001729536;0.0015779840000000002;0.00229888;0.002358272;0.0014919679999999998;0.001393664;0.001406976;0.001158144;0.0010813440000000001;0.00110592;0.001214464;0.001071104;0.0009205759999999999;0.0008929280000000001;0.00089088;0.00063488;0.000536576;0.000837632;0.0008458240000000001;0.000594944;0.000620544;0.000996352;0.0006092800000000001;0.0008867839999999999;0.00099328;0.000621568;0.000740352;0.000879616;0.000869376;0.000463872;0.000652288;0.00103424;0.000628736;0.0008192000000000001;0.000951296;0.000504832;0.000873472;0.0009482239999999999;0.000776192;0.0006993920000000001;0.0007116799999999999;0.000796672;0.001531904;0.0009594880000000001;0.0007393279999999999;0.001041408;0.0006932479999999999
1774678500,hdr,0.0293;0.03906;0.04883;0.05859;0.06836;0.07813;0.08789;0.09766;0.10742;0.11719;0.12695;0.13672;0.14648;0.15625;0.16602;0.17578;0.18555;0.19531;0.20508;0.21484;0.22461;0.23438;0.24414;0.25391;0.26367;0.27344;0.2832;0.29297;0.30273;0.3125;0.32227;0.33203;0.3418;0.35156;0.36133;0.37109;0.38086;0.39063;0.40039;0.41016;0.41992;0.42969;0.43945;0.44922;0.45898;0.46875;0.47852;0.48828;0.49805;0.50781;0.51758;0.52734;0.53711;0.54688;0.55664;0.56641;0.57617;0.58594;0.5957;0.60547;0.61523;0.625;0.63477;0.64453;0.6543;0.66406;0.67383;0.68359;0.69336;0.70313;0.71289;0.72266;0.73242;0.74219;0.75195;0.76172;0.77148;0.78125;0.79102,0.008341504000000001;0.018669568000000004;0.013806592000000001;0.016799744;0.012491776;0.009329664;0.037473280000000005;0.108264448;0.140002304;0.166631424;0.170855424;0.12994355200000002;0.079341568;0.030245888;0.023245824000000002;0.012096512;0.01240064;0.012693504000000001;0.008752128000000001;0.012659712000000002;0.012997632;0.011652095999999999;0.008870912;0.003894272;0.00430592;0.0032768000000000003;0.003239936;0.003883008;0.00264704;0.00199168;0.002154496;0.0027852800000000002;0.0025937919999999997;0.00231424;0.0026849280000000005;0.001652736;0.001033216;0.00195584;0.001657856;0.001462272;0.0013578239999999999;0.001584128;0.001185792;0.001056768;0.000899072;0.001007616;0.001086464;0.001016832;0.000937984;0.001002496;0.000642048;0.000802816;0.000499712;0.000454656;0.000606208;0.000779264;0.00064512;0.000932864;0.00131072;0.001004544;0.0008929280000000001;0.000918528;0.000915456;0.0007423999999999999;0.0006225919999999999;0.000694272;0.000888832;0.0009574399999999999;0.001229824;0.0012318720000000002;0.000676864;0.000738304;0.00152576;0.0010803199999999998;0.001022976;0.001461248;0.0019968;0.001591296;0.001769472
1774679400,hdr,0.0293;0.03906;0.04883;0.05859;0.06836;0.07813;0.08789;0.09766;0.10742;0.11719;0.12695;0.13672;0.14648;0.15625;0.16602;0.17578;0.18555;0.19531;0.20508;0.21484;0.22461;0.23438;0.24414;0.25391;0.26367;0.27344;0.2832;0.29297;0.30273;0.3125;0.32227;0.33203;0.3418;0.35156;0.36133;0.37109;0.38086;0.39063;0.40039;0.41016;0.41992;0.42969;0.43945;0.44922;0.45898;0.46875;0.47852;0.48828;0.49805;0.50781;0.51758;0.52734;0.53711;0.54688;0.55664;0.56641;0.57617;0.58594;0.5957;0.60547;0.61523;0.625;0.63477;0.64453;0.6543;0.66406;0.67383;0.68359;0.69336;0.70313;0.71289;0.72266;0.73242;0.74219;0.75195;0.76172;0.77148;0.78125;0.79102,0.006390784;0.015069184;0.00796672;0.008621055999999998;0.009949184000000002;0.007770112;0.029259775999999998;0.057511936;0.083964928;0.169362432;0.18353664;0.1236224;0.065835008;0.032608255999999995;0.013606912;0.019403776;0.01767936;0.01549824;0.008133632;0.007907328;0.012680192;0.014127104;0.010643456;0.006102016;0.003693568;0.0021248;0.00215552;0.002825216;0.001809408;0.0017602560000000002;0.002077696;0.003050496;0.0041216000000000004;0.003540992;0.002348032;0.002807808;0.002341888;0.0009984;0.0010465279999999997;0.0009738240000000001;0.00087552;0.0007946240000000001;0.00128;0.001591296;0.001015808;0.000847872;0.001176576;0.0008335360000000001;0.000617472;0.000771072;0.00083968;0.000903168;0.000590848;0.000653312;0.000679936;0.0006819840000000001;0.000536576;0.000590848;0.0010209280000000002;0.001432576;0.00098816;0.000638976;0.000847872;0.0009144320000000001;0.000637952;0.000617472;0.000758784;0.000858112;0.001241088;0.001364992;0.001349632;0.001248256;0.000651264;0.0008929280000000001;0.001149952;0.001186816;0.0029839359999999995;0.0028129279999999997;0.001995776
1774680300,hdr,0.0293;0.03906;0.04883;0.05859;0.06836;0.07813;0.08789;0.09766;0.10742;0.11719;0.12695;0.13672;0.14648;0.15625;0.16602;0.17578;0.18555;0.19531;0.20508;0.21484;0.22461;0.23438;0.24414;0.25391;0.26367;0.27344;0.2832;0.29297;0.30273;0.3125;0.32227;0.33203;0.3418;0.35156;0.36133;0.37109;0.38086;0.39063;0.40039;0.41016;0.41992;0.42969;0.43945;0.44922;0.45898;0.46875;0.47852;0.48828;0.49805;0.50781;0.51758;0.52734;0.53711;0.54688;0.55664;0.56641;0.57617;0.58594;0.5957;0.60547;0.61523;0.625;0.63477;0.64453;0.6543;0.66406;0.67383;0.68359;0.69336;0.70313;0.71289;0.72266;0.73242;0.74219;0.75195;0.76172;0.77148;0.78125;0.79102,0.007087104;0.010301439999999999;0.010375167999999999;0.008415232;0.008858624000000002;0.010138624;0.03482624;0.083821568;0.13432524799999998;0.177583104;0.16601804799999997;0.14849536000000002;0.07762432;0.021665792;0.023814144;0.019636223999999997;0.016421888;0.012215296;0.012127232;0.010575872000000002;0.011927552;0.01061888;0.012584960000000001;0.006509568;0.0032256;0.00291328;0.002172928;0.0017623040000000001;0.0013680639999999998;0.002724864;0.004320256;0.00245248;0.002619392;0.003115008;0.0024494079999999997;0.0014704639999999999;0.0012646399999999998;0.0013219840000000002;0.0014714879999999997;0.0017397760000000002;0.0021524480000000004;0.0017408;0.001615872;0.001088512;0.0009144320000000001;0.001944576;0.001634304;0.001316864;0.001202176;0.001099776;0.0009717759999999999;0.00034304;0.00054272;0.000712704;0.0012165119999999999;0.00118272;0.0007055360000000001;0.000765952;0.0007833599999999999;0.0005601279999999999;0.000968704;0.001344512;0.0009748480000000001;0.00055296;0.000351232;0.0007229440000000001;0.0008304639999999999;0.00079872;0.000985088;0.000909312;0.001071104;0.000913408;0.0009574399999999999;0.000922624;0.001103872;0.001333248;0.002572288;0.002231296;0.002372608
1774681200,hdr,0.0293;0.03906;0.04883;0.05859;0.06836;0.07813;0.08789;0.09766;0.10742;0.11719;0.12695;0.13672;0.14648;0.15625;0.16602;0.17578;0.18555;0.19531;0.20508;0.21484;0.22461;0.23438;0.24414;0.25391;0.26367;0.27344;0.2832;0.29297;0.30273;0.3125;0.32227;0.33203;0.3418;0.35156;0.36133;0.37109;0.38086;0.39063;0.40039;0.41016;0.41992;0.42969;0.43945;0.44922;0.45898;0.46875;0.47852;0.48828;0.49805;0.50781;0.51758;0.52734;0.53711;0.54688;0.55664;0.56641;0.57617;0.58594;0.5957;0.60547;0.61523;0.625;0.63477;0.64453;0.6543;0.66406;0.67383;0.68359;0.69336;0.70313;0.71289;0.72266;0.73242;0.74219;0.75195;0.76172;0.77148;0.78125;0.79102,0.00131584;0.007508992;0.014393344;0.008528896;0.012166143999999999;0.013846527999999999;0.040088576;0.08156876800000001;0.16345804799999997;0.21567283199999998;0.19732992;0.1824512;0.088298496;0.031665151999999995;0.015635456;0.013471743999999999;0.015025152;0.010139648;0.008229888000000001;0.008850431999999998;0.008886272;0.008185856;0.006245376;0.006953984000000001;0.006864896;0.0034713599999999997;0.003443712;0.003565568;0.003400704;0.002870272;0.001650688;0.0011161600000000002;0.0016250880000000002;0.003043328;0.0025036800000000003;0.00290816;0.002054144;0.0014704639999999999;0.001462272;0.001181696;0.000714752;0.0008110079999999999;0.000913408;0.00064512;0.000840704;0.001028096;0.001130496;0.0019435519999999999;0.0018974719999999999;0.001139712;0.001000448;0.000772096;0.000518144;0.000536576;0.000786432;0.00090112;0.000953344;0.0010209280000000002;0.0009943039999999999;0.000965632;0.001061888;0.001210368;0.000861184;0.000730112;0.00052224;0.0006574080000000001;0.00059904;0.00055296;0.0005089280000000001;0.000594944;0.000770048;0.000676864;0.000439296;0.000335872;0.000427008;0.0005232639999999998;0.000497664;0.00048639999999999995;0.000592896
1774682100,hdr,0.0293;0.03906;0.04883;0.05859;0.06836;0.07813;0.08789;0.09766;0.10742;0.11719;0.12695;0.13672;0.14648;0.15625;0.16602;0.17578;0.18555;0.19531;0.20508;0.21484;0.22461;0.23438;0.24414;0.25391;0.26367;0.27344;0.2832;0.29297;0.30273;0.3125;0.32227;0.33203;0.3418;0.35156;0.36133;0.37109;0.38086;0.39063;0.40039;0.41016;0.41992;0.42969;0.43945;0.44922;0.45898;0.46875;0.47852;0.48828;0.49805;0.50781;0.51758;0.52734;0.53711;0.54688;0.55664;0.56641;0.57617;0.58594;0.5957;0.60547;0.61523;0.625;0.63477;0.64453;0.6543;0.66406;0.67383;0.68359;0.69336;0.70313;0.71289;0.72266;0.73242;0.74219;0.75195;0.76172;0.77148;0.78125;0.79102,0.0019046400000000002;0.002878464;0.004358144;0.006007808;0.00927232;0.020025344;0.029459456;0.050665472;0.095924224;0.13349990399999997;0.138590208;0.193145856;0.096633856;0.026954752000000002;0.017688576;0.013553663999999998;0.013507584;0.014205951999999999;0.010571776;0.007988224;0.012346368;0.011031552;0.015668224;0.010648576000000002;0.004528127999999999;0.0044748800000000005;0.004476928;0.004104192;0.0033617919999999997;0.003187712;0.003006464;0.004124672;0.004379648;0.004257792000000001;0.0038307840000000003;0.002801664;0.002660352;0.0018687999999999999;0.0012666880000000002;0.002318336;0.002151424;0.00146432;0.0018800639999999999;0.001570816;0.001512448;0.001775616;0.001395712;0.001138688;0.0015872;0.0013752319999999999;0.00192;0.002011136;0.0012605440000000002;0.001927168;0.001676288;0.0017018880000000001;0.001654784;0.001451008;0.0012605440000000002;0.001114112;0.001779712;0.001934336;0.0015964160000000002;0.001504256;0.0008591359999999999;0.0008601600000000001;0.001329152;0.00154624;0.0010516479999999999;0.000842752;0.000734208;0.00089088;0.000631808;0.0006184960000000001;0.000661504;0.000894976;0.0010086399999999999;0.0009543679999999999;0.0004915200000000001
1774683000,hdr,0.0293;0.03906;0.04883;0.05859;0.06836;0.07813;0.08789;0.09766;0.10742;0.11719;0.12695;0.13672;0.14648;0.15625;0.16602;0.17578;0.18555;0.19531;0.20508;0.21484;0.22461;0.23438;0.24414;0.25391;0.26367;0.27344;0.2832;0.29297;0.30273;0.3125;0.32227;0.33203;0.3418;0.35156;0.36133;0.37109;0.38086;0.39063;0.40039;0.41016;0.41992;0.42969;0.43945;0.44922;0.45898;0.46875;0.47852;0.48828;0.49805;0.50781;0.51758;0.52734;0.53711;0.54688;0.55664;0.56641;0.57617;0.58594;0.5957;0.60547;0.61523;0.625;0.63477;0.64453;0.6543;0.66406;0.67383;0.68359;0.69336;0.70313;0.71289;0.72266;0.73242;0.74219;0.75195;0.76172;0.77148;0.78125;0.79102,0.0028600319999999998;0.0023408640000000002;0.003985408;0.003803136;0.007369728;0.016374783999999996;0.034341888;0.06767718399999999;0.124464128;0.20454809599999998;0.171656192;0.100232192;0.03744768;0.026790912;0.019987456;0.016098303999999997;0.014096384;0.019247104;0.016834560000000002;0.010475519999999999;0.010973183999999999;0.01547776;0.011121664;0.00943104;0.007113728;0.004521984;0.003656704;0.003356672;0.003004416;0.004548608;0.004576256;0.00339968;0.002469888;0.00193536;0.002556928;0.004032511999999999;0.0039700479999999995;0.002956288;0.0018882559999999998;0.00187392;0.002475008;0.0023930880000000002;0.002112512;0.0017182719999999999;0.0025651199999999997;0.002424832;0.0020490240000000004;0.001301504;0.001882112;0.003079168;0.0021985280000000004;0.0021288960000000003;0.002530304;0.002089984;0.00151552;0.0016424959999999998;0.0022353919999999997;0.0020930559999999994;0.002192384;0.0023848959999999996;0.002060288;0.001882112;0.00183296;0.001837056;0.001564672;0.001509376;0.002316288;0.001501184;0.001513472;0.001376256;0.0012953600000000002;0.001338368;0.00137728;0.000951296;0.000909312;0.0006574080000000001;0.00099328;0.001441792;0.0013701120000000002
1774683900,hdr,0.0293;0.03906;0.04883;0.05859;0.06836;0.07813;0.08789;0.09766;0.10742;0.11719;0.12695;0.13672;0.14648;0.15625;0.16602;0.17578;0.18555;0.19531;0.20508;0.21484;0.22461;0.23438;0.24414;0.25391;0.26367;0.27344;0.2832;0.29297;0.30273;0.3125;0.32227;0.33203;0.3418;0.35156;0.36133;0.37109;0.38086;0.39063;0.40039;0.41016;0.41992;0.42969;0.43945;0.44922;0.45898;0.46875;0.47852;0.48828;0.49805;0.50781;0.51758;0.52734;0.53711;0.54688;0.55664;0.56641;0.57617;0.58594;0.5957;0.60547;0.61523;0.625;0.63477;0.64453;0.6543;0.66406;0.67383;0.68359;0.69336;0.70313;0.71289;0.72266;0.73242;0.74219;0.75195;0.76172;0.77148;0.78125;0.79102,0.004558848;0.008195072;0.008779776;0.004475903999999999;0.004426751999999999;0.003972096;0.017269760000000002;0.080049152;0.178729984;0.233714688;0.20294656;0.18829004800000002;0.14978559999999996;0.05971763200000001;0.019293184;0.00896512;0.01211392;0.018182144;0.017229824;0.013630464;0.014833664;0.010110976;0.014706688;0.015007744;0.010474496000000002;0.0074332159999999994;0.0064256;0.0058521599999999995;0.00704;0.007017471999999999;0.006683648;0.008056832;0.00570368;0.005105663999999999;0.0061952;0.005394432;0.0037898240000000002;0.002717696;0.0022937599999999997;0.001970176;0.001805312;0.00296448;0.00359936;0.004313088;0.00343552;0.0026296320000000002;0.003017728;0.0030822400000000004;0.002217984;0.0026777600000000004;0.0028846080000000003;0.00209408;0.001503232;0.002725888;0.002601984;0.001408;0.0014530559999999999;0.002315264;0.002424832;0.0014940160000000001;0.0013793280000000002;0.0027136;0.0028600319999999998;0.001846272;0.0013424640000000002;0.001447936;0.0014110720000000002;0.001225728;0.0014346239999999998;0.001681408;0.001657856;0.001155072;0.0009830400000000001;0.001344512;0.0014336;0.0009359360000000001;0.001055744;0.0012001280000000002;0.0009205759999999999
1774684800,hdr,0.0293;0.03906;0.04883;0.05859;0.06836;0.07813;0.08789;0.09766;0.10742;0.11719;0.12695;0.13672;0.14648;0.15625;0.16602;0.17578;0.18555;0.19531;0.20508;0.21484;0.22461;0.23438;0.24414;0.25391;0.26367;0.27344;0.2832;0.29297;0.30273;0.3125;0.32227;0.33203;0.3418;0.35156;0.36133;0.37109;0.38086;0.39063;0.40039;0.41016;0.41992;0.42969;0.43945;0.44922;0.45898;0.46875;0.47852;0.48828;0.49805;0.50781;0.51758;0.52734;0.53711;0.54688;0.55664;0.56641;0.57617;0.58594;0.5957;0.60547;0.61523;0.625;0.63477;0.64453;0.6543;0.66406;0.67383;0.68359;0.69336;0.70313;0.71289;0.72266;0.73242;0.74219;0.75195;0.76172;0.77148;0.78125;0.79102,0.00323072;0.005817344;0.006844416;0.00427008;0.004855808;0.012243968000000001;0.031069184;0.074606592;0.14038937599999998;0.170324992;0.261547008;0.180120576;0.076689408;0.04931276799999999;0.018673663999999996;0.009170944000000002;0.008368128;0.012172288;0.013656064;0.014422016;0.013875199999999999;0.009010176;0.0077762560000000005;0.007702528;0.009822208;0.005984256;0.005630976;0.005556224;0.005856256000000001;0.004698112;0.00485376;0.007067648;0.010478592;0.007189504;0.004212736;0.00571904;0.003525632;0.004107264;0.0046848;0.0028047360000000004;0.002233344;0.0026685439999999997;0.002924544;0.003889152;0.0037898240000000002;0.004117504;0.0045424639999999995;0.00295424;0.002221056;0.0030822400000000004;0.003439616;0.0035287039999999997;0.002767872;0.0022241279999999997;0.00252416;0.002589696;0.001956864;0.0015411200000000002;0.001702912;0.002676736;0.002113536;0.0018155520000000002;0.001476608;0.0017408;0.0015872;0.002086912;0.001686528;0.0013475839999999998;0.001154048;0.001282048;0.001860608;0.001588224;0.001089536;0.00103424;0.0010936319999999998;0.0010936319999999998;0.001102848;0.001102848;0.001065984
1774685700,hdr,0.0293;0.03906;0.04883;0.05859;0.06836;0.07813;0.08789;0.09766;0.10742;0.11719;0.12695;0.13672;0.14648;0.15625;0.16602;0.17578;0.18555;0.19531;0.20508;0.21484;0.22461;0.23438;0.24414;0.25391;0.26367;0.27344;0.2832;0.29297;0.30273;0.3125;0.32227;0.33203;0.3418;0.35156;0.36133;0.37109;0.38086;0.39063;0.40039;0.41016;0.41992;0.42969;0.43945;0.44922;0.45898;0.46875;0.47852;0.48828;0.49805;0.50781;0.51758;0.52734;0.53711;0.54688;0.55664;0.56641;0.57617;0.58594;0.5957;0.60547;0.61523;0.625;0.63477;0.64453;0.6543;0.66406;0.67383;0.68359;0.69336;0.70313;0.71289;0.72266;0.73242;0.74219;0.75195;0.76172;0.77148;0.78125;0.79102,0.005370879999999999;0.005337087999999999;0.0034498560000000003;0.005705728;0.010382336;0.012143616;0.047323136;0.119913472;0.203849728;0.28332953600000005;0.342581248;0.21009408;0.129345536;0.068933632;0.027972608;0.014028800000000001;0.017879040000000002;0.02341376;0.016518144000000002;0.01447936;0.012953600000000001;0.008026111999999998;0.011997184000000001;0.014108672000000001;0.010932224;0.008287232;0.005724160000000001;0.005310464;0.007901184;0.009214976;0.008534016;0.011496447999999998;0.008839168000000001;0.004624384;0.0075008;0.006584319999999999;0.006868992;0.005245952;0.004670464;0.005030912;0.003505152;0.0048711679999999995;0.004421632;0.0019466239999999999;0.0034611200000000003;0.0035205120000000004;0.004508671999999999;0.004066304;0.003443712;0.002617344;0.002737152;0.0030341120000000003;0.003723264;0.004310016;0.003262464;0.003218432;0.002803712;0.00273408;0.002798592;0.0028672;0.003014656;0.0021032959999999997;0.00205312;0.0016220159999999998;0.002034688;0.001476608;0.001624064;0.0016650240000000002;0.001067008;0.0012247039999999999;0.00264704;0.001866752;0.000932864;0.000754688;0.00090112;0.000897024;0.0013680639999999998;0.001125376;0.0012369920000000001
1774686600,hdr,0.0293;0.03906;0.04883;0.05859;0.06836;0.07813;0.08789;0.09766;0.10742;0.11719;0.12695;0.13672;0.14648;0.15625;0.16602;0.17578;0.18555;0.19531;0.20508;0.21484;0.22461;0.23438;0.24414;0.25391;0.26367;0.27344;0.2832;0.29297;0.30273;0.3125;0.32227;0.33203;0.3418;0.35156;0.36133;0.37109;0.38086;0.39063;0.40039;0.41016;0.41992;0.42969;0.43945;0.44922;0.45898;0.46875;0.47852;0.48828;0.49805;0.50781;0.51758;0.52734;0.53711;0.54688;0.55664;0.56641;0.57617;0.58594;0.5957;0.60547;0.61523;0.625;0.63477;0.64453;0.6543;0.66406;0.67383;0.68359;0.69336;0.70313;0.71289;0.72266;0.73242;0.74219;0.75195;0.76172;0.77148;0.78125;0.79102,0.002361344;0.006326272;0.013282304;0.008415232;0.013540352;0.023272448;0.0614144;0.114675712;0.126619648;0.257654784;0.27634688;0.250212352;0.12812492800000003;0.043992064;0.032024576000000006;0.01608704;0.016397311999999997;0.022908928;0.021988352;0.014442496;0.009255936;0.008281087999999999;0.013178879999999999;0.014964736000000001;0.007857152;0.0043878400000000005;0.005075968;0.006961152;0.004640767999999999;0.004013055999999999;0.005270527999999999;0.006951936;0.006539264;0.00820224;0.006346752000000001;0.008785920000000001;0.010362880000000001;0.0062853119999999995;0.004274175999999999;0.00516608;0.005426176;0.005414912;0.004415488;0.005021696000000001;0.004416512;0.0030197759999999996;0.00350208;0.003508224;0.00433664;0.004538368;0.004393983999999999;0.0034252799999999997;0.0033218559999999998;0.002428928;0.003299328;0.003958784;0.00206848;0.0025825279999999997;0.003167232;0.00319488;0.001779712;0.00152576;0.00203776;0.001915904;0.001537024;0.00202752;0.001891328;0.0017408;0.0012083200000000001;0.001082368;0.001968128;0.001508352;0.001247232;0.00187904;0.0014438399999999998;0.00108544;0.000992256;0.0008560640000000001;0.001257472
1774687500,hdr,0.0293;0.03906;0.04883;0.05859;0.06836;0.07813;0.08789;0.09766;0.10742;0.11719;0.12695;0.13672;0.14648;0.15625;0.16602;0.17578;0.18555;0.19531;0.20508;0.21484;0.22461;0.23438;0.24414;0.25391;0.26367;0.27344;0.2832;0.29297;0.30273;0.3125;0.32227;0.33203;0.3418;0.35156;0.36133;0.37109;0.38086;0.39063;0.40039;0.41016;0.41992;0.42969;0.43945;0.44922;0.45898;0.46875;0.47852;0.48828;0.49805;0.50781;0.51758;0.52734;0.53711;0.54688;0.55664;0.56641;0.57617;0.58594;0.5957;0.60547;0.61523;0.625;0.63477;0.64453;0.6543;0.66406;0.67383;0.68359;0.69336;0.70313;0.71289;0.72266;0.73242;0.74219;0.75195;0.76172;0.77148;0.78125;0.79102,0.006878207999999999;0.010908672;0.010374144;0.008418303999999998;0.007609344;0.016765951999999997;0.036355072;0.080224256;0.24871833599999998;0.278562816;0.257211392;0.22221312;0.112841728;0.063407104;0.033805312;0.017858560000000002;0.014598144;0.015112192000000002;0.025608192;0.016140288000000003;0.018322432;0.023123968;0.013520896000000001;0.016251904;0.01117696;0.004448255999999999;0.008174592000000001;0.006480896000000001;0.008671232;0.007630848;0.005549056;0.00442368;0.005535744;0.0084992;0.0077711360000000005;0.006744063999999999;0.005945344;0.0049653760000000005;0.00374784;0.004343808;0.00474624;0.0042383360000000005;0.00520704;0.007970816;0.005688319999999999;0.004969472;0.005193728;0.003693568;0.003079168;0.003661824;0.0034242560000000005;0.004250624;0.005266432;0.005639168;0.002705408;0.001856512;0.0034959360000000003;0.005380095999999999;0.00271872;0.0016916480000000002;0.0020756480000000002;0.001777664;0.002045952;0.001639424;0.001974272;0.0016424959999999998;0.0015493120000000002;0.001938432;0.00128;0.0013035520000000001;0.002048;0.001796096;0.0012072959999999998;0.00049664;0.0009830400000000001;0.001186816;0.001186816;0.000950272;0.000941056
1774689300,hdr,0.0293;0.03906;0.04883;0.05859;0.06836;0.07813;0.08789;0.09766;0.10742;0.11719;0.12695;0.13672;0.14648;0.15625;0.16602;0.17578;0.18555;0.19531;0.20508;0.21484;0.22461;0.23438;0.24414;0.25391;0.26367;0.27344;0.2832;0.29297;0.30273;0.3125;0.32227;0.33203;0.3418;0.35156;0.36133;0.37109;0.38086;0.39063;0.40039;0.41016;0.41992;0.42969;0.43945;0.44922;0.45898;0.46875;0.47852;0.48828;0.49805;0.50781;0.51758;0.52734;0.53711;0.54688;0.55664;0.56641;0.57617;0.58594;0.5957;0.60547;0.61523;0.625;0.63477;0.64453;0.6543;0.66406;0.67383;0.68359;0.69336;0.70313;0.71289;0.72266;0.73242;0.74219;0.75195;0.76172;0.77148;0.78125;0.79102,0.008035328;0.008589312;0.005654528000000001;0.003822592;0.007620608;0.008194048;0.038909952;0.15889408000000002;0.32242380800000003;0.168569856;0.2174976;0.15706624;0.167212032;0.077453312;0.034082816;0.017647615999999998;0.014542848;0.020083712;0.01900544;0.02363392;0.022467584;0.019529728;0.014558208000000001;0.015177728000000001;0.017908736;0.008308735999999999;0.005965824;0.00751104;0.006624256;0.006322176;0.006209536;0.007747584;0.006709247999999999;0.005842944;0.0057477119999999994;0.0037273600000000003;0.006903808;0.007093248;0.006925312;0.006413312;0.004657152;0.005186560000000001;0.005986304;0.008272895999999998;0.007571456;0.0035860479999999997;0.003798016;0.00394752;0.0044974080000000005;0.0032501760000000005;0.003018752;0.00311296;0.002486272;0.003427328;0.004609024;0.003150848;0.002362368;0.0020572159999999997;0.0029409279999999998;0.0025978880000000005;0.001313792;0.00153088;0.00133632;0.001600512;0.0014561280000000001;0.002031616;0.0019660800000000003;0.000970752;0.002020352;0.00141824;0.001328128;0.001779712;0.0015144960000000002;0.001618944;0.001296384;0.0014336;0.0011960319999999999;0.0008622079999999999;0.000630784
1774690200,hdr,0.0293;0.03906;0.04883;0.05859;0.06836;0.07813;0.08789;0.09766;0.10742;0.11719;0.12695;0.13672;0.14648;0.15625;0.16602;0.17578;0.18555;0.19531;0.20508;0.21484;0.22461;0.23438;0.24414;0.25391;0.26367;0.27344;0.2832;0.29297;0.30273;0.3125;0.32227;0.33203;0.3418;0.35156;0.36133;0.37109;0.38086;0.39063;0.40039;0.41016;0.41992;0.42969;0.43945;0.44922;0.45898;0.46875;0.47852;0.48828;0.49805;0.50781;0.51758;0.52734;0.53711;0.54688;0.55664;0.56641;0.57617;0.58594;0.5957;0.60547;0.61523;0.625;0.63477;0.64453;0.6543;0.66406;0.67383;0.68359;0.69336;0.70313;0.71289;0.72266;0.73242;0.74219;0.75195;0.76172;0.77148;0.78125;0.79102,0.001306624;0.004050944000000001;0.0058245120000000004;0.006078464;0.005804032;0.005815296;0.037250048;0.121539584;0.21370367999999998;0.263950336;0.206588928;0.17550336;0.14880768;0.05627392;0.038068224000000005;0.019431424;0.016948223999999998;0.019862528;0.030811136000000003;0.018260992000000004;0.019310592;0.018463743999999997;0.009547776;0.009488384;0.008653824000000001;0.0076032;0.010102784;0.008873984;0.00735232;0.0055552;0.007335936;0.008057855999999999;0.009762816;0.011296768;0.00594432;0.004107264;0.00327168;0.005136384;0.0050688;0.003332096;0.0038952960000000003;0.003857408;0.00454144;0.003812352;0.00238592;0.0026480640000000003;0.002466816;0.004313088;0.003154944;0.003565568;0.002840576;0.0023572479999999997;0.0027729919999999997;0.003356672;0.00289792;0.00215552;0.00167936;0.00178688;0.0026849280000000005;0.002468864;0.0022732800000000004;0.002139136;0.0026419199999999994;0.001563648;0.001432576;0.0018831359999999999;0.001708032;0.001000448;0.000748544;0.0012083200000000001;0.0016097280000000002;0.001079296;0.00096768;0.0011417600000000001;0.00145408;0.0012400640000000001;0.001041408;0.00104448;0.000840704
1774691100,hdr,0.0293;0.03906;0.04883;0.05859;0.06836;0.07813;0.08789;0.09766;0.10742;0.11719;0.12695;0.13672;0.14648;0.15625;0.16602;0.17578;0.18555;0.19531;0.20508;0.21484;0.22461;0.23438;0.24414;0.25391;0.26367;0.27344;0.2832;0.29297;0.30273;0.3125;0.32227;0.33203;0.3418;0.35156;0.36133;0.37109;0.38086;0.39063;0.40039;0.41016;0.41992;0.42969;0.43945;0.44922;0.45898;0.46875;0.47852;0.48828;0.49805;0.50781;0.51758;0.52734;0.53711;0.54688;0.55664;0.56641;0.57617;0.58594;0.5957;0.60547;0.61523;0.625;0.63477;0.64453;0.6543;0.66406;0.67383;0.68359;0.69336;0.70313;0.71289;0.72266;0.73242;0.74219;0.75195;0.76172;0.77148;0.78125;0.79102,0.011467776;0.0096;0.004113408;0.006787072;0.006266879999999999;0.004199424;0.030921728000000002;0.14897254399999998;0.197889024;0.140269568;0.230363136;0.297884672;0.14720204799999997;0.067361792;0.041255936;0.031939584;0.015348736;0.016861184;0.028386304;0.030932992;0.028498944000000002;0.011890688;0.021129216;0.017839103999999998;0.012505088;0.00779776;0.008870912;0.007939072;0.005450752;0.0071464960000000004;0.010714112000000001;0.008781824;0.007878656;0.008500224;0.00531968;0.006173696;0.00799744;0.00516096;0.004141056;0.005267456;0.008195072;0.007037951999999999;0.006672384;0.0033638400000000003;0.002390016;0.003873792;0.00474624;0.002888704;0.0020490240000000004;0.003187712;0.004450304;0.004551680000000001;0.005118976;0.0036270079999999997;0.0021985280000000004;0.001928192;0.002976768;0.0028057599999999996;0.00218112;0.001954816;0.002009088;0.002308096;0.0021248;0.0014213119999999999;0.001564672;0.0015687680000000001;0.00105472;0.00055296;0.0008335360000000001;0.0011509760000000002;0.0009543679999999999;0.0010250239999999998;0.0008560640000000001;0.000753664;0.0005713920000000001;0.000566272;0.000526336;0.000544768;0.000840704
1774692000,hdr,0.0293;0.03906;0.04883;0.05859;0.06836;0.07813;0.08789;0.09766;0.10742;0.11719;0.12695;0.13672;0.14648;0.15625;0.16602;0.17578;0.18555;0.19531;0.20508;0.21484;0.22461;0.23438;0.24414;0.25391;0.26367;0.27344;0.2832;0.29297;0.30273;0.3125;0.32227;0.33203;0.3418;0.35156;0.36133;0.37109;0.38086;0.39063;0.40039;0.41016;0.41992;0.42969;0.43945;0.44922;0.45898;0.46875;0.47852;0.48828;0.49805;0.50781;0.51758;0.52734;0.53711;0.54688;0.55664;0.56641;0.57617;0.58594;0.5957;0.60547;0.61523;0.625;0.63477;0.64453;0.6543;0.66406;0.67383;0.68359;0.69336;0.70313;0.71289;0.72266;0.73242;0.74219;0.75195;0.76172;0.77148;0.78125;0.79102,0.00149504;0.002418688;0.002130944;0.0025917439999999996;0.00678912;0.008280064;0.035777536;0.141841408;0.199071744;0.17974476799999997;0.19009536;0.126640128;0.08215347199999999;0.076826624;0.048131072;0.027078656;0.021404672000000003;0.021746687999999997;0.018377728000000003;0.022715392;0.017563648;0.008268800000000001;0.015557632;0.015728640000000002;0.009870335999999999;0.010514431999999999;0.008691712;0.007236608;0.008726528;0.009523199999999999;0.01051136;0.007762944000000001;0.006467584000000001;0.006839296;0.00669184;0.007645184;0.00773632;0.005811200000000001;0.0074854399999999995;0.007735296;0.0031938559999999997;0.00238592;0.0031068159999999997;0.003913728;0.0038174719999999997;0.004429824;0.0036474880000000004;0.0022661120000000002;0.002763776;0.002217984;0.0017131520000000001;0.001650688;0.001555456;0.001581056;0.002143232;0.0029655040000000003;0.002692096;0.002139136;0.00181248;0.002321408;0.001963008;0.000847872;0.001498112;0.00131072;0.001143808;0.0011704320000000001;0.000924672;0.00084992;0.001052672;0.001055744;0.001188864;0.001329152;0.0011960319999999999;0.0006144;0.00046592000000000004;0.00052736;0.000413696;0.000566272;0.000896
1774692900,hdr,0.0293;0.03906;0.04883;0.05859;0.06836;0.07813;0.08789;0.09766;0.10742;0.11719;0.12695;0.13672;0.14648;0.15625;0.16602;0.17578;0.18555;0.19531;0.20508;0.21484;0.22461;0.23438;0.24414;0.25391;0.26367;0.27344;0.2832;0.29297;0.30273;0.3125;0.32227;0.33203;0.3418;0.35156;0.36133;0.37109;0.38086;0.39063;0.40039;0.41016;0.41992;0.42969;0.43945;0.44922;0.45898;0.46875;0.47852;0.48828;0.49805;0.50781;0.51758;0.52734;0.53711;0.54688;0.55664;0.56641;0.57617;0.58594;0.5957;0.60547;0.61523;0.625;0.63477;0.64453;0.6543;0.66406;0.67383;0.68359;0.69336;0.70313;0.71289;0.72266;0.73242;0.74219;0.75195;0.76172;0.77148;0.78125;0.79102,0.003525632;0.005607424;0.00601088;0.005778432;0.006978559999999999;0.008367104;0.04895232;0.11904511999999999;0.22436863999999998;0.210646016;0.106471424;0.129165312;0.134386688;0.062360576;0.0448768;0.038627328;0.025481216;0.024931328000000003;0.031114239999999998;0.028111872000000003;0.029257728;0.04327936;0.022961152;0.016968703999999998;0.019784704;0.014948351999999998;0.0063744;0.004529152;0.008448;0.00939008;0.009632768;0.00793088;0.005251072;0.004120576;0.002980864;0.002719744;0.005762048;0.0078848;0.00799744;0.004062208;0.004594688;0.006366208000000001;0.005819392;0.004867072;0.0030832639999999996;0.002663424;0.00178688;0.00338944;0.003713024;0.004533248;0.0028190719999999997;0.0018360320000000002;0.001790976;0.002026496;0.0015144960000000002;0.0015667199999999997;0.001688576;0.0009717759999999999;0.0008509440000000001;0.00142848;0.00108544;0.000802816;0.001053696;0.000999424;0.001181696;0.00116224;0.0010936319999999998;0.00089088;0.001010688;0.000932864;0.0005713920000000001;0.000553984;0.00054272;0.0007423999999999999;0.00062464;0.000905216;0.000656384;0.0005857280000000001;0.000533504
1774693800,hdr,0.0293;0.03906;0.04883;0.05859;0.06836;0.07813;0.08789;0.09766;0.10742;0.11719;0.12695;0.13672;0.14648;0.15625;0.16602;0.17578;0.18555;0.19531;0.20508;0.21484;0.22461;0.23438;0.24414;0.25391;0.26367;0.27344;0.2832;0.29297;0.30273;0.3125;0.32227;0.33203;0.3418;0.35156;0.36133;0.37109;0.38086;0.39063;0.40039;0.41016;0.41992;0.42969;0.43945;0.44922;0.45898;0.46875;0.47852;0.48828;0.49805;0.50781;0.51758;0.52734;0.53711;0.54688;0.55664;0.56641;0.57617;0.58594;0.5957;0.60547;0.61523;0.625;0.63477;0.64453;0.6543;0.66406;0.67383;0.68359;0.69336;0.70313;0.71289;0.72266;0.73242;0.74219;0.75195;0.76172;0.77148;0.78125;0.79102,0.001708032;0.001221632;0.004135936;0.0075171840000000005;0.005755904;0.014646271999999998;0.054619136;0.10518016000000001;0.12991692800000001;0.149040128;0.19012096;0.13710847999999998;0.082020352;0.068963328;0.02948608;0.014636031999999998;0.018750464;0.025847808;0.023090176;0.022591487999999996;0.03237376;0.041998336000000004;0.035286015999999996;0.024706047999999998;0.014086144;0.008326144;0.008182784;0.01004544;0.012949503999999999;0.013851648000000001;0.010022912;0.008056832;0.006116352;0.006502399999999999;0.008740864;0.009474048;0.008522752;0.009096192000000001;0.007420928;0.0049807359999999995;0.0027791359999999998;0.00330752;0.004517888;0.004302848;0.00384512;0.0032604160000000004;0.003218432;0.004272128000000001;0.00377344;0.0026490879999999995;0.0013148160000000001;0.0015411200000000002;0.001830912;0.002469888;0.002156544;0.002149376;0.0026439680000000004;0.0023429120000000004;0.002502656;0.002003968;0.001069056;0.001221632;0.001799168;0.001754112;0.0011161600000000002;0.000723968;0.001030144;0.0009041920000000001;0.0008222720000000001;0.000871424;0.000791552;0.0005877759999999999;0.000493568;0.000344064;0.000692224;0.001011712;0.000818176;0.0005980159999999999;0.00044339199999999997
1774694700,hdr,0.0293;0.03906;0.04883;0.05859;0.06836;0.07813;0.08789;0.09766;0.10742;0.11719;0.12695;0.13672;0.14648;0.15625;0.16602;0.17578;0.18555;0.19531;0.20508;0.21484;0.22461;0.23438;0.24414;0.25391;0.26367;0.27344;0.2832;0.29297;0.30273;0.3125;0.32227;0.33203;0.3418;0.35156;0.36133;0.37109;0.38086;0.39063;0.40039;0.41016;0.41992;0.42969;0.43945;0.44922;0.45898;0.46875;0.47852;0.48828;0.49805;0.50781;0.51758;0.52734;0.53711;0.54688;0.55664;0.56641;0.57617;0.58594;0.5957;0.60547;0.61523;0.625;0.63477;0.64453;0.6543;0.66406;0.67383;0.68359;0.69336;0.70313;0.71289;0.72266;0.73242;0.74219;0.75195;0.76172;0.77148;0.78125;0.79102,0.00386048;0.013113343999999999;0.010267647999999999;0.006504448;0.006279168000000001;0.013316096;0.052789248;0.128678912;0.156335104;0.136973312;0.179023872;0.14907903999999997;0.095671296;0.05275648;0.055764992;0.037095424;0.027737088;0.025944064000000003;0.033570815999999996;0.038624256;0.04312576;0.038081536;0.029181951999999997;0.023713792;0.013559808000000001;0.016873471999999997;0.016674816;0.008516608;0.005188608;0.0062177280000000005;0.005727232;0.006213631999999999;0.004803584;0.004688896;0.006191104;0.004391936000000001;0.007442432;0.008974336;0.004887552000000001;0.00305152;0.004016128;0.0032849919999999996;0.002809856;0.0030464;0.005186560000000001;0.004511744000000001;0.0029491200000000004;0.0023173119999999998;0.0034979840000000004;0.003565568;0.003105792;0.0027863040000000003;0.0022466560000000005;0.0029880320000000003;0.0034754559999999996;0.002086912;0.0020879360000000003;0.0024422399999999996;0.001371136;0.0016179200000000001;0.0015165439999999999;0.0018421759999999998;0.0011909120000000001;0.00122368;0.0012308479999999999;0.001102848;0.001165312;0.001362944;0.001005568;0.000841728;0.000817152;0.000872448;0.000889856;0.00103936;0.000617472;0.000457728;0.00048025600000000003;0.0007096320000000001;0.0006789119999999999
1774695600,hdr,0.0293;0.03906;0.04883;0.05859;0.06836;0.07813;0.08789;0.09766;0.10742;0.11719;0.12695;0.13672;0.14648;0.15625;0.16602;0.17578;0.18555;0.19531;0.20508;0.21484;0.22461;0.23438;0.24414;0.25391;0.26367;0.27344;0.2832;0.29297;0.30273;0.3125;0.32227;0.33203;0.3418;0.35156;0.36133;0.37109;0.38086;0.39063;0.40039;0.41016;0.41992;0.42969;0.43945;0.44922;0.45898;0.46875;0.47852;0.48828;0.49805;0.50781;0.51758;0.52734;0.53711;0.54688;0.55664;0.56641;0.57617;0.58594;0.5957;0.60547;0.61523;0.625;0.63477;0.64453;0.6543;0.66406;0.67383;0.68359;0.69336;0.70313;0.71289;0.72266;0.73242;0.74219;0.75195;0.76172;0.77148;0.78125;0.79102,0.00390656;0.011934720000000001;0.022395904;0.008048640000000001;0.006912;0.006995968000000001;0.0284928;0.108772352;0.193645568;0.196248576;0.145400832;0.09891225599999999;0.060132352;0.07179775999999999;0.05074944;0.045498368000000004;0.027457536;0.03398144;0.022457343999999997;0.028162048;0.0428544;0.043620352;0.021902335999999998;0.017951744000000002;0.01429504;0.007793664;0.00580096;0.013160448;0.014418944;0.007906304;0.008473599999999998;0.007998464;0.005487616;0.006727680000000001;0.006831104;0.0053391359999999995;0.007030784;0.005202943999999999;0.003119104;0.004058112000000001;0.00495104;0.0038266879999999995;0.003004416;0.003432448;0.003080192;0.003359744;0.00288256;0.003050496;0.005298175999999999;0.004574208;0.00413184;0.0031969280000000004;0.002741248;0.002125824;0.001243136;0.001938432;0.0016291839999999999;0.001997824;0.0015769599999999999;0.001816576;0.001475584;0.001483776;0.001488896;0.0010178560000000001;0.001152;0.0012748800000000002;0.000723968;0.001329152;0.000965632;0.0009605120000000001;0.0010178560000000001;0.00110592;0.000791552;0.00091136;0.000930816;0.000756736;0.000986112;0.000774144;0.00043110399999999997
1774696500,hdr,0.0293;0.03906;0.04883;0.05859;0.06836;0.07813;0.08789;0.09766;0.10742;0.11719;0.12695;0.13672;0.14648;0.15625;0.16602;0.17578;0.18555;0.19531;0.20508;0.21484;0.22461;0.23438;0.24414;0.25391;0.26367;0.27344;0.2832;0.29297;0.30273;0.3125;0.32227;0.33203;0.3418;0.35156;0.36133;0.37109;0.38086;0.39063;0.40039;0.41016;0.41992;0.42969;0.43945;0.44922;0.45898;0.46875;0.47852;0.48828;0.49805;0.50781;0.51758;0.52734;0.53711;0.54688;0.55664;0.56641;0.57617;0.58594;0.5957;0.60547;0.61523;0.625;0.63477;0.64453;0.6543;0.66406;0.67383;0.68359;0.69336;0.70313;0.71289;0.72266;0.73242;0.74219;0.75195;0.76172;0.77148;0.78125;0.79102,0.0045424639999999995;0.005551103999999999;0.007385088;0.006892544;0.007386112;0.009140224;0.032662528;0.128779264;0.24579788800000002;0.2202112;0.114678784;0.10496204799999999;0.116182016;0.060491776;0.047116288;0.052839423999999996;0.050741248;0.038187008;0.041106432;0.052608;0.032223232000000004;0.018859007999999997;0.020606976;0.018794496;0.013436927999999999;0.01225216;0.012573696;0.009666560000000001;0.01108992;0.008486912000000001;0.01100288;0.008614912;0.012051456;0.012075008;0.011539456;0.008531968000000001;0.005313536;0.0055111679999999994;0.006590464;0.005581824000000001;0.0076666880000000005;0.004957184;0.003336192;0.00489472;0.0033208319999999997;0.002312192;0.005364736;0.004465664;0.0023408640000000002;0.002464768;0.003214336;0.002813952;0.00336896;0.0034990079999999996;0.00206848;0.0023552;0.0027811840000000003;0.00221184;0.00138752;0.001583104;0.00200192;0.0019251199999999998;0.00271872;0.001774592;0.001307648;0.0011837439999999998;0.0012912639999999999;0.00141312;0.00150528;0.0009984;0.00080384;0.000951296;0.000754688;0.0008222720000000001;0.0008151040000000001;0.0008366080000000001;0.001132544;0.000768;0.0006225919999999999
1774697400,hdr,0.0293;0.03906;0.04883;0.05859;0.06836;0.07813;0.08789;0.09766;0.10742;0.11719;0.12695;0.13672;0.14648;0.15625;0.16602;0.17578;0.18555;0.19531;0.20508;0.21484;0.22461;0.23438;0.24414;0.25391;0.26367;0.27344;0.2832;0.29297;0.30273;0.3125;0.32227;0.33203;0.3418;0.35156;0.36133;0.37109;0.38086;0.39063;0.40039;0.41016;0.41992;0.42969;0.43945;0.44922;0.45898;0.46875;0.47852;0.48828;0.49805;0.50781;0.51758;0.52734;0.53711;0.54688;0.55664;0.56641;0.57617;0.58594;0.5957;0.60547;0.61523;0.625;0.63477;0.64453;0.6543;0.66406;0.67383;0.68359;0.69336;0.70313;0.71289;0.72266;0.73242;0.74219;0.75195;0.76172;0.77148;0.78125;0.79102,0.006806528;0.01115648;0.00838656;0.006214656;0.008958976;0.01375232;0.02755584;0.096411648;0.17812275199999997;0.163359744;0.117496832;0.079816704;0.074771456;0.044470272000000005;0.035756032;0.036289536;0.039533568;0.032495616;0.049952767999999995;0.047802368000000005;0.030206976000000003;0.022971392;0.014939136;0.016729088;0.008781824;0.010707967999999998;0.01256448;0.008407040000000001;0.010363904;0.01181696;0.014131199999999998;0.01392128;0.011701248;0.008613887999999998;0.006071296;0.00462336;0.006639616;0.00699392;0.007441408;0.00733696;0.004278272;0.003055616;0.003328;0.004797439999999999;0.00498688;0.0027217920000000002;0.00300032;0.002516992;0.0036433919999999996;0.004225024;0.0033044479999999998;0.002697216;0.00270336;0.0024166400000000003;0.00251904;0.002890752;0.0020500479999999996;0.0017766400000000001;0.0028416;0.001441792;0.0009697280000000001;0.0014233599999999998;0.001257472;0.001391616;0.000968704;0.000963584;0.00093696;0.0010014719999999998;0.0011837439999999998;0.001414144;0.0022784000000000003;0.001717248;0.001186816;0.001098752;0.001184768;0.001156096;0.001156096;0.000635904;0.000687104
1774698300,hdr,0.0293;0.03906;0.04883;0.05859;0.06836;0.07813;0.08789;0.09766;0.10742;0.11719;0.12695;0.13672;0.14648;0.15625;0.16602;0.17578;0.18555;0.19531;0.20508;0.21484;0.22461;0.23438;0.24414;0.25391;0.26367;0.27344;0.2832;0.29297;0.30273;0.3125;0.32227;0.33203;0.3418;0.35156;0.36133;0.37109;0.38086;0.39063;0.40039;0.41016;0.41992;0.42969;0.43945;0.44922;0.45898;0.46875;0.47852;0.48828;0.49805;0.50781;0.51758;0.52734;0.53711;0.54688;0.55664;0.56641;0.57617;0.58594;0.5957;0.60547;0.61523;0.625;0.63477;0.64453;0.6543;0.66406;0.67383;0.68359;0.69336;0.70313;0.71289;0.72266;0.73242;0.74219;0.75195;0.76172;0.77148;0.78125;0.79102,0.007204863999999999;0.009206784;0.00820224;0.004335616;0.012352512000000001;0.018102272;0.034651136;0.106406912;0.17249075199999997;0.19077632;0.109498368;0.097027072;0.063699968;0.059828224;0.055538688;0.043529216;0.037566464;0.038354944;0.043954176;0.047690752;0.060991487999999996;0.07802060799999999;0.054902784;0.025556992;0.018556928;0.013484032;0.0099328;0.004936704;0.008794112000000001;0.008467456;0.005148672000000001;0.005240832;0.00773632;0.008991744000000001;0.007044096;0.005403648;0.005835776;0.00572928;0.00472064;0.006099968;0.003579904;0.0034949119999999998;0.005915648;0.0066508800000000005;0.005792768;0.006322176;0.005682176000000001;0.003313664;0.0020981759999999998;0.00271872;0.003069952;0.00407552;0.003451904;0.0021207039999999997;0.002276352;0.0024852480000000002;0.0018083840000000001;0.001507328;0.001490944;0.001688576;0.0016250880000000002;0.0017858560000000002;0.001383424;0.0012165119999999999;0.001297408;0.0013506560000000002;0.001021952;0.001188864;0.0013199359999999999;0.000764928;0.000899072;0.00122368;0.0013035520000000001;0.0007116799999999999;0.00042598399999999997;0.0009768959999999999;0.0009144320000000001;0.00059392;0.000648192
1774699200,hdr,0.0293;0.03906;0.04883;0.05859;0.06836;0.07813;0.08789;0.09766;0.10742;0.11719;0.12695;0.13672;0.14648;0.15625;0.16602;0.17578;0.18555;0.19531;0.20508;0.21484;0.22461;0.23438;0.24414;0.25391;0.26367;0.27344;0.2832;0.29297;0.30273;0.3125;0.32227;0.33203;0.3418;0.35156;0.36133;0.37109;0.38086;0.39063;0.40039;0.41016;0.41992;0.42969;0.43945;0.44922;0.45898;0.46875;0.47852;0.48828;0.49805;0.50781;0.51758;0.52734;0.53711;0.54688;0.55664;0.56641;0.57617;0.58594;0.5957;0.60547;0.61523;0.625;0.63477;0.64453;0.6543;0.66406;0.67383;0.68359;0.69336;0.70313;0.71289;0.72266;0.73242;0.74219;0.75195;0.76172;0.77148;0.78125;0.79102,0.00237568;0.004658176;0.005389312;0.007949312;0.005950464;0.003946496;0.016749568;0.096969728;0.183051264;0.15274188799999996;0.098277376;0.07670272;0.0574208;0.033254399999999996;0.043184128;0.044234752;0.055421952;0.07701094399999998;0.059854847999999995;0.043181055999999995;0.047923200000000006;0.028954623999999998;0.027905024;0.027088895999999998;0.023198720000000003;0.017526784;0.015379456;0.018707456;0.012587008000000002;0.006532096;0.011317248;0.010466303999999997;0.011646976;0.011222016;0.009536512;0.010184704;0.009128959999999998;0.007384064;0.006831104;0.007550976000000001;0.00883712;0.007525375999999999;0.00776192;0.007944192;0.00826368;0.0060139519999999995;0.0048015359999999995;0.003736576;0.005078015999999999;0.005071872000000001;0.004312064;0.002697216;0.002502656;0.003444736;0.005138432;0.0047216639999999995;0.0027822079999999996;0.002813952;0.003095552;0.003296256;0.0023941119999999995;0.001729536;0.00183296;0.001328128;0.001999872;0.002055168;0.002192384;0.0026071040000000003;0.001318912;0.000900096;0.00099328;0.0016168960000000003;0.002200576;0.001152;0.0005836799999999999;0.0006952960000000001;0.001031168;0.000903168;0.000641024
1774700100,hdr,0.0293;0.03906;0.04883;0.05859;0.06836;0.07813;0.08789;0.09766;0.10742;0.11719;0.12695;0.13672;0.14648;0.15625;0.16602;0.17578;0.18555;0.19531;0.20508;0.21484;0.22461;0.23438;0.24414;0.25391;0.26367;0.27344;0.2832;0.29297;0.30273;0.3125;0.32227;0.33203;0.3418;0.35156;0.36133;0.37109;0.38086;0.39063;0.40039;0.41016;0.41992;0.42969;0.43945;0.44922;0.45898;0.46875;0.47852;0.48828;0.49805;0.50781;0.51758;0.52734;0.53711;0.54688;0.55664;0.56641;0.57617;0.58594;0.5957;0.60547;0.61523;0.625;0.63477;0.64453;0.6543;0.66406;0.67383;0.68359;0.69336;0.70313;0.71289;0.72266;0.73242;0.74219;0.75195;0.76172;0.77148;0.78125;0.79102,0.00781824;0.012307456;0.015375360000000001;0.007479295999999999;0.007134208;0.017263616;0.058448896;0.125612032;0.227741696;0.256318464;0.133673984;0.08006451199999999;0.071089152;0.063696896;0.04210688;0.042796032;0.05834752000000001;0.057166848;0.03908096;0.028853247999999998;0.037372928;0.040170496;0.03975168;0.029818880000000002;0.032665599999999996;0.033413120000000004;0.020523008000000002;0.013023232;0.012588031999999999;0.015834112;0.012360704;0.009099264;0.007936;0.01335808;0.013099008;0.017829888;0.014359552000000001;0.01004032;0.010937344;0.008201216;0.010124288;0.006237184;0.007371776;0.009741312;0.007161855999999999;0.005823488;0.005403648;0.006766592000000001;0.005430272000000001;0.003699712;0.0034652159999999997;0.0058890240000000005;0.004932608;0.004595711999999999;0.003117056;0.002793472;0.002802688;0.002661376;0.001796096;0.00105472;0.001611776;0.0022231040000000005;0.0022528;0.001256448;0.0012953600000000002;0.001416192;0.0013608960000000001;0.0012185600000000003;0.001226752;0.00141312;0.0011837439999999998;0.000743424;0.00104448;0.001242112;0.000828416;0.000659456;0.000679936;0.0005642239999999999;0.0005468159999999999
1774701000,hdr,0.0293;0.03906;0.04883;0.05859;0.06836;0.07813;0.08789;0.09766;0.10742;0.11719;0.12695;0.13672;0.14648;0.15625;0.16602;0.17578;0.18555;0.19531;0.20508;0.21484;0.22461;0.23438;0.24414;0.25391;0.26367;0.27344;0.2832;0.29297;0.30273;0.3125;0.32227;0.33203;0.3418;0.35156;0.36133;0.37109;0.38086;0.39063;0.40039;0.41016;0.41992;0.42969;0.43945;0.44922;0.45898;0.46875;0.47852;0.48828;0.49805;0.50781;0.51758;0.52734;0.53711;0.54688;0.55664;0.56641;0.57617;0.58594;0.5957;0.60547;0.61523;0.625;0.63477;0.64453;0.6543;0.66406;0.67383;0.68359;0.69336;0.70313;0.71289;0.72266;0.73242;0.74219;0.75195;0.76172;0.77148;0.78125;0.79102,0.019579904;0.018250751999999995;0.022097919999999997;0.038094848;0.022663167999999997;0.010778624;0.0122112;0.119606272;0.290623488;0.253794304;0.09033216000000001;0.07894118400000001;0.069942272;0.08760319999999999;0.06852505600000001;0.045280256;0.038745088000000004;0.035339264;0.05949952;0.045334528;0.03064832;0.030108672;0.03160576;0.028572672000000004;0.018321408000000004;0.025949183999999997;0.021259264000000003;0.015463424;0.017361920000000003;0.016838656;0.015567872;0.017088512000000004;0.008242176000000002;0.00818688;0.012069888;0.016309248;0.009338879999999999;0.007512064;0.008580095999999999;0.005283839999999999;0.00557568;0.006288384;0.00749056;0.005219328;0.004729856;0.006320128;0.006663168;0.0042065919999999994;0.003675136;0.003515392;0.003339264;0.00628224;0.005185536;0.003709952;0.003072;0.00216576;0.001860608;0.002300928;0.002086912;0.00157184;0.001504256;0.002231296;0.001927168;0.0023500800000000005;0.00160768;0.001199104;0.001446912;0.000776192;0.00081408;0.001277952;0.001181696;0.000688128;0.000790528;0.000978944;0.000966656;0.000840704;0.00079872;0.0005847039999999999;0.000352256
1774701900,hdr,0.0293;0.03906;0.04883;0.05859;0.06836;0.07813;0.08789;0.09766;0.10742;0.11719;0.12695;0.13672;0.14648;0.15625;0.16602;0.17578;0.18555;0.19531;0.20508;0.21484;0.22461;0.23438;0.24414;0.25391;0.26367;0.27344;0.2832;0.29297;0.30273;0.3125;0.32227;0.33203;0.3418;0.35156;0.36133;0.37109;0.38086;0.39063;0.40039;0.41016;0.41992;0.42969;0.43945;0.44922;0.45898;0.46875;0.47852;0.48828;0.49805;0.50781;0.51758;0.52734;0.53711;0.54688;0.55664;0.56641;0.57617;0.58594;0.5957;0.60547;0.61523;0.625;0.63477;0.64453;0.6543;0.66406;0.67383;0.68359;0.69336;0.70313;0.71289;0.72266;0.73242;0.74219;0.75195;0.76172;0.77148;0.78125;0.79102,0.009690111999999999;0.007757824000000001;0.00090112;0.000637952;0.005430272000000001;0.0123648;0.015497216000000001;0.069659648;0.24309247999999997;0.198288384;0.0764928;0.063488;0.057538559999999996;0.062306304;0.044644352;0.04415795200000001;0.051295231999999996;0.04826112;0.06990233600000001;0.063100928;0.046721024;0.03497472;0.024098816;0.024426496;0.031730688;0.025699328;0.017934336;0.015089664000000001;0.0109312;0.012640256;0.018193408000000005;0.01667584;0.015436799999999999;0.010001408;0.011133952;0.014811135999999999;0.011316224;0.009535488000000002;0.009563136;0.007458816;0.010191872;0.009308160000000001;0.006662143999999999;0.005737472;0.0070891520000000005;0.005669888;0.004827136;0.004366336;0.0033873920000000004;0.003096576;0.00381952;0.003222528;0.003158016;0.001980416;0.001620992;0.001509376;0.0020244480000000003;0.002123776;0.002077696;0.0014919679999999998;0.0014745600000000002;0.00159744;0.00222208;0.00266752;0.001845248;0.000887808;0.001284096;0.0014632959999999998;0.001248256;0.0009420800000000001;0.000651264;0.0006993920000000001;0.0009758719999999999;0.001114112;0.000871424;0.0009543679999999999;0.001180672;0.000964608;0.000764928
1774702800,hdr,0.0293;0.03906;0.04883;0.05859;0.06836;0.07813;0.08789;0.09766;0.10742;0.11719;0.12695;0.13672;0.14648;0.15625;0.16602;0.17578;0.18555;0.19531;0.20508;0.21484;0.22461;0.23438;0.24414;0.25391;0.26367;0.27344;0.2832;0.29297;0.30273;0.3125;0.32227;0.33203;0.3418;0.35156;0.36133;0.37109;0.38086;0.39063;0.40039;0.41016;0.41992;0.42969;0.43945;0.44922;0.45898;0.46875;0.47852;0.48828;0.49805;0.50781;0.51758;0.52734;0.53711;0.54688;0.55664;0.56641;0.57617;0.58594;0.5957;0.60547;0.61523;0.625;0.63477;0.64453;0.6543;0.66406;0.67383;0.68359;0.69336;0.70313;0.71289;0.72266;0.73242;0.74219;0.75195;0.76172;0.77148;0.78125;0.79102,0.005525504;0.00889856;0.012837887999999999;0.008739839999999999;0.006124544;0.005178367999999999;0.026041343999999998;0.12001587200000001;0.16620032;0.082105344;0.059587584000000006;0.06438195199999999;0.043941888;0.053416960000000006;0.049758208000000005;0.033871872000000004;0.045501440000000004;0.041531392;0.07002009599999999;0.063725568;0.040940544;0.042184704;0.034428928;0.021346304;0.016991232;0.017079295999999997;0.017195008;0.015069184;0.016757760000000003;0.016135168;0.013759487999999999;0.010358784;0.013592575999999999;0.014427136;0.012378111999999998;0.013527039999999999;0.009916415999999999;0.003902464;0.005096447999999999;0.00731648;0.006383616;0.0047841279999999995;0.005318656;0.004975616;0.004874240000000001;0.005564415999999999;0.004624384;0.003055616;0.004023296;0.0041093119999999995;0.004929536;0.003900416;0.00436224;0.00430592;0.004037632;0.00354304;0.0031815679999999996;0.002982912;0.0020951040000000004;0.0029122560000000002;0.003610624;0.0023552;0.001829888;0.002069504;0.0015390719999999998;0.002312192;0.0019394560000000002;0.0014151679999999999;0.0018524160000000002;0.001441792;0.000879616;0.000616448;0.000840704;0.0014817279999999999;0.001532928;0.001129472;0.0013793280000000002;0.000950272;0.000551936
1774703700,hdr,0.0293;0.03906;0.04883;0.05859;0.06836;0.07813;0.08789;0.09766;0.10742;0.11719;0.12695;0.13672;0.14648;0.15625;0.16602;0.17578;0.18555;0.19531;0.20508;0.21484;0.22461;0.23438;0.24414;0.25391;0.26367;0.27344;0.2832;0.29297;0.30273;0.3125;0.32227;0.33203;0.3418;0.35156;0.36133;0.37109;0.38086;0.39063;0.40039;0.41016;0.41992;0.42969;0.43945;0.44922;0.45898;0.46875;0.47852;0.48828;0.49805;0.50781;0.51758;0.52734;0.53711;0.54688;0.55664;0.56641;0.57617;0.58594;0.5957;0.60547;0.61523;0.625;0.63477;0.64453;0.6543;0.66406;0.67383;0.68359;0.69336;0.70313;0.71289;0.72266;0.73242;0.74219;0.75195;0.76172;0.77148;0.78125;0.79102,0.001325056;0.003607552;0.00443904;0.010758144;0.009388032000000001;0.008733695999999999;0.019531776;0.16004812799999998;0.304156672;0.216307712;0.11135590399999999;0.077374464;0.07361024000000001;0.05417984;0.034272256;0.054802432;0.061742080000000005;0.070047744;0.057596928;0.058007552;0.04398387199999999;0.05733376;0.052779007999999995;0.03226624;0.025371648;0.019528704;0.024403968;0.015961088;0.016516096;0.018154496000000003;0.011974655999999998;0.016751615999999997;0.015229952000000001;0.012534784;0.009457664;0.008720384;0.00612352;0.008431616;0.008466432;0.00837632;0.010693632;0.006859776;0.00636928;0.005450752;0.004000768;0.0040294400000000005;0.004905984;0.003326976;0.0057026559999999995;0.004170752000000001;0.004098048000000001;0.004508671999999999;0.003687424;0.0031334399999999995;0.003208192;0.003152896;0.0025405440000000005;0.00229888;0.002117632;0.0022097920000000004;0.0021196799999999997;0.00151552;0.001805312;0.0024002560000000004;0.001865728;0.001583104;0.001271808;0.001261568;0.0012400640000000001;0.001097728;0.0011714560000000002;0.0008837120000000001;0.001155072;0.0008222720000000001;0.00088064;0.000807936;0.000799744;0.0008652800000000001;0.000605184
1774704600,hdr,0.0293;0.03906;0.04883;0.05859;0.06836;0.07813;0.08789;0.09766;0.10742;0.11719;0.12695;0.13672;0.14648;0.15625;0.16602;0.17578;0.18555;0.19531;0.20508;0.21484;0.22461;0.23438;0.24414;0.25391;0.26367;0.27344;0.2832;0.29297;0.30273;0.3125;0.32227;0.33203;0.3418;0.35156;0.36133;0.37109;0.38086;0.39063;0.40039;0.41016;0.41992;0.42969;0.43945;0.44922;0.45898;0.46875;0.47852;0.48828;0.49805;0.50781;0.51758;0.52734;0.53711;0.54688;0.55664;0.56641;0.57617;0.58594;0.5957;0.60547;0.61523;0.625;0.63477;0.64453;0.6543;0.66406;0.67383;0.68359;0.69336;0.70313;0.71289;0.72266;0.73242;0.74219;0.75195;0.76172;0.77148;0.78125;0.79102,0.0036167680000000002;0.0054016;0.006679552000000001;0.005721088;0.005450752;0.00756224;0.027354112;0.088660992;0.159761408;0.183779328;0.099733504;0.056755200000000006;0.035347456;0.034905087999999994;0.057330688000000005;0.07166259200000001;0.11111526399999999;0.098786304;0.10691379200000001;0.068369408;0.04165632;0.048180224;0.039304192;0.029790208;0.019392511999999997;0.027874304;0.029329407999999998;0.020369408;0.017149951999999996;0.015212544;0.01709056;0.018098176;0.012772351999999999;0.008123392;0.01048576;0.009918464;0.009280512000000001;0.00912384;0.009352192;0.008958976;0.012817407999999999;0.009778176;0.00928768;0.011071488;0.0091904;0.005898240000000001;0.008022016;0.006402048;0.003357696;0.004726784;0.005441536;0.00461312;0.0031488;0.002226176;0.003557376;0.005451776;0.004310016;0.0025036800000000003;0.001410048;0.001845248;0.00254464;0.002353152;0.0024616959999999998;0.002146304;0.001507328;0.0017459199999999998;0.0017735679999999999;0.001840128;0.001938432;0.0013199359999999999;0.001220608;0.001238016;0.0016291839999999999;0.0013424640000000002;0.001061888;0.000871424;0.001063936;0.0008345599999999999;0.00067584
1774705500,hdr,0.0293;0.03906;0.04883;0.05859;0.06836;0.07813;0.08789;0.09766;0.10742;0.11719;0.12695;0.13672;0.14648;0.15625;0.16602;0.17578;0.18555;0.19531;0.20508;0.21484;0.22461;0.23438;0.24414;0.25391;0.26367;0.27344;0.2832;0.29297;0.30273;0.3125;0.32227;0.33203;0.3418;0.35156;0.36133;0.37109;0.38086;0.39063;0.40039;0.41016;0.41992;0.42969;0.43945;0.44922;0.45898;0.46875;0.47852;0.48828;0.49805;0.50781;0.51758;0.52734;0.53711;0.54688;0.55664;0.56641;0.57617;0.58594;0.5957;0.60547;0.61523;0.625;0.63477;0.64453;0.6543;0.66406;0.67383;0.68359;0.69336;0.70313;0.71289;0.72266;0.73242;0.74219;0.75195;0.76172;0.77148;0.78125;0.79102,0.0034867200000000004;0.005019648;0.0021032959999999997;0.003525632;0.005695488;0.016889856;0.047921152;0.11752960000000001;0.20139315199999996;0.138466304;0.08944947199999999;0.069259264;0.055186432;0.040070144;0.077497344;0.099334144;0.096131072;0.09569177599999999;0.08736255999999999;0.07980544;0.044156928;0.03794432;0.021925887999999998;0.023327743999999997;0.02430464;0.018450432;0.020895743999999997;0.025515008000000002;0.023712768;0.024824832;0.022872064;0.017379328000000003;0.011215872;0.011418624;0.013170688;0.012034048;0.010020863999999999;0.007913472;0.007601152;0.011006976;0.00997376;0.007401472;0.007362560000000001;0.006684671999999999;0.00618496;0.005131264;0.0048332800000000006;0.003103744;0.002482176;0.0032256;0.0038717440000000003;0.003748864;0.003485696;0.0036474880000000004;0.0026624;0.0024811519999999995;0.002880512;0.003074048;0.0024616959999999998;0.0016650240000000002;0.00290304;0.00306176;0.0022937599999999997;0.001251328;0.001498112;0.001967104;0.0012994559999999998;0.00103424;0.0011694079999999998;0.0013557760000000002;0.0013393919999999998;0.001022976;0.0009768959999999999;0.000913408;0.000776192;0.0005867520000000001;0.0006184960000000001;0.001053696;0.00100352
1774706400,hdr,0.0293;0.03906;0.04883;0.05859;0.06836;0.07813;0.08789;0.09766;0.10742;0.11719;0.12695;0.13672;0.14648;0.15625;0.16602;0.17578;0.18555;0.19531;0.20508;0.21484;0.22461;0.23438;0.24414;0.25391;0.26367;0.27344;0.2832;0.29297;0.30273;0.3125;0.32227;0.33203;0.3418;0.35156;0.36133;0.37109;0.38086;0.39063;0.40039;0.41016;0.41992;0.42969;0.43945;0.44922;0.45898;0.46875;0.47852;0.48828;0.49805;0.50781;0.51758;0.52734;0.53711;0.54688;0.55664;0.56641;0.57617;0.58594;0.5957;0.60547;0.61523;0.625;0.63477;0.64453;0.6543;0.66406;0.67383;0.68359;0.69336;0.70313;0.71289;0.72266;0.73242;0.74219;0.75195;0.76172;0.77148;0.78125;0.79102,0.00059392;0.001189888;0.0031324160000000003;0.007114752;0.013686784;0.01947648;0.03618713600000001;0.09867776;0.138103808;0.09550438400000001;0.090037248;0.075080704;0.046876672;0.03874304;0.0490496;0.062860288;0.0891648;0.111064064;0.084506624;0.075539456;0.049460224;0.026728448000000002;0.035726336000000004;0.025490431999999997;0.01872384;0.018495488;0.020476928;0.012585984;0.008591360000000001;0.011264;0.013963264000000001;0.009589760000000001;0.011614208;0.014012416;0.011953152;0.011838464;0.008173567999999999;0.008090624;0.012485632000000002;0.011283456;0.010543104;0.00800256;0.0094208;0.007831552;0.00494592;0.003756032;0.003162112;0.003828736;0.006197248000000001;0.007247872000000001;0.00495616;0.003446784;0.002890752;0.00295424;0.0028303359999999997;0.0032890880000000003;0.0025958400000000003;0.00225792;0.001637376;0.00159232;0.001672192;0.001902592;0.001917952;0.001750016;0.0014786559999999999;0.002064384;0.00249344;0.001887232;0.001717248;0.0014714879999999997;0.00163328;0.0011417600000000001;0.000893952;0.000986112;0.0013783040000000001;0.0008110079999999999;0.000894976;0.000813056;0.0007557120000000001
1774707300,hdr,0.0293;0.03906;0.04883;0.05859;0.06836;0.07813;0.08789;0.09766;0.10742;0.11719;0.12695;0.13672;0.14648;0.15625;0.16602;0.17578;0.18555;0.19531;0.20508;0.21484;0.22461;0.23438;0.24414;0.25391;0.26367;0.27344;0.2832;0.29297;0.30273;0.3125;0.32227;0.33203;0.3418;0.35156;0.36133;0.37109;0.38086;0.39063;0.40039;0.41016;0.41992;0.42969;0.43945;0.44922;0.45898;0.46875;0.47852;0.48828;0.49805;0.50781;0.51758;0.52734;0.53711;0.54688;0.55664;0.56641;0.57617;0.58594;0.5957;0.60547;0.61523;0.625;0.63477;0.64453;0.6543;0.66406;0.67383;0.68359;0.69336;0.70313;0.71289;0.72266;0.73242;0.74219;0.75195;0.76172;0.77148;0.78125;0.79102,0.005105663999999999;0.0094208;0.0072386559999999996;0.005606399999999999;0.0057722879999999996;0.0047810560000000005;0.032375808;0.189124608;0.287855616;0.181924864;0.07111680000000001;0.054626303999999994;0.044296192;0.037368832;0.037945344;0.044374015999999995;0.062434303999999996;0.10749747200000001;0.10468966399999999;0.11839283199999999;0.070119424;0.047075328;0.03574067200000001;0.037796864;0.033015808;0.023832576;0.019103744;0.017311744000000004;0.021185536;0.016216064;0.009808896000000001;0.009260032000000001;0.007477248000000001;0.008964096;0.012951552;0.011416576;0.010587135999999999;0.011068416;0.006920192;0.007109632;0.007332864;0.006537216;0.007154688;0.0059391999999999995;0.006553600000000001;0.007376896000000001;0.004072447999999999;0.0025088;0.0028467199999999996;0.004430848;0.004640767999999999;0.0041809920000000006;0.003398656;0.002737152;0.0018524160000000002;0.0024637440000000004;0.001524736;0.001777664;0.001557504;0.001117184;0.002238464;0.001903616;0.002637824;0.002221056;0.001906688;0.001680384;0.001214464;0.00119808;0.001887232;0.0015779840000000002;0.001523712;0.0013004800000000001;0.0009830400000000001;0.00076288;0.0007137280000000001;0.001036288;0.00101888;0.000858112;0.00067584
1774708200,hdr,0.0293;0.03906;0.04883;0.05859;0.06836;0.07813;0.08789;0.09766;0.10742;0.11719;0.12695;0.13672;0.14648;0.15625;0.16602;0.17578;0.18555;0.19531;0.20508;0.21484;0.22461;0.23438;0.24414;0.25391;0.26367;0.27344;0.2832;0.29297;0.30273;0.3125;0.32227;0.33203;0.3418;0.35156;0.36133;0.37109;0.38086;0.39063;0.40039;0.41016;0.41992;0.42969;0.43945;0.44922;0.45898;0.46875;0.47852;0.48828;0.49805;0.50781;0.51758;0.52734;0.53711;0.54688;0.55664;0.56641;0.57617;0.58594;0.5957;0.60547;0.61523;0.625;0.63477;0.64453;0.6543;0.66406;0.67383;0.68359;0.69336;0.70313;0.71289;0.72266;0.73242;0.74219;0.75195;0.76172;0.77148;0.78125;0.79102,0.002671616;0.0046970879999999994;0.0055951360000000006;0.006023168;0.009381888000000001;0.018436096;0.020708352000000003;0.119670784;0.16189849599999998;0.13420339200000003;0.071588864;0.04186624;0.056022016;0.05295104;0.06852403200000001;0.079113216;0.082343936;0.07562752;0.095476736;0.072905728;0.040136704;0.037891072;0.03376230400000001;0.02754048;0.024449024;0.01960448;0.019298304;0.012990464;0.012077056000000001;0.012071936000000002;0.012244992;0.009741312;0.0078336;0.010497023999999999;0.011074559999999999;0.008625152;0.008778752;0.007870464;0.007598080000000001;0.007979008000000001;0.007179264;0.0084992;0.007114752;0.004983808;0.0037918720000000004;0.0031938559999999997;0.004027391999999999;0.0036280320000000002;0.0038492160000000004;0.0038420480000000003;0.00364544;0.003326976;0.003134464;0.003944448;0.00287744;0.003674112;0.0034580479999999996;0.002015232;0.001890304;0.0022896640000000003;0.002760704;0.0022231040000000005;0.0024719359999999997;0.0016179200000000001;0.002435072;0.002459648;0.001932288;0.001327104;0.0009615359999999999;0.0008704;0.0013690880000000003;0.001605632;0.000887808;0.000933888;0.001122304;0.0011509760000000002;0.000881664;0.000485376;0.00085504
1774709100,hdr,0.0293;0.03906;0.04883;0.05859;0.06836;0.07813;0.08789;0.09766;0.10742;0.11719;0.12695;0.13672;0.14648;0.15625;0.16602;0.17578;0.18555;0.19531;0.20508;0.21484;0.22461;0.23438;0.24414;0.25391;0.26367;0.27344;0.2832;0.29297;0.30273;0.3125;0.32227;0.33203;0.3418;0.35156;0.36133;0.37109;0.38086;0.39063;0.40039;0.41016;0.41992;0.42969;0.43945;0.44922;0.45898;0.46875;0.47852;0.48828;0.49805;0.50781;0.51758;0.52734;0.53711;0.54688;0.55664;0.56641;0.57617;0.58594;0.5957;0.60547;0.61523;0.625;0.63477;0.64453;0.6543;0.66406;0.67383;0.68359;0.69336;0.70313;0.71289;0.72266;0.73242;0.74219;0.75195;0.76172;0.77148;0.78125;0.79102,0.0041113600000000005;0.010488832;0.010901504;0.00800256;0.006925312;0.017460224000000003;0.038324224000000004;0.09359872;0.207459328;0.246148096;0.10948095999999999;0.037351424;0.0281856;0.021097472000000003;0.03587584;0.0642048;0.104818688;0.09223680000000001;0.12016332800000001;0.10734796799999999;0.057698304000000006;0.045263872;0.045626368;0.037655552;0.02669568;0.025479168;0.011868159999999999;0.010870784;0.01585152;0.011757568;0.009395200000000001;0.014296064;0.010953728;0.006603776;0.006440959999999999;0.008498176000000001;0.010782719999999999;0.009903104000000001;0.005870592000000001;0.00625664;0.0055429120000000005;0.003027968;0.005696512000000001;0.006752256;0.005348352;0.005197823999999999;0.00479232;0.005132288;0.004222976;0.003442688;0.0026490879999999995;0.0020654080000000003;0.003432448;0.0035522559999999997;0.0033720319999999996;0.002752512;0.002568192;0.0025210880000000003;0.0023336960000000006;0.0025958400000000003;0.00160768;0.001414144;0.0022026240000000002;0.002566144;0.001789952;0.00103936;0.001149952;0.000843776;0.001016832;0.001480704;0.001480704;0.0011704320000000001;0.001304576;0.000951296;0.0008652800000000001;0.0007772160000000001;0.000668672;0.0011448320000000001;0.001015808
1774710000,hdr,0.0293;0.03906;0.04883;0.05859;0.06836;0.07813;0.08789;0.09766;0.10742;0.11719;0.12695;0.13672;0.14648;0.15625;0.16602;0.17578;0.18555;0.19531;0.20508;0.21484;0.22461;0.23438;0.24414;0.25391;0.26367;0.27344;0.2832;0.29297;0.30273;0.3125;0.32227;0.33203;0.3418;0.35156;0.36133;0.37109;0.38086;0.39063;0.40039;0.41016;0.41992;0.42969;0.43945;0.44922;0.45898;0.46875;0.47852;0.48828;0.49805;0.50781;0.51758;0.52734;0.53711;0.54688;0.55664;0.56641;0.57617;0.58594;0.5957;0.60547;0.61523;0.625;0.63477;0.64453;0.6543;0.66406;0.67383;0.68359;0.69336;0.70313;0.71289;0.72266;0.73242;0.74219;0.75195;0.76172;0.77148;0.78125;0.79102,0.0045199360000000004;0.008854528;0.005684224;0.005280768;0.006820864;0.01070592;0.029103103999999998;0.08234496000000001;0.15855206400000002;0.21599436800000002;0.14471577600000002;0.07318118400000001;0.036055040000000003;0.020651008000000002;0.033624063999999995;0.050250752;0.06625075200000001;0.067339264;0.081871872;0.0632832;0.05484441600000001;0.052676608;0.043067392;0.03309772799999999;0.033028096;0.028802048;0.018637823999999997;0.011424768;0.008636416000000001;0.015348736;0.013611007999999999;0.010452992;0.010135551999999999;0.008654848;0.006571008;0.007168;0.006564863999999999;0.0070942719999999996;0.007465983999999999;0.007929855999999999;0.007248896;0.00628736;0.003835904;0.004999168;0.004509696;0.004269055999999999;0.003744768;0.004093952;0.004174848;0.003416064;0.002771968;0.0025251839999999998;0.00268288;0.003134464;0.003459072;0.002551808;0.00299008;0.003221504;0.0024883199999999996;0.002254848;0.001502208;0.00137216;0.0018964479999999998;0.002531328;0.001758208;0.001915904;0.001649664;0.000825344;0.00089088;0.0009564160000000001;0.0013404159999999999;0.00135168;0.001184768;0.0007772160000000001;0.0009349119999999999;0.0006952960000000001;0.000813056;0.00091648;0.0006574080000000001
1774710900,hdr,0.0293;0.03906;0.04883;0.05859;0.06836;0.07813;0.08789;0.09766;0.10742;0.11719;0.12695;0.13672;0.14648;0.15625;0.16602;0.17578;0.18555;0.19531;0.20508;0.21484;0.22461;0.23438;0.24414;0.25391;0.26367;0.27344;0.2832;0.29297;0.30273;0.3125;0.32227;0.33203;0.3418;0.35156;0.36133;0.37109;0.38086;0.39063;0.40039;0.41016;0.41992;0.42969;0.43945;0.44922;0.45898;0.46875;0.47852;0.48828;0.49805;0.50781;0.51758;0.52734;0.53711;0.54688;0.55664;0.56641;0.57617;0.58594;0.5957;0.60547;0.61523;0.625;0.63477;0.64453;0.6543;0.66406;0.67383;0.68359;0.69336;0.70313;0.71289;0.72266;0.73242;0.74219;0.75195;0.76172;0.77148;0.78125;0.79102,0.004967424;0.009940992000000001;0.008290304;0.00929792;0.014290944;0.016889856;0.02638848;0.111236096;0.178043904;0.133978112;0.06006784;0.035973120000000004;0.028897279999999997;0.03981926399999999;0.044345343999999995;0.059226112000000004;0.09953075200000001;0.08641945599999999;0.13810176000000002;0.133993472;0.063909888;0.049038336;0.028449791999999998;0.026300415999999997;0.030081023999999998;0.025152512000000002;0.02414592;0.02408448;0.016069631999999997;0.017528832;0.012083199999999999;0.011727871999999999;0.00927232;0.009546752;0.006807552000000001;0.00653824;0.005018624;0.00572928;0.006965247999999999;0.003268608;0.0031887359999999997;0.00329728;0.005666816;0.0064512;0.0056975360000000004;0.005502976000000001;0.0022968320000000004;0.00256;0.002689024;0.003540992;0.0029593600000000003;0.00167936;0.001932288;0.001922048;0.001895424;0.00159232;0.0019435519999999999;0.00160768;0.001273856;0.001645568;0.00131584;0.0017561599999999999;0.001641472;0.0018360320000000002;0.001099776;0.0011909120000000001;0.0015185919999999998;0.001041408;0.0011673599999999999;0.0011755519999999998;0.000978944;0.00105472;0.001271808;0.0011448320000000001;0.00073216;0.0007280640000000001;0.000789504;0.0006696959999999999;0.000907264
1774711800,hdr,0.0293;0.03906;0.04883;0.05859;0.06836;0.07813;0.08789;0.09766;0.10742;0.11719;0.12695;0.13672;0.14648;0.15625;0.16602;0.17578;0.18555;0.19531;0.20508;0.21484;0.22461;0.23438;0.24414;0.25391;0.26367;0.27344;0.2832;0.29297;0.30273;0.3125;0.32227;0.33203;0.3418;0.35156;0.36133;0.37109;0.38086;0.39063;0.40039;0.41016;0.41992;0.42969;0.43945;0.44922;0.45898;0.46875;0.47852;0.48828;0.49805;0.50781;0.51758;0.52734;0.53711;0.54688;0.55664;0.56641;0.57617;0.58594;0.5957;0.60547;0.61523;0.625;0.63477;0.64453;0.6543;0.66406;0.67383;0.68359;0.69336;0.70313;0.71289;0.72266;0.73242;0.74219;0.75195;0.76172;0.77148;0.78125;0.79102,0.003365888;0.005682176000000001;0.012363776;0.00691712;0.010071040000000002;0.01445888;0.02331136;0.10393497600000001;0.307473408;0.20516966400000003;0.10033664;0.033251328000000004;0.017260544;0.026276864;0.032324608;0.03297792;0.0635136;0.103031808;0.08648396800000001;0.074293248;0.07614668799999999;0.045846528;0.047217664;0.031049728000000002;0.024783872;0.017799168;0.009395200000000001;0.00972288;0.010201088;0.014063616;0.01637376;0.01799168;0.01783296;0.014900224;0.013733888000000001;0.013136896;0.011394047999999999;0.006637568;0.0066959359999999996;0.007171072;0.005372928;0.0055582719999999995;0.00473088;0.002477056;0.002888704;0.0019455999999999998;0.00241152;0.002238464;0.003017728;0.004554752;0.004217856000000001;0.0034027519999999998;0.0027893759999999997;0.0028600319999999998;0.002610176;0.0021626880000000003;0.002885632;0.003712;0.0023173119999999998;0.0028620800000000004;0.002733056;0.001934336;0.002199552;0.0020654080000000003;0.001656832;0.0011694079999999998;0.0012318720000000002;0.001089536;0.001242112;0.0012748800000000002;0.0009482239999999999;0.001087488;0.0009287680000000001;0.000873472;0.000887808;0.001309696;0.001759232;0.001306624;0.000780288
1774712700,hdr,0.0293;0.03906;0.04883;0.05859;0.06836;0.07813;0.08789;0.09766;0.10742;0.11719;0.12695;0.13672;0.14648;0.15625;0.16602;0.17578;0.18555;0.19531;0.20508;0.21484;0.22461;0.23438;0.24414;0.25391;0.26367;0.27344;0.2832;0.29297;0.30273;0.3125;0.32227;0.33203;0.3418;0.35156;0.36133;0.37109;0.38086;0.39063;0.40039;0.41016;0.41992;0.42969;0.43945;0.44922;0.45898;0.46875;0.47852;0.48828;0.49805;0.50781;0.51758;0.52734;0.53711;0.54688;0.55664;0.56641;0.57617;0.58594;0.5957;0.60547;0.61523;0.625;0.63477;0.64453;0.6543;0.66406;0.67383;0.68359;0.69336;0.70313;0.71289;0.72266;0.73242;0.74219;0.75195;0.76172;0.77148;0.78125;0.79102,0.00430592;0.007749632;0.009428991999999999;0.006295551999999999;0.006278144;0.0295168;0.045930496;0.09581875200000001;0.22786252799999998;0.204878848;0.090016768;0.03702272;0.026498048000000003;0.01970176;0.029495295999999997;0.037572608;0.046839808;0.08192;0.08133734399999999;0.08123392;0.077068288;0.035822592;0.022663167999999997;0.02589696;0.01745408;0.020660223999999998;0.015707136;0.017775615999999998;0.01628672;0.012745728;0.012092416;0.014358528;0.013077503999999998;0.008383488;0.005481471999999999;0.0056975360000000004;0.006970367999999999;0.007790592000000001;0.007902207999999999;0.008246271999999999;0.007922688;0.006970367999999999;0.005423104000000001;0.0061255680000000005;0.0069847039999999996;0.005753856;0.003125248;0.003038208;0.0027453439999999994;0.002362368;0.002279424;0.0025937919999999997;0.002807808;0.002174976;0.0021964800000000002;0.00175104;0.001092608;0.0020183040000000003;0.0014847999999999999;0.0015452159999999999;0.001442816;0.002262016;0.0036433919999999996;0.002019328;0.001534976;0.002004992;0.001466368;0.000750592;0.001297408;0.0016424959999999998;0.001527808;0.0011048960000000002;0.00142848;0.001790976;0.001519616;0.0009605120000000001;0.001758208;0.001089536;0.000912384
1774713600,hdr,0.0293;0.03906;0.04883;0.05859;0.06836;0.07813;0.08789;0.09766;0.10742;0.11719;0.12695;0.13672;0.14648;0.15625;0.16602;0.17578;0.18555;0.19531;0.20508;0.21484;0.22461;0.23438;0.24414;0.25391;0.26367;0.27344;0.2832;0.29297;0.30273;0.3125;0.32227;0.33203;0.3418;0.35156;0.36133;0.37109;0.38086;0.39063;0.40039;0.41016;0.41992;0.42969;0.43945;0.44922;0.45898;0.46875;0.47852;0.48828;0.49805;0.50781;0.51758;0.52734;0.53711;0.54688;0.55664;0.56641;0.57617;0.58594;0.5957;0.60547;0.61523;0.625;0.63477;0.64453;0.6543;0.66406;0.67383;0.68359;0.69336;0.70313;0.71289;0.72266;0.73242;0.74219;0.75195;0.76172;0.77148;0.78125;0.79102,0.005269504000000001;0.008479744;0.011666432000000001;0.01062912;0.007440384;0.009736192000000001;0.030221312;0.08130867200000001;0.130628608;0.14444646399999997;0.069302272;0.047044608;0.026814464;0.02066944;0.02021376;0.031632384;0.06679551999999998;0.100048896;0.119420928;0.135686144;0.069143552;0.062097408;0.039221248;0.032626688;0.028225536;0.031486976;0.020683776;0.014311424000000001;0.017870847999999998;0.014274559999999999;0.010464256000000002;0.006829056;0.007407616;0.007432192;0.005940224;0.006144;0.00852992;0.006557696;0.0066334720000000005;0.006926336;0.006878207999999999;0.006956032;0.006255616;0.005467136;0.004222976;0.004441088;0.0043407359999999996;0.004502528;0.003339264;0.003443712;0.00463872;0.00410112;0.0026480640000000003;0.0031016959999999997;0.003279872;0.0030371839999999996;0.003674112;0.004486144;0.0030341120000000003;0.001898496;0.002767872;0.0018216959999999998;0.00236544;0.0022702079999999997;0.002849792;0.003526656;0.004322304;0.003323904;0.00299008;0.003540992;0.0028753920000000005;0.0014581759999999998;0.0014632959999999998;0.002067456;0.001583104;0.001687552;0.002245632;0.001795072;0.001816576
1774714500,hdr,0.0293;0.03906;0.04883;0.05859;0.06836;0.07813;0.08789;0.09766;0.10742;0.11719;0.12695;0.13672;0.14648;0.15625;0.16602;0.17578;0.18555;0.19531;0.20508;0.21484;0.22461;0.23438;0.24414;0.25391;0.26367;0.27344;0.2832;0.29297;0.30273;0.3125;0.32227;0.33203;0.3418;0.35156;0.36133;0.37109;0.38086;0.39063;0.40039;0.41016;0.41992;0.42969;0.43945;0.44922;0.45898;0.46875;0.47852;0.48828;0.49805;0.50781;0.51758;0.52734;0.53711;0.54688;0.55664;0.56641;0.57617;0.58594;0.5957;0.60547;0.61523;0.625;0.63477;0.64453;0.6543;0.66406;0.67383;0.68359;0.69336;0.70313;0.71289;0.72266;0.73242;0.74219;0.75195;0.76172;0.77148;0.78125;0.79102,0.007728128;0.00946176;0.006505472;0.00812032;0.008442880000000002;0.011462656000000002;0.026348544;0.116620288;0.22223462400000002;0.216185856;0.120141824;0.037383167999999994;0.022753279999999997;0.0185088;0.018948096;0.03569152;0.068773888;0.07847526399999999;0.08268390399999999;0.067863552;0.075534336;0.033152;0.032278528;0.0224;0.01449984;0.009290752;0.009457664;0.01492992;0.014697472;0.012053504000000001;0.016447488;0.015628287999999997;0.013748224;0.012553216;0.005966848;0.005023743999999999;0.006034432;0.006327296;0.004393983999999999;0.0047144959999999994;0.005407744;0.006207488;0.005496832;0.006226944;0.004701183999999999;0.005046272;0.0052172799999999995;0.005987327999999999;0.004269055999999999;0.002849792;0.0047841279999999995;0.0055132160000000005;0.005494784000000001;0.006961152;0.0048015359999999995;0.004789247999999999;0.005030912;0.0055132160000000005;0.0056453119999999996;0.00427008;0.002665472;0.002613248;0.002845696;0.004002816;0.00469504;0.003617792;0.003398656;0.002212864;0.002896896;0.0033024;0.00273408;0.003309568;0.003456;0.0021893120000000005;0.0012554240000000002;0.00144896;0.0017090559999999998;0.0014817279999999999;0.0020992000000000003
1774715400,hdr,0.0293;0.03906;0.04883;0.05859;0.06836;0.07813;0.08789;0.09766;0.10742;0.11719;0.12695;0.13672;0.14648;0.15625;0.16602;0.17578;0.18555;0.19531;0.20508;0.21484;0.22461;0.23438;0.24414;0.25391;0.26367;0.27344;0.2832;0.29297;0.30273;0.3125;0.32227;0.33203;0.3418;0.35156;0.36133;0.37109;0.38086;0.39063;0.40039;0.41016;0.41992;0.42969;0.43945;0.44922;0.45898;0.46875;0.47852;0.48828;0.49805;0.50781;0.51758;0.52734;0.53711;0.54688;0.55664;0.56641;0.57617;0.58594;0.5957;0.60547;0.61523;0.625;0.63477;0.64453;0.6543;0.66406;0.67383;0.68359;0.69336;0.70313;0.71289;0.72266;0.73242;0.74219;0.75195;0.76172;0.77148;0.78125;0.79102,0.001885184;0.00318464;0.005280768;0.0071864319999999995;0.0021002239999999995;0.01147392;0.020618240000000003;0.06921932800000001;0.230398976;0.159657984;0.073432064;0.032479232000000004;0.028004352000000003;0.021455872;0.016580608;0.024180736;0.047020031999999996;0.06181888;0.060930048;0.043194368;0.06443008;0.052659199999999996;0.033984512;0.021603328;0.027377664;0.015310848;0.009847808000000001;0.01283584;0.011564031999999998;0.0071393279999999995;0.009141248;0.015181824;0.012874752;0.007948288;0.0067235839999999995;0.007001088000000001;0.006432768;0.008404992;0.009069568000000002;0.004982784;0.004421632;0.00684032;0.006110208000000001;0.006309888;0.004476928;0.0050155519999999995;0.006111232;0.0038963199999999996;0.0037611520000000002;0.00477696;0.0027852800000000002;0.004995072;0.004682751999999999;0.0037683200000000003;0.004742143999999999;0.004390912;0.004124672;0.0038379520000000004;0.0030945279999999996;0.0037550080000000002;0.0039700479999999995;0.003898368;0.00364544;0.003400704;0.002603008;0.0029880320000000003;0.002425856;0.001509376;0.001907712;0.001759232;0.0022241279999999997;0.003136512;0.003781632;0.0037847040000000003;0.002852864;0.0025251839999999998;0.00195072;0.001133568;0.0017336320000000001
1774716300,hdr,0.0293;0.03906;0.04883;0.05859;0.06836;0.07813;0.08789;0.09766;0.10742;0.11719;0.12695;0.13672;0.14648;0.15625;0.16602;0.17578;0.18555;0.19531;0.20508;0.21484;0.22461;0.23438;0.24414;0.25391;0.26367;0.27344;0.2832;0.29297;0.30273;0.3125;0.32227;0.33203;0.3418;0.35156;0.36133;0.37109;0.38086;0.39063;0.40039;0.41016;0.41992;0.42969;0.43945;0.44922;0.45898;0.46875;0.47852;0.48828;0.49805;0.50781;0.51758;0.52734;0.53711;0.54688;0.55664;0.56641;0.57617;0.58594;0.5957;0.60547;0.61523;0.625;0.63477;0.64453;0.6543;0.66406;0.67383;0.68359;0.69336;0.70313;0.71289;0.72266;0.73242;0.74219;0.75195;0.76172;0.77148;0.78125;0.79102,0.004385792;0.009378816;0.008229888000000001;0.00653824;0.006678528;0.005907456;0.012033024;0.048955392;0.161289216;0.208652288;0.09975705600000001;0.01677312;0.014390271999999999;0.01857024;0.017087488;0.023839744;0.030336;0.04247552;0.031449088;0.042545152;0.04781056;0.028934144000000002;0.024675328;0.021660672000000002;0.013684736;0.009822208;0.016586752;0.017011712;0.012568576000000001;0.01378304;0.012009472;0.00979968;0.011817983999999998;0.008019968;0.007041024000000001;0.004995072;0.007241728;0.007986176000000001;0.0054528;0.0059269119999999995;0.005425152;0.00538624;0.0055531520000000004;0.0038256640000000003;0.002840576;0.005013504;0.0041113600000000005;0.004489216;0.0036474880000000004;0.004258816;0.003439616;0.003171328;0.00408064;0.0032194560000000003;0.003040256;0.002506752;0.0029306880000000003;0.004058112000000001;0.003059712;0.003160064;0.0038993920000000002;0.00468992;0.003166208;0.0036392959999999998;0.003858432;0.003515392;0.004233216;0.004118528000000001;0.003867648;0.002866176;0.002184192;0.002280448;0.002157568;0.0026644480000000003;0.002217984;0.0015206400000000002;0.0018432000000000001;0.002586624;0.0021606399999999997
1774717200,hdr,0.0293;0.03906;0.04883;0.05859;0.06836;0.07813;0.08789;0.09766;0.10742;0.11719;0.12695;0.13672;0.14648;0.15625;0.16602;0.17578;0.18555;0.19531;0.20508;0.21484;0.22461;0.23438;0.24414;0.25391;0.26367;0.27344;0.2832;0.29297;0.30273;0.3125;0.32227;0.33203;0.3418;0.35156;0.36133;0.37109;0.38086;0.39063;0.40039;0.41016;0.41992;0.42969;0.43945;0.44922;0.45898;0.46875;0.47852;0.48828;0.49805;0.50781;0.51758;0.52734;0.53711;0.54688;0.55664;0.56641;0.57617;0.58594;0.5957;0.60547;0.61523;0.625;0.63477;0.64453;0.6543;0.66406;0.67383;0.68359;0.69336;0.70313;0.71289;0.72266;0.73242;0.74219;0.75195;0.76172;0.77148;0.78125;0.79102,0.0034713599999999997;0.004857856;0.003360768;0.00313856;0.003612672;0.008396800000000001;0.020990975999999998;0.092332032;0.150001664;0.11246182399999999;0.06467379200000001;0.037535743999999996;0.027510784;0.017458176000000002;0.017680384;0.019969024000000002;0.01650176;0.015587328;0.024489984;0.028608512000000003;0.030436352;0.025939968;0.026958847999999997;0.019086336;0.009042943999999999;0.010432511999999998;0.008695808;0.006044672;0.00871936;0.012797952000000001;0.006638592;0.009930752000000001;0.010061824;0.007066624;0.007820288;0.008175616;0.006346752000000001;0.006727680000000001;0.008039424;0.00700416;0.004139008;0.005245952;0.004673536;0.0032174079999999997;0.0032839680000000004;0.003774464;0.005405696;0.00476672;0.003801088;0.005706752;0.004946944;0.0040345599999999995;0.003011584;0.0033228800000000003;0.004759552;0.00486912;0.0049879040000000005;0.004929536;0.004050944000000001;0.00316416;0.002956288;0.004569088;0.006689791999999999;0.005740544;0.004734975999999999;0.004028416;0.0026009600000000003;0.003352576;0.002321408;0.001926144;0.0028999679999999997;0.00425472;0.004272128000000001;0.0025671680000000003;0.001727488;0.001627136;0.0015206400000000002;0.0014714879999999997;0.0016435199999999999
1774718100,hdr,0.0293;0.03906;0.04883;0.05859;0.06836;0.07813;0.08789;0.09766;0.10742;0.11719;0.12695;0.13672;0.14648;0.15625;0.16602;0.17578;0.18555;0.19531;0.20508;0.21484;0.22461;0.23438;0.24414;0.25391;0.26367;0.27344;0.2832;0.29297;0.30273;0.3125;0.32227;0.33203;0.3418;0.35156;0.36133;0.37109;0.38086;0.39063;0.40039;0.41016;0.41992;0.42969;0.43945;0.44922;0.45898;0.46875;0.47852;0.48828;0.49805;0.50781;0.51758;0.52734;0.53711;0.54688;0.55664;0.56641;0.57617;0.58594;0.5957;0.60547;0.61523;0.625;0.63477;0.64453;0.6543;0.66406;0.67383;0.68359;0.69336;0.70313;0.71289;0.72266;0.73242;0.74219;0.75195;0.76172;0.77148;0.78125;0.79102,0.0046817280000000005;0.00860672;0.011321343999999999;0.007528448;0.005407744;0.005330944;0.026360831999999997;0.08710246399999999;0.1913088;0.222052352;0.12444672;0.053170176;0.019503104;0.010394624;0.013529088;0.021307392;0.026889216;0.046472192;0.046368768000000005;0.029975552;0.021628928;0.024481792;0.026058751999999998;0.019750912;0.010631168000000002;0.009220095999999999;0.009126912000000001;0.011398144;0.010066944;0.010100735999999999;0.011922432;0.0115456;0.008988671999999998;0.010697727999999998;0.008178688;0.0048783360000000005;0.007892992;0.008154112;0.007123968;0.007934976;0.00500224;0.0045793280000000006;0.0057794560000000005;0.00636416;0.005433344;0.004465664;0.005297152;0.0046592;0.005876736;0.004585472000000001;0.001675264;0.002706432;0.004805632000000001;0.005742592;0.004870144;0.00452096;0.003976192;0.003733504;0.0031242239999999997;0.003567616;0.0036505599999999997;0.002997248;0.003084288;0.0023889920000000004;0.001924096;0.00239104;0.002482176;0.002156544;0.0017459199999999998;0.0010649599999999998;0.0015114240000000001;0.0018841600000000002;0.001523712;0.001168384;0.0012072959999999998;0.001572864;0.001752064;0.00141824;0.0010496000000000001
1774719000,hdr,0.0293;0.03906;0.04883;0.05859;0.06836;0.07813;0.08789;0.09766;0.10742;0.11719;0.12695;0.13672;0.14648;0.15625;0.16602;0.17578;0.18555;0.19531;0.20508;0.21484;0.22461;0.23438;0.24414;0.25391;0.26367;0.27344;0.2832;0.29297;0.30273;0.3125;0.32227;0.33203;0.3418;0.35156;0.36133;0.37109;0.38086;0.39063;0.40039;0.41016;0.41992;0.42969;0.43945;0.44922;0.45898;0.46875;0.47852;0.48828;0.49805;0.50781;0.51758;0.52734;0.53711;0.54688;0.55664;0.56641;0.57617;0.58594;0.5957;0.60547;0.61523;0.625;0.63477;0.64453;0.6543;0.66406;0.67383;0.68359;0.69336;0.70313;0.71289;0.72266;0.73242;0.74219;0.75195;0.76172;0.77148;0.78125;0.79102,0.0032194560000000003;0.006541312;0.007489536;0.007023616;0.00516608;0.00687616;0.01399296;0.048836608000000004;0.13930291199999997;0.15877017599999999;0.134065152;0.064768;0.018458624;0.010981375999999998;0.012181504000000001;0.014303232;0.026083328000000003;0.036117503999999995;0.02859008;0.039222271999999996;0.030848;0.02021376;0.01535488;0.011546624;0.009921536;0.009895936000000001;0.013995008;0.012041216;0.006014976;0.007107584;0.010349568;0.00976384;0.007025664;0.0045670400000000005;0.002535424;0.005367808;0.0061184;0.007502848;0.006432768;0.005039104;0.005170175999999999;0.003946496;0.004470783999999999;0.005557248000000001;0.00349696;0.002929664;0.0034365439999999997;0.0031160320000000004;0.004028416;0.005917696;0.0048486399999999995;0.005393408000000001;0.005835776;0.003551232;0.0022353919999999997;0.0023552;0.002729984;0.003827712;0.004416512;0.003344384;0.002665472;0.001933312;0.0029163519999999997;0.002863104;0.001970176;0.0026449919999999997;0.002654208;0.0028272640000000003;0.0011714560000000002;0.001702912;0.001468416;0.00218112;0.001564672;0.001580032;0.0015697920000000002;0.001391616;0.001282048;0.00118784;0.0007833599999999999
1774719900,hdr,0.0293;0.03906;0.04883;0.05859;0.06836;0.07813;0.08789;0.09766;0.10742;0.11719;0.12695;0.13672;0.14648;0.15625;0.16602;0.17578;0.18555;0.19531;0.20508;0.21484;0.22461;0.23438;0.24414;0.25391;0.26367;0.27344;0.2832;0.29297;0.30273;0.3125;0.32227;0.33203;0.3418;0.35156;0.36133;0.37109;0.38086;0.39063;0.40039;0.41016;0.41992;0.42969;0.43945;0.44922;0.45898;0.46875;0.47852;0.48828;0.49805;0.50781;0.51758;0.52734;0.53711;0.54688;0.55664;0.56641;0.57617;0.58594;0.5957;0.60547;0.61523;0.625;0.63477;0.64453;0.6543;0.66406;0.67383;0.68359;0.69336;0.70313;0.71289;0.72266;0.73242;0.74219;0.75195;0.76172;0.77148;0.78125;0.79102,0.00307712;0.007289856000000001;0.00856064;0.006529024;0.012002304;0.020999168000000002;0.03508531200000001;0.08775168;0.25148518400000003;0.20290560000000002;0.09783705599999999;0.08211353599999999;0.035627007999999995;0.01914368;0.011170816;0.012498944;0.019063808;0.031287296;0.03920793599999999;0.05454336;0.050061312;0.023270399999999997;0.015934464;0.01741824;0.017009664;0.009005056;0.009014272;0.014075903999999998;0.011266047999999999;0.006697984000000001;0.009140224;0.006365184;0.007130111999999999;0.00648192;0.008072191999999999;0.006365184;0.005014528;0.004250624;0.003365888;0.0045875199999999994;0.00418816;0.0026705920000000003;0.00486912;0.003373056;0.0031088640000000002;0.004469760000000001;0.003922944;0.00315904;0.003957759999999999;0.0038881280000000002;0.00461312;0.00471552;0.003214336;0.002920448;0.0036167680000000002;0.003117056;0.003359744;0.0041267199999999995;0.004407296;0.00278016;0.001926144;0.004120576;0.004123648;0.00336896;0.003897344;0.003606528;0.0031569919999999995;0.003035136;0.0022466560000000005;0.001672192;0.001685504;0.001983488;0.001968128;0.001275904;0.001180672;0.001174528;0.00128512;0.00162816;0.001410048
1774720800,hdr,0.0293;0.03906;0.04883;0.05859;0.06836;0.07813;0.08789;0.09766;0.10742;0.11719;0.12695;0.13672;0.14648;0.15625;0.16602;0.17578;0.18555;0.19531;0.20508;0.21484;0.22461;0.23438;0.24414;0.25391;0.26367;0.27344;0.2832;0.29297;0.30273;0.3125;0.32227;0.33203;0.3418;0.35156;0.36133;0.37109;0.38086;0.39063;0.40039;0.41016;0.41992;0.42969;0.43945;0.44922;0.45898;0.46875;0.47852;0.48828;0.49805;0.50781;0.51758;0.52734;0.53711;0.54688;0.55664;0.56641;0.57617;0.58594;0.5957;0.60547;0.61523;0.625;0.63477;0.64453;0.6543;0.66406;0.67383;0.68359;0.69336;0.70313;0.71289;0.72266;0.73242;0.74219;0.75195;0.76172;0.77148;0.78125;0.79102,0.004598784000000001;0.006230016;0.009172992;0.006414336;0.005643264;0.01315328;0.023967744;0.056324096;0.117292032;0.178473984;0.12576768;0.041894912;0.017969152000000002;0.017343488;0.008345599999999998;0.011133952;0.028512256;0.037891072;0.039839744;0.049418239999999995;0.025747456;0.02067456;0.012767232;0.00732672;0.012925952000000001;0.009999359999999999;0.008032256;0.00876032;0.008297472000000002;0.009137152;0.009249792;0.009892864;0.010877952000000001;0.009509888000000001;0.0052172799999999995;0.00472064;0.004348928;0.004937728;0.005963776;0.004369408;0.003654656;0.005249024000000001;0.005380095999999999;0.004855808;0.006091776000000001;0.004617216;0.0030627840000000003;0.003150848;0.002584576;0.004091904;0.005169152;0.004117504;0.004633600000000001;0.004355072;0.004422656;0.005235712000000001;0.00290816;0.002592768;0.003223552;0.0042659840000000004;0.005293056;0.003872768;0.0032471040000000002;0.003575808;0.0048711679999999995;0.004810752;0.0030781439999999997;0.0023336960000000006;0.00361472;0.0026705920000000003;0.002444288;0.001975296;0.0023132160000000003;0.0027965439999999998;0.0027115520000000003;0.0012441599999999998;0.00118272;0.0017889280000000002;0.001540096
1774721700,hdr,0.0293;0.03906;0.04883;0.05859;0.06836;0.07813;0.08789;0.09766;0.10742;0.11719;0.12695;0.13672;0.14648;0.15625;0.16602;0.17578;0.18555;0.19531;0.20508;0.21484;0.22461;0.23438;0.24414;0.25391;0.26367;0.27344;0.2832;0.29297;0.30273;0.3125;0.32227;0.33203;0.3418;0.35156;0.36133;0.37109;0.38086;0.39063;0.40039;0.41016;0.41992;0.42969;0.43945;0.44922;0.45898;0.46875;0.47852;0.48828;0.49805;0.50781;0.51758;0.52734;0.53711;0.54688;0.55664;0.56641;0.57617;0.58594;0.5957;0.60547;0.61523;0.625;0.63477;0.64453;0.6543;0.66406;0.67383;0.68359;0.69336;0.70313;0.71289;0.72266;0.73242;0.74219;0.75195;0.76172;0.77148;0.78125;0.79102,0.001533952;0.005608448;0.010319871999999999;0.009137152;0.008083456;0.009499648000000001;0.021297152000000003;0.08468582399999999;0.130325504;0.140822528;0.12162355200000001;0.057138176;0.025771007999999998;0.014633984000000001;0.014635008;0.014101504;0.023873536;0.032949248;0.03579392;0.03533516800000001;0.032275456;0.024365056;0.014036992;0.008551424;0.007437312000000001;0.005563392;0.009023488000000001;0.009541632;0.0065464320000000005;0.00684032;0.006649856;0.006669312;0.006715392;0.006725632;0.007385088;0.005712895999999999;0.00435712;0.0032573439999999997;0.0042383360000000005;0.0055132160000000005;0.003315712;0.003560448;0.004484096000000001;0.004696064;0.005255168;0.004727808;0.00385536;0.003733504;0.004896768;0.004931584;0.007350272;0.00758272;0.007560192;0.01093632;0.007452672;0.004564992;0.004632576;0.006146048;0.008393728;0.006007808;0.00287744;0.00379392;0.003965952;0.003868672;0.0030197759999999996;0.002139136;0.002569216;0.001973248;0.002304;0.0027648;0.001973248;0.0019148799999999999;0.00180224;0.0023388159999999996;0.002922496;0.00311808;0.001731584;0.001410048;0.001562624
1774722600,hdr,0.0293;0.03906;0.04883;0.05859;0.06836;0.07813;0.08789;0.09766;0.10742;0.11719;0.12695;0.13672;0.14648;0.15625;0.16602;0.17578;0.18555;0.19531;0.20508;0.21484;0.22461;0.23438;0.24414;0.25391;0.26367;0.27344;0.2832;0.29297;0.30273;0.3125;0.32227;0.33203;0.3418;0.35156;0.36133;0.37109;0.38086;0.39063;0.40039;0.41016;0.41992;0.42969;0.43945;0.44922;0.45898;0.46875;0.47852;0.48828;0.49805;0.50781;0.51758;0.52734;0.53711;0.54688;0.55664;0.56641;0.57617;0.58594;0.5957;0.60547;0.61523;0.625;0.63477;0.64453;0.6543;0.66406;0.67383;0.68359;0.69336;0.70313;0.71289;0.72266;0.73242;0.74219;0.75195;0.76172;0.77148;0.78125;0.79102,0.005188608;0.00816128;0.005284863999999999;0.002681856;0.011124736000000001;0.017773568;0.0190976;0.07352627200000002;0.152859648;0.224293888;0.21757132799999998;0.10796646400000001;0.040776704000000004;0.01879552;0.010677248000000002;0.015053824;0.024361984;0.021313536;0.023473151999999997;0.043897856;0.027940864000000003;0.025906176;0.018479104;0.008470528;0.008213504000000002;0.007078912000000001;0.007274496;0.00603136;0.004717568;0.004518912;0.004637696;0.0051650559999999995;0.005187583999999999;0.004377600000000001;0.00646144;0.007839744;0.005117952;0.003576832;0.004230144;0.005064704;0.004481023999999999;0.004723712;0.005705728;0.0045424639999999995;0.005244928;0.0055951360000000006;0.006268928;0.007189504;0.008201216;0.00927232;0.007840768;0.007469056000000001;0.008823807999999999;0.009407488000000002;0.010807296;0.00873472;0.004242432;0.00565248;0.004152319999999999;0.0031569919999999995;0.002432;0.003198976;0.003503104;0.004448255999999999;0.0036843519999999997;0.002465792;0.002768896;0.0025088;0.003068928;0.002676736;0.002238464;0.002046976;0.0021370879999999997;0.001681408;0.002174976;0.00218112;0.002234368;0.001937408;0.002167808
1774723500,hdr,0.0293;0.03906;0.04883;0.05859;0.06836;0.07813;0.08789;0.09766;0.10742;0.11719;0.12695;0.13672;0.14648;0.15625;0.16602;0.17578;0.18555;0.19531;0.20508;0.21484;0.22461;0.23438;0.24414;0.25391;0.26367;0.27344;0.2832;0.29297;0.30273;0.3125;0.32227;0.33203;0.3418;0.35156;0.36133;0.37109;0.38086;0.39063;0.40039;0.41016;0.41992;0.42969;0.43945;0.44922;0.45898;0.46875;0.47852;0.48828;0.49805;0.50781;0.51758;0.52734;0.53711;0.54688;0.55664;0.56641;0.57617;0.58594;0.5957;0.60547;0.61523;0.625;0.63477;0.64453;0.6543;0.66406;0.67383;0.68359;0.69336;0.70313;0.71289;0.72266;0.73242;0.74219;0.75195;0.76172;0.77148;0.78125;0.79102,0.0048711679999999995;0.00901632;0.009131008;0.011634688;0.007753728;0.015282176;0.037649408;0.10149273599999999;0.14644736000000003;0.248244224;0.131523584;0.069315584;0.03418316800000001;0.017468416;0.014543872000000001;0.01368576;0.013995008;0.019136511999999998;0.032316416;0.031545344;0.022490112;0.016109567999999998;0.01354752;0.007467008;0.004800512000000001;0.005649408000000001;0.005243904;0.006325248;0.010319871999999999;0.005440512;0.0056852479999999995;0.005282816000000001;0.00418304;0.003007488;0.0027136;0.002914304;0.003084288;0.002714624;0.002847744;0.004037632;0.0035532800000000002;0.004983808;0.006034432;0.00684032;0.0066437119999999995;0.005872639999999999;0.005355520000000001;0.005088256;0.0067604480000000005;0.008409088;0.00674304;0.007541760000000001;0.008088576;0.009088;0.007897088;0.005611519999999999;0.006136832;0.00746496;0.0052541440000000005;0.003741696;0.003974144;0.0037437440000000002;0.003198976;0.00472064;0.0031354879999999996;0.002409472;0.00245248;0.0028753920000000005;0.0030330879999999998;0.0024391680000000002;0.001659904;0.002592768;0.003125248;0.00311296;0.003371008;0.002254848;0.001731584;0.002026496;0.0012687360000000001
1774724400,hdr,0.0293;0.03906;0.04883;0.05859;0.06836;0.07813;0.08789;0.09766;0.10742;0.11719;0.12695;0.13672;0.14648;0.15625;0.16602;0.17578;0.18555;0.19531;0.20508;0.21484;0.22461;0.23438;0.24414;0.25391;0.26367;0.27344;0.2832;0.29297;0.30273;0.3125;0.32227;0.33203;0.3418;0.35156;0.36133;0.37109;0.38086;0.39063;0.40039;0.41016;0.41992;0.42969;0.43945;0.44922;0.45898;0.46875;0.47852;0.48828;0.49805;0.50781;0.51758;0.52734;0.53711;0.54688;0.55664;0.56641;0.57617;0.58594;0.5957;0.60547;0.61523;0.625;0.63477;0.64453;0.6543;0.66406;0.67383;0.68359;0.69336;0.70313;0.71289;0.72266;0.73242;0.74219;0.75195;0.76172;0.77148;0.78125;0.79102,0.00699392;0.012235776;0.011413504;0.014513152;0.018330624;0.008264704;0.015874048;0.077965312;0.162204672;0.21000703999999998;0.182009856;0.080730112;0.032914432;0.021231616;0.009930752000000001;0.014214143999999998;0.023077888;0.01906688;0.011882496;0.021337088;0.019725312;0.015446016;0.017937408000000002;0.015742976000000002;0.015241216;0.007667711999999999;0.005549056;0.0042536959999999995;0.003924992;0.004767744000000001;0.00570368;0.006219776000000001;0.005356544;0.0030443519999999997;0.0033351680000000003;0.0033208319999999997;0.003359744;0.004491264;0.0037847040000000003;0.0024227840000000003;0.002844672;0.0027095039999999997;0.0029419520000000003;0.0042014719999999995;0.004717568;0.004258816;0.006050816;0.006605824000000001;0.008687616;0.012098560000000001;0.008559616;0.009699328;0.009701376;0.010061824;0.007079935999999999;0.007008256;0.007842815999999999;0.004832256;0.0042905600000000006;0.004972544;0.004855808;0.005492736;0.006746112;0.00385536;0.002220032;0.003228672;0.005762048;0.00516608;0.0027740160000000002;0.0022323200000000003;0.002061312;0.001626112;0.0027310080000000005;0.0030627840000000003;0.002902016;0.002304;0.0017479680000000001;0.001476608;0.001586176
1774725300,hdr,0.0293;0.03906;0.04883;0.05859;0.06836;0.07813;0.08789;0.09766;0.10742;0.11719;0.12695;0.13672;0.14648;0.15625;0.16602;0.17578;0.18555;0.19531;0.20508;0.21484;0.22461;0.23438;0.24414;0.25391;0.26367;0.27344;0.2832;0.29297;0.30273;0.3125;0.32227;0.33203;0.3418;0.35156;0.36133;0.37109;0.38086;0.39063;0.40039;0.41016;0.41992;0.42969;0.43945;0.44922;0.45898;0.46875;0.47852;0.48828;0.49805;0.50781;0.51758;0.52734;0.53711;0.54688;0.55664;0.56641;0.57617;0.58594;0.5957;0.60547;0.61523;0.625;0.63477;0.64453;0.6543;0.66406;0.67383;0.68359;0.69336;0.70313;0.71289;0.72266;0.73242;0.74219;0.75195;0.76172;0.77148;0.78125;0.79102,0.0051599359999999995;0.009878528;0.004313088;0.00489472;0.008308735999999999;0.010189824;0.016575488000000003;0.049491968;0.1018368;0.16951705599999997;0.18988851199999998;0.07029452800000001;0.03001344;0.012685312;0.012091392000000001;0.020489216;0.029730816000000004;0.012547072;0.019909631999999997;0.028768256000000002;0.02593792;0.019646464;0.016996352000000003;0.009633791999999999;0.011583488;0.008233984;0.005941248;0.00768;0.005871616;0.004463616;0.005430272000000001;0.0065587200000000005;0.00582656;0.00384512;0.003386368;0.002722816;0.003068928;0.003556352;0.005164032;0.005305344;0.004683776;0.003542016;0.0026685439999999997;0.006689791999999999;0.007575551999999999;0.006165504;0.007008256;0.005623808;0.0108544;0.010046464;0.009179136000000001;0.00982016;0.0063723519999999995;0.006075392;0.010919936;0.011872256;0.008459264;0.005315584000000001;0.0049080320000000005;0.0049602560000000006;0.004797439999999999;0.003428352;0.002798592;0.003559424;0.004059136;0.003416064;0.0025907200000000003;0.003518464;0.0024719359999999997;0.0024340480000000003;0.003222528;0.0032870399999999998;0.003047424;0.003180544;0.002586624;0.001910784;0.001286144;0.001591296;0.001682432
1774726200,hdr,0.0293;0.03906;0.04883;0.05859;0.06836;0.07813;0.08789;0.09766;0.10742;0.11719;0.12695;0.13672;0.14648;0.15625;0.16602;0.17578;0.18555;0.19531;0.20508;0.21484;0.22461;0.23438;0.24414;0.25391;0.26367;0.27344;0.2832;0.29297;0.30273;0.3125;0.32227;0.33203;0.3418;0.35156;0.36133;0.37109;0.38086;0.39063;0.40039;0.41016;0.41992;0.42969;0.43945;0.44922;0.45898;0.46875;0.47852;0.48828;0.49805;0.50781;0.51758;0.52734;0.53711;0.54688;0.55664;0.56641;0.57617;0.58594;0.5957;0.60547;0.61523;0.625;0.63477;0.64453;0.6543;0.66406;0.67383;0.68359;0.69336;0.70313;0.71289;0.72266;0.73242;0.74219;0.75195;0.76172;0.77148;0.78125;0.79102,0.001850368;0.003447808;0.0032890880000000003;0.005029888;0.004989951999999999;0.007580671999999999;0.024732672;0.099902464;0.12808704;0.18192281600000001;0.123753472;0.072423424;0.032533504;0.018244608;0.019847168000000002;0.021383168;0.018313216;0.033819648;0.039615488;0.033088512;0.021937152;0.022014976000000002;0.016719872;0.008983551999999999;0.0075745280000000005;0.006308864;0.005332992;0.007248896;0.006503424;0.008930304;0.007384064;0.008403968000000001;0.010418176000000001;0.007313408;0.005673983999999999;0.004585472000000001;0.00494592;0.00377856;0.0030904319999999997;0.00484352;0.006393856000000001;0.006547456;0.012068864;0.012301312;0.00635904;0.008539136;0.018023424;0.015598592000000001;0.013043711999999999;0.020161536;0.01298944;0.008311807999999999;0.01274368;0.012747776;0.00792064;0.0034795520000000003;0.006279168000000001;0.007110656;0.007354368;0.0051251199999999995;0.003821568;0.002879488;0.003236864;0.00379392;0.0037222400000000004;0.0038266879999999995;0.005203968;0.004366336;0.0030464;0.00277504;0.003790848;0.0031733760000000003;0.0025077759999999998;0.0030361600000000004;0.0030945279999999996;0.0022425599999999998;0.0020756480000000002;0.0024616959999999998;0.0022661120000000002
1774727100,hdr,0.0293;0.03906;0.04883;0.05859;0.06836;0.07813;0.08789;0.09766;0.10742;0.11719;0.12695;0.13672;0.14648;0.15625;0.16602;0.17578;0.18555;0.19531;0.20508;0.21484;0.22461;0.23438;0.24414;0.25391;0.26367;0.27344;0.2832;0.29297;0.30273;0.3125;0.32227;0.33203;0.3418;0.35156;0.36133;0.37109;0.38086;0.39063;0.40039;0.41016;0.41992;0.42969;0.43945;0.44922;0.45898;0.46875;0.47852;0.48828;0.49805;0.50781;0.51758;0.52734;0.53711;0.54688;0.55664;0.56641;0.57617;0.58594;0.5957;0.60547;0.61523;0.625;0.63477;0.64453;0.6543;0.66406;0.67383;0.68359;0.69336;0.70313;0.71289;0.72266;0.73242;0.74219;0.75195;0.76172;0.77148;0.78125;0.79102,0.0006676480000000001;0.0035368960000000003;0.0046295039999999996;0.006024192;0.011455488000000002;0.022755328;0.047054847999999996;0.10845184000000001;0.0972288;0.090655744;0.127356928;0.093146112;0.046495744;0.02201088;0.0161536;0.021131264000000004;0.020631552;0.028167168000000003;0.039847935999999994;0.026821632;0.01840128;0.019416063999999997;0.014879744;0.011268096;0.007915519999999999;0.006397952;0.004400128;0.00359936;0.004209664;0.004342784;0.008737792000000001;0.007053312;0.0032358400000000002;0.004145152;0.005244928;0.004359168000000001;0.00444416;0.003812352;0.004245504000000001;0.0064296959999999995;0.0069427199999999994;0.007201792;0.010083327999999999;0.006759424;0.01077248;0.018586624;0.017319935999999998;0.014675968;0.012116992;0.011877376;0.012424191999999999;0.021442560000000003;0.014630912000000001;0.006043648;0.007929855999999999;0.009516031999999999;0.005238784;0.005351424;0.006185984;0.009546752;0.008627200000000002;0.003994624;0.0036270079999999997;0.004276224;0.0038963199999999996;0.00460288;0.0047912960000000004;0.004033536;0.0029757440000000002;0.0027013120000000004;0.002660352;0.002870272;0.002407424;0.0038932479999999998;0.002245632;0.001774592;0.00257024;0.0025743360000000004;0.0020500479999999996
1774728000,hdr,0.0293;0.03906;0.04883;0.05859;0.06836;0.07813;0.08789;0.09766;0.10742;0.11719;0.12695;0.13672;0.14648;0.15625;0.16602;0.17578;0.18555;0.19531;0.20508;0.21484;0.22461;0.23438;0.24414;0.25391;0.26367;0.27344;0.2832;0.29297;0.30273;0.3125;0.32227;0.33203;0.3418;0.35156;0.36133;0.37109;0.38086;0.39063;0.40039;0.41016;0.41992;0.42969;0.43945;0.44922;0.45898;0.46875;0.47852;0.48828;0.49805;0.50781;0.51758;0.52734;0.53711;0.54688;0.55664;0.56641;0.57617;0.58594;0.5957;0.60547;0.61523;0.625;0.63477;0.64453;0.6543;0.66406;0.67383;0.68359;0.69336;0.70313;0.71289;0.72266;0.73242;0.74219;0.75195;0.76172;0.77148;0.78125;0.79102,0.003756032;0.012695551999999999;0.0147712;0.009834496;0.014660608;0.013700096;0.021762048;0.065176576;0.12465152;0.16968089599999997;0.1031424;0.061973504;0.048768;0.032651264;0.013179904000000001;0.011670527999999998;0.018163712;0.026485759999999997;0.031263743999999996;0.038054912;0.024239104;0.015458304;0.0152832;0.010935295999999999;0.017451008;0.011651072;0.008541183999999999;0.004475903999999999;0.0054210560000000005;0.005781504;0.004704256;0.005571584;0.00623616;0.0057497600000000005;0.002855936;0.003416064;0.00516096;0.005532672;0.007660544;0.011404287999999999;0.01019392;0.00835584;0.007614464;0.020876288;0.020576256;0.022394880000000002;0.024866816;0.021242880000000002;0.017944576;0.015058944;0.01342464;0.012316672;0.009808896000000001;0.01114624;0.014843904;0.012137472000000002;0.00966144;0.006331392;0.005384192;0.006385664000000001;0.005811200000000001;0.00598016;0.006896639999999999;0.006188032;0.004800512000000001;0.005143552;0.00598016;0.006172672000000001;0.0031027200000000002;0.002880512;0.0038993920000000002;0.004677631999999999;0.003587072;0.00222208;0.001352704;0.00214016;0.002888704;0.002945024;0.002086912
1774728900,hdr,0.0293;0.03906;0.04883;0.05859;0.06836;0.07813;0.08789;0.09766;0.10742;0.11719;0.12695;0.13672;0.14648;0.15625;0.16602;0.17578;0.18555;0.19531;0.20508;0.21484;0.22461;0.23438;0.24414;0.25391;0.26367;0.27344;0.2832;0.29297;0.30273;0.3125;0.32227;0.33203;0.3418;0.35156;0.36133;0.37109;0.38086;0.39063;0.40039;0.41016;0.41992;0.42969;0.43945;0.44922;0.45898;0.46875;0.47852;0.48828;0.49805;0.50781;0.51758;0.52734;0.53711;0.54688;0.55664;0.56641;0.57617;0.58594;0.5957;0.60547;0.61523;0.625;0.63477;0.64453;0.6543;0.66406;0.67383;0.68359;0.69336;0.70313;0.71289;0.72266;0.73242;0.74219;0.75195;0.76172;0.77148;0.78125;0.79102,0.001593344;0.004952064;0.005023743999999999;0.00525312;0.013334528;0.02140672;0.034033664000000005;0.03823616;0.09006592000000001;0.163991552;0.11218739200000001;0.078999552;0.059225087999999995;0.039542784;0.013928448;0.019519487999999998;0.025658367999999997;0.02437632;0.027516928;0.030981119999999997;0.021507072;0.017264639999999998;0.019037184000000002;0.01326592;0.00798208;0.009064448000000001;0.0068106239999999995;0.00695296;0.005755904;0.00512;0.007573504;0.00695296;0.00553472;0.005030912;0.005255168;0.005192703999999999;0.006220799999999999;0.005126144;0.005602304;0.0074301440000000005;0.011078656000000001;0.009152512;0.015406079999999999;0.019999744;0.020002816;0.011543552;0.019724288;0.02128896;0.015035392;0.016731135999999997;0.010637312;0.009826304;0.013125632;0.010015744;0.007411711999999999;0.007155712000000001;0.00567296;0.004342784;0.006093823999999999;0.005578751999999999;0.006028288;0.005464063999999999;0.0031938559999999997;0.003710976;0.006305792;0.005641216;0.004140032;0.003175424;0.002783232;0.002992128;0.003396608;0.002405376;0.001846272;0.002656256;0.002692096;0.001604608;0.001688576;0.001604608;0.0017674240000000003
1774729800,hdr,0.0293;0.03906;0.04883;0.05859;0.06836;0.07813;0.08789;0.09766;0.10742;0.11719;0.12695;0.13672;0.14648;0.15625;0.16602;0.17578;0.18555;0.19531;0.20508;0.21484;0.22461;0.23438;0.24414;0.25391;0.26367;0.27344;0.2832;0.29297;0.30273;0.3125;0.32227;0.33203;0.3418;0.35156;0.36133;0.37109;0.38086;0.39063;0.40039;0.41016;0.41992;0.42969;0.43945;0.44922;0.45898;0.46875;0.47852;0.48828;0.49805;0.50781;0.51758;0.52734;0.53711;0.54688;0.55664;0.56641;0.57617;0.58594;0.5957;0.60547;0.61523;0.625;0.63477;0.64453;0.6543;0.66406;0.67383;0.68359;0.69336;0.70313;0.71289;0.72266;0.73242;0.74219;0.75195;0.76172;0.77148;0.78125;0.79102,0.01152;0.011022335999999999;0.012696576000000001;0.009311232;0.012650496;0.009605119999999998;0.035196928;0.076703744;0.140253184;0.180629504;0.146383872;0.12351590400000001;0.06981324800000001;0.026283007999999997;0.014687232;0.014637055999999999;0.020987903999999998;0.029420543999999996;0.031765504;0.022111232;0.017724416;0.017488896;0.009922560000000002;0.007257088000000001;0.00845824;0.007416832;0.006908928000000001;0.007974911999999999;0.007936;0.006129664;0.009414656;0.006888448;0.005898240000000001;0.011735039999999999;0.010469376;0.009086976;0.010711040000000002;0.009627648;0.013876224;0.014970879999999999;0.020429824;0.015921152;0.015647743999999998;0.025490431999999997;0.019459072;0.028953600000000003;0.023079936000000002;0.020553728;0.023851008;0.016123904;0.01511936;0.014148608;0.012419072;0.00937472;0.008052736;0.0057477119999999994;0.007711744;0.006965247999999999;0.004842496;0.004426751999999999;0.005336064000000001;0.0049858559999999994;0.0034867200000000004;0.004006912;0.005487616;0.005762048;0.00541184;0.005112832;0.003487744;0.0023265280000000004;0.0030535679999999996;0.003203072;0.00375296;0.003968;0.002440192;0.0019937279999999997;0.002028544;0.003110912;0.0036280320000000002
1774730700,hdr,0.0293;0.03906;0.04883;0.05859;0.06836;0.07813;0.08789;0.09766;0.10742;0.11719;0.12695;0.13672;0.14648;0.15625;0.16602;0.17578;0.18555;0.19531;0.20508;0.21484;0.22461;0.23438;0.24414;0.25391;0.26367;0.27344;0.2832;0.29297;0.30273;0.3125;0.32227;0.33203;0.3418;0.35156;0.36133;0.37109;0.38086;0.39063;0.40039;0.41016;0.41992;0.42969;0.43945;0.44922;0.45898;0.46875;0.47852;0.48828;0.49805;0.50781;0.51758;0.52734;0.53711;0.54688;0.55664;0.56641;0.57617;0.58594;0.5957;0.60547;0.61523;0.625;0.63477;0.64453;0.6543;0.66406;0.67383;0.68359;0.69336;0.70313;0.71289;0.72266;0.73242;0.74219;0.75195;0.76172;0.77148;0.78125;0.79102,0.002373632;0.005961728;0.008911872000000001;0.004528127999999999;0.007954431999999999;0.023595008;0.022953983999999997;0.052950015999999996;0.132389888;0.190774272;0.18741043199999996;0.08310579199999998;0.051874816000000004;0.029217792;0.019427327999999997;0.021718016;0.026543103999999998;0.031247360000000002;0.02216448;0.013364224000000001;0.018257919999999997;0.0204288;0.013688832;0.012556288;0.014722048;0.008915967999999998;0.009588736;0.010647552;0.008000512000000001;0.006539264;0.006660096000000001;0.009292799999999999;0.00887808;0.007840768;0.013331456;0.011280384;0.010664960000000001;0.016982016000000003;0.017498111999999996;0.015333376000000001;0.028361728;0.029502464;0.025100288000000002;0.030288896;0.031513599999999996;0.024976383999999997;0.020712447999999998;0.018609152;0.011683840000000001;0.011286528;0.007640063999999999;0.009090047999999998;0.010387456;0.009598976;0.010564608;0.008423424;0.00802304;0.006235136;0.004303872;0.005036031999999999;0.006834176;0.0050503679999999995;0.003518464;0.0038594560000000003;0.005143552;0.005009407999999999;0.0037273600000000003;0.005026816;0.004297728;0.002864128;0.004548608;0.002886656;0.004354048;0.004692992;0.0025610240000000003;0.0022353919999999997;0.00214016;0.002794496;0.0029952000000000004
1774732500,hdr,0.0293;0.03906;0.04883;0.05859;0.06836;0.07813;0.08789;0.09766;0.10742;0.11719;0.12695;0.13672;0.14648;0.15625;0.16602;0.17578;0.18555;0.19531;0.20508;0.21484;0.22461;0.23438;0.24414;0.25391;0.26367;0.27344;0.2832;0.29297;0.30273;0.3125;0.32227;0.33203;0.3418;0.35156;0.36133;0.37109;0.38086;0.39063;0.40039;0.41016;0.41992;0.42969;0.43945;0.44922;0.45898;0.46875;0.47852;0.48828;0.49805;0.50781;0.51758;0.52734;0.53711;0.54688;0.55664;0.56641;0.57617;0.58594;0.5957;0.60547;0.61523;0.625;0.63477;0.64453;0.6543;0.66406;0.67383;0.68359;0.69336;0.70313;0.71289;0.72266;0.73242;0.74219;0.75195;0.76172;0.77148;0.78125;0.79102,0.004682751999999999;0.0069396480000000005;0.0053442559999999995;0.008301567999999999;0.012854271999999998;0.015235072;0.025669632;0.053192704;0.14702592;0.15809024;0.102754304;0.101353472;0.06553497600000001;0.053245952000000006;0.022033408000000004;0.016139264;0.015519743999999999;0.023687168;0.027743232;0.036040704;0.022648831999999997;0.017626111999999996;0.015529984;0.007358464;0.007586816;0.013561856;0.010407936;0.00579072;0.004745216;0.006590464;0.007097344;0.015814656;0.01007616;0.007975936;0.013019136;0.013247488000000002;0.013006848;0.019885056;0.024200192000000002;0.041195520000000006;0.032536576;0.031929344;0.031678464;0.051057664;0.038306816;0.020816896;0.026018816000000004;0.017113088;0.014238720000000002;0.015465472;0.013776896;0.006742016;0.007648256;0.009171967999999999;0.007801855999999999;0.006738944;0.00984576;0.008180736;0.005118976;0.004525056;0.0050749440000000005;0.004764671999999999;0.005791744;0.003782656;0.0045844480000000005;0.0043929600000000004;0.004632576;0.0037591039999999997;0.00261632;0.001799168;0.002213888;0.003161088;0.003731456;0.0022425599999999998;0.001820672;0.0021360640000000005;0.003145728;0.0040519679999999995;0.0027904
1774733400,hdr,0.0293;0.03906;0.04883;0.05859;0.06836;0.07813;0.08789;0.09766;0.10742;0.11719;0.12695;0.13672;0.14648;0.15625;0.16602;0.17578;0.18555;0.19531;0.20508;0.21484;0.22461;0.23438;0.24414;0.25391;0.26367;0.27344;0.2832;0.29297;0.30273;0.3125;0.32227;0.33203;0.3418;0.35156;0.36133;0.37109;0.38086;0.39063;0.40039;0.41016;0.41992;0.42969;0.43945;0.44922;0.45898;0.46875;0.47852;0.48828;0.49805;0.50781;0.51758;0.52734;0.53711;0.54688;0.55664;0.56641;0.57617;0.58594;0.5957;0.60547;0.61523;0.625;0.63477;0.64453;0.6543;0.66406;0.67383;0.68359;0.69336;0.70313;0.71289;0.72266;0.73242;0.74219;0.75195;0.76172;0.77148;0.78125;0.79102,0.0011714560000000002;0.000854016;0.002817024;0.003940352;0.013705216000000001;0.008971264;0.0305664;0.108150784;0.11655884799999999;0.137373696;0.138537984;0.125078528;0.089237504;0.05962649600000001;0.028696576;0.018844672;0.012690431999999998;0.014905344;0.0252672;0.032236544;0.051479552;0.031881216;0.018801663999999996;0.010002432;0.009519104;0.007531520000000001;0.005244928;0.006921216;0.008612864;0.00963584;0.009116672;0.010243072;0.009510912;0.008566784;0.010532864;0.011377664;0.018702336;0.024434688000000003;0.033257472;0.04476313600000001;0.043797504;0.045380608;0.038616064;0.036845568;0.017357824;0.0180224;0.02049536;0.019726336;0.019019776000000002;0.012854271999999998;0.009839616;0.011743232;0.010575872000000002;0.01112576;0.007896064;0.0066734080000000005;0.003807232;0.006990848;0.006861824000000001;0.005737472;0.007223296000000001;0.008923135999999998;0.005858304;0.005378048;0.003889152;0.0039700479999999995;0.0032256;0.00397312;0.006395903999999999;0.004768768;0.004359168000000001;0.004397056000000001;0.002976768;0.00321024;0.00426496;0.0045793280000000006;0.0031098880000000003;0.003237888;0.0033218559999999998
1774734300,hdr,0.0293;0.03906;0.04883;0.05859;0.06836;0.07813;0.08789;0.09766;0.10742;0.11719;0.12695;0.13672;0.14648;0.15625;0.16602;0.17578;0.18555;0.19531;0.20508;0.21484;0.22461;0.23438;0.24414;0.25391;0.26367;0.27344;0.2832;0.29297;0.30273;0.3125;0.32227;0.33203;0.3418;0.35156;0.36133;0.37109;0.38086;0.39063;0.40039;0.41016;0.41992;0.42969;0.43945;0.44922;0.45898;0.46875;0.47852;0.48828;0.49805;0.50781;0.51758;0.52734;0.53711;0.54688;0.55664;0.56641;0.57617;0.58594;0.5957;0.60547;0.61523;0.625;0.63477;0.64453;0.6543;0.66406;0.67383;0.68359;0.69336;0.70313;0.71289;0.72266;0.73242;0.74219;0.75195;0.76172;0.77148;0.78125;0.79102,0.006265856000000001;0.01125376;0.010329088;0.006448128;0.0065587200000000005;0.012841984;0.0475648;0.11031552;0.184493056;0.283684864;0.20706201600000002;0.130050048;0.092419072;0.037867519999999995;0.02476032;0.027598848000000002;0.02432;0.024484864000000002;0.044020736;0.030485503999999997;0.01842688;0.0198912;0.010543104;0.00873472;0.008838144000000001;0.008769536;0.008525824000000001;0.007270400000000001;0.006957056;0.005872639999999999;0.0052224;0.007184384;0.005865472;0.008536064;0.013498367999999998;0.01120256;0.011225088;0.02131456;0.030956544000000003;0.037976064;0.035035136;0.029663232;0.021881855999999998;0.024247295999999998;0.015958016000000002;0.018579456;0.014902272000000001;0.017609727999999998;0.010403840000000001;0.006122496;0.008992768;0.006437888;0.00819712;0.009208831999999998;0.007913472;0.006239232;0.005879808;0.005571584;0.0064;0.005963776;0.0046346239999999995;0.005587968;0.005507072;0.004100095999999999;0.0043929600000000004;0.00394752;0.00375808;0.002475008;0.00254464;0.0033536000000000004;0.0031406079999999996;0.003525632;0.0032870399999999998;0.0032204799999999995;0.0017377279999999998;0.001806336;0.0028272640000000003;0.002067456;0.002398208
1774735200,hdr,0.0293;0.03906;0.04883;0.05859;0.06836;0.07813;0.08789;0.09766;0.10742;0.11719;0.12695;0.13672;0.14648;0.15625;0.16602;0.17578;0.18555;0.19531;0.20508;0.21484;0.22461;0.23438;0.24414;0.25391;0.26367;0.27344;0.2832;0.29297;0.30273;0.3125;0.32227;0.33203;0.3418;0.35156;0.36133;0.37109;0.38086;0.39063;0.40039;0.41016;0.41992;0.42969;0.43945;0.44922;0.45898;0.46875;0.47852;0.48828;0.49805;0.50781;0.51758;0.52734;0.53711;0.54688;0.55664;0.56641;0.57617;0.58594;0.5957;0.60547;0.61523;0.625;0.63477;0.64453;0.6543;0.66406;0.67383;0.68359;0.69336;0.70313;0.71289;0.72266;0.73242;0.74219;0.75195;0.76172;0.77148;0.78125;0.79102,0.004232192;0.006977536;0.007160832000000001;0.0058890240000000005;0.010425344000000001;0.022900735999999998;0.024126464;0.0524032;0.101828608;0.164199424;0.14345216;0.12752998399999999;0.064012288;0.036667392;0.017380351999999998;0.018968575999999997;0.02301952;0.036276224;0.039689216;0.0339968;0.023198720000000003;0.021465088;0.019734528;0.013164544;0.007461888;0.009201663999999998;0.0079104;0.004696064;0.00741888;0.008107008;0.008077312;0.006007808;0.005268480000000001;0.006117376;0.0077342719999999995;0.015532032;0.02916352;0.020832256;0.022014976000000002;0.041621504000000004;0.03949056000000001;0.031182848;0.021511168;0.012742656000000002;0.015086592;0.017634304;0.012772351999999999;0.006524928;0.008904704;0.008718336000000002;0.005349376;0.0059965439999999995;0.007277567999999999;0.00799744;0.00781312;0.004369408;0.0036085759999999996;0.0048312319999999995;0.003985408;0.004052992;0.003232768;0.0035583999999999998;0.003203072;0.0021524480000000004;0.002184192;0.0031744;0.003050496;0.0021872639999999995;0.003757056;0.0029593600000000003;0.003352576;0.002594816;0.001980416;0.0024463360000000003;0.001992704;0.001680384;0.0014704639999999999;0.001475584;0.0017152
1774736100,hdr,0.0293;0.03906;0.04883;0.05859;0.06836;0.07813;0.08789;0.09766;0.10742;0.11719;0.12695;0.13672;0.14648;0.15625;0.16602;0.17578;0.18555;0.19531;0.20508;0.21484;0.22461;0.23438;0.24414;0.25391;0.26367;0.27344;0.2832;0.29297;0.30273;0.3125;0.32227;0.33203;0.3418;0.35156;0.36133;0.37109;0.38086;0.39063;0.40039;0.41016;0.41992;0.42969;0.43945;0.44922;0.45898;0.46875;0.47852;0.48828;0.49805;0.50781;0.51758;0.52734;0.53711;0.54688;0.55664;0.56641;0.57617;0.58594;0.5957;0.60547;0.61523;0.625;0.63477;0.64453;0.6543;0.66406;0.67383;0.68359;0.69336;0.70313;0.71289;0.72266;0.73242;0.74219;0.75195;0.76172;0.77148;0.78125;0.79102,0.00123904;0.005817344;0.007070719999999999;0.005235712000000001;0.00904192;0.014196736;0.051101695999999995;0.122517504;0.2015232;0.212856832;0.17341337599999998;0.16501555200000004;0.12981043199999998;0.092772352;0.036022272;0.01567232;0.020084736000000002;0.01742848;0.023438336;0.033260544;0.024800256;0.021436416;0.01867264;0.012679168000000001;0.009539583999999999;0.010617856;0.011607039999999999;0.006632448;0.0056832;0.008826879999999999;0.012943360000000001;0.012690431999999998;0.007762944000000001;0.009618432000000001;0.01172992;0.011168768;0.020773887999999997;0.030324736;0.034794496;0.025645056;0.012230656;0.013251583999999999;0.024840192;0.023759872;0.012459008000000002;0.011282432;0.009083904;0.006580224;0.008157184000000001;0.009574400000000002;0.005660671999999999;0.006745088;0.005209088000000001;0.00723456;0.006382591999999999;0.005520384;0.004353024;0.003661824;0.0028999679999999997;0.0026624;0.002213888;0.0031406079999999996;0.003509248;0.0036392959999999998;0.0044451840000000005;0.0035481600000000003;0.003828736;0.00453632;0.0037427199999999997;0.00190976;0.001895424;0.001705984;0.0018442240000000002;0.002352128;0.002151424;0.0022476799999999997;0.001708032;0.001872896;0.0023234560000000002
1774737000,hdr,0.0293;0.03906;0.04883;0.05859;0.06836;0.07813;0.08789;0.09766;0.10742;0.11719;0.12695;0.13672;0.14648;0.15625;0.16602;0.17578;0.18555;0.19531;0.20508;0.21484;0.22461;0.23438;0.24414;0.25391;0.26367;0.27344;0.2832;0.29297;0.30273;0.3125;0.32227;0.33203;0.3418;0.35156;0.36133;0.37109;0.38086;0.39063;0.40039;0.41016;0.41992;0.42969;0.43945;0.44922;0.45898;0.46875;0.47852;0.48828;0.49805;0.50781;0.51758;0.52734;0.53711;0.54688;0.55664;0.56641;0.57617;0.58594;0.5957;0.60547;0.61523;0.625;0.63477;0.64453;0.6543;0.66406;0.67383;0.68359;0.69336;0.70313;0.71289;0.72266;0.73242;0.74219;0.75195;0.76172;0.77148;0.78125;0.79102,0.0013424640000000002;0.005840896;0.004001792;0.0062627839999999995;0.00754688;0.008743935999999999;0.027430912000000002;0.100507648;0.138176512;0.16500326399999998;0.12381491200000001;0.114287616;0.09667993600000001;0.052877312;0.02477056;0.017983488000000002;0.01837056;0.025075712;0.01506816;0.011645952;0.01321472;0.013197312;0.010203136;0.013554688;0.009939968;0.009170944000000002;0.0076666880000000005;0.006132736000000001;0.008617984;0.010748928;0.012546048;0.010694656;0.013344768;0.015275008;0.010853376;0.012696576000000001;0.025721856;0.039394304;0.02414592;0.034069504;0.032428032;0.028740608;0.028571648;0.019457024;0.019746816;0.01147392;0.008165376;0.009124864000000002;0.007536640000000001;0.009836544;0.00986112;0.007965696;0.00740864;0.005439488;0.0075325439999999995;0.006688768;0.0057722879999999996;0.00543232;0.004233216;0.0034918399999999995;0.004626432000000001;0.00474112;0.004262912000000001;0.005001216;0.0042485760000000004;0.0039895040000000005;0.004225024;0.003576832;0.00383488;0.002733056;0.001248256;0.0015738879999999998;0.002704384;0.002777088;0.0018995200000000002;0.001999872;0.0026941440000000003;0.002476032;0.002295808
1774737900,hdr,0.0293;0.03906;0.04883;0.05859;0.06836;0.07813;0.08789;0.09766;0.10742;0.11719;0.12695;0.13672;0.14648;0.15625;0.16602;0.17578;0.18555;0.19531;0.20508;0.21484;0.22461;0.23438;0.24414;0.25391;0.26367;0.27344;0.2832;0.29297;0.30273;0.3125;0.32227;0.33203;0.3418;0.35156;0.36133;0.37109;0.38086;0.39063;0.40039;0.41016;0.41992;0.42969;0.43945;0.44922;0.45898;0.46875;0.47852;0.48828;0.49805;0.50781;0.51758;0.52734;0.53711;0.54688;0.55664;0.56641;0.57617;0.58594;0.5957;0.60547;0.61523;0.625;0.63477;0.64453;0.6543;0.66406;0.67383;0.68359;0.69336;0.70313;0.71289;0.72266;0.73242;0.74219;0.75195;0.76172;0.77148;0.78125;0.79102,0.0009441279999999999;0.00176128;0.0044677119999999996;0.00489472;0.005441536;0.011931648;0.039164928;0.074277888;0.090248192;0.109913088;0.178766848;0.143140864;0.053822464;0.06061568;0.040086527999999996;0.026714112;0.016755712;0.0198144;0.022856704000000002;0.012976127999999998;0.014818304000000001;0.018865152;0.014537728;0.01118208;0.016418816;0.013410304;0.008654848;0.008337408;0.006541312;0.006365184;0.008810496000000001;0.010364928000000002;0.013931520000000001;0.012234752;0.014065664;0.025563136;0.040753152;0.049061888000000005;0.031412223999999996;0.039522303999999994;0.038191104;0.031883264;0.022711296000000002;0.020319232;0.016974848;0.008438784;0.006055936;0.006940672;0.009401343999999999;0.010749952000000002;0.009377792;0.0070092800000000005;0.00708096;0.011780096;0.008009728;0.0066959359999999996;0.00900608;0.009975808000000001;0.006249472;0.005918720000000001;0.0057896959999999996;0.005723136;0.0034744320000000004;0.004752384;0.0068055039999999995;0.006790144;0.00408576;0.0039772159999999996;0.0040704;0.004161536;0.002542592;0.00307712;0.004408319999999999;0.002776064;0.002161664;0.0025262080000000003;0.002226176;0.002352128;0.002038784
1774738800,hdr,0.0293;0.03906;0.04883;0.05859;0.06836;0.07813;0.08789;0.09766;0.10742;0.11719;0.12695;0.13672;0.14648;0.15625;0.16602;0.17578;0.18555;0.19531;0.20508;0.21484;0.22461;0.23438;0.24414;0.25391;0.26367;0.27344;0.2832;0.29297;0.30273;0.3125;0.32227;0.33203;0.3418;0.35156;0.36133;0.37109;0.38086;0.39063;0.40039;0.41016;0.41992;0.42969;0.43945;0.44922;0.45898;0.46875;0.47852;0.48828;0.49805;0.50781;0.51758;0.52734;0.53711;0.54688;0.55664;0.56641;0.57617;0.58594;0.5957;0.60547;0.61523;0.625;0.63477;0.64453;0.6543;0.66406;0.67383;0.68359;0.69336;0.70313;0.71289;0.72266;0.73242;0.74219;0.75195;0.76172;0.77148;0.78125;0.79102,0.006642688;0.020652032;0.021725183999999998;0.005641216;0.007747584;0.010217472000000002;0.04329472;0.12960256;0.178649088;0.10965196799999999;0.10732339199999999;0.084462592;0.08648192;0.059564031999999996;0.032329728;0.025738240000000003;0.017981439999999998;0.005748736;0.008173567999999999;0.008272895999999998;0.010631168000000002;0.011855872;0.013252608;0.007742464;0.010148863999999999;0.009201663999999998;0.006790144;0.0061757439999999995;0.006705152;0.011613184;0.010782719999999999;0.009353216000000001;0.015695872;0.022724608;0.02057728;0.016139264;0.026364928;0.02945536;0.031087616000000002;0.023710719999999998;0.01412096;0.018848768;0.024628223999999997;0.01620992;0.013806592000000001;0.008174592000000001;0.010297344000000002;0.009852928;0.0070092800000000005;0.007071744;0.011420672;0.008516608;0.005732352;0.007903232;0.00525824;0.0048762879999999995;0.007983104;0.008280064;0.006028288;0.0038000639999999997;0.00369152;0.004148224;0.004600831999999999;0.003818496;0.00416256;0.0038860800000000005;0.0041564160000000005;0.0034979840000000004;0.003269632;0.004031488000000001;0.003767296;0.004016128;0.00281088;0.002276352;0.00195072;0.002163712;0.0017889280000000002;0.001850368;0.0024381439999999997
1774739700,hdr,0.0293;0.03906;0.04883;0.05859;0.06836;0.07813;0.08789;0.09766;0.10742;0.11719;0.12695;0.13672;0.14648;0.15625;0.16602;0.17578;0.18555;0.19531;0.20508;0.21484;0.22461;0.23438;0.24414;0.25391;0.26367;0.27344;0.2832;0.29297;0.30273;0.3125;0.32227;0.33203;0.3418;0.35156;0.36133;0.37109;0.38086;0.39063;0.40039;0.41016;0.41992;0.42969;0.43945;0.44922;0.45898;0.46875;0.47852;0.48828;0.49805;0.50781;0.51758;0.52734;0.53711;0.54688;0.55664;0.56641;0.57617;0.58594;0.5957;0.60547;0.61523;0.625;0.63477;0.64453;0.6543;0.66406;0.67383;0.68359;0.69336;0.70313;0.71289;0.72266;0.73242;0.74219;0.75195;0.76172;0.77148;0.78125;0.79102,0.000884736;0.004059136;0.010543104;0.010559487999999999;0.011618304;0.011583488;0.04231168;0.116242432;0.16198553599999999;0.212875264;0.190615552;0.13429555199999998;0.096654336;0.087678976;0.049775616;0.034632704;0.025155584;0.026842112;0.02459136;0.014588928;0.018178048;0.017143808;0.015137791999999999;0.014020608;0.009141248;0.011838464;0.010851328000000002;0.01103872;0.010027008;0.007677952;0.011931648;0.017708032;0.017371136;0.035599360000000004;0.045441023999999997;0.038566912;0.027077632;0.024638464;0.029442048;0.032774144;0.020306944000000004;0.013232128;0.014179328;0.011246592;0.009695232;0.006535168;0.011895808;0.012292096;0.010839040000000001;0.011792384;0.008771584;0.0073953280000000005;0.00825856;0.010290176000000002;0.006564863999999999;0.008045568;0.008929280000000001;0.00781824;0.007404544;0.004057088;0.004469760000000001;0.005404671999999999;0.006081536;0.007107584;0.004932608;0.00433664;0.003411968;0.003391488;0.0029470720000000002;0.0040294400000000005;0.004369408;0.003805184;0.002151424;0.001928192;0.003315712;0.0030443519999999997;0.0025978880000000005;0.00164864;0.00221184
1774740600,hdr,0.0293;0.03906;0.04883;0.05859;0.06836;0.07813;0.08789;0.09766;0.10742;0.11719;0.12695;0.13672;0.14648;0.15625;0.16602;0.17578;0.18555;0.19531;0.20508;0.21484;0.22461;0.23438;0.24414;0.25391;0.26367;0.27344;0.2832;0.29297;0.30273;0.3125;0.32227;0.33203;0.3418;0.35156;0.36133;0.37109;0.38086;0.39063;0.40039;0.41016;0.41992;0.42969;0.43945;0.44922;0.45898;0.46875;0.47852;0.48828;0.49805;0.50781;0.51758;0.52734;0.53711;0.54688;0.55664;0.56641;0.57617;0.58594;0.5957;0.60547;0.61523;0.625;0.63477;0.64453;0.6543;0.66406;0.67383;0.68359;0.69336;0.70313;0.71289;0.72266;0.73242;0.74219;0.75195;0.76172;0.77148;0.78125;0.79102,0.000750592;0.005082112;0.005880831999999999;0.004718592000000001;0.010730496;0.011821056;0.026345472;0.075582464;0.115749888;0.12246528000000001;0.09792204800000001;0.118766592;0.108946432;0.06478233600000001;0.040440832;0.02380288;0.01742336;0.017544192;0.025088;0.018103296;0.015463424;0.021673984;0.016405504;0.013340672000000001;0.01628672;0.010424319999999999;0.008614912;0.009018368;0.006306816000000001;0.00671744;0.008615936;0.012692479999999999;0.014714880000000001;0.023753727999999998;0.045476864;0.067030016;0.05637632;0.035139584;0.020150272;0.017937408000000002;0.022590464;0.015659008;0.01081856;0.011247616;0.011196415999999999;0.008591360000000001;0.00901632;0.012414976;0.010544128;0.011047936;0.009490432;0.007477248000000001;0.008196096000000002;0.009015295999999999;0.009335808000000001;0.008761343999999999;0.006525952;0.004173824;0.003652608;0.005163008;0.004413439999999999;0.0048363519999999995;0.004133888;0.004458496;0.005569536;0.005178367999999999;0.002661376;0.003803136;0.004246527999999999;0.0038881280000000002;0.004239359999999999;0.003120128;0.003039232;0.003117056;0.002719744;0.0028917760000000004;0.0027648;0.0022599680000000002;0.001941504
1774741500,hdr,0.0293;0.03906;0.04883;0.05859;0.06836;0.07813;0.08789;0.09766;0.10742;0.11719;0.12695;0.13672;0.14648;0.15625;0.16602;0.17578;0.18555;0.19531;0.20508;0.21484;0.22461;0.23438;0.24414;0.25391;0.26367;0.27344;0.2832;0.29297;0.30273;0.3125;0.32227;0.33203;0.3418;0.35156;0.36133;0.37109;0.38086;0.39063;0.40039;0.41016;0.41992;0.42969;0.43945;0.44922;0.45898;0.46875;0.47852;0.48828;0.49805;0.50781;0.51758;0.52734;0.53711;0.54688;0.55664;0.56641;0.57617;0.58594;0.5957;0.60547;0.61523;0.625;0.63477;0.64453;0.6543;0.66406;0.67383;0.68359;0.69336;0.70313;0.71289;0.72266;0.73242;0.74219;0.75195;0.76172;0.77148;0.78125;0.79102,0.002064384;0.004656128;0.009405440000000001;0.007580671999999999;0.010304512;0.021955584000000004;0.049697792000000005;0.074817536;0.09673728;0.077386752;0.06555648;0.161258496;0.117598208;0.087949312;0.04762624000000001;0.045047808;0.033929216;0.023328768;0.017667072;0.017036288;0.014179328;0.013556736000000002;0.011020288;0.012552191999999998;0.010916864;0.009729024000000001;0.011215872;0.00899584;0.007864320000000001;0.010232832;0.012988416000000001;0.017188863999999998;0.024553471999999996;0.021464064;0.017355775999999996;0.031927296;0.028191743999999998;0.019459072;0.021056512000000003;0.02296832;0.014270464;0.015064064;0.01793024;0.012455935999999999;0.009577472;0.007027712;0.011239424;0.009630719999999999;0.013048832;0.015765504;0.008922112000000001;0.007081984;0.007914496;0.007450624;0.007636992;0.0047841279999999995;0.004189184;0.006104064;0.006709247999999999;0.006647808;0.004453375999999999;0.004540415999999999;0.008222720000000001;0.007066624;0.004002816;0.003646464;0.005185536;0.004097024;0.0034979840000000004;0.003295232;0.0020838399999999996;0.0027473920000000004;0.003067904;0.003516416;0.002752512;0.0021268479999999998;0.00252416;0.0023889920000000004;0.00193536
