Epoch Time,Processing Source,f,varianceDensity
1784764800,hdr,0.0293;0.03906;0.04883;0.05859;0.06836;0.07813;0.08789;0.09766;0.10742;0.11719;0.12695;0.13672;0.14648;0.15625;0.16602;0.17578;0.18555;0.19531;0.20508;0.21484;0.22461;0.23438;0.24414;0.25391;0.26367;0.27344;0.2832;0.29297;0.30273;0.3125;0.32227;0.33203;0.3418;0.35156;0.36133;0.37109;0.38086;0.39063;0.40039;0.41016;0.41992;0.42969;0.43945;0.44922;0.45898;0.46875;0.47852;0.48828;0.49805;0.50781;0.51758;0.52734;0.53711;0.54688;0.55664;0.56641;0.57617;0.58594;0.5957;0.60547;0.61523;0.625;0.63477;0.64453;0.6543;0.66406;0.67383;0.68359;0.69336;0.70313;0.71289;0.72266;0.73242;0.74219;0.75195;0.76172;0.77148;0.78125;0.79102,0.006490112;0.00903168;0.0162048;0.020631552;0.018764799999999998;0.021144576;0.02522624;0.070316032;0.133617664;0.41417728;0.54329856;0.505417728;0.576065536;0.450138112;0.387910656;0.360498176;0.20337664000000003;0.22506188800000002;0.279268352;0.250300416;0.230626304;0.174507008;0.13806694400000002;0.142574592;0.135185408;0.07132672;0.046108671999999996;0.052893696;0.061278208;0.053783552000000005;0.042391552;0.041522176;0.0236544;0.024572928;0.02564096;0.026966016;0.031870975999999995;0.035289087999999996;0.027945984;0.018080768;0.010468351999999998;0.010105856;0.011493376;0.012275712;0.012913664;0.009354240000000002;0.011983872;0.014367744;0.010269696;0.006504448;0.006260736;0.006504448;0.007131136;0.004851712;0.004381696;0.003904512;0.004924416;0.007962624;0.0072785919999999995;0.0056330239999999995;0.005699584;0.003959808;0.00211456;0.002458624;0.003081216;0.0035287039999999997;0.002699264;0.002072576;0.002111488;0.002260992;0.0032471040000000002;0.002348032;0.0012165119999999999;0.0012451839999999999;0.001227776;0.001563648;0.0011796480000000002;0.0009697280000000001;0.000781312
1784765700,hdr,0.0293;0.03906;0.04883;0.05859;0.06836;0.07813;0.08789;0.09766;0.10742;0.11719;0.12695;0.13672;0.14648;0.15625;0.16602;0.17578;0.18555;0.19531;0.20508;0.21484;0.22461;0.23438;0.24414;0.25391;0.26367;0.27344;0.2832;0.29297;0.30273;0.3125;0.32227;0.33203;0.3418;0.35156;0.36133;0.37109;0.38086;0.39063;0.40039;0.41016;0.41992;0.42969;0.43945;0.44922;0.45898;0.46875;0.47852;0.48828;0.49805;0.50781;0.51758;0.52734;0.53711;0.54688;0.55664;0.56641;0.57617;0.58594;0.5957;0.60547;0.61523;0.625;0.63477;0.64453;0.6543;0.66406;0.67383;0.68359;0.69336;0.70313;0.71289;0.72266;0.73242;0.74219;0.75195;0.76172;0.77148;0.78125;0.79102,0.0074352640000000005;0.012913664;0.015599616;0.010643456;0.009362432;0.021199871999999998;0.07148544;0.15941222400000002;0.19713023999999998;0.325556224;0.510386176;0.408925184;0.328844288;0.311763968;0.34400256;0.31016140799999997;0.284639232;0.266804224;0.208037888;0.213459968;0.202535936;0.15600640000000002;0.14871449599999997;0.127705088;0.115547136;0.126011392;0.116600832;0.08421376;0.066676736;0.047541248;0.055842815999999997;0.045305856;0.033885184;0.042364928;0.03589632;0.024423424;0.024812544;0.023583744;0.014164992;0.012235776;0.016835584000000004;0.012193792;0.010426368;0.00882176;0.009849856000000002;0.011584512;0.00969216;0.00991232;0.00654848;0.00623616;0.004880384;0.004569088;0.0049285119999999995;0.005059584;0.005446656;0.005030912;0.004468736;0.0052541440000000005;0.0035788799999999996;0.002932736;0.00230912;0.002681856;0.003151872;0.002214912;0.002640896;0.0032020480000000003;0.0024340480000000003;0.0027136;0.001933312;0.0023050239999999997;0.00275456;0.0021248;0.001552384;0.001313792;0.0020224;0.001847296;0.001384448;0.00195584;0.0013475839999999998
1784766600,hdr,0.0293;0.03906;0.04883;0.05859;0.06836;0.07813;0.08789;0.09766;0.10742;0.11719;0.12695;0.13672;0.14648;0.15625;0.16602;0.17578;0.18555;0.19531;0.20508;0.21484;0.22461;0.23438;0.24414;0.25391;0.26367;0.27344;0.2832;0.29297;0.30273;0.3125;0.32227;0.33203;0.3418;0.35156;0.36133;0.37109;0.38086;0.39063;0.40039;0.41016;0.41992;0.42969;0.43945;0.44922;0.45898;0.46875;0.47852;0.48828;0.49805;0.50781;0.51758;0.52734;0.53711;0.54688;0.55664;0.56641;0.57617;0.58594;0.5957;0.60547;0.61523;0.625;0.63477;0.64453;0.6543;0.66406;0.67383;0.68359;0.69336;0.70313;0.71289;0.72266;0.73242;0.74219;0.75195;0.76172;0.77148;0.78125;0.79102,0.000704512;0.0034611200000000003;0.013754367999999998;0.011669503999999999;0.016306176000000002;0.025418752;0.034428928;0.10552012799999999;0.225795072;0.330315776;0.31085977600000003;0.525288448;0.589134848;0.44927488;0.292834304;0.228779008;0.345925632;0.301064192;0.180680704;0.172818432;0.182637568;0.174442496;0.13357056;0.19258367999999998;0.137351168;0.111484928;0.140653568;0.09637990399999999;0.037998592000000005;0.045563904;0.043912191999999996;0.030639104;0.027892736;0.027560960000000002;0.02895872;0.026053632;0.021184512000000003;0.023692288;0.019562496;0.01827328;0.018412544000000003;0.016326656;0.011587584;0.011708416;0.00672256;0.008126464;0.010059776;0.008844288;0.007424;0.008236031999999999;0.007096320000000001;0.004814848;0.00406528;0.0040642560000000005;0.0032337920000000005;0.005051392;0.006106112;0.005536768;0.004263936;0.005209088000000001;0.006463488;0.0034580479999999996;0.00287744;0.00269312;0.00239104;0.002863104;0.002154496;0.00277504;0.00268288;0.0016168960000000003;0.001508352;0.001686528;0.00205312;0.001405952;0.001574912;0.001637376;0.0017889280000000002;0.0015953919999999997;0.00125952
1784767500,hdr,0.0293;0.03906;0.04883;0.05859;0.06836;0.07813;0.08789;0.09766;0.10742;0.11719;0.12695;0.13672;0.14648;0.15625;0.16602;0.17578;0.18555;0.19531;0.20508;0.21484;0.22461;0.23438;0.24414;0.25391;0.26367;0.27344;0.2832;0.29297;0.30273;0.3125;0.32227;0.33203;0.3418;0.35156;0.36133;0.37109;0.38086;0.39063;0.40039;0.41016;0.41992;0.42969;0.43945;0.44922;0.45898;0.46875;0.47852;0.48828;0.49805;0.50781;0.51758;0.52734;0.53711;0.54688;0.55664;0.56641;0.57617;0.58594;0.5957;0.60547;0.61523;0.625;0.63477;0.64453;0.6543;0.66406;0.67383;0.68359;0.69336;0.70313;0.71289;0.72266;0.73242;0.74219;0.75195;0.76172;0.77148;0.78125;0.79102,0.012872704;0.01194496;0.010368;0.013613056;0.011036671999999999;0.023221248;0.063049728;0.114639872;0.20081152;0.311168;0.468979712;0.4235264;0.42985984000000005;0.558302208;0.37566464;0.308950016;0.336590848;0.32571903999999996;0.20477030400000001;0.198217728;0.190664704;0.19600179199999998;0.216702976;0.109121536;0.07774720000000002;0.07149363200000002;0.054587392;0.065107968;0.058544127999999994;0.087051264;0.074077184;0.046459904;0.022965248;0.017291264000000004;0.027624448;0.019700736;0.019598336;0.013955072;0.022621184000000003;0.018086912;0.018987008;0.019642368000000004;0.009255936;0.0092416;0.009162751999999998;0.009803776;0.010560512;0.006796287999999999;0.00406528;0.004268032;0.004961280000000001;0.00413184;0.005395456;0.006166527999999999;0.005095424;0.005830656;0.0048732160000000005;0.004895744;0.0030300159999999995;0.001685504;0.002321408;0.002741248;0.0018882559999999998;0.0016670720000000001;0.0024872960000000004;0.002881536;0.002777088;0.0020121600000000003;0.00172544;0.001238016;0.001521664;0.00180224;0.001416192;0.001210368;0.0009912319999999999;0.0015267839999999998;0.0017336320000000001;0.00119808;0.000955392
1784768400,hdr,0.0293;0.03906;0.04883;0.05859;0.06836;0.07813;0.08789;0.09766;0.10742;0.11719;0.12695;0.13672;0.14648;0.15625;0.16602;0.17578;0.18555;0.19531;0.20508;0.21484;0.22461;0.23438;0.24414;0.25391;0.26367;0.27344;0.2832;0.29297;0.30273;0.3125;0.32227;0.33203;0.3418;0.35156;0.36133;0.37109;0.38086;0.39063;0.40039;0.41016;0.41992;0.42969;0.43945;0.44922;0.45898;0.46875;0.47852;0.48828;0.49805;0.50781;0.51758;0.52734;0.53711;0.54688;0.55664;0.56641;0.57617;0.58594;0.5957;0.60547;0.61523;0.625;0.63477;0.64453;0.6543;0.66406;0.67383;0.68359;0.69336;0.70313;0.71289;0.72266;0.73242;0.74219;0.75195;0.76172;0.77148;0.78125;0.79102,0.005861376000000001;0.013253632;0.01402368;0.009235455999999998;0.0122624;0.032846848;0.10445824000000001;0.17490944;0.173099008;0.24580505600000002;0.30036070400000003;0.283558912;0.343451648;0.38506495999999996;0.675979264;0.515463168;0.30101606399999997;0.19155660800000002;0.19388723200000002;0.186303488;0.1359872;0.15181209599999998;0.161303552;0.10434560000000001;0.064580608;0.076333056;0.07551488;0.059077632;0.06351462399999999;0.041729024;0.047190016;0.044254207999999996;0.028263424;0.025073664;0.019252224;0.025750527999999998;0.015110144;0.014896127999999998;0.019381248;0.015383552;0.011671552;0.009439232;0.010084352000000001;0.015009792;0.014536704;0.008088576;0.008214528;0.010221567999999999;0.008492032;0.00700416;0.005219328;0.0043304960000000005;0.004551680000000001;0.005209088000000001;0.004301823999999999;0.0042905600000000006;0.004760576;0.003168256;0.002704384;0.00269824;0.00205312;0.002108416;0.003237888;0.0020838399999999996;0.00211456;0.0018278399999999998;0.00194048;0.002056192;0.001903616;0.001242112;0.0014858240000000002;0.0015226880000000001;0.001408;0.001686528;0.0013148160000000001;0.0009461760000000001;0.000528384;0.000613376;0.000791552
1784769300,hdr,0.0293;0.03906;0.04883;0.05859;0.06836;0.07813;0.08789;0.09766;0.10742;0.11719;0.12695;0.13672;0.14648;0.15625;0.16602;0.17578;0.18555;0.19531;0.20508;0.21484;0.22461;0.23438;0.24414;0.25391;0.26367;0.27344;0.2832;0.29297;0.30273;0.3125;0.32227;0.33203;0.3418;0.35156;0.36133;0.37109;0.38086;0.39063;0.40039;0.41016;0.41992;0.42969;0.43945;0.44922;0.45898;0.46875;0.47852;0.48828;0.49805;0.50781;0.51758;0.52734;0.53711;0.54688;0.55664;0.56641;0.57617;0.58594;0.5957;0.60547;0.61523;0.625;0.63477;0.64453;0.6543;0.66406;0.67383;0.68359;0.69336;0.70313;0.71289;0.72266;0.73242;0.74219;0.75195;0.76172;0.77148;0.78125;0.79102,0.0037027839999999998;0.0075970560000000005;0.00824832;0.010993664;0.017149951999999996;0.043127808000000004;0.113149952;0.14809907200000003;0.13953638399999999;0.263805952;0.44142387200000005;0.37065728000000003;0.335849472;0.329660416;0.32326860799999996;0.24347955200000002;0.208099328;0.218703872;0.17716121599999998;0.14251724799999999;0.119919616;0.12225126400000001;0.10420940799999999;0.066543616;0.097816576;0.09289728;0.11156582400000001;0.070341632;0.0520704;0.050669568;0.054167552;0.047367168;0.040242176;0.052194304000000004;0.03330969600000001;0.026431488;0.020518912;0.014774272;0.015204352;0.016638976;0.013342719999999999;0.014212096000000002;0.013538304;0.013426688;0.013254656;0.008751104;0.007270400000000001;0.008497152000000001;0.007525375999999999;0.004819968;0.0031938559999999997;0.004523008;0.0039168;0.005982207999999999;0.005360640000000001;0.003576832;0.0028723200000000003;0.002572288;0.0038000639999999997;0.005475328000000001;0.00392704;0.002330624;0.0021893120000000005;0.0013905920000000002;0.0021667839999999997;0.002071552;0.002441216;0.002210816;0.001588224;0.001900544;0.001782784;0.0015103999999999999;0.0013424640000000002;0.00117248;0.0008704;0.0009431040000000001;0.0011673599999999999;0.000930816;0.000823296
1784770200,hdr,0.0293;0.03906;0.04883;0.05859;0.06836;0.07813;0.08789;0.09766;0.10742;0.11719;0.12695;0.13672;0.14648;0.15625;0.16602;0.17578;0.18555;0.19531;0.20508;0.21484;0.22461;0.23438;0.24414;0.25391;0.26367;0.27344;0.2832;0.29297;0.30273;0.3125;0.32227;0.33203;0.3418;0.35156;0.36133;0.37109;0.38086;0.39063;0.40039;0.41016;0.41992;0.42969;0.43945;0.44922;0.45898;0.46875;0.47852;0.48828;0.49805;0.50781;0.51758;0.52734;0.53711;0.54688;0.55664;0.56641;0.57617;0.58594;0.5957;0.60547;0.61523;0.625;0.63477;0.64453;0.6543;0.66406;0.67383;0.68359;0.69336;0.70313;0.71289;0.72266;0.73242;0.74219;0.75195;0.76172;0.77148;0.78125;0.79102,0.006458368000000001;0.01337856;0.010477568;0.00794624;0.013175807999999999;0.02768384;0.130910208;0.24971161599999997;0.268693504;0.331449344;0.6176767999999999;0.5331650560000001;0.425960448;0.37810278399999997;0.452839424;0.38354636799999997;0.26746265599999997;0.18672947199999998;0.207571968;0.178443264;0.15526911999999998;0.166628352;0.16604876799999999;0.14854144;0.07082598400000001;0.088802304;0.103932928;0.072650752;0.069507072;0.049032192;0.042447872;0.034551808;0.015834112;0.037427199999999994;0.029449216;0.01024;0.021413888;0.025972736;0.024996863999999997;0.015553536;0.013630464;0.01299968;0.007979008000000001;0.007462912;0.011029503999999999;0.009916415999999999;0.007793664;0.009787392;0.013645823999999999;0.011436032;0.006310912;0.004660224;0.005044224;0.005210112;0.003969024;0.004334592;0.004152319999999999;0.002522112;0.002284544;0.002729984;0.0015513600000000001;0.0039424;0.004464640000000001;0.00251904;0.001954816;0.0020254720000000004;0.00272384;0.0035809279999999997;0.00239104;0.001936384;0.002055168;0.002185216;0.0022937599999999997;0.001816576;0.0016670720000000001;0.0018155520000000002;0.0016128;0.0016711679999999998;0.001234944
1784771100,hdr,0.0293;0.03906;0.04883;0.05859;0.06836;0.07813;0.08789;0.09766;0.10742;0.11719;0.12695;0.13672;0.14648;0.15625;0.16602;0.17578;0.18555;0.19531;0.20508;0.21484;0.22461;0.23438;0.24414;0.25391;0.26367;0.27344;0.2832;0.29297;0.30273;0.3125;0.32227;0.33203;0.3418;0.35156;0.36133;0.37109;0.38086;0.39063;0.40039;0.41016;0.41992;0.42969;0.43945;0.44922;0.45898;0.46875;0.47852;0.48828;0.49805;0.50781;0.51758;0.52734;0.53711;0.54688;0.55664;0.56641;0.57617;0.58594;0.5957;0.60547;0.61523;0.625;0.63477;0.64453;0.6543;0.66406;0.67383;0.68359;0.69336;0.70313;0.71289;0.72266;0.73242;0.74219;0.75195;0.76172;0.77148;0.78125;0.79102,0.004237312;0.01150464;0.008869888;0.011880448;0.017167359999999996;0.025042944;0.109756416;0.18313420800000002;0.28223180800000003;0.35106508799999997;0.353641472;0.290768896;0.37660364800000007;0.36264448;0.38846361599999996;0.330881024;0.336352256;0.25545728;0.18863206400000002;0.17755136;0.183493632;0.14326476800000001;0.11207475200000001;0.084544512;0.083044352;0.097545216;0.081616896;0.07435776;0.052686848;0.061797375999999994;0.060465152;0.059478015999999995;0.046020608;0.049227776;0.05016064;0.031490048;0.020076543999999998;0.019744768;0.02093568;0.017864704;0.007963648;0.016477184000000002;0.014573567999999999;0.008425472;0.008397824;0.009802752;0.00883712;0.008470528;0.007828479999999999;0.008674304;0.007862272;0.00651776;0.010217472000000002;0.008356864;0.00656896;0.004889599999999999;0.0030207999999999997;0.00329728;0.0028692479999999996;0.0019466239999999999;0.002233344;0.002824192;0.0026327039999999996;0.0022487040000000002;0.002460672;0.0022906879999999995;0.0016988160000000001;0.0017459199999999998;0.001436672;0.0015144960000000002;0.001153024;0.00193536;0.002725888;0.0020162559999999997;0.0015697920000000002;0.0016302080000000002;0.0008488959999999999;0.00089088;0.00121344
1784772000,hdr,0.0293;0.03906;0.04883;0.05859;0.06836;0.07813;0.08789;0.09766;0.10742;0.11719;0.12695;0.13672;0.14648;0.15625;0.16602;0.17578;0.18555;0.19531;0.20508;0.21484;0.22461;0.23438;0.24414;0.25391;0.26367;0.27344;0.2832;0.29297;0.30273;0.3125;0.32227;0.33203;0.3418;0.35156;0.36133;0.37109;0.38086;0.39063;0.40039;0.41016;0.41992;0.42969;0.43945;0.44922;0.45898;0.46875;0.47852;0.48828;0.49805;0.50781;0.51758;0.52734;0.53711;0.54688;0.55664;0.56641;0.57617;0.58594;0.5957;0.60547;0.61523;0.625;0.63477;0.64453;0.6543;0.66406;0.67383;0.68359;0.69336;0.70313;0.71289;0.72266;0.73242;0.74219;0.75195;0.76172;0.77148;0.78125;0.79102,0.005440512;0.0067235839999999995;0.00451072;0.007983104;0.016811008000000002;0.019189759999999997;0.087795712;0.235483136;0.47837593600000006;0.588002304;0.42505420800000004;0.331277312;0.26860134399999996;0.514828288;0.5166397439999999;0.276657152;0.336591872;0.325976064;0.19759616;0.13607833600000002;0.211837952;0.160838656;0.099098624;0.10464460800000001;0.091385856;0.080500736;0.043707392;0.05261824;0.09836544;0.062416896;0.050881536;0.040305664;0.042391552;0.044782592;0.01764352;0.020820992000000003;0.025265152000000003;0.02006528;0.022055935999999998;0.023487487999999997;0.01582592;0.010208256;0.010872832;0.013795327999999999;0.015347712;0.009294848;0.008381439999999999;0.008556544;0.0073656319999999996;0.004999168;0.004787200000000001;0.00617984;0.005738495999999999;0.005371903999999999;0.00418816;0.0038993920000000002;0.002866176;0.003584;0.004022272;0.004608;0.0033300480000000004;0.002725888;0.004225024;0.002528256;0.001509376;0.0016424959999999998;0.0019435519999999999;0.0025088;0.0020172799999999998;0.001384448;0.001408;0.001654784;0.001906688;0.0012687360000000001;0.001138688;0.00123392;0.00100352;0.000827392;0.000536576
1784772900,hdr,0.0293;0.03906;0.04883;0.05859;0.06836;0.07813;0.08789;0.09766;0.10742;0.11719;0.12695;0.13672;0.14648;0.15625;0.16602;0.17578;0.18555;0.19531;0.20508;0.21484;0.22461;0.23438;0.24414;0.25391;0.26367;0.27344;0.2832;0.29297;0.30273;0.3125;0.32227;0.33203;0.3418;0.35156;0.36133;0.37109;0.38086;0.39063;0.40039;0.41016;0.41992;0.42969;0.43945;0.44922;0.45898;0.46875;0.47852;0.48828;0.49805;0.50781;0.51758;0.52734;0.53711;0.54688;0.55664;0.56641;0.57617;0.58594;0.5957;0.60547;0.61523;0.625;0.63477;0.64453;0.6543;0.66406;0.67383;0.68359;0.69336;0.70313;0.71289;0.72266;0.73242;0.74219;0.75195;0.76172;0.77148;0.78125;0.79102,0.004355072;0.00534528;0.003350528;0.002008064;0.009405440000000001;0.025360384;0.099371008;0.27840614399999997;0.29024256;0.38457344;0.384354304;0.31348633600000003;0.465616896;0.40317952;0.277184512;0.304377856;0.32958976;0.19052032000000002;0.17068544;0.261733376;0.31085056;0.19846963199999998;0.18410188800000002;0.18839039999999999;0.07895142399999999;0.11634175999999999;0.09631539200000001;0.072057856;0.09412095999999999;0.052765695999999994;0.0393216;0.036091904;0.044259327999999994;0.04504064000000001;0.031001599999999997;0.024928256000000003;0.034912256;0.028957696;0.014183424;0.015411199999999998;0.0167424;0.011850752;0.009664512;0.008117247999999999;0.007011328;0.007064576;0.004651008;0.004127744;0.005828608;0.005469184;0.006414336;0.00618496;0.0042065919999999994;0.004011008;0.0031887359999999997;0.004263936;0.0035696639999999997;0.003241984;0.0031928320000000005;0.0026245120000000003;0.00226816;0.001106944;0.001646592;0.001395712;0.00208896;0.0018237440000000002;0.001657856;0.0010199039999999999;0.0011960319999999999;0.0018687999999999999;0.0013506560000000002;0.001393664;0.0013117439999999999;0.0011509760000000002;0.0012605440000000002;0.001189888;0.000561152;0.00046284799999999997;0.000700416
1784773800,hdr,0.0293;0.03906;0.04883;0.05859;0.06836;0.07813;0.08789;0.09766;0.10742;0.11719;0.12695;0.13672;0.14648;0.15625;0.16602;0.17578;0.18555;0.19531;0.20508;0.21484;0.22461;0.23438;0.24414;0.25391;0.26367;0.27344;0.2832;0.29297;0.30273;0.3125;0.32227;0.33203;0.3418;0.35156;0.36133;0.37109;0.38086;0.39063;0.40039;0.41016;0.41992;0.42969;0.43945;0.44922;0.45898;0.46875;0.47852;0.48828;0.49805;0.50781;0.51758;0.52734;0.53711;0.54688;0.55664;0.56641;0.57617;0.58594;0.5957;0.60547;0.61523;0.625;0.63477;0.64453;0.6543;0.66406;0.67383;0.68359;0.69336;0.70313;0.71289;0.72266;0.73242;0.74219;0.75195;0.76172;0.77148;0.78125;0.79102,0.000545792;0.002441216;0.006900736;0.012984319999999999;0.021507072;0.017284096000000002;0.0982272;0.32952115199999993;0.36627763199999996;0.378210304;0.439059456;0.463227904;0.41501184;0.35538432000000003;0.29630976000000003;0.218529792;0.18004582400000002;0.284315648;0.239335424;0.203030528;0.17172479999999998;0.20460748799999998;0.202508288;0.123465728;0.11888639999999999;0.13443788799999998;0.110493696;0.107358208;0.076841984;0.061789184000000004;0.035332096;0.029465599999999998;0.026573823999999996;0.020356096;0.026980352;0.027625471999999998;0.019106816;0.016728063999999997;0.010907647999999999;0.009679871999999999;0.014217216;0.013285376;0.010494976;0.008180736;0.005261312;0.004391936000000001;0.006879232;0.0073881599999999995;0.004252672;0.005991424;0.006605824000000001;0.006309888;0.005315584000000001;0.004841472;0.00550912;0.004534272;0.003898368;0.002516992;0.001995776;0.002748416;0.00253952;0.00323072;0.00261632;0.0014929920000000003;0.001805312;0.001774592;0.0018810880000000002;0.00180224;0.0011417600000000001;0.001599488;0.001637376;0.0013260799999999999;0.0013312;0.00143872;0.000970752;0.0009287680000000001;0.000986112;0.000831488;0.000909312
1784774700,hdr,0.0293;0.03906;0.04883;0.05859;0.06836;0.07813;0.08789;0.09766;0.10742;0.11719;0.12695;0.13672;0.14648;0.15625;0.16602;0.17578;0.18555;0.19531;0.20508;0.21484;0.22461;0.23438;0.24414;0.25391;0.26367;0.27344;0.2832;0.29297;0.30273;0.3125;0.32227;0.33203;0.3418;0.35156;0.36133;0.37109;0.38086;0.39063;0.40039;0.41016;0.41992;0.42969;0.43945;0.44922;0.45898;0.46875;0.47852;0.48828;0.49805;0.50781;0.51758;0.52734;0.53711;0.54688;0.55664;0.56641;0.57617;0.58594;0.5957;0.60547;0.61523;0.625;0.63477;0.64453;0.6543;0.66406;0.67383;0.68359;0.69336;0.70313;0.71289;0.72266;0.73242;0.74219;0.75195;0.76172;0.77148;0.78125;0.79102,0.006846464;0.00969216;0.005978112;0.009967616;0.016802815999999998;0.031048704;0.097210368;0.27718655999999997;0.343242752;0.461251584;0.510652416;0.393798656;0.28228300799999995;0.27913215999999996;0.32662220799999997;0.325287936;0.402806784;0.34874879999999997;0.23270707200000001;0.212804608;0.207291392;0.16844083199999998;0.172643328;0.102564864;0.069784576;0.10753536;0.103149568;0.055672832000000005;0.038715392;0.03795456;0.043333632000000004;0.032734208;0.021917696;0.024757248;0.024751104000000003;0.016687104000000005;0.017939456;0.018940928;0.018120704;0.01210368;0.012328960000000002;0.015270911999999998;0.007983104;0.008118272;0.007472128;0.004649983999999999;0.005287936000000001;0.003960832;0.004134912;0.004431872;0.004614144;0.005136384;0.00338432;0.006002688;0.005957632000000001;0.003431424;0.002873344;0.003612672;0.0027965439999999998;0.0012032;0.001550336;0.0024801280000000003;0.002833408;0.00152576;0.0020981759999999998;0.002061312;0.00116224;0.001460224;0.001436672;0.000809984;0.0009297919999999999;0.001399808;0.0014346239999999998;0.001393664;0.00167424;0.001440768;0.0010608640000000001;0.000965632;0.000970752
1784775600,hdr,0.0293;0.03906;0.04883;0.05859;0.06836;0.07813;0.08789;0.09766;0.10742;0.11719;0.12695;0.13672;0.14648;0.15625;0.16602;0.17578;0.18555;0.19531;0.20508;0.21484;0.22461;0.23438;0.24414;0.25391;0.26367;0.27344;0.2832;0.29297;0.30273;0.3125;0.32227;0.33203;0.3418;0.35156;0.36133;0.37109;0.38086;0.39063;0.40039;0.41016;0.41992;0.42969;0.43945;0.44922;0.45898;0.46875;0.47852;0.48828;0.49805;0.50781;0.51758;0.52734;0.53711;0.54688;0.55664;0.56641;0.57617;0.58594;0.5957;0.60547;0.61523;0.625;0.63477;0.64453;0.6543;0.66406;0.67383;0.68359;0.69336;0.70313;0.71289;0.72266;0.73242;0.74219;0.75195;0.76172;0.77148;0.78125;0.79102,0.0049152;0.005670912;0.006745088;0.008502271999999998;0.016531456;0.020263936000000003;0.09961984;0.338966528;0.548943872;0.5325957120000001;0.31481139199999997;0.26838016;0.27484876799999997;0.26959257600000003;0.26270208;0.243438592;0.202911744;0.21876531200000002;0.23651123200000002;0.260463616;0.16544358399999998;0.074437632;0.076580864;0.07615488000000001;0.08668672;0.09054924800000001;0.103302144;0.065572864;0.047577088000000003;0.036225023999999995;0.028459008;0.023159808;0.018807808000000002;0.021791744000000002;0.0188672;0.024165376;0.018450432;0.015071232;0.012619776;0.010466303999999997;0.010161152;0.007783424;0.005078015999999999;0.007175168000000001;0.012890112;0.010277888;0.008342528;0.008559616;0.007981056;0.005915648;0.004068352;0.00529408;0.005049344;0.003900416;0.003165184;0.0037058559999999996;0.004225024;0.00295424;0.002425856;0.00338432;0.0031375360000000002;0.001928192;0.00103424;0.0018964479999999998;0.001734656;0.0010475520000000002;0.001063936;0.0013342719999999998;0.001641472;0.0013352960000000001;0.000553984;0.001002496;0.001302528;0.001253376;0.00141824;0.0015656959999999999;0.0009943039999999999;0.000800768;0.001185792
1784776500,hdr,0.0293;0.03906;0.04883;0.05859;0.06836;0.07813;0.08789;0.09766;0.10742;0.11719;0.12695;0.13672;0.14648;0.15625;0.16602;0.17578;0.18555;0.19531;0.20508;0.21484;0.22461;0.23438;0.24414;0.25391;0.26367;0.27344;0.2832;0.29297;0.30273;0.3125;0.32227;0.33203;0.3418;0.35156;0.36133;0.37109;0.38086;0.39063;0.40039;0.41016;0.41992;0.42969;0.43945;0.44922;0.45898;0.46875;0.47852;0.48828;0.49805;0.50781;0.51758;0.52734;0.53711;0.54688;0.55664;0.56641;0.57617;0.58594;0.5957;0.60547;0.61523;0.625;0.63477;0.64453;0.6543;0.66406;0.67383;0.68359;0.69336;0.70313;0.71289;0.72266;0.73242;0.74219;0.75195;0.76172;0.77148;0.78125;0.79102,0.005219328;0.009952256;0.010242048;0.00818688;0.012691456;0.031488;0.158000128;0.437050368;0.43462553600000003;0.29443072000000003;0.27288166399999997;0.247482368;0.28867379200000004;0.268276736;0.36894310399999997;0.32241664;0.218326016;0.15043891199999998;0.08311296;0.172980224;0.204171264;0.10129407999999998;0.081006592;0.10181734400000002;0.118994944;0.07030374399999999;0.069028864;0.05316096000000001;0.032939008;0.051096576;0.047726592;0.0305664;0.018497536;0.023345151999999997;0.024776703999999997;0.012698624;0.012998656;0.009736192000000001;0.009771008;0.013285376;0.010668032000000001;0.009704448;0.0130304;0.008628224;0.010403840000000001;0.006644736;0.004920320000000001;0.007700479999999999;0.008389632000000001;0.004749312;0.005090304;0.005174272;0.003848192;0.00385536;0.002865152;0.002622464;0.002440192;0.002390016;0.0022906879999999995;0.002451456;0.00217088;0.002174976;0.001849344;0.001026048;0.0013987840000000001;0.001692672;0.00236544;0.0014817279999999999;0.0008345599999999999;0.0006656;0.00068608;0.0009943039999999999;0.000760832;0.000768;0.00128512;0.0010455039999999998;0.0005980159999999999;0.000825344;0.000703488
1784777400,hdr,0.0293;0.03906;0.04883;0.05859;0.06836;0.07813;0.08789;0.09766;0.10742;0.11719;0.12695;0.13672;0.14648;0.15625;0.16602;0.17578;0.18555;0.19531;0.20508;0.21484;0.22461;0.23438;0.24414;0.25391;0.26367;0.27344;0.2832;0.29297;0.30273;0.3125;0.32227;0.33203;0.3418;0.35156;0.36133;0.37109;0.38086;0.39063;0.40039;0.41016;0.41992;0.42969;0.43945;0.44922;0.45898;0.46875;0.47852;0.48828;0.49805;0.50781;0.51758;0.52734;0.53711;0.54688;0.55664;0.56641;0.57617;0.58594;0.5957;0.60547;0.61523;0.625;0.63477;0.64453;0.6543;0.66406;0.67383;0.68359;0.69336;0.70313;0.71289;0.72266;0.73242;0.74219;0.75195;0.76172;0.77148;0.78125;0.79102,0.002409472;0.007093248;0.006782976;0.011446272;0.011919359999999999;0.016430080000000003;0.09982361599999999;0.49204223999999996;0.913963008;0.72607232;0.71445504;0.359081984;0.173284352;0.279452672;0.35177164800000005;0.38812876799999996;0.240243712;0.189264896;0.226164736;0.19549696;0.17163161600000001;0.148134912;0.107138048;0.13770752;0.118017024;0.059040767999999993;0.053146624;0.05485260799999999;0.055894016000000005;0.041399296;0.035054591999999996;0.033071104;0.043345919999999996;0.025826304;0.018669568000000004;0.021326848;0.022119424;0.015543296;0.018215936;0.018062336;0.01484288;0.010945536;0.007559168;0.008989696;0.007474175999999999;0.0071864319999999995;0.009233408000000002;0.007529472;0.004880384;0.004914176;0.003122176;0.00345088;0.0027975680000000003;0.002280448;0.0038993920000000002;0.003255296;0.0032583679999999998;0.0037928959999999996;0.0040519679999999995;0.00275456;0.00282624;0.003352576;0.002683904;0.0014336;0.001446912;0.001408;0.0010250239999999998;0.001114112;0.001641472;0.0014028799999999998;0.001401856;0.0014561280000000001;0.0013148160000000001;0.0013352960000000001;0.001371136;0.001016832;0.0009472;0.000840704;0.0009543679999999999
1784778300,hdr,0.0293;0.03906;0.04883;0.05859;0.06836;0.07813;0.08789;0.09766;0.10742;0.11719;0.12695;0.13672;0.14648;0.15625;0.16602;0.17578;0.18555;0.19531;0.20508;0.21484;0.22461;0.23438;0.24414;0.25391;0.26367;0.27344;0.2832;0.29297;0.30273;0.3125;0.32227;0.33203;0.3418;0.35156;0.36133;0.37109;0.38086;0.39063;0.40039;0.41016;0.41992;0.42969;0.43945;0.44922;0.45898;0.46875;0.47852;0.48828;0.49805;0.50781;0.51758;0.52734;0.53711;0.54688;0.55664;0.56641;0.57617;0.58594;0.5957;0.60547;0.61523;0.625;0.63477;0.64453;0.6543;0.66406;0.67383;0.68359;0.69336;0.70313;0.71289;0.72266;0.73242;0.74219;0.75195;0.76172;0.77148;0.78125;0.79102,0.001632256;0.002617344;0.004941824000000001;0.009074688000000001;0.012165120000000001;0.014329856;0.141538304;0.681964544;0.759375872;0.4017408;0.405072896;0.4901632;0.315908096;0.314527744;0.28751155199999995;0.17545216;0.256820224;0.17684992;0.107193344;0.134061056;0.16632012799999998;0.15235993600000003;0.121544704;0.15148544;0.10220032000000001;0.0602624;0.073988096;0.092939264;0.055686144;0.039726080000000004;0.032026624;0.033113088;0.036676608;0.04048896;0.032555008;0.025612288;0.021704704;0.02203136;0.020104192000000003;0.019677184;0.01662976;0.011502592;0.00871424;0.010386432;0.013740032;0.011292672;0.009388032000000001;0.005195776000000001;0.005412864;0.005249024000000001;0.005495808;0.004463616;0.004901888;0.003815424;0.003796992;0.004554752;0.003979264;0.002665472;0.003483648;0.002980864;0.0030832639999999996;0.0038307840000000003;0.003110912;0.0025251839999999998;0.0025251839999999998;0.002217984;0.0013148160000000001;0.001624064;0.001840128;0.001337344;0.001028096;0.0009144320000000001;0.0009748480000000001;0.0012666880000000002;0.001033216;0.000861184;0.000795648;0.000818176;0.0011407359999999998
1784779200,hdr,0.0293;0.03906;0.04883;0.05859;0.06836;0.07813;0.08789;0.09766;0.10742;0.11719;0.12695;0.13672;0.14648;0.15625;0.16602;0.17578;0.18555;0.19531;0.20508;0.21484;0.22461;0.23438;0.24414;0.25391;0.26367;0.27344;0.2832;0.29297;0.30273;0.3125;0.32227;0.33203;0.3418;0.35156;0.36133;0.37109;0.38086;0.39063;0.40039;0.41016;0.41992;0.42969;0.43945;0.44922;0.45898;0.46875;0.47852;0.48828;0.49805;0.50781;0.51758;0.52734;0.53711;0.54688;0.55664;0.56641;0.57617;0.58594;0.5957;0.60547;0.61523;0.625;0.63477;0.64453;0.6543;0.66406;0.67383;0.68359;0.69336;0.70313;0.71289;0.72266;0.73242;0.74219;0.75195;0.76172;0.77148;0.78125;0.79102,0.001002496;0.0033802240000000002;0.004057088;0.005803008;0.021076992000000003;0.023867392;0.08759091199999999;0.386475008;0.618433536;0.616367104;0.5211197439999999;0.29771161599999996;0.286536704;0.296025088;0.26186239999999994;0.15228006400000002;0.194794496;0.25067417599999997;0.234359808;0.12188364799999998;0.185769984;0.22369382399999999;0.14395801599999997;0.105633792;0.12422758399999999;0.08825036799999998;0.077366272;0.052020224000000004;0.04456345600000001;0.032562176;0.028498944000000002;0.028291072;0.020273152;0.019672064;0.026976255999999997;0.017713152000000003;0.019915776000000003;0.017734656;0.015190015999999999;0.012701696;0.011262976000000001;0.00544768;0.009089024;0.012157952;0.008803328000000001;0.005718016;0.0066211840000000004;0.0059136;0.005946368;0.004707328;0.0031815679999999996;0.00341504;0.003279872;0.003579904;0.005606399999999999;0.004950016;0.0041564160000000005;0.002927616;0.00269312;0.002638848;0.0025180159999999997;0.0025937919999999997;0.0017244159999999999;0.001717248;0.001251328;0.001101824;0.001189888;0.001610752;0.0012748800000000002;0.001580032;0.001201152;0.0007833599999999999;0.000900096;0.000985088;0.0008048640000000001;0.000918528;0.0013475839999999998;0.000908288;0.0007229440000000001
1784780100,hdr,0.0293;0.03906;0.04883;0.05859;0.06836;0.07813;0.08789;0.09766;0.10742;0.11719;0.12695;0.13672;0.14648;0.15625;0.16602;0.17578;0.18555;0.19531;0.20508;0.21484;0.22461;0.23438;0.24414;0.25391;0.26367;0.27344;0.2832;0.29297;0.30273;0.3125;0.32227;0.33203;0.3418;0.35156;0.36133;0.37109;0.38086;0.39063;0.40039;0.41016;0.41992;0.42969;0.43945;0.44922;0.45898;0.46875;0.47852;0.48828;0.49805;0.50781;0.51758;0.52734;0.53711;0.54688;0.55664;0.56641;0.57617;0.58594;0.5957;0.60547;0.61523;0.625;0.63477;0.64453;0.6543;0.66406;0.67383;0.68359;0.69336;0.70313;0.71289;0.72266;0.73242;0.74219;0.75195;0.76172;0.77148;0.78125;0.79102,0.004063232;0.00619008;0.0047861760000000005;0.008266752;0.01169408;0.014227456;0.06889983999999999;0.406970368;0.7371479040000001;0.520787968;0.534863872;0.568077312;0.386407424;0.331778048;0.287819776;0.30394265600000003;0.25755648000000003;0.15360921600000002;0.138807296;0.18480639999999998;0.196974592;0.093302784;0.082336768;0.14963916800000002;0.10245017599999999;0.08951398399999999;0.06952960000000001;0.05648691199999999;0.0406784;0.046046208;0.053532671999999996;0.042285055999999994;0.026407935999999996;0.019330048000000002;0.020811775999999997;0.023836672;0.014049279999999999;0.019053568;0.015695872;0.009590784;0.008557568;0.00648704;0.0051968;0.004635648;0.006286336;0.007128064;0.009560064;0.009261056;0.006859776;0.00404992;0.004247552;0.007545856;0.006623232;0.0069601279999999995;0.0064419839999999996;0.004400128;0.0029798399999999997;0.002220032;0.002972672;0.002981888;0.002528256;0.0013987840000000001;0.001645568;0.001723392;0.001309696;0.001618944;0.0012646399999999998;0.000899072;0.001002496;0.001416192;0.0010086399999999999;0.0007495679999999999;0.000955392;0.001164288;0.0011048960000000002;0.0008325120000000001;0.0009216000000000001;0.001010688;0.0008519679999999999
1784781000,hdr,0.0293;0.03906;0.04883;0.05859;0.06836;0.07813;0.08789;0.09766;0.10742;0.11719;0.12695;0.13672;0.14648;0.15625;0.16602;0.17578;0.18555;0.19531;0.20508;0.21484;0.22461;0.23438;0.24414;0.25391;0.26367;0.27344;0.2832;0.29297;0.30273;0.3125;0.32227;0.33203;0.3418;0.35156;0.36133;0.37109;0.38086;0.39063;0.40039;0.41016;0.41992;0.42969;0.43945;0.44922;0.45898;0.46875;0.47852;0.48828;0.49805;0.50781;0.51758;0.52734;0.53711;0.54688;0.55664;0.56641;0.57617;0.58594;0.5957;0.60547;0.61523;0.625;0.63477;0.64453;0.6543;0.66406;0.67383;0.68359;0.69336;0.70313;0.71289;0.72266;0.73242;0.74219;0.75195;0.76172;0.77148;0.78125;0.79102,0.005148672000000001;0.015233024000000001;0.015030272;0.01672192;0.019324927999999998;0.015702016;0.14477312;0.7832207360000001;1.161728;0.6661201919999999;0.367527936;0.19642777599999997;0.28439551999999996;0.28478054399999997;0.231387136;0.16656384;0.21209292800000001;0.22756761599999997;0.163643392;0.10789683200000001;0.12935168;0.075532288;0.05400576;0.060577792;0.11193753599999999;0.06752460800000001;0.067411968;0.07337164799999998;0.044156928;0.036274176;0.041086976000000004;0.029392896;0.033669120000000004;0.02782208;0.021714944;0.010039296;0.01147904;0.014073856;0.01901568;0.013561856;0.0066437119999999995;0.01021952;0.011368448;0.009762816;0.009453568;0.008595456;0.0075100160000000004;0.009531392;0.00866304;0.006656;0.005113856;0.0032337920000000005;0.0028753920000000005;0.0032870399999999998;0.005310464;0.003262464;0.001882112;0.0016097280000000002;0.0026705920000000003;0.002523136;0.0018882559999999998;0.0029184000000000002;0.002676736;0.002168832;0.001624064;0.002080768;0.00169984;0.0013352960000000001;0.00149504;0.001789952;0.0019947520000000002;0.001462272;0.0014028799999999998;0.001069056;0.00068608;0.00075776;0.0008560640000000001;0.0009441279999999999;0.0007557120000000001
1784781900,hdr,0.0293;0.03906;0.04883;0.05859;0.06836;0.07813;0.08789;0.09766;0.10742;0.11719;0.12695;0.13672;0.14648;0.15625;0.16602;0.17578;0.18555;0.19531;0.20508;0.21484;0.22461;0.23438;0.24414;0.25391;0.26367;0.27344;0.2832;0.29297;0.30273;0.3125;0.32227;0.33203;0.3418;0.35156;0.36133;0.37109;0.38086;0.39063;0.40039;0.41016;0.41992;0.42969;0.43945;0.44922;0.45898;0.46875;0.47852;0.48828;0.49805;0.50781;0.51758;0.52734;0.53711;0.54688;0.55664;0.56641;0.57617;0.58594;0.5957;0.60547;0.61523;0.625;0.63477;0.64453;0.6543;0.66406;0.67383;0.68359;0.69336;0.70313;0.71289;0.72266;0.73242;0.74219;0.75195;0.76172;0.77148;0.78125;0.79102,0.0026296320000000002;0.006879232;0.005787648;0.011595776000000002;0.015029248000000002;0.022522880000000002;0.153325568;0.603917312;0.9450086400000001;0.761494528;0.49093529599999997;0.52279808;0.48425676800000006;0.387301376;0.22767820800000002;0.18852966399999999;0.19151974400000002;0.129396736;0.11564646399999999;0.150960128;0.11094323199999999;0.11732992;0.10519961600000001;0.092332032;0.074486784;0.08655155199999999;0.09087283200000001;0.08289792;0.04905472;0.046492672;0.036696064;0.033128448;0.028391424;0.032837632;0.025751552;0.016073728;0.014466048;0.0107008;0.013970432000000001;0.012742656000000002;0.008369152;0.0068577280000000004;0.007630848;0.005940224;0.006221824;0.0068864;0.007542784;0.008201216;0.005741568;0.003621888;0.00448;0.006146048;0.005379072;0.004153344;0.002992128;0.0028846080000000003;0.00244736;0.003058688;0.0039301119999999995;0.004219903999999999;0.003126272;0.002142208;0.0021248;0.001391616;0.001687552;0.002171904;0.0025907200000000003;0.00331264;0.0023470080000000003;0.0015513600000000001;0.00199168;0.0019773440000000002;0.0013240320000000002;0.0013701120000000002;0.001462272;0.0011366400000000002;0.0011366400000000002;0.0013793280000000002;0.001077248
1784782800,hdr,0.0293;0.03906;0.04883;0.05859;0.06836;0.07813;0.08789;0.09766;0.10742;0.11719;0.12695;0.13672;0.14648;0.15625;0.16602;0.17578;0.18555;0.19531;0.20508;0.21484;0.22461;0.23438;0.24414;0.25391;0.26367;0.27344;0.2832;0.29297;0.30273;0.3125;0.32227;0.33203;0.3418;0.35156;0.36133;0.37109;0.38086;0.39063;0.40039;0.41016;0.41992;0.42969;0.43945;0.44922;0.45898;0.46875;0.47852;0.48828;0.49805;0.50781;0.51758;0.52734;0.53711;0.54688;0.55664;0.56641;0.57617;0.58594;0.5957;0.60547;0.61523;0.625;0.63477;0.64453;0.6543;0.66406;0.67383;0.68359;0.69336;0.70313;0.71289;0.72266;0.73242;0.74219;0.75195;0.76172;0.77148;0.78125;0.79102,0.000662528;0.00198144;0.0020981759999999998;0.003414016;0.018357248;0.039562240000000005;0.07496294399999999;0.305564672;0.571990016;0.497332224;0.303608832;0.270326784;0.20093951999999998;0.21872844799999996;0.266218496;0.194689024;0.18923622399999998;0.15673753599999998;0.172837888;0.13381632;0.107168768;0.089916416;0.106786816;0.09143091200000002;0.09605939200000001;0.068473856;0.066343936;0.06471168;0.03599872;0.030296064;0.045707264000000004;0.031827968;0.024037375999999996;0.019058687999999997;0.020196352000000004;0.025524224;0.029662208;0.018101248;0.009539583999999999;0.015440896;0.018788351999999998;0.01586688;0.01153024;0.010450944;0.008016895999999999;0.009118719999999999;0.007871488000000001;0.0049582079999999995;0.0049285119999999995;0.0036515840000000003;0.004040704;0.00634368;0.00395264;0.002566144;0.005016576;0.0040366080000000006;0.003117056;0.003172352;0.003040256;0.00283648;0.001937408;0.0021196799999999997;0.00187904;0.0029184000000000002;0.002207744;0.001313792;0.0018421759999999998;0.00138752;0.0014274560000000001;0.002260992;0.002159616;0.0019537919999999998;0.001508352;0.0013342719999999998;0.001344512;0.00158208;0.001777664;0.0011151359999999999;0.0009041920000000001
1784783700,hdr,0.0293;0.03906;0.04883;0.05859;0.06836;0.07813;0.08789;0.09766;0.10742;0.11719;0.12695;0.13672;0.14648;0.15625;0.16602;0.17578;0.18555;0.19531;0.20508;0.21484;0.22461;0.23438;0.24414;0.25391;0.26367;0.27344;0.2832;0.29297;0.30273;0.3125;0.32227;0.33203;0.3418;0.35156;0.36133;0.37109;0.38086;0.39063;0.40039;0.41016;0.41992;0.42969;0.43945;0.44922;0.45898;0.46875;0.47852;0.48828;0.49805;0.50781;0.51758;0.52734;0.53711;0.54688;0.55664;0.56641;0.57617;0.58594;0.5957;0.60547;0.61523;0.625;0.63477;0.64453;0.6543;0.66406;0.67383;0.68359;0.69336;0.70313;0.71289;0.72266;0.73242;0.74219;0.75195;0.76172;0.77148;0.78125;0.79102,0.0012871680000000002;0.004046848;0.008155136;0.010852352;0.021483519999999996;0.034531328;0.1033472;0.306128896;0.5372743680000001;0.501067776;0.32965632;0.35016191999999996;0.370116608;0.31506944;0.20626944;0.149277696;0.21784064;0.274291712;0.321683456;0.274097152;0.172381184;0.153352192;0.165289984;0.10646630399999998;0.08020582400000001;0.07478784;0.061785088;0.049153024000000003;0.06116864;0.065303552;0.062639104;0.046826496;0.029576191999999998;0.026827776;0.028345344;0.01478144;0.009523199999999999;0.011465728000000001;0.01161216;0.012984319999999999;0.011322368000000001;0.013168639999999999;0.010482688;0.008685568;0.0064194560000000005;0.006817792;0.008453120000000001;0.00742912;0.00651264;0.007062528;0.009134080000000001;0.005994496;0.004734975999999999;0.004459520000000001;0.004082688;0.00384512;0.004307968;0.003268608;0.001984512;0.002046976;0.002143232;0.002368512;0.002459648;0.002276352;0.002115584;0.0016936960000000002;0.001928192;0.001961984;0.0020930559999999994;0.001165312;0.001189888;0.0022425599999999998;0.001898496;0.001152;0.0015185919999999998;0.00116224;0.0006789119999999999;0.000748544;0.000923648
1784784600,hdr,0.0293;0.03906;0.04883;0.05859;0.06836;0.07813;0.08789;0.09766;0.10742;0.11719;0.12695;0.13672;0.14648;0.15625;0.16602;0.17578;0.18555;0.19531;0.20508;0.21484;0.22461;0.23438;0.24414;0.25391;0.26367;0.27344;0.2832;0.29297;0.30273;0.3125;0.32227;0.33203;0.3418;0.35156;0.36133;0.37109;0.38086;0.39063;0.40039;0.41016;0.41992;0.42969;0.43945;0.44922;0.45898;0.46875;0.47852;0.48828;0.49805;0.50781;0.51758;0.52734;0.53711;0.54688;0.55664;0.56641;0.57617;0.58594;0.5957;0.60547;0.61523;0.625;0.63477;0.64453;0.6543;0.66406;0.67383;0.68359;0.69336;0.70313;0.71289;0.72266;0.73242;0.74219;0.75195;0.76172;0.77148;0.78125;0.79102,0.004396032;0.006642688;0.0040396799999999995;0.007168;0.01757696;0.053177343999999994;0.145837056;0.349321216;0.532416512;0.545659904;0.43433164799999996;0.37433446400000003;0.239019008;0.16915251199999998;0.14592921599999997;0.224083968;0.27279872000000005;0.194267136;0.157124608;0.202210304;0.202242048;0.110338048;0.060873728;0.133914624;0.154233856;0.104583168;0.08355430400000001;0.07456153600000001;0.040437759999999996;0.03869184;0.035431423999999996;0.040549376000000005;0.039191552000000004;0.023120896;0.019773440000000003;0.036977664;0.024574976;0.022520831999999998;0.021439488;0.015612928;0.012354559999999999;0.012862464;0.013088768;0.009230335999999999;0.007225344;0.009766912;0.007949312;0.006542335999999999;0.005741568;0.005098496;0.004810752;0.007339008;0.006817792;0.006112256;0.003267584;0.0034949119999999998;0.004369408;0.0031979519999999996;0.0030750720000000003;0.00237056;0.0026060799999999998;0.0023470080000000003;0.0029265919999999996;0.0031242239999999997;0.003454976;0.003442688;0.0028395519999999995;0.0028948479999999998;0.0033873920000000004;0.003656704;0.0029378560000000004;0.0019937279999999997;0.0013793280000000002;0.001026048;0.001021952;0.001519616;0.0016220159999999998;0.001624064;0.002092032
1784785500,hdr,0.0293;0.03906;0.04883;0.05859;0.06836;0.07813;0.08789;0.09766;0.10742;0.11719;0.12695;0.13672;0.14648;0.15625;0.16602;0.17578;0.18555;0.19531;0.20508;0.21484;0.22461;0.23438;0.24414;0.25391;0.26367;0.27344;0.2832;0.29297;0.30273;0.3125;0.32227;0.33203;0.3418;0.35156;0.36133;0.37109;0.38086;0.39063;0.40039;0.41016;0.41992;0.42969;0.43945;0.44922;0.45898;0.46875;0.47852;0.48828;0.49805;0.50781;0.51758;0.52734;0.53711;0.54688;0.55664;0.56641;0.57617;0.58594;0.5957;0.60547;0.61523;0.625;0.63477;0.64453;0.6543;0.66406;0.67383;0.68359;0.69336;0.70313;0.71289;0.72266;0.73242;0.74219;0.75195;0.76172;0.77148;0.78125;0.79102,0.005211136;0.009065472;0.002844672;0.004750336;0.013829119999999999;0.049963008;0.17760768;0.20537344;0.36359270400000004;0.588220416;0.5517639679999999;0.33969152;0.285326336;0.25465036799999996;0.235167744;0.28627148799999996;0.247077888;0.158354432;0.139377664;0.216967168;0.167899136;0.10026496;0.12857344;0.11276288;0.064340992;0.056520704000000005;0.071170048;0.059706367999999996;0.03528192;0.038339584;0.043981824;0.035126272;0.034643968000000004;0.035653632000000005;0.025432064;0.017685504;0.011118591999999998;0.010320896;0.010887168000000001;0.007458816;0.011546624;0.016355328;0.00984576;0.008260608000000001;0.009838592;0.008794112000000001;0.011386879999999999;0.010415104;0.004401152;0.006250496;0.005776384;0.004483072;0.004453375999999999;0.006167552;0.005919743999999999;0.00418816;0.0037898240000000002;0.002801664;0.0037898240000000002;0.004769791999999999;0.003505152;0.0036966399999999997;0.005584896;0.004787200000000001;0.0025671680000000003;0.002234368;0.0028221440000000004;0.002200576;0.00146432;0.002139136;0.002062336;0.000982016;0.00199168;0.001826816;0.001741824;0.001652736;0.0014745600000000002;0.0009984;0.0014028799999999998
1784786400,hdr,0.0293;0.03906;0.04883;0.05859;0.06836;0.07813;0.08789;0.09766;0.10742;0.11719;0.12695;0.13672;0.14648;0.15625;0.16602;0.17578;0.18555;0.19531;0.20508;0.21484;0.22461;0.23438;0.24414;0.25391;0.26367;0.27344;0.2832;0.29297;0.30273;0.3125;0.32227;0.33203;0.3418;0.35156;0.36133;0.37109;0.38086;0.39063;0.40039;0.41016;0.41992;0.42969;0.43945;0.44922;0.45898;0.46875;0.47852;0.48828;0.49805;0.50781;0.51758;0.52734;0.53711;0.54688;0.55664;0.56641;0.57617;0.58594;0.5957;0.60547;0.61523;0.625;0.63477;0.64453;0.6543;0.66406;0.67383;0.68359;0.69336;0.70313;0.71289;0.72266;0.73242;0.74219;0.75195;0.76172;0.77148;0.78125;0.79102,0.002440192;0.005433344;0.006951936;0.011362304;0.018356224;0.014639104;0.071305216;0.256905216;0.453428224;0.452072448;0.36827340799999997;0.3282176;0.342938624;0.39147008;0.304283648;0.22863564800000002;0.179336192;0.21621248;0.202025984;0.12978073599999998;0.12661248;0.08620953599999999;0.074769408;0.053880832;0.05292032;0.06887936;0.077635584;0.049646591999999996;0.040230911999999994;0.058326016;0.034486272;0.037580800000000004;0.038189056000000006;0.030547968;0.031542272;0.023172096;0.014007296;0.013720576;0.011750400000000001;0.010489856;0.01360384;0.017952768;0.010565632000000002;0.011764736;0.008317952;0.005914623999999999;0.005896192;0.007793664;0.009980928;0.012691456;0.009833472;0.0058818559999999995;0.005118976;0.0038656000000000003;0.006216704;0.007662591999999999;0.00475136;0.0049633279999999995;0.00381952;0.003161088;0.004296704;0.004901888;0.004870144;0.0038410239999999997;0.002482176;0.001941504;0.0030627840000000003;0.0042014719999999995;0.003103744;0.003447808;0.0034672640000000003;0.0019189760000000002;0.001425408;0.0016128;0.001627136;0.0018421759999999998;0.0019886079999999998;0.001641472;0.001103872
1784787300,hdr,0.0293;0.03906;0.04883;0.05859;0.06836;0.07813;0.08789;0.09766;0.10742;0.11719;0.12695;0.13672;0.14648;0.15625;0.16602;0.17578;0.18555;0.19531;0.20508;0.21484;0.22461;0.23438;0.24414;0.25391;0.26367;0.27344;0.2832;0.29297;0.30273;0.3125;0.32227;0.33203;0.3418;0.35156;0.36133;0.37109;0.38086;0.39063;0.40039;0.41016;0.41992;0.42969;0.43945;0.44922;0.45898;0.46875;0.47852;0.48828;0.49805;0.50781;0.51758;0.52734;0.53711;0.54688;0.55664;0.56641;0.57617;0.58594;0.5957;0.60547;0.61523;0.625;0.63477;0.64453;0.6543;0.66406;0.67383;0.68359;0.69336;0.70313;0.71289;0.72266;0.73242;0.74219;0.75195;0.76172;0.77148;0.78125;0.79102,0.0023132160000000003;0.008569855999999999;0.014526464;0.010805248000000002;0.018805759999999998;0.035544064;0.195813376;0.43993497600000003;0.665887744;0.5962854399999999;0.63181312;0.386057216;0.230582272;0.19485286400000001;0.183289856;0.091867136;0.10284134400000002;0.07961088;0.109227008;0.143245312;0.090175488;0.074752;0.093196288;0.114818048;0.118315008;0.1042432;0.047833087999999996;0.050567168;0.035063808;0.036127743999999996;0.029619200000000002;0.022362112;0.017504256000000003;0.015310848;0.021402624;0.027280384;0.026952704;0.016564224;0.011882496;0.010003456;0.011323392;0.01574912;0.014109696;0.010897408;0.008856576000000001;0.009283584;0.006448128;0.005727232;0.004919296;0.006688768;0.007737344;0.0051251199999999995;0.002716672;0.003565568;0.00522752;0.005377023999999999;0.006127616;0.0057477119999999994;0.004069376;0.00418304;0.003575808;0.0031313919999999998;0.003319808;0.002562048;0.0037591039999999997;0.0032471040000000002;0.004017152;0.002973696;0.00178688;0.0015534079999999998;0.0019466239999999999;0.00222208;0.0019455999999999998;0.001391616;0.001845248;0.00142848;0.00090624;0.0011356159999999999;0.00200704
1784788200,hdr,0.0293;0.03906;0.04883;0.05859;0.06836;0.07813;0.08789;0.09766;0.10742;0.11719;0.12695;0.13672;0.14648;0.15625;0.16602;0.17578;0.18555;0.19531;0.20508;0.21484;0.22461;0.23438;0.24414;0.25391;0.26367;0.27344;0.2832;0.29297;0.30273;0.3125;0.32227;0.33203;0.3418;0.35156;0.36133;0.37109;0.38086;0.39063;0.40039;0.41016;0.41992;0.42969;0.43945;0.44922;0.45898;0.46875;0.47852;0.48828;0.49805;0.50781;0.51758;0.52734;0.53711;0.54688;0.55664;0.56641;0.57617;0.58594;0.5957;0.60547;0.61523;0.625;0.63477;0.64453;0.6543;0.66406;0.67383;0.68359;0.69336;0.70313;0.71289;0.72266;0.73242;0.74219;0.75195;0.76172;0.77148;0.78125;0.79102,0.004172799999999999;0.00561664;0.0083712;0.011984896;0.033317888000000004;0.08259379199999999;0.245747712;0.49246208;0.591755264;0.540730368;0.428700672;0.33038438400000003;0.344383488;0.29954048;0.27726335999999996;0.19390464000000002;0.14994636800000002;0.16239104000000001;0.16927334400000002;0.17500979200000003;0.14432153600000003;0.091111424;0.102793216;0.07901286399999999;0.048132096;0.050125824;0.062030848;0.04556595200000001;0.040530944;0.035470336000000005;0.028260352000000002;0.045881344;0.03884544;0.023986175999999998;0.021528576;0.016136192;0.013971456;0.011014144;0.013010944;0.013874176;0.01897472;0.013161472;0.008052736;0.008091648;0.01071616;0.013848576;0.007451647999999999;0.007096320000000001;0.009044992;0.008287232;0.006498304;0.00894464;0.006475776;0.0056555519999999995;0.00406528;0.00416256;0.004559872;0.002341888;0.0035532800000000002;0.004974592000000001;0.003801088;0.0028753920000000005;0.002654208;0.001937408;0.002172928;0.0017561599999999999;0.00272896;0.002363392;0.0017203200000000002;0.001686528;0.0026624;0.0023511039999999997;0.001301504;0.0008325120000000001;0.000986112;0.00128512;0.001676288;0.0013568;0.001180672
1784789100,hdr,0.0293;0.03906;0.04883;0.05859;0.06836;0.07813;0.08789;0.09766;0.10742;0.11719;0.12695;0.13672;0.14648;0.15625;0.16602;0.17578;0.18555;0.19531;0.20508;0.21484;0.22461;0.23438;0.24414;0.25391;0.26367;0.27344;0.2832;0.29297;0.30273;0.3125;0.32227;0.33203;0.3418;0.35156;0.36133;0.37109;0.38086;0.39063;0.40039;0.41016;0.41992;0.42969;0.43945;0.44922;0.45898;0.46875;0.47852;0.48828;0.49805;0.50781;0.51758;0.52734;0.53711;0.54688;0.55664;0.56641;0.57617;0.58594;0.5957;0.60547;0.61523;0.625;0.63477;0.64453;0.6543;0.66406;0.67383;0.68359;0.69336;0.70313;0.71289;0.72266;0.73242;0.74219;0.75195;0.76172;0.77148;0.78125;0.79102,0.007519232;0.012531712000000002;0.013904896;0.014062592;0.044542976000000005;0.06528204800000001;0.124745728;0.272946176;0.461846528;0.558021632;0.47375462399999996;0.294315008;0.192903168;0.177231872;0.240407552;0.27705958399999997;0.148747264;0.107849728;0.14377472;0.15576063999999998;0.12650496;0.10052403200000001;0.062779392;0.07210598400000001;0.075947008;0.072672256;0.043041792;0.055584768;0.046475264;0.04332032;0.030569472;0.024092672;0.033710079999999996;0.028477440000000003;0.020025344;0.023725055999999998;0.016603135999999998;0.015107072000000001;0.012898304;0.013875199999999999;0.021374976;0.018875392;0.01117184;0.010715135999999998;0.007202816000000001;0.008262655999999998;0.006908928000000001;0.004232192;0.00610816;0.007820288;0.008322048;0.006012928;0.005938176000000001;0.00611328;0.005219328;0.005999616;0.00566272;0.007161855999999999;0.0034713599999999997;0.002776064;0.0032890880000000003;0.0016691199999999998;0.0027863040000000003;0.0032757759999999998;0.004494335999999999;0.00343552;0.002833408;0.0031016959999999997;0.002530304;0.001895424;0.0024719359999999997;0.001900544;0.0018974719999999999;0.002840576;0.002173952;0.0013035520000000001;0.0011120639999999998;0.000651264;0.00080384
1784790000,hdr,0.0293;0.03906;0.04883;0.05859;0.06836;0.07813;0.08789;0.09766;0.10742;0.11719;0.12695;0.13672;0.14648;0.15625;0.16602;0.17578;0.18555;0.19531;0.20508;0.21484;0.22461;0.23438;0.24414;0.25391;0.26367;0.27344;0.2832;0.29297;0.30273;0.3125;0.32227;0.33203;0.3418;0.35156;0.36133;0.37109;0.38086;0.39063;0.40039;0.41016;0.41992;0.42969;0.43945;0.44922;0.45898;0.46875;0.47852;0.48828;0.49805;0.50781;0.51758;0.52734;0.53711;0.54688;0.55664;0.56641;0.57617;0.58594;0.5957;0.60547;0.61523;0.625;0.63477;0.64453;0.6543;0.66406;0.67383;0.68359;0.69336;0.70313;0.71289;0.72266;0.73242;0.74219;0.75195;0.76172;0.77148;0.78125;0.79102,0.004785152;0.010149888000000001;0.008459264;0.011547648;0.031133696;0.094659584;0.34039500800000005;0.6032302079999999;0.6419374080000001;0.5213450239999999;0.39558451200000005;0.268585984;0.291970048;0.333743104;0.266172416;0.165768192;0.187850752;0.187849728;0.087279616;0.095676416;0.11642982399999999;0.097516544;0.114916352;0.07745126399999999;0.0666112;0.064823296;0.057870336;0.069936128;0.041008128;0.041711616;0.045845504;0.046973952;0.031640576000000004;0.0205568;0.020139008;0.018737151999999997;0.023638016;0.014688256000000002;0.012059648;0.015740928;0.010457088;0.010350592;0.008254464;0.011641855999999999;0.00872448;0.007491584;0.00973312;0.011763711999999999;0.008546304;0.006811648;0.006247424;0.004277248000000001;0.00350208;0.007725056;0.006361088;0.00508928;0.00452096;0.0036884480000000004;0.0024954879999999997;0.002566144;0.003412992;0.0038963199999999996;0.003117056;0.002666496;0.00256;0.0027514880000000003;0.002337792;0.0023470080000000003;0.00242688;0.0024156159999999998;0.002212864;0.002267136;0.0016179200000000001;0.00180224;0.001323008;0.001283072;0.001015808;0.000817152;0.001248256
1784790900,hdr,0.0293;0.03906;0.04883;0.05859;0.06836;0.07813;0.08789;0.09766;0.10742;0.11719;0.12695;0.13672;0.14648;0.15625;0.16602;0.17578;0.18555;0.19531;0.20508;0.21484;0.22461;0.23438;0.24414;0.25391;0.26367;0.27344;0.2832;0.29297;0.30273;0.3125;0.32227;0.33203;0.3418;0.35156;0.36133;0.37109;0.38086;0.39063;0.40039;0.41016;0.41992;0.42969;0.43945;0.44922;0.45898;0.46875;0.47852;0.48828;0.49805;0.50781;0.51758;0.52734;0.53711;0.54688;0.55664;0.56641;0.57617;0.58594;0.5957;0.60547;0.61523;0.625;0.63477;0.64453;0.6543;0.66406;0.67383;0.68359;0.69336;0.70313;0.71289;0.72266;0.73242;0.74219;0.75195;0.76172;0.77148;0.78125;0.79102,0.00275968;0.00545792;0.007189504;0.007565312;0.029465599999999998;0.11128217600000001;0.23285759999999997;0.517470208;0.5055303680000001;0.702040064;0.520950784;0.35963289600000004;0.32655667200000005;0.19845632000000002;0.11886387200000001;0.158209024;0.175391744;0.196923392;0.16164147199999998;0.11349708800000001;0.12983910399999998;0.10880511999999999;0.057311232;0.052601856;0.049733632;0.045428736;0.041699328;0.073905152;0.07426252800000001;0.029165568;0.033024;0.03945472;0.028187648000000003;0.024213504;0.022152191999999998;0.023815168;0.018026496000000003;0.01242624;0.009964544;0.021242880000000002;0.022575104;0.011747328;0.010710016;0.011613184;0.01074688;0.0063846400000000005;0.009398272000000001;0.010870784;0.009521152;0.007148544;0.0072857600000000005;0.007092224;0.003922944;0.005276672;0.004690944000000001;0.002968576;0.0030986240000000003;0.003600384;0.002640896;0.002746368;0.0020951040000000004;0.003592192;0.004516864;0.003816448;0.002794496;0.0026368000000000003;0.0024739840000000003;0.0032440319999999996;0.0028999679999999997;0.003079168;0.0021626880000000003;0.0016291839999999999;0.001893376;0.001637376;0.001466368;0.001475584;0.001256448;0.0013639680000000001;0.001159168
1784791800,hdr,0.0293;0.03906;0.04883;0.05859;0.06836;0.07813;0.08789;0.09766;0.10742;0.11719;0.12695;0.13672;0.14648;0.15625;0.16602;0.17578;0.18555;0.19531;0.20508;0.21484;0.22461;0.23438;0.24414;0.25391;0.26367;0.27344;0.2832;0.29297;0.30273;0.3125;0.32227;0.33203;0.3418;0.35156;0.36133;0.37109;0.38086;0.39063;0.40039;0.41016;0.41992;0.42969;0.43945;0.44922;0.45898;0.46875;0.47852;0.48828;0.49805;0.50781;0.51758;0.52734;0.53711;0.54688;0.55664;0.56641;0.57617;0.58594;0.5957;0.60547;0.61523;0.625;0.63477;0.64453;0.6543;0.66406;0.67383;0.68359;0.69336;0.70313;0.71289;0.72266;0.73242;0.74219;0.75195;0.76172;0.77148;0.78125;0.79102,0.005902336;0.01097216;0.007126016;0.01308672;0.023775232;0.09743155199999999;0.160712704;0.3929088;0.39964672;0.407912448;0.37609983999999996;0.28510719999999995;0.20744192;0.21387980799999998;0.187744256;0.146287616;0.114767872;0.12292710400000001;0.13459763200000002;0.105356288;0.07647232;0.088725504;0.10369331200000001;0.123845632;0.087599104;0.084455424;0.060636159999999995;0.039737343999999994;0.034362368;0.029232128;0.033988608000000003;0.051354624;0.040271872;0.024020991999999998;0.016670719999999997;0.020509696;0.022105088;0.014775296;0.016899072;0.018034687999999997;0.013682688;0.011588608;0.01094656;0.008402943999999999;0.010434559999999999;0.008576;0.004615167999999999;0.004912128;0.005813247999999999;0.009385984;0.008035328;0.003560448;0.003444736;0.006032384;0.005751808;0.0029859840000000006;0.0050503679999999995;0.0038338559999999996;0.00472576;0.007662591999999999;0.0050677759999999995;0.00331264;0.002676736;0.002241536;0.00237056;0.002077696;0.0017479680000000001;0.001476608;0.0023500800000000005;0.0021626880000000003;0.00195072;0.001134592;0.001079296;0.001258496;0.0010014719999999998;0.0016936960000000002;0.0014243840000000001;0.00125952;0.0016220159999999998
1784792700,hdr,0.0293;0.03906;0.04883;0.05859;0.06836;0.07813;0.08789;0.09766;0.10742;0.11719;0.12695;0.13672;0.14648;0.15625;0.16602;0.17578;0.18555;0.19531;0.20508;0.21484;0.22461;0.23438;0.24414;0.25391;0.26367;0.27344;0.2832;0.29297;0.30273;0.3125;0.32227;0.33203;0.3418;0.35156;0.36133;0.37109;0.38086;0.39063;0.40039;0.41016;0.41992;0.42969;0.43945;0.44922;0.45898;0.46875;0.47852;0.48828;0.49805;0.50781;0.51758;0.52734;0.53711;0.54688;0.55664;0.56641;0.57617;0.58594;0.5957;0.60547;0.61523;0.625;0.63477;0.64453;0.6543;0.66406;0.67383;0.68359;0.69336;0.70313;0.71289;0.72266;0.73242;0.74219;0.75195;0.76172;0.77148;0.78125;0.79102,0.005470208000000001;0.008869888;0.0036730879999999997;0.004324352;0.025329664;0.08379596800000001;0.216426496;0.6885048319999999;0.693747712;0.5660579840000001;0.510536704;0.2837248;0.34849894400000003;0.334770176;0.256535552;0.21716787199999998;0.155215872;0.16167526399999999;0.209549312;0.198326272;0.181293056;0.127173632;0.068491264;0.077601792;0.0545024;0.036263936000000004;0.05105664;0.046197760000000004;0.054763519999999996;0.054912;0.04580659200000001;0.029691904;0.026391552;0.027976704;0.029442048;0.016802815999999998;0.015352831999999999;0.015785984;0.017024;0.018212864000000002;0.016242688;0.010038271999999999;0.01116672;0.011940863999999999;0.009872384;0.007428096;0.008072191999999999;0.007834624;0.0057200639999999995;0.004538368;0.009193472;0.007134208;0.0052121599999999995;0.004678656;0.00592896;0.004621312;0.00285696;0.00210944;0.00236032;0.0023674879999999996;0.00283136;0.002579456;0.002445312;0.0036577280000000003;0.0023818240000000003;0.0020172799999999998;0.002318336;0.002588672;0.001954816;0.001498112;0.00141824;0.0017530879999999999;0.0023265280000000004;0.00202752;0.001113088;0.000753664;0.000898048;0.0007086080000000001;0.00048025600000000003
1784793600,hdr,0.0293;0.03906;0.04883;0.05859;0.06836;0.07813;0.08789;0.09766;0.10742;0.11719;0.12695;0.13672;0.14648;0.15625;0.16602;0.17578;0.18555;0.19531;0.20508;0.21484;0.22461;0.23438;0.24414;0.25391;0.26367;0.27344;0.2832;0.29297;0.30273;0.3125;0.32227;0.33203;0.3418;0.35156;0.36133;0.37109;0.38086;0.39063;0.40039;0.41016;0.41992;0.42969;0.43945;0.44922;0.45898;0.46875;0.47852;0.48828;0.49805;0.50781;0.51758;0.52734;0.53711;0.54688;0.55664;0.56641;0.57617;0.58594;0.5957;0.60547;0.61523;0.625;0.63477;0.64453;0.6543;0.66406;0.67383;0.68359;0.69336;0.70313;0.71289;0.72266;0.73242;0.74219;0.75195;0.76172;0.77148;0.78125;0.79102,0.004122624;0.00673792;0.006868992;0.005234688;0.032177152;0.134193152;0.302198784;0.6211512320000001;0.7804866560000001;0.79837696;0.705836032;0.5234524159999999;0.46162432000000003;0.250819584;0.21901619199999997;0.157427712;0.143346688;0.234063872;0.193026048;0.16716288;0.149950464;0.180368384;0.116017152;0.07732736;0.067334144;0.06761984;0.05413888;0.046583808;0.029369344000000002;0.038998016;0.05574041600000001;0.07642931199999999;0.057915392;0.02139136;0.019401728;0.022080512;0.012960768;0.009977856;0.009989119999999999;0.006863871999999999;0.008032256;0.009696255999999999;0.00897536;0.010696704;0.011238399999999999;0.008968192000000002;0.010586112;0.008962047999999999;0.007010304;0.005270527999999999;0.003325952;0.0048762879999999995;0.004690944000000001;0.00482816;0.006582272;0.006818816;0.004555776;0.003216384;0.00384512;0.002185216;0.003042304;0.003629056;0.0025333760000000004;0.001847296;0.002412544;0.0017192959999999997;0.0012001280000000002;0.001103872;0.002080768;0.001430528;0.0011632640000000002;0.0020633599999999998;0.002229248;0.0019660800000000003;0.001220608;0.001381376;0.001755136;0.001446912;0.001461248
1784794500,hdr,0.0293;0.03906;0.04883;0.05859;0.06836;0.07813;0.08789;0.09766;0.10742;0.11719;0.12695;0.13672;0.14648;0.15625;0.16602;0.17578;0.18555;0.19531;0.20508;0.21484;0.22461;0.23438;0.24414;0.25391;0.26367;0.27344;0.2832;0.29297;0.30273;0.3125;0.32227;0.33203;0.3418;0.35156;0.36133;0.37109;0.38086;0.39063;0.40039;0.41016;0.41992;0.42969;0.43945;0.44922;0.45898;0.46875;0.47852;0.48828;0.49805;0.50781;0.51758;0.52734;0.53711;0.54688;0.55664;0.56641;0.57617;0.58594;0.5957;0.60547;0.61523;0.625;0.63477;0.64453;0.6543;0.66406;0.67383;0.68359;0.69336;0.70313;0.71289;0.72266;0.73242;0.74219;0.75195;0.76172;0.77148;0.78125;0.79102,0.005271552;0.006414336;0.006295551999999999;0.006424576;0.023026688;0.16327168;0.444777472;0.625102848;0.6366945279999999;0.5037312;0.383193088;0.25182208;0.26447872000000006;0.17213952000000002;0.14628864;0.19513344;0.22250496000000003;0.178307072;0.16535039999999998;0.18684620799999999;0.12157132799999999;0.13577830400000002;0.126050304;0.126304256;0.14734745600000002;0.104164352;0.071558144;0.058893311999999996;0.057709568;0.051668992000000004;0.040476672;0.03551232;0.043922432;0.023979008000000003;0.020467712;0.018367488;0.023177216;0.020795392;0.013077503999999998;0.012905472;0.013407232;0.012037119999999998;0.010822656000000002;0.00882176;0.007841792;0.008595456;0.012744703999999999;0.013044736000000001;0.010387456;0.008335359999999998;0.006654976;0.004066304;0.00556544;0.005792768;0.0044677119999999996;0.006207488;0.006327296;0.0046223359999999995;0.002989056;0.0023920639999999997;0.004291584000000001;0.005153792000000001;0.003693568;0.002650112;0.003319808;0.003385344;0.00310784;0.00262144;0.0019947520000000002;0.001956864;0.0023511039999999997;0.001958912;0.0013690880000000003;0.0007843840000000001;0.0011776;0.0014458880000000002;0.001457152;0.0009431040000000001;0.001086464
1784795400,hdr,0.0293;0.03906;0.04883;0.05859;0.06836;0.07813;0.08789;0.09766;0.10742;0.11719;0.12695;0.13672;0.14648;0.15625;0.16602;0.17578;0.18555;0.19531;0.20508;0.21484;0.22461;0.23438;0.24414;0.25391;0.26367;0.27344;0.2832;0.29297;0.30273;0.3125;0.32227;0.33203;0.3418;0.35156;0.36133;0.37109;0.38086;0.39063;0.40039;0.41016;0.41992;0.42969;0.43945;0.44922;0.45898;0.46875;0.47852;0.48828;0.49805;0.50781;0.51758;0.52734;0.53711;0.54688;0.55664;0.56641;0.57617;0.58594;0.5957;0.60547;0.61523;0.625;0.63477;0.64453;0.6543;0.66406;0.67383;0.68359;0.69336;0.70313;0.71289;0.72266;0.73242;0.74219;0.75195;0.76172;0.77148;0.78125;0.79102,0.001461248;0.002850816;0.0025856;0.001188864;0.017004543999999996;0.111780864;0.442930176;0.842896384;0.554989568;0.35652812799999994;0.36314931200000006;0.24395776;0.318848;0.12470784000000001;0.16914739199999998;0.12414976;0.14490009599999998;0.21459148800000002;0.184634368;0.172873728;0.135826432;0.11981209599999999;0.09970176;0.082566144;0.097688576;0.068773888;0.05067776;0.043654144;0.047671295999999995;0.050712576;0.040727552;0.034975743999999996;0.023246847999999997;0.029903871999999998;0.029825024;0.025867264;0.025512959999999998;0.02213888;0.01737216;0.021123072;0.016726016;0.013203455999999999;0.012832768;0.007498751999999999;0.008689664000000001;0.009630719999999999;0.013056;0.0107776;0.006782976;0.007983104;0.008421376;0.010238975999999999;0.007917568;0.007733248;0.004562943999999999;0.004414464;0.005515264;0.004325376000000001;0.005520384;0.004133888;0.002967552;0.00263168;0.0034754559999999996;0.004470783999999999;0.002799616;0.0019968;0.002847744;0.002318336;0.0018278399999999998;0.0013342719999999998;0.0016445440000000002;0.00163328;0.001383424;0.001176576;0.001590272;0.001542144;0.001410048;0.0011755519999999998;0.0006737919999999999
1784796300,hdr,0.0293;0.03906;0.04883;0.05859;0.06836;0.07813;0.08789;0.09766;0.10742;0.11719;0.12695;0.13672;0.14648;0.15625;0.16602;0.17578;0.18555;0.19531;0.20508;0.21484;0.22461;0.23438;0.24414;0.25391;0.26367;0.27344;0.2832;0.29297;0.30273;0.3125;0.32227;0.33203;0.3418;0.35156;0.36133;0.37109;0.38086;0.39063;0.40039;0.41016;0.41992;0.42969;0.43945;0.44922;0.45898;0.46875;0.47852;0.48828;0.49805;0.50781;0.51758;0.52734;0.53711;0.54688;0.55664;0.56641;0.57617;0.58594;0.5957;0.60547;0.61523;0.625;0.63477;0.64453;0.6543;0.66406;0.67383;0.68359;0.69336;0.70313;0.71289;0.72266;0.73242;0.74219;0.75195;0.76172;0.77148;0.78125;0.79102,0.002976768;0.002522112;0.0036720640000000005;0.009196544;0.027159552;0.187592704;0.63530496;0.8768153600000002;0.654685184;0.36492902400000005;0.46009856;0.299216896;0.28511641600000004;0.161693696;0.15862476799999997;0.172763136;0.13708595199999998;0.126214144;0.2412544;0.194619392;0.09584640000000001;0.07515340799999999;0.067224576;0.06470451199999999;0.070801408;0.078078976;0.08298291199999999;0.073033728;0.045759488;0.032914432;0.029945856;0.028765184000000003;0.02654208;0.033099776;0.034966528;0.021282816;0.016188416;0.014038016000000002;0.016277504;0.025053184000000003;0.020547583999999997;0.017873919999999998;0.018419711999999998;0.014514176000000002;0.008749055999999998;0.009387008;0.006987776;0.007886848;0.009347072;0.0069498879999999996;0.009043968;0.009758720000000002;0.005495808;0.005303295999999999;0.0064348159999999995;0.004588544;0.0041144319999999995;0.004937728;0.004173824;0.002911232;0.003670016;0.002530304;0.001722368;0.002512896;0.0021329920000000002;0.00210944;0.002204672;0.0025047039999999995;0.002363392;0.00262144;0.0021606399999999997;0.001507328;0.0015984640000000002;0.0016066560000000001;0.000992256;0.001329152;0.000854016;0.001145856;0.001188864
1784798100,hdr,0.0293;0.03906;0.04883;0.05859;0.06836;0.07813;0.08789;0.09766;0.10742;0.11719;0.12695;0.13672;0.14648;0.15625;0.16602;0.17578;0.18555;0.19531;0.20508;0.21484;0.22461;0.23438;0.24414;0.25391;0.26367;0.27344;0.2832;0.29297;0.30273;0.3125;0.32227;0.33203;0.3418;0.35156;0.36133;0.37109;0.38086;0.39063;0.40039;0.41016;0.41992;0.42969;0.43945;0.44922;0.45898;0.46875;0.47852;0.48828;0.49805;0.50781;0.51758;0.52734;0.53711;0.54688;0.55664;0.56641;0.57617;0.58594;0.5957;0.60547;0.61523;0.625;0.63477;0.64453;0.6543;0.66406;0.67383;0.68359;0.69336;0.70313;0.71289;0.72266;0.73242;0.74219;0.75195;0.76172;0.77148;0.78125;0.79102,0.002115584;0.003120128;0.003067904;0.0031559680000000003;0.007927808;0.07267942399999999;0.39788441599999996;0.763318272;0.8158976;0.666884096;0.331436032;0.24409088;0.237873152;0.31327744;0.283926528;0.168716288;0.09761279999999999;0.19004620800000002;0.18019635199999998;0.161371136;0.18815590399999998;0.12115763200000002;0.067627008;0.050835456;0.075290624;0.06371328;0.053531647999999994;0.05353472;0.044134400000000004;0.046234623999999995;0.036652032;0.031004671999999997;0.022091775999999997;0.0252928;0.028949504;0.03282432;0.024843264000000004;0.021266432;0.022006783999999998;0.008283136;0.010827775999999999;0.014394368000000001;0.012890112;0.008711168000000002;0.010025983999999998;0.009840640000000001;0.009481216;0.005699584;0.009259007999999999;0.00712192;0.004642816;0.005636096;0.005169152;0.0054538239999999995;0.005607424;0.004773888;0.005694464;0.0057896959999999996;0.004267008;0.003674112;0.0033423359999999996;0.001963008;0.00159232;0.003054592;0.003136512;0.0033208319999999997;0.0038461439999999997;0.003267584;0.0025825279999999997;0.0017244159999999999;0.001572864;0.001265664;0.001028096;0.001583104;0.001472512;0.0012451839999999999;0.0010936319999999998;0.000884736;0.001137664
1784799000,hdr,0.0293;0.03906;0.04883;0.05859;0.06836;0.07813;0.08789;0.09766;0.10742;0.11719;0.12695;0.13672;0.14648;0.15625;0.16602;0.17578;0.18555;0.19531;0.20508;0.21484;0.22461;0.23438;0.24414;0.25391;0.26367;0.27344;0.2832;0.29297;0.30273;0.3125;0.32227;0.33203;0.3418;0.35156;0.36133;0.37109;0.38086;0.39063;0.40039;0.41016;0.41992;0.42969;0.43945;0.44922;0.45898;0.46875;0.47852;0.48828;0.49805;0.50781;0.51758;0.52734;0.53711;0.54688;0.55664;0.56641;0.57617;0.58594;0.5957;0.60547;0.61523;0.625;0.63477;0.64453;0.6543;0.66406;0.67383;0.68359;0.69336;0.70313;0.71289;0.72266;0.73242;0.74219;0.75195;0.76172;0.77148;0.78125;0.79102,0.0020592640000000003;0.003813376;0.00309248;0.005425152;0.013830144;0.093554688;0.590314496;0.9415106560000001;0.9158144;0.639952896;0.382685184;0.44558643200000003;0.345920512;0.1176064;0.19789312000000003;0.194563072;0.223899648;0.16385331199999997;0.19833446400000002;0.16263065599999998;0.13006438399999998;0.113968128;0.101397504;0.07639961599999999;0.06794752;0.06765363199999999;0.047868928;0.040662016;0.059424768;0.057357312;0.04343296;0.038577151999999997;0.028697600000000004;0.030206976000000003;0.03717632;0.022846464;0.015459328;0.01916416;0.018779136000000002;0.0189696;0.016359424;0.010728448;0.011823104000000001;0.012387328;0.013119488;0.010645504;0.0100096;0.008875008;0.007616512000000001;0.006427647999999999;0.01178624;0.009282559999999999;0.009066496;0.009265152;0.005066752000000001;0.003707904;0.004500479999999999;0.0039772159999999996;0.003975168;0.0039321600000000005;0.004235264;0.002563072;0.0016250880000000002;0.001243136;0.002097152;0.0025651199999999997;0.002254848;0.002082816;0.001990656;0.001755136;0.001408;0.0009021439999999999;0.0013424640000000002;0.001062912;0.0008192000000000001;0.0011776;0.001385472;0.000990208;0.001161216
1784799900,hdr,0.0293;0.03906;0.04883;0.05859;0.06836;0.07813;0.08789;0.09766;0.10742;0.11719;0.12695;0.13672;0.14648;0.15625;0.16602;0.17578;0.18555;0.19531;0.20508;0.21484;0.22461;0.23438;0.24414;0.25391;0.26367;0.27344;0.2832;0.29297;0.30273;0.3125;0.32227;0.33203;0.3418;0.35156;0.36133;0.37109;0.38086;0.39063;0.40039;0.41016;0.41992;0.42969;0.43945;0.44922;0.45898;0.46875;0.47852;0.48828;0.49805;0.50781;0.51758;0.52734;0.53711;0.54688;0.55664;0.56641;0.57617;0.58594;0.5957;0.60547;0.61523;0.625;0.63477;0.64453;0.6543;0.66406;0.67383;0.68359;0.69336;0.70313;0.71289;0.72266;0.73242;0.74219;0.75195;0.76172;0.77148;0.78125;0.79102,0.00605184;0.013684736;0.010796032;0.005849088;0.014767104;0.074456064;0.6340812800000001;1.008935936;0.661660672;0.49532108799999996;0.43256012800000004;0.399099904;0.37291929599999996;0.26157158399999997;0.18893824;0.156986368;0.19359744;0.15298048;0.11645747199999999;0.082233344;0.108493824;0.123245568;0.075901952;0.07332659200000001;0.056516608;0.045884416000000004;0.039217152000000005;0.0544;0.03748864;0.031342592;0.022439935999999997;0.02125312;0.029298688;0.031429632;0.026253312;0.017620992000000002;0.025307135999999997;0.023143424;0.0245248;0.018655232;0.014630912000000001;0.01366016;0.014881792000000001;0.012133376;0.012065791999999999;0.014635008;0.014605312;0.013334528;0.006880256;0.00463872;0.005566464;0.005185536;0.004603904000000001;0.0057999359999999995;0.007160832000000001;0.011024384;0.008335359999999998;0.005781504;0.005091327999999999;0.004774911999999999;0.004973568;0.0038717440000000003;0.002837504;0.00221696;0.0022067199999999997;0.002548736;0.00217088;0.002008064;0.0017684480000000002;0.001795072;0.001409024;0.00136704;0.001581056;0.002159616;0.001910784;0.0017479680000000001;0.0016988160000000001;0.001174528;0.00104448
1784800800,hdr,0.0293;0.03906;0.04883;0.05859;0.06836;0.07813;0.08789;0.09766;0.10742;0.11719;0.12695;0.13672;0.14648;0.15625;0.16602;0.17578;0.18555;0.19531;0.20508;0.21484;0.22461;0.23438;0.24414;0.25391;0.26367;0.27344;0.2832;0.29297;0.30273;0.3125;0.32227;0.33203;0.3418;0.35156;0.36133;0.37109;0.38086;0.39063;0.40039;0.41016;0.41992;0.42969;0.43945;0.44922;0.45898;0.46875;0.47852;0.48828;0.49805;0.50781;0.51758;0.52734;0.53711;0.54688;0.55664;0.56641;0.57617;0.58594;0.5957;0.60547;0.61523;0.625;0.63477;0.64453;0.6543;0.66406;0.67383;0.68359;0.69336;0.70313;0.71289;0.72266;0.73242;0.74219;0.75195;0.76172;0.77148;0.78125;0.79102,0.0005632;0.004601856;0.00484352;0.006801408;0.014917632;0.077707264;0.609101824;1.192480768;0.796397568;0.390367232;0.31468339200000006;0.18988032000000002;0.296075264;0.283015168;0.156841984;0.16833740800000002;0.216403968;0.17982668799999998;0.21875916799999998;0.191471616;0.127762432;0.07697612799999999;0.106971136;0.089063424;0.058580992;0.04994252800000001;0.069470208;0.040994815999999996;0.041222144;0.051709952;0.036870144;0.02305024;0.028598272;0.024686592;0.016310272;0.020441088;0.018917376;0.024303616;0.021551103999999998;0.013651968;0.010440704;0.01083392;0.009627648;0.017696768;0.012238848;0.008839168000000001;0.014968832;0.01292288;0.00978944;0.007954431999999999;0.008396800000000001;0.007110656;0.005830656;0.006150144000000001;0.00413696;0.003063808;0.00253952;0.002228224;0.003874816;0.003551232;0.0024309759999999996;0.0034488319999999998;0.003006464;0.00334848;0.002787328;0.002811904;0.002123776;0.0021893120000000005;0.00137216;0.001241088;0.001675264;0.0014561280000000001;0.0009830400000000001;0.001517568;0.001480704;0.0011120639999999998;0.001202176;0.001214464;0.00099328
1784801700,hdr,0.0293;0.03906;0.04883;0.05859;0.06836;0.07813;0.08789;0.09766;0.10742;0.11719;0.12695;0.13672;0.14648;0.15625;0.16602;0.17578;0.18555;0.19531;0.20508;0.21484;0.22461;0.23438;0.24414;0.25391;0.26367;0.27344;0.2832;0.29297;0.30273;0.3125;0.32227;0.33203;0.3418;0.35156;0.36133;0.37109;0.38086;0.39063;0.40039;0.41016;0.41992;0.42969;0.43945;0.44922;0.45898;0.46875;0.47852;0.48828;0.49805;0.50781;0.51758;0.52734;0.53711;0.54688;0.55664;0.56641;0.57617;0.58594;0.5957;0.60547;0.61523;0.625;0.63477;0.64453;0.6543;0.66406;0.67383;0.68359;0.69336;0.70313;0.71289;0.72266;0.73242;0.74219;0.75195;0.76172;0.77148;0.78125;0.79102,0.0030822400000000004;0.004535295999999999;0.005409792;0.007097344;0.018244608;0.095548416;0.72701952;0.92640256;0.712334336;0.521153536;0.397026304;0.289181696;0.227644416;0.187055104;0.17206067200000003;0.24680448000000002;0.180297728;0.101520384;0.079259648;0.07916031999999999;0.094406656;0.0864256;0.09494425599999999;0.071176192;0.048282623999999996;0.051999744;0.060600320000000006;0.046698496;0.042334208;0.024327168000000003;0.014651392;0.017055744;0.024947712;0.029636608000000002;0.020805631999999998;0.01862656;0.014511103999999999;0.01664;0.021357568;0.012676096;0.010309632;0.01645568;0.010373120000000001;0.0077568;0.00741376;0.007041024000000001;0.010155008;0.008999936;0.00906752;0.009444352000000001;0.007648256;0.0051712;0.00454144;0.003359744;0.004088832;0.004260864;0.00339968;0.0032532480000000003;0.002318336;0.00312832;0.0025405440000000005;0.0031395840000000004;0.002939904;0.002139136;0.0018636800000000002;0.00160768;0.001308672;0.0018155520000000002;0.002031616;0.001670144;0.0011468799999999999;0.0015226880000000001;0.001452032;0.0014151679999999999;0.001258496;0.000789504;0.0006952960000000001;0.000868352;0.000809984
1784802600,hdr,0.0293;0.03906;0.04883;0.05859;0.06836;0.07813;0.08789;0.09766;0.10742;0.11719;0.12695;0.13672;0.14648;0.15625;0.16602;0.17578;0.18555;0.19531;0.20508;0.21484;0.22461;0.23438;0.24414;0.25391;0.26367;0.27344;0.2832;0.29297;0.30273;0.3125;0.32227;0.33203;0.3418;0.35156;0.36133;0.37109;0.38086;0.39063;0.40039;0.41016;0.41992;0.42969;0.43945;0.44922;0.45898;0.46875;0.47852;0.48828;0.49805;0.50781;0.51758;0.52734;0.53711;0.54688;0.55664;0.56641;0.57617;0.58594;0.5957;0.60547;0.61523;0.625;0.63477;0.64453;0.6543;0.66406;0.67383;0.68359;0.69336;0.70313;0.71289;0.72266;0.73242;0.74219;0.75195;0.76172;0.77148;0.78125;0.79102,0.003868672;0.007713792;0.006313983999999999;0.0068608;0.015484928;0.074090496;0.52002816;0.9139066880000001;0.521025536;0.30140416;0.170676224;0.195592192;0.159475712;0.139776;0.16860876800000002;0.14418841599999999;0.077751296;0.054551552;0.063560704;0.122456064;0.16520806400000002;0.11912499200000001;0.063377408;0.042602496;0.045235199999999996;0.028253184;0.019130368000000002;0.027277311999999998;0.039268352;0.031505408;0.026078208;0.036401152;0.02835968;0.01910784;0.013497344;0.013490176;0.019870719999999998;0.01501184;0.016421888;0.021021696;0.012740608;0.007294976000000001;0.008072191999999999;0.009766912;0.01053184;0.00634368;0.0061777920000000005;0.007368703999999999;0.006027264;0.004011008;0.0039874559999999995;0.004655103999999999;0.0051968;0.0067184639999999995;0.005723136;0.004084736;0.003412992;0.005208064;0.005863424;0.005332992;0.004425728;0.002403328;0.002484224;0.002633728;0.002236416;0.0016179200000000001;0.0017561599999999999;0.0015206400000000002;0.001666048;0.001472512;0.0013352960000000001;0.00131072;0.001052672;0.0008601600000000001;0.0009431040000000001;0.001062912;0.00088064;0.000651264;0.000877568
1784803500,hdr,0.0293;0.03906;0.04883;0.05859;0.06836;0.07813;0.08789;0.09766;0.10742;0.11719;0.12695;0.13672;0.14648;0.15625;0.16602;0.17578;0.18555;0.19531;0.20508;0.21484;0.22461;0.23438;0.24414;0.25391;0.26367;0.27344;0.2832;0.29297;0.30273;0.3125;0.32227;0.33203;0.3418;0.35156;0.36133;0.37109;0.38086;0.39063;0.40039;0.41016;0.41992;0.42969;0.43945;0.44922;0.45898;0.46875;0.47852;0.48828;0.49805;0.50781;0.51758;0.52734;0.53711;0.54688;0.55664;0.56641;0.57617;0.58594;0.5957;0.60547;0.61523;0.625;0.63477;0.64453;0.6543;0.66406;0.67383;0.68359;0.69336;0.70313;0.71289;0.72266;0.73242;0.74219;0.75195;0.76172;0.77148;0.78125;0.79102,0.0008345599999999999;0.0023203839999999996;0.005312512;0.009114624;0.015361024000000001;0.061679616;0.31415807999999995;0.698807296;0.434451456;0.3820288;0.30349312;0.23939072;0.299817984;0.292876288;0.19394150400000001;0.12097536;0.075664384;0.08772608;0.116178944;0.113801216;0.09921024;0.06972211199999999;0.04647628799999999;0.032351232;0.040466432000000004;0.043411456;0.04217958399999999;0.029593599999999998;0.022196224;0.026829823999999995;0.023020544;0.017013760000000003;0.017011712;0.012717056;0.015607808;0.019206143999999998;0.013969407999999999;0.005293056;0.008208384;0.010484736;0.010715135999999998;0.008406015999999999;0.004740096;0.007427072;0.006669312;0.0052172799999999995;0.004419584000000001;0.00428032;0.004415488;0.004484096000000001;0.00451072;0.00299008;0.003679232;0.004962303999999999;0.004158464;0.004083712000000001;0.003311616;0.002306048;0.002147328;0.001936384;0.0016988160000000001;0.001814528;0.00141824;0.0017858560000000002;0.001564672;0.001967104;0.00199168;0.0014714879999999997;0.0017561599999999999;0.001412096;0.001031168;0.0007188480000000001;0.000626688;0.0008304639999999999;0.000736256;0.0007946240000000001;0.000580608;0.000525312;0.000526336
1784804400,hdr,0.0293;0.03906;0.04883;0.05859;0.06836;0.07813;0.08789;0.09766;0.10742;0.11719;0.12695;0.13672;0.14648;0.15625;0.16602;0.17578;0.18555;0.19531;0.20508;0.21484;0.22461;0.23438;0.24414;0.25391;0.26367;0.27344;0.2832;0.29297;0.30273;0.3125;0.32227;0.33203;0.3418;0.35156;0.36133;0.37109;0.38086;0.39063;0.40039;0.41016;0.41992;0.42969;0.43945;0.44922;0.45898;0.46875;0.47852;0.48828;0.49805;0.50781;0.51758;0.52734;0.53711;0.54688;0.55664;0.56641;0.57617;0.58594;0.5957;0.60547;0.61523;0.625;0.63477;0.64453;0.6543;0.66406;0.67383;0.68359;0.69336;0.70313;0.71289;0.72266;0.73242;0.74219;0.75195;0.76172;0.77148;0.78125;0.79102,0.00200704;0.003926016;0.0034365439999999997;0.0031897600000000003;0.017626111999999996;0.07048192;0.39530803200000003;0.906524672;0.664015872;0.380547072;0.219856896;0.111628288;0.141949952;0.147224576;0.160719872;0.14967603200000001;0.172696576;0.19299123199999998;0.11902259200000001;0.107958272;0.09653759999999999;0.09760768;0.073752576;0.038356992;0.046444544000000004;0.03792383999999999;0.0274944;0.03316736;0.044063744;0.03672576;0.021298176000000002;0.02301952;0.018408448;0.008323072;0.015789056;0.013791232;0.011450367999999999;0.009589760000000001;0.010198016;0.011106304000000001;0.011338752;0.009810944;0.010195968000000001;0.006800384;0.003622912;0.0057200639999999995;0.006152192;0.00541184;0.0036608;0.004663296;0.004378624000000001;0.004337664;0.00484352;0.004453375999999999;0.0042014719999999995;0.004661248;0.00408064;0.00221184;0.002197504;0.002909184;0.0027310080000000005;0.003457024;0.003058688;0.001600512;0.000852992;0.0012994559999999998;0.0018421759999999998;0.001117184;0.001226752;0.0011151359999999999;0.000510976;0.000712704;0.0010496000000000001;0.0006696959999999999;0.000625664;0.000569344;0.000434176;0.000283648;0.0005007359999999999
1784805300,hdr,0.0293;0.03906;0.04883;0.05859;0.06836;0.07813;0.08789;0.09766;0.10742;0.11719;0.12695;0.13672;0.14648;0.15625;0.16602;0.17578;0.18555;0.19531;0.20508;0.21484;0.22461;0.23438;0.24414;0.25391;0.26367;0.27344;0.2832;0.29297;0.30273;0.3125;0.32227;0.33203;0.3418;0.35156;0.36133;0.37109;0.38086;0.39063;0.40039;0.41016;0.41992;0.42969;0.43945;0.44922;0.45898;0.46875;0.47852;0.48828;0.49805;0.50781;0.51758;0.52734;0.53711;0.54688;0.55664;0.56641;0.57617;0.58594;0.5957;0.60547;0.61523;0.625;0.63477;0.64453;0.6543;0.66406;0.67383;0.68359;0.69336;0.70313;0.71289;0.72266;0.73242;0.74219;0.75195;0.76172;0.77148;0.78125;0.79102,0.002909184;0.006251520000000001;0.0046745599999999995;0.002067456;0.008613887999999998;0.047225856;0.33653043200000005;0.9605580800000001;0.782381056;0.340363264;0.272176128;0.17238220799999998;0.14135296;0.192602112;0.187188224;0.12706304000000002;0.110698496;0.114779136;0.105928704;0.110753792;0.115761152;0.07897088;0.04414464;0.062548992;0.047241216;0.043021312000000006;0.03135488;0.021180416;0.017937408000000002;0.026959872;0.034080768;0.02989568;0.027062272000000002;0.015287296;0.009988096000000002;0.011097088;0.010091519999999998;0.008413183999999999;0.00881152;0.007780352;0.013400064;0.014343168;0.008400895999999998;0.0071065600000000005;0.0061757439999999995;0.008655872000000002;0.007360512;0.0069621760000000005;0.007363584000000001;0.005351424;0.00526336;0.003985408;0.0033976320000000003;0.002973696;0.00285696;0.002592768;0.002274304;0.001872896;0.002368512;0.001639424;0.0017623040000000001;0.0022568959999999996;0.0020981759999999998;0.001734656;0.0013342719999999998;0.001227776;0.001504256;0.0014530559999999999;0.001202176;0.001084416;0.001338368;0.00163328;0.001404928;0.000905216;0.000566272;0.0007106559999999999;0.000873472;0.0006676480000000001;0.000539648
1784806200,hdr,0.0293;0.03906;0.04883;0.05859;0.06836;0.07813;0.08789;0.09766;0.10742;0.11719;0.12695;0.13672;0.14648;0.15625;0.16602;0.17578;0.18555;0.19531;0.20508;0.21484;0.22461;0.23438;0.24414;0.25391;0.26367;0.27344;0.2832;0.29297;0.30273;0.3125;0.32227;0.33203;0.3418;0.35156;0.36133;0.37109;0.38086;0.39063;0.40039;0.41016;0.41992;0.42969;0.43945;0.44922;0.45898;0.46875;0.47852;0.48828;0.49805;0.50781;0.51758;0.52734;0.53711;0.54688;0.55664;0.56641;0.57617;0.58594;0.5957;0.60547;0.61523;0.625;0.63477;0.64453;0.6543;0.66406;0.67383;0.68359;0.69336;0.70313;0.71289;0.72266;0.73242;0.74219;0.75195;0.76172;0.77148;0.78125;0.79102,0.0005898240000000001;0.002231296;0.0020172799999999998;0.002863104;0.012537856;0.04865126399999999;0.16912896000000002;0.44588134400000007;0.43983667200000004;0.358291456;0.23473766399999998;0.178158592;0.191555584;0.294004736;0.271440896;0.20005887999999997;0.120792064;0.104568832;0.10941747200000002;0.12333670399999999;0.114504704;0.071814144;0.048247807999999996;0.069491712;0.05414809600000001;0.037695488;0.029401088;0.029104128;0.03058176;0.020168704000000003;0.022455296000000003;0.014503936;0.012274688;0.013918208000000001;0.014639104;0.019108864;0.014742528;0.010027008;0.014508031999999999;0.014411776;0.010626048;0.007077888;0.004245504000000001;0.006114304;0.005781504;0.0035860479999999997;0.0061952;0.005769216000000001;0.003629056;0.0054272;0.0047216639999999995;0.00405504;0.0032573439999999997;0.0038819839999999998;0.003716096;0.002692096;0.0039495680000000005;0.003918848;0.004237312;0.0034488319999999998;0.001911808;0.001359872;0.002115584;0.00225792;0.001818624;0.000800768;0.000891904;0.000884736;0.001517568;0.001130496;0.0010680320000000002;0.0012165119999999999;0.000740352;0.000842752;0.0011161600000000002;0.000726016;0.000899072;0.000534528;0.000251904
1784807100,hdr,0.0293;0.03906;0.04883;0.05859;0.06836;0.07813;0.08789;0.09766;0.10742;0.11719;0.12695;0.13672;0.14648;0.15625;0.16602;0.17578;0.18555;0.19531;0.20508;0.21484;0.22461;0.23438;0.24414;0.25391;0.26367;0.27344;0.2832;0.29297;0.30273;0.3125;0.32227;0.33203;0.3418;0.35156;0.36133;0.37109;0.38086;0.39063;0.40039;0.41016;0.41992;0.42969;0.43945;0.44922;0.45898;0.46875;0.47852;0.48828;0.49805;0.50781;0.51758;0.52734;0.53711;0.54688;0.55664;0.56641;0.57617;0.58594;0.5957;0.60547;0.61523;0.625;0.63477;0.64453;0.6543;0.66406;0.67383;0.68359;0.69336;0.70313;0.71289;0.72266;0.73242;0.74219;0.75195;0.76172;0.77148;0.78125;0.79102,0.001999872;0.003332096;0.003457024;0.005030912;0.021613568;0.052204544;0.26074931199999996;0.48180224;0.406243328;0.22639616;0.173518848;0.168820736;0.17637888000000002;0.134427648;0.17431244799999998;0.14285312;0.091200512;0.101829632;0.150665216;0.104563712;0.08394752;0.119213056;0.057011200000000005;0.03769344;0.027871232;0.028530688000000002;0.03034624;0.028409856;0.025195519999999996;0.014857215999999998;0.010473472;0.012639232;0.015847424000000002;0.020888576000000002;0.017048576;0.011044864;0.009009152;0.011378688;0.009296896;0.005343232;0.005579776;0.006542335999999999;0.007181312;0.003928064;0.002844672;0.004133888;0.004929536;0.004098048000000001;0.0029460479999999997;0.0035235839999999997;0.0045373440000000004;0.0037683200000000003;0.0030228480000000003;0.0029655040000000003;0.0024299520000000004;0.004530176;0.0032174079999999997;0.002532352;0.0016435199999999999;0.0011509760000000002;0.0015779840000000002;0.0016988160000000001;0.001586176;0.0016936960000000002;0.001872896;0.0011407359999999998;0.001168384;0.001412096;0.0011151359999999999;0.001275904;0.00149504;0.001441792;0.001476608;0.0009420800000000001;0.00070656;0.0005232639999999998;0.00040243200000000004;0.0005324799999999999;0.000611328
1784808000,hdr,0.0293;0.03906;0.04883;0.05859;0.06836;0.07813;0.08789;0.09766;0.10742;0.11719;0.12695;0.13672;0.14648;0.15625;0.16602;0.17578;0.18555;0.19531;0.20508;0.21484;0.22461;0.23438;0.24414;0.25391;0.26367;0.27344;0.2832;0.29297;0.30273;0.3125;0.32227;0.33203;0.3418;0.35156;0.36133;0.37109;0.38086;0.39063;0.40039;0.41016;0.41992;0.42969;0.43945;0.44922;0.45898;0.46875;0.47852;0.48828;0.49805;0.50781;0.51758;0.52734;0.53711;0.54688;0.55664;0.56641;0.57617;0.58594;0.5957;0.60547;0.61523;0.625;0.63477;0.64453;0.6543;0.66406;0.67383;0.68359;0.69336;0.70313;0.71289;0.72266;0.73242;0.74219;0.75195;0.76172;0.77148;0.78125;0.79102,0.0031887359999999997;0.0016148479999999999;0.003040256;0.005879808;0.011652095999999999;0.030867456;0.20268851200000002;0.5403893759999999;0.395496448;0.322404352;0.16669388799999998;0.18590822399999998;0.27493888;0.259883008;0.337050624;0.134057984;0.10474700799999999;0.18119782399999998;0.127796224;0.098509824;0.088127488;0.073162752;0.048912384;0.036595712;0.050627583999999996;0.032596992;0.026430464;0.026534912;0.01640448;0.013654016;0.019181568;0.025964544000000003;0.01529856;0.007531520000000001;0.008101888000000002;0.008393728;0.008200191999999999;0.011829247999999999;0.010303488;0.0075694080000000006;0.005691392;0.004962303999999999;0.005838848;0.004322304;0.002220032;0.0023572479999999997;0.003110912;0.003105792;0.004083712000000001;0.0039168;0.0020756480000000002;0.0025180159999999997;0.0031088640000000002;0.00234496;0.0027453439999999994;0.002635776;0.002799616;0.004032511999999999;0.0037591039999999997;0.001855488;0.001408;0.001867776;0.001755136;0.001964032;0.001820672;0.0014899199999999998;0.0015114240000000001;0.001422336;0.0012871680000000002;0.001250304;0.001420288;0.001425408;0.0010649599999999998;0.000805888;0.0012083200000000001;0.0009697280000000001;0.000766976;0.000831488;0.0008192000000000001
1784808900,hdr,0.0293;0.03906;0.04883;0.05859;0.06836;0.07813;0.08789;0.09766;0.10742;0.11719;0.12695;0.13672;0.14648;0.15625;0.16602;0.17578;0.18555;0.19531;0.20508;0.21484;0.22461;0.23438;0.24414;0.25391;0.26367;0.27344;0.2832;0.29297;0.30273;0.3125;0.32227;0.33203;0.3418;0.35156;0.36133;0.37109;0.38086;0.39063;0.40039;0.41016;0.41992;0.42969;0.43945;0.44922;0.45898;0.46875;0.47852;0.48828;0.49805;0.50781;0.51758;0.52734;0.53711;0.54688;0.55664;0.56641;0.57617;0.58594;0.5957;0.60547;0.61523;0.625;0.63477;0.64453;0.6543;0.66406;0.67383;0.68359;0.69336;0.70313;0.71289;0.72266;0.73242;0.74219;0.75195;0.76172;0.77148;0.78125;0.79102,0.002468864;0.00766976;0.00640512;0.008572928;0.014380032;0.025390080000000002;0.161419264;0.386190336;0.37236736000000004;0.340924416;0.252291072;0.20130918399999997;0.222148608;0.21900288;0.12062105599999999;0.151008256;0.090671104;0.11842662400000001;0.15439872;0.134023168;0.07193395200000001;0.088813568;0.07493529599999998;0.069648384;0.063091712;0.040311808;0.02928128;0.032258048000000004;0.020651008000000002;0.028416;0.027444224;0.020456448;0.01929216;0.014898175999999999;0.011763711999999999;0.00852992;0.007061504;0.008484864;0.010671103999999999;0.009603071999999999;0.008656895999999999;0.0099072;0.008067072;0.005157888;0.006658048;0.005054464;0.00388096;0.00334848;0.005148672000000001;0.005797888000000001;0.00342016;0.0039168;0.0049807359999999995;0.003272704;0.002284544;0.002523136;0.002506752;0.0032;0.002148352;0.001610752;0.001618944;0.001540096;0.001675264;0.001755136;0.0017131520000000001;0.0020398079999999997;0.001870848;0.001654784;0.0018923520000000001;0.0012544;0.000812032;0.0006952960000000001;0.000891904;0.000638976;0.0012369920000000001;0.0010946560000000003;0.0006850560000000001;0.000616448;0.000551936
1784809800,hdr,0.0293;0.03906;0.04883;0.05859;0.06836;0.07813;0.08789;0.09766;0.10742;0.11719;0.12695;0.13672;0.14648;0.15625;0.16602;0.17578;0.18555;0.19531;0.20508;0.21484;0.22461;0.23438;0.24414;0.25391;0.26367;0.27344;0.2832;0.29297;0.30273;0.3125;0.32227;0.33203;0.3418;0.35156;0.36133;0.37109;0.38086;0.39063;0.40039;0.41016;0.41992;0.42969;0.43945;0.44922;0.45898;0.46875;0.47852;0.48828;0.49805;0.50781;0.51758;0.52734;0.53711;0.54688;0.55664;0.56641;0.57617;0.58594;0.5957;0.60547;0.61523;0.625;0.63477;0.64453;0.6543;0.66406;0.67383;0.68359;0.69336;0.70313;0.71289;0.72266;0.73242;0.74219;0.75195;0.76172;0.77148;0.78125;0.79102,0.003790848;0.007360512;0.006525952;0.006980608;0.010260479999999999;0.01985536;0.17654783999999998;0.6657167359999999;0.5190328319999999;0.20417638400000002;0.194618368;0.15833190400000002;0.166706176;0.20860620800000002;0.334111744;0.32036761599999997;0.166491136;0.071564288;0.121665536;0.14375833600000001;0.079813632;0.072420352;0.06504243200000001;0.06574284799999999;0.066623488;0.042631168000000004;0.028485631999999997;0.024030207999999997;0.016461824;0.019333120000000002;0.019110912;0.013805567999999999;0.017088512000000004;0.025505792000000003;0.014225408;0.008740864;0.010924032000000002;0.007939072;0.007944192;0.009332736000000001;0.0058419200000000004;0.004042752;0.00484352;0.005380095999999999;0.004850688;0.004491264;0.0048732160000000005;0.004054016;0.002445312;0.0024811519999999995;0.002476032;0.0022538239999999998;0.003224576;0.002725888;0.003088384;0.00229888;0.002369536;0.003991552;0.002914304;0.002705408;0.0032757759999999998;0.0022323200000000003;0.00159232;0.001490944;0.0012554240000000002;0.001408;0.0014438399999999998;0.0006696959999999999;0.0009697280000000001;0.001243136;0.0013475839999999998;0.001143808;0.00131072;0.0013219840000000002;0.0013639680000000001;0.00105472;0.001145856;0.000887808;0.000828416
1784810700,hdr,0.0293;0.03906;0.04883;0.05859;0.06836;0.07813;0.08789;0.09766;0.10742;0.11719;0.12695;0.13672;0.14648;0.15625;0.16602;0.17578;0.18555;0.19531;0.20508;0.21484;0.22461;0.23438;0.24414;0.25391;0.26367;0.27344;0.2832;0.29297;0.30273;0.3125;0.32227;0.33203;0.3418;0.35156;0.36133;0.37109;0.38086;0.39063;0.40039;0.41016;0.41992;0.42969;0.43945;0.44922;0.45898;0.46875;0.47852;0.48828;0.49805;0.50781;0.51758;0.52734;0.53711;0.54688;0.55664;0.56641;0.57617;0.58594;0.5957;0.60547;0.61523;0.625;0.63477;0.64453;0.6543;0.66406;0.67383;0.68359;0.69336;0.70313;0.71289;0.72266;0.73242;0.74219;0.75195;0.76172;0.77148;0.78125;0.79102,0.004132864;0.00482816;0.004672512;0.007097344;0.016971775999999997;0.044594176;0.213545984;0.88100864;0.8667688960000001;0.334067712;0.260470784;0.199775232;0.171865088;0.1615616;0.169216;0.14995148800000002;0.11980697600000001;0.090820608;0.116222976;0.12384256000000002;0.123209728;0.114057216;0.051618816;0.057109504;0.051777536;0.046053376;0.0317184;0.029635584000000003;0.025690112;0.020931584000000003;0.01511936;0.020959232;0.017600512;0.011377664;0.012335104;0.011129856;0.012119040000000001;0.008860671999999998;0.006228992;0.005466112;0.007370752;0.006706176;0.004173824;0.002555904;0.0037058559999999996;0.004608;0.0036403200000000003;0.004297728;0.00342016;0.002893824;0.002945024;0.0016711679999999998;0.0017408;0.002138112;0.002031616;0.003047424;0.0031569919999999995;0.003008512;0.0028600319999999998;0.0036894719999999996;0.003935232;0.0018421759999999998;0.001344512;0.001508352;0.001913856;0.002435072;0.0023838720000000004;0.001702912;0.0015103999999999999;0.00144896;0.001657856;0.001509376;0.001666048;0.0008212479999999999;0.00123904;0.001042432;0.000978944;0.001349632;0.0010199039999999999
1784811600,hdr,0.0293;0.03906;0.04883;0.05859;0.06836;0.07813;0.08789;0.09766;0.10742;0.11719;0.12695;0.13672;0.14648;0.15625;0.16602;0.17578;0.18555;0.19531;0.20508;0.21484;0.22461;0.23438;0.24414;0.25391;0.26367;0.27344;0.2832;0.29297;0.30273;0.3125;0.32227;0.33203;0.3418;0.35156;0.36133;0.37109;0.38086;0.39063;0.40039;0.41016;0.41992;0.42969;0.43945;0.44922;0.45898;0.46875;0.47852;0.48828;0.49805;0.50781;0.51758;0.52734;0.53711;0.54688;0.55664;0.56641;0.57617;0.58594;0.5957;0.60547;0.61523;0.625;0.63477;0.64453;0.6543;0.66406;0.67383;0.68359;0.69336;0.70313;0.71289;0.72266;0.73242;0.74219;0.75195;0.76172;0.77148;0.78125;0.79102,0.007436288;0.0046069760000000005;0.003245056;0.0063150079999999996;0.014649344;0.021082111999999997;0.126121984;0.43448832;0.547275776;0.327529472;0.21825535999999998;0.14961152000000003;0.190404608;0.17524019200000002;0.271833088;0.252203008;0.094524416;0.143731712;0.11712512;0.100472832;0.10434048;0.053164032;0.040078336000000006;0.033037312;0.026959872;0.035261440000000005;0.043588608;0.029619200000000002;0.0207616;0.026773504;0.0261632;0.020666367999999997;0.013034496000000001;0.011413504;0.013448192000000001;0.006709247999999999;0.007269376;0.006791167999999999;0.006069247999999999;0.0062976;0.008418303999999998;0.007368703999999999;0.006833152;0.006299648;0.005030912;0.004323328;0.0030914560000000002;0.003890176;0.0038860800000000005;0.003935232;0.0025978880000000005;0.002787328;0.0034416639999999997;0.003341312;0.003371008;0.002161664;0.002236416;0.0019712;0.001864704;0.00178176;0.002031616;0.0018135039999999999;0.0012032;0.00157184;0.001542144;0.001293312;0.000899072;0.001050624;0.00108544;0.001078272;0.001138688;0.001110016;0.001071104;0.000818176;0.00098816;0.001125376;0.001099776;0.00080384;0.00059904
1784812500,hdr,0.0293;0.03906;0.04883;0.05859;0.06836;0.07813;0.08789;0.09766;0.10742;0.11719;0.12695;0.13672;0.14648;0.15625;0.16602;0.17578;0.18555;0.19531;0.20508;0.21484;0.22461;0.23438;0.24414;0.25391;0.26367;0.27344;0.2832;0.29297;0.30273;0.3125;0.32227;0.33203;0.3418;0.35156;0.36133;0.37109;0.38086;0.39063;0.40039;0.41016;0.41992;0.42969;0.43945;0.44922;0.45898;0.46875;0.47852;0.48828;0.49805;0.50781;0.51758;0.52734;0.53711;0.54688;0.55664;0.56641;0.57617;0.58594;0.5957;0.60547;0.61523;0.625;0.63477;0.64453;0.6543;0.66406;0.67383;0.68359;0.69336;0.70313;0.71289;0.72266;0.73242;0.74219;0.75195;0.76172;0.77148;0.78125;0.79102,0.0013752319999999999;0.0014243840000000001;0.004698112;0.0065617919999999995;0.0132096;0.01148416;0.15713894400000003;0.45909503999999995;0.40706048;0.20874547200000002;0.23059968;0.20821196800000003;0.199235584;0.147920896;0.219414528;0.16847974400000001;0.154771456;0.11683328;0.08700108799999999;0.077686784;0.045886464;0.035987456;0.06130995200000001;0.044299264000000005;0.026809344000000002;0.029117439999999998;0.028243967999999998;0.039182336000000005;0.038258688;0.020174848000000002;0.008733695999999999;0.010927104;0.013631487999999999;0.01612288;0.010635263999999998;0.008938496;0.007307264;0.00726016;0.007731200000000001;0.005193728;0.004914176;0.007768064000000001;0.007058432;0.007957504;0.006412288;0.005561344;0.005666816;0.005060608;0.005547008;0.005724160000000001;0.006041599999999999;0.00539648;0.002418688;0.002824192;0.0023552;0.0030341120000000003;0.0029501439999999996;0.002465792;0.003073024;0.003634176;0.0021043200000000002;0.002435072;0.0038840320000000004;0.002878464;0.0021268479999999998;0.0018216959999999998;0.001416192;0.001275904;0.00118272;0.001276928;0.00091136;0.000734208;0.000580608;0.000663552;0.0007976959999999999;0.00091136;0.00091648;0.0009420800000000001;0.0006830079999999999
1784813400,hdr,0.0293;0.03906;0.04883;0.05859;0.06836;0.07813;0.08789;0.09766;0.10742;0.11719;0.12695;0.13672;0.14648;0.15625;0.16602;0.17578;0.18555;0.19531;0.20508;0.21484;0.22461;0.23438;0.24414;0.25391;0.26367;0.27344;0.2832;0.29297;0.30273;0.3125;0.32227;0.33203;0.3418;0.35156;0.36133;0.37109;0.38086;0.39063;0.40039;0.41016;0.41992;0.42969;0.43945;0.44922;0.45898;0.46875;0.47852;0.48828;0.49805;0.50781;0.51758;0.52734;0.53711;0.54688;0.55664;0.56641;0.57617;0.58594;0.5957;0.60547;0.61523;0.625;0.63477;0.64453;0.6543;0.66406;0.67383;0.68359;0.69336;0.70313;0.71289;0.72266;0.73242;0.74219;0.75195;0.76172;0.77148;0.78125;0.79102,0.004463616;0.008010752000000001;0.007407616;0.011613184;0.015363072;0.009230335999999999;0.10101248;0.383270912;0.462664704;0.256301056;0.192596992;0.14114406399999999;0.24415744;0.195078144;0.144705536;0.11824332800000001;0.10914816000000001;0.10557952000000001;0.14955110400000002;0.10271744000000001;0.043967488000000006;0.041134079999999996;0.073665536;0.06638182399999999;0.033872896;0.024681472;0.020766720000000002;0.018277376;0.018255872;0.016308224;0.017437696;0.01938432;0.012708864;0.011442176;0.008927232;0.006479872;0.0067604480000000005;0.004701183999999999;0.006550528;0.006703104;0.006878207999999999;0.008068096;0.0070492160000000005;0.0058839040000000006;0.0053688320000000005;0.004083712000000001;0.005650432;0.003336192;0.003581952;0.0034252799999999997;0.002863104;0.0030443519999999997;0.002168832;0.0018718720000000001;0.002407424;0.001987584;0.0024719359999999997;0.001849344;0.0011120639999999998;0.0014110720000000002;0.0015964160000000002;0.001975296;0.001714176;0.001584128;0.0015390719999999998;0.0009461760000000001;0.001089536;0.001129472;0.001011712;0.001143808;0.0010178560000000001;0.000795648;0.000907264;0.0006840319999999999;0.000439296;0.000559104;0.00065536;0.001461248;0.001373184
1784814300,hdr,0.0293;0.03906;0.04883;0.05859;0.06836;0.07813;0.08789;0.09766;0.10742;0.11719;0.12695;0.13672;0.14648;0.15625;0.16602;0.17578;0.18555;0.19531;0.20508;0.21484;0.22461;0.23438;0.24414;0.25391;0.26367;0.27344;0.2832;0.29297;0.30273;0.3125;0.32227;0.33203;0.3418;0.35156;0.36133;0.37109;0.38086;0.39063;0.40039;0.41016;0.41992;0.42969;0.43945;0.44922;0.45898;0.46875;0.47852;0.48828;0.49805;0.50781;0.51758;0.52734;0.53711;0.54688;0.55664;0.56641;0.57617;0.58594;0.5957;0.60547;0.61523;0.625;0.63477;0.64453;0.6543;0.66406;0.67383;0.68359;0.69336;0.70313;0.71289;0.72266;0.73242;0.74219;0.75195;0.76172;0.77148;0.78125;0.79102,0.005564415999999999;0.004973568;0.004286464;0.008219648;0.01949184;0.024041471999999998;0.08099532799999999;0.1927936;0.264721408;0.25557504000000003;0.20337868800000003;0.173345792;0.17448345599999998;0.163057664;0.136938496;0.10201088;0.07729971199999999;0.083946496;0.07968665600000001;0.053779456;0.041585664;0.037133311999999995;0.046032896000000004;0.04445696;0.030662656;0.027560960000000002;0.028720128;0.030189568000000003;0.022875136;0.021953536;0.016252928;0.011904;0.013161472;0.010693632;0.0066304;0.011267072;0.01267712;0.006313983999999999;0.006616064;0.009360384;0.0060672;0.005206016;0.0058920959999999994;0.006298624;0.004972544;0.004378624000000001;0.0039034879999999997;0.002742272;0.00197632;0.002423808;0.003718144;0.0026490879999999995;0.001992704;0.001806336;0.0023429120000000004;0.0018944;0.001343488;0.001581056;0.001558528;0.001446912;0.001221632;0.00149504;0.0017203200000000002;0.001805312;0.0021452800000000003;0.001959936;0.0018524160000000002;0.001217536;0.0009287680000000001;0.0009727999999999999;0.001061888;0.000933888;0.000955392;0.0009144320000000001;0.000841728;0.0006891520000000001;0.0008622079999999999;0.000877568;0.0007413760000000001
1784815200,hdr,0.0293;0.03906;0.04883;0.05859;0.06836;0.07813;0.08789;0.09766;0.10742;0.11719;0.12695;0.13672;0.14648;0.15625;0.16602;0.17578;0.18555;0.19531;0.20508;0.21484;0.22461;0.23438;0.24414;0.25391;0.26367;0.27344;0.2832;0.29297;0.30273;0.3125;0.32227;0.33203;0.3418;0.35156;0.36133;0.37109;0.38086;0.39063;0.40039;0.41016;0.41992;0.42969;0.43945;0.44922;0.45898;0.46875;0.47852;0.48828;0.49805;0.50781;0.51758;0.52734;0.53711;0.54688;0.55664;0.56641;0.57617;0.58594;0.5957;0.60547;0.61523;0.625;0.63477;0.64453;0.6543;0.66406;0.67383;0.68359;0.69336;0.70313;0.71289;0.72266;0.73242;0.74219;0.75195;0.76172;0.77148;0.78125;0.79102,0.0007976959999999999;0.007624704;0.007069696000000001;0.007156736000000001;0.0222208;0.038243328;0.11671552;0.502365184;0.7418255360000001;0.465431552;0.288785408;0.21452492799999998;0.210343936;0.26565017599999996;0.148435968;0.139782144;0.11698688;0.059492352;0.104085504;0.080821248;0.054368256000000004;0.039317504;0.033577984000000005;0.042944512000000004;0.030401536;0.024190976;0.028449791999999998;0.032722944;0.023928831999999997;0.023012352;0.032078848;0.021025791999999998;0.013234176;0.01063424;0.01544192;0.016427008000000003;0.012110848;0.010320896;0.011533312;0.009325568000000001;0.008190975999999999;0.0070246399999999995;0.00536576;0.006126591999999999;0.00433152;0.002637824;0.00296448;0.0048312319999999995;0.004338688;0.004059136;0.003600384;0.004009984;0.0037754880000000005;0.00408064;0.002522112;0.0026286079999999997;0.00277504;0.0013547519999999999;0.001527808;0.0013608960000000001;0.001271808;0.001232896;0.001063936;0.001431552;0.0016691199999999998;0.0015513600000000001;0.001405952;0.0018196479999999999;0.0010813440000000001;0.000872448;0.000594944;0.000800768;0.0006656;0.000898048;0.0008601600000000001;0.000750592;0.0006696959999999999;0.000812032;0.000391168
1784816100,hdr,0.0293;0.03906;0.04883;0.05859;0.06836;0.07813;0.08789;0.09766;0.10742;0.11719;0.12695;0.13672;0.14648;0.15625;0.16602;0.17578;0.18555;0.19531;0.20508;0.21484;0.22461;0.23438;0.24414;0.25391;0.26367;0.27344;0.2832;0.29297;0.30273;0.3125;0.32227;0.33203;0.3418;0.35156;0.36133;0.37109;0.38086;0.39063;0.40039;0.41016;0.41992;0.42969;0.43945;0.44922;0.45898;0.46875;0.47852;0.48828;0.49805;0.50781;0.51758;0.52734;0.53711;0.54688;0.55664;0.56641;0.57617;0.58594;0.5957;0.60547;0.61523;0.625;0.63477;0.64453;0.6543;0.66406;0.67383;0.68359;0.69336;0.70313;0.71289;0.72266;0.73242;0.74219;0.75195;0.76172;0.77148;0.78125;0.79102,0.000965632;0.002791424;0.0018083840000000001;0.00794112;0.023469056;0.03969024000000001;0.14201344;0.421757952;0.558992384;0.381888512;0.14721638399999998;0.128556032;0.195575808;0.208519168;0.16707072;0.117886976;0.10914304;0.078932992;0.08490188800000001;0.06163865599999999;0.09337548799999999;0.092643328;0.070117376;0.04392448;0.026051584;0.031608831999999996;0.027172864;0.020951039999999997;0.014571520000000001;0.017596416;0.01648128;0.017891328;0.017447935999999997;0.009550848;0.00996352;0.014147584000000001;0.010482688;0.007853055999999999;0.005977087999999999;0.0032266240000000004;0.003572736;0.004849664;0.00448;0.004718592000000001;0.00743936;0.005467136;0.0028846080000000003;0.0019527680000000001;0.00387584;0.002675712;0.0023132160000000003;0.0027156479999999998;0.0033044479999999998;0.002967552;0.003796992;0.0027883520000000005;0.002072576;0.00233984;0.003050496;0.0019128320000000002;0.0011714560000000002;0.001532928;0.0018176000000000002;0.0014192640000000002;0.0009984;0.000656384;0.00097792;0.001195008;0.001188864;0.00125952;0.0012001280000000002;0.0009717759999999999;0.00098816;0.0007352319999999999;0.0006891520000000001;0.0008366080000000001;0.000913408;0.000893952;0.000504832
1784817000,hdr,0.0293;0.03906;0.04883;0.05859;0.06836;0.07813;0.08789;0.09766;0.10742;0.11719;0.12695;0.13672;0.14648;0.15625;0.16602;0.17578;0.18555;0.19531;0.20508;0.21484;0.22461;0.23438;0.24414;0.25391;0.26367;0.27344;0.2832;0.29297;0.30273;0.3125;0.32227;0.33203;0.3418;0.35156;0.36133;0.37109;0.38086;0.39063;0.40039;0.41016;0.41992;0.42969;0.43945;0.44922;0.45898;0.46875;0.47852;0.48828;0.49805;0.50781;0.51758;0.52734;0.53711;0.54688;0.55664;0.56641;0.57617;0.58594;0.5957;0.60547;0.61523;0.625;0.63477;0.64453;0.6543;0.66406;0.67383;0.68359;0.69336;0.70313;0.71289;0.72266;0.73242;0.74219;0.75195;0.76172;0.77148;0.78125;0.79102,0.002642944;0.005940224;0.003659776;0.00451072;0.0140544;0.030185472;0.08444108799999998;0.277945344;0.333064192;0.19703808;0.22011392000000002;0.24971161599999997;0.177893376;0.18506751999999999;0.14525952000000003;0.085357568;0.111741952;0.11300864;0.058571776;0.08895897600000001;0.054344704;0.06299136;0.06609612799999999;0.044416;0.023961600000000003;0.017773568;0.029456384;0.015771648000000003;0.01563648;0.025298944;0.017618944;0.010020863999999999;0.012109824;0.016608256000000002;0.011271168;0.009926655999999999;0.007064576;0.006587392000000001;0.008431616;0.006438912000000001;0.003982336;0.005777408;0.004000768;0.004023296;0.004459520000000001;0.003535872;0.003286016;0.001985536;0.002204672;0.0029757440000000002;0.002505728;0.001574912;0.001755136;0.0020797439999999997;0.00310784;0.003566592;0.00265728;0.002169856;0.002776064;0.002249728;0.00198144;0.002110464;0.0015513600000000001;0.0022538239999999998;0.0014581759999999998;0.0008458240000000001;0.001026048;0.0008622079999999999;0.000719872;0.000787456;0.00098816;0.001084416;0.0007188480000000001;0.0007495679999999999;0.0008447999999999999;0.000863232;0.0006952960000000001;0.000356352;0.000502784
1784817900,hdr,0.0293;0.03906;0.04883;0.05859;0.06836;0.07813;0.08789;0.09766;0.10742;0.11719;0.12695;0.13672;0.14648;0.15625;0.16602;0.17578;0.18555;0.19531;0.20508;0.21484;0.22461;0.23438;0.24414;0.25391;0.26367;0.27344;0.2832;0.29297;0.30273;0.3125;0.32227;0.33203;0.3418;0.35156;0.36133;0.37109;0.38086;0.39063;0.40039;0.41016;0.41992;0.42969;0.43945;0.44922;0.45898;0.46875;0.47852;0.48828;0.49805;0.50781;0.51758;0.52734;0.53711;0.54688;0.55664;0.56641;0.57617;0.58594;0.5957;0.60547;0.61523;0.625;0.63477;0.64453;0.6543;0.66406;0.67383;0.68359;0.69336;0.70313;0.71289;0.72266;0.73242;0.74219;0.75195;0.76172;0.77148;0.78125;0.79102,0.001941504;0.00523264;0.006218752;0.00548352;0.012911616;0.037317632;0.17903820799999998;0.34264985600000003;0.326992896;0.21630464000000002;0.26021785599999997;0.30291763200000005;0.15602688;0.14549811199999999;0.113559552;0.08724172799999999;0.056196096;0.069285888;0.07375974399999999;0.10451763200000001;0.073990144;0.047194111999999996;0.049048575999999997;0.067022848;0.057018368;0.035977216;0.026799104;0.019110912;0.018674688;0.018628608;0.015921152;0.018898944;0.014365696;0.011055104;0.009588736;0.008585216;0.006560768;0.003823616;0.004837376;0.005594112;0.005379072;0.003456;0.00273408;0.004230144;0.0036352000000000003;0.004942848;0.004688896;0.002980864;0.003324928;0.003347456;0.00395264;0.002886656;0.001906688;0.001273856;0.001839104;0.002733056;0.0028897280000000003;0.0025180159999999997;0.002579456;0.002638848;0.0024084479999999997;0.0015411200000000002;0.001154048;0.0013793280000000002;0.001534976;0.0008519679999999999;0.0011735040000000001;0.0015534079999999998;0.000927744;0.000900096;0.001134592;0.0012707839999999998;0.00107008;0.000756736;0.0008519679999999999;0.000823296;0.0009973760000000001;0.0009564160000000001;0.000641024
1784818800,hdr,0.0293;0.03906;0.04883;0.05859;0.06836;0.07813;0.08789;0.09766;0.10742;0.11719;0.12695;0.13672;0.14648;0.15625;0.16602;0.17578;0.18555;0.19531;0.20508;0.21484;0.22461;0.23438;0.24414;0.25391;0.26367;0.27344;0.2832;0.29297;0.30273;0.3125;0.32227;0.33203;0.3418;0.35156;0.36133;0.37109;0.38086;0.39063;0.40039;0.41016;0.41992;0.42969;0.43945;0.44922;0.45898;0.46875;0.47852;0.48828;0.49805;0.50781;0.51758;0.52734;0.53711;0.54688;0.55664;0.56641;0.57617;0.58594;0.5957;0.60547;0.61523;0.625;0.63477;0.64453;0.6543;0.66406;0.67383;0.68359;0.69336;0.70313;0.71289;0.72266;0.73242;0.74219;0.75195;0.76172;0.77148;0.78125;0.79102,0.001010688;0.004453375999999999;0.0060139519999999995;0.006283264;0.018188288;0.008771584;0.028588032;0.165113856;0.352008192;0.427900928;0.34466508800000006;0.23765504;0.12648448;0.107711488;0.04910694399999999;0.05917184;0.089734144;0.079373312;0.060562432;0.056829951999999996;0.076598272;0.041317376;0.032656384000000004;0.034721792;0.026195968;0.023142399999999997;0.01573888;0.010471424000000002;0.01568256;0.018928640000000004;0.014265344000000001;0.012806144;0.013166592;0.014948351999999998;0.014546944;0.009312256;0.007504896;0.007354368;0.003795968;0.003996672;0.006303744;0.005169152;0.0053063680000000005;0.005630976;0.005927936;0.0050688;0.002753536;0.0027402240000000003;0.0029695999999999998;0.0021360640000000005;0.002475008;0.002553856;0.0019435519999999999;0.0021913600000000003;0.0013783040000000001;0.0017561599999999999;0.0019773440000000002;0.0015964160000000002;0.001603584;0.001247232;0.001057792;0.00087552;0.0014929920000000003;0.00170496;0.001405952;0.001352704;0.001308672;0.001156096;0.0011161600000000002;0.001503232;0.000933888;0.0008304639999999999;0.0010680320000000002;0.0005877759999999999;0.0007946240000000001;0.0008663039999999999;0.0007229440000000001;0.0008202239999999999;0.000877568
1784819700,hdr,0.0293;0.03906;0.04883;0.05859;0.06836;0.07813;0.08789;0.09766;0.10742;0.11719;0.12695;0.13672;0.14648;0.15625;0.16602;0.17578;0.18555;0.19531;0.20508;0.21484;0.22461;0.23438;0.24414;0.25391;0.26367;0.27344;0.2832;0.29297;0.30273;0.3125;0.32227;0.33203;0.3418;0.35156;0.36133;0.37109;0.38086;0.39063;0.40039;0.41016;0.41992;0.42969;0.43945;0.44922;0.45898;0.46875;0.47852;0.48828;0.49805;0.50781;0.51758;0.52734;0.53711;0.54688;0.55664;0.56641;0.57617;0.58594;0.5957;0.60547;0.61523;0.625;0.63477;0.64453;0.6543;0.66406;0.67383;0.68359;0.69336;0.70313;0.71289;0.72266;0.73242;0.74219;0.75195;0.76172;0.77148;0.78125;0.79102,0.001388544;0.0049408;0.006817792;0.005342208;0.014331904000000001;0.016138239999999998;0.079307776;0.27927244799999995;0.49371136;0.39089152;0.20276019199999998;0.110426112;0.10093260800000001;0.09965977599999999;0.082310144;0.122971136;0.07304704;0.04541952;0.056454144;0.082176;0.053042175999999996;0.03888128;0.057708544;0.045069312;0.023569408;0.02571264;0.020172799999999998;0.012867584000000001;0.010411008;0.014166016000000002;0.018227200000000002;0.01377792;0.011164671999999999;0.00897536;0.007122944000000001;0.007610368;0.010812416000000002;0.011439104000000002;0.006228992;0.006856704;0.007070719999999999;0.006848512000000001;0.008347648;0.00542208;0.005835776;0.005256192;0.0045875199999999994;0.007503872;0.00914944;0.004847616;0.0025333760000000004;0.00226304;0.002820096;0.0030300159999999995;0.003221504;0.002977792;0.0031907839999999995;0.003400704;0.003126272;0.002566144;0.0023347199999999998;0.0018687999999999999;0.001723392;0.0013987840000000001;0.0011202559999999998;0.00128512;0.001572864;0.001425408;0.0009543679999999999;0.0006574080000000001;0.0006184960000000001;0.000768;0.000519168;0.000525312;0.000802816;0.000526336;0.00042496;0.000543744;0.000447488
1784820600,hdr,0.0293;0.03906;0.04883;0.05859;0.06836;0.07813;0.08789;0.09766;0.10742;0.11719;0.12695;0.13672;0.14648;0.15625;0.16602;0.17578;0.18555;0.19531;0.20508;0.21484;0.22461;0.23438;0.24414;0.25391;0.26367;0.27344;0.2832;0.29297;0.30273;0.3125;0.32227;0.33203;0.3418;0.35156;0.36133;0.37109;0.38086;0.39063;0.40039;0.41016;0.41992;0.42969;0.43945;0.44922;0.45898;0.46875;0.47852;0.48828;0.49805;0.50781;0.51758;0.52734;0.53711;0.54688;0.55664;0.56641;0.57617;0.58594;0.5957;0.60547;0.61523;0.625;0.63477;0.64453;0.6543;0.66406;0.67383;0.68359;0.69336;0.70313;0.71289;0.72266;0.73242;0.74219;0.75195;0.76172;0.77148;0.78125;0.79102,0.002642944;0.006325248;0.008914944;0.006841344;0.015597568000000001;0.026523648;0.0708352;0.22511616;0.45432832;0.314646528;0.155787264;0.090995712;0.047668224;0.05611008;0.0742912;0.08807526400000001;0.054577152;0.048944127999999996;0.036595712;0.042989568;0.049143808;0.040736768;0.03695104;0.035857408;0.027878399999999998;0.016258047999999997;0.016574464;0.017959936;0.015910912;0.019854336;0.020302848000000002;0.017840128;0.01344512;0.00912384;0.008764416;0.008051712;0.005549056;0.005353472;0.0065187840000000006;0.005634048;0.008278016;0.011535360000000001;0.006520832000000001;0.0040192;0.004259839999999999;0.006539264;0.0045199360000000004;0.0029859840000000006;0.002850816;0.002382848;0.002413568;0.003529728;0.004377600000000001;0.00352256;0.002254848;0.0025210880000000003;0.0021893120000000005;0.001306624;0.001727488;0.002244608;0.00149504;0.0014817279999999999;0.0014847999999999999;0.001273856;0.001308672;0.001225728;0.0008519679999999999;0.00096768;0.001086464;0.000884736;0.000704512;0.000723968;0.001079296;0.000989184;0.000596992;0.000518144;0.000786432;0.000436224;0.000400384
1784821500,hdr,0.0293;0.03906;0.04883;0.05859;0.06836;0.07813;0.08789;0.09766;0.10742;0.11719;0.12695;0.13672;0.14648;0.15625;0.16602;0.17578;0.18555;0.19531;0.20508;0.21484;0.22461;0.23438;0.24414;0.25391;0.26367;0.27344;0.2832;0.29297;0.30273;0.3125;0.32227;0.33203;0.3418;0.35156;0.36133;0.37109;0.38086;0.39063;0.40039;0.41016;0.41992;0.42969;0.43945;0.44922;0.45898;0.46875;0.47852;0.48828;0.49805;0.50781;0.51758;0.52734;0.53711;0.54688;0.55664;0.56641;0.57617;0.58594;0.5957;0.60547;0.61523;0.625;0.63477;0.64453;0.6543;0.66406;0.67383;0.68359;0.69336;0.70313;0.71289;0.72266;0.73242;0.74219;0.75195;0.76172;0.77148;0.78125;0.79102,0.0009482239999999999;0.00234496;0.00415744;0.004361215999999999;0.006223872;0.011053056;0.09181798399999999;0.30205952;0.46828441600000004;0.29040435200000003;0.171042816;0.13166592000000002;0.13941452799999998;0.067227648;0.096929792;0.09620480000000001;0.074995712;0.08776806399999999;0.057951232;0.041134079999999996;0.050086912;0.039510016;0.043307008;0.036456448;0.021521408;0.021320704;0.02089984;0.010702848;0.012312575999999999;0.016367616;0.019965952000000002;0.012601343999999999;0.0103936;0.009587712;0.013371392;0.011276287999999999;0.006928384;0.008849408000000001;0.010507263999999999;0.008385536;0.005045248;0.006439936;0.0050677759999999995;0.00454144;0.004052992;0.005376;0.008292352;0.005855232;0.006514687999999999;0.005572608000000001;0.004040704;0.004195328;0.003733504;0.002760704;0.002799616;0.0036608;0.003428352;0.0033536000000000004;0.002720768;0.00238592;0.00262656;0.001381376;0.001593344;0.00139776;0.001564672;0.002054144;0.002217984;0.0020951040000000004;0.001302528;0.0013608960000000001;0.00136192;0.000734208;0.000596992;0.000516096;0.0011673599999999999;0.001077248;0.000905216;0.000734208;0.0007464960000000001
1784822400,hdr,0.0293;0.03906;0.04883;0.05859;0.06836;0.07813;0.08789;0.09766;0.10742;0.11719;0.12695;0.13672;0.14648;0.15625;0.16602;0.17578;0.18555;0.19531;0.20508;0.21484;0.22461;0.23438;0.24414;0.25391;0.26367;0.27344;0.2832;0.29297;0.30273;0.3125;0.32227;0.33203;0.3418;0.35156;0.36133;0.37109;0.38086;0.39063;0.40039;0.41016;0.41992;0.42969;0.43945;0.44922;0.45898;0.46875;0.47852;0.48828;0.49805;0.50781;0.51758;0.52734;0.53711;0.54688;0.55664;0.56641;0.57617;0.58594;0.5957;0.60547;0.61523;0.625;0.63477;0.64453;0.6543;0.66406;0.67383;0.68359;0.69336;0.70313;0.71289;0.72266;0.73242;0.74219;0.75195;0.76172;0.77148;0.78125;0.79102,0.0014581759999999998;0.004787200000000001;0.00392192;0.003303424;0.009664512;0.009233408000000002;0.076756992;0.25871974400000003;0.388784128;0.327697408;0.282668032;0.231622656;0.108203008;0.08177459200000001;0.10671616;0.095094784;0.102528;0.09693900800000001;0.058458112;0.032165888000000004;0.035628032;0.029382656;0.02653696;0.03044352;0.016704512;0.02389504;0.013984768;0.006601727999999999;0.008516608;0.014714880000000001;0.020253696;0.016038912;0.009995264;0.0075724799999999995;0.007215104;0.0065464320000000005;0.00581632;0.00561664;0.004178944;0.00362496;0.005039104;0.0054528;0.004675584;0.004179968;0.004117504;0.0042536959999999995;0.0035696639999999997;0.00231936;0.002935808;0.002428928;0.001696768;0.002159616;0.002262016;0.001972224;0.002390016;0.002546688;0.002859008;0.002219008;0.002061312;0.00169472;0.001924096;0.002720768;0.001550336;0.002466816;0.0016097280000000002;0.0011048960000000002;0.0012871680000000002;0.00118272;0.001288192;0.001358848;0.001401856;0.001447936;0.000620544;0.0007014399999999999;0.000770048;0.000651264;0.0005703679999999999;0.000754688;0.000700416
1784823300,hdr,0.0293;0.03906;0.04883;0.05859;0.06836;0.07813;0.08789;0.09766;0.10742;0.11719;0.12695;0.13672;0.14648;0.15625;0.16602;0.17578;0.18555;0.19531;0.20508;0.21484;0.22461;0.23438;0.24414;0.25391;0.26367;0.27344;0.2832;0.29297;0.30273;0.3125;0.32227;0.33203;0.3418;0.35156;0.36133;0.37109;0.38086;0.39063;0.40039;0.41016;0.41992;0.42969;0.43945;0.44922;0.45898;0.46875;0.47852;0.48828;0.49805;0.50781;0.51758;0.52734;0.53711;0.54688;0.55664;0.56641;0.57617;0.58594;0.5957;0.60547;0.61523;0.625;0.63477;0.64453;0.6543;0.66406;0.67383;0.68359;0.69336;0.70313;0.71289;0.72266;0.73242;0.74219;0.75195;0.76172;0.77148;0.78125;0.79102,0.002613248;0.005670912;0.00516096;0.006284288000000001;0.020627456;0.032436224;0.080539648;0.22227865600000002;0.38411673599999996;0.264905728;0.140867584;0.127291392;0.102618112;0.10383462400000001;0.111363072;0.065862656;0.060669952000000006;0.054623232;0.053543936;0.054117375999999995;0.05302476800000001;0.038909952;0.03352166400000001;0.034827264000000004;0.023218176;0.018066432;0.018757632;0.02699776;0.027209728;0.015544320000000002;0.013438976;0.015179775999999999;0.010830848;0.007721984;0.006477823999999999;0.007293952;0.006550528;0.0057251839999999995;0.005594112;0.004268032;0.004231168;0.00456192;0.004862976;0.0034867200000000004;0.00307712;0.00327168;0.003054592;0.003207168;0.0027965439999999998;0.002681856;0.002945024;0.0024954879999999997;0.001997824;0.0022712319999999998;0.002280448;0.002820096;0.002315264;0.002260992;0.001636352;0.001654784;0.001680384;0.001496064;0.0017725439999999998;0.0017356799999999999;0.002111488;0.001911808;0.00160256;0.001652736;0.00157184;0.002142208;0.001636352;0.00115712;0.001289216;0.001118208;0.0009912319999999999;0.000525312;0.000843776;0.0009205759999999999;0.0005888
1784824200,hdr,0.0293;0.03906;0.04883;0.05859;0.06836;0.07813;0.08789;0.09766;0.10742;0.11719;0.12695;0.13672;0.14648;0.15625;0.16602;0.17578;0.18555;0.19531;0.20508;0.21484;0.22461;0.23438;0.24414;0.25391;0.26367;0.27344;0.2832;0.29297;0.30273;0.3125;0.32227;0.33203;0.3418;0.35156;0.36133;0.37109;0.38086;0.39063;0.40039;0.41016;0.41992;0.42969;0.43945;0.44922;0.45898;0.46875;0.47852;0.48828;0.49805;0.50781;0.51758;0.52734;0.53711;0.54688;0.55664;0.56641;0.57617;0.58594;0.5957;0.60547;0.61523;0.625;0.63477;0.64453;0.6543;0.66406;0.67383;0.68359;0.69336;0.70313;0.71289;0.72266;0.73242;0.74219;0.75195;0.76172;0.77148;0.78125;0.79102,0.000468992;0.001929216;0.004511744000000001;0.006914048;0.007523328;0.03500236799999999;0.11035136;0.18458521600000002;0.273782784;0.225931264;0.24926003200000002;0.201521152;0.104558592;0.13341388799999998;0.092643328;0.096618496;0.06148608;0.048464896;0.051695616;0.0444672;0.028608512000000003;0.028795903999999997;0.034808832000000005;0.034168832;0.037808128;0.025856;0.01430528;0.014843904;0.013611007999999999;0.009834496;0.006690816;0.008819712000000002;0.00662016;0.0064194560000000005;0.005758976;0.00469504;0.004901888;0.00397312;0.0034078719999999997;0.003411968;0.003444736;0.004107264;0.0023838720000000004;0.00241152;0.0030914560000000002;0.002578432;0.001728512;0.001540096;0.0016906239999999997;0.002617344;0.0025958400000000003;0.003718144;0.00236544;0.001406976;0.001967104;0.0021207039999999997;0.002551808;0.0021913600000000003;0.001779712;0.001714176;0.002102272;0.002250752;0.0019886079999999998;0.001393664;0.0014632959999999998;0.0014376960000000002;0.0014448640000000001;0.000857088;0.0011407359999999998;0.0014213119999999999;0.0010086399999999999;0.001281024;0.00124928;0.000786432;0.00077824;0.000763904;0.000867328;0.0007372800000000001;0.000858112
1784825100,hdr,0.0293;0.03906;0.04883;0.05859;0.06836;0.07813;0.08789;0.09766;0.10742;0.11719;0.12695;0.13672;0.14648;0.15625;0.16602;0.17578;0.18555;0.19531;0.20508;0.21484;0.22461;0.23438;0.24414;0.25391;0.26367;0.27344;0.2832;0.29297;0.30273;0.3125;0.32227;0.33203;0.3418;0.35156;0.36133;0.37109;0.38086;0.39063;0.40039;0.41016;0.41992;0.42969;0.43945;0.44922;0.45898;0.46875;0.47852;0.48828;0.49805;0.50781;0.51758;0.52734;0.53711;0.54688;0.55664;0.56641;0.57617;0.58594;0.5957;0.60547;0.61523;0.625;0.63477;0.64453;0.6543;0.66406;0.67383;0.68359;0.69336;0.70313;0.71289;0.72266;0.73242;0.74219;0.75195;0.76172;0.77148;0.78125;0.79102,0.006386688;0.007688192;0.004047872;0.003572736;0.012493824;0.030338048;0.123913216;0.24863334399999998;0.39223193600000006;0.31988224000000004;0.171475968;0.17299865600000003;0.117646336;0.08746291199999999;0.068081664;0.055938048000000004;0.048551936;0.040952832;0.037919744;0.033412095999999995;0.032643071999999995;0.028606464;0.024147968;0.022520831999999998;0.021587968;0.016910335999999998;0.016576512;0.015678464;0.013729792;0.009040896000000001;0.010907647999999999;0.014471168;0.009034751999999998;0.008429568;0.007817216;0.00582656;0.007022592;0.005614592;0.0034375680000000002;0.004555776;0.0040519679999999995;0.003239936;0.003662848;0.003612672;0.0025989119999999997;0.002530304;0.0021043200000000002;0.002588672;0.0025405440000000005;0.0024145919999999997;0.002589696;0.0015687680000000001;0.0020224;0.0019394560000000002;0.0014592000000000001;0.001872896;0.001685504;0.0015185919999999998;0.001959936;0.002275328;0.0017479680000000001;0.0018513919999999999;0.001383424;0.0011120639999999998;0.0011970559999999997;0.000966656;0.0010014719999999998;0.000970752;0.001082368;0.0009349119999999999;0.000775168;0.001133568;0.001460224;0.001232896;0.0009748480000000001;0.001601536;0.001199104;0.001380352;0.00187392
1784826000,hdr,0.0293;0.03906;0.04883;0.05859;0.06836;0.07813;0.08789;0.09766;0.10742;0.11719;0.12695;0.13672;0.14648;0.15625;0.16602;0.17578;0.18555;0.19531;0.20508;0.21484;0.22461;0.23438;0.24414;0.25391;0.26367;0.27344;0.2832;0.29297;0.30273;0.3125;0.32227;0.33203;0.3418;0.35156;0.36133;0.37109;0.38086;0.39063;0.40039;0.41016;0.41992;0.42969;0.43945;0.44922;0.45898;0.46875;0.47852;0.48828;0.49805;0.50781;0.51758;0.52734;0.53711;0.54688;0.55664;0.56641;0.57617;0.58594;0.5957;0.60547;0.61523;0.625;0.63477;0.64453;0.6543;0.66406;0.67383;0.68359;0.69336;0.70313;0.71289;0.72266;0.73242;0.74219;0.75195;0.76172;0.77148;0.78125;0.79102,0.00317952;0.005727232;0.004668415999999999;0.0068505599999999995;0.004257792000000001;0.005963776;0.041012224;0.22359449599999998;0.475756544;0.31518208;0.209340416;0.1671168;0.08710963199999999;0.078865408;0.106281984;0.06452121599999999;0.073892864;0.062562304;0.054137856;0.038118400000000004;0.028723199999999997;0.030426112;0.028089344000000002;0.014528511999999999;0.01337856;0.023233536;0.022167552;0.018147328;0.011966464;0.010036224;0.00954368;0.009498624;0.008157184000000001;0.012461055999999998;0.009719808000000002;0.011254784000000002;0.008835072;0.009389056;0.00912384;0.012120063999999998;0.010144768;0.007118848;0.005064704;0.004139008;0.003241984;0.003411968;0.0035706880000000002;0.004946944;0.00451072;0.00442368;0.00329728;0.003290112;0.002451456;0.0020490240000000004;0.002110464;0.0030207999999999997;0.0029859840000000006;0.003406848;0.001615872;0.001550336;0.00226304;0.001717248;0.001778688;0.0017889280000000002;0.0015943679999999999;0.0019527680000000001;0.001668096;0.000805888;0.00103936;0.00121344;0.001435648;0.0024340480000000003;0.0019773440000000002;0.002207744;0.0026286079999999997;0.0018575360000000001;0.002013184;0.00213504;0.003509248
1784826900,hdr,0.0293;0.03906;0.04883;0.05859;0.06836;0.07813;0.08789;0.09766;0.10742;0.11719;0.12695;0.13672;0.14648;0.15625;0.16602;0.17578;0.18555;0.19531;0.20508;0.21484;0.22461;0.23438;0.24414;0.25391;0.26367;0.27344;0.2832;0.29297;0.30273;0.3125;0.32227;0.33203;0.3418;0.35156;0.36133;0.37109;0.38086;0.39063;0.40039;0.41016;0.41992;0.42969;0.43945;0.44922;0.45898;0.46875;0.47852;0.48828;0.49805;0.50781;0.51758;0.52734;0.53711;0.54688;0.55664;0.56641;0.57617;0.58594;0.5957;0.60547;0.61523;0.625;0.63477;0.64453;0.6543;0.66406;0.67383;0.68359;0.69336;0.70313;0.71289;0.72266;0.73242;0.74219;0.75195;0.76172;0.77148;0.78125;0.79102,0.00087552;0.00218112;0.001318912;0.006048768;0.014892032000000001;0.029919232;0.090978304;0.320753664;0.51781632;0.265947136;0.26424832;0.175284224;0.088813568;0.061099007999999996;0.074805248;0.098909184;0.071186432;0.038111232;0.04322099200000001;0.042307583999999995;0.049799168000000005;0.049211392;0.029739007999999997;0.022450176;0.020317184000000002;0.02133504;0.016628736;0.013523968;0.009964544;0.009952256;0.010347519999999999;0.0090112;0.006955008;0.007399424;0.005943296000000001;0.004518912;0.005388288000000001;0.004172799999999999;0.0043284479999999995;0.005326848;0.004573184;0.00222208;0.0023818240000000003;0.00296448;0.002970624;0.0032870399999999998;0.003149824;0.0021288960000000003;0.001882112;0.002409472;0.0024299520000000004;0.0026685439999999997;0.002922496;0.001799168;0.0031467520000000005;0.005566464;0.004593664000000001;0.00339456;0.003731456;0.0029122560000000002;0.0019087359999999999;0.00266752;0.003526656;0.00375808;0.0039301119999999995;0.00390144;0.004269055999999999;0.005774336000000001;0.004004864;0.0034385919999999994;0.004366336;0.004496384;0.003633152;0.0035645440000000002;0.003736576;0.00262144;0.0019466239999999999;0.0030668799999999997;0.003084288
1784827800,hdr,0.0293;0.03906;0.04883;0.05859;0.06836;0.07813;0.08789;0.09766;0.10742;0.11719;0.12695;0.13672;0.14648;0.15625;0.16602;0.17578;0.18555;0.19531;0.20508;0.21484;0.22461;0.23438;0.24414;0.25391;0.26367;0.27344;0.2832;0.29297;0.30273;0.3125;0.32227;0.33203;0.3418;0.35156;0.36133;0.37109;0.38086;0.39063;0.40039;0.41016;0.41992;0.42969;0.43945;0.44922;0.45898;0.46875;0.47852;0.48828;0.49805;0.50781;0.51758;0.52734;0.53711;0.54688;0.55664;0.56641;0.57617;0.58594;0.5957;0.60547;0.61523;0.625;0.63477;0.64453;0.6543;0.66406;0.67383;0.68359;0.69336;0.70313;0.71289;0.72266;0.73242;0.74219;0.75195;0.76172;0.77148;0.78125;0.79102,0.00392704;0.003928064;0.0035276800000000005;0.006306816000000001;0.027823103999999998;0.023438336;0.133986304;0.492950528;0.6096066560000001;0.261167104;0.16840191999999998;0.22614425600000002;0.134639616;0.09693081599999999;0.078240768;0.057811968;0.039114752;0.026694656;0.03925504;0.040556544;0.039770112;0.03512832;0.037548032;0.026983424;0.020141056;0.012884992;0.012153856;0.015353855999999999;0.014489599999999998;0.00953856;0.006968320000000001;0.006139904;0.008118272;0.006270975999999999;0.005403648;0.0042536959999999995;0.003634176;0.004967424;0.0062904319999999994;0.005900287999999999;0.0035399679999999997;0.004084736;0.004682751999999999;0.0030914560000000002;0.002798592;0.00531456;0.005163008;0.006163456;0.006611968;0.004376576;0.0034795520000000003;0.0041963519999999995;0.004524032;0.005512192;0.0052746239999999995;0.006448128;0.0068157439999999994;0.006207488;0.0061757439999999995;0.005430272000000001;0.004026368;0.00653312;0.007043072;0.0060037120000000005;0.004651008;0.007826432;0.006943744;0.0057794560000000005;0.004922368;0.005186560000000001;0.003559424;0.0033423359999999996;0.0025907200000000003;0.002546688;0.001654784;0.0032839680000000004;0.00353792;0.00237568;0.0024832
1784828700,hdr,0.0293;0.03906;0.04883;0.05859;0.06836;0.07813;0.08789;0.09766;0.10742;0.11719;0.12695;0.13672;0.14648;0.15625;0.16602;0.17578;0.18555;0.19531;0.20508;0.21484;0.22461;0.23438;0.24414;0.25391;0.26367;0.27344;0.2832;0.29297;0.30273;0.3125;0.32227;0.33203;0.3418;0.35156;0.36133;0.37109;0.38086;0.39063;0.40039;0.41016;0.41992;0.42969;0.43945;0.44922;0.45898;0.46875;0.47852;0.48828;0.49805;0.50781;0.51758;0.52734;0.53711;0.54688;0.55664;0.56641;0.57617;0.58594;0.5957;0.60547;0.61523;0.625;0.63477;0.64453;0.6543;0.66406;0.67383;0.68359;0.69336;0.70313;0.71289;0.72266;0.73242;0.74219;0.75195;0.76172;0.77148;0.78125;0.79102,0.003484672;0.0038144;0.003588096;0.007629824;0.017773568;0.028388352000000002;0.094180352;0.35667046399999996;0.429786112;0.274832384;0.27164672;0.152689664;0.110036992;0.060428288000000004;0.053384192;0.068985856;0.047636479999999995;0.053039104;0.045449216;0.027210752;0.027276288;0.037047296;0.027395072;0.020040704000000003;0.01417216;0.013707264;0.014328832;0.012929023999999999;0.009008127999999999;0.008758272;0.006367232;0.006387711999999999;0.006483968;0.008685568;0.014522368;0.016367616;0.00776704;0.005924864;0.007140352;0.009680896000000001;0.010294271999999998;0.005854208;0.004929536;0.0050728959999999995;0.005138432;0.005573631999999999;0.0029419520000000003;0.004251648;0.0060682240000000005;0.006383616;0.005843968;0.005261312;0.005665791999999999;0.008071168;0.007090175999999999;0.008849408000000001;0.010043392000000002;0.007938048;0.008213504000000002;0.005310464;0.005481471999999999;0.006496256;0.005525504;0.006012928;0.004431872;0.005355520000000001;0.0061532159999999995;0.00427008;0.0032204799999999995;0.0023807999999999998;0.00205312;0.002890752;0.003607552;0.003001344;0.0023572479999999997;0.002403328;0.002399232;0.002205696;0.0026849280000000005
1784829600,hdr,0.0293;0.03906;0.04883;0.05859;0.06836;0.07813;0.08789;0.09766;0.10742;0.11719;0.12695;0.13672;0.14648;0.15625;0.16602;0.17578;0.18555;0.19531;0.20508;0.21484;0.22461;0.23438;0.24414;0.25391;0.26367;0.27344;0.2832;0.29297;0.30273;0.3125;0.32227;0.33203;0.3418;0.35156;0.36133;0.37109;0.38086;0.39063;0.40039;0.41016;0.41992;0.42969;0.43945;0.44922;0.45898;0.46875;0.47852;0.48828;0.49805;0.50781;0.51758;0.52734;0.53711;0.54688;0.55664;0.56641;0.57617;0.58594;0.5957;0.60547;0.61523;0.625;0.63477;0.64453;0.6543;0.66406;0.67383;0.68359;0.69336;0.70313;0.71289;0.72266;0.73242;0.74219;0.75195;0.76172;0.77148;0.78125;0.79102,0.002742272;0.00587776;0.0057896959999999996;0.006082560000000001;0.011995136;0.014989312;0.190592;0.588638208;0.6869299200000001;0.5617981439999999;0.268740608;0.085392384;0.083299328;0.079356928;0.068473856;0.049020928;0.055616512;0.060960768000000005;0.048099328000000004;0.043521024;0.061021184;0.032904192000000006;0.015192064;0.020745216;0.015347712;0.01473024;0.013671424000000001;0.013308928;0.010825728;0.01188352;0.012650496;0.0062924800000000005;0.004304896000000001;0.005414912;0.004804608;0.00416256;0.005573631999999999;0.00545792;0.004452352;0.004484096000000001;0.004649983999999999;0.003551232;0.003731456;0.004427776;0.004747264;0.006240256;0.007847936;0.006232064000000001;0.004968448;0.006595584;0.006239232;0.004185088000000001;0.0066508800000000005;0.006445056;0.009853952;0.007389184;0.0077742079999999995;0.0068505599999999995;0.00843264;0.009141248;0.007110656;0.007596032;0.010263552000000002;0.006788096;0.0036382720000000006;0.003567616;0.0037396479999999995;0.004283392;0.0027269119999999997;0.00269312;0.003369984;0.003750912;0.0025825279999999997;0.001707008;0.0021227520000000003;0.002280448;0.0027023359999999996;0.002250752;0.0017530879999999999
1784830500,hdr,0.0293;0.03906;0.04883;0.05859;0.06836;0.07813;0.08789;0.09766;0.10742;0.11719;0.12695;0.13672;0.14648;0.15625;0.16602;0.17578;0.18555;0.19531;0.20508;0.21484;0.22461;0.23438;0.24414;0.25391;0.26367;0.27344;0.2832;0.29297;0.30273;0.3125;0.32227;0.33203;0.3418;0.35156;0.36133;0.37109;0.38086;0.39063;0.40039;0.41016;0.41992;0.42969;0.43945;0.44922;0.45898;0.46875;0.47852;0.48828;0.49805;0.50781;0.51758;0.52734;0.53711;0.54688;0.55664;0.56641;0.57617;0.58594;0.5957;0.60547;0.61523;0.625;0.63477;0.64453;0.6543;0.66406;0.67383;0.68359;0.69336;0.70313;0.71289;0.72266;0.73242;0.74219;0.75195;0.76172;0.77148;0.78125;0.79102,0.0007423999999999999;0.003391488;0.00252416;0.0067655680000000004;0.012292096;0.023775232;0.091744256;0.18722406400000002;0.14917017600000002;0.180767744;0.17899929599999997;0.11321139200000001;0.056830976000000005;0.060342272;0.056909824;0.072551424;0.061599744;0.035551231999999995;0.025595904000000003;0.027877376;0.02843648;0.026739712;0.029011968;0.02571776;0.022867968000000002;0.018707456;0.014344191999999999;0.009755648;0.012833792000000002;0.01392128;0.008515584000000001;0.00777728;0.0066734080000000005;0.00643072;0.006172672000000001;0.005866496;0.006334464;0.00451072;0.0027791359999999998;0.0032757759999999998;0.005562368000000001;0.004796416;0.002208768;0.005211136;0.006019072;0.005308416;0.006409216;0.008925184;0.012834816;0.014612479999999999;0.021545984;0.014299136;0.011523072;0.015241216;0.01534464;0.010869760000000001;0.01167872;0.008807424;0.008607744;0.00783872;0.004226048;0.006501376;0.005185536;0.004374527999999999;0.003900416;0.003574784;0.003945472;0.003968;0.005331967999999999;0.004528127999999999;0.00238592;0.00221184;0.003182592;0.0029757440000000002;0.00207872;0.0025743360000000004;0.002185216;0.003419136;0.0025579519999999996
1784831400,hdr,0.0293;0.03906;0.04883;0.05859;0.06836;0.07813;0.08789;0.09766;0.10742;0.11719;0.12695;0.13672;0.14648;0.15625;0.16602;0.17578;0.18555;0.19531;0.20508;0.21484;0.22461;0.23438;0.24414;0.25391;0.26367;0.27344;0.2832;0.29297;0.30273;0.3125;0.32227;0.33203;0.3418;0.35156;0.36133;0.37109;0.38086;0.39063;0.40039;0.41016;0.41992;0.42969;0.43945;0.44922;0.45898;0.46875;0.47852;0.48828;0.49805;0.50781;0.51758;0.52734;0.53711;0.54688;0.55664;0.56641;0.57617;0.58594;0.5957;0.60547;0.61523;0.625;0.63477;0.64453;0.6543;0.66406;0.67383;0.68359;0.69336;0.70313;0.71289;0.72266;0.73242;0.74219;0.75195;0.76172;0.77148;0.78125;0.79102,0.001273856;0.000452608;0.00027136;0.001910784;0.010587135999999999;0.02353152;0.179295232;0.35761561599999997;0.427716608;0.285631488;0.14435532799999998;0.115766272;0.106565632;0.06177996799999999;0.07843225599999999;0.088602624;0.055151615999999994;0.034704384;0.028834816;0.031872;0.032106496;0.037486592000000006;0.021942272000000002;0.012673024;0.0133376;0.00843776;0.005807104;0.009239552;0.012132351999999999;0.009760768;0.009391104;0.007918592;0.009121792;0.008978432;0.006679552000000001;0.004877312;0.005265407999999999;0.006260736;0.00756224;0.00587776;0.006141952;0.006936576;0.00662528;0.006503424;0.00760832;0.010576895999999999;0.015650816;0.015818752000000002;0.01452032;0.008700928;0.009752575999999999;0.014004224000000001;0.014917632;0.012126208000000001;0.010326016;0.008000512000000001;0.007728128;0.013345791999999999;0.013963264000000001;0.010297344000000002;0.008824832;0.005352448;0.003835904;0.003492864;0.004304896000000001;0.005337087999999999;0.00634368;0.005379072;0.0040704;0.0041144319999999995;0.003057664;0.0025047039999999995;0.003172352;0.0032819200000000002;0.0021002239999999995;0.002584576;0.0028692479999999996;0.002176;0.00162816
1784832300,hdr,0.0293;0.03906;0.04883;0.05859;0.06836;0.07813;0.08789;0.09766;0.10742;0.11719;0.12695;0.13672;0.14648;0.15625;0.16602;0.17578;0.18555;0.19531;0.20508;0.21484;0.22461;0.23438;0.24414;0.25391;0.26367;0.27344;0.2832;0.29297;0.30273;0.3125;0.32227;0.33203;0.3418;0.35156;0.36133;0.37109;0.38086;0.39063;0.40039;0.41016;0.41992;0.42969;0.43945;0.44922;0.45898;0.46875;0.47852;0.48828;0.49805;0.50781;0.51758;0.52734;0.53711;0.54688;0.55664;0.56641;0.57617;0.58594;0.5957;0.60547;0.61523;0.625;0.63477;0.64453;0.6543;0.66406;0.67383;0.68359;0.69336;0.70313;0.71289;0.72266;0.73242;0.74219;0.75195;0.76172;0.77148;0.78125;0.79102,0.005150719999999999;0.009632768;0.009477119999999999;0.010064895999999999;0.023962624000000002;0.024317951999999997;0.120963072;0.349920256;0.33283584000000005;0.216098816;0.177019904;0.145317888;0.07149567999999999;0.08515174399999999;0.085645312;0.0596224;0.045147136000000004;0.02845696;0.030251008;0.043702272;0.033130496;0.018755584;0.024297471999999997;0.018741248;0.012410880000000001;0.011896832;0.012691456;0.012425216000000001;0.014239744;0.011429888000000001;0.007960576;0.006827008;0.007051264;0.0064296959999999995;0.007908352;0.005371903999999999;0.004124672;0.00500224;0.0053043199999999995;0.003598336;0.00494592;0.005481471999999999;0.007580671999999999;0.005292032;0.006598656;0.0057999359999999995;0.007865344;0.006463488;0.007881728;0.013594624;0.021671936;0.014703616;0.008872960000000001;0.017404928000000004;0.015236096;0.010212352;0.008348672;0.0062904319999999994;0.006851584;0.006915072;0.006829056;0.005579776;0.006670336000000001;0.005603328;0.004729856;0.004702207999999999;0.0035788799999999996;0.005269504000000001;0.0056453119999999996;0.004647936;0.003950592;0.0036403200000000003;0.002676736;0.002651136;0.00138752;0.0024381439999999997;0.00338944;0.0018718720000000001;0.001574912
1784833200,hdr,0.0293;0.03906;0.04883;0.05859;0.06836;0.07813;0.08789;0.09766;0.10742;0.11719;0.12695;0.13672;0.14648;0.15625;0.16602;0.17578;0.18555;0.19531;0.20508;0.21484;0.22461;0.23438;0.24414;0.25391;0.26367;0.27344;0.2832;0.29297;0.30273;0.3125;0.32227;0.33203;0.3418;0.35156;0.36133;0.37109;0.38086;0.39063;0.40039;0.41016;0.41992;0.42969;0.43945;0.44922;0.45898;0.46875;0.47852;0.48828;0.49805;0.50781;0.51758;0.52734;0.53711;0.54688;0.55664;0.56641;0.57617;0.58594;0.5957;0.60547;0.61523;0.625;0.63477;0.64453;0.6543;0.66406;0.67383;0.68359;0.69336;0.70313;0.71289;0.72266;0.73242;0.74219;0.75195;0.76172;0.77148;0.78125;0.79102,0.005649408000000001;0.015471616;0.01230336;0.016570368;0.02961408;0.053127167999999995;0.16159232;0.26171392;0.29593702400000005;0.240904192;0.15078912;0.14099865600000003;0.10627174399999999;0.120953856;0.08344268800000001;0.058112;0.0545024;0.037618688000000004;0.026053632;0.03355136;0.04161024;0.043601919999999995;0.031443968;0.017640448;0.013182976;0.010484736;0.0073902080000000005;0.008407040000000001;0.015140864000000002;0.009083904;0.008245248;0.009214976;0.012786688000000001;0.010851328000000002;0.0069396480000000005;0.006775808;0.00831488;0.006363135999999999;0.005808128;0.00872448;0.006987776;0.004369408;0.004988928;0.007888896;0.006107135999999999;0.010142720000000001;0.01762304;0.010503168;0.009326592;0.016813056;0.02054656;0.014111744;0.010426368;0.010673152;0.007392256;0.006168576;0.007021568000000001;0.006667264;0.005482496;0.0053667839999999994;0.004893696;0.0032358400000000002;0.00481792;0.00418304;0.001898496;0.0043161599999999994;0.005699584;0.005221376;0.0037591039999999997;0.0029952000000000004;0.00244736;0.0028190719999999997;0.00343552;0.0025835520000000002;0.0028917760000000004;0.0028876799999999997;0.0018360320000000002;0.002097152;0.0024801280000000003
1784834100,hdr,0.0293;0.03906;0.04883;0.05859;0.06836;0.07813;0.08789;0.09766;0.10742;0.11719;0.12695;0.13672;0.14648;0.15625;0.16602;0.17578;0.18555;0.19531;0.20508;0.21484;0.22461;0.23438;0.24414;0.25391;0.26367;0.27344;0.2832;0.29297;0.30273;0.3125;0.32227;0.33203;0.3418;0.35156;0.36133;0.37109;0.38086;0.39063;0.40039;0.41016;0.41992;0.42969;0.43945;0.44922;0.45898;0.46875;0.47852;0.48828;0.49805;0.50781;0.51758;0.52734;0.53711;0.54688;0.55664;0.56641;0.57617;0.58594;0.5957;0.60547;0.61523;0.625;0.63477;0.64453;0.6543;0.66406;0.67383;0.68359;0.69336;0.70313;0.71289;0.72266;0.73242;0.74219;0.75195;0.76172;0.77148;0.78125;0.79102,0.01256448;0.012601343999999999;0.011552768;0.010892288;0.028151807999999997;0.051291136;0.17149849599999997;0.29635174400000003;0.310303744;0.327392256;0.181377024;0.109485056;0.093075456;0.068409344;0.058796032;0.068096;0.03787264;0.043685888;0.054979584000000005;0.043824128000000004;0.043085824;0.038878208;0.026562560000000002;0.019244031999999998;0.019735552;0.01864704;0.016116736;0.012517376;0.010839040000000001;0.009437184000000001;0.010292223999999999;0.007416832;0.010657792000000001;0.010993664;0.007415808;0.006833152;0.006452224;0.005646336;0.0060682240000000005;0.005924864;0.006790144;0.008015872;0.007998464;0.011068416;0.019104768;0.018190335999999998;0.015296512;0.019335167999999996;0.01952768;0.020529152;0.019611648;0.01092608;0.006985728;0.009351168;0.010630144000000001;0.008015872;0.007773183999999999;0.007536640000000001;0.005737472;0.004995072;0.005504;0.00708608;0.0050688;0.002768896;0.0044953599999999995;0.004527104;0.00316928;0.003084288;0.0038993920000000002;0.003996672;0.004594688;0.00341504;0.0030453760000000002;0.002494464;0.002440192;0.002466816;0.002332672;0.001650688;0.002028544
1784835000,hdr,0.0293;0.03906;0.04883;0.05859;0.06836;0.07813;0.08789;0.09766;0.10742;0.11719;0.12695;0.13672;0.14648;0.15625;0.16602;0.17578;0.18555;0.19531;0.20508;0.21484;0.22461;0.23438;0.24414;0.25391;0.26367;0.27344;0.2832;0.29297;0.30273;0.3125;0.32227;0.33203;0.3418;0.35156;0.36133;0.37109;0.38086;0.39063;0.40039;0.41016;0.41992;0.42969;0.43945;0.44922;0.45898;0.46875;0.47852;0.48828;0.49805;0.50781;0.51758;0.52734;0.53711;0.54688;0.55664;0.56641;0.57617;0.58594;0.5957;0.60547;0.61523;0.625;0.63477;0.64453;0.6543;0.66406;0.67383;0.68359;0.69336;0.70313;0.71289;0.72266;0.73242;0.74219;0.75195;0.76172;0.77148;0.78125;0.79102,0.008632319999999999;0.018535423999999998;0.013042688;0.008765440000000001;0.017147904000000002;0.022449152000000003;0.136096768;0.4585216;0.45715148799999994;0.19556454400000003;0.131458048;0.16559820800000002;0.136133632;0.08484761600000001;0.062794752;0.102933504;0.09084416000000001;0.046603264000000005;0.024820736;0.029204479999999998;0.042728447999999995;0.029698047999999998;0.014857215999999998;0.024539136;0.018113536;0.011912191999999999;0.012408832;0.010597376;0.014961664000000001;0.014564352;0.009465856;0.007471104;0.005888;0.007486464;0.008168448;0.008675328;0.010752;0.011124736000000001;0.012727296;0.013005824000000001;0.014971904000000001;0.014738432;0.015080448;0.022493184;0.019918848000000003;0.022966272;0.025223168;0.030325759999999997;0.028135424;0.014676992;0.012899328000000002;0.012512256000000001;0.014488576000000001;0.016781312;0.010163199999999999;0.006584319999999999;0.008625152;0.009434112000000001;0.009417728;0.008225791999999999;0.006640640000000001;0.004349952;0.004842496;0.005679103999999999;0.004435968;0.0039495680000000005;0.004303872;0.004026368;0.003484672;0.003980288;0.0032532480000000003;0.002440192;0.0022272;0.0015943679999999999;0.0022466560000000005;0.0025118719999999996;0.002601984;0.0022476799999999997;0.00176128
1784835900,hdr,0.0293;0.03906;0.04883;0.05859;0.06836;0.07813;0.08789;0.09766;0.10742;0.11719;0.12695;0.13672;0.14648;0.15625;0.16602;0.17578;0.18555;0.19531;0.20508;0.21484;0.22461;0.23438;0.24414;0.25391;0.26367;0.27344;0.2832;0.29297;0.30273;0.3125;0.32227;0.33203;0.3418;0.35156;0.36133;0.37109;0.38086;0.39063;0.40039;0.41016;0.41992;0.42969;0.43945;0.44922;0.45898;0.46875;0.47852;0.48828;0.49805;0.50781;0.51758;0.52734;0.53711;0.54688;0.55664;0.56641;0.57617;0.58594;0.5957;0.60547;0.61523;0.625;0.63477;0.64453;0.6543;0.66406;0.67383;0.68359;0.69336;0.70313;0.71289;0.72266;0.73242;0.74219;0.75195;0.76172;0.77148;0.78125;0.79102,0.005024768;0.005088256;0.0032839680000000004;0.005308416;0.016248832;0.023732224;0.13610496;0.466789376;0.48588288;0.286626816;0.19741696;0.17715404799999998;0.130072576;0.111239168;0.072962048;0.072044544;0.070151168;0.051216384;0.038111232;0.061667327999999993;0.064553984;0.034558976000000005;0.019210239999999996;0.011287552;0.007062528;0.009786368;0.010678271999999999;0.00723968;0.008124416;0.009371648000000002;0.008491008000000001;0.005524479999999999;0.006700032;0.005380095999999999;0.005369856000000001;0.007707648;0.0067184639999999995;0.008345599999999998;0.006692864000000001;0.010585088000000001;0.012924928;0.017472512;0.018868224000000003;0.024088576;0.02143744;0.025282560000000003;0.032446464;0.02461184;0.024101888;0.021879808;0.021965824000000002;0.013365248;0.010064895999999999;0.010025983999999998;0.010671103999999999;0.007170048000000001;0.007185407999999999;0.009377792;0.0105984;0.005835776;0.002697216;0.002960384;0.0031979519999999996;0.0037898240000000002;0.005751808;0.006943744;0.006120448;0.002760704;0.0022947840000000002;0.002895872;0.0025077759999999998;0.0021288960000000003;0.001480704;0.0020633599999999998;0.0023500800000000005;0.001555456;0.0017858560000000002;0.0025917439999999996;0.00226816
1784836800,hdr,0.0293;0.03906;0.04883;0.05859;0.06836;0.07813;0.08789;0.09766;0.10742;0.11719;0.12695;0.13672;0.14648;0.15625;0.16602;0.17578;0.18555;0.19531;0.20508;0.21484;0.22461;0.23438;0.24414;0.25391;0.26367;0.27344;0.2832;0.29297;0.30273;0.3125;0.32227;0.33203;0.3418;0.35156;0.36133;0.37109;0.38086;0.39063;0.40039;0.41016;0.41992;0.42969;0.43945;0.44922;0.45898;0.46875;0.47852;0.48828;0.49805;0.50781;0.51758;0.52734;0.53711;0.54688;0.55664;0.56641;0.57617;0.58594;0.5957;0.60547;0.61523;0.625;0.63477;0.64453;0.6543;0.66406;0.67383;0.68359;0.69336;0.70313;0.71289;0.72266;0.73242;0.74219;0.75195;0.76172;0.77148;0.78125;0.79102,0.010753024;0.008937472;0.009066496;0.009319424;0.016567296;0.037617663999999995;0.207579136;0.34251161599999996;0.5229383679999999;0.367072256;0.25384448;0.095758336;0.11244032000000001;0.07688191999999999;0.072153088;0.052421632;0.046113791999999994;0.052122624000000006;0.047429632;0.04348928;0.045891584;0.028259328;0.018021376;0.023336960000000004;0.016531456;0.013072384;0.004680704000000001;0.007691264;0.010677248000000002;0.015079424;0.012675072;0.010930176;0.008813567999999999;0.007968768;0.0054312959999999995;0.004760576;0.004556800000000001;0.007367680000000001;0.007939072;0.00705024;0.0096768;0.014476288;0.018127872;0.026130432000000002;0.022463488;0.01392128;0.021222400000000002;0.019255296;0.013948928;0.014021632;0.012843008;0.011621376000000001;0.009227263999999999;0.006662143999999999;0.007202816000000001;0.00740352;0.007896064;0.005819392;0.005378048;0.006276095999999999;0.0048209920000000005;0.005712895999999999;0.005372928;0.005105663999999999;0.00467968;0.004236288;0.004953088;0.004696064;0.003211264;0.0033423359999999996;0.003166208;0.002500608;0.003296256;0.0032348159999999997;0.002409472;0.0025937919999999997;0.002660352;0.002397184;0.00249856
1784837700,hdr,0.0293;0.03906;0.04883;0.05859;0.06836;0.07813;0.08789;0.09766;0.10742;0.11719;0.12695;0.13672;0.14648;0.15625;0.16602;0.17578;0.18555;0.19531;0.20508;0.21484;0.22461;0.23438;0.24414;0.25391;0.26367;0.27344;0.2832;0.29297;0.30273;0.3125;0.32227;0.33203;0.3418;0.35156;0.36133;0.37109;0.38086;0.39063;0.40039;0.41016;0.41992;0.42969;0.43945;0.44922;0.45898;0.46875;0.47852;0.48828;0.49805;0.50781;0.51758;0.52734;0.53711;0.54688;0.55664;0.56641;0.57617;0.58594;0.5957;0.60547;0.61523;0.625;0.63477;0.64453;0.6543;0.66406;0.67383;0.68359;0.69336;0.70313;0.71289;0.72266;0.73242;0.74219;0.75195;0.76172;0.77148;0.78125;0.79102,0.012075008;0.021023744000000004;0.015579136;0.018311168;0.028724224;0.079717376;0.23843225599999998;0.45126451200000006;0.467120128;0.285599744;0.139174912;0.090797056;0.077390848;0.10394726400000001;0.08468992;0.0736512;0.038337536;0.046544896;0.05786624;0.043835392;0.034156544;0.03348684800000001;0.023738368000000003;0.02269696;0.017873919999999998;0.017094656;0.018704384;0.01051136;0.0068577280000000004;0.005195776000000001;0.00341504;0.011157503999999999;0.008771584;0.0054435840000000004;0.004047872;0.0071014400000000005;0.008249344;0.005370879999999999;0.006321152;0.009609216;0.011607039999999999;0.011016192000000001;0.013855743999999998;0.010472448;0.01257984;0.015363072;0.009000959999999999;0.008732672;0.010457088;0.008695808;0.011015168;0.007908352;0.008584192;0.008737792000000001;0.006475776;0.006280192;0.006242304;0.003823616;0.0049285119999999995;0.0062054400000000004;0.0045895680000000005;0.002737152;0.004322304;0.0055930879999999995;0.003976192;0.0032942079999999994;0.003329024;0.0031703039999999997;0.004123648;0.0044748800000000005;0.004810752;0.0030300159999999995;0.002802688;0.003126272;0.0031354879999999996;0.003203072;0.003345408;0.0026521599999999998;0.0018513919999999999
1784838600,hdr,0.0293;0.03906;0.04883;0.05859;0.06836;0.07813;0.08789;0.09766;0.10742;0.11719;0.12695;0.13672;0.14648;0.15625;0.16602;0.17578;0.18555;0.19531;0.20508;0.21484;0.22461;0.23438;0.24414;0.25391;0.26367;0.27344;0.2832;0.29297;0.30273;0.3125;0.32227;0.33203;0.3418;0.35156;0.36133;0.37109;0.38086;0.39063;0.40039;0.41016;0.41992;0.42969;0.43945;0.44922;0.45898;0.46875;0.47852;0.48828;0.49805;0.50781;0.51758;0.52734;0.53711;0.54688;0.55664;0.56641;0.57617;0.58594;0.5957;0.60547;0.61523;0.625;0.63477;0.64453;0.6543;0.66406;0.67383;0.68359;0.69336;0.70313;0.71289;0.72266;0.73242;0.74219;0.75195;0.76172;0.77148;0.78125;0.79102,0.011547648;0.016134144;0.011262976000000001;0.009042943999999999;0.00921088;0.044346368;0.15673856;0.35188019200000004;0.468273152;0.238048256;0.234616832;0.169101312;0.12302848;0.107399168;0.06269337600000001;0.041220096;0.044716031999999996;0.034806784;0.02847232;0.042124288;0.037170176;0.036984831999999995;0.02168832;0.017673216000000002;0.013819904;0.011370495999999999;0.011389952;0.011413504;0.009028608;0.01289216;0.015049727999999998;0.010046464;0.010156031999999999;0.010456064000000001;0.009971711999999999;0.008066048000000001;0.005312512;0.004757504;0.008652799999999999;0.012760064;0.005952512;0.005520384;0.0086784;0.0101376;0.011098112;0.013851648000000001;0.011141120000000001;0.008097792000000001;0.01009664;0.00886272;0.008156159999999999;0.007220224;0.0070297599999999995;0.004227072;0.0037550080000000002;0.005221376;0.006070272;0.005236736;0.0032757759999999998;0.002229248;0.00315904;0.003933184;0.004197376;0.00364544;0.003111936;0.0031938559999999997;0.002566144;0.00221184;0.0023019520000000003;0.001989632;0.0022097920000000004;0.0012871680000000002;0.001261568;0.0017356799999999999;0.001865728;0.001810432;0.001757184;0.0016179200000000001;0.0012625919999999999
1784839500,hdr,0.0293;0.03906;0.04883;0.05859;0.06836;0.07813;0.08789;0.09766;0.10742;0.11719;0.12695;0.13672;0.14648;0.15625;0.16602;0.17578;0.18555;0.19531;0.20508;0.21484;0.22461;0.23438;0.24414;0.25391;0.26367;0.27344;0.2832;0.29297;0.30273;0.3125;0.32227;0.33203;0.3418;0.35156;0.36133;0.37109;0.38086;0.39063;0.40039;0.41016;0.41992;0.42969;0.43945;0.44922;0.45898;0.46875;0.47852;0.48828;0.49805;0.50781;0.51758;0.52734;0.53711;0.54688;0.55664;0.56641;0.57617;0.58594;0.5957;0.60547;0.61523;0.625;0.63477;0.64453;0.6543;0.66406;0.67383;0.68359;0.69336;0.70313;0.71289;0.72266;0.73242;0.74219;0.75195;0.76172;0.77148;0.78125;0.79102,0.012365824000000001;0.025401344;0.022990847999999998;0.01803264;0.022883327999999998;0.052888576;0.20742451199999998;0.42206207999999995;0.30445158400000005;0.32776806399999997;0.359936;0.218329088;0.1221632;0.08722739199999999;0.076061696;0.057808896;0.057841664;0.06705254399999999;0.036893696;0.037763072;0.044626944;0.024001536;0.016914432;0.012378111999999998;0.008155136;0.013674496;0.016846848;0.010993664;0.008375296;0.007691264;0.007021568000000001;0.004811776;0.007784448;0.009915392;0.0078336;0.006152192;0.004321279999999999;0.003319808;0.005081088000000001;0.007576576;0.010638336000000002;0.007202816000000001;0.006281215999999999;0.007553023999999999;0.006928384;0.008969215999999999;0.008605696;0.008925184;0.009544704;0.00805376;0.007942144;0.005059584;0.007096320000000001;0.007374848;0.0068997120000000006;0.005870592000000001;0.004452352;0.003373056;0.0036024319999999996;0.00307712;0.0015953919999999997;0.001922048;0.002704384;0.0028426239999999998;0.0024299520000000004;0.0019660800000000003;0.0022487040000000002;0.002251776;0.002659328;0.002531328;0.002312192;0.001840128;0.001391616;0.0013035520000000001;0.0016906239999999997;0.002696192;0.002159616;0.002265088;0.001657856
1784841300,hdr,0.0293;0.03906;0.04883;0.05859;0.06836;0.07813;0.08789;0.09766;0.10742;0.11719;0.12695;0.13672;0.14648;0.15625;0.16602;0.17578;0.18555;0.19531;0.20508;0.21484;0.22461;0.23438;0.24414;0.25391;0.26367;0.27344;0.2832;0.29297;0.30273;0.3125;0.32227;0.33203;0.3418;0.35156;0.36133;0.37109;0.38086;0.39063;0.40039;0.41016;0.41992;0.42969;0.43945;0.44922;0.45898;0.46875;0.47852;0.48828;0.49805;0.50781;0.51758;0.52734;0.53711;0.54688;0.55664;0.56641;0.57617;0.58594;0.5957;0.60547;0.61523;0.625;0.63477;0.64453;0.6543;0.66406;0.67383;0.68359;0.69336;0.70313;0.71289;0.72266;0.73242;0.74219;0.75195;0.76172;0.77148;0.78125;0.79102,0.009588736;0.015533056;0.01576448;0.009358336;0.00999424;0.030171136;0.21729894400000002;0.6049791999999999;0.5602048;0.22105190400000002;0.181783552;0.19110195200000002;0.174912512;0.101610496;0.06571724799999999;0.055853056000000005;0.040278016;0.029422592;0.034898944;0.042063872;0.043394048;0.035621888;0.032065536;0.033934336;0.022625279999999998;0.014727168000000002;0.011533312;0.011312128;0.009309184;0.010080256000000001;0.013458432000000001;0.010436608;0.006978559999999999;0.005388288000000001;0.004813824;0.004115456;0.005850112;0.006580224;0.007070719999999999;0.006208511999999999;0.0059269119999999995;0.006191104;0.005876736;0.0063549439999999995;0.004122624;0.006079487999999999;0.007098368;0.007758848;0.009825279999999999;0.007904256;0.01028096;0.006550528;0.0037304319999999997;0.005009407999999999;0.004865024;0.004503552;0.003991552;0.004103168000000001;0.003301376;0.0027392;0.0033003520000000003;0.002562048;0.00178176;0.0021524480000000004;0.002154496;0.0022599680000000002;0.002043904;0.0020572159999999997;0.001798144;0.001581056;0.001727488;0.0019824639999999998;0.0027514880000000003;0.001975296;0.00154624;0.001455104;0.001680384;0.001158144;0.001333248
1784842200,hdr,0.0293;0.03906;0.04883;0.05859;0.06836;0.07813;0.08789;0.09766;0.10742;0.11719;0.12695;0.13672;0.14648;0.15625;0.16602;0.17578;0.18555;0.19531;0.20508;0.21484;0.22461;0.23438;0.24414;0.25391;0.26367;0.27344;0.2832;0.29297;0.30273;0.3125;0.32227;0.33203;0.3418;0.35156;0.36133;0.37109;0.38086;0.39063;0.40039;0.41016;0.41992;0.42969;0.43945;0.44922;0.45898;0.46875;0.47852;0.48828;0.49805;0.50781;0.51758;0.52734;0.53711;0.54688;0.55664;0.56641;0.57617;0.58594;0.5957;0.60547;0.61523;0.625;0.63477;0.64453;0.6543;0.66406;0.67383;0.68359;0.69336;0.70313;0.71289;0.72266;0.73242;0.74219;0.75195;0.76172;0.77148;0.78125;0.79102,0.00966144;0.01596416;0.008472576;0.008608768;0.015515648000000002;0.044089343999999996;0.289338368;0.5844510719999999;0.46051635199999996;0.321053696;0.19595776;0.2134528;0.173390848;0.091623424;0.084657152;0.06225408;0.04024320000000001;0.030002176;0.029270016;0.049331200000000006;0.038610944;0.021267455999999997;0.019956736;0.021045248;0.019167232;0.013505536;0.011012095999999999;0.008177664;0.005076991999999999;0.006519808;0.009202688;0.007702528;0.004984832000000001;0.006070272;0.005830656;0.005154816;0.0050800640000000005;0.005240832;0.007396352;0.005673983999999999;0.00551424;0.006742016;0.006607872;0.0056350720000000005;0.006802432;0.005371903999999999;0.006449152;0.005561344;0.004885504;0.007988224;0.005245952;0.003158016;0.002666496;0.0022702079999999997;0.003473408;0.004087808;0.0034908160000000003;0.003892224;0.0036976640000000002;0.003866624;0.0031098880000000003;0.001542144;0.001995776;0.002280448;0.00195584;0.001729536;0.002531328;0.0025344;0.002213888;0.0019496960000000001;0.0009349119999999999;0.000837632;0.000720896;0.0012165119999999999;0.001250304;0.000580608;0.0008345599999999999;0.001015808;0.00116224
1784843100,hdr,0.0293;0.03906;0.04883;0.05859;0.06836;0.07813;0.08789;0.09766;0.10742;0.11719;0.12695;0.13672;0.14648;0.15625;0.16602;0.17578;0.18555;0.19531;0.20508;0.21484;0.22461;0.23438;0.24414;0.25391;0.26367;0.27344;0.2832;0.29297;0.30273;0.3125;0.32227;0.33203;0.3418;0.35156;0.36133;0.37109;0.38086;0.39063;0.40039;0.41016;0.41992;0.42969;0.43945;0.44922;0.45898;0.46875;0.47852;0.48828;0.49805;0.50781;0.51758;0.52734;0.53711;0.54688;0.55664;0.56641;0.57617;0.58594;0.5957;0.60547;0.61523;0.625;0.63477;0.64453;0.6543;0.66406;0.67383;0.68359;0.69336;0.70313;0.71289;0.72266;0.73242;0.74219;0.75195;0.76172;0.77148;0.78125;0.79102,0.007174144;0.016031744;0.018584576;0.02082816;0.013287423999999999;0.044347392;0.22977536;0.40103219199999995;0.57142784;0.46857728;0.320854016;0.150523904;0.083995648;0.07476326400000001;0.060502016;0.078466048;0.052356096;0.050289664000000005;0.057486336000000006;0.045518848;0.030060544;0.025152512000000002;0.02205184;0.016156672;0.012520448;0.010646528;0.008556544;0.010430464;0.011548672000000001;0.01529344;0.014435327999999999;0.014905344;0.010252288;0.0046295039999999996;0.003873792;0.002904064;0.004125696;0.0038062079999999997;0.005278720000000001;0.00481792;0.004375552;0.00356352;0.005003264;0.007650304;0.008282112;0.008949760000000001;0.005632;0.004172799999999999;0.005440512;0.003785728;0.0027975680000000003;0.003222528;0.0033024;0.003058688;0.00242176;0.00236544;0.002409472;0.0027095039999999997;0.002011136;0.002748416;0.002241536;0.0022538239999999998;0.001736704;0.002177024;0.0014581759999999998;0.0015493120000000002;0.0022487040000000002;0.002659328;0.0019937279999999997;0.0015114240000000001;0.0013578239999999999;0.001537024;0.0011048960000000002;0.001041408;0.001374208;0.001446912;0.001557504;0.0015165439999999999;0.001122304
1784844000,hdr,0.0293;0.03906;0.04883;0.05859;0.06836;0.07813;0.08789;0.09766;0.10742;0.11719;0.12695;0.13672;0.14648;0.15625;0.16602;0.17578;0.18555;0.19531;0.20508;0.21484;0.22461;0.23438;0.24414;0.25391;0.26367;0.27344;0.2832;0.29297;0.30273;0.3125;0.32227;0.33203;0.3418;0.35156;0.36133;0.37109;0.38086;0.39063;0.40039;0.41016;0.41992;0.42969;0.43945;0.44922;0.45898;0.46875;0.47852;0.48828;0.49805;0.50781;0.51758;0.52734;0.53711;0.54688;0.55664;0.56641;0.57617;0.58594;0.5957;0.60547;0.61523;0.625;0.63477;0.64453;0.6543;0.66406;0.67383;0.68359;0.69336;0.70313;0.71289;0.72266;0.73242;0.74219;0.75195;0.76172;0.77148;0.78125;0.79102,0.007560192;0.010117119999999999;0.013615104000000001;0.011947008;0.020948992000000003;0.033821696000000005;0.21991321600000002;0.388491264;0.40495104;0.39016959999999995;0.21515468799999998;0.19484672;0.12143103999999999;0.07132672;0.044008448000000006;0.045250559999999995;0.039095295999999995;0.055415808;0.054191104;0.051116032;0.052453375999999996;0.02067456;0.020972544;0.019511296;0.015188992;0.014887936;0.010732544;0.008932352;0.015808512;0.016679936000000003;0.018279424;0.016425984;0.013453312;0.00671232;0.006073344;0.00871936;0.009409536;0.00716288;0.003421184;0.004205568;0.007281664;0.007011328;0.008041472000000001;0.0068454399999999995;0.008088576;0.006436864;0.006642688;0.006155264;0.006342656;0.003584;0.0047615999999999995;0.003974144;0.003658752;0.0034375680000000002;0.0036392959999999998;0.0035450879999999996;0.003847168;0.0031088640000000002;0.00300032;0.001818624;0.001483776;0.001831936;0.002477056;0.003198976;0.0026449919999999997;0.003081216;0.001961984;0.001490944;0.001241088;0.001349632;0.0012441599999999998;0.002052096;0.0020121600000000003;0.001746944;0.000930816;0.001425408;0.0019773440000000002;0.0014233599999999998;0.000567296
1784844900,hdr,0.0293;0.03906;0.04883;0.05859;0.06836;0.07813;0.08789;0.09766;0.10742;0.11719;0.12695;0.13672;0.14648;0.15625;0.16602;0.17578;0.18555;0.19531;0.20508;0.21484;0.22461;0.23438;0.24414;0.25391;0.26367;0.27344;0.2832;0.29297;0.30273;0.3125;0.32227;0.33203;0.3418;0.35156;0.36133;0.37109;0.38086;0.39063;0.40039;0.41016;0.41992;0.42969;0.43945;0.44922;0.45898;0.46875;0.47852;0.48828;0.49805;0.50781;0.51758;0.52734;0.53711;0.54688;0.55664;0.56641;0.57617;0.58594;0.5957;0.60547;0.61523;0.625;0.63477;0.64453;0.6543;0.66406;0.67383;0.68359;0.69336;0.70313;0.71289;0.72266;0.73242;0.74219;0.75195;0.76172;0.77148;0.78125;0.79102,0.004687871999999999;0.004237312;0.0029911039999999996;0.006539264;0.011147263999999999;0.024418304000000002;0.205305856;0.49726464000000004;0.354801664;0.34309529600000005;0.221042688;0.19024179200000002;0.175488;0.154519552;0.11711488;0.12190924800000001;0.07817523199999998;0.040948736;0.039474176;0.048258048000000005;0.051513343999999996;0.028012543999999997;0.02040832;0.007462912;0.009476096;0.011010048;0.014373888000000001;0.013422592;0.01744896;0.020550656;0.018580480000000003;0.013761536;0.007921664;0.005567488000000001;0.006235136;0.005384192;0.005256192;0.005958656;0.005181440000000001;0.0043929600000000004;0.00612352;0.007107584;0.006213631999999999;0.0069601279999999995;0.006915072;0.00554496;0.00413184;0.002992128;0.004457472;0.003115008;0.003986432;0.004167679999999999;0.0047810560000000005;0.0043335679999999994;0.003231744;0.0022835200000000003;0.00256;0.002110464;0.00181248;0.0018360320000000002;0.001538048;0.0021288960000000003;0.001564672;0.0013680639999999998;0.0016670720000000001;0.001579008;0.001805312;0.001374208;0.001425408;0.0010946560000000003;0.00133632;0.001253376;0.0011786239999999999;0.0012441599999999998;0.000933888;0.000917504;0.0012042239999999998;0.00135168;0.0009472
1784845800,hdr,0.0293;0.03906;0.04883;0.05859;0.06836;0.07813;0.08789;0.09766;0.10742;0.11719;0.12695;0.13672;0.14648;0.15625;0.16602;0.17578;0.18555;0.19531;0.20508;0.21484;0.22461;0.23438;0.24414;0.25391;0.26367;0.27344;0.2832;0.29297;0.30273;0.3125;0.32227;0.33203;0.3418;0.35156;0.36133;0.37109;0.38086;0.39063;0.40039;0.41016;0.41992;0.42969;0.43945;0.44922;0.45898;0.46875;0.47852;0.48828;0.49805;0.50781;0.51758;0.52734;0.53711;0.54688;0.55664;0.56641;0.57617;0.58594;0.5957;0.60547;0.61523;0.625;0.63477;0.64453;0.6543;0.66406;0.67383;0.68359;0.69336;0.70313;0.71289;0.72266;0.73242;0.74219;0.75195;0.76172;0.77148;0.78125;0.79102,0.002967552;0.004130816000000001;0.00204288;0.002976768;0.010191872;0.016055296;0.165424128;0.6722058240000001;0.631390208;0.239870976;0.187426816;0.257082368;0.268138496;0.172227584;0.108616704;0.085615616;0.053485568;0.06930944;0.10408038399999998;0.078518272;0.068273152;0.052012032;0.028965888;0.023432191999999998;0.016779264000000002;0.010994688;0.0075100160000000004;0.008523776;0.012709887999999999;0.012889088;0.014270464;0.017819648;0.009562112000000001;0.006472704000000001;0.007883776;0.00792064;0.004390912;0.003591168;0.003858432;0.0035686399999999997;0.0047912960000000004;0.005400576;0.005066752000000001;0.005814272;0.005398528;0.002601984;0.002427904;0.004272128000000001;0.004471808;0.0037683200000000003;0.003224576;0.0034242560000000005;0.0033003520000000003;0.0024545279999999997;0.0020244480000000003;0.0028897280000000003;0.0026705920000000003;0.0020490240000000004;0.0022835200000000003;0.002332672;0.0030853119999999998;0.0018841600000000002;0.0014827520000000002;0.001209344;0.000996352;0.001408;0.00115712;0.000897024;0.0010475520000000002;0.000930816;0.001309696;0.001276928;0.0013148160000000001;0.0012308479999999999;0.001349632;0.0011212799999999999;0.0010496000000000001;0.000867328;0.0008519679999999999
1784846700,hdr,0.0293;0.03906;0.04883;0.05859;0.06836;0.07813;0.08789;0.09766;0.10742;0.11719;0.12695;0.13672;0.14648;0.15625;0.16602;0.17578;0.18555;0.19531;0.20508;0.21484;0.22461;0.23438;0.24414;0.25391;0.26367;0.27344;0.2832;0.29297;0.30273;0.3125;0.32227;0.33203;0.3418;0.35156;0.36133;0.37109;0.38086;0.39063;0.40039;0.41016;0.41992;0.42969;0.43945;0.44922;0.45898;0.46875;0.47852;0.48828;0.49805;0.50781;0.51758;0.52734;0.53711;0.54688;0.55664;0.56641;0.57617;0.58594;0.5957;0.60547;0.61523;0.625;0.63477;0.64453;0.6543;0.66406;0.67383;0.68359;0.69336;0.70313;0.71289;0.72266;0.73242;0.74219;0.75195;0.76172;0.77148;0.78125;0.79102,0.0005642239999999999;0.0016404479999999999;0.00370176;0.003508224;0.015362048;0.029873152000000004;0.16397209599999998;0.500733952;0.420591616;0.339894272;0.241508352;0.177056768;0.12897382400000001;0.12829593600000003;0.07974502400000001;0.081631232;0.078763008;0.032690176;0.028340223999999997;0.033968128;0.059465727999999995;0.050650112000000004;0.023341055999999995;0.016642048;0.013615104000000001;0.013107200000000001;0.007873536;0.005931008000000001;0.007993344;0.010052608;0.016600063999999998;0.017903615999999997;0.007131136;0.006232064000000001;0.0055951360000000006;0.00464896;0.004632576;0.0057047040000000005;0.007108608;0.006244352;0.00525824;0.004245504000000001;0.008419328;0.007894016;0.004524032;0.004172799999999999;0.00421888;0.001990656;0.001985536;0.002707456;0.00325632;0.003360768;0.003588096;0.002989056;0.0018995200000000002;0.0020172799999999998;0.001975296;0.0014786559999999999;0.0012042239999999998;0.0013404159999999999;0.001399808;0.0012308479999999999;0.0009359360000000001;0.001195008;0.001077248;0.001086464;0.001412096;0.001574912;0.0008744960000000001;0.0007936;0.00115712;0.00103424;0.001016832;0.001201152;0.00103936;0.000659456;0.0006819840000000001;0.0007219199999999999;0.00036249599999999997
1784847600,hdr,0.0293;0.03906;0.04883;0.05859;0.06836;0.07813;0.08789;0.09766;0.10742;0.11719;0.12695;0.13672;0.14648;0.15625;0.16602;0.17578;0.18555;0.19531;0.20508;0.21484;0.22461;0.23438;0.24414;0.25391;0.26367;0.27344;0.2832;0.29297;0.30273;0.3125;0.32227;0.33203;0.3418;0.35156;0.36133;0.37109;0.38086;0.39063;0.40039;0.41016;0.41992;0.42969;0.43945;0.44922;0.45898;0.46875;0.47852;0.48828;0.49805;0.50781;0.51758;0.52734;0.53711;0.54688;0.55664;0.56641;0.57617;0.58594;0.5957;0.60547;0.61523;0.625;0.63477;0.64453;0.6543;0.66406;0.67383;0.68359;0.69336;0.70313;0.71289;0.72266;0.73242;0.74219;0.75195;0.76172;0.77148;0.78125;0.79102,0.000398336;0.0019496960000000001;0.002762752;0.0036843519999999997;0.017946624;0.023011327999999998;0.114315264;0.398505984;0.719967232;0.502810624;0.28329062399999994;0.218011648;0.215112704;0.180547584;0.141056;0.075370496;0.04346163200000001;0.030959616000000002;0.033967104;0.04456550399999999;0.046699519999999994;0.0322048;0.030148608;0.018122751999999995;0.011841536;0.010902528;0.010919936;0.009921536;0.006513664000000001;0.009826304;0.016556032;0.015577088;0.009494528;0.006454272;0.003868672;0.00380416;0.00415744;0.004496384;0.004058112000000001;0.004662272;0.004946944;0.006141952;0.007056384;0.005332992;0.00380416;0.0038410239999999997;0.004558848;0.0037836799999999998;0.0025978880000000005;0.0015534079999999998;0.00226304;0.002512896;0.0018882559999999998;0.00236032;0.0026685439999999997;0.002014208;0.0021032959999999997;0.0013547519999999999;0.0014172160000000002;0.001308672;0.00204288;0.0021360640000000005;0.001099776;0.000524288;0.0008929280000000001;0.001601536;0.001210368;0.000826368;0.000761856;0.000515072;0.0007495679999999999;0.000642048;0.0007137280000000001;0.00088576;0.000863232;0.000989184;0.000740352;0.0005099519999999999;0.000456704
1784848500,hdr,0.0293;0.03906;0.04883;0.05859;0.06836;0.07813;0.08789;0.09766;0.10742;0.11719;0.12695;0.13672;0.14648;0.15625;0.16602;0.17578;0.18555;0.19531;0.20508;0.21484;0.22461;0.23438;0.24414;0.25391;0.26367;0.27344;0.2832;0.29297;0.30273;0.3125;0.32227;0.33203;0.3418;0.35156;0.36133;0.37109;0.38086;0.39063;0.40039;0.41016;0.41992;0.42969;0.43945;0.44922;0.45898;0.46875;0.47852;0.48828;0.49805;0.50781;0.51758;0.52734;0.53711;0.54688;0.55664;0.56641;0.57617;0.58594;0.5957;0.60547;0.61523;0.625;0.63477;0.64453;0.6543;0.66406;0.67383;0.68359;0.69336;0.70313;0.71289;0.72266;0.73242;0.74219;0.75195;0.76172;0.77148;0.78125;0.79102,0.0008929280000000001;0.0016732160000000002;0.003068928;0.004259839999999999;0.009947136;0.026889216;0.156899328;0.390148096;0.34839961599999997;0.319625216;0.229303296;0.209958912;0.199681024;0.11954790400000001;0.071276544;0.07415091200000001;0.04936704;0.053487616;0.046311424;0.05661593599999999;0.061955072;0.042105856;0.02044416;0.018745344;0.021352448;0.009346048;0.01154048;0.013764608;0.009162751999999998;0.011611136000000001;0.013104128;0.015075328;0.011489280000000001;0.006888448;0.0045772799999999995;0.0032256;0.002532352;0.0046714880000000005;0.00472064;0.0027023359999999996;0.005293056;0.007270400000000001;0.007808;0.005840896;0.0036024319999999996;0.002630656;0.00246272;0.0020572159999999997;0.0030535679999999996;0.003416064;0.002542592;0.001253376;0.0019660800000000003;0.001636352;0.001393664;0.0008601600000000001;0.000927744;0.001373184;0.00142848;0.001082368;0.000978944;0.0008601600000000001;0.000999424;0.0017244159999999999;0.001206272;0.001467392;0.0010936319999999998;0.000840704;0.0008110079999999999;0.0006973439999999999;0.0007423999999999999;0.00081408;0.000623616;0.000565248;0.00036966399999999996;0.0005898240000000001;0.0005847039999999999;0.00064;0.00044339199999999997
1784849400,hdr,0.0293;0.03906;0.04883;0.05859;0.06836;0.07813;0.08789;0.09766;0.10742;0.11719;0.12695;0.13672;0.14648;0.15625;0.16602;0.17578;0.18555;0.19531;0.20508;0.21484;0.22461;0.23438;0.24414;0.25391;0.26367;0.27344;0.2832;0.29297;0.30273;0.3125;0.32227;0.33203;0.3418;0.35156;0.36133;0.37109;0.38086;0.39063;0.40039;0.41016;0.41992;0.42969;0.43945;0.44922;0.45898;0.46875;0.47852;0.48828;0.49805;0.50781;0.51758;0.52734;0.53711;0.54688;0.55664;0.56641;0.57617;0.58594;0.5957;0.60547;0.61523;0.625;0.63477;0.64453;0.6543;0.66406;0.67383;0.68359;0.69336;0.70313;0.71289;0.72266;0.73242;0.74219;0.75195;0.76172;0.77148;0.78125;0.79102,0.006549504;0.011388928;0.012250111999999999;0.010528768;0.023345151999999997;0.03834368;0.234171392;0.49909862399999994;0.5337927680000001;0.370761728;0.190324736;0.169723904;0.15357952;0.080627712;0.064555008;0.08855039999999999;0.043916288;0.061905919999999996;0.056201216;0.081486848;0.06189056;0.029324288;0.02091008;0.017550336000000003;0.008813567999999999;0.008508416000000001;0.010104832000000001;0.012274688;0.012007424000000001;0.009402367999999998;0.012089344;0.009732095999999999;0.008209408;0.005958656;0.004496384;0.003733504;0.0030443519999999997;0.00292352;0.002284544;0.0035717120000000003;0.002771968;0.0028764159999999997;0.003782656;0.003416064;0.0035532800000000002;0.0032849919999999996;0.0042536959999999995;0.0035788799999999996;0.00278016;0.0025047039999999995;0.001498112;0.001846272;0.002532352;0.0019435519999999999;0.0024166400000000003;0.002885632;0.001911808;0.001926144;0.001683456;0.001040384;0.0010250239999999998;0.00121344;0.001358848;0.0010250239999999998;0.000626688;0.0011714560000000002;0.001296384;0.001110016;0.001063936;0.00070656;0.0008488959999999999;0.0006993920000000001;0.000566272;0.000582656;0.0005468159999999999;0.00046592000000000004;0.000513024;0.00050176;0.00030617599999999996
1784850300,hdr,0.0293;0.03906;0.04883;0.05859;0.06836;0.07813;0.08789;0.09766;0.10742;0.11719;0.12695;0.13672;0.14648;0.15625;0.16602;0.17578;0.18555;0.19531;0.20508;0.21484;0.22461;0.23438;0.24414;0.25391;0.26367;0.27344;0.2832;0.29297;0.30273;0.3125;0.32227;0.33203;0.3418;0.35156;0.36133;0.37109;0.38086;0.39063;0.40039;0.41016;0.41992;0.42969;0.43945;0.44922;0.45898;0.46875;0.47852;0.48828;0.49805;0.50781;0.51758;0.52734;0.53711;0.54688;0.55664;0.56641;0.57617;0.58594;0.5957;0.60547;0.61523;0.625;0.63477;0.64453;0.6543;0.66406;0.67383;0.68359;0.69336;0.70313;0.71289;0.72266;0.73242;0.74219;0.75195;0.76172;0.77148;0.78125;0.79102,0.003099648;0.0056555519999999995;0.010766336000000001;0.014893056;0.013484032;0.025186304;0.10664345600000001;0.369572864;0.348304384;0.23182848;0.23163699199999999;0.176;0.14500864000000002;0.185009152;0.097938432;0.063653888;0.042289152;0.050327552;0.053059584;0.037188608;0.038948864;0.021693439999999998;0.016329727999999998;0.011961344;0.009517056000000001;0.006571008;0.007949312;0.00624128;0.009670656;0.010559487999999999;0.008164352;0.008647679999999998;0.007580671999999999;0.007782399999999999;0.006415359999999999;0.002888704;0.0026112;0.002448384;0.004334592;0.0036167680000000002;0.0037375999999999998;0.004209664;0.00433152;0.004308992;0.004442112;0.003728384;0.00369152;0.0032942079999999994;0.003340288;0.0025364479999999997;0.00187904;0.001206272;0.0023347199999999998;0.003058688;0.002033664;0.00118784;0.00082944;0.001074176;0.00104448;0.001139712;0.0015534079999999998;0.0013793280000000002;0.001099776;0.0010455039999999998;0.000852992;0.0012195840000000001;0.00141824;0.001358848;0.001030144;0.000842752;0.000970752;0.0012113920000000002;0.000740352;0.000626688;0.000549888;0.0005877759999999999;0.00033792;0.000492544;0.0006144
