Epoch Time,Processing Source,f,varianceDensity
1787011200,hdr,0.0293;0.03906;0.04883;0.05859;0.06836;0.07813;0.08789;0.09766;0.10742;0.11719;0.12695;0.13672;0.14648;0.15625;0.16602;0.17578;0.18555;0.19531;0.20508;0.21484;0.22461;0.23438;0.24414;0.25391;0.26367;0.27344;0.2832;0.29297;0.30273;0.3125;0.32227;0.33203;0.3418;0.35156;0.36133;0.37109;0.38086;0.39063;0.40039;0.41016;0.41992;0.42969;0.43945;0.44922;0.45898;0.46875;0.47852;0.48828;0.49805;0.50781;0.51758;0.52734;0.53711;0.54688;0.55664;0.56641;0.57617;0.58594;0.5957;0.60547;0.61523;0.625;0.63477;0.64453;0.6543;0.66406;0.67383;0.68359;0.69336;0.70313;0.71289;0.72266;0.73242;0.74219;0.75195;0.76172;0.77148;0.78125;0.79102,0.0016650240000000002;0.0012032;0.005117952;0.0057497600000000005;0.006607872;0.00933376;0.010597376;0.01759744;0.016318463999999998;0.011057152;0.009900032;0.008755200000000001;0.009320448;0.010913792000000002;0.008473599999999998;0.021137408;0.041837568;0.059813887999999996;0.087370752;0.1074688;0.139749376;0.166925312;0.102012928;0.08393011199999999;0.07097753600000001;0.060748800000000006;0.070326272;0.050103296000000005;0.032325632;0.029845504;0.030267392;0.015468543999999999;0.023727104;0.025060352;0.022762496;0.019202048000000003;0.016362496;0.011239424;0.012434431999999999;0.01125376;0.013717504;0.011433984000000001;0.008528896;0.007486464;0.00577024;0.006040576;0.00663552;0.004678656;0.004250624;0.004574208;0.00461312;0.004462592;0.004673536;0.004662272;0.004383743999999999;0.00344576;0.001934336;0.00245248;0.00292864;0.003349504;0.0032337920000000005;0.0027842559999999997;0.002028544;0.002592768;0.002528256;0.0020490240000000004;0.0015656959999999999;0.002054144;0.0019046400000000002;0.001304576;0.001232896;0.001599488;0.001376256;0.0009615359999999999;0.001180672;0.001176576;0.000985088;0.001026048;0.00098816
1787012100,hdr,0.0293;0.03906;0.04883;0.05859;0.06836;0.07813;0.08789;0.09766;0.10742;0.11719;0.12695;0.13672;0.14648;0.15625;0.16602;0.17578;0.18555;0.19531;0.20508;0.21484;0.22461;0.23438;0.24414;0.25391;0.26367;0.27344;0.2832;0.29297;0.30273;0.3125;0.32227;0.33203;0.3418;0.35156;0.36133;0.37109;0.38086;0.39063;0.40039;0.41016;0.41992;0.42969;0.43945;0.44922;0.45898;0.46875;0.47852;0.48828;0.49805;0.50781;0.51758;0.52734;0.53711;0.54688;0.55664;0.56641;0.57617;0.58594;0.5957;0.60547;0.61523;0.625;0.63477;0.64453;0.6543;0.66406;0.67383;0.68359;0.69336;0.70313;0.71289;0.72266;0.73242;0.74219;0.75195;0.76172;0.77148;0.78125;0.79102,0.000221184;0.0012871680000000002;0.00068608;0.001318912;0.006109184;0.012136448000000001;0.015816704;0.018451456;0.014574592;0.009037824;0.01480704;0.008472576;0.00776704;0.005541888;0.00708096;0.019845120000000004;0.047586303999999996;0.05903872;0.113026048;0.158342144;0.173105152;0.14187007999999998;0.081191936;0.054652927999999996;0.08134860799999999;0.083059712;0.102679552;0.041430016;0.041409536;0.043180032;0.042693631999999995;0.047113216;0.031924224;0.023969792;0.0237824;0.015484928;0.013581312;0.015549440000000001;0.016666624;0.011516928;0.010612736000000001;0.009726976;0.008009728;0.00704;0.00749568;0.007969792;0.007366656;0.005627904;0.005547008;0.005014528;0.003641344;0.004012032;0.00474112;0.003018752;0.004263936;0.003576832;0.00266752;0.002945024;0.00203264;0.002409472;0.001901568;0.0028917760000000004;0.0023357440000000003;0.0014172160000000002;0.0019773440000000002;0.001846272;0.001490944;0.002069504;0.001467392;0.00099328;0.0010291200000000001;0.001053696;0.000768;0.000910336;0.001057792;0.000896;0.0008744960000000001;0.0007423999999999999;0.0009574399999999999
1787013000,hdr,0.0293;0.03906;0.04883;0.05859;0.06836;0.07813;0.08789;0.09766;0.10742;0.11719;0.12695;0.13672;0.14648;0.15625;0.16602;0.17578;0.18555;0.19531;0.20508;0.21484;0.22461;0.23438;0.24414;0.25391;0.26367;0.27344;0.2832;0.29297;0.30273;0.3125;0.32227;0.33203;0.3418;0.35156;0.36133;0.37109;0.38086;0.39063;0.40039;0.41016;0.41992;0.42969;0.43945;0.44922;0.45898;0.46875;0.47852;0.48828;0.49805;0.50781;0.51758;0.52734;0.53711;0.54688;0.55664;0.56641;0.57617;0.58594;0.5957;0.60547;0.61523;0.625;0.63477;0.64453;0.6543;0.66406;0.67383;0.68359;0.69336;0.70313;0.71289;0.72266;0.73242;0.74219;0.75195;0.76172;0.77148;0.78125;0.79102,0.0025743360000000004;0.000534528;8.192e-06;0.001232896;0.015475711999999999;0.017094656;0.012139519999999999;0.013167616;0.012609536;0.018129919999999997;0.017057792;0.01261056;0.010201088;0.00943104;0.013298688;0.02397184;0.054218752;0.050404352000000006;0.099596288;0.173632512;0.2175488;0.12820992;0.067188736;0.056349696000000005;0.062767104;0.06391193599999999;0.04612608;0.054921216;0.034311168;0.02624512;0.029376512000000004;0.028284928;0.026612736;0.025039871999999998;0.018156544;0.016831488000000002;0.01914368;0.0162816;0.015932415999999998;0.012695551999999999;0.011778048000000001;0.014048255999999999;0.01340416;0.010939392;0.008286208;0.011277312;0.007894016;0.006803456;0.0046848;0.0030371839999999996;0.004378624000000001;0.004412416;0.003904512;0.003401728;0.003208192;0.0031016959999999997;0.001707008;0.002054144;0.002896896;0.003551232;0.0034078719999999997;0.002924544;0.002146304;0.001860608;0.00185344;0.001447936;0.00141824;0.002044928;0.001835008;0.0008386559999999999;0.001107968;0.00133632;0.0022466560000000005;0.0016291839999999999;0.001550336;0.001304576;0.001432576;0.0009543679999999999;0.000782336
1787013900,hdr,0.0293;0.03906;0.04883;0.05859;0.06836;0.07813;0.08789;0.09766;0.10742;0.11719;0.12695;0.13672;0.14648;0.15625;0.16602;0.17578;0.18555;0.19531;0.20508;0.21484;0.22461;0.23438;0.24414;0.25391;0.26367;0.27344;0.2832;0.29297;0.30273;0.3125;0.32227;0.33203;0.3418;0.35156;0.36133;0.37109;0.38086;0.39063;0.40039;0.41016;0.41992;0.42969;0.43945;0.44922;0.45898;0.46875;0.47852;0.48828;0.49805;0.50781;0.51758;0.52734;0.53711;0.54688;0.55664;0.56641;0.57617;0.58594;0.5957;0.60547;0.61523;0.625;0.63477;0.64453;0.6543;0.66406;0.67383;0.68359;0.69336;0.70313;0.71289;0.72266;0.73242;0.74219;0.75195;0.76172;0.77148;0.78125;0.79102,0.001009664;0.002260992;0.000420864;0.005567488000000001;0.03363020800000001;0.018968575999999997;0.002021376;0.006063104000000001;0.009470976;0.013042688;0.011144192;0.009468928;0.00793088;0.006887424;0.014125056;0.022108159999999998;0.038936576;0.07218688000000001;0.095678464;0.179449856;0.276946944;0.256367616;0.133953536;0.0599808;0.064422912;0.058933248;0.052765695999999994;0.041699328;0.024906752;0.034215936;0.022877184000000002;0.02189312;0.02624512;0.026739712;0.0224512;0.012954624000000001;0.0104448;0.008858624000000002;0.008342528;0.005627904;0.009666560000000001;0.0108544;0.00654336;0.008498176000000001;0.009409536;0.0080896;0.005541888;0.0043878400000000005;0.006697984000000001;0.00682496;0.007984128;0.007386112;0.005190656;0.0033925120000000003;0.00331776;0.0031395840000000004;0.003535872;0.00305152;0.002569216;0.00206848;0.001876992;0.0018288640000000001;0.00139776;0.001680384;0.0017356799999999999;0.0014561280000000001;0.001294336;0.000951296;0.00135168;0.001393664;0.001154048;0.001004544;0.001313792;0.0011212799999999999;0.0009359360000000001;0.000723968;0.000871424;0.0007413760000000001;0.00090624
1787014800,hdr,0.0293;0.03906;0.04883;0.05859;0.06836;0.07813;0.08789;0.09766;0.10742;0.11719;0.12695;0.13672;0.14648;0.15625;0.16602;0.17578;0.18555;0.19531;0.20508;0.21484;0.22461;0.23438;0.24414;0.25391;0.26367;0.27344;0.2832;0.29297;0.30273;0.3125;0.32227;0.33203;0.3418;0.35156;0.36133;0.37109;0.38086;0.39063;0.40039;0.41016;0.41992;0.42969;0.43945;0.44922;0.45898;0.46875;0.47852;0.48828;0.49805;0.50781;0.51758;0.52734;0.53711;0.54688;0.55664;0.56641;0.57617;0.58594;0.5957;0.60547;0.61523;0.625;0.63477;0.64453;0.6543;0.66406;0.67383;0.68359;0.69336;0.70313;0.71289;0.72266;0.73242;0.74219;0.75195;0.76172;0.77148;0.78125;0.79102,0.0017018880000000001;0.00685568;0.00391168;0.0042434560000000005;0.008253439999999999;0.009892864;0.011084799999999999;0.009869312;0.009453568;0.010897408;0.014534656000000002;0.006823936;0.0047861760000000005;0.012555264;0.019025919999999998;0.031080448;0.03317452800000001;0.048434176;0.14018662399999998;0.23183564799999998;0.22065152000000002;0.143412224;0.099656704;0.054776832000000004;0.03794944;0.046350336;0.056941568;0.046779392;0.033731583999999995;0.021491712;0.019293184;0.024688639999999998;0.025393152000000002;0.018356224;0.013243392;0.013077503999999998;0.018015232;0.015357952;0.020100096;0.019062784;0.013549568000000001;0.016284672;0.01319424;0.008175616;0.007292928;0.011609088;0.011936768;0.008969215999999999;0.005922816;0.005676032;0.0058521599999999995;0.003533824;0.0032808959999999997;0.0028927999999999996;0.0037990400000000005;0.003938304;0.003365888;0.003277824;0.0025856;0.0025579519999999996;0.003318784;0.00245248;0.001854464;0.001963008;0.0011704320000000001;0.001562624;0.0021032959999999997;0.001716224;0.0018636800000000002;0.000698368;0.000964608;0.001164288;0.001119232;0.000756736;0.000740352;0.000765952;0.000863232;0.000772096;0.0005713920000000001
1787015700,hdr,0.0293;0.03906;0.04883;0.05859;0.06836;0.07813;0.08789;0.09766;0.10742;0.11719;0.12695;0.13672;0.14648;0.15625;0.16602;0.17578;0.18555;0.19531;0.20508;0.21484;0.22461;0.23438;0.24414;0.25391;0.26367;0.27344;0.2832;0.29297;0.30273;0.3125;0.32227;0.33203;0.3418;0.35156;0.36133;0.37109;0.38086;0.39063;0.40039;0.41016;0.41992;0.42969;0.43945;0.44922;0.45898;0.46875;0.47852;0.48828;0.49805;0.50781;0.51758;0.52734;0.53711;0.54688;0.55664;0.56641;0.57617;0.58594;0.5957;0.60547;0.61523;0.625;0.63477;0.64453;0.6543;0.66406;0.67383;0.68359;0.69336;0.70313;0.71289;0.72266;0.73242;0.74219;0.75195;0.76172;0.77148;0.78125;0.79102,0.001711104;0.004363264;0.006045696000000001;0.002477056;0.004471808;0.00375296;0.003007488;0.005726208;0.009987072;0.011127808;0.011012095999999999;0.008341504000000001;0.009623552;0.009540608;0.013028352;0.024890368;0.043567104;0.092721152;0.15178956799999999;0.181835776;0.12299673600000001;0.12973568000000002;0.12337152;0.066852864;0.061036544000000005;0.058128384;0.045708288;0.04368896;0.04042752;0.03915264;0.034557951999999996;0.027542528000000004;0.0188928;0.027389952000000002;0.022751232;0.01286144;0.01501184;0.013726720000000001;0.011406336;0.012419072;0.009922560000000002;0.007282688;0.008836096;0.006929408;0.007056384;0.00588288;0.0057948159999999995;0.0054190079999999995;0.004722688;0.005045248;0.005848064;0.004583424;0.004173824;0.0043335679999999994;0.005233664;0.003313664;0.004107264;0.0046295039999999996;0.003026944;0.0014919679999999998;0.002905088;0.003526656;0.0025292799999999996;0.001620992;0.001927168;0.00208896;0.001374208;0.0011427840000000002;0.0012308479999999999;0.0015185919999999998;0.0010946560000000003;0.0011284479999999998;0.000953344;0.001281024;0.0010291200000000001;0.000950272;0.000671744;0.000754688;0.0008345599999999999
1787016600,hdr,0.0293;0.03906;0.04883;0.05859;0.06836;0.07813;0.08789;0.09766;0.10742;0.11719;0.12695;0.13672;0.14648;0.15625;0.16602;0.17578;0.18555;0.19531;0.20508;0.21484;0.22461;0.23438;0.24414;0.25391;0.26367;0.27344;0.2832;0.29297;0.30273;0.3125;0.32227;0.33203;0.3418;0.35156;0.36133;0.37109;0.38086;0.39063;0.40039;0.41016;0.41992;0.42969;0.43945;0.44922;0.45898;0.46875;0.47852;0.48828;0.49805;0.50781;0.51758;0.52734;0.53711;0.54688;0.55664;0.56641;0.57617;0.58594;0.5957;0.60547;0.61523;0.625;0.63477;0.64453;0.6543;0.66406;0.67383;0.68359;0.69336;0.70313;0.71289;0.72266;0.73242;0.74219;0.75195;0.76172;0.77148;0.78125;0.79102,0.00615424;0.01219584;0.00815104;0.001275904;0.011953152;0.010830848;0.011206656;0.010957824;0.012201984;0.014649344;0.018591744;0.016118784;0.00623104;0.007606272;0.017557504;0.033037312;0.053671936;0.091788288;0.105165824;0.165784576;0.1905664;0.147595264;0.12143206399999999;0.110035968;0.07108096000000001;0.044098559999999995;0.027348992;0.039303168;0.054329343999999995;0.039602176;0.032729087999999996;0.025398271999999996;0.02638336;0.024517631999999998;0.023677952000000002;0.020868096000000003;0.015227904;0.019254272;0.01320448;0.0101376;0.00795648;0.009320448;0.007948288;0.00974336;0.016183296;0.009477119999999999;0.009157631999999999;0.00603136;0.00395264;0.003562496;0.0038871039999999997;0.0042086400000000005;0.004429824;0.005521408;0.003340288;0.003055616;0.003117056;0.0025364479999999997;0.0020244480000000003;0.002066432;0.00178688;0.001376256;0.001619968;0.001048576;0.0018882559999999998;0.001779712;0.0013199359999999999;0.00097792;0.00101376;0.00125952;0.001005568;0.000863232;0.001130496;0.000949248;0.000775168;0.000766976;0.001107968;0.0010250239999999998;0.000818176
1787017500,hdr,0.0293;0.03906;0.04883;0.05859;0.06836;0.07813;0.08789;0.09766;0.10742;0.11719;0.12695;0.13672;0.14648;0.15625;0.16602;0.17578;0.18555;0.19531;0.20508;0.21484;0.22461;0.23438;0.24414;0.25391;0.26367;0.27344;0.2832;0.29297;0.30273;0.3125;0.32227;0.33203;0.3418;0.35156;0.36133;0.37109;0.38086;0.39063;0.40039;0.41016;0.41992;0.42969;0.43945;0.44922;0.45898;0.46875;0.47852;0.48828;0.49805;0.50781;0.51758;0.52734;0.53711;0.54688;0.55664;0.56641;0.57617;0.58594;0.5957;0.60547;0.61523;0.625;0.63477;0.64453;0.6543;0.66406;0.67383;0.68359;0.69336;0.70313;0.71289;0.72266;0.73242;0.74219;0.75195;0.76172;0.77148;0.78125;0.79102,0.0039772159999999996;0.007621632;0.006203391999999999;0.008914944;0.023072768;0.020685824000000002;0.015418367999999998;0.009058304;0.01170944;0.013671424000000001;0.019203072;0.012161024;0.008624128;0.009928704;0.012225536;0.026234880000000002;0.030696448;0.048165888;0.128371712;0.16348569599999999;0.206626816;0.217617408;0.09371648;0.055447552000000004;0.077677568;0.07397683199999999;0.075252736;0.05099622399999999;0.029628416;0.021408768;0.021372928;0.015685631999999998;0.021548031999999998;0.030258176;0.020745216;0.012328960000000002;0.007994368;0.0074751999999999996;0.009252864000000001;0.011454464;0.01580032;0.015295488000000001;0.012582912;0.008544256000000002;0.009168896000000001;0.010584064;0.008462336;0.004451328;0.00374784;0.0046295039999999996;0.004184064;0.00424448;0.005454848;0.003600384;0.0026685439999999997;0.0036014080000000004;0.002586624;0.0017766400000000001;0.002911232;0.002972672;0.002502656;0.00193536;0.001716224;0.0016087039999999999;0.00176128;0.0021207039999999997;0.0020736;0.0023203839999999996;0.001283072;0.00103936;0.0011212799999999999;0.001277952;0.0009461760000000001;0.0007219199999999999;0.000738304;0.00061952;0.0006154239999999999;0.0006000640000000001;0.000365568
1787018400,hdr,0.0293;0.03906;0.04883;0.05859;0.06836;0.07813;0.08789;0.09766;0.10742;0.11719;0.12695;0.13672;0.14648;0.15625;0.16602;0.17578;0.18555;0.19531;0.20508;0.21484;0.22461;0.23438;0.24414;0.25391;0.26367;0.27344;0.2832;0.29297;0.30273;0.3125;0.32227;0.33203;0.3418;0.35156;0.36133;0.37109;0.38086;0.39063;0.40039;0.41016;0.41992;0.42969;0.43945;0.44922;0.45898;0.46875;0.47852;0.48828;0.49805;0.50781;0.51758;0.52734;0.53711;0.54688;0.55664;0.56641;0.57617;0.58594;0.5957;0.60547;0.61523;0.625;0.63477;0.64453;0.6543;0.66406;0.67383;0.68359;0.69336;0.70313;0.71289;0.72266;0.73242;0.74219;0.75195;0.76172;0.77148;0.78125;0.79102,0.001436672;0.0036505599999999997;0.004813824;0.008778752;0.014814208;0.010866688;0.0067481600000000004;0.013341696;0.021789696;0.030666752000000002;0.01818112;0.009639936;0.008978432;0.009683968000000001;0.015362048;0.0252928;0.064314368;0.078625792;0.15231795199999998;0.15460659200000001;0.131258368;0.10729472;0.071405568;0.058715136;0.059531264;0.067007488;0.045824;0.0409856;0.038730752;0.034036736;0.039806976;0.027157504000000002;0.028747776000000003;0.020145152;0.011168768;0.014199808000000001;0.01836544;0.013110272000000001;0.0057149440000000004;0.0066048;0.009184256;0.007886848;0.009115648;0.011992063999999998;0.00838656;0.005991424;0.008107008;0.006531072;0.004829183999999999;0.007048192;0.0053391359999999995;0.003816448;0.00370688;0.004179968;0.0036403200000000003;0.003002368;0.001984512;0.002238464;0.001462272;0.001792;0.00149504;0.0014827520000000002;0.001769472;0.0017039359999999999;0.001460224;0.0009973760000000001;0.001275904;0.001156096;0.0006225919999999999;0.000871424;0.001084416;0.00091648;0.0015544320000000001;0.001927168;0.001149952;0.0005847039999999999;0.000411648;0.000413696;0.00040243200000000004
1787019300,hdr,0.0293;0.03906;0.04883;0.05859;0.06836;0.07813;0.08789;0.09766;0.10742;0.11719;0.12695;0.13672;0.14648;0.15625;0.16602;0.17578;0.18555;0.19531;0.20508;0.21484;0.22461;0.23438;0.24414;0.25391;0.26367;0.27344;0.2832;0.29297;0.30273;0.3125;0.32227;0.33203;0.3418;0.35156;0.36133;0.37109;0.38086;0.39063;0.40039;0.41016;0.41992;0.42969;0.43945;0.44922;0.45898;0.46875;0.47852;0.48828;0.49805;0.50781;0.51758;0.52734;0.53711;0.54688;0.55664;0.56641;0.57617;0.58594;0.5957;0.60547;0.61523;0.625;0.63477;0.64453;0.6543;0.66406;0.67383;0.68359;0.69336;0.70313;0.71289;0.72266;0.73242;0.74219;0.75195;0.76172;0.77148;0.78125;0.79102,0.00028671999999999997;0.001512448;0.003121152;0.002619392;0.009819136000000001;0.012256256000000002;0.01058304;0.014367744;0.01865728;0.015699968;0.017640448;0.01465856;0.007834624;0.011257856;0.015325183999999999;0.028274688000000003;0.059546624000000006;0.06677504000000001;0.11353395200000001;0.205677568;0.18318950399999998;0.09436876799999999;0.076758016;0.061238272;0.070126592;0.064575488;0.038939648;0.047035392;0.041949184;0.036601856;0.033014784;0.017779712;0.023583744;0.025624576;0.025319424000000004;0.026720255999999998;0.019807232;0.017200128000000002;0.007376896000000001;0.004884479999999999;0.007455744;0.008562688;0.009751552;0.010058752;0.007138304;0.005602304;0.005472255999999999;0.005138432;0.005383168000000001;0.00599552;0.002904064;0.001562624;0.003555328;0.003753984;0.002783232;0.0020183040000000003;0.0025989119999999997;0.0017766400000000001;0.001974272;0.002673664;0.00297472;0.0018278399999999998;0.001963008;0.0018411519999999998;0.001405952;0.001318912;0.0011704320000000001;0.001792;0.001502208;0.00142848;0.0012195840000000001;0.000717824;0.000605184;0.0008222720000000001;0.001027072;0.0012308479999999999;0.00093696;0.000720896;0.000656384
1787020200,hdr,0.0293;0.03906;0.04883;0.05859;0.06836;0.07813;0.08789;0.09766;0.10742;0.11719;0.12695;0.13672;0.14648;0.15625;0.16602;0.17578;0.18555;0.19531;0.20508;0.21484;0.22461;0.23438;0.24414;0.25391;0.26367;0.27344;0.2832;0.29297;0.30273;0.3125;0.32227;0.33203;0.3418;0.35156;0.36133;0.37109;0.38086;0.39063;0.40039;0.41016;0.41992;0.42969;0.43945;0.44922;0.45898;0.46875;0.47852;0.48828;0.49805;0.50781;0.51758;0.52734;0.53711;0.54688;0.55664;0.56641;0.57617;0.58594;0.5957;0.60547;0.61523;0.625;0.63477;0.64453;0.6543;0.66406;0.67383;0.68359;0.69336;0.70313;0.71289;0.72266;0.73242;0.74219;0.75195;0.76172;0.77148;0.78125;0.79102,0.000647168;0.002071552;0.001632256;0.002994176;0.011435008;0.005016576;0.004765696;0.009781248;0.011951104;0.019489792000000002;0.026559488000000003;0.023180288;0.008317952;0.008581120000000001;0.011395072000000001;0.023394304;0.04176384;0.07694745600000001;0.128031744;0.10423603199999999;0.135010304;0.12875264;0.08721817600000001;0.092101632;0.072876032;0.055179264000000006;0.044027904;0.033524736;0.029288448;0.025275392;0.026370048;0.019487743999999998;0.009085952000000001;0.012152832;0.020813824;0.014964736000000001;0.008364031999999999;0.007671808;0.014283776;0.015099904;0.01424384;0.013568;0.010584064;0.00555008;0.0038021120000000003;0.006246400000000001;0.006012928;0.005664768;0.0046295039999999996;0.0034949119999999998;0.0033167360000000002;0.003453952;0.0031815679999999996;0.00283648;0.0031426559999999997;0.0026624;0.002428928;0.002219008;0.0024002560000000004;0.0017039359999999999;0.001866752;0.00143872;0.00141312;0.0014213119999999999;0.001296384;0.000955392;0.000868352;0.00107008;0.001349632;0.001286144;0.001376256;0.00099328;0.000646144;0.000549888;0.000549888;0.0007464960000000001;0.000703488;0.000861184;0.0008929280000000001
1787021100,hdr,0.0293;0.03906;0.04883;0.05859;0.06836;0.07813;0.08789;0.09766;0.10742;0.11719;0.12695;0.13672;0.14648;0.15625;0.16602;0.17578;0.18555;0.19531;0.20508;0.21484;0.22461;0.23438;0.24414;0.25391;0.26367;0.27344;0.2832;0.29297;0.30273;0.3125;0.32227;0.33203;0.3418;0.35156;0.36133;0.37109;0.38086;0.39063;0.40039;0.41016;0.41992;0.42969;0.43945;0.44922;0.45898;0.46875;0.47852;0.48828;0.49805;0.50781;0.51758;0.52734;0.53711;0.54688;0.55664;0.56641;0.57617;0.58594;0.5957;0.60547;0.61523;0.625;0.63477;0.64453;0.6543;0.66406;0.67383;0.68359;0.69336;0.70313;0.71289;0.72266;0.73242;0.74219;0.75195;0.76172;0.77148;0.78125;0.79102,0.000116736;0.00283648;0.004319232;0.0011151359999999999;0.0016773119999999998;0.004942848;0.010943488000000001;0.018476032;0.017409024;0.021764095999999997;0.017529856;0.010621952;0.0055705600000000004;0.007368703999999999;0.008939520000000001;0.017176576000000002;0.06783590399999999;0.09510502400000001;0.11808153599999999;0.141468672;0.101434368;0.064320512;0.049022976;0.029069312000000003;0.030630912;0.028131328;0.039274496;0.041121792000000004;0.031622144;0.024230912;0.021094400000000003;0.023052288;0.028793856000000003;0.021844992;0.021007359999999996;0.017861632000000002;0.012338176000000001;0.007931904;0.009474048;0.009571327999999999;0.0048660479999999996;0.006921216;0.007911424;0.006411264;0.006925312;0.004736;0.004071424000000001;0.003460096;0.002052096;0.00352256;0.005741568;0.0034375680000000002;0.0033873920000000004;0.003371008;0.00231424;0.001688576;0.0016148479999999999;0.002080768;0.0023050239999999997;0.001901568;0.002210816;0.0011837439999999998;0.00119296;0.001009664;0.0006656;0.0008335360000000001;0.00100352;0.0008202239999999999;0.000750592;0.000717824;0.000802816;0.00097792;0.000896;0.000927744;0.000421888;0.00036454399999999996;0.00049664;0.00050688;0.000320512
1787022000,hdr,0.0293;0.03906;0.04883;0.05859;0.06836;0.07813;0.08789;0.09766;0.10742;0.11719;0.12695;0.13672;0.14648;0.15625;0.16602;0.17578;0.18555;0.19531;0.20508;0.21484;0.22461;0.23438;0.24414;0.25391;0.26367;0.27344;0.2832;0.29297;0.30273;0.3125;0.32227;0.33203;0.3418;0.35156;0.36133;0.37109;0.38086;0.39063;0.40039;0.41016;0.41992;0.42969;0.43945;0.44922;0.45898;0.46875;0.47852;0.48828;0.49805;0.50781;0.51758;0.52734;0.53711;0.54688;0.55664;0.56641;0.57617;0.58594;0.5957;0.60547;0.61523;0.625;0.63477;0.64453;0.6543;0.66406;0.67383;0.68359;0.69336;0.70313;0.71289;0.72266;0.73242;0.74219;0.75195;0.76172;0.77148;0.78125;0.79102,0.000842752;0.002378752;0.007159808;0.008178688;0.015066112000000001;0.0102912;0.007478272;0.011847680000000001;0.014682111999999999;0.012205056;0.018055167999999996;0.023458816;0.01532928;0.008471552000000002;0.013069312;0.018804735999999996;0.051299328;0.11657625599999999;0.107014144;0.096316416;0.098920448;0.10222182399999999;0.07403008;0.032140287999999996;0.047857663999999994;0.04192358399999999;0.030782464;0.046969856;0.040763392;0.028985344;0.01872384;0.013154304;0.02102272;0.020714496;0.015497216000000001;0.0073410559999999994;0.008105984;0.007133184;0.006316032;0.009039872000000001;0.006539264;0.006447104;0.005487616;0.006436864;0.006665216000000001;0.005228544;0.007225344;0.0055080960000000005;0.003218432;0.003852288;0.0032460799999999997;0.0018882559999999998;0.002364416;0.0032532480000000003;0.002036736;0.0014274560000000001;0.0017397760000000002;0.00168448;0.001439744;0.001286144;0.0014274560000000001;0.001156096;0.001133568;0.001026048;0.000945152;0.001221632;0.0012871680000000002;0.001145856;0.001113088;0.0007352319999999999;0.000702464;0.000736256;0.0006952960000000001;0.0005376000000000001;0.0008366080000000001;0.0008765439999999999;0.000620544;0.0005089280000000001;0.00030003200000000004
1787022900,hdr,0.0293;0.03906;0.04883;0.05859;0.06836;0.07813;0.08789;0.09766;0.10742;0.11719;0.12695;0.13672;0.14648;0.15625;0.16602;0.17578;0.18555;0.19531;0.20508;0.21484;0.22461;0.23438;0.24414;0.25391;0.26367;0.27344;0.2832;0.29297;0.30273;0.3125;0.32227;0.33203;0.3418;0.35156;0.36133;0.37109;0.38086;0.39063;0.40039;0.41016;0.41992;0.42969;0.43945;0.44922;0.45898;0.46875;0.47852;0.48828;0.49805;0.50781;0.51758;0.52734;0.53711;0.54688;0.55664;0.56641;0.57617;0.58594;0.5957;0.60547;0.61523;0.625;0.63477;0.64453;0.6543;0.66406;0.67383;0.68359;0.69336;0.70313;0.71289;0.72266;0.73242;0.74219;0.75195;0.76172;0.77148;0.78125;0.79102,0.0022067199999999997;0.006234112;0.008329216;0.005932032;0.017901568;0.016044032;0.011001855999999999;0.014298112;0.015245312;0.018746368;0.020968448;0.011341824;0.006559744;0.005854208;0.013703168;0.03249152;0.049552384000000005;0.078094336;0.103491584;0.08932864;0.093939712;0.077430784;0.05471232;0.0591104;0.033170432;0.01933824;0.020326399999999998;0.020849664;0.02413568;0.015123455999999999;0.01368576;0.014804992;0.0146688;0.014194688;0.01571328;0.011339776;0.011825152;0.009725952;0.008674304;0.011556864;0.011493376;0.006887424;0.005814272;0.004283392;0.0032573439999999997;0.003685376;0.004107264;0.0023408640000000002;0.0027811840000000003;0.004283392;0.00410112;0.0013690880000000003;0.0019650559999999997;0.0015493120000000002;0.001258496;0.001559552;0.001174528;0.000801792;0.0008652800000000001;0.001004544;0.001011712;0.001005568;0.001086464;0.000945152;0.000915456;0.0006000640000000001;0.00045056;0.000551936;0.000652288;0.000510976;0.000632832;0.0007096320000000001;0.000603136;0.0006830079999999999;0.00100352;0.000515072;0.000421888;0.00047616000000000005;0.0005089280000000001
1787023800,hdr,0.0293;0.03906;0.04883;0.05859;0.06836;0.07813;0.08789;0.09766;0.10742;0.11719;0.12695;0.13672;0.14648;0.15625;0.16602;0.17578;0.18555;0.19531;0.20508;0.21484;0.22461;0.23438;0.24414;0.25391;0.26367;0.27344;0.2832;0.29297;0.30273;0.3125;0.32227;0.33203;0.3418;0.35156;0.36133;0.37109;0.38086;0.39063;0.40039;0.41016;0.41992;0.42969;0.43945;0.44922;0.45898;0.46875;0.47852;0.48828;0.49805;0.50781;0.51758;0.52734;0.53711;0.54688;0.55664;0.56641;0.57617;0.58594;0.5957;0.60547;0.61523;0.625;0.63477;0.64453;0.6543;0.66406;0.67383;0.68359;0.69336;0.70313;0.71289;0.72266;0.73242;0.74219;0.75195;0.76172;0.77148;0.78125;0.79102,0.003653632;0.005066752000000001;0.003566592;0.002234368;0.007236608;0.009924607999999998;0.0076820479999999995;0.004419584000000001;0.007138304;0.009229312;0.008937472;0.015223808;0.010973183999999999;0.008431616;0.009202688;0.02246144;0.045444096;0.049582079999999994;0.089403392;0.077372416;0.09696153599999999;0.110947328;0.076092416;0.060354559999999995;0.044266496;0.025303040000000002;0.0248576;0.026440704000000002;0.020654080000000002;0.018368512;0.016884736;0.014291968;0.016315392;0.012571648;0.013545472;0.013904896;0.010206208000000001;0.008512511999999998;0.008108032;0.006864896;0.006872064000000001;0.005382144;0.005865472;0.005454848;0.003894272;0.0018176000000000002;0.005225472;0.003877888;0.0027893759999999997;0.0037396479999999995;0.003862528;0.0027432959999999997;0.002465792;0.0019394560000000002;0.00124928;0.001317888;0.001668096;0.001528832;0.001113088;0.001286144;0.001605632;0.0014499839999999999;0.001312768;0.00119296;0.0008325120000000001;0.000714752;0.0007393279999999999;0.000559104;0.000898048;0.001152;0.001077248;0.0007393279999999999;0.000512;0.00043008000000000006;0.00037888;0.000381952;0.000257024;0.00021299199999999998;0.00024063999999999997
1787024700,hdr,0.0293;0.03906;0.04883;0.05859;0.06836;0.07813;0.08789;0.09766;0.10742;0.11719;0.12695;0.13672;0.14648;0.15625;0.16602;0.17578;0.18555;0.19531;0.20508;0.21484;0.22461;0.23438;0.24414;0.25391;0.26367;0.27344;0.2832;0.29297;0.30273;0.3125;0.32227;0.33203;0.3418;0.35156;0.36133;0.37109;0.38086;0.39063;0.40039;0.41016;0.41992;0.42969;0.43945;0.44922;0.45898;0.46875;0.47852;0.48828;0.49805;0.50781;0.51758;0.52734;0.53711;0.54688;0.55664;0.56641;0.57617;0.58594;0.5957;0.60547;0.61523;0.625;0.63477;0.64453;0.6543;0.66406;0.67383;0.68359;0.69336;0.70313;0.71289;0.72266;0.73242;0.74219;0.75195;0.76172;0.77148;0.78125;0.79102,0.007806975999999999;0.014737407999999999;0.027310079999999997;0.022569984;0.03540172799999999;0.012533759999999998;0.009300992000000001;0.012632064;0.01504256;0.028381184;0.028309504;0.018776064000000002;0.021725183999999998;0.022095872;0.017982464;0.03375616;0.045238272;0.04317286399999999;0.042637312;0.06218547199999999;0.112325632;0.114399232;0.08813568;0.054134784000000005;0.034011136;0.022272;0.021856255999999998;0.028238848;0.031719423999999996;0.035080191999999996;0.021337088;0.016294912;0.018019328;0.014282752000000001;0.01113088;0.008756224;0.009143296;0.008536064;0.007899136000000001;0.007675904000000001;0.006055936;0.0039424;0.004125696;0.004494335999999999;0.004658176;0.0034375680000000002;0.002935808;0.004174848;0.002577408;0.002855936;0.0020592640000000003;0.0012083200000000001;0.001755136;0.002299904;0.0020490240000000004;0.0021329920000000002;0.001631232;0.001564672;0.001073152;0.00116224;0.00121344;0.0015431680000000001;0.0009973760000000001;0.0007096320000000001;0.00068096;0.000745472;0.000781312;0.000535552;0.00041472;0.00047616000000000005;0.000452608;0.000429056;0.0005232639999999998;0.000606208;0.000567296;0.00044032;0.00047718399999999996;0.0005632;0.000635904
1787025600,hdr,0.0293;0.03906;0.04883;0.05859;0.06836;0.07813;0.08789;0.09766;0.10742;0.11719;0.12695;0.13672;0.14648;0.15625;0.16602;0.17578;0.18555;0.19531;0.20508;0.21484;0.22461;0.23438;0.24414;0.25391;0.26367;0.27344;0.2832;0.29297;0.30273;0.3125;0.32227;0.33203;0.3418;0.35156;0.36133;0.37109;0.38086;0.39063;0.40039;0.41016;0.41992;0.42969;0.43945;0.44922;0.45898;0.46875;0.47852;0.48828;0.49805;0.50781;0.51758;0.52734;0.53711;0.54688;0.55664;0.56641;0.57617;0.58594;0.5957;0.60547;0.61523;0.625;0.63477;0.64453;0.6543;0.66406;0.67383;0.68359;0.69336;0.70313;0.71289;0.72266;0.73242;0.74219;0.75195;0.76172;0.77148;0.78125;0.79102,0.005349376;0.004120576;0.002356224;0.005499904;0.010856448000000001;0.010974208000000001;0.011619328;0.007829504;0.012420096;0.026361856;0.013277184;0.015587328;0.014611456;0.007023616;0.010983423999999999;0.019035136;0.049195008;0.085169152;0.095543296;0.110681088;0.106530816;0.09774387200000001;0.05862912;0.031754239999999996;0.033009664;0.031481856;0.024134655999999997;0.027014144;0.029688832000000002;0.023409664;0.018635776000000003;0.017986560000000002;0.018417663999999997;0.018424832;0.01099264;0.009824256;0.006915072;0.006678528;0.008219648;0.007232512;0.005608448;0.003649536;0.00377856;0.005490687999999999;0.005434368;0.004066304;0.0027310080000000005;0.003211264;0.00195584;0.0021862400000000003;0.001972224;0.0025835520000000002;0.00160768;0.0016988160000000001;0.001343488;0.001256448;0.001798144;0.00126976;0.0009912319999999999;0.0008458240000000001;0.000843776;0.001084416;0.001296384;0.001006592;0.000703488;0.0006932479999999999;0.000610304;0.000644096;0.000555008;0.000663552;0.0008345599999999999;0.0009738240000000001;0.000754688;0.000610304;0.000611328;0.000510976;0.000371712;0.000357376;0.00023961599999999998
1787026500,hdr,0.0293;0.03906;0.04883;0.05859;0.06836;0.07813;0.08789;0.09766;0.10742;0.11719;0.12695;0.13672;0.14648;0.15625;0.16602;0.17578;0.18555;0.19531;0.20508;0.21484;0.22461;0.23438;0.24414;0.25391;0.26367;0.27344;0.2832;0.29297;0.30273;0.3125;0.32227;0.33203;0.3418;0.35156;0.36133;0.37109;0.38086;0.39063;0.40039;0.41016;0.41992;0.42969;0.43945;0.44922;0.45898;0.46875;0.47852;0.48828;0.49805;0.50781;0.51758;0.52734;0.53711;0.54688;0.55664;0.56641;0.57617;0.58594;0.5957;0.60547;0.61523;0.625;0.63477;0.64453;0.6543;0.66406;0.67383;0.68359;0.69336;0.70313;0.71289;0.72266;0.73242;0.74219;0.75195;0.76172;0.77148;0.78125;0.79102,0.03870208;0.082304;0.020447232;0.026744832;0.017858560000000002;0.012244992;0.014489599999999998;0.009960448;0.02906112;0.030142464;0.033273856;0.022683648;0.018720768;0.013120512;0.018127872;0.032264192000000004;0.06885580799999999;0.111961088;0.11392102400000001;0.06464716799999999;0.083539968;0.13219123200000002;0.091423744;0.040723456;0.037597184;0.03009536;0.034825216;0.029572096;0.020951039999999997;0.016387072;0.01649152;0.023506944;0.015638528;0.010897408;0.010380288;0.006674432000000001;0.009598976;0.00800768;0.009966592;0.009477119999999999;0.005862399999999999;0.0042496;0.0032757759999999998;0.00384512;0.005111808;0.003429376;0.002373632;0.003518464;0.002258944;0.0028753920000000005;0.004057088;0.002505728;0.002029568;0.0018575360000000001;0.002026496;0.001558528;0.0009943039999999999;0.0006973439999999999;0.00091136;0.000763904;0.0006082559999999999;0.000802816;0.000968704;0.0008519679999999999;0.0008222720000000001;0.000766976;0.0005089280000000001;0.000350208;0.000448512;0.000466944;0.000415744;0.00036966399999999996;0.00040960000000000004;0.000468992;0.00042598399999999997;0.00047923199999999995;0.000429056;0.000339968;0.00022016
1787027400,hdr,0.0293;0.03906;0.04883;0.05859;0.06836;0.07813;0.08789;0.09766;0.10742;0.11719;0.12695;0.13672;0.14648;0.15625;0.16602;0.17578;0.18555;0.19531;0.20508;0.21484;0.22461;0.23438;0.24414;0.25391;0.26367;0.27344;0.2832;0.29297;0.30273;0.3125;0.32227;0.33203;0.3418;0.35156;0.36133;0.37109;0.38086;0.39063;0.40039;0.41016;0.41992;0.42969;0.43945;0.44922;0.45898;0.46875;0.47852;0.48828;0.49805;0.50781;0.51758;0.52734;0.53711;0.54688;0.55664;0.56641;0.57617;0.58594;0.5957;0.60547;0.61523;0.625;0.63477;0.64453;0.6543;0.66406;0.67383;0.68359;0.69336;0.70313;0.71289;0.72266;0.73242;0.74219;0.75195;0.76172;0.77148;0.78125;0.79102,0.0032583679999999998;0.001794048;0.021127168;0.038735872000000005;0.058115072;0.052219904000000004;0.023812096;0.019273728;0.024223744;0.022294527999999997;0.018522112;0.021384192;0.019122176;0.0122368;0.019906559999999997;0.023373824;0.043299840000000006;0.108379136;0.13109247999999998;0.130086912;0.10681958400000001;0.07510630399999998;0.059332608;0.0607744;0.040737792;0.028773376;0.024153088;0.032429056000000005;0.025706496000000002;0.014830591999999998;0.014902272000000001;0.017107968;0.017020928;0.017001471999999997;0.015886336;0.007764992;0.010053632;0.009810944;0.00729088;0.005785599999999999;0.005293056;0.004675584;0.004974592000000001;0.0028948479999999998;0.00257024;0.002366464;0.0015513600000000001;0.0018042879999999998;0.0021207039999999997;0.0022947840000000002;0.0018810880000000002;0.0016445440000000002;0.001033216;0.001065984;0.001158144;0.0009564160000000001;0.001202176;0.001156096;0.000790528;0.0010516479999999999;0.000687104;0.00064512;0.001002496;0.0012994559999999998;0.00115712;0.000796672;0.0007014399999999999;0.000499712;0.000533504;0.00050176;0.0005416959999999999;0.000590848;0.00044646400000000004;0.00043724800000000005;0.000346112;0.00039936;0.000441344;0.00042803200000000007;0.00049664
1787028300,hdr,0.0293;0.03906;0.04883;0.05859;0.06836;0.07813;0.08789;0.09766;0.10742;0.11719;0.12695;0.13672;0.14648;0.15625;0.16602;0.17578;0.18555;0.19531;0.20508;0.21484;0.22461;0.23438;0.24414;0.25391;0.26367;0.27344;0.2832;0.29297;0.30273;0.3125;0.32227;0.33203;0.3418;0.35156;0.36133;0.37109;0.38086;0.39063;0.40039;0.41016;0.41992;0.42969;0.43945;0.44922;0.45898;0.46875;0.47852;0.48828;0.49805;0.50781;0.51758;0.52734;0.53711;0.54688;0.55664;0.56641;0.57617;0.58594;0.5957;0.60547;0.61523;0.625;0.63477;0.64453;0.6543;0.66406;0.67383;0.68359;0.69336;0.70313;0.71289;0.72266;0.73242;0.74219;0.75195;0.76172;0.77148;0.78125;0.79102,0.0002816;0.00398336;0.007733248;0.003095552;0.0127488;0.012658688;0.007154688;0.004292608;0.008512511999999998;0.009452544;0.008731648;0.010827775999999999;0.019203072;0.015272959999999999;0.0109312;0.039756799999999995;0.083211264;0.125990912;0.1093376;0.128980992;0.113087488;0.07071744;0.06522675200000001;0.03067904;0.020909056;0.042896383999999996;0.037526527999999996;0.036550655999999994;0.024467456;0.017204223999999997;0.016397311999999997;0.021004288;0.018141183999999998;0.009136127999999999;0.007169024;0.005327872;0.006705152;0.008044544;0.007560192;0.0054210560000000005;0.003629056;0.002556928;0.0035860479999999997;0.003254272;0.002809856;0.0035614720000000004;0.00287744;0.002026496;0.0018135039999999999;0.001189888;0.0014172160000000002;0.000989184;0.0007423999999999999;0.000827392;0.000992256;0.001032192;0.001067008;0.0010178560000000001;0.0010209280000000002;0.000776192;0.001002496;0.0009717759999999999;0.000758784;0.00091648;0.0008663039999999999;0.0007219199999999999;0.00085504;0.0006604799999999999;0.0005601279999999999;0.00048025600000000003;0.000482304;0.000492544;0.00036761599999999997;0.000186368;0.000318464;0.00033792;0.00045056;0.0005089280000000001;0.00041472
1787029200,hdr,0.0293;0.03906;0.04883;0.05859;0.06836;0.07813;0.08789;0.09766;0.10742;0.11719;0.12695;0.13672;0.14648;0.15625;0.16602;0.17578;0.18555;0.19531;0.20508;0.21484;0.22461;0.23438;0.24414;0.25391;0.26367;0.27344;0.2832;0.29297;0.30273;0.3125;0.32227;0.33203;0.3418;0.35156;0.36133;0.37109;0.38086;0.39063;0.40039;0.41016;0.41992;0.42969;0.43945;0.44922;0.45898;0.46875;0.47852;0.48828;0.49805;0.50781;0.51758;0.52734;0.53711;0.54688;0.55664;0.56641;0.57617;0.58594;0.5957;0.60547;0.61523;0.625;0.63477;0.64453;0.6543;0.66406;0.67383;0.68359;0.69336;0.70313;0.71289;0.72266;0.73242;0.74219;0.75195;0.76172;0.77148;0.78125;0.79102,0.17141964799999998;0.193449984;0.167676928;0.07523328;0.054624256;0.038096896;0.030501888;0.072155136;0.055414784;0.080638976;0.07652556800000002;0.039779328;0.044005376;0.036441088;0.027411456;0.03495424;0.093400064;0.146963456;0.146049024;0.119960576;0.103401472;0.059080704;0.036801536;0.04440064;0.039999488;0.060204032;0.034931712;0.020249600000000003;0.016561152;0.022454272;0.0203008;0.019270656;0.014255104;0.005049344;0.005307392;0.00734208;0.010095616;0.010407936;0.010103808;0.004938752;0.00559104;0.0054190079999999995;0.003771392;0.00203776;0.0024227840000000003;0.002174976;0.001297408;0.0026009600000000003;0.002316288;0.002287616;0.0021043200000000002;0.0022272;0.001156096;0.001362944;0.0015206400000000002;0.0008488959999999999;0.0008652800000000001;0.0012247039999999999;0.001393664;0.001052672;0.0013148160000000001;0.00092672;0.0006154239999999999;0.000827392;0.0009615359999999999;0.00075776;0.000990208;0.001189888;0.000772096;0.000504832;0.000345088;0.000249856;0.00042496;0.00041779199999999995;0.000379904;0.00032256;0.0005959680000000001;0.000395264;0.000484352
1787030100,hdr,0.0293;0.03906;0.04883;0.05859;0.06836;0.07813;0.08789;0.09766;0.10742;0.11719;0.12695;0.13672;0.14648;0.15625;0.16602;0.17578;0.18555;0.19531;0.20508;0.21484;0.22461;0.23438;0.24414;0.25391;0.26367;0.27344;0.2832;0.29297;0.30273;0.3125;0.32227;0.33203;0.3418;0.35156;0.36133;0.37109;0.38086;0.39063;0.40039;0.41016;0.41992;0.42969;0.43945;0.44922;0.45898;0.46875;0.47852;0.48828;0.49805;0.50781;0.51758;0.52734;0.53711;0.54688;0.55664;0.56641;0.57617;0.58594;0.5957;0.60547;0.61523;0.625;0.63477;0.64453;0.6543;0.66406;0.67383;0.68359;0.69336;0.70313;0.71289;0.72266;0.73242;0.74219;0.75195;0.76172;0.77148;0.78125;0.79102,0.000126976;0.000569344;0.001997824;0.001591296;0.003043328;0.007242752000000001;0.012321792;0.010161152;0.0073031680000000005;0.007641088;0.010571776;0.016863232;0.016546816;0.007359487999999999;0.010760191999999998;0.032570368;0.06539673600000001;0.053564416000000004;0.093398016;0.111250432;0.10568499199999999;0.08157900800000001;0.07025152;0.045344768;0.039137279999999997;0.033475583999999996;0.026259455999999997;0.02486784;0.019044352;0.017211392;0.014166016000000002;0.01334784;0.016983039999999998;0.010150912;0.007896064;0.007180288;0.006716416;0.005221376;0.004068352;0.0033976320000000003;0.006007808;0.005318656;0.0034816;0.00258048;0.0013557760000000002;0.00196096;0.002328576;0.001983488;0.001430528;0.0019886079999999998;0.002353152;0.001217536;0.0009144320000000001;0.000968704;0.0008929280000000001;0.0014346239999999998;0.001662976;0.001073152;0.001257472;0.001540096;0.0010178560000000001;0.0005734399999999999;0.000616448;0.000447488;0.000566272;0.000576512;0.000505856;0.00040755200000000004;0.0007219199999999999;0.0007055360000000001;0.000421888;0.00047411199999999995;0.0005232639999999998;0.000458752;0.00047001599999999997;0.000534528;0.000490496;0.00037068800000000004;0.000246784
1787031000,hdr,0.0293;0.03906;0.04883;0.05859;0.06836;0.07813;0.08789;0.09766;0.10742;0.11719;0.12695;0.13672;0.14648;0.15625;0.16602;0.17578;0.18555;0.19531;0.20508;0.21484;0.22461;0.23438;0.24414;0.25391;0.26367;0.27344;0.2832;0.29297;0.30273;0.3125;0.32227;0.33203;0.3418;0.35156;0.36133;0.37109;0.38086;0.39063;0.40039;0.41016;0.41992;0.42969;0.43945;0.44922;0.45898;0.46875;0.47852;0.48828;0.49805;0.50781;0.51758;0.52734;0.53711;0.54688;0.55664;0.56641;0.57617;0.58594;0.5957;0.60547;0.61523;0.625;0.63477;0.64453;0.6543;0.66406;0.67383;0.68359;0.69336;0.70313;0.71289;0.72266;0.73242;0.74219;0.75195;0.76172;0.77148;0.78125;0.79102,0.000345088;0.0020357120000000003;0.003890176;0.0101376;0.017019904;0.019981311999999998;0.015105024;0.010078208;0.023428096000000002;0.021018624;0.01553408;0.019729408;0.015932415999999998;0.0133632;0.014959616;0.036793344;0.084186112;0.13830246399999999;0.102879232;0.09082265599999999;0.089480192;0.07175372799999999;0.048396288;0.062374912000000005;0.036411392;0.025673728;0.020633600000000002;0.024293376;0.023499776;0.016094208;0.018793472000000002;0.018221056;0.011856896;0.015654912;0.013272064;0.01069568;0.009046016;0.004056064000000001;0.003505152;0.004140032;0.003191808;0.004566016000000001;0.005849088;0.004063232;0.003576832;0.001258496;0.0019087359999999999;0.001746944;0.001878016;0.001634304;0.001461248;0.001214464;0.0016670720000000001;0.0013987840000000001;0.000787456;0.000543744;0.000979968;0.000676864;0.000580608;0.00068096;0.000601088;0.00057856;0.0005836799999999999;0.0007188480000000001;0.000761856;0.000531456;0.000531456;0.00037785600000000004;0.00045568;0.000630784;0.000289792;0.00046284799999999997;0.000439296;0.00027648;0.00030208000000000004;0.000323584;0.0002816;0.000316416;0.00023961599999999998
1787031900,hdr,0.0293;0.03906;0.04883;0.05859;0.06836;0.07813;0.08789;0.09766;0.10742;0.11719;0.12695;0.13672;0.14648;0.15625;0.16602;0.17578;0.18555;0.19531;0.20508;0.21484;0.22461;0.23438;0.24414;0.25391;0.26367;0.27344;0.2832;0.29297;0.30273;0.3125;0.32227;0.33203;0.3418;0.35156;0.36133;0.37109;0.38086;0.39063;0.40039;0.41016;0.41992;0.42969;0.43945;0.44922;0.45898;0.46875;0.47852;0.48828;0.49805;0.50781;0.51758;0.52734;0.53711;0.54688;0.55664;0.56641;0.57617;0.58594;0.5957;0.60547;0.61523;0.625;0.63477;0.64453;0.6543;0.66406;0.67383;0.68359;0.69336;0.70313;0.71289;0.72266;0.73242;0.74219;0.75195;0.76172;0.77148;0.78125;0.79102,0.0016168960000000003;0.004251648;0.002448384;0.0012912639999999999;0.012601343999999999;0.017683455999999997;0.009286656;0.010715135999999998;0.01792512;0.02066944;0.012863488;0.016857088;0.014686208000000001;0.012652544;0.0132352;0.0323072;0.081968128;0.0976896;0.130378752;0.10624512;0.04929536;0.034273279999999996;0.059146239999999996;0.07844864;0.039376896;0.024827903999999998;0.027935744;0.016256;0.019584;0.01817088;0.014979072;0.014388223999999998;0.012751872000000001;0.014450688;0.011518976;0.00803328;0.006528;0.007436288;0.005033984;0.004942848;0.007788544;0.006254592;0.003892224;0.00326656;0.002265088;0.00278016;0.002610176;0.002116608;0.0015185919999999998;0.001759232;0.00160256;0.001110016;0.001263616;0.0014151679999999999;0.00111104;0.0010803199999999998;0.001110016;0.00119296;0.001032192;0.0007413760000000001;0.0005724160000000001;0.000427008;0.000489472;0.00048639999999999995;0.00063488;0.0005877759999999999;0.000658432;0.0007086080000000001;0.0006277120000000001;0.000413696;0.000356352;0.000458752;0.000205824;0.000318464;0.00040243200000000004;0.00036352;0.00028569600000000005;0.00030412799999999997;0.000268288
1787032800,hdr,0.0293;0.03906;0.04883;0.05859;0.06836;0.07813;0.08789;0.09766;0.10742;0.11719;0.12695;0.13672;0.14648;0.15625;0.16602;0.17578;0.18555;0.19531;0.20508;0.21484;0.22461;0.23438;0.24414;0.25391;0.26367;0.27344;0.2832;0.29297;0.30273;0.3125;0.32227;0.33203;0.3418;0.35156;0.36133;0.37109;0.38086;0.39063;0.40039;0.41016;0.41992;0.42969;0.43945;0.44922;0.45898;0.46875;0.47852;0.48828;0.49805;0.50781;0.51758;0.52734;0.53711;0.54688;0.55664;0.56641;0.57617;0.58594;0.5957;0.60547;0.61523;0.625;0.63477;0.64453;0.6543;0.66406;0.67383;0.68359;0.69336;0.70313;0.71289;0.72266;0.73242;0.74219;0.75195;0.76172;0.77148;0.78125;0.79102,0.00047820800000000004;0.0024903679999999997;0.002287616;0.001635328;0.0046970879999999994;0.010783744000000001;0.007252992;0.005784576;0.016785407999999998;0.013455360000000001;0.009654272;0.006483968;0.007601152;0.009597952;0.015881216;0.020209664000000002;0.055795712;0.117588992;0.144784384;0.13013504;0.0774656;0.06057472;0.06745088;0.054413312;0.030049279999999998;0.030313472;0.022234112;0.01905152;0.012545024;0.012867584000000001;0.010110976;0.008979456;0.00871424;0.01084416;0.013510656000000001;0.008921087999999999;0.007037951999999999;0.006704127999999999;0.00670208;0.006408192;0.005671936;0.004182015999999999;0.0027361279999999996;0.003295232;0.002443264;0.0019968;0.002205696;0.0018974719999999999;0.0013926400000000001;0.0011427840000000002;0.0015943679999999999;0.0017489920000000002;0.001792;0.001462272;0.0015114240000000001;0.0010762240000000002;0.001156096;0.0008110079999999999;0.000635904;0.000692224;0.0005632;0.000442368;0.00046592000000000004;0.0008622079999999999;0.0009431040000000001;0.00087552;0.0006932479999999999;0.000769024;0.00077312;0.000365568;0.000279552;0.000325632;0.00042496;0.00047616000000000005;0.000504832;0.000381952;0.00023142399999999999;0.000262144;0.000269312
1787033700,hdr,0.0293;0.03906;0.04883;0.05859;0.06836;0.07813;0.08789;0.09766;0.10742;0.11719;0.12695;0.13672;0.14648;0.15625;0.16602;0.17578;0.18555;0.19531;0.20508;0.21484;0.22461;0.23438;0.24414;0.25391;0.26367;0.27344;0.2832;0.29297;0.30273;0.3125;0.32227;0.33203;0.3418;0.35156;0.36133;0.37109;0.38086;0.39063;0.40039;0.41016;0.41992;0.42969;0.43945;0.44922;0.45898;0.46875;0.47852;0.48828;0.49805;0.50781;0.51758;0.52734;0.53711;0.54688;0.55664;0.56641;0.57617;0.58594;0.5957;0.60547;0.61523;0.625;0.63477;0.64453;0.6543;0.66406;0.67383;0.68359;0.69336;0.70313;0.71289;0.72266;0.73242;0.74219;0.75195;0.76172;0.77148;0.78125;0.79102,0.0020398079999999997;0.008503296;0.015184896;0.014324736;0.013313024000000001;0.017961984;0.014825472;0.014542848;0.016562175999999998;0.018777088;0.027181056000000002;0.017317888;0.017115136;0.014782464;0.019425280000000003;0.037853184;0.09444864;0.15317504;0.163559424;0.13282303999999998;0.07533158400000001;0.07754854400000001;0.069604352;0.053001216000000004;0.035522559999999995;0.030698496;0.024347648;0.026130432000000002;0.013187072;0.022206464;0.01948672;0.009448448;0.011657216;0.010162176000000002;0.006888448;0.0066457600000000006;0.007897088;0.005929984;0.004750336;0.005786624;0.006889472;0.005992448;0.004896768;0.003103744;0.0027586560000000004;0.00289792;0.0021872639999999995;0.001452032;0.001007616;0.000715776;0.000807936;0.000782336;0.000754688;0.0008744960000000001;0.001202176;0.0009543679999999999;0.001302528;0.0011212799999999999;0.000744448;0.0007137280000000001;0.0009594880000000001;0.000893952;0.000772096;0.000449536;0.00045568;0.0005324799999999999;0.00046489599999999996;0.00039731200000000003;0.00036249599999999997;0.00035430400000000006;0.0003072;0.000352256;0.000413696;0.000329728;0.000375808;0.00020172799999999998;0.000108544;0.00018739199999999998;0.000248832
1787034600,hdr,0.0293;0.03906;0.04883;0.05859;0.06836;0.07813;0.08789;0.09766;0.10742;0.11719;0.12695;0.13672;0.14648;0.15625;0.16602;0.17578;0.18555;0.19531;0.20508;0.21484;0.22461;0.23438;0.24414;0.25391;0.26367;0.27344;0.2832;0.29297;0.30273;0.3125;0.32227;0.33203;0.3418;0.35156;0.36133;0.37109;0.38086;0.39063;0.40039;0.41016;0.41992;0.42969;0.43945;0.44922;0.45898;0.46875;0.47852;0.48828;0.49805;0.50781;0.51758;0.52734;0.53711;0.54688;0.55664;0.56641;0.57617;0.58594;0.5957;0.60547;0.61523;0.625;0.63477;0.64453;0.6543;0.66406;0.67383;0.68359;0.69336;0.70313;0.71289;0.72266;0.73242;0.74219;0.75195;0.76172;0.77148;0.78125;0.79102,0.001102848;0.001659904;0.002167808;0.002156544;0.006924288;0.012993536;0.0077639679999999996;0.010281984000000001;0.015275008;0.01724928;0.027979776;0.027560960000000002;0.025406464;0.019207167999999997;0.017913856;0.033277952;0.07715839999999999;0.13218918400000002;0.173939712;0.14390374399999997;0.08986726400000002;0.062304256;0.06861824000000001;0.04657664;0.035319808;0.027792384;0.026510336;0.02031104;0.013431808000000002;0.014386176;0.01488384;0.010277888;0.014712832;0.016886784;0.011116543999999999;0.00602112;0.006576128;0.007035904000000001;0.008072191999999999;0.008331264;0.005737472;0.004271104;0.0026644480000000003;0.004416512;0.003588096;0.001972224;0.0016291839999999999;0.002030592;0.0028999679999999997;0.002051072;0.00110592;0.00153088;0.0016404479999999999;0.0012165119999999999;0.0009431040000000001;0.000908288;0.000580608;0.0005642239999999999;0.0007229440000000001;0.000653312;0.00046592000000000004;0.00079872;0.000642048;0.00057856;0.0007249919999999999;0.000643072;0.000391168;0.00040345599999999995;0.0005847039999999999;0.0005816320000000001;0.0004986880000000001;0.000497664;0.000393216;0.00031744;0.000233472;0.000180224;0.00031232;0.00027033600000000004;0.000167936
1787035500,hdr,0.0293;0.03906;0.04883;0.05859;0.06836;0.07813;0.08789;0.09766;0.10742;0.11719;0.12695;0.13672;0.14648;0.15625;0.16602;0.17578;0.18555;0.19531;0.20508;0.21484;0.22461;0.23438;0.24414;0.25391;0.26367;0.27344;0.2832;0.29297;0.30273;0.3125;0.32227;0.33203;0.3418;0.35156;0.36133;0.37109;0.38086;0.39063;0.40039;0.41016;0.41992;0.42969;0.43945;0.44922;0.45898;0.46875;0.47852;0.48828;0.49805;0.50781;0.51758;0.52734;0.53711;0.54688;0.55664;0.56641;0.57617;0.58594;0.5957;0.60547;0.61523;0.625;0.63477;0.64453;0.6543;0.66406;0.67383;0.68359;0.69336;0.70313;0.71289;0.72266;0.73242;0.74219;0.75195;0.76172;0.77148;0.78125;0.79102,0.001414144;0.003222528;0.004020223999999999;0.004269055999999999;0.007035904000000001;0.013280255999999999;0.013359104000000002;0.015391743999999999;0.013247488000000002;0.013258751999999999;0.013715456000000001;0.019084288;0.020524031999999998;0.019042304;0.015054848;0.019282944;0.03799347199999999;0.057460736;0.08680447999999999;0.13190451200000003;0.07853568;0.064109568;0.063552512;0.06403993599999999;0.04624896;0.042735616000000004;0.030889983999999995;0.025398271999999996;0.016643072000000002;0.015414272000000001;0.01570816;0.014877696;0.013053952;0.0089344;0.0103936;0.008947712;0.009939968;0.0058839040000000006;0.006502399999999999;0.009008127999999999;0.005547008;0.004620288;0.00366592;0.003232768;0.004281344;0.003239936;0.002528256;0.0018595839999999998;0.002102272;0.0016906239999999997;0.0013701120000000002;0.001460224;0.001292288;0.001181696;0.000818176;0.00083968;0.0006574080000000001;0.00087552;0.0008447999999999999;0.00099328;0.001084416;0.000968704;0.000616448;0.0008048640000000001;0.000630784;0.000447488;0.00040243200000000004;0.00042803200000000007;0.00031232;0.000259072;0.000284672;0.000331776;0.00037478399999999997;0.00037478399999999997;0.000415744;0.00033792;0.00029593599999999995;0.00020275199999999997;0.000134144
1787036400,hdr,0.0293;0.03906;0.04883;0.05859;0.06836;0.07813;0.08789;0.09766;0.10742;0.11719;0.12695;0.13672;0.14648;0.15625;0.16602;0.17578;0.18555;0.19531;0.20508;0.21484;0.22461;0.23438;0.24414;0.25391;0.26367;0.27344;0.2832;0.29297;0.30273;0.3125;0.32227;0.33203;0.3418;0.35156;0.36133;0.37109;0.38086;0.39063;0.40039;0.41016;0.41992;0.42969;0.43945;0.44922;0.45898;0.46875;0.47852;0.48828;0.49805;0.50781;0.51758;0.52734;0.53711;0.54688;0.55664;0.56641;0.57617;0.58594;0.5957;0.60547;0.61523;0.625;0.63477;0.64453;0.6543;0.66406;0.67383;0.68359;0.69336;0.70313;0.71289;0.72266;0.73242;0.74219;0.75195;0.76172;0.77148;0.78125;0.79102,0.00100352;0.003576832;0.006909952;0.004709376;0.012969984;0.020456448;0.00571904;0.011173888;0.014326784;0.010752;0.01371136;0.016592896;0.018409472000000003;0.019268608;0.025457664;0.05512704;0.08843775999999999;0.085885952;0.088216576;0.116214784;0.12171264;0.070878208;0.054832127999999994;0.027496448;0.032123904;0.038961152;0.036291584;0.028444672;0.029996032;0.031920128;0.017879040000000002;0.012607488;0.013995008;0.01611264;0.010255359999999998;0.007059456;0.0073728000000000005;0.006749183999999999;0.0059760640000000005;0.004211712;0.004297728;0.0030228480000000003;0.003556352;0.005121024;0.0033832960000000005;0.002312192;0.0015267839999999998;0.000745472;0.001113088;0.001137664;0.000769024;0.0009021439999999999;0.001217536;0.001432576;0.0011120639999999998;0.0013342719999999998;0.001517568;0.000894976;0.000513024;0.001035264;0.001038336;0.00077312;0.000497664;0.000379904;0.00046796800000000003;0.00040448000000000003;0.00035430400000000006;0.000352256;0.000576512;0.0005683200000000001;0.000280576;0.000282624;0.00034099200000000003;0.00023552000000000002;0.000226304;0.00022323200000000002;0.00027033600000000004;0.000178176;0.000186368
1787037300,hdr,0.0293;0.03906;0.04883;0.05859;0.06836;0.07813;0.08789;0.09766;0.10742;0.11719;0.12695;0.13672;0.14648;0.15625;0.16602;0.17578;0.18555;0.19531;0.20508;0.21484;0.22461;0.23438;0.24414;0.25391;0.26367;0.27344;0.2832;0.29297;0.30273;0.3125;0.32227;0.33203;0.3418;0.35156;0.36133;0.37109;0.38086;0.39063;0.40039;0.41016;0.41992;0.42969;0.43945;0.44922;0.45898;0.46875;0.47852;0.48828;0.49805;0.50781;0.51758;0.52734;0.53711;0.54688;0.55664;0.56641;0.57617;0.58594;0.5957;0.60547;0.61523;0.625;0.63477;0.64453;0.6543;0.66406;0.67383;0.68359;0.69336;0.70313;0.71289;0.72266;0.73242;0.74219;0.75195;0.76172;0.77148;0.78125;0.79102,0.001783808;0.004211712;0.007701504;0.003757056;0.004942848;0.006483968;0.006644736;0.015143936;0.012275712;0.014732288;0.03084288;0.024684544;0.015245312;0.017582080000000003;0.015922176;0.031650816;0.043478015999999994;0.097175552;0.132992;0.164115456;0.10277375999999999;0.083278848;0.063227904;0.054119424;0.0251904;0.03520204799999999;0.036271104;0.023390208000000003;0.022304768;0.019204096;0.015233024000000001;0.015116288;0.011778048000000001;0.009177088;0.009447424;0.008997887999999999;0.007803904;0.006977536;0.005400576;0.006171648;0.004438016;0.005049344;0.004617216;0.003065856;0.003119104;0.003807232;0.00325632;0.00226816;0.0013864959999999999;0.002139136;0.001927168;0.0013475839999999998;0.00142848;0.001645568;0.001091584;0.00077312;0.0007936;0.0007188480000000001;0.0005959680000000001;0.00082432;0.0007843840000000001;0.000630784;0.0005232639999999998;0.000720896;0.000840704;0.000534528;0.000272384;0.000366592;0.000382976;0.00040550399999999994;0.00041472;0.00031232;0.00029183999999999997;0.00028671999999999997;0.000372736;0.00029900799999999997;0.00021299199999999998;0.00033689599999999994;0.000283648
1787038200,hdr,0.0293;0.03906;0.04883;0.05859;0.06836;0.07813;0.08789;0.09766;0.10742;0.11719;0.12695;0.13672;0.14648;0.15625;0.16602;0.17578;0.18555;0.19531;0.20508;0.21484;0.22461;0.23438;0.24414;0.25391;0.26367;0.27344;0.2832;0.29297;0.30273;0.3125;0.32227;0.33203;0.3418;0.35156;0.36133;0.37109;0.38086;0.39063;0.40039;0.41016;0.41992;0.42969;0.43945;0.44922;0.45898;0.46875;0.47852;0.48828;0.49805;0.50781;0.51758;0.52734;0.53711;0.54688;0.55664;0.56641;0.57617;0.58594;0.5957;0.60547;0.61523;0.625;0.63477;0.64453;0.6543;0.66406;0.67383;0.68359;0.69336;0.70313;0.71289;0.72266;0.73242;0.74219;0.75195;0.76172;0.77148;0.78125;0.79102,0.011831296;0.016495615999999998;0.014290944;0.009695232;0.013990912;0.031294464;0.017763328000000002;0.00948224;0.010822656000000002;0.015183872;0.019853311999999998;0.014178304000000001;0.007998464;0.009665536;0.027909120000000003;0.043019264;0.073985024;0.104201216;0.14148505599999997;0.178675712;0.12471910400000001;0.085750784;0.057305088;0.048878592;0.043299840000000006;0.03508735999999999;0.032805888000000005;0.035877888;0.025572352;0.018309119999999998;0.012509184;0.016442368;0.010799103999999999;0.010489856;0.010707967999999998;0.009320448;0.006514687999999999;0.006590464;0.007635968;0.005269504000000001;0.0067205120000000005;0.004227072;0.004381696;0.005094400000000001;0.005569536;0.004498432;0.002550784;0.0017090559999999998;0.002352128;0.002553856;0.00157184;0.0011694079999999998;0.0013240320000000002;0.002064384;0.0011960319999999999;0.0007229440000000001;0.000861184;0.0009256959999999999;0.000771072;0.0008192000000000001;0.0012165119999999999;0.000899072;0.000459776;0.000436224;0.000461824;0.000387072;0.00047001599999999997;0.000550912;0.000582656;0.000421888;0.00034816000000000003;0.0005416959999999999;0.000454656;0.00031744;0.000217088;0.000210944;0.000197632;0.0001536;0.00018227199999999998
1787039100,hdr,0.0293;0.03906;0.04883;0.05859;0.06836;0.07813;0.08789;0.09766;0.10742;0.11719;0.12695;0.13672;0.14648;0.15625;0.16602;0.17578;0.18555;0.19531;0.20508;0.21484;0.22461;0.23438;0.24414;0.25391;0.26367;0.27344;0.2832;0.29297;0.30273;0.3125;0.32227;0.33203;0.3418;0.35156;0.36133;0.37109;0.38086;0.39063;0.40039;0.41016;0.41992;0.42969;0.43945;0.44922;0.45898;0.46875;0.47852;0.48828;0.49805;0.50781;0.51758;0.52734;0.53711;0.54688;0.55664;0.56641;0.57617;0.58594;0.5957;0.60547;0.61523;0.625;0.63477;0.64453;0.6543;0.66406;0.67383;0.68359;0.69336;0.70313;0.71289;0.72266;0.73242;0.74219;0.75195;0.76172;0.77148;0.78125;0.79102,0.001726464;0.000244736;0.0024954879999999997;0.006631424;0.009930752000000001;0.007062528;0.00636416;0.011976704;0.025232383999999997;0.018555904;0.020179967999999996;0.030391296;0.024419328;0.0341504;0.026908671999999998;0.029922304;0.06293811199999999;0.12889599999999998;0.150127616;0.14735769599999998;0.10274304;0.04235776;0.032864255999999994;0.030824448;0.01948672;0.019465216;0.020218879999999998;0.020067328000000002;0.025746431999999996;0.025076736000000002;0.01961984;0.010125312;0.014569472;0.013914112;0.012642304;0.0067553280000000005;0.0069324799999999995;0.005817344;0.005012480000000001;0.004879360000000001;0.005278720000000001;0.0032440319999999996;0.003923968;0.0034304;0.002330624;0.002499584;0.002265088;0.002399232;0.002179072;0.002061312;0.001475584;0.00083968;0.00047308800000000003;0.001588224;0.00136704;0.000812032;0.001065984;0.0005304320000000001;0.0006184960000000001;0.000577536;0.0005918719999999999;0.0006000640000000001;0.0008069119999999999;0.0007086080000000001;0.00062464;0.00042291200000000006;0.00029696;0.000423936;0.00030924800000000003;0.000222208;0.000413696;0.00041984;0.00024576000000000003;0.000279552;0.000251904;0.00027136;0.000222208;0.000164864;0.00026623999999999994
1787040000,hdr,0.0293;0.03906;0.04883;0.05859;0.06836;0.07813;0.08789;0.09766;0.10742;0.11719;0.12695;0.13672;0.14648;0.15625;0.16602;0.17578;0.18555;0.19531;0.20508;0.21484;0.22461;0.23438;0.24414;0.25391;0.26367;0.27344;0.2832;0.29297;0.30273;0.3125;0.32227;0.33203;0.3418;0.35156;0.36133;0.37109;0.38086;0.39063;0.40039;0.41016;0.41992;0.42969;0.43945;0.44922;0.45898;0.46875;0.47852;0.48828;0.49805;0.50781;0.51758;0.52734;0.53711;0.54688;0.55664;0.56641;0.57617;0.58594;0.5957;0.60547;0.61523;0.625;0.63477;0.64453;0.6543;0.66406;0.67383;0.68359;0.69336;0.70313;0.71289;0.72266;0.73242;0.74219;0.75195;0.76172;0.77148;0.78125;0.79102,0.0046469120000000004;0.006587392000000001;0.002905088;0.0019148799999999999;0.002299904;0.006900736;0.009214976;0.013969407999999999;0.013950976;0.01399808;0.012888064000000001;0.009436159999999999;0.013303808;0.028469248;0.030394367999999998;0.019600384;0.036908032;0.12554752;0.16653312;0.130573312;0.109321216;0.061018112;0.06272512;0.04350976;0.036328448000000006;0.027594752;0.019081216;0.026348544;0.020031488;0.021679103999999998;0.021153791999999998;0.01303552;0.007575551999999999;0.005613568;0.011309056000000001;0.008567808;0.005727232;0.005912576;0.0047810560000000005;0.0036577280000000003;0.005330944;0.0029184000000000002;0.00180224;0.003644416;0.003914752;0.002228224;0.0021442559999999998;0.0017356799999999999;0.001702912;0.0011786239999999999;0.00142848;0.001152;0.0009697280000000001;0.000712704;0.000738304;0.0007188480000000001;0.000809984;0.000628736;0.0007772160000000001;0.0007925759999999999;0.000843776;0.0009359360000000001;0.000616448;0.000485376;0.000398336;0.000352256;0.000411648;0.000395264;0.000516096;0.0005376000000000001;0.000386048;0.000253952;0.000345088;0.00026112;0.00023654400000000002;0.00036147200000000005;0.000346112;0.00028774400000000004;0.00029286400000000005
1787040900,hdr,0.0293;0.03906;0.04883;0.05859;0.06836;0.07813;0.08789;0.09766;0.10742;0.11719;0.12695;0.13672;0.14648;0.15625;0.16602;0.17578;0.18555;0.19531;0.20508;0.21484;0.22461;0.23438;0.24414;0.25391;0.26367;0.27344;0.2832;0.29297;0.30273;0.3125;0.32227;0.33203;0.3418;0.35156;0.36133;0.37109;0.38086;0.39063;0.40039;0.41016;0.41992;0.42969;0.43945;0.44922;0.45898;0.46875;0.47852;0.48828;0.49805;0.50781;0.51758;0.52734;0.53711;0.54688;0.55664;0.56641;0.57617;0.58594;0.5957;0.60547;0.61523;0.625;0.63477;0.64453;0.6543;0.66406;0.67383;0.68359;0.69336;0.70313;0.71289;0.72266;0.73242;0.74219;0.75195;0.76172;0.77148;0.78125;0.79102,0.002818048;0.003144704;0.00245248;0.00498176;0.016591872;0.036158464;0.028066815999999998;0.01524736;0.019408896;0.020069375999999996;0.021093376;0.016867328;0.012790784;0.009879552;0.018619392;0.037711872;0.08697856;0.113529856;0.10361651200000001;0.081532928;0.045902847999999996;0.045266944;0.0433664;0.035786752;0.045988864000000004;0.046588928;0.0352;0.023303168;0.018804735999999996;0.015396864000000001;0.01541632;0.011667456;0.008915967999999998;0.004214784;0.008727552;0.0077813760000000004;0.00672256;0.00513536;0.005989376;0.009118719999999999;0.007207936;0.004879360000000001;0.004137984000000001;0.0017602560000000002;0.00295424;0.002976768;0.002322432;0.002398208;0.001717248;0.001831936;0.001645568;0.001069056;0.000633856;0.0012113920000000002;0.00165376;0.0010721279999999999;0.0011356159999999999;0.0007557120000000001;0.000663552;0.000714752;0.0005836799999999999;0.00047411199999999995;0.000391168;0.000308224;0.00042291200000000006;0.000475136;0.000449536;0.00029183999999999997;0.000200704;0.000385024;0.000582656;0.000330752;0.000444416;0.000349184;0.00031129599999999997;0.00029388799999999996;0.00023244799999999998;0.00020889599999999997;0.000329728
1787041800,hdr,0.0293;0.03906;0.04883;0.05859;0.06836;0.07813;0.08789;0.09766;0.10742;0.11719;0.12695;0.13672;0.14648;0.15625;0.16602;0.17578;0.18555;0.19531;0.20508;0.21484;0.22461;0.23438;0.24414;0.25391;0.26367;0.27344;0.2832;0.29297;0.30273;0.3125;0.32227;0.33203;0.3418;0.35156;0.36133;0.37109;0.38086;0.39063;0.40039;0.41016;0.41992;0.42969;0.43945;0.44922;0.45898;0.46875;0.47852;0.48828;0.49805;0.50781;0.51758;0.52734;0.53711;0.54688;0.55664;0.56641;0.57617;0.58594;0.5957;0.60547;0.61523;0.625;0.63477;0.64453;0.6543;0.66406;0.67383;0.68359;0.69336;0.70313;0.71289;0.72266;0.73242;0.74219;0.75195;0.76172;0.77148;0.78125;0.79102,0.002806784;0.0048261120000000005;0.008262655999999998;0.01289728;0.017685504;0.022232064000000003;0.026012671999999997;0.027849728;0.015642624;0.012354559999999999;0.01877504;0.021082111999999997;0.014240768000000001;0.010758144;0.024324096;0.050542592;0.07161344;0.119335936;0.143547392;0.13611212800000003;0.07043891199999999;0.06731468800000001;0.10162073599999999;0.054170623999999994;0.04757811199999999;0.053890048;0.049173504;0.030222336;0.018605056000000002;0.022894592000000002;0.021646336000000002;0.012490752;0.017068032;0.017034240000000003;0.012123136;0.011037696;0.005562368000000001;0.00500224;0.005477375999999999;0.004667392000000001;0.0040642560000000005;0.0044851199999999996;0.004326399999999999;0.0032358400000000002;0.0025497600000000003;0.002697216;0.003183616;0.002766848;0.00150528;0.0019210240000000001;0.001696768;0.001426432;0.00100352;0.0010813440000000001;0.000733184;0.000738304;0.0011243520000000001;0.001069056;0.000751616;0.000719872;0.0006021119999999999;0.00059392;0.0004884479999999999;0.0007075839999999999;0.000605184;0.00051712;0.0005406720000000001;0.00027136;0.00035430400000000006;0.00029798400000000005;0.000350208;0.000310272;0.00030924800000000003;0.00040243200000000004;0.000382976;0.000151552;0.000178176;0.00019968;0.000161792
1787042700,hdr,0.0293;0.03906;0.04883;0.05859;0.06836;0.07813;0.08789;0.09766;0.10742;0.11719;0.12695;0.13672;0.14648;0.15625;0.16602;0.17578;0.18555;0.19531;0.20508;0.21484;0.22461;0.23438;0.24414;0.25391;0.26367;0.27344;0.2832;0.29297;0.30273;0.3125;0.32227;0.33203;0.3418;0.35156;0.36133;0.37109;0.38086;0.39063;0.40039;0.41016;0.41992;0.42969;0.43945;0.44922;0.45898;0.46875;0.47852;0.48828;0.49805;0.50781;0.51758;0.52734;0.53711;0.54688;0.55664;0.56641;0.57617;0.58594;0.5957;0.60547;0.61523;0.625;0.63477;0.64453;0.6543;0.66406;0.67383;0.68359;0.69336;0.70313;0.71289;0.72266;0.73242;0.74219;0.75195;0.76172;0.77148;0.78125;0.79102,0.00185344;0.006351872000000001;0.011959296;0.005390335999999999;0.008952832;0.028695552;0.028307455999999998;0.015916032;0.023975936000000003;0.031152128;0.016347135999999998;0.012565504000000002;0.014752768;0.021206016000000005;0.022626304;0.052225023999999995;0.07849472;0.093177856;0.094497792;0.069603328;0.081588224;0.06371840000000001;0.047142912;0.047552512000000005;0.044114944;0.038941696000000005;0.031649792;0.036268032;0.022479871999999998;0.018563071999999996;0.013519871999999999;0.008403968000000001;0.012967936;0.014242815999999998;0.011241472;0.008188928000000002;0.00395264;0.004563968;0.004332544000000001;0.005193728;0.003059712;0.0027432959999999997;0.0024924160000000003;0.002164736;0.0017663999999999998;0.001811456;0.002207744;0.002030592;0.00163328;0.00320512;0.001979392;0.001074176;0.001337344;0.000896;0.000879616;0.001353728;0.000745472;0.000900096;0.001024;0.000766976;0.00077312;0.0006850560000000001;0.000730112;0.00040960000000000004;0.00041062399999999995;0.000605184;0.000647168;0.000371712;0.00036761599999999997;0.00046284799999999997;0.000346112;0.000269312;0.00036864000000000005;0.00047923199999999995;0.000390144;0.000272384;0.000210944;0.000218112;0.00023244799999999998
1787044500,hdr,0.0293;0.03906;0.04883;0.05859;0.06836;0.07813;0.08789;0.09766;0.10742;0.11719;0.12695;0.13672;0.14648;0.15625;0.16602;0.17578;0.18555;0.19531;0.20508;0.21484;0.22461;0.23438;0.24414;0.25391;0.26367;0.27344;0.2832;0.29297;0.30273;0.3125;0.32227;0.33203;0.3418;0.35156;0.36133;0.37109;0.38086;0.39063;0.40039;0.41016;0.41992;0.42969;0.43945;0.44922;0.45898;0.46875;0.47852;0.48828;0.49805;0.50781;0.51758;0.52734;0.53711;0.54688;0.55664;0.56641;0.57617;0.58594;0.5957;0.60547;0.61523;0.625;0.63477;0.64453;0.6543;0.66406;0.67383;0.68359;0.69336;0.70313;0.71289;0.72266;0.73242;0.74219;0.75195;0.76172;0.77148;0.78125;0.79102,0.008914944;0.015064064;0.020631552;0.01019392;0.012599296;0.026733568000000003;0.017998847999999998;0.010502144;0.011278336;0.02156032;0.021383168;0.019661824;0.023390208000000003;0.015533056;0.023553024000000002;0.05686988800000001;0.108949504;0.191874048;0.151187456;0.129219584;0.12334592000000001;0.07637094399999998;0.081915904;0.070925312;0.062555136;0.038524928;0.038792192;0.035830784;0.024798208;0.020619264;0.010622976;0.010008576;0.011464704;0.007559168;0.007543808;0.009095167999999999;0.008476672000000001;0.0070492160000000005;0.005721088;0.004166656;0.003596288;0.0031539199999999997;0.0040294400000000005;0.003228672;0.00232448;0.0024739840000000003;0.002108416;0.0026296320000000002;0.002169856;0.00183296;0.001406976;0.001337344;0.001309696;0.000772096;0.00082944;0.001041408;0.001006592;0.0005724160000000001;0.00067584;0.00092672;0.0006676480000000001;0.000731136;0.00049664;0.000515072;0.000653312;0.000715776;0.0006092800000000001;0.00035532799999999997;0.00028569600000000005;0.000406528;0.000475136;0.00041676800000000003;0.000283648;0.00021401600000000003;0.00023859199999999998;0.00021299199999999998;0.000267264;0.000288768;0.00020992
1787045400,hdr,0.0293;0.03906;0.04883;0.05859;0.06836;0.07813;0.08789;0.09766;0.10742;0.11719;0.12695;0.13672;0.14648;0.15625;0.16602;0.17578;0.18555;0.19531;0.20508;0.21484;0.22461;0.23438;0.24414;0.25391;0.26367;0.27344;0.2832;0.29297;0.30273;0.3125;0.32227;0.33203;0.3418;0.35156;0.36133;0.37109;0.38086;0.39063;0.40039;0.41016;0.41992;0.42969;0.43945;0.44922;0.45898;0.46875;0.47852;0.48828;0.49805;0.50781;0.51758;0.52734;0.53711;0.54688;0.55664;0.56641;0.57617;0.58594;0.5957;0.60547;0.61523;0.625;0.63477;0.64453;0.6543;0.66406;0.67383;0.68359;0.69336;0.70313;0.71289;0.72266;0.73242;0.74219;0.75195;0.76172;0.77148;0.78125;0.79102,0.0038062079999999997;0.00646144;0.003733504;0.00414208;0.006311936000000001;0.023417856;0.014271487999999999;0.011793408;0.010807296;0.01665536;0.017542144;0.018266112;0.02415104;0.019929088;0.025104383999999997;0.039599103999999996;0.083462144;0.177605632;0.188166144;0.135427072;0.08845004799999999;0.097352704;0.067958784;0.035403776;0.052079616;0.04543897599999999;0.031519743999999995;0.032531456;0.025907200000000002;0.015031295999999998;0.020639743999999998;0.014907392;0.01381376;0.009419776;0.008348672;0.008467456;0.006636544;0.00477184;0.003554304;0.003579904;0.00367616;0.0037662719999999998;0.00371712;0.004580352000000001;0.0028129279999999997;0.00232448;0.0027842559999999997;0.002274304;0.00131072;0.0013506560000000002;0.0015544320000000001;0.0015206400000000002;0.0013240320000000002;0.00133632;0.001082368;0.00081408;0.000485376;0.000643072;0.0005232639999999998;0.000567296;0.000536576;0.000592896;0.00048742400000000003;0.000258048;0.000305152;0.000535552;0.0005560319999999999;0.00039219200000000003;0.000485376;0.000429056;0.00044339199999999997;0.000259072;0.00024063999999999997;0.000263168;0.00029081600000000006;0.00032768;0.000315392;0.000197632;0.00027648
1787046300,hdr,0.0293;0.03906;0.04883;0.05859;0.06836;0.07813;0.08789;0.09766;0.10742;0.11719;0.12695;0.13672;0.14648;0.15625;0.16602;0.17578;0.18555;0.19531;0.20508;0.21484;0.22461;0.23438;0.24414;0.25391;0.26367;0.27344;0.2832;0.29297;0.30273;0.3125;0.32227;0.33203;0.3418;0.35156;0.36133;0.37109;0.38086;0.39063;0.40039;0.41016;0.41992;0.42969;0.43945;0.44922;0.45898;0.46875;0.47852;0.48828;0.49805;0.50781;0.51758;0.52734;0.53711;0.54688;0.55664;0.56641;0.57617;0.58594;0.5957;0.60547;0.61523;0.625;0.63477;0.64453;0.6543;0.66406;0.67383;0.68359;0.69336;0.70313;0.71289;0.72266;0.73242;0.74219;0.75195;0.76172;0.77148;0.78125;0.79102,0.000985088;0.00218112;0.0055459839999999995;0.005912576;0.012327936;0.030191615999999998;0.019733504000000002;0.012566528;0.013330432000000001;0.014331904000000001;0.013044736000000001;0.010912768;0.014718975999999998;0.02125312;0.030822399999999996;0.063648768;0.143128576;0.19850547200000002;0.1723136;0.142294016;0.090483712;0.070805504;0.041979904;0.02940416;0.043849728;0.03821465599999999;0.028500992;0.018545663999999996;0.017306624;0.023588864;0.009779199999999998;0.012038144;0.01402368;0.0118016;0.009768959999999998;0.0067481600000000004;0.006693888;0.006728703999999999;0.007085055999999999;0.008584192;0.007607296;0.004849664;0.001969152;0.002686976;0.002914304;0.002530304;0.0022241279999999997;0.0020654080000000003;0.001934336;0.0013506560000000002;0.00092672;0.001302528;0.0013946879999999998;0.0010199039999999999;0.000753664;0.000963584;0.000893952;0.0006041600000000001;0.0007219199999999999;0.0006973439999999999;0.0005857280000000001;0.000751616;0.000346112;0.00036352;0.000567296;0.000636928;0.00047104000000000004;0.000386048;0.00034304;0.0003584;0.000436224;0.00035942400000000006;0.00026623999999999994;0.00031129599999999997;0.00028569600000000005;0.00029286400000000005;0.000282624;0.00019456;0.00027033600000000004
1787047200,hdr,0.0293;0.03906;0.04883;0.05859;0.06836;0.07813;0.08789;0.09766;0.10742;0.11719;0.12695;0.13672;0.14648;0.15625;0.16602;0.17578;0.18555;0.19531;0.20508;0.21484;0.22461;0.23438;0.24414;0.25391;0.26367;0.27344;0.2832;0.29297;0.30273;0.3125;0.32227;0.33203;0.3418;0.35156;0.36133;0.37109;0.38086;0.39063;0.40039;0.41016;0.41992;0.42969;0.43945;0.44922;0.45898;0.46875;0.47852;0.48828;0.49805;0.50781;0.51758;0.52734;0.53711;0.54688;0.55664;0.56641;0.57617;0.58594;0.5957;0.60547;0.61523;0.625;0.63477;0.64453;0.6543;0.66406;0.67383;0.68359;0.69336;0.70313;0.71289;0.72266;0.73242;0.74219;0.75195;0.76172;0.77148;0.78125;0.79102,0.002847744;0.004698112;0.007334912;0.005726208;0.012894208;0.026104831999999998;0.019998719999999998;0.018653184;0.013357056;0.011554816;0.010990591999999999;0.013848576;0.015381503999999999;0.011258879999999999;0.015295488000000001;0.056851456;0.15849062400000002;0.13537689599999997;0.15549747199999997;0.203726848;0.15147212799999998;0.05520896;0.032953344;0.04596736;0.06509568;0.06163865599999999;0.020548608;0.019095552;0.020017152;0.019652608;0.018437119999999998;0.018286592;0.011511808;0.016001024000000003;0.01033216;0.00597504;0.005202943999999999;0.003944448;0.005763072;0.005846016;0.0034918399999999995;0.003943424;0.003708928;0.0045895680000000005;0.0034416639999999997;0.0025497600000000003;0.002610176;0.0029952000000000004;0.0020592640000000003;0.0017930239999999998;0.001887232;0.0015472639999999998;0.001410048;0.002139136;0.002009088;0.000937984;0.00070656;0.0014592000000000001;0.0015411200000000002;0.00129024;0.0015892480000000001;0.001195008;0.000868352;0.0005601279999999999;0.0005734399999999999;0.00091136;0.000787456;0.000483328;0.000463872;0.000493568;0.00052224;0.00042803200000000007;0.00037068800000000004;0.000319488;0.00051712;0.000418816;0.000283648;0.000210944;0.00021401600000000003
1787048100,hdr,0.0293;0.03906;0.04883;0.05859;0.06836;0.07813;0.08789;0.09766;0.10742;0.11719;0.12695;0.13672;0.14648;0.15625;0.16602;0.17578;0.18555;0.19531;0.20508;0.21484;0.22461;0.23438;0.24414;0.25391;0.26367;0.27344;0.2832;0.29297;0.30273;0.3125;0.32227;0.33203;0.3418;0.35156;0.36133;0.37109;0.38086;0.39063;0.40039;0.41016;0.41992;0.42969;0.43945;0.44922;0.45898;0.46875;0.47852;0.48828;0.49805;0.50781;0.51758;0.52734;0.53711;0.54688;0.55664;0.56641;0.57617;0.58594;0.5957;0.60547;0.61523;0.625;0.63477;0.64453;0.6543;0.66406;0.67383;0.68359;0.69336;0.70313;0.71289;0.72266;0.73242;0.74219;0.75195;0.76172;0.77148;0.78125;0.79102,0.0030750720000000003;0.004169728;0.004902912;0.00280064;0.010519552;0.021180416;0.024168448;0.021733376;0.026575872;0.023578624;0.015564799999999998;0.011179007999999999;0.015292416;0.017999872;0.023088128;0.069685248;0.19765350399999998;0.259253248;0.194844672;0.140750848;0.081232896;0.06385049599999999;0.054618112;0.024925184;0.023549952000000002;0.030008319999999998;0.032146431999999996;0.028271616000000003;0.021428224000000003;0.022281216;0.01429504;0.012498944;0.010092544;0.007436288;0.007087104;0.006093823999999999;0.006565888;0.008418303999999998;0.004631552;0.003434496;0.00331776;0.003446784;0.003447808;0.0026695679999999998;0.0018636800000000002;0.0031733760000000003;0.002023424;0.0008355839999999999;0.000765952;0.001373184;0.001604608;0.0012001280000000002;0.001134592;0.000723968;0.000917504;0.0009584639999999999;0.000651264;0.00070656;0.00075264;0.00051712;0.00039219200000000003;0.00045568;0.000649216;0.000765952;0.000782336;0.000730112;0.00049664;0.00040755200000000004;0.000482304;0.00040960000000000004;0.000319488;0.000173056;0.000176128;0.00023552000000000002;0.000267264;0.000241664;0.000216064;0.000216064;0.00023142399999999999
1787049000,hdr,0.0293;0.03906;0.04883;0.05859;0.06836;0.07813;0.08789;0.09766;0.10742;0.11719;0.12695;0.13672;0.14648;0.15625;0.16602;0.17578;0.18555;0.19531;0.20508;0.21484;0.22461;0.23438;0.24414;0.25391;0.26367;0.27344;0.2832;0.29297;0.30273;0.3125;0.32227;0.33203;0.3418;0.35156;0.36133;0.37109;0.38086;0.39063;0.40039;0.41016;0.41992;0.42969;0.43945;0.44922;0.45898;0.46875;0.47852;0.48828;0.49805;0.50781;0.51758;0.52734;0.53711;0.54688;0.55664;0.56641;0.57617;0.58594;0.5957;0.60547;0.61523;0.625;0.63477;0.64453;0.6543;0.66406;0.67383;0.68359;0.69336;0.70313;0.71289;0.72266;0.73242;0.74219;0.75195;0.76172;0.77148;0.78125;0.79102,0.002060288;0.003293184;0.004475903999999999;0.003966976;0.013724672;0.039236608;0.027958272;0.013433856;0.014294016;0.014089216;0.010551296;0.009955328;0.008926208;0.015470592;0.015822848;0.03021312;0.09083801600000001;0.24602111999999998;0.19697664;0.11826995200000001;0.11057561599999999;0.055440383999999995;0.034366464;0.037409792000000004;0.035093504;0.033015808;0.026887168;0.024549376;0.016983039999999998;0.015272959999999999;0.015242239999999999;0.01859584;0.016068608;0.012611584;0.0076769279999999995;0.0074874880000000005;0.00787968;0.006436864;0.005387264;0.004744192;0.004451328;0.004344832000000001;0.002307072;0.002277376;0.00203264;0.0010803199999999998;0.001399808;0.001829888;0.001810432;0.001395712;0.001309696;0.000837632;0.000712704;0.000769024;0.0008048640000000001;0.0008345599999999999;0.000781312;0.000933888;0.000816128;0.000782336;0.000744448;0.000513024;0.0006000640000000001;0.000565248;0.000382976;0.000512;0.0006502400000000001;0.00044544;0.000365568;0.00040243200000000004;0.00029491200000000004;0.000258048;0.000393216;0.0005867520000000001;0.000408576;0.000268288;0.00029491200000000004;0.000264192;0.00026112
1787049900,hdr,0.0293;0.03906;0.04883;0.05859;0.06836;0.07813;0.08789;0.09766;0.10742;0.11719;0.12695;0.13672;0.14648;0.15625;0.16602;0.17578;0.18555;0.19531;0.20508;0.21484;0.22461;0.23438;0.24414;0.25391;0.26367;0.27344;0.2832;0.29297;0.30273;0.3125;0.32227;0.33203;0.3418;0.35156;0.36133;0.37109;0.38086;0.39063;0.40039;0.41016;0.41992;0.42969;0.43945;0.44922;0.45898;0.46875;0.47852;0.48828;0.49805;0.50781;0.51758;0.52734;0.53711;0.54688;0.55664;0.56641;0.57617;0.58594;0.5957;0.60547;0.61523;0.625;0.63477;0.64453;0.6543;0.66406;0.67383;0.68359;0.69336;0.70313;0.71289;0.72266;0.73242;0.74219;0.75195;0.76172;0.77148;0.78125;0.79102,0.00310784;0.004481023999999999;0.006396928;0.004358144;0.004897792000000001;0.014519296000000001;0.04076032;0.018147328;0.021602304;0.021409792;0.018248704;0.014953471999999999;0.011422719999999999;0.016531456;0.018456576;0.043717632000000006;0.080982016;0.169929728;0.18796339199999998;0.171431936;0.14451712;0.09948262399999999;0.040148992;0.026909696;0.02013184;0.02963456;0.024639488;0.025155584;0.023519232;0.015889408;0.016055296;0.01094656;0.011199488;0.007305216;0.008379392;0.00850944;0.005952512;0.008712191999999999;0.0072806400000000005;0.004221952;0.003972096;0.0029880320000000003;0.002390016;0.0027893759999999997;0.0027351040000000004;0.00233984;0.002466816;0.0027863040000000003;0.00237568;0.0018196479999999999;0.0020357120000000003;0.00145408;0.0009543679999999999;0.001683456;0.0010680320000000002;0.0011264;0.00137728;0.00123904;0.0006574080000000001;0.00065536;0.000982016;0.000551936;0.000786432;0.000864256;0.00046796800000000003;0.000315392;0.000289792;0.000400384;0.000346112;0.00036147200000000005;0.000224256;0.000251904;0.0005683200000000001;0.000561152;0.00036249599999999997;0.000335872;0.000346112;0.000350208;0.000190464
1787050800,hdr,0.0293;0.03906;0.04883;0.05859;0.06836;0.07813;0.08789;0.09766;0.10742;0.11719;0.12695;0.13672;0.14648;0.15625;0.16602;0.17578;0.18555;0.19531;0.20508;0.21484;0.22461;0.23438;0.24414;0.25391;0.26367;0.27344;0.2832;0.29297;0.30273;0.3125;0.32227;0.33203;0.3418;0.35156;0.36133;0.37109;0.38086;0.39063;0.40039;0.41016;0.41992;0.42969;0.43945;0.44922;0.45898;0.46875;0.47852;0.48828;0.49805;0.50781;0.51758;0.52734;0.53711;0.54688;0.55664;0.56641;0.57617;0.58594;0.5957;0.60547;0.61523;0.625;0.63477;0.64453;0.6543;0.66406;0.67383;0.68359;0.69336;0.70313;0.71289;0.72266;0.73242;0.74219;0.75195;0.76172;0.77148;0.78125;0.79102,0.001931264;0.005451776;0.0040345599999999995;0.00414208;0.017620992000000002;0.0321536;0.025009152000000003;0.015922176;0.016105472;0.016838656;0.012854271999999998;0.010554368;0.011974655999999998;0.013257728000000002;0.016198656;0.033373184;0.076253184;0.14665932799999998;0.24456703999999999;0.14541824;0.10310656;0.099540992;0.058912768;0.040032255999999995;0.019769344;0.023783423999999997;0.02528768;0.018351104;0.0160768;0.015884288;0.012493824;0.010071040000000002;0.00801792;0.008246271999999999;0.008771584;0.0061409279999999995;0.008642559999999999;0.009745407999999999;0.0054538239999999995;0.0036403200000000003;0.0036167680000000002;0.002679808;0.0025262080000000003;0.002143232;0.003018752;0.0019712;0.002146304;0.002617344;0.001944576;0.001967104;0.0012789759999999998;0.001284096;0.001605632;0.001490944;0.00128512;0.0028948479999999998;0.002936832;0.001396736;0.001113088;0.0015697920000000002;0.000799744;0.0006277120000000001;0.00061952;0.000512;0.000745472;0.000672768;0.000550912;0.0003072;0.00029183999999999997;0.00029183999999999997;0.000442368;0.000800768;0.0006952960000000001;0.00041984;0.000447488;0.00041472;0.00033792;0.000262144;0.00026112
1787051700,hdr,0.0293;0.03906;0.04883;0.05859;0.06836;0.07813;0.08789;0.09766;0.10742;0.11719;0.12695;0.13672;0.14648;0.15625;0.16602;0.17578;0.18555;0.19531;0.20508;0.21484;0.22461;0.23438;0.24414;0.25391;0.26367;0.27344;0.2832;0.29297;0.30273;0.3125;0.32227;0.33203;0.3418;0.35156;0.36133;0.37109;0.38086;0.39063;0.40039;0.41016;0.41992;0.42969;0.43945;0.44922;0.45898;0.46875;0.47852;0.48828;0.49805;0.50781;0.51758;0.52734;0.53711;0.54688;0.55664;0.56641;0.57617;0.58594;0.5957;0.60547;0.61523;0.625;0.63477;0.64453;0.6543;0.66406;0.67383;0.68359;0.69336;0.70313;0.71289;0.72266;0.73242;0.74219;0.75195;0.76172;0.77148;0.78125;0.79102,0.002234368;0.0053442559999999995;0.0047790079999999995;0.006688768;0.016242688;0.027046912;0.015965184;0.01669632;0.009358336;0.011339776;0.009659392;0.011352064;0.013125632;0.017778687999999997;0.014631936;0.035050496;0.088387584;0.132722688;0.15254528;0.093458432;0.061097983999999994;0.059742208;0.034944;0.027877376;0.014446592000000001;0.019943423999999998;0.013697024000000002;0.013976576;0.018003968000000002;0.018026496000000003;0.016722944;0.01324544;0.011482112000000001;0.011564031999999998;0.011164671999999999;0.011033600000000001;0.009022464;0.006694912;0.0036311040000000004;0.0027351040000000004;0.003452928;0.00387584;0.004222976;0.004972544;0.0036505599999999997;0.002958336;0.0031539199999999997;0.002251776;0.0021985280000000004;0.001887232;0.00121344;0.0012072959999999998;0.0015144960000000002;0.001301504;0.00141824;0.001014784;0.000550912;0.001113088;0.001122304;0.0007137280000000001;0.00046796800000000003;0.00067072;0.0006021119999999999;0.0005324799999999999;0.000538624;0.0005099519999999999;0.00043724800000000005;0.00047308800000000003;0.0006144;0.000525312;0.00043110399999999997;0.000350208;0.00047923199999999995;0.000371712;0.000257024;0.00013516800000000002;0.000237568;0.00037478399999999997;0.000227328
1787052600,hdr,0.0293;0.03906;0.04883;0.05859;0.06836;0.07813;0.08789;0.09766;0.10742;0.11719;0.12695;0.13672;0.14648;0.15625;0.16602;0.17578;0.18555;0.19531;0.20508;0.21484;0.22461;0.23438;0.24414;0.25391;0.26367;0.27344;0.2832;0.29297;0.30273;0.3125;0.32227;0.33203;0.3418;0.35156;0.36133;0.37109;0.38086;0.39063;0.40039;0.41016;0.41992;0.42969;0.43945;0.44922;0.45898;0.46875;0.47852;0.48828;0.49805;0.50781;0.51758;0.52734;0.53711;0.54688;0.55664;0.56641;0.57617;0.58594;0.5957;0.60547;0.61523;0.625;0.63477;0.64453;0.6543;0.66406;0.67383;0.68359;0.69336;0.70313;0.71289;0.72266;0.73242;0.74219;0.75195;0.76172;0.77148;0.78125;0.79102,0.002455552;0.00385536;0.003457024;0.00358912;0.015250432000000001;0.014686208000000001;0.010858496;0.016924672;0.0185088;0.020192256000000002;0.009689088;0.011838464;0.0139776;0.009360384;0.01020928;0.017309696;0.047005696000000007;0.09616281600000001;0.10766745600000001;0.086386688;0.06916607999999999;0.047711232000000006;0.033318912;0.040434688;0.035439616;0.025821183999999997;0.021768192;0.022073343999999998;0.024103936000000003;0.02105344;0.018314240000000002;0.009715712;0.011720704;0.012123136;0.008845312;0.005291008;0.008270848000000003;0.005698559999999999;0.004816895999999999;0.005293056;0.005459968;0.004163584;0.003328;0.002562048;0.004231168;0.003917824;0.002420736;0.0015769599999999999;0.001256448;0.0015513600000000001;0.0013424640000000002;0.000913408;0.001033216;0.001214464;0.0012083200000000001;0.0009912319999999999;0.0006891520000000001;0.000628736;0.0006830079999999999;0.000720896;0.000775168;0.001062912;0.000867328;0.0004884479999999999;0.0007249919999999999;0.0006225919999999999;0.0007137280000000001;0.0007055360000000001;0.0005580800000000001;0.0008192000000000001;0.0006277120000000001;0.00046796800000000003;0.000490496;0.000351232;0.00039936;0.00039936;0.00045568;0.00025497599999999997;0.00020480000000000002
1787053500,hdr,0.0293;0.03906;0.04883;0.05859;0.06836;0.07813;0.08789;0.09766;0.10742;0.11719;0.12695;0.13672;0.14648;0.15625;0.16602;0.17578;0.18555;0.19531;0.20508;0.21484;0.22461;0.23438;0.24414;0.25391;0.26367;0.27344;0.2832;0.29297;0.30273;0.3125;0.32227;0.33203;0.3418;0.35156;0.36133;0.37109;0.38086;0.39063;0.40039;0.41016;0.41992;0.42969;0.43945;0.44922;0.45898;0.46875;0.47852;0.48828;0.49805;0.50781;0.51758;0.52734;0.53711;0.54688;0.55664;0.56641;0.57617;0.58594;0.5957;0.60547;0.61523;0.625;0.63477;0.64453;0.6543;0.66406;0.67383;0.68359;0.69336;0.70313;0.71289;0.72266;0.73242;0.74219;0.75195;0.76172;0.77148;0.78125;0.79102,0.000339968;0.001792;0.003521536;0.003127296;0.005516288;0.014835712;0.025684992000000004;0.020926464;0.018392064000000003;0.026252288000000002;0.012813312;0.008323072;0.008201216;0.008990719999999999;0.011256831999999998;0.01923072;0.047049728000000006;0.07657881600000001;0.12957491200000001;0.1188352;0.075611136;0.06711808;0.048036864;0.026262527999999997;0.031327231999999997;0.047219712;0.031548416;0.013517824;0.012804096;0.013856768;0.007723008;0.006005760000000001;0.006443008;0.004688896;0.0057098240000000005;0.005875712000000001;0.007201792;0.004198400000000001;0.0039700479999999995;0.00769536;0.007386112;0.005605376;0.0028927999999999996;0.001396736;0.002397184;0.002961408;0.00246272;0.0010936319999999998;0.001318912;0.002062336;0.0027586560000000004;0.0021370879999999997;0.000840704;0.0014243840000000001;0.00204288;0.001856512;0.0016650240000000002;0.000877568;0.000717824;0.000816128;0.0007219199999999999;0.00039936;0.000628736;0.00088576;0.000531456;0.000596992;0.000492544;0.000393216;0.000393216;0.0005560319999999999;0.000580608;0.00048127999999999995;0.000413696;0.000325632;0.000274432;0.000267264;0.000339968;0.000305152;0.00024063999999999997
1787054400,hdr,0.0293;0.03906;0.04883;0.05859;0.06836;0.07813;0.08789;0.09766;0.10742;0.11719;0.12695;0.13672;0.14648;0.15625;0.16602;0.17578;0.18555;0.19531;0.20508;0.21484;0.22461;0.23438;0.24414;0.25391;0.26367;0.27344;0.2832;0.29297;0.30273;0.3125;0.32227;0.33203;0.3418;0.35156;0.36133;0.37109;0.38086;0.39063;0.40039;0.41016;0.41992;0.42969;0.43945;0.44922;0.45898;0.46875;0.47852;0.48828;0.49805;0.50781;0.51758;0.52734;0.53711;0.54688;0.55664;0.56641;0.57617;0.58594;0.5957;0.60547;0.61523;0.625;0.63477;0.64453;0.6543;0.66406;0.67383;0.68359;0.69336;0.70313;0.71289;0.72266;0.73242;0.74219;0.75195;0.76172;0.77148;0.78125;0.79102,8.4992e-05;0.0009256959999999999;0.002486272;0.00395264;0.010021888000000001;0.03296256;0.038560768;0.024098816;0.025550847999999998;0.027544576;0.014350336000000002;0.007804928;0.007078912000000001;0.011191296;0.010529792000000001;0.011769856000000002;0.019877888;0.08421888000000001;0.12837376;0.08005017599999999;0.071246848;0.047227904;0.047823872;0.039143424;0.025561088000000003;0.021231616;0.01937408;0.014260223999999998;0.011974655999999998;0.013049856;0.01936896;0.012199936;0.008093696;0.00571392;0.005007360000000001;0.005665791999999999;0.007972864;0.00489472;0.003470336;0.005007360000000001;0.00382464;0.0038021120000000003;0.0036505599999999997;0.00319488;0.00272384;0.002951168;0.002221056;0.002043904;0.001695744;0.001302528;0.001241088;0.0015779840000000002;0.001159168;0.0008192000000000001;0.000919552;0.000625664;0.000420864;0.000516096;0.0007352319999999999;0.0006021119999999999;0.000454656;0.000398336;0.00040550399999999994;0.00032768;0.00028671999999999997;0.000308224;0.00032870400000000003;0.000323584;0.000228352;0.000263168;0.00020992;0.00019865600000000002;0.00023244799999999998;0.000274432;0.000162816;0.00023244799999999998;0.000371712;0.000274432;0.00016896
1787055300,hdr,0.0293;0.03906;0.04883;0.05859;0.06836;0.07813;0.08789;0.09766;0.10742;0.11719;0.12695;0.13672;0.14648;0.15625;0.16602;0.17578;0.18555;0.19531;0.20508;0.21484;0.22461;0.23438;0.24414;0.25391;0.26367;0.27344;0.2832;0.29297;0.30273;0.3125;0.32227;0.33203;0.3418;0.35156;0.36133;0.37109;0.38086;0.39063;0.40039;0.41016;0.41992;0.42969;0.43945;0.44922;0.45898;0.46875;0.47852;0.48828;0.49805;0.50781;0.51758;0.52734;0.53711;0.54688;0.55664;0.56641;0.57617;0.58594;0.5957;0.60547;0.61523;0.625;0.63477;0.64453;0.6543;0.66406;0.67383;0.68359;0.69336;0.70313;0.71289;0.72266;0.73242;0.74219;0.75195;0.76172;0.77148;0.78125;0.79102,0.00029081600000000006;0.001277952;0.0015411200000000002;0.0017735679999999999;0.014962688;0.034886656;0.026707968000000002;0.007399424;0.014464;0.019462144;0.015905792;0.011774976000000001;0.010862591999999999;0.008736768;0.007989248;0.015141888;0.0199424;0.070785024;0.087457792;0.07388672;0.074840064;0.04984422399999999;0.050014208000000004;0.036461568;0.015252479999999999;0.014239744;0.015111168;0.014744576;0.015389696;0.01606144;0.008497152000000001;0.006976512;0.009485312;0.008424448000000001;0.005282816000000001;0.007986176000000001;0.006774784000000001;0.00386048;0.0029593600000000003;0.003867648;0.004719616;0.0023132160000000003;0.0018698239999999997;0.002816;0.0023357440000000003;0.001990656;0.002064384;0.001968128;0.0015687680000000001;0.001412096;0.001893376;0.001893376;0.001309696;0.00164864;0.001743872;0.00115712;0.001091584;0.001145856;0.001143808;0.0009461760000000001;0.001065984;0.00087552;0.0005888;0.0005980159999999999;0.000520192;0.000423936;0.000380928;0.000625664;0.00048025600000000003;0.00028774400000000004;0.000345088;0.0004352;0.000398336;0.00044032;0.00039423999999999997;0.000347136;0.00023859199999999998;0.000323584;0.000151552
1787056200,hdr,0.0293;0.03906;0.04883;0.05859;0.06836;0.07813;0.08789;0.09766;0.10742;0.11719;0.12695;0.13672;0.14648;0.15625;0.16602;0.17578;0.18555;0.19531;0.20508;0.21484;0.22461;0.23438;0.24414;0.25391;0.26367;0.27344;0.2832;0.29297;0.30273;0.3125;0.32227;0.33203;0.3418;0.35156;0.36133;0.37109;0.38086;0.39063;0.40039;0.41016;0.41992;0.42969;0.43945;0.44922;0.45898;0.46875;0.47852;0.48828;0.49805;0.50781;0.51758;0.52734;0.53711;0.54688;0.55664;0.56641;0.57617;0.58594;0.5957;0.60547;0.61523;0.625;0.63477;0.64453;0.6543;0.66406;0.67383;0.68359;0.69336;0.70313;0.71289;0.72266;0.73242;0.74219;0.75195;0.76172;0.77148;0.78125;0.79102,0.00052736;0.001348608;0.0025180159999999997;0.004856831999999999;0.013996031999999999;0.017800192;0.024049664000000002;0.021951488;0.016785407999999998;0.020691968;0.017094656;0.006849536;0.00853504;0.007924736;0.005568511999999999;0.008018944;0.020765696;0.051566591999999994;0.051144704;0.068512768;0.076691456;0.07680511999999999;0.044711936;0.023426048;0.025240576;0.016047104;0.011913216;0.008983551999999999;0.013774848;0.013121536;0.0070297599999999995;0.004552704;0.006823936;0.010211327999999999;0.007171072;0.00457216;0.00575488;0.003915776;0.00281088;0.0021207039999999997;0.002225152;0.002556928;0.002177024;0.001755136;0.0021217280000000002;0.002258944;0.001404928;0.00137728;0.00160768;0.001529856;0.0014448640000000001;0.0015544320000000001;0.0012032;0.001181696;0.000817152;0.0009359360000000001;0.0009420800000000001;0.0009574399999999999;0.000617472;0.000933888;0.001077248;0.000561152;0.00036966399999999996;0.0006574080000000001;0.000616448;0.000386048;0.000616448;0.000641024;0.000493568;0.000305152;0.000315392;0.00027136;0.0003072;0.000197632;0.000323584;0.000234496;0.00023552000000000002;0.000200704;0.000335872
1787057100,hdr,0.0293;0.03906;0.04883;0.05859;0.06836;0.07813;0.08789;0.09766;0.10742;0.11719;0.12695;0.13672;0.14648;0.15625;0.16602;0.17578;0.18555;0.19531;0.20508;0.21484;0.22461;0.23438;0.24414;0.25391;0.26367;0.27344;0.2832;0.29297;0.30273;0.3125;0.32227;0.33203;0.3418;0.35156;0.36133;0.37109;0.38086;0.39063;0.40039;0.41016;0.41992;0.42969;0.43945;0.44922;0.45898;0.46875;0.47852;0.48828;0.49805;0.50781;0.51758;0.52734;0.53711;0.54688;0.55664;0.56641;0.57617;0.58594;0.5957;0.60547;0.61523;0.625;0.63477;0.64453;0.6543;0.66406;0.67383;0.68359;0.69336;0.70313;0.71289;0.72266;0.73242;0.74219;0.75195;0.76172;0.77148;0.78125;0.79102,0.002691072;0.003382272;0.001915904;0.002096128;0.011662335999999999;0.028122112;0.021839872;0.02080256;0.016728063999999997;0.017552383999999997;0.021300224;0.010989568000000002;0.005481471999999999;0.0060958720000000004;0.005906432;0.012175359999999998;0.022984704;0.023427072;0.048995328000000005;0.09510195199999999;0.088548352;0.047157248;0.039314431999999996;0.040859648;0.02468352;0.01606656;0.010229760000000001;0.011855872;0.01290752;0.010360832;0.009986048;0.012030976;0.015312896000000001;0.011361280000000001;0.00862208;0.00454144;0.0036014080000000004;0.00489984;0.00571392;0.005941248;0.007533568;0.005147648;0.004457472;0.004404224;0.004524032;0.0032204799999999995;0.002650112;0.002801664;0.002980864;0.002052096;0.0016773119999999998;0.0014592000000000001;0.001374208;0.0013424640000000002;0.001031168;0.001276928;0.0014151679999999999;0.000979968;0.000745472;0.00088064;0.001021952;0.0009205759999999999;0.000734208;0.00070656;0.00052224;0.000539648;0.000580608;0.0005580800000000001;0.000388096;0.0003584;0.000262144;0.000325632;0.000352256;0.00027340799999999994;0.00039628799999999996;0.000482304;0.000360448;0.000218112;0.00023040000000000002
1787058000,hdr,0.0293;0.03906;0.04883;0.05859;0.06836;0.07813;0.08789;0.09766;0.10742;0.11719;0.12695;0.13672;0.14648;0.15625;0.16602;0.17578;0.18555;0.19531;0.20508;0.21484;0.22461;0.23438;0.24414;0.25391;0.26367;0.27344;0.2832;0.29297;0.30273;0.3125;0.32227;0.33203;0.3418;0.35156;0.36133;0.37109;0.38086;0.39063;0.40039;0.41016;0.41992;0.42969;0.43945;0.44922;0.45898;0.46875;0.47852;0.48828;0.49805;0.50781;0.51758;0.52734;0.53711;0.54688;0.55664;0.56641;0.57617;0.58594;0.5957;0.60547;0.61523;0.625;0.63477;0.64453;0.6543;0.66406;0.67383;0.68359;0.69336;0.70313;0.71289;0.72266;0.73242;0.74219;0.75195;0.76172;0.77148;0.78125;0.79102,0.00070656;0.002363392;0.005517312000000001;0.005133312;0.013756415999999999;0.023003136000000004;0.020775936000000002;0.021397504;0.017191935999999998;0.018546688;0.016086016;0.013062144;0.008601600000000001;0.007375872;0.005126144;0.010043392000000002;0.014340096000000002;0.029022207999999997;0.064495616;0.096310272;0.08209715199999999;0.043288576;0.037101568;0.032462848;0.023985152;0.020195328000000002;0.013719552;0.012816384;0.013184;0.012776448000000001;0.009800704;0.009091072;0.0074803199999999995;0.007963648;0.006501376;0.006248447999999999;0.003598336;0.002576384;0.0024002560000000004;0.0027740160000000002;0.0037191679999999997;0.00245248;0.001466368;0.002171904;0.0030126080000000004;0.002642944;0.001934336;0.001074176;0.001293312;0.001558528;0.001345536;0.001110016;0.0012113920000000002;0.0012687360000000001;0.00118272;0.00124928;0.001359872;0.001073152;0.0007372800000000001;0.0006840319999999999;0.0010598399999999998;0.00119808;0.00085504;0.00044646400000000004;0.000567296;0.000566272;0.00036966399999999996;0.000351232;0.000352256;0.000372736;0.00027340799999999994;0.000314368;0.000325632;0.000356352;0.000458752;0.000349184;0.00046489599999999996;0.000456704;0.00030105599999999996
1787058900,hdr,0.0293;0.03906;0.04883;0.05859;0.06836;0.07813;0.08789;0.09766;0.10742;0.11719;0.12695;0.13672;0.14648;0.15625;0.16602;0.17578;0.18555;0.19531;0.20508;0.21484;0.22461;0.23438;0.24414;0.25391;0.26367;0.27344;0.2832;0.29297;0.30273;0.3125;0.32227;0.33203;0.3418;0.35156;0.36133;0.37109;0.38086;0.39063;0.40039;0.41016;0.41992;0.42969;0.43945;0.44922;0.45898;0.46875;0.47852;0.48828;0.49805;0.50781;0.51758;0.52734;0.53711;0.54688;0.55664;0.56641;0.57617;0.58594;0.5957;0.60547;0.61523;0.625;0.63477;0.64453;0.6543;0.66406;0.67383;0.68359;0.69336;0.70313;0.71289;0.72266;0.73242;0.74219;0.75195;0.76172;0.77148;0.78125;0.79102,0.000526336;0.000329728;0.0031569919999999995;0.002043904;0.017409024;0.014571520000000001;0.008250368000000001;0.013254656;0.01734656;0.018189312000000003;0.013401088;0.008834047999999999;0.004402176;0.003326976;0.0070891520000000005;0.005305344;0.011360255999999999;0.02161664;0.037134336;0.050174976;0.076061696;0.054585343999999994;0.033276928;0.02427392;0.025537536;0.020222976;0.012670975999999999;0.008840192;0.007719935999999999;0.00708608;0.007276544000000001;0.008601600000000001;0.008485887999999999;0.006158336;0.005654528000000001;0.00300032;0.003405824;0.003535872;0.003149824;0.0031733760000000003;0.00361984;0.0024719359999999997;0.00311808;0.0029470720000000002;0.0022374400000000003;0.001800192;0.00187904;0.001430528;0.00221184;0.0018800639999999999;0.001496064;0.001327104;0.0017152;0.001557504;0.001277952;0.001308672;0.001519616;0.00122368;0.001656832;0.001472512;0.000580608;0.000652288;0.000613376;0.00040960000000000004;0.00047923199999999995;0.000536576;0.00036249599999999997;0.00038912;0.00070656;0.0007843840000000001;0.000356352;0.000379904;0.0004915200000000001;0.000344064;0.000257024;0.000329728;0.000421888;0.00036147200000000005;0.00026623999999999994
1787059800,hdr,0.0293;0.03906;0.04883;0.05859;0.06836;0.07813;0.08789;0.09766;0.10742;0.11719;0.12695;0.13672;0.14648;0.15625;0.16602;0.17578;0.18555;0.19531;0.20508;0.21484;0.22461;0.23438;0.24414;0.25391;0.26367;0.27344;0.2832;0.29297;0.30273;0.3125;0.32227;0.33203;0.3418;0.35156;0.36133;0.37109;0.38086;0.39063;0.40039;0.41016;0.41992;0.42969;0.43945;0.44922;0.45898;0.46875;0.47852;0.48828;0.49805;0.50781;0.51758;0.52734;0.53711;0.54688;0.55664;0.56641;0.57617;0.58594;0.5957;0.60547;0.61523;0.625;0.63477;0.64453;0.6543;0.66406;0.67383;0.68359;0.69336;0.70313;0.71289;0.72266;0.73242;0.74219;0.75195;0.76172;0.77148;0.78125;0.79102,0.00108544;0.00544768;0.005298175999999999;0.004211712;0.013332479999999999;0.014002176000000002;0.017425408;0.015305728000000001;0.013574144;0.017013760000000003;0.016253952000000002;0.014846976000000001;0.011066368;0.003961856000000001;0.00441856;0.006439936;0.014903295999999998;0.022665216000000002;0.052594687999999994;0.100314112;0.068132864;0.037148672;0.027703296000000002;0.026985472;0.022522880000000002;0.011406336;0.017316863999999998;0.016717824;0.008677376;0.011611136000000001;0.010067968;0.0078336;0.005374976000000001;0.004978688;0.003745792;0.0024330239999999998;0.003103744;0.00479232;0.005310464;0.0034949119999999998;0.00281088;0.002724864;0.0026245120000000003;0.003591168;0.002466816;0.002105344;0.001352704;0.001296384;0.0010721279999999999;0.0009584639999999999;0.000626688;0.000700416;0.000910336;0.0012369920000000001;0.0012154879999999998;0.001388544;0.0007772160000000001;0.000531456;0.000661504;0.000861184;0.00067584;0.00044339199999999997;0.000503808;0.000502784;0.000536576;0.00052736;0.000635904;0.00039219200000000003;0.00029798400000000005;0.00021401600000000003;0.00017715200000000003;0.00028671999999999997;0.000350208;0.00028671999999999997;0.00027340799999999994;0.000246784;0.000268288;0.00029183999999999997;0.000393216
1787060700,hdr,0.0293;0.03906;0.04883;0.05859;0.06836;0.07813;0.08789;0.09766;0.10742;0.11719;0.12695;0.13672;0.14648;0.15625;0.16602;0.17578;0.18555;0.19531;0.20508;0.21484;0.22461;0.23438;0.24414;0.25391;0.26367;0.27344;0.2832;0.29297;0.30273;0.3125;0.32227;0.33203;0.3418;0.35156;0.36133;0.37109;0.38086;0.39063;0.40039;0.41016;0.41992;0.42969;0.43945;0.44922;0.45898;0.46875;0.47852;0.48828;0.49805;0.50781;0.51758;0.52734;0.53711;0.54688;0.55664;0.56641;0.57617;0.58594;0.5957;0.60547;0.61523;0.625;0.63477;0.64453;0.6543;0.66406;0.67383;0.68359;0.69336;0.70313;0.71289;0.72266;0.73242;0.74219;0.75195;0.76172;0.77148;0.78125;0.79102,0.000582656;0.0036884480000000004;0.008138752;0.002260992;0.007059456;0.015895552;0.014443519999999998;0.014394368000000001;0.017747968;0.020636672000000002;0.013520896000000001;0.013716480000000001;0.007324672;0.004754432;0.0054138879999999995;0.008717312;0.013211648000000001;0.024337407999999998;0.029545472000000003;0.042915840000000004;0.060504063999999996;0.081441792;0.048201728000000006;0.024583168000000002;0.024528896;0.022057984;0.022651903999999997;0.015198208;0.008791040000000002;0.008166399999999999;0.0055982079999999995;0.003938304;0.006124544;0.004032511999999999;0.0048312319999999995;0.004000768;0.004605952;0.005997568;0.005272576;0.004063232;0.00275456;0.002164736;0.001782784;0.000987136;0.001512448;0.001532928;0.001798144;0.001309696;0.0011694079999999998;0.0015103999999999999;0.0011673599999999999;0.00123904;0.001296384;0.000945152;0.0008345599999999999;0.000592896;0.000652288;0.0007116799999999999;0.000676864;0.0005724160000000001;0.000427008;0.000395264;0.00033689599999999994;0.00037785600000000004;0.000277504;0.000388096;0.000459776;0.000484352;0.00036147200000000005;0.000347136;0.000226304;0.00020172799999999998;0.000314368;0.000352256;0.000248832;0.000268288;0.00030617599999999996;0.000323584;0.00040345599999999995
1787061600,hdr,0.0293;0.03906;0.04883;0.05859;0.06836;0.07813;0.08789;0.09766;0.10742;0.11719;0.12695;0.13672;0.14648;0.15625;0.16602;0.17578;0.18555;0.19531;0.20508;0.21484;0.22461;0.23438;0.24414;0.25391;0.26367;0.27344;0.2832;0.29297;0.30273;0.3125;0.32227;0.33203;0.3418;0.35156;0.36133;0.37109;0.38086;0.39063;0.40039;0.41016;0.41992;0.42969;0.43945;0.44922;0.45898;0.46875;0.47852;0.48828;0.49805;0.50781;0.51758;0.52734;0.53711;0.54688;0.55664;0.56641;0.57617;0.58594;0.5957;0.60547;0.61523;0.625;0.63477;0.64453;0.6543;0.66406;0.67383;0.68359;0.69336;0.70313;0.71289;0.72266;0.73242;0.74219;0.75195;0.76172;0.77148;0.78125;0.79102,0.00036454399999999996;0.002625536;0.0046817280000000005;0.004429824;0.015608832;0.014880768;0.006468607999999999;0.011639808000000001;0.011970560000000002;0.013159424;0.01399296;0.011088896;0.00823808;0.007970816;0.0069847039999999996;0.006176768;0.01028096;0.0370944;0.063248384;0.062661632;0.05552128;0.044722176;0.031203328;0.021438464;0.01734656;0.023288832;0.021562368;0.012494848;0.00925184;0.007011328;0.005968896;0.005272576;0.003785728;0.004009984;0.004635648;0.004893696;0.003432448;0.0033720319999999996;0.002458624;0.001963008;0.001956864;0.001968128;0.002453504;0.0027095039999999997;0.002066432;0.001610752;0.0015851519999999998;0.0016445440000000002;0.0021452800000000003;0.0015165439999999999;0.00178176;0.001312768;0.0011233280000000003;0.001156096;0.000887808;0.0011714560000000002;0.0012165119999999999;0.0009727999999999999;0.0005621760000000001;0.0005744639999999999;0.0006789119999999999;0.000730112;0.0006144;0.000313344;0.000308224;0.0005601279999999999;0.0006225919999999999;0.000406528;0.00039936;0.00033689599999999994;0.000325632;0.00029183999999999997;0.000272384;0.000274432;0.000249856;0.000200704;0.00024371200000000001;0.00023244799999999998;0.000160768
1787062500,hdr,0.0293;0.03906;0.04883;0.05859;0.06836;0.07813;0.08789;0.09766;0.10742;0.11719;0.12695;0.13672;0.14648;0.15625;0.16602;0.17578;0.18555;0.19531;0.20508;0.21484;0.22461;0.23438;0.24414;0.25391;0.26367;0.27344;0.2832;0.29297;0.30273;0.3125;0.32227;0.33203;0.3418;0.35156;0.36133;0.37109;0.38086;0.39063;0.40039;0.41016;0.41992;0.42969;0.43945;0.44922;0.45898;0.46875;0.47852;0.48828;0.49805;0.50781;0.51758;0.52734;0.53711;0.54688;0.55664;0.56641;0.57617;0.58594;0.5957;0.60547;0.61523;0.625;0.63477;0.64453;0.6543;0.66406;0.67383;0.68359;0.69336;0.70313;0.71289;0.72266;0.73242;0.74219;0.75195;0.76172;0.77148;0.78125;0.79102,0.001604608;0.006250496;0.00633856;0.005653504;0.013174784000000002;0.016705536;0.0145152;0.020903936;0.021518336000000002;0.016141312;0.017551360000000002;0.012756992;0.009397248;0.0057896959999999996;0.005777408;0.00613888;0.00653824;0.016495615999999998;0.038152192;0.042957824;0.044132352;0.06710272;0.050880512;0.036253695999999995;0.021994496000000002;0.02163712;0.021285888;0.01248768;0.010263552000000002;0.0073932799999999995;0.009686016;0.007406592;0.008311807999999999;0.005701632;0.0034263040000000002;0.004263936;0.003050496;0.0028876799999999997;0.0025856;0.003562496;0.002276352;0.0017408;0.0017489920000000002;0.001901568;0.002044928;0.001591296;0.001362944;0.0015513600000000001;0.001619968;0.001302528;0.001086464;0.001193984;0.001152;0.001092608;0.0005601279999999999;0.00048127999999999995;0.00067584;0.0008704;0.0005867520000000001;0.000628736;0.000449536;0.000352256;0.00044339199999999997;0.00046080000000000003;0.0005836799999999999;0.0006184960000000001;0.00040243200000000004;0.000499712;0.0006123519999999999;0.000497664;0.00041676800000000003;0.00043827199999999997;0.000461824;0.00035942400000000006;0.000249856;0.00021401600000000003;0.00039219200000000003;0.000421888;0.00040960000000000004
1787063400,hdr,0.0293;0.03906;0.04883;0.05859;0.06836;0.07813;0.08789;0.09766;0.10742;0.11719;0.12695;0.13672;0.14648;0.15625;0.16602;0.17578;0.18555;0.19531;0.20508;0.21484;0.22461;0.23438;0.24414;0.25391;0.26367;0.27344;0.2832;0.29297;0.30273;0.3125;0.32227;0.33203;0.3418;0.35156;0.36133;0.37109;0.38086;0.39063;0.40039;0.41016;0.41992;0.42969;0.43945;0.44922;0.45898;0.46875;0.47852;0.48828;0.49805;0.50781;0.51758;0.52734;0.53711;0.54688;0.55664;0.56641;0.57617;0.58594;0.5957;0.60547;0.61523;0.625;0.63477;0.64453;0.6543;0.66406;0.67383;0.68359;0.69336;0.70313;0.71289;0.72266;0.73242;0.74219;0.75195;0.76172;0.77148;0.78125;0.79102,0.0051148800000000005;0.009049088;0.009964544;0.0058839040000000006;0.010443776;0.017167359999999996;0.020332543999999998;0.017097728;0.01781248;0.022785024;0.025526271999999996;0.015947776;0.007873536;0.0069632;0.009833472;0.00885248;0.012009472;0.012634112;0.03379712;0.055912448;0.049396736;0.061073408;0.035520512;0.028716032;0.022811648;0.017386496;0.012290048000000001;0.006731776;0.008283136;0.010458111999999999;0.01009664;0.009061375999999998;0.007324672;0.0057200639999999995;0.008367104;0.008822784;0.008055808000000001;0.0054784;0.004517888;0.003510272;0.0032389119999999996;0.00195584;0.000893952;0.001282048;0.0019968;0.00160256;0.001435648;0.0016179200000000001;0.0013824;0.001069056;0.002000896;0.0015226880000000001;0.0011417600000000001;0.001048576;0.000743424;0.0006123519999999999;0.000631808;0.000654336;0.000658432;0.000662528;0.0006123519999999999;0.0005888;0.000658432;0.000754688;0.0005867520000000001;0.000452608;0.00050688;0.0005089280000000001;0.000461824;0.00034099200000000003;0.00028774400000000004;0.00028671999999999997;0.000282624;0.000249856;0.00025497599999999997;0.00023859199999999998;0.000196608;0.000190464;0.00022323200000000002
1787064300,hdr,0.0293;0.03906;0.04883;0.05859;0.06836;0.07813;0.08789;0.09766;0.10742;0.11719;0.12695;0.13672;0.14648;0.15625;0.16602;0.17578;0.18555;0.19531;0.20508;0.21484;0.22461;0.23438;0.24414;0.25391;0.26367;0.27344;0.2832;0.29297;0.30273;0.3125;0.32227;0.33203;0.3418;0.35156;0.36133;0.37109;0.38086;0.39063;0.40039;0.41016;0.41992;0.42969;0.43945;0.44922;0.45898;0.46875;0.47852;0.48828;0.49805;0.50781;0.51758;0.52734;0.53711;0.54688;0.55664;0.56641;0.57617;0.58594;0.5957;0.60547;0.61523;0.625;0.63477;0.64453;0.6543;0.66406;0.67383;0.68359;0.69336;0.70313;0.71289;0.72266;0.73242;0.74219;0.75195;0.76172;0.77148;0.78125;0.79102,0.005895167999999999;0.012553216;0.009540608;0.0047104;0.01237504;0.014765055999999999;0.00997376;0.011568128;0.015179775999999999;0.017997824;0.02510848;0.018811903999999997;0.013024256;0.007547903999999999;0.003612672;0.0062627839999999995;0.014488576000000001;0.027825152;0.046840832;0.052084736;0.05404672;0.038094848;0.030757888000000004;0.03334758399999999;0.018981888000000002;0.020867072;0.015183872;0.012824576;0.00843776;0.013829119999999999;0.015835136;0.011513856;0.007088128000000001;0.0056801279999999996;0.003831808;0.00318464;0.004390912;0.0031969280000000004;0.00361984;0.004092928;0.002245632;0.0028487680000000002;0.003360768;0.003265536;0.00270848;0.002219008;0.0014028799999999998;0.0009830400000000001;0.001125376;0.001267712;0.00119296;0.0012113920000000002;0.001153024;0.001002496;0.000894976;0.000753664;0.001006592;0.0012154879999999998;0.001096704;0.000910336;0.0005816320000000001;0.00041984;0.0005683200000000001;0.000516096;0.000420864;0.0005642239999999999;0.000529408;0.0005416959999999999;0.0005683200000000001;0.0005324799999999999;0.0006092800000000001;0.00047001599999999997;0.00031232;0.000379904;0.00047616000000000005;0.000258048;0.000246784;0.000395264;0.000345088
1787065200,hdr,0.0293;0.03906;0.04883;0.05859;0.06836;0.07813;0.08789;0.09766;0.10742;0.11719;0.12695;0.13672;0.14648;0.15625;0.16602;0.17578;0.18555;0.19531;0.20508;0.21484;0.22461;0.23438;0.24414;0.25391;0.26367;0.27344;0.2832;0.29297;0.30273;0.3125;0.32227;0.33203;0.3418;0.35156;0.36133;0.37109;0.38086;0.39063;0.40039;0.41016;0.41992;0.42969;0.43945;0.44922;0.45898;0.46875;0.47852;0.48828;0.49805;0.50781;0.51758;0.52734;0.53711;0.54688;0.55664;0.56641;0.57617;0.58594;0.5957;0.60547;0.61523;0.625;0.63477;0.64453;0.6543;0.66406;0.67383;0.68359;0.69336;0.70313;0.71289;0.72266;0.73242;0.74219;0.75195;0.76172;0.77148;0.78125;0.79102,0.0011509760000000002;0.002228224;0.004421632;0.007334912;0.029559808;0.0317696;0.01424384;0.014903295999999998;0.012544;0.017878016;0.031184895999999997;0.012120063999999998;0.00752128;0.010614784;0.009516031999999999;0.009554944000000001;0.017141760000000002;0.036841472;0.05542912;0.055275519999999995;0.058295296;0.039542784;0.039810048;0.031745024000000004;0.018994175999999998;0.017850368;0.016425984;0.010461184;0.010566656;0.011043840000000001;0.01033728;0.008812544000000002;0.005865472;0.003274752;0.004524032;0.003957759999999999;0.002793472;0.003390464;0.003511296;0.00297472;0.0030986240000000003;0.002386944;0.002865152;0.0021288960000000003;0.00178688;0.001882112;0.001902592;0.002045952;0.0013035520000000001;0.0009256959999999999;0.00119808;0.001330176;0.0009461760000000001;0.0007423999999999999;0.000745472;0.000812032;0.000867328;0.000932864;0.0006656;0.000539648;0.0005857280000000001;0.0008048640000000001;0.000676864;0.000531456;0.000483328;0.0005713920000000001;0.000524288;0.00038912;0.00042291200000000006;0.00031129599999999997;0.000356352;0.000251904;0.00030924800000000003;0.000344064;0.000357376;0.00025088;0.00012390399999999998;0.000195584;0.00025497599999999997
1787066100,hdr,0.0293;0.03906;0.04883;0.05859;0.06836;0.07813;0.08789;0.09766;0.10742;0.11719;0.12695;0.13672;0.14648;0.15625;0.16602;0.17578;0.18555;0.19531;0.20508;0.21484;0.22461;0.23438;0.24414;0.25391;0.26367;0.27344;0.2832;0.29297;0.30273;0.3125;0.32227;0.33203;0.3418;0.35156;0.36133;0.37109;0.38086;0.39063;0.40039;0.41016;0.41992;0.42969;0.43945;0.44922;0.45898;0.46875;0.47852;0.48828;0.49805;0.50781;0.51758;0.52734;0.53711;0.54688;0.55664;0.56641;0.57617;0.58594;0.5957;0.60547;0.61523;0.625;0.63477;0.64453;0.6543;0.66406;0.67383;0.68359;0.69336;0.70313;0.71289;0.72266;0.73242;0.74219;0.75195;0.76172;0.77148;0.78125;0.79102,0.0007976959999999999;0.00231424;0.002548736;0.001758208;0.0062679039999999995;0.014676992;0.019972096;0.010867712;0.014442496;0.030058496000000004;0.03043328;0.015536128000000001;0.011409408000000001;0.007083008000000001;0.005256192;0.007996416000000001;0.018066432;0.035311616000000004;0.071989248;0.075616256;0.071369728;0.06236672;0.041073664;0.026551296000000002;0.015819776;0.017429504000000002;0.01723904;0.013784064;0.01123328;0.012604416;0.011424768;0.01111552;0.00768;0.00387072;0.00610816;0.005933056;0.004463616;0.003923968;0.00246272;0.002009088;0.002466816;0.002650112;0.001973248;0.0029573119999999997;0.002760704;0.001831936;0.0010127360000000002;0.0011468799999999999;0.001206272;0.0023347199999999998;0.002352128;0.0017663999999999998;0.001498112;0.001441792;0.001401856;0.0013701120000000002;0.001410048;0.0015892480000000001;0.001439744;0.0011243520000000001;0.000979968;0.0006952960000000001;0.0010291200000000001;0.000758784;0.000633856;0.000526336;0.000357376;0.0005877759999999999;0.000502784;0.000382976;0.000448512;0.00021913599999999998;0.00039731200000000003;0.000535552;0.00036147200000000005;0.000335872;0.00042291200000000006;0.00032768;0.00029286400000000005
1787067000,hdr,0.0293;0.03906;0.04883;0.05859;0.06836;0.07813;0.08789;0.09766;0.10742;0.11719;0.12695;0.13672;0.14648;0.15625;0.16602;0.17578;0.18555;0.19531;0.20508;0.21484;0.22461;0.23438;0.24414;0.25391;0.26367;0.27344;0.2832;0.29297;0.30273;0.3125;0.32227;0.33203;0.3418;0.35156;0.36133;0.37109;0.38086;0.39063;0.40039;0.41016;0.41992;0.42969;0.43945;0.44922;0.45898;0.46875;0.47852;0.48828;0.49805;0.50781;0.51758;0.52734;0.53711;0.54688;0.55664;0.56641;0.57617;0.58594;0.5957;0.60547;0.61523;0.625;0.63477;0.64453;0.6543;0.66406;0.67383;0.68359;0.69336;0.70313;0.71289;0.72266;0.73242;0.74219;0.75195;0.76172;0.77148;0.78125;0.79102,0.000623616;0.0016220159999999998;0.0026490879999999995;0.00435712;0.02066432;0.019181568;0.021762048;0.013665279999999998;0.012342272;0.021719040000000002;0.024254464;0.022208512;0.011825152;0.006230016;0.005972991999999999;0.008441856;0.015252479999999999;0.026906624;0.061774848;0.058930176;0.050399231999999995;0.037472256;0.03674112;0.037908479999999994;0.033460224;0.02759168;0.016609279999999997;0.0129024;0.016461824;0.014404608000000001;0.010283008;0.010059776;0.010443776;0.009219072;0.008517632;0.00523264;0.003946496;0.00334848;0.003856384;0.005116928;0.0051025919999999995;0.00508928;0.0032849919999999996;0.003803136;0.0042936319999999995;0.002700288;0.001558528;0.002221056;0.0018411519999999998;0.0011448320000000001;0.0013322240000000001;0.0011755519999999998;0.001261568;0.001380352;0.001267712;0.00104448;0.0008519679999999999;0.0007075839999999999;0.000628736;0.0006154239999999999;0.0007833599999999999;0.000751616;0.000756736;0.0008089600000000001;0.00077312;0.000651264;0.00045568;0.00034816000000000003;0.00028569600000000005;0.000520192;0.000533504;0.000490496;0.000386048;0.000381952;0.000278528;0.000278528;0.000371712;0.00027136;0.000196608
1787067900,hdr,0.0293;0.03906;0.04883;0.05859;0.06836;0.07813;0.08789;0.09766;0.10742;0.11719;0.12695;0.13672;0.14648;0.15625;0.16602;0.17578;0.18555;0.19531;0.20508;0.21484;0.22461;0.23438;0.24414;0.25391;0.26367;0.27344;0.2832;0.29297;0.30273;0.3125;0.32227;0.33203;0.3418;0.35156;0.36133;0.37109;0.38086;0.39063;0.40039;0.41016;0.41992;0.42969;0.43945;0.44922;0.45898;0.46875;0.47852;0.48828;0.49805;0.50781;0.51758;0.52734;0.53711;0.54688;0.55664;0.56641;0.57617;0.58594;0.5957;0.60547;0.61523;0.625;0.63477;0.64453;0.6543;0.66406;0.67383;0.68359;0.69336;0.70313;0.71289;0.72266;0.73242;0.74219;0.75195;0.76172;0.77148;0.78125;0.79102,0.000949248;0.001074176;0.00116224;0.00244736;0.014091264000000001;0.020036608;0.023309312;0.02963968;0.019381248;0.017769472;0.013615104000000001;0.010508288000000001;0.008462336;0.01244672;0.009916415999999999;0.004854784000000001;0.009651199999999999;0.03544576;0.0406016;0.043773952000000005;0.07138611199999999;0.056489984;0.038936576;0.039764992;0.015556608;0.034506752;0.024620032;0.011283456;0.012749824;0.01163776;0.006209536;0.006653952;0.009726976;0.007359487999999999;0.004862976;0.003923968;0.0032020480000000003;0.004887552000000001;0.004185088000000001;0.005083135999999999;0.005181440000000001;0.004343808;0.003369984;0.0032757759999999998;0.002907136;0.0018411519999999998;0.001855488;0.003119104;0.002531328;0.002364416;0.00169984;0.001581056;0.002028544;0.001529856;0.0014745600000000002;0.001744896;0.0015431680000000001;0.001073152;0.001069056;0.001088512;0.001006592;0.0007393279999999999;0.00068608;0.00046592000000000004;0.0004352;0.000785408;0.000702464;0.00047001599999999997;0.00040448000000000003;0.00048025600000000003;0.00052736;0.00039936;0.000406528;0.000529408;0.00043827199999999997;0.00039628799999999996;0.00035532799999999997;0.000278528;0.00019968
1787068800,hdr,0.0293;0.03906;0.04883;0.05859;0.06836;0.07813;0.08789;0.09766;0.10742;0.11719;0.12695;0.13672;0.14648;0.15625;0.16602;0.17578;0.18555;0.19531;0.20508;0.21484;0.22461;0.23438;0.24414;0.25391;0.26367;0.27344;0.2832;0.29297;0.30273;0.3125;0.32227;0.33203;0.3418;0.35156;0.36133;0.37109;0.38086;0.39063;0.40039;0.41016;0.41992;0.42969;0.43945;0.44922;0.45898;0.46875;0.47852;0.48828;0.49805;0.50781;0.51758;0.52734;0.53711;0.54688;0.55664;0.56641;0.57617;0.58594;0.5957;0.60547;0.61523;0.625;0.63477;0.64453;0.6543;0.66406;0.67383;0.68359;0.69336;0.70313;0.71289;0.72266;0.73242;0.74219;0.75195;0.76172;0.77148;0.78125;0.79102,0.000955392;0.0022026240000000002;0.0020981759999999998;0.002352128;0.017304576000000002;0.03263590399999999;0.020127744;0.024645631999999997;0.018981888000000002;0.011643903999999998;0.012052479999999999;0.017491968;0.02288128;0.013208576000000001;0.007109632;0.007830528;0.010181632;0.017816576;0.059390976000000005;0.117951488;0.093295616;0.05013503999999999;0.047570944;0.028699648;0.027962368;0.028168192;0.025723904000000002;0.020310016;0.012090368;0.006912;0.00910848;0.012085248;0.006221824;0.0069222400000000005;0.0053411840000000006;0.0048209920000000005;0.004465664;0.004009984;0.003900416;0.002962432;0.003786752;0.003654656;0.004785152;0.004381696;0.004931584;0.003023872;0.00218112;0.002300928;0.002477056;0.002199552;0.0019251199999999998;0.001462272;0.0017479680000000001;0.0013608960000000001;0.00195072;0.002199552;0.001348608;0.00137728;0.001624064;0.001734656;0.000995328;0.0009984;0.0010516479999999999;0.0007219199999999999;0.0005560319999999999;0.000611328;0.000411648;0.0005632;0.000651264;0.000553984;0.000503808;0.00046489599999999996;0.0007772160000000001;0.0005560319999999999;0.000545792;0.000376832;0.000351232;0.00033689599999999994;0.00031129599999999997
1787069700,hdr,0.0293;0.03906;0.04883;0.05859;0.06836;0.07813;0.08789;0.09766;0.10742;0.11719;0.12695;0.13672;0.14648;0.15625;0.16602;0.17578;0.18555;0.19531;0.20508;0.21484;0.22461;0.23438;0.24414;0.25391;0.26367;0.27344;0.2832;0.29297;0.30273;0.3125;0.32227;0.33203;0.3418;0.35156;0.36133;0.37109;0.38086;0.39063;0.40039;0.41016;0.41992;0.42969;0.43945;0.44922;0.45898;0.46875;0.47852;0.48828;0.49805;0.50781;0.51758;0.52734;0.53711;0.54688;0.55664;0.56641;0.57617;0.58594;0.5957;0.60547;0.61523;0.625;0.63477;0.64453;0.6543;0.66406;0.67383;0.68359;0.69336;0.70313;0.71289;0.72266;0.73242;0.74219;0.75195;0.76172;0.77148;0.78125;0.79102,3.0720000000000004e-05;0.000140288;0.001563648;0.00643584;0.021182464;0.020923392;0.026464256;0.031950848000000004;0.013332479999999999;0.017530880000000002;0.027893760000000004;0.022151168;0.026989568;0.014550015999999999;0.006866944000000001;0.0033740800000000002;0.010377216;0.029398016;0.06159769599999999;0.077989888;0.10148352000000001;0.09015910399999999;0.038309888;0.037554176;0.041808896;0.023257088;0.025490431999999997;0.0219136;0.018000896000000002;0.016173055999999998;0.012742656000000002;0.008992768;0.011425791999999999;0.014879744;0.012374016;0.00993792;0.013852672;0.011232256;0.005778432;0.004775936;0.0034048;0.00374784;0.002977792;0.002610176;0.00226304;0.0023807999999999998;0.00258048;0.0020951040000000004;0.002244608;0.0027811840000000003;0.0028846080000000003;0.001932288;0.0010127360000000002;0.00141824;0.001281024;0.000758784;0.001055744;0.00116224;0.001292288;0.001412096;0.000879616;0.001065984;0.000823296;0.000545792;0.0007290879999999999;0.00077824;0.000623616;0.000590848;0.00049664;0.000648192;0.00044339199999999997;0.000319488;0.000449536;0.000457728;0.00040243200000000004;0.000453632;0.00052224;0.000515072;0.000279552
1787070600,hdr,0.0293;0.03906;0.04883;0.05859;0.06836;0.07813;0.08789;0.09766;0.10742;0.11719;0.12695;0.13672;0.14648;0.15625;0.16602;0.17578;0.18555;0.19531;0.20508;0.21484;0.22461;0.23438;0.24414;0.25391;0.26367;0.27344;0.2832;0.29297;0.30273;0.3125;0.32227;0.33203;0.3418;0.35156;0.36133;0.37109;0.38086;0.39063;0.40039;0.41016;0.41992;0.42969;0.43945;0.44922;0.45898;0.46875;0.47852;0.48828;0.49805;0.50781;0.51758;0.52734;0.53711;0.54688;0.55664;0.56641;0.57617;0.58594;0.5957;0.60547;0.61523;0.625;0.63477;0.64453;0.6543;0.66406;0.67383;0.68359;0.69336;0.70313;0.71289;0.72266;0.73242;0.74219;0.75195;0.76172;0.77148;0.78125;0.79102,9.4208e-05;0.00029593599999999995;0.001195008;0.00165376;0.014443519999999998;0.015003648;0.019431424;0.024449024;0.024588287999999996;0.019446783999999998;0.018158591999999998;0.025270271999999996;0.023276544000000003;0.013970432000000001;0.011061248000000001;0.00484352;0.010755072000000001;0.018092032;0.03407871999999999;0.05601792;0.102059008;0.07895142399999999;0.056448;0.032087040000000004;0.025259008000000003;0.020050944;0.01936384;0.015414272000000001;0.010755072000000001;0.011460608;0.014131199999999998;0.007452672;0.006119424;0.005569536;0.0059340799999999996;0.006163456;0.00831488;0.0052142080000000006;0.005665791999999999;0.004932608;0.007950336;0.014323711999999999;0.00816128;0.00364544;0.0030412800000000004;0.0024504320000000002;0.003622912;0.0029265919999999996;0.002403328;0.0018974719999999999;0.0021411840000000004;0.0019394560000000002;0.0028897280000000003;0.0023203839999999996;0.0023470080000000003;0.002026496;0.001429504;0.0017121280000000003;0.001409024;0.001038336;0.000800768;0.001078272;0.001225728;0.000867328;0.000534528;0.0008366080000000001;0.000900096;0.000576512;0.000621568;0.000605184;0.000468992;0.000420864;0.000441344;0.000534528;0.000423936;0.00019456;0.00030412799999999997;0.000244736;0.00037478399999999997
1787071500,hdr,0.0293;0.03906;0.04883;0.05859;0.06836;0.07813;0.08789;0.09766;0.10742;0.11719;0.12695;0.13672;0.14648;0.15625;0.16602;0.17578;0.18555;0.19531;0.20508;0.21484;0.22461;0.23438;0.24414;0.25391;0.26367;0.27344;0.2832;0.29297;0.30273;0.3125;0.32227;0.33203;0.3418;0.35156;0.36133;0.37109;0.38086;0.39063;0.40039;0.41016;0.41992;0.42969;0.43945;0.44922;0.45898;0.46875;0.47852;0.48828;0.49805;0.50781;0.51758;0.52734;0.53711;0.54688;0.55664;0.56641;0.57617;0.58594;0.5957;0.60547;0.61523;0.625;0.63477;0.64453;0.6543;0.66406;0.67383;0.68359;0.69336;0.70313;0.71289;0.72266;0.73242;0.74219;0.75195;0.76172;0.77148;0.78125;0.79102,0.000186368;0.0005888;0.00160768;0.0042086400000000005;0.010500095999999999;0.011639808000000001;0.024912896;0.054161408;0.04701184;0.037527552000000006;0.042783744;0.02932736;0.023743487999999997;0.013114368000000001;0.010626048;0.014317568;0.008040447999999999;0.026385408000000003;0.062106624;0.09364684800000002;0.101762048;0.072582144;0.051094528;0.040921087999999994;0.018915328;0.02266112;0.023225344000000002;0.017999872;0.015588352000000001;0.015729663999999997;0.010260479999999999;0.009312256;0.009455616;0.008029184000000002;0.007081984;0.009679871999999999;0.006687744000000001;0.0055080960000000005;0.00388096;0.003163136;0.002806784;0.004754432;0.004877312;0.003597312;0.0028272640000000003;0.00297472;0.0032583679999999998;0.002331648;0.001096704;0.000641024;0.001257472;0.001580032;0.001139712;0.001467392;0.001258496;0.0011417600000000001;0.001309696;0.001457152;0.001429504;0.001308672;0.001129472;0.000968704;0.00067072;0.000548864;0.000712704;0.000544768;0.000489472;0.0005304320000000001;0.0005847039999999999;0.000628736;0.000418816;0.000528384;0.000484352;0.00046796800000000003;0.00055296;0.000380928;0.00030924800000000003;0.00036249599999999997;0.00048025600000000003
1787072400,hdr,0.0293;0.03906;0.04883;0.05859;0.06836;0.07813;0.08789;0.09766;0.10742;0.11719;0.12695;0.13672;0.14648;0.15625;0.16602;0.17578;0.18555;0.19531;0.20508;0.21484;0.22461;0.23438;0.24414;0.25391;0.26367;0.27344;0.2832;0.29297;0.30273;0.3125;0.32227;0.33203;0.3418;0.35156;0.36133;0.37109;0.38086;0.39063;0.40039;0.41016;0.41992;0.42969;0.43945;0.44922;0.45898;0.46875;0.47852;0.48828;0.49805;0.50781;0.51758;0.52734;0.53711;0.54688;0.55664;0.56641;0.57617;0.58594;0.5957;0.60547;0.61523;0.625;0.63477;0.64453;0.6543;0.66406;0.67383;0.68359;0.69336;0.70313;0.71289;0.72266;0.73242;0.74219;0.75195;0.76172;0.77148;0.78125;0.79102,0.000253952;0.000813056;0.002475008;0.004512768;0.013656064;0.015843328;0.019254272;0.047963135999999996;0.073985024;0.044602367999999996;0.026958847999999997;0.021958656000000003;0.020524031999999998;0.029612032;0.020366336;0.00979456;0.010366975999999998;0.019179520000000002;0.044041216;0.067680256;0.06047232000000001;0.042590208;0.035644416;0.037377023999999995;0.040559616;0.035141632;0.027134976;0.013924352000000001;0.010241024;0.009901056;0.010368;0.00923648;0.003836928;0.006777856;0.008256512;0.0042536959999999995;0.004747264;0.004717568;0.00636416;0.004755456;0.00384512;0.003364864;0.002419712;0.00236032;0.002193408;0.0016404479999999999;0.002105344;0.0026705920000000003;0.0023439359999999996;0.0013824;0.0012646399999999998;0.00157184;0.001550336;0.0013004800000000001;0.001101824;0.000828416;0.0011417600000000001;0.000968704;0.0010373119999999999;0.001362944;0.001358848;0.00068608;0.000514048;0.000567296;0.000352256;0.000492544;0.0008192000000000001;0.0007168;0.0004884479999999999;0.000275456;0.00022323200000000002;0.00035328;0.000442368;0.00029081600000000006;0.000288768;0.000453632;0.000412672;0.0003328;0.000180224
1787073300,hdr,0.0293;0.03906;0.04883;0.05859;0.06836;0.07813;0.08789;0.09766;0.10742;0.11719;0.12695;0.13672;0.14648;0.15625;0.16602;0.17578;0.18555;0.19531;0.20508;0.21484;0.22461;0.23438;0.24414;0.25391;0.26367;0.27344;0.2832;0.29297;0.30273;0.3125;0.32227;0.33203;0.3418;0.35156;0.36133;0.37109;0.38086;0.39063;0.40039;0.41016;0.41992;0.42969;0.43945;0.44922;0.45898;0.46875;0.47852;0.48828;0.49805;0.50781;0.51758;0.52734;0.53711;0.54688;0.55664;0.56641;0.57617;0.58594;0.5957;0.60547;0.61523;0.625;0.63477;0.64453;0.6543;0.66406;0.67383;0.68359;0.69336;0.70313;0.71289;0.72266;0.73242;0.74219;0.75195;0.76172;0.77148;0.78125;0.79102,0.0018216959999999998;0.003442688;0.0034181119999999996;0.0028764159999999997;0.007103487999999999;0.012802047999999998;0.035382272;0.055564288;0.055909376000000004;0.039196672;0.028776447999999996;0.03520819199999999;0.035841024;0.020952064;0.014478336000000001;0.011912191999999999;0.011258879999999999;0.031066112;0.061045760000000004;0.083992576;0.084562944;0.090368;0.051518464;0.023824383999999997;0.027871232;0.021767168;0.013330432000000001;0.012873728;0.007374848;0.0090112;0.009582592000000001;0.009465856;0.005273600000000001;0.0046694399999999995;0.00327168;0.005154816;0.005266432;0.0033802240000000002;0.0033791999999999997;0.004286464;0.004608;0.004299776;0.003617792;0.00406528;0.003308544;0.003126272;0.002717696;0.002888704;0.003303424;0.002532352;0.001984512;0.00104448;0.0016250880000000002;0.0014192640000000002;0.001656832;0.001446912;0.001668096;0.0012308479999999999;0.001074176;0.001265664;0.000877568;0.00043724800000000005;0.00039628799999999996;0.000606208;0.000730112;0.0007106559999999999;0.0009318400000000001;0.000525312;0.000466944;0.00041676800000000003;0.000636928;0.000734208;0.0006041600000000001;0.00036147200000000005;0.000483328;0.0007464960000000001;0.0005406720000000001;0.000375808;0.0004884479999999999
1787074200,hdr,0.0293;0.03906;0.04883;0.05859;0.06836;0.07813;0.08789;0.09766;0.10742;0.11719;0.12695;0.13672;0.14648;0.15625;0.16602;0.17578;0.18555;0.19531;0.20508;0.21484;0.22461;0.23438;0.24414;0.25391;0.26367;0.27344;0.2832;0.29297;0.30273;0.3125;0.32227;0.33203;0.3418;0.35156;0.36133;0.37109;0.38086;0.39063;0.40039;0.41016;0.41992;0.42969;0.43945;0.44922;0.45898;0.46875;0.47852;0.48828;0.49805;0.50781;0.51758;0.52734;0.53711;0.54688;0.55664;0.56641;0.57617;0.58594;0.5957;0.60547;0.61523;0.625;0.63477;0.64453;0.6543;0.66406;0.67383;0.68359;0.69336;0.70313;0.71289;0.72266;0.73242;0.74219;0.75195;0.76172;0.77148;0.78125;0.79102,0.010901504;0.008315904;0.014743552;0.008119296;0.007205888;0.005830656;0.021325824;0.07583846400000001;0.08421683199999999;0.047727615999999994;0.032982016;0.03159552;0.017701888;0.028136448;0.014563328;0.008803328000000001;0.008640512;0.022396928;0.036478976;0.050413568;0.081465344;0.068081664;0.056236032;0.043842559999999996;0.016080895999999997;0.017104896;0.019666944;0.011276287999999999;0.012125184;0.013996031999999999;0.009137152;0.011493376;0.009068544;0.006396928;0.005332992;0.0032337920000000005;0.00290816;0.003510272;0.004329472;0.003065856;0.00300032;0.004383743999999999;0.0038871039999999997;0.004163584;0.004084736;0.00301568;0.0024145919999999997;0.0020357120000000003;0.001251328;0.001591296;0.0017459199999999998;0.001837056;0.001675264;0.001752064;0.001486848;0.0008929280000000001;0.001007616;0.001777664;0.001308672;0.001021952;0.0010475520000000002;0.0006840319999999999;0.000882688;0.0008519679999999999;0.0007280640000000001;0.000690176;0.000679936;0.000579584;0.000434176;0.000376832;0.000617472;0.00119296;0.001014784;0.000524288;0.0004915200000000001;0.000551936;0.00047923199999999995;0.00040550399999999994;0.00065536
1787075100,hdr,0.0293;0.03906;0.04883;0.05859;0.06836;0.07813;0.08789;0.09766;0.10742;0.11719;0.12695;0.13672;0.14648;0.15625;0.16602;0.17578;0.18555;0.19531;0.20508;0.21484;0.22461;0.23438;0.24414;0.25391;0.26367;0.27344;0.2832;0.29297;0.30273;0.3125;0.32227;0.33203;0.3418;0.35156;0.36133;0.37109;0.38086;0.39063;0.40039;0.41016;0.41992;0.42969;0.43945;0.44922;0.45898;0.46875;0.47852;0.48828;0.49805;0.50781;0.51758;0.52734;0.53711;0.54688;0.55664;0.56641;0.57617;0.58594;0.5957;0.60547;0.61523;0.625;0.63477;0.64453;0.6543;0.66406;0.67383;0.68359;0.69336;0.70313;0.71289;0.72266;0.73242;0.74219;0.75195;0.76172;0.77148;0.78125;0.79102,0.008347648;0.014787584000000001;0.014819328000000001;0.012230656;0.010104832000000001;0.014347263999999998;0.014899200000000001;0.068450304;0.132502528;0.103349248;0.045815808;0.032392192;0.024732672;0.021073920000000003;0.0184064;0.014963711999999999;0.007119872;0.013031424;0.045737983999999995;0.062568448;0.057079807999999996;0.06649344;0.05303808;0.028132352000000003;0.0278528;0.01647616;0.010328064;0.008609792000000002;0.007064576;0.007934976;0.011503616;0.009765888;0.010446848;0.008779776;0.006582272;0.006667264;0.004688896;0.004512768;0.003136512;0.00231424;0.002587648;0.0034580479999999996;0.0024576;0.001657856;0.002722816;0.002361344;0.002026496;0.0021872639999999995;0.0017408;0.001615872;0.00170496;0.001403904;0.00141312;0.001686528;0.001774592;0.001343488;0.000768;0.0008744960000000001;0.0011407359999999998;0.0006973439999999999;0.0008663039999999999;0.001014784;0.0009523200000000001;0.001145856;0.0008386559999999999;0.000941056;0.00093696;0.0008837120000000001;0.0005632;0.000408576;0.00047411199999999995;0.0004956159999999999;0.000347136;0.00040448000000000003;0.000459776;0.000395264;0.00032870400000000003;0.00030208000000000004;0.000350208
1787076000,hdr,0.0293;0.03906;0.04883;0.05859;0.06836;0.07813;0.08789;0.09766;0.10742;0.11719;0.12695;0.13672;0.14648;0.15625;0.16602;0.17578;0.18555;0.19531;0.20508;0.21484;0.22461;0.23438;0.24414;0.25391;0.26367;0.27344;0.2832;0.29297;0.30273;0.3125;0.32227;0.33203;0.3418;0.35156;0.36133;0.37109;0.38086;0.39063;0.40039;0.41016;0.41992;0.42969;0.43945;0.44922;0.45898;0.46875;0.47852;0.48828;0.49805;0.50781;0.51758;0.52734;0.53711;0.54688;0.55664;0.56641;0.57617;0.58594;0.5957;0.60547;0.61523;0.625;0.63477;0.64453;0.6543;0.66406;0.67383;0.68359;0.69336;0.70313;0.71289;0.72266;0.73242;0.74219;0.75195;0.76172;0.77148;0.78125;0.79102,0.001022976;0.0023592960000000003;0.0024391680000000002;0.004071424000000001;0.00953344;0.010662912;0.026167296000000003;0.090406912;0.222400512;0.178328576;0.06406144;0.037042175999999996;0.028966912;0.02269184;0.012169216;0.007513087999999999;0.008006656;0.023493632;0.043516928;0.049581056;0.058614784;0.05178368;0.025110528;0.026018816000000004;0.028947456;0.020484096;0.014015488;0.014620672000000001;0.014234624;0.010955776;0.015459328;0.014350336000000002;0.011431936;0.006567936000000001;0.004939776;0.007154688;0.008363008;0.010068992;0.008067072;0.005547008;0.004073472;0.00291328;0.003429376;0.002799616;0.0024064;0.001695744;0.002612224;0.002069504;0.001289216;0.001097728;0.0020572159999999997;0.00199168;0.0013660159999999998;0.00101888;0.0015687680000000001;0.001431552;0.001461248;0.0011755519999999998;0.000919552;0.0010455039999999998;0.0013312;0.000910336;0.001139712;0.0016404479999999999;0.001073152;0.000648192;0.000813056;0.000857088;0.000763904;0.000698368;0.000607232;0.000700416;0.0007280640000000001;0.000536576;0.0006789119999999999;0.00048742400000000003;0.000289792;0.000391168;0.000242688
1787076900,hdr,0.0293;0.03906;0.04883;0.05859;0.06836;0.07813;0.08789;0.09766;0.10742;0.11719;0.12695;0.13672;0.14648;0.15625;0.16602;0.17578;0.18555;0.19531;0.20508;0.21484;0.22461;0.23438;0.24414;0.25391;0.26367;0.27344;0.2832;0.29297;0.30273;0.3125;0.32227;0.33203;0.3418;0.35156;0.36133;0.37109;0.38086;0.39063;0.40039;0.41016;0.41992;0.42969;0.43945;0.44922;0.45898;0.46875;0.47852;0.48828;0.49805;0.50781;0.51758;0.52734;0.53711;0.54688;0.55664;0.56641;0.57617;0.58594;0.5957;0.60547;0.61523;0.625;0.63477;0.64453;0.6543;0.66406;0.67383;0.68359;0.69336;0.70313;0.71289;0.72266;0.73242;0.74219;0.75195;0.76172;0.77148;0.78125;0.79102,0.000871424;0.003120128;0.006207488;0.0022886399999999998;0.005641216;0.015608832;0.037927936;0.060219392;0.17705369599999998;0.263012352;0.16887808;0.072492032;0.05149696;0.023318528;0.018541568;0.008727552;0.011404287999999999;0.013544447999999999;0.045083648;0.090843136;0.097053696;0.093144064;0.08435097600000001;0.040636415999999995;0.023636992;0.01897984;0.012961792000000001;0.012065791999999999;0.016713728;0.018811903999999997;0.010243072;0.008290304;0.010678271999999999;0.00790016;0.0054159360000000005;0.0037724160000000002;0.004383743999999999;0.0036239360000000003;0.003820544;0.003366912;0.002807808;0.0022231040000000005;0.003373056;0.003265536;0.0024330239999999998;0.0017489920000000002;0.001975296;0.001855488;0.001210368;0.001384448;0.001792;0.0014735360000000001;0.001496064;0.0012032;0.001174528;0.001327104;0.000965632;0.0008765439999999999;0.000982016;0.0009615359999999999;0.0010127360000000002;0.000779264;0.0005304320000000001;0.00041676800000000003;0.0005621760000000001;0.00097792;0.00085504;0.000690176;0.0005621760000000001;0.00046080000000000003;0.000454656;0.00036966399999999996;0.0004956159999999999;0.00047206399999999996;0.000497664;0.00037888;0.000429056;0.000319488;0.000346112
1787077800,hdr,0.0293;0.03906;0.04883;0.05859;0.06836;0.07813;0.08789;0.09766;0.10742;0.11719;0.12695;0.13672;0.14648;0.15625;0.16602;0.17578;0.18555;0.19531;0.20508;0.21484;0.22461;0.23438;0.24414;0.25391;0.26367;0.27344;0.2832;0.29297;0.30273;0.3125;0.32227;0.33203;0.3418;0.35156;0.36133;0.37109;0.38086;0.39063;0.40039;0.41016;0.41992;0.42969;0.43945;0.44922;0.45898;0.46875;0.47852;0.48828;0.49805;0.50781;0.51758;0.52734;0.53711;0.54688;0.55664;0.56641;0.57617;0.58594;0.5957;0.60547;0.61523;0.625;0.63477;0.64453;0.6543;0.66406;0.67383;0.68359;0.69336;0.70313;0.71289;0.72266;0.73242;0.74219;0.75195;0.76172;0.77148;0.78125;0.79102,0.00495104;0.005393408000000001;0.004471808;0.004002816;0.018465792;0.020230144;0.047309824;0.168322048;0.21141504;0.189988864;0.11118694400000001;0.05282304;0.045095936;0.037668864;0.025376768;0.017803264;0.01273344;0.016228352;0.026194943999999998;0.081398784;0.09972531200000001;0.07755264;0.049747968000000004;0.028775424000000004;0.017946624;0.023918592;0.0238592;0.011346944000000001;0.009358336;0.011247616;0.010295296;0.008863744;0.005644288000000001;0.006484992;0.004790272;0.006576128;0.004355072;0.0033331199999999997;0.005107712;0.004015104;0.003324928;0.0037150720000000003;0.003214336;0.0028416;0.002556928;0.00202752;0.0015892480000000001;0.002771968;0.002390016;0.001675264;0.001292288;0.000882688;0.001645568;0.001975296;0.002441216;0.00185344;0.0013547519999999999;0.0011489279999999998;0.00101888;0.00109056;0.0012748800000000002;0.0020183040000000003;0.0013701120000000002;0.0006144;0.000561152;0.000923648;0.000863232;0.0009041920000000001;0.0008458240000000001;0.0007096320000000001;0.000863232;0.0009216000000000001;0.0006789119999999999;0.000567296;0.000441344;0.00044339199999999997;0.000415744;0.00034816000000000003;0.000360448
1787078700,hdr,0.0293;0.03906;0.04883;0.05859;0.06836;0.07813;0.08789;0.09766;0.10742;0.11719;0.12695;0.13672;0.14648;0.15625;0.16602;0.17578;0.18555;0.19531;0.20508;0.21484;0.22461;0.23438;0.24414;0.25391;0.26367;0.27344;0.2832;0.29297;0.30273;0.3125;0.32227;0.33203;0.3418;0.35156;0.36133;0.37109;0.38086;0.39063;0.40039;0.41016;0.41992;0.42969;0.43945;0.44922;0.45898;0.46875;0.47852;0.48828;0.49805;0.50781;0.51758;0.52734;0.53711;0.54688;0.55664;0.56641;0.57617;0.58594;0.5957;0.60547;0.61523;0.625;0.63477;0.64453;0.6543;0.66406;0.67383;0.68359;0.69336;0.70313;0.71289;0.72266;0.73242;0.74219;0.75195;0.76172;0.77148;0.78125;0.79102,0.018089984;0.026620928;0.034308095999999996;0.045387776000000005;0.04148736;0.07286988800000001;0.094000128;0.21818265600000003;0.41473638399999996;0.44834303999999997;0.23560704000000002;0.078984192;0.032039936;0.019095552;0.014751744;0.016126975999999998;0.013693951999999999;0.016121856;0.032239616;0.056042496;0.11024588799999999;0.104844288;0.06902784;0.044609536;0.031985664000000004;0.031721472;0.013948928;0.0077342719999999995;0.011416576;0.01129984;0.012238848;0.010297344000000002;0.008843264;0.004924416;0.004282368000000001;0.007048192;0.007108608;0.005532672;0.003745792;0.003700736;0.0029911039999999996;0.00409088;0.003150848;0.002051072;0.0020746239999999997;0.0024903679999999997;0.0022886399999999998;0.001721344;0.001907712;0.002220032;0.0009420800000000001;0.0017807360000000002;0.001557504;0.001138688;0.0012247039999999999;0.0013547519999999999;0.001396736;0.0011919360000000002;0.0010250239999999998;0.0011919360000000002;0.001078272;0.0009564160000000001;0.001185792;0.0010373119999999999;0.0007106559999999999;0.000611328;0.000738304;0.000648192;0.000628736;0.0006850560000000001;0.000375808;0.00043008000000000006;0.000525312;0.0005642239999999999;0.000485376;0.0007249919999999999;0.0006502400000000001;0.000365568;0.000262144
1787079600,hdr,0.0293;0.03906;0.04883;0.05859;0.06836;0.07813;0.08789;0.09766;0.10742;0.11719;0.12695;0.13672;0.14648;0.15625;0.16602;0.17578;0.18555;0.19531;0.20508;0.21484;0.22461;0.23438;0.24414;0.25391;0.26367;0.27344;0.2832;0.29297;0.30273;0.3125;0.32227;0.33203;0.3418;0.35156;0.36133;0.37109;0.38086;0.39063;0.40039;0.41016;0.41992;0.42969;0.43945;0.44922;0.45898;0.46875;0.47852;0.48828;0.49805;0.50781;0.51758;0.52734;0.53711;0.54688;0.55664;0.56641;0.57617;0.58594;0.5957;0.60547;0.61523;0.625;0.63477;0.64453;0.6543;0.66406;0.67383;0.68359;0.69336;0.70313;0.71289;0.72266;0.73242;0.74219;0.75195;0.76172;0.77148;0.78125;0.79102,0.00126976;0.005577727999999999;0.011354112000000001;0.0060037120000000005;0.014775296;0.026683392;0.038575104000000006;0.14092697599999998;0.33608192000000003;0.3412224;0.24205516800000001;0.07664639999999999;0.037241856;0.030362624;0.019208192;0.012420096;0.009249792;0.014220288000000001;0.039226368000000005;0.089486336;0.06773043199999998;0.091395072;0.05992448;0.02604544;0.023804928;0.020847616;0.019335167999999996;0.013833216;0.009309184;0.01332736;0.013647872;0.009744384;0.006537216;0.007486464;0.005567488000000001;0.00520704;0.006777856;0.005122048000000001;0.0033802240000000002;0.00335872;0.0035583999999999998;0.003633152;0.00181248;0.00234496;0.002158592;0.002499584;0.001537024;0.0013783040000000001;0.0021217280000000002;0.0013557760000000002;0.0026368000000000003;0.0019937279999999997;0.002029568;0.0014653440000000002;0.00150016;0.00136192;0.001687552;0.0011048960000000002;0.000432128;0.000637952;0.000766976;0.00092672;0.000796672;0.0007372800000000001;0.0006082559999999999;0.0007280640000000001;0.000449536;0.00047616000000000005;0.00070656;0.00055296;0.0005857280000000001;0.0005898240000000001;0.00044646400000000004;0.000756736;0.000723968;0.000637952;0.000494592;0.000388096;0.00047411199999999995
1787080500,hdr,0.0293;0.03906;0.04883;0.05859;0.06836;0.07813;0.08789;0.09766;0.10742;0.11719;0.12695;0.13672;0.14648;0.15625;0.16602;0.17578;0.18555;0.19531;0.20508;0.21484;0.22461;0.23438;0.24414;0.25391;0.26367;0.27344;0.2832;0.29297;0.30273;0.3125;0.32227;0.33203;0.3418;0.35156;0.36133;0.37109;0.38086;0.39063;0.40039;0.41016;0.41992;0.42969;0.43945;0.44922;0.45898;0.46875;0.47852;0.48828;0.49805;0.50781;0.51758;0.52734;0.53711;0.54688;0.55664;0.56641;0.57617;0.58594;0.5957;0.60547;0.61523;0.625;0.63477;0.64453;0.6543;0.66406;0.67383;0.68359;0.69336;0.70313;0.71289;0.72266;0.73242;0.74219;0.75195;0.76172;0.77148;0.78125;0.79102,0.001550336;0.002185216;0.007065599999999999;0.008997887999999999;0.010914816;0.016878592;0.035447808000000004;0.18752;0.42151014400000003;0.47724544;0.28742963200000005;0.18226995199999999;0.068851712;0.029865984;0.019549184;0.012069888;0.013099008;0.015102976;0.030405632000000002;0.050775039999999994;0.050833408;0.060469247999999996;0.044175360000000004;0.032319488;0.028094464;0.021568511999999998;0.016832512;0.010645504;0.013443072;0.010633216;0.006281215999999999;0.009350144;0.0120064;0.006167552;0.0069918720000000005;0.007368703999999999;0.0048609280000000005;0.00338432;0.004192256;0.0029880320000000003;0.0021534719999999996;0.0028764159999999997;0.0029911039999999996;0.003503104;0.0036311040000000004;0.0034959360000000003;0.001900544;0.002107392;0.002084864;0.002006016;0.001794048;0.0021360640000000005;0.00144896;0.001741824;0.001882112;0.0025139200000000002;0.0018800639999999999;0.0014991359999999999;0.000910336;0.0009144320000000001;0.000871424;0.00068096;0.000642048;0.0006993920000000001;0.0006656;0.001065984;0.0008222720000000001;0.0009441279999999999;0.0007393279999999999;0.0005713920000000001;0.0005713920000000001;0.000484352;0.0006123519999999999;0.0005304320000000001;0.00036147200000000005;0.00045568;0.000384;0.00047206399999999996;0.00036966399999999996
1787081400,hdr,0.0293;0.03906;0.04883;0.05859;0.06836;0.07813;0.08789;0.09766;0.10742;0.11719;0.12695;0.13672;0.14648;0.15625;0.16602;0.17578;0.18555;0.19531;0.20508;0.21484;0.22461;0.23438;0.24414;0.25391;0.26367;0.27344;0.2832;0.29297;0.30273;0.3125;0.32227;0.33203;0.3418;0.35156;0.36133;0.37109;0.38086;0.39063;0.40039;0.41016;0.41992;0.42969;0.43945;0.44922;0.45898;0.46875;0.47852;0.48828;0.49805;0.50781;0.51758;0.52734;0.53711;0.54688;0.55664;0.56641;0.57617;0.58594;0.5957;0.60547;0.61523;0.625;0.63477;0.64453;0.6543;0.66406;0.67383;0.68359;0.69336;0.70313;0.71289;0.72266;0.73242;0.74219;0.75195;0.76172;0.77148;0.78125;0.79102,0.007501824;0.011748352;0.023176191999999998;0.017564672000000003;0.01869312;0.027169792;0.045202432;0.11734016;0.324752384;0.37216768;0.250153984;0.131204096;0.051763199999999995;0.028454912;0.02026496;0.008210432;0.01096704;0.013687808000000001;0.027460608;0.045933568;0.061345792;0.064265216;0.07414272;0.046830592000000004;0.027133952000000003;0.024507392;0.016690176;0.015000576000000002;0.011346944000000001;0.011829247999999999;0.012959744;0.005251072;0.0067655680000000004;0.010054655999999999;0.005922816;0.0045670400000000005;0.0031774719999999998;0.00399872;0.0063723519999999995;0.00401408;0.002577408;0.0043304960000000005;0.0034181119999999996;0.0016404479999999999;0.00198144;0.002168832;0.003187712;0.003017728;0.001666048;0.00183808;0.0015779840000000002;0.00199168;0.0027279360000000002;0.0019517439999999998;0.0015493120000000002;0.0010936319999999998;0.001429504;0.001731584;0.002066432;0.001159168;0.0007280640000000001;0.000872448;0.0009472;0.000970752;0.0006963200000000001;0.0007096320000000001;0.000879616;0.0006000640000000001;0.000376832;0.000561152;0.00067584;0.000489472;0.00043724800000000005;0.00043110399999999997;0.000436224;0.000432128;0.00047001599999999997;0.00034304;0.00033792
1787082300,hdr,0.0293;0.03906;0.04883;0.05859;0.06836;0.07813;0.08789;0.09766;0.10742;0.11719;0.12695;0.13672;0.14648;0.15625;0.16602;0.17578;0.18555;0.19531;0.20508;0.21484;0.22461;0.23438;0.24414;0.25391;0.26367;0.27344;0.2832;0.29297;0.30273;0.3125;0.32227;0.33203;0.3418;0.35156;0.36133;0.37109;0.38086;0.39063;0.40039;0.41016;0.41992;0.42969;0.43945;0.44922;0.45898;0.46875;0.47852;0.48828;0.49805;0.50781;0.51758;0.52734;0.53711;0.54688;0.55664;0.56641;0.57617;0.58594;0.5957;0.60547;0.61523;0.625;0.63477;0.64453;0.6543;0.66406;0.67383;0.68359;0.69336;0.70313;0.71289;0.72266;0.73242;0.74219;0.75195;0.76172;0.77148;0.78125;0.79102,0.003658752;0.006944768;0.013522944000000002;0.013517824;0.015867904;0.040906752;0.043672576;0.20652646400000002;0.48826163200000006;0.63779328;0.7553024;0.516855808;0.148811776;0.031138816;0.023668736;0.025019392;0.011501568000000002;0.013456384;0.018153472;0.04948992;0.081693696;0.058399743999999996;0.033773568;0.039473152000000004;0.042935296000000005;0.0318464;0.015560704;0.014019584000000002;0.013159424;0.018450432;0.010264576;0.009423872;0.01552384;0.012027903999999999;0.009494528;0.006678528;0.004235264;0.004343808;0.0046970879999999994;0.004929536;0.003576832;0.0032296959999999998;0.004173824;0.0036280320000000002;0.00283648;0.0030330879999999998;0.002914304;0.0028846080000000003;0.002603008;0.002681856;0.00200192;0.001441792;0.001580032;0.002706432;0.002444288;0.001089536;0.001975296;0.00169472;0.001441792;0.0008212479999999999;0.0009256959999999999;0.000790528;0.0005877759999999999;0.0007936;0.0017889280000000002;0.001488896;0.0009584639999999999;0.001145856;0.0007372800000000001;0.00067072;0.000607232;0.000871424;0.000733184;0.000626688;0.00047308800000000003;0.000493568;0.0005099519999999999;0.000391168;0.000320512
1787083200,hdr,0.0293;0.03906;0.04883;0.05859;0.06836;0.07813;0.08789;0.09766;0.10742;0.11719;0.12695;0.13672;0.14648;0.15625;0.16602;0.17578;0.18555;0.19531;0.20508;0.21484;0.22461;0.23438;0.24414;0.25391;0.26367;0.27344;0.2832;0.29297;0.30273;0.3125;0.32227;0.33203;0.3418;0.35156;0.36133;0.37109;0.38086;0.39063;0.40039;0.41016;0.41992;0.42969;0.43945;0.44922;0.45898;0.46875;0.47852;0.48828;0.49805;0.50781;0.51758;0.52734;0.53711;0.54688;0.55664;0.56641;0.57617;0.58594;0.5957;0.60547;0.61523;0.625;0.63477;0.64453;0.6543;0.66406;0.67383;0.68359;0.69336;0.70313;0.71289;0.72266;0.73242;0.74219;0.75195;0.76172;0.77148;0.78125;0.79102,0.008672256000000001;0.019485696;0.025223168;0.0139264;0.021380096;0.018702336;0.02965504;0.192774144;0.5524940800000001;0.681561088;0.42696089600000003;0.196115456;0.089663488;0.030580736;0.023081983999999996;0.019949568;0.017282047999999998;0.015525888000000002;0.02868224;0.042070016;0.052091904;0.049821696000000006;0.064466944;0.059842559999999996;0.036552704;0.016323584000000002;0.011869184000000001;0.0129024;0.016089088;0.01574912;0.020310016;0.01795584;0.01439744;0.007898112;0.00886784;0.008695808;0.005021696000000001;0.0059648;0.005261312;0.0049633279999999995;0.005180416;0.003385344;0.0024811519999999995;0.00302592;0.0029306880000000003;0.0022896640000000003;0.0021780479999999997;0.00180224;0.00331264;0.002587648;0.002486272;0.002221056;0.001683456;0.001097728;0.0013690880000000003;0.000968704;0.001077248;0.000941056;0.000796672;0.0008560640000000001;0.001362944;0.001376256;0.001061888;0.00082944;0.001143808;0.00101376;0.0008212479999999999;0.001074176;0.00088576;0.000807936;0.0009943039999999999;0.000779264;0.000753664;0.0005734399999999999;0.000314368;0.000277504;0.000395264;0.000415744;0.00026521600000000003
1787084100,hdr,0.0293;0.03906;0.04883;0.05859;0.06836;0.07813;0.08789;0.09766;0.10742;0.11719;0.12695;0.13672;0.14648;0.15625;0.16602;0.17578;0.18555;0.19531;0.20508;0.21484;0.22461;0.23438;0.24414;0.25391;0.26367;0.27344;0.2832;0.29297;0.30273;0.3125;0.32227;0.33203;0.3418;0.35156;0.36133;0.37109;0.38086;0.39063;0.40039;0.41016;0.41992;0.42969;0.43945;0.44922;0.45898;0.46875;0.47852;0.48828;0.49805;0.50781;0.51758;0.52734;0.53711;0.54688;0.55664;0.56641;0.57617;0.58594;0.5957;0.60547;0.61523;0.625;0.63477;0.64453;0.6543;0.66406;0.67383;0.68359;0.69336;0.70313;0.71289;0.72266;0.73242;0.74219;0.75195;0.76172;0.77148;0.78125;0.79102,0.005578751999999999;0.008349696;0.012169216;0.009638912;0.017900544;0.033507328;0.018183168;0.10346291199999999;0.332110848;0.48604672;0.41664;0.363687936;0.117648384;0.043804671999999996;0.025763839999999996;0.022239232;0.01100288;0.012115968000000001;0.019055616;0.043518976;0.058102784;0.030359551999999998;0.032987136;0.042675199999999996;0.04020224000000001;0.024864768;0.022991872;0.016636928;0.015788032;0.016499712;0.013527039999999999;0.006807552000000001;0.006896639999999999;0.007607296;0.009825279999999999;0.010645504;0.008689664000000001;0.005853183999999999;0.003909632;0.003796992;0.00325632;0.003079168;0.0027514880000000003;0.0019773440000000002;0.0021248;0.0022015999999999997;0.0026327039999999996;0.0022476799999999997;0.002243584;0.00118272;0.001898496;0.0025200640000000002;0.0024002560000000004;0.001147904;0.00100352;0.0013639680000000001;0.0019824639999999998;0.001432576;0.001410048;0.0012625919999999999;0.001110016;0.000990208;0.001097728;0.0012953600000000002;0.001176576;0.000807936;0.0007413760000000001;0.0005007359999999999;0.0006778880000000001;0.000621568;0.000764928;0.0007096320000000001;0.000888832;0.001005568;0.0008345599999999999;0.000694272;0.0008355839999999999;0.0008335360000000001;0.0008867839999999999
1787085000,hdr,0.0293;0.03906;0.04883;0.05859;0.06836;0.07813;0.08789;0.09766;0.10742;0.11719;0.12695;0.13672;0.14648;0.15625;0.16602;0.17578;0.18555;0.19531;0.20508;0.21484;0.22461;0.23438;0.24414;0.25391;0.26367;0.27344;0.2832;0.29297;0.30273;0.3125;0.32227;0.33203;0.3418;0.35156;0.36133;0.37109;0.38086;0.39063;0.40039;0.41016;0.41992;0.42969;0.43945;0.44922;0.45898;0.46875;0.47852;0.48828;0.49805;0.50781;0.51758;0.52734;0.53711;0.54688;0.55664;0.56641;0.57617;0.58594;0.5957;0.60547;0.61523;0.625;0.63477;0.64453;0.6543;0.66406;0.67383;0.68359;0.69336;0.70313;0.71289;0.72266;0.73242;0.74219;0.75195;0.76172;0.77148;0.78125;0.79102,0.003695616;0.00436224;0.00971776;0.012541951999999999;0.01869312;0.03681587199999999;0.040245248;0.105822208;0.301715456;0.47122124800000004;0.46290124800000004;0.35076198399999997;0.168932352;0.061268992;0.02913792;0.013919232;0.00789504;0.012990464;0.033159167999999996;0.073915392;0.047773696000000004;0.03025408;0.021814271999999996;0.025627648;0.026550272;0.018410496;0.020481024;0.014486528;0.016196608;0.015343616;0.016171008;0.010928127999999999;0.00899584;0.01374208;0.012721152;0.008728576000000002;0.005069824;0.002546688;0.003633152;0.005313536;0.003503104;0.003026944;0.00178688;0.002060288;0.003040256;0.004324352;0.00377856;0.003206144;0.0022784000000000003;0.002125824;0.0017766400000000001;0.00225792;0.0020930559999999994;0.001805312;0.001647616;0.001307648;0.001490944;0.0016435199999999999;0.001655808;0.0013035520000000001;0.0012666880000000002;0.000529408;0.00097792;0.001676288;0.0013424640000000002;0.0007884799999999999;0.0006676480000000001;0.00080384;0.0007137280000000001;0.000734208;0.0014438399999999998;0.001416192;0.001253376;0.001221632;0.000953344;0.000919552;0.000996352;0.001168384;0.00137216
1787085900,hdr,0.0293;0.03906;0.04883;0.05859;0.06836;0.07813;0.08789;0.09766;0.10742;0.11719;0.12695;0.13672;0.14648;0.15625;0.16602;0.17578;0.18555;0.19531;0.20508;0.21484;0.22461;0.23438;0.24414;0.25391;0.26367;0.27344;0.2832;0.29297;0.30273;0.3125;0.32227;0.33203;0.3418;0.35156;0.36133;0.37109;0.38086;0.39063;0.40039;0.41016;0.41992;0.42969;0.43945;0.44922;0.45898;0.46875;0.47852;0.48828;0.49805;0.50781;0.51758;0.52734;0.53711;0.54688;0.55664;0.56641;0.57617;0.58594;0.5957;0.60547;0.61523;0.625;0.63477;0.64453;0.6543;0.66406;0.67383;0.68359;0.69336;0.70313;0.71289;0.72266;0.73242;0.74219;0.75195;0.76172;0.77148;0.78125;0.79102,0.016678912;0.022989824;0.026097664;0.011512832;0.030260224000000002;0.06173696000000001;0.070434816;0.201757696;0.45551923199999994;0.45099417599999997;0.595141632;0.437078016;0.192562176;0.08209203200000001;0.029812736;0.023349248;0.013732864;0.02048;0.022013952;0.039716864000000004;0.096570368;0.10518527999999999;0.060516352;0.045449216;0.032262144;0.016814080000000002;0.022559744;0.021430271999999997;0.012248063999999998;0.009580544;0.012901376;0.010891264;0.00628736;0.008050687999999999;0.0075724799999999995;0.008040447999999999;0.003872768;0.0061829120000000005;0.006931456;0.005970944000000001;0.006862848;0.00484352;0.004063232;0.003412992;0.0027863040000000003;0.002932736;0.002871296;0.004470783999999999;0.004105216;0.0031477759999999997;0.001668096;0.001639424;0.0026327039999999996;0.0028620800000000004;0.0015114240000000001;0.001113088;0.00123904;0.0013148160000000001;0.001874944;0.002102272;0.0018360320000000002;0.001391616;0.0017858560000000002;0.0013578239999999999;0.001461248;0.0015534079999999998;0.001575936;0.0014786559999999999;0.001488896;0.001512448;0.001750016;0.001731584;0.001101824;0.00098816;0.001754112;0.001091584;0.0005888;0.000743424;0.001022976
1787087700,hdr,0.0293;0.03906;0.04883;0.05859;0.06836;0.07813;0.08789;0.09766;0.10742;0.11719;0.12695;0.13672;0.14648;0.15625;0.16602;0.17578;0.18555;0.19531;0.20508;0.21484;0.22461;0.23438;0.24414;0.25391;0.26367;0.27344;0.2832;0.29297;0.30273;0.3125;0.32227;0.33203;0.3418;0.35156;0.36133;0.37109;0.38086;0.39063;0.40039;0.41016;0.41992;0.42969;0.43945;0.44922;0.45898;0.46875;0.47852;0.48828;0.49805;0.50781;0.51758;0.52734;0.53711;0.54688;0.55664;0.56641;0.57617;0.58594;0.5957;0.60547;0.61523;0.625;0.63477;0.64453;0.6543;0.66406;0.67383;0.68359;0.69336;0.70313;0.71289;0.72266;0.73242;0.74219;0.75195;0.76172;0.77148;0.78125;0.79102,0.003444736;0.005378048;0.00743936;0.009105408;0.022011904000000002;0.037292031999999996;0.04638208;0.14675456;0.44537446399999997;0.40739635199999996;0.263185408;0.319960064;0.20521984;0.114028544;0.049529856;0.022468608;0.015048704000000001;0.018866176;0.018417663999999997;0.033865728;0.047586303999999996;0.065207296;0.075798528;0.052292608;0.030126080000000003;0.022522880000000002;0.008425472;0.014340096000000002;0.015896576;0.011805696;0.01486848;0.012475392;0.011312128;0.012272640000000001;0.010376192;0.008268800000000001;0.004551680000000001;0.005472255999999999;0.006350848;0.004191232;0.004062208;0.005363712;0.0047339520000000005;0.003277824;0.003255296;0.003180544;0.0021964800000000002;0.002665472;0.004363264;0.004481023999999999;0.002417664;0.001850368;0.002456576;0.002195456;0.0021964800000000002;0.002043904;0.002482176;0.002026496;0.0025108480000000004;0.002855936;0.002111488;0.002154496;0.0016291839999999999;0.001420288;0.0014940160000000001;0.002112512;0.002164736;0.0019527680000000001;0.001705984;0.0028672;0.001840128;0.001406976;0.001371136;0.0012912639999999999;0.001125376;0.001084416;0.000789504;0.000702464;0.000736256
1787088600,hdr,0.0293;0.03906;0.04883;0.05859;0.06836;0.07813;0.08789;0.09766;0.10742;0.11719;0.12695;0.13672;0.14648;0.15625;0.16602;0.17578;0.18555;0.19531;0.20508;0.21484;0.22461;0.23438;0.24414;0.25391;0.26367;0.27344;0.2832;0.29297;0.30273;0.3125;0.32227;0.33203;0.3418;0.35156;0.36133;0.37109;0.38086;0.39063;0.40039;0.41016;0.41992;0.42969;0.43945;0.44922;0.45898;0.46875;0.47852;0.48828;0.49805;0.50781;0.51758;0.52734;0.53711;0.54688;0.55664;0.56641;0.57617;0.58594;0.5957;0.60547;0.61523;0.625;0.63477;0.64453;0.6543;0.66406;0.67383;0.68359;0.69336;0.70313;0.71289;0.72266;0.73242;0.74219;0.75195;0.76172;0.77148;0.78125;0.79102,0.0027473920000000004;0.008132608;0.013570048000000001;0.012593152;0.022041599999999998;0.050046976;0.065301504;0.117235712;0.40754176000000003;0.7749990400000001;0.428773376;0.20759551999999998;0.25725235199999996;0.18334208000000002;0.074791936;0.024166399999999998;0.014946304;0.013369343999999998;0.018741248;0.036177919999999995;0.043254784;0.056594432;0.054372352;0.025484288;0.021067775999999996;0.017465344;0.016915456;0.012123136;0.010251264000000001;0.016572416;0.01080832;0.0074751999999999996;0.006294528;0.006565888;0.006216704;0.006863871999999999;0.003659776;0.003712;0.0032808959999999997;0.003831808;0.00398336;0.002650112;0.003206144;0.0051599359999999995;0.003851264;0.004564992;0.004352;0.003659776;0.001584128;0.00159744;0.0023132160000000003;0.003725312;0.0037550080000000002;0.0025047039999999995;0.0026624;0.002405376;0.002910208;0.0036024319999999996;0.002658304;0.0021985280000000004;0.002956288;0.002528256;0.002482176;0.002221056;0.002402304;0.002792448;0.001763328;0.0017766400000000001;0.0021043200000000002;0.00170496;0.0019937279999999997;0.001975296;0.002070528;0.001705984;0.00128512;0.0011694079999999998;0.0012441599999999998;0.0012154879999999998;0.00119296
1787089500,hdr,0.0293;0.03906;0.04883;0.05859;0.06836;0.07813;0.08789;0.09766;0.10742;0.11719;0.12695;0.13672;0.14648;0.15625;0.16602;0.17578;0.18555;0.19531;0.20508;0.21484;0.22461;0.23438;0.24414;0.25391;0.26367;0.27344;0.2832;0.29297;0.30273;0.3125;0.32227;0.33203;0.3418;0.35156;0.36133;0.37109;0.38086;0.39063;0.40039;0.41016;0.41992;0.42969;0.43945;0.44922;0.45898;0.46875;0.47852;0.48828;0.49805;0.50781;0.51758;0.52734;0.53711;0.54688;0.55664;0.56641;0.57617;0.58594;0.5957;0.60547;0.61523;0.625;0.63477;0.64453;0.6543;0.66406;0.67383;0.68359;0.69336;0.70313;0.71289;0.72266;0.73242;0.74219;0.75195;0.76172;0.77148;0.78125;0.79102,0.006497279999999999;0.0040396799999999995;0.015463424;0.011590656;0.009790464;0.03756032;0.062773248;0.13981184;0.29408870400000003;0.331767808;0.44496691199999994;0.29645312;0.15770009599999998;0.113983488;0.050547712;0.030692352;0.022802432;0.013480959999999998;0.017056768;0.028060672;0.055829504;0.053998592000000005;0.02935808;0.02830336;0.043098112;0.026448896;0.013026304;0.012964864;0.009488384;0.008784896;0.009509888000000001;0.00941056;0.007370752;0.00567808;0.007247872000000001;0.006407168;0.004427776;0.004458496;0.00443904;0.004829183999999999;0.003944448;0.002249728;0.0024811519999999995;0.0023838720000000004;0.002556928;0.0028917760000000004;0.0025088;0.0021288960000000003;0.002803712;0.0032583679999999998;0.003703808;0.002847744;0.001467392;0.002282496;0.0026859519999999997;0.00276992;0.0025835520000000002;0.0028221440000000004;0.002361344;0.002972672;0.003633152;0.00204288;0.0029655040000000003;0.003027968;0.00325632;0.0040345599999999995;0.0032511999999999997;0.0032266240000000004;0.004236288;0.003186688;0.002762752;0.0023470080000000003;0.0026368000000000003;0.002300928;0.0026327039999999996;0.001477632;0.0019466239999999999;0.001818624;0.0012728319999999998
1787090400,hdr,0.0293;0.03906;0.04883;0.05859;0.06836;0.07813;0.08789;0.09766;0.10742;0.11719;0.12695;0.13672;0.14648;0.15625;0.16602;0.17578;0.18555;0.19531;0.20508;0.21484;0.22461;0.23438;0.24414;0.25391;0.26367;0.27344;0.2832;0.29297;0.30273;0.3125;0.32227;0.33203;0.3418;0.35156;0.36133;0.37109;0.38086;0.39063;0.40039;0.41016;0.41992;0.42969;0.43945;0.44922;0.45898;0.46875;0.47852;0.48828;0.49805;0.50781;0.51758;0.52734;0.53711;0.54688;0.55664;0.56641;0.57617;0.58594;0.5957;0.60547;0.61523;0.625;0.63477;0.64453;0.6543;0.66406;0.67383;0.68359;0.69336;0.70313;0.71289;0.72266;0.73242;0.74219;0.75195;0.76172;0.77148;0.78125;0.79102,0.004404224;0.004583424;0.009525248;0.009147391999999999;0.0135936;0.032206848;0.098499584;0.1394176;0.201353216;0.284087296;0.244074496;0.17996902399999998;0.14169804800000002;0.110006272;0.054352896;0.029937664;0.015797248;0.019113983999999997;0.025073664;0.038116352;0.043800576;0.044143616000000004;0.037344256;0.026098688;0.023324671999999998;0.015996928;0.012180479999999999;0.013594624;0.00630272;0.008581120000000001;0.00949248;0.012541951999999999;0.012845056;0.010371072;0.009879552;0.006445056;0.006082560000000001;0.010025983999999998;0.006002688;0.00407552;0.0046346239999999995;0.004959232;0.005331967999999999;0.004921344;0.0031160320000000004;0.0020592640000000003;0.0029634559999999997;0.002399232;0.002905088;0.0033832960000000005;0.004202496;0.003216384;0.003598336;0.0031856640000000004;0.001968128;0.001558528;0.0013864959999999999;0.001775616;0.001915904;0.00231936;0.0034181119999999996;0.004306943999999999;0.004372480000000001;0.0046346239999999995;0.00452096;0.00467968;0.002716672;0.003262464;0.002910208;0.0027842559999999997;0.0025671680000000003;0.0020572159999999997;0.002000896;0.0014192640000000002;0.0013660159999999998;0.001165312;0.0011468799999999999;0.00137728;0.001302528
1787091300,hdr,0.0293;0.03906;0.04883;0.05859;0.06836;0.07813;0.08789;0.09766;0.10742;0.11719;0.12695;0.13672;0.14648;0.15625;0.16602;0.17578;0.18555;0.19531;0.20508;0.21484;0.22461;0.23438;0.24414;0.25391;0.26367;0.27344;0.2832;0.29297;0.30273;0.3125;0.32227;0.33203;0.3418;0.35156;0.36133;0.37109;0.38086;0.39063;0.40039;0.41016;0.41992;0.42969;0.43945;0.44922;0.45898;0.46875;0.47852;0.48828;0.49805;0.50781;0.51758;0.52734;0.53711;0.54688;0.55664;0.56641;0.57617;0.58594;0.5957;0.60547;0.61523;0.625;0.63477;0.64453;0.6543;0.66406;0.67383;0.68359;0.69336;0.70313;0.71289;0.72266;0.73242;0.74219;0.75195;0.76172;0.77148;0.78125;0.79102,0.013083648000000002;0.016989184;0.0104704;0.009872384;0.030780415999999998;0.059436032;0.06420582400000001;0.10469376;0.34821324800000003;0.413985792;0.20407296;0.149417984;0.17236377600000002;0.106148864;0.064525312;0.024513536;0.015140864000000002;0.013954048;0.01281024;0.021942272000000002;0.035631104;0.032256;0.01951232;0.016812031999999998;0.0151808;0.0146176;0.014902272000000001;0.013913088;0.0109568;0.014527488;0.009490432;0.010674175999999999;0.012061696;0.01032192;0.00854528;0.006134784;0.0046223359999999995;0.005644288000000001;0.0055582719999999995;0.004675584;0.005006336;0.00414208;0.0054558720000000005;0.004954112;0.004306943999999999;0.00387584;0.0024719359999999997;0.002911232;0.00285696;0.0032358400000000002;0.003606528;0.003356672;0.0024954879999999997;0.0017623040000000001;0.0018698239999999997;0.002105344;0.0018964479999999998;0.001758208;0.001512448;0.0028723200000000003;0.003162112;0.001942528;0.0030873599999999995;0.002705408;0.001519616;0.002358272;0.0014499839999999999;0.003222528;0.003150848;0.002679808;0.0018944;0.001560576;0.001661952;0.001711104;0.001948672;0.00116224;0.0013547519999999999;0.0015144960000000002;0.001805312
1787092200,hdr,0.0293;0.03906;0.04883;0.05859;0.06836;0.07813;0.08789;0.09766;0.10742;0.11719;0.12695;0.13672;0.14648;0.15625;0.16602;0.17578;0.18555;0.19531;0.20508;0.21484;0.22461;0.23438;0.24414;0.25391;0.26367;0.27344;0.2832;0.29297;0.30273;0.3125;0.32227;0.33203;0.3418;0.35156;0.36133;0.37109;0.38086;0.39063;0.40039;0.41016;0.41992;0.42969;0.43945;0.44922;0.45898;0.46875;0.47852;0.48828;0.49805;0.50781;0.51758;0.52734;0.53711;0.54688;0.55664;0.56641;0.57617;0.58594;0.5957;0.60547;0.61523;0.625;0.63477;0.64453;0.6543;0.66406;0.67383;0.68359;0.69336;0.70313;0.71289;0.72266;0.73242;0.74219;0.75195;0.76172;0.77148;0.78125;0.79102,0.007113728;0.013302784000000002;0.012941312;0.009183232;0.018830336;0.046306304;0.114905088;0.140650496;0.310181888;0.411561984;0.376057856;0.203478016;0.14234112;0.11039334399999999;0.10570137599999999;0.037036031999999997;0.014884864;0.01300992;0.017661952;0.02273792;0.02958336;0.048365568000000005;0.038795264;0.023695360000000002;0.019454976;0.018251775999999997;0.011725824;0.007474175999999999;0.010011648;0.011522048;0.011836415999999999;0.011964415999999999;0.008380416000000002;0.005152768;0.0053616639999999995;0.005464063999999999;0.005332992;0.004397056000000001;0.005669888;0.004787200000000001;0.00448;0.00377856;0.0024330239999999998;0.0027351040000000004;0.002683904;0.0029255680000000004;0.00336896;0.002845696;0.0026071040000000003;0.0021964800000000002;0.0024227840000000003;0.0014796800000000001;0.00163328;0.002369536;0.00312832;0.0029409279999999998;0.001559552;0.001536;0.0018800639999999999;0.002364416;0.002477056;0.00232448;0.0021329920000000002;0.0024463360000000003;0.0030627840000000003;0.003115008;0.002398208;0.001806336;0.0020910079999999997;0.0019210240000000001;0.0018923520000000001;0.0012083200000000001;0.0008335360000000001;0.0011601919999999998;0.001805312;0.001384448;0.001101824;0.0010178560000000001;0.000847872
1787093100,hdr,0.0293;0.03906;0.04883;0.05859;0.06836;0.07813;0.08789;0.09766;0.10742;0.11719;0.12695;0.13672;0.14648;0.15625;0.16602;0.17578;0.18555;0.19531;0.20508;0.21484;0.22461;0.23438;0.24414;0.25391;0.26367;0.27344;0.2832;0.29297;0.30273;0.3125;0.32227;0.33203;0.3418;0.35156;0.36133;0.37109;0.38086;0.39063;0.40039;0.41016;0.41992;0.42969;0.43945;0.44922;0.45898;0.46875;0.47852;0.48828;0.49805;0.50781;0.51758;0.52734;0.53711;0.54688;0.55664;0.56641;0.57617;0.58594;0.5957;0.60547;0.61523;0.625;0.63477;0.64453;0.6543;0.66406;0.67383;0.68359;0.69336;0.70313;0.71289;0.72266;0.73242;0.74219;0.75195;0.76172;0.77148;0.78125;0.79102,0.0034959360000000003;0.008527872;0.006301696;0.00831488;0.014705664;0.025133056;0.058810367999999995;0.123291648;0.347656192;0.394550272;0.248602624;0.203172864;0.196324352;0.13659955199999999;0.078324736;0.045981695999999996;0.026855424;0.017658880000000002;0.025187328000000002;0.040530944;0.054086656;0.030529536;0.019743743999999997;0.014906368;0.01363968;0.013753344;0.015524864000000001;0.010630144000000001;0.008859648;0.00849408;0.010504191999999999;0.010857472;0.007042048;0.006276095999999999;0.0054016;0.006206464000000001;0.006421504;0.004358144;0.005186560000000001;0.0066508800000000005;0.004918272;0.0041216000000000004;0.005620736;0.005407744;0.003286016;0.002960384;0.003662848;0.0023347199999999998;0.001810432;0.0037058559999999996;0.003559424;0.0020101119999999997;0.002183168;0.003100672;0.0028467199999999996;0.002722816;0.00209408;0.002546688;0.00257024;0.0022886399999999998;0.002336768;0.002208768;0.0017735679999999999;0.0026951679999999995;0.0022732800000000004;0.0027269119999999997;0.002535424;0.0018575360000000001;0.002061312;0.0017090559999999998;0.002064384;0.0015534079999999998;0.0007168;0.00081408;0.0007086080000000001;0.001078272;0.0011048960000000002;0.000907264;0.000986112
1787094000,hdr,0.0293;0.03906;0.04883;0.05859;0.06836;0.07813;0.08789;0.09766;0.10742;0.11719;0.12695;0.13672;0.14648;0.15625;0.16602;0.17578;0.18555;0.19531;0.20508;0.21484;0.22461;0.23438;0.24414;0.25391;0.26367;0.27344;0.2832;0.29297;0.30273;0.3125;0.32227;0.33203;0.3418;0.35156;0.36133;0.37109;0.38086;0.39063;0.40039;0.41016;0.41992;0.42969;0.43945;0.44922;0.45898;0.46875;0.47852;0.48828;0.49805;0.50781;0.51758;0.52734;0.53711;0.54688;0.55664;0.56641;0.57617;0.58594;0.5957;0.60547;0.61523;0.625;0.63477;0.64453;0.6543;0.66406;0.67383;0.68359;0.69336;0.70313;0.71289;0.72266;0.73242;0.74219;0.75195;0.76172;0.77148;0.78125;0.79102,0.009249792;0.019905536;0.031797248;0.013210623999999999;0.015654912;0.029984768;0.06677196800000001;0.179724288;0.30660096;0.40485376;0.252959744;0.109099008;0.057337856;0.062505984;0.05999104;0.040987648;0.034356224;0.021384192;0.01747456;0.029294592;0.031950848000000004;0.022086656000000003;0.0340992;0.022003711999999998;0.014794752;0.014785536;0.015853568;0.013307904;0.009694208000000001;0.008556544;0.009585663999999999;0.012039168;0.008446975999999998;0.00550912;0.005185536;0.005076991999999999;0.004466688;0.002514944;0.005454848;0.004570112;0.004256768;0.004516864;0.0037273600000000003;0.0033218559999999998;0.0042014719999999995;0.0034959360000000003;0.0025077759999999998;0.002924544;0.0031969280000000004;0.003065856;0.00239616;0.003023872;0.004015104;0.002895872;0.002817024;0.0023275519999999997;0.002071552;0.001885184;0.0015165439999999999;0.002676736;0.0023111679999999997;0.0018155520000000002;0.0031539199999999997;0.0036884480000000004;0.00285184;0.0018636800000000002;0.00210944;0.001910784;0.001649664;0.0014991359999999999;0.001232896;0.0010833919999999999;0.00062464;0.0008110079999999999;0.001275904;0.001118208;0.0011704320000000001;0.000898048;0.0009359360000000001
1787094900,hdr,0.0293;0.03906;0.04883;0.05859;0.06836;0.07813;0.08789;0.09766;0.10742;0.11719;0.12695;0.13672;0.14648;0.15625;0.16602;0.17578;0.18555;0.19531;0.20508;0.21484;0.22461;0.23438;0.24414;0.25391;0.26367;0.27344;0.2832;0.29297;0.30273;0.3125;0.32227;0.33203;0.3418;0.35156;0.36133;0.37109;0.38086;0.39063;0.40039;0.41016;0.41992;0.42969;0.43945;0.44922;0.45898;0.46875;0.47852;0.48828;0.49805;0.50781;0.51758;0.52734;0.53711;0.54688;0.55664;0.56641;0.57617;0.58594;0.5957;0.60547;0.61523;0.625;0.63477;0.64453;0.6543;0.66406;0.67383;0.68359;0.69336;0.70313;0.71289;0.72266;0.73242;0.74219;0.75195;0.76172;0.77148;0.78125;0.79102,0.001867776;0.003827712;0.010727424;0.008759296;0.009674752;0.04420608;0.125985792;0.16000409599999998;0.19443302399999998;0.181936128;0.120658944;0.092084224;0.086078464;0.075373568;0.051555328000000004;0.037338112;0.030414847999999998;0.028339200000000002;0.026979327999999997;0.033215487999999994;0.043464704;0.07798067199999999;0.044591104;0.03445555199999999;0.028769279999999998;0.015890432;0.0062126080000000005;0.006943744;0.010788864;0.012382208;0.007085055999999999;0.006843392;0.01046528;0.01099776;0.007501824;0.004214784;0.004123648;0.003308544;0.006501376;0.00477696;0.003575808;0.003535872;0.0024340480000000003;0.004214784;0.003675136;0.002318336;0.003736576;0.0038594560000000003;0.002444288;0.002618368;0.0036392959999999998;0.002725888;0.002850816;0.0032440319999999996;0.002989056;0.00282112;0.0031477759999999997;0.002767872;0.002857984;0.0019537919999999998;0.00149504;0.001961984;0.0013117439999999999;0.002291712;0.003004416;0.001789952;0.002241536;0.002229248;0.0021227520000000003;0.00126976;0.001874944;0.001824768;0.0014561280000000001;0.002139136;0.00200192;0.001101824;0.001275904;0.0012994559999999998;0.001065984
1787095800,hdr,0.0293;0.03906;0.04883;0.05859;0.06836;0.07813;0.08789;0.09766;0.10742;0.11719;0.12695;0.13672;0.14648;0.15625;0.16602;0.17578;0.18555;0.19531;0.20508;0.21484;0.22461;0.23438;0.24414;0.25391;0.26367;0.27344;0.2832;0.29297;0.30273;0.3125;0.32227;0.33203;0.3418;0.35156;0.36133;0.37109;0.38086;0.39063;0.40039;0.41016;0.41992;0.42969;0.43945;0.44922;0.45898;0.46875;0.47852;0.48828;0.49805;0.50781;0.51758;0.52734;0.53711;0.54688;0.55664;0.56641;0.57617;0.58594;0.5957;0.60547;0.61523;0.625;0.63477;0.64453;0.6543;0.66406;0.67383;0.68359;0.69336;0.70313;0.71289;0.72266;0.73242;0.74219;0.75195;0.76172;0.77148;0.78125;0.79102,0.00562176;0.0070471679999999995;0.006270975999999999;0.0071167999999999995;0.018243584;0.037295104;0.070207488;0.15872102400000002;0.341987328;0.365236224;0.208852992;0.12299264;0.13542604800000002;0.10734592000000001;0.067745792;0.047901696;0.03989504;0.02288128;0.0378368;0.051020800000000005;0.04028928;0.031576064;0.028407808;0.021127168;0.016684031999999998;0.009669632;0.009596928;0.008571904;0.008656895999999999;0.006793216;0.0037693439999999996;0.004325376000000001;0.007991296;0.008398848;0.005223424;0.00467968;0.0048711679999999995;0.004375552;0.004703232;0.0025937919999999997;0.003286016;0.004827136;0.004417536;0.004852736;0.004304896000000001;0.005636096;0.006073344;0.0027811840000000003;0.003007488;0.0035471359999999998;0.003922944;0.002594816;0.000951296;0.00135168;0.002460672;0.001501184;0.002116608;0.002881536;0.002555904;0.0029429759999999995;0.003736576;0.002729984;0.0027136;0.002753536;0.002161664;0.0022712319999999998;0.003347456;0.002592768;0.002295808;0.001599488;0.001282048;0.00146944;0.0013352960000000001;0.0011161600000000002;0.0013568;0.0016650240000000002;0.0011407359999999998;0.0009523200000000001;0.001250304
1787096700,hdr,0.0293;0.03906;0.04883;0.05859;0.06836;0.07813;0.08789;0.09766;0.10742;0.11719;0.12695;0.13672;0.14648;0.15625;0.16602;0.17578;0.18555;0.19531;0.20508;0.21484;0.22461;0.23438;0.24414;0.25391;0.26367;0.27344;0.2832;0.29297;0.30273;0.3125;0.32227;0.33203;0.3418;0.35156;0.36133;0.37109;0.38086;0.39063;0.40039;0.41016;0.41992;0.42969;0.43945;0.44922;0.45898;0.46875;0.47852;0.48828;0.49805;0.50781;0.51758;0.52734;0.53711;0.54688;0.55664;0.56641;0.57617;0.58594;0.5957;0.60547;0.61523;0.625;0.63477;0.64453;0.6543;0.66406;0.67383;0.68359;0.69336;0.70313;0.71289;0.72266;0.73242;0.74219;0.75195;0.76172;0.77148;0.78125;0.79102,0.0059238400000000005;0.010230784;0.012198912000000001;0.005927936;0.009033728;0.044128256000000005;0.117738496;0.1654784;0.307519488;0.39097344;0.17560063999999997;0.11949772799999998;0.129089536;0.10791731199999999;0.076665856;0.062866432;0.041037824;0.02996224;0.030644224;0.050812928;0.046319616;0.029212672000000002;0.022329343999999997;0.022970368;0.018922496;0.015593472;0.009585663999999999;0.01028608;0.0048711679999999995;0.008392703999999999;0.011153408000000002;0.008034304;0.0048209920000000005;0.00588288;0.009541632;0.00797696;0.004402176;0.003649536;0.005439488;0.004755456;0.0029378560000000004;0.00251904;0.00154624;0.002787328;0.0038594560000000003;0.0027648;0.0019128320000000002;0.002348032;0.0025651199999999997;0.0028723200000000003;0.002203648;0.0015616000000000002;0.00164864;0.001529856;0.001488896;0.001927168;0.002671616;0.002802688;0.003032064;0.004169728;0.00323072;0.0027852800000000002;0.003542016;0.0031703039999999997;0.0024299520000000004;0.0025108480000000004;0.00295424;0.0026286079999999997;0.0025415679999999997;0.002530304;0.001963008;0.002531328;0.0017889280000000002;0.002226176;0.002382848;0.001893376;0.000825344;0.000671744;0.001022976
