Epoch Time,Processing Source,f,varianceDensity
1778544000,hdr,0.0293;0.03906;0.04883;0.05859;0.06836;0.07813;0.08789;0.09766;0.10742;0.11719;0.12695;0.13672;0.14648;0.15625;0.16602;0.17578;0.18555;0.19531;0.20508;0.21484;0.22461;0.23438;0.24414;0.25391;0.26367;0.27344;0.2832;0.29297;0.30273;0.3125;0.32227;0.33203;0.3418;0.35156;0.36133;0.37109;0.38086;0.39063;0.40039;0.41016;0.41992;0.42969;0.43945;0.44922;0.45898;0.46875;0.47852;0.48828;0.49805;0.50781;0.51758;0.52734;0.53711;0.54688;0.55664;0.56641;0.57617;0.58594;0.5957;0.60547;0.61523;0.625;0.63477;0.64453;0.6543;0.66406;0.67383;0.68359;0.69336;0.70313;0.71289;0.72266;0.73242;0.74219;0.75195;0.76172;0.77148;0.78125;0.79102,0.007243776;0.014233599999999999;0.011109375999999999;0.013768704;0.038857728;0.129880064;0.39239577600000003;0.350836736;0.7733688320000001;0.8151296;0.532072448;0.46406246399999995;0.248777728;0.157007872;0.144602112;0.101107712;0.09815347199999999;0.103860224;0.089295872;0.051516415999999995;0.049770496;0.06327500800000001;0.038438912000000006;0.023945216;0.021492736000000002;0.015152127999999999;0.013074432;0.011807743999999998;0.018272255999999997;0.015311871999999999;0.013620224;0.018675712;0.011389952;0.00973312;0.0064419839999999996;0.007537664;0.007143424000000001;0.00817152;0.009382911999999998;0.00717312;0.00516096;0.004722688;0.0074455039999999995;0.007355392;0.006796287999999999;0.006381567999999999;0.005033984;0.004656128;0.004969472;0.0050749440000000005;0.003459072;0.002494464;0.0020592640000000003;0.002082816;0.002044928;0.001984512;0.00236544;0.001241088;0.001318912;0.001232896;0.001026048;0.001086464;0.0011776;0.001108992;0.0009564160000000001;0.0013905920000000002;0.0009717759999999999;0.000653312;0.0008069119999999999;0.0008622079999999999;0.000765952;0.000666624;0.000734208;0.000393216;0.000350208;0.000510976;0.000493568;0.000329728;0.00041984
1778544900,hdr,0.0293;0.03906;0.04883;0.05859;0.06836;0.07813;0.08789;0.09766;0.10742;0.11719;0.12695;0.13672;0.14648;0.15625;0.16602;0.17578;0.18555;0.19531;0.20508;0.21484;0.22461;0.23438;0.24414;0.25391;0.26367;0.27344;0.2832;0.29297;0.30273;0.3125;0.32227;0.33203;0.3418;0.35156;0.36133;0.37109;0.38086;0.39063;0.40039;0.41016;0.41992;0.42969;0.43945;0.44922;0.45898;0.46875;0.47852;0.48828;0.49805;0.50781;0.51758;0.52734;0.53711;0.54688;0.55664;0.56641;0.57617;0.58594;0.5957;0.60547;0.61523;0.625;0.63477;0.64453;0.6543;0.66406;0.67383;0.68359;0.69336;0.70313;0.71289;0.72266;0.73242;0.74219;0.75195;0.76172;0.77148;0.78125;0.79102,0.008335359999999998;0.023015424;0.022035456;0.02819584;0.117286912;0.13612134399999998;0.496449536;0.8726681599999999;0.89110528;0.681982976;0.5439682560000001;0.505484288;0.24577024;0.19212288;0.21354495999999998;0.234655744;0.079976448;0.07640064;0.081463296;0.046778368;0.049390592;0.07148032000000001;0.040302592;0.022684672;0.016308224;0.012946431999999999;0.0121344;0.012341247999999999;0.014412800000000002;0.017102848;0.01501184;0.015330304;0.009403392;0.006208511999999999;0.006531072;0.006276095999999999;0.007877632;0.005367808;0.0065515519999999995;0.00808448;0.008799232;0.005374976000000001;0.005736448;0.0069888;0.004769791999999999;0.00529408;0.0038000639999999997;0.00428032;0.004257792000000001;0.004600831999999999;0.004115456;0.0019824639999999998;0.0018513919999999999;0.0038799359999999996;0.002961408;0.001590272;0.001891328;0.001227776;0.0013342719999999998;0.0012400640000000001;0.0013905920000000002;0.001599488;0.0011970559999999997;0.0010516479999999999;0.000768;0.00047820800000000004;0.000768;0.00110592;0.000966656;0.0007280640000000001;0.000638976;0.0006778880000000001;0.0005601279999999999;0.000970752;0.000566272;0.0005621760000000001;0.000551936;0.0006502400000000001;0.000388096
1778545800,hdr,0.0293;0.03906;0.04883;0.05859;0.06836;0.07813;0.08789;0.09766;0.10742;0.11719;0.12695;0.13672;0.14648;0.15625;0.16602;0.17578;0.18555;0.19531;0.20508;0.21484;0.22461;0.23438;0.24414;0.25391;0.26367;0.27344;0.2832;0.29297;0.30273;0.3125;0.32227;0.33203;0.3418;0.35156;0.36133;0.37109;0.38086;0.39063;0.40039;0.41016;0.41992;0.42969;0.43945;0.44922;0.45898;0.46875;0.47852;0.48828;0.49805;0.50781;0.51758;0.52734;0.53711;0.54688;0.55664;0.56641;0.57617;0.58594;0.5957;0.60547;0.61523;0.625;0.63477;0.64453;0.6543;0.66406;0.67383;0.68359;0.69336;0.70313;0.71289;0.72266;0.73242;0.74219;0.75195;0.76172;0.77148;0.78125;0.79102,0.00803328;0.013188096;0.01133056;0.018811903999999997;0.041126911999999995;0.130819072;0.43985408000000004;0.79617536;0.930673664;0.9140223999999999;0.5417840639999999;0.445577216;0.353415168;0.28304588799999997;0.20313804800000002;0.10454528;0.070928384;0.077806592;0.06497587199999999;0.06349312;0.046568448;0.026277888;0.022322176;0.02417664;0.025091072;0.019132415999999996;0.014238720000000002;0.013459456;0.014972928;0.01112064;0.011008;0.007742464;0.005116928;0.0055582719999999995;0.006776831999999999;0.005276672;0.005389312;0.003428352;0.004018176;0.006564863999999999;0.005169152;0.005441536;0.006634496;0.004472832;0.003311616;0.003451904;0.00273408;0.002578432;0.003216384;0.003575808;0.0023470080000000003;0.003596288;0.0045424639999999995;0.002226176;0.0013312;0.0020490240000000004;0.0020029439999999996;0.0020500479999999996;0.0017182719999999999;0.001399808;0.001155072;0.0011786239999999999;0.001102848;0.000857088;0.0012195840000000001;0.001079296;0.00068608;0.0007936;0.0005724160000000001;0.0005376000000000001;0.0006891520000000001;0.00082944;0.000535552;0.00073216;0.000620544;0.000423936;0.000457728;0.000391168;0.00047308800000000003
1778546700,hdr,0.0293;0.03906;0.04883;0.05859;0.06836;0.07813;0.08789;0.09766;0.10742;0.11719;0.12695;0.13672;0.14648;0.15625;0.16602;0.17578;0.18555;0.19531;0.20508;0.21484;0.22461;0.23438;0.24414;0.25391;0.26367;0.27344;0.2832;0.29297;0.30273;0.3125;0.32227;0.33203;0.3418;0.35156;0.36133;0.37109;0.38086;0.39063;0.40039;0.41016;0.41992;0.42969;0.43945;0.44922;0.45898;0.46875;0.47852;0.48828;0.49805;0.50781;0.51758;0.52734;0.53711;0.54688;0.55664;0.56641;0.57617;0.58594;0.5957;0.60547;0.61523;0.625;0.63477;0.64453;0.6543;0.66406;0.67383;0.68359;0.69336;0.70313;0.71289;0.72266;0.73242;0.74219;0.75195;0.76172;0.77148;0.78125;0.79102,0.008318975999999999;0.016050176000000003;0.019022848;0.019692544000000003;0.050751488000000004;0.15371776;0.238390272;0.500850688;0.5171374080000001;0.6273945599999999;0.6035415040000001;0.290081792;0.188874752;0.157223936;0.116245504;0.12112076799999999;0.12596838400000002;0.12098867199999999;0.09438310400000001;0.06804479999999999;0.046613504;0.036944896;0.03243008;0.017037312000000002;0.011177984;0.018845696;0.012452864;0.008452096;0.012263424;0.01463296;0.012399616;0.008949760000000001;0.010079232;0.006373376;0.008220672;0.004158464;0.005126144;0.006131712;0.0042035200000000005;0.004868096000000001;0.006427647999999999;0.005371903999999999;0.005805056;0.004217856000000001;0.003074048;0.004491264;0.003726336;0.004509696;0.0027351040000000004;0.00434176;0.003263488;0.002243584;0.002236416;0.003162112;0.0030207999999999997;0.002674688;0.002403328;0.001826816;0.001829888;0.001989632;0.00195584;0.001412096;0.0015656959999999999;0.001769472;0.0014796800000000001;0.0010649599999999998;0.000692224;0.000688128;0.000664576;0.0005877759999999999;0.000805888;0.001089536;0.001011712;0.0008663039999999999;0.000548864;0.00030412799999999997;0.00029286400000000005;0.000325632;0.000429056
1778547600,hdr,0.0293;0.03906;0.04883;0.05859;0.06836;0.07813;0.08789;0.09766;0.10742;0.11719;0.12695;0.13672;0.14648;0.15625;0.16602;0.17578;0.18555;0.19531;0.20508;0.21484;0.22461;0.23438;0.24414;0.25391;0.26367;0.27344;0.2832;0.29297;0.30273;0.3125;0.32227;0.33203;0.3418;0.35156;0.36133;0.37109;0.38086;0.39063;0.40039;0.41016;0.41992;0.42969;0.43945;0.44922;0.45898;0.46875;0.47852;0.48828;0.49805;0.50781;0.51758;0.52734;0.53711;0.54688;0.55664;0.56641;0.57617;0.58594;0.5957;0.60547;0.61523;0.625;0.63477;0.64453;0.6543;0.66406;0.67383;0.68359;0.69336;0.70313;0.71289;0.72266;0.73242;0.74219;0.75195;0.76172;0.77148;0.78125;0.79102,0.0033372160000000005;0.0044974080000000005;0.011149312;0.013580288;0.047321088000000004;0.152150016;0.325037056;0.7257681920000001;0.89156608;0.895229952;0.40390144;0.218935296;0.20688588800000002;0.163854336;0.12051763200000001;0.095772672;0.15371263999999998;0.102853632;0.06656;0.08794726400000001;0.078841856;0.064145408;0.037660672;0.021525504;0.012101632;0.013613056;0.012576768;0.012758015999999999;0.015873024;0.015909888;0.015814656;0.019270656;0.009755648;0.007454720000000001;0.007600127999999999;0.005822464;0.0061952;0.005307392;0.0058920959999999994;0.006792192;0.006065152;0.005791744;0.006213631999999999;0.004931584;0.004414464;0.004256768;0.005397504;0.006250496;0.002802688;0.0027811840000000003;0.0029163519999999997;0.0027648;0.002587648;0.001312768;0.0012646399999999998;0.0027658239999999996;0.002514944;0.001575936;0.001738752;0.0017121280000000003;0.00200704;0.002436096;0.0018442240000000002;0.001432576;0.002026496;0.001531904;0.001048576;0.001188864;0.0010803199999999998;0.0008222720000000001;0.00080384;0.000809984;0.000740352;0.0006973439999999999;0.0006932479999999999;0.00082432;0.0008355839999999999;0.000646144;0.000400384
1778548500,hdr,0.0293;0.03906;0.04883;0.05859;0.06836;0.07813;0.08789;0.09766;0.10742;0.11719;0.12695;0.13672;0.14648;0.15625;0.16602;0.17578;0.18555;0.19531;0.20508;0.21484;0.22461;0.23438;0.24414;0.25391;0.26367;0.27344;0.2832;0.29297;0.30273;0.3125;0.32227;0.33203;0.3418;0.35156;0.36133;0.37109;0.38086;0.39063;0.40039;0.41016;0.41992;0.42969;0.43945;0.44922;0.45898;0.46875;0.47852;0.48828;0.49805;0.50781;0.51758;0.52734;0.53711;0.54688;0.55664;0.56641;0.57617;0.58594;0.5957;0.60547;0.61523;0.625;0.63477;0.64453;0.6543;0.66406;0.67383;0.68359;0.69336;0.70313;0.71289;0.72266;0.73242;0.74219;0.75195;0.76172;0.77148;0.78125;0.79102,0.009500672;0.018407424;0.016564224;0.017815552;0.052086784;0.192147456;0.359094272;0.7976529920000001;1.108805632;1.08017664;0.3528192;0.168665088;0.223842304;0.28394700799999995;0.14440652800000003;0.10453811199999999;0.06880256;0.09542246400000001;0.091891712;0.054779904000000004;0.035930112;0.034207744;0.024209407999999998;0.021004288;0.01547264;0.013285376;0.009080831999999999;0.008605696;0.012767232;0.013692928;0.015413248;0.011485184;0.009885696;0.007641088;0.008124416;0.009529343999999999;0.0048762879999999995;0.0040345599999999995;0.005636096;0.007864320000000001;0.006201344;0.003864576;0.0070492160000000005;0.007481344;0.004726784;0.003039232;0.00331776;0.002768896;0.002234368;0.0027729919999999997;0.003168256;0.003567616;0.0023408640000000002;0.0013004800000000001;0.002349056;0.0019046400000000002;0.0018595839999999998;0.0023818240000000003;0.0021667839999999997;0.001550336;0.001380352;0.0011120639999999998;0.0011694079999999998;0.0013578239999999999;0.001435648;0.001384448;0.001558528;0.000813056;0.00044646400000000004;0.000858112;0.000841728;0.000555008;0.0004956159999999999;0.00040345599999999995;0.00039936;0.0004956159999999999;0.000647168;0.000350208;0.00047923199999999995
1778549400,hdr,0.0293;0.03906;0.04883;0.05859;0.06836;0.07813;0.08789;0.09766;0.10742;0.11719;0.12695;0.13672;0.14648;0.15625;0.16602;0.17578;0.18555;0.19531;0.20508;0.21484;0.22461;0.23438;0.24414;0.25391;0.26367;0.27344;0.2832;0.29297;0.30273;0.3125;0.32227;0.33203;0.3418;0.35156;0.36133;0.37109;0.38086;0.39063;0.40039;0.41016;0.41992;0.42969;0.43945;0.44922;0.45898;0.46875;0.47852;0.48828;0.49805;0.50781;0.51758;0.52734;0.53711;0.54688;0.55664;0.56641;0.57617;0.58594;0.5957;0.60547;0.61523;0.625;0.63477;0.64453;0.6543;0.66406;0.67383;0.68359;0.69336;0.70313;0.71289;0.72266;0.73242;0.74219;0.75195;0.76172;0.77148;0.78125;0.79102,0.012432384;0.025634815999999998;0.025509887999999998;0.022114304;0.040796160000000005;0.08782336;0.311524352;0.610940928;0.7097415680000001;0.5125888;0.42405888;0.339345408;0.17744896;0.08786329600000001;0.10344652800000001;0.112695296;0.06446284799999999;0.064374784;0.08592384;0.06400409600000001;0.06648217599999999;0.053714944;0.021664768;0.018837504;0.011439104000000002;0.013187072;0.012181504000000001;0.01146368;0.009914368;0.012209152000000001;0.010696704;0.009886720000000002;0.009352192;0.006892544;0.006980608;0.0055111679999999994;0.004644864;0.004220928;0.0054855680000000006;0.0038840320000000004;0.002419712;0.0051302399999999995;0.0054016;0.0038819839999999998;0.005599232;0.00551424;0.005006336;0.0029911039999999996;0.001956864;0.002082816;0.0031426559999999997;0.002792448;0.002704384;0.0032471040000000002;0.0032430080000000003;0.0021626880000000003;0.0016148479999999999;0.001344512;0.001062912;0.001277952;0.0013424640000000002;0.00144896;0.00134656;0.001206272;0.00141312;0.0011243520000000001;0.000823296;0.0011284479999999998;0.0009727999999999999;0.000515072;0.0005898240000000001;0.0006225919999999999;0.0007188480000000001;0.000644096;0.000668672;0.000456704;0.000461824;0.000442368;0.00047616000000000005
1778550300,hdr,0.0293;0.03906;0.04883;0.05859;0.06836;0.07813;0.08789;0.09766;0.10742;0.11719;0.12695;0.13672;0.14648;0.15625;0.16602;0.17578;0.18555;0.19531;0.20508;0.21484;0.22461;0.23438;0.24414;0.25391;0.26367;0.27344;0.2832;0.29297;0.30273;0.3125;0.32227;0.33203;0.3418;0.35156;0.36133;0.37109;0.38086;0.39063;0.40039;0.41016;0.41992;0.42969;0.43945;0.44922;0.45898;0.46875;0.47852;0.48828;0.49805;0.50781;0.51758;0.52734;0.53711;0.54688;0.55664;0.56641;0.57617;0.58594;0.5957;0.60547;0.61523;0.625;0.63477;0.64453;0.6543;0.66406;0.67383;0.68359;0.69336;0.70313;0.71289;0.72266;0.73242;0.74219;0.75195;0.76172;0.77148;0.78125;0.79102,0.0057999359999999995;0.018831360000000002;0.018296832;0.02604544;0.08057651199999999;0.101129216;0.214426624;0.5856952320000001;0.80638464;0.48075776000000003;0.344809472;0.29539532799999996;0.28023808;0.20750848;0.11294208;0.12622336;0.117474304;0.096136192;0.07562547200000001;0.06440652799999999;0.067955712;0.050250752;0.022810623999999998;0.029448191999999998;0.026043392;0.01723904;0.013405184;0.014401536;0.014897152;0.0141824;0.012993536;0.010613759999999998;0.009250816;0.007095296;0.00731648;0.007184384;0.005952512;0.005604352;0.006167552;0.007110656;0.0053442559999999995;0.006683648;0.005280768;0.005008384;0.0035809279999999997;0.003359744;0.0023439359999999996;0.00278016;0.0033832960000000005;0.0031815679999999996;0.003352576;0.00347648;0.002674688;0.002395136;0.00315904;0.00315904;0.002328576;0.002436096;0.001107968;0.001837056;0.001637376;0.0014376960000000002;0.001570816;0.001654784;0.000740352;0.000427008;0.0006184960000000001;0.00040345599999999995;0.000576512;0.000786432;0.0006502400000000001;0.00082432;0.0007137280000000001;0.000642048;0.000922624;0.000664576;0.0006000640000000001;0.00047820800000000004;0.000429056
1778551200,hdr,0.0293;0.03906;0.04883;0.05859;0.06836;0.07813;0.08789;0.09766;0.10742;0.11719;0.12695;0.13672;0.14648;0.15625;0.16602;0.17578;0.18555;0.19531;0.20508;0.21484;0.22461;0.23438;0.24414;0.25391;0.26367;0.27344;0.2832;0.29297;0.30273;0.3125;0.32227;0.33203;0.3418;0.35156;0.36133;0.37109;0.38086;0.39063;0.40039;0.41016;0.41992;0.42969;0.43945;0.44922;0.45898;0.46875;0.47852;0.48828;0.49805;0.50781;0.51758;0.52734;0.53711;0.54688;0.55664;0.56641;0.57617;0.58594;0.5957;0.60547;0.61523;0.625;0.63477;0.64453;0.6543;0.66406;0.67383;0.68359;0.69336;0.70313;0.71289;0.72266;0.73242;0.74219;0.75195;0.76172;0.77148;0.78125;0.79102,0.0060672;0.005303295999999999;0.006380544000000001;0.010548224;0.030993408;0.133061632;0.354875392;0.5626112000000001;0.7944253440000001;0.58419712;0.341543936;0.199862272;0.16504831999999997;0.118342656;0.11997081600000001;0.088501248;0.046572544;0.062600192;0.078439424;0.072592384;0.069516288;0.048361472;0.027051007999999998;0.027341824;0.021042176000000003;0.01628672;0.010608639999999999;0.006074367999999999;0.007958528;0.01148416;0.016253952000000002;0.014537728;0.009971711999999999;0.007133184;0.009370624;0.005999616;0.006730752;0.010293248;0.005785599999999999;0.003868672;0.0045322240000000005;0.006762495999999999;0.004829183999999999;0.003892224;0.005215232;0.003308544;0.0025528319999999997;0.003909632;0.004797439999999999;0.0039075839999999995;0.0033536000000000004;0.003286016;0.0033218559999999998;0.002318336;0.00269312;0.0021985280000000004;0.002522112;0.002407424;0.0025753599999999996;0.001646592;0.00221184;0.001446912;0.001374208;0.0019128320000000002;0.00128512;0.0011202559999999998;0.000968704;0.00098816;0.0008622079999999999;0.0006963200000000001;0.0008560640000000001;0.0008744960000000001;0.0009256959999999999;0.000687104;0.00040345599999999995;0.00035942400000000006;0.00034816000000000003;0.00046284799999999997;0.0006778880000000001
1778552100,hdr,0.0293;0.03906;0.04883;0.05859;0.06836;0.07813;0.08789;0.09766;0.10742;0.11719;0.12695;0.13672;0.14648;0.15625;0.16602;0.17578;0.18555;0.19531;0.20508;0.21484;0.22461;0.23438;0.24414;0.25391;0.26367;0.27344;0.2832;0.29297;0.30273;0.3125;0.32227;0.33203;0.3418;0.35156;0.36133;0.37109;0.38086;0.39063;0.40039;0.41016;0.41992;0.42969;0.43945;0.44922;0.45898;0.46875;0.47852;0.48828;0.49805;0.50781;0.51758;0.52734;0.53711;0.54688;0.55664;0.56641;0.57617;0.58594;0.5957;0.60547;0.61523;0.625;0.63477;0.64453;0.6543;0.66406;0.67383;0.68359;0.69336;0.70313;0.71289;0.72266;0.73242;0.74219;0.75195;0.76172;0.77148;0.78125;0.79102,0.016216064;0.018720768;0.006617088;0.0067952640000000005;0.043716608;0.14110720000000002;0.45556531200000006;0.915152896;1.158291456;0.9275781120000001;0.409964544;0.152270848;0.12052889600000001;0.14517248000000002;0.124239872;0.11019059199999999;0.083828736;0.06607257600000001;0.082681856;0.05121024;0.07085260800000001;0.073484288;0.040671232;0.023834624;0.014678016;0.014845952;0.018982912;0.01154048;0.010530815999999998;0.006133759999999999;0.008507391999999999;0.006600704000000001;0.007788544;0.005523456;0.00799744;0.006012928;0.0042065919999999994;0.006064128;0.004327424;0.003678208;0.004939776;0.005804032;0.004175872000000001;0.002291712;0.004042752;0.0032133120000000003;0.003708928;0.004390912;0.0036843519999999997;0.0020582400000000002;0.0033464320000000003;0.005142528;0.004511744000000001;0.0028303359999999997;0.00182272;0.0019087359999999999;0.0023818240000000003;0.0016445440000000002;0.00134144;0.002134016;0.001646592;0.00128;0.0009216000000000001;0.001441792;0.001605632;0.00181248;0.0012001280000000002;0.000632832;0.000786432;0.0009297919999999999;0.001024;0.001110016;0.000770048;0.000606208;0.000550912;0.0007249919999999999;0.000659456;0.0006225919999999999;0.000559104
1778553000,hdr,0.0293;0.03906;0.04883;0.05859;0.06836;0.07813;0.08789;0.09766;0.10742;0.11719;0.12695;0.13672;0.14648;0.15625;0.16602;0.17578;0.18555;0.19531;0.20508;0.21484;0.22461;0.23438;0.24414;0.25391;0.26367;0.27344;0.2832;0.29297;0.30273;0.3125;0.32227;0.33203;0.3418;0.35156;0.36133;0.37109;0.38086;0.39063;0.40039;0.41016;0.41992;0.42969;0.43945;0.44922;0.45898;0.46875;0.47852;0.48828;0.49805;0.50781;0.51758;0.52734;0.53711;0.54688;0.55664;0.56641;0.57617;0.58594;0.5957;0.60547;0.61523;0.625;0.63477;0.64453;0.6543;0.66406;0.67383;0.68359;0.69336;0.70313;0.71289;0.72266;0.73242;0.74219;0.75195;0.76172;0.77148;0.78125;0.79102,0.0064768000000000004;0.015107072000000001;0.013115392;0.009704448;0.040932352;0.090590208;0.265088;0.48056217600000006;0.75695104;0.588582912;0.29678592;0.212487168;0.19203993600000002;0.17527398400000002;0.111442944;0.09437491199999999;0.092688384;0.09667993600000001;0.071743488;0.061924352;0.051385344000000006;0.038393856;0.035422208;0.019090432;0.016935936000000002;0.021497856;0.012210176000000001;0.01069056;0.013218816000000001;0.012173312;0.013564928;0.009242624;0.006977536;0.006513664000000001;0.005426176;0.006355968;0.004897792000000001;0.005405696;0.006598656;0.0060887039999999995;0.0047104;0.005730304;0.0045875199999999994;0.005293056;0.0051456;0.0031784960000000003;0.0035829760000000003;0.003355648;0.002244608;0.002689024;0.001876992;0.001997824;0.001032192;0.001777664;0.002110464;0.002444288;0.0014991359999999999;0.0012288;0.001548288;0.0020357120000000003;0.001997824;0.0018176000000000002;0.001862656;0.001941504;0.001401856;0.001534976;0.001267712;0.000703488;0.0007464960000000001;0.000744448;0.001122304;0.000932864;0.000831488;0.001181696;0.001067008;0.00091648;0.000623616;0.000661504;0.000557056
1778553900,hdr,0.0293;0.03906;0.04883;0.05859;0.06836;0.07813;0.08789;0.09766;0.10742;0.11719;0.12695;0.13672;0.14648;0.15625;0.16602;0.17578;0.18555;0.19531;0.20508;0.21484;0.22461;0.23438;0.24414;0.25391;0.26367;0.27344;0.2832;0.29297;0.30273;0.3125;0.32227;0.33203;0.3418;0.35156;0.36133;0.37109;0.38086;0.39063;0.40039;0.41016;0.41992;0.42969;0.43945;0.44922;0.45898;0.46875;0.47852;0.48828;0.49805;0.50781;0.51758;0.52734;0.53711;0.54688;0.55664;0.56641;0.57617;0.58594;0.5957;0.60547;0.61523;0.625;0.63477;0.64453;0.6543;0.66406;0.67383;0.68359;0.69336;0.70313;0.71289;0.72266;0.73242;0.74219;0.75195;0.76172;0.77148;0.78125;0.79102,0.01265664;0.012281855999999999;0.005681152;0.01373184;0.047470592000000006;0.122157056;0.34465792;0.948068352;1.77409024;1.2842516480000001;0.436123648;0.159780864;0.160647168;0.136534016;0.10022911999999999;0.10242662400000001;0.074006528;0.07942144;0.079382528;0.136454144;0.12315648;0.07609958399999998;0.027414528;0.010620928;0.010534912;0.010072063999999999;0.012808192000000001;0.015087616;0.00887808;0.012201984;0.018413568;0.015986688;0.010520576;0.00579584;0.006305792;0.005271552;0.004800512000000001;0.006733824;0.005900287999999999;0.00474112;0.004962303999999999;0.003538944;0.003366912;0.0032460799999999997;0.0034488319999999998;0.003551232;0.002482176;0.0035614720000000004;0.004560896;0.00401408;0.002768896;0.001685504;0.0020500479999999996;0.001527808;0.00187392;0.0018432000000000001;0.001486848;0.0010178560000000001;0.0013148160000000001;0.0016936960000000002;0.001540096;0.001384448;0.002009088;0.001601536;0.00164864;0.0022241279999999997;0.001517568;0.0010014719999999998;0.000763904;0.000843776;0.001069056;0.0013926400000000001;0.001159168;0.000733184;0.0004956159999999999;0.000694272;0.0005877759999999999;0.000475136;0.000516096
1778554800,hdr,0.0293;0.03906;0.04883;0.05859;0.06836;0.07813;0.08789;0.09766;0.10742;0.11719;0.12695;0.13672;0.14648;0.15625;0.16602;0.17578;0.18555;0.19531;0.20508;0.21484;0.22461;0.23438;0.24414;0.25391;0.26367;0.27344;0.2832;0.29297;0.30273;0.3125;0.32227;0.33203;0.3418;0.35156;0.36133;0.37109;0.38086;0.39063;0.40039;0.41016;0.41992;0.42969;0.43945;0.44922;0.45898;0.46875;0.47852;0.48828;0.49805;0.50781;0.51758;0.52734;0.53711;0.54688;0.55664;0.56641;0.57617;0.58594;0.5957;0.60547;0.61523;0.625;0.63477;0.64453;0.6543;0.66406;0.67383;0.68359;0.69336;0.70313;0.71289;0.72266;0.73242;0.74219;0.75195;0.76172;0.77148;0.78125;0.79102,0.004653056000000001;0.01255424;0.012949503999999999;0.013553663999999998;0.038111232;0.072650752;0.27080294400000005;0.807876608;1.10998528;0.6489886719999999;0.295510016;0.13861888;0.11030118400000001;0.10359808;0.11387904000000001;0.10910720000000002;0.10376396800000001;0.076541952;0.068245504;0.07598694399999999;0.059961344;0.052715519999999995;0.024367104000000004;0.014092288;0.010938368;0.0159744;0.01995776;0.017258495999999998;0.012273664;0.012306431999999999;0.010145791999999999;0.005031936;0.005480448000000001;0.004388863999999999;0.005320704;0.005462016000000001;0.0055951360000000006;0.004257792000000001;0.0056872960000000005;0.004511744000000001;0.003452928;0.005296128000000001;0.005521408;0.0035368960000000003;0.002596864;0.002279424;0.0023920639999999997;0.00279552;0.0020582400000000002;0.0018411519999999998;0.002009088;0.0016302080000000002;0.001603584;0.002445312;0.003309568;0.001687552;0.001005568;0.0011407359999999998;0.001652736;0.001058816;0.0012001280000000002;0.001089536;0.0014336;0.001497088;0.001282048;0.0015114240000000001;0.001409024;0.0009727999999999999;0.000800768;0.00104448;0.0011284479999999998;0.000772096;0.00065536;0.000557056;0.0006819840000000001;0.000559104;0.00052224;0.0008765439999999999;0.000825344
1778555700,hdr,0.0293;0.03906;0.04883;0.05859;0.06836;0.07813;0.08789;0.09766;0.10742;0.11719;0.12695;0.13672;0.14648;0.15625;0.16602;0.17578;0.18555;0.19531;0.20508;0.21484;0.22461;0.23438;0.24414;0.25391;0.26367;0.27344;0.2832;0.29297;0.30273;0.3125;0.32227;0.33203;0.3418;0.35156;0.36133;0.37109;0.38086;0.39063;0.40039;0.41016;0.41992;0.42969;0.43945;0.44922;0.45898;0.46875;0.47852;0.48828;0.49805;0.50781;0.51758;0.52734;0.53711;0.54688;0.55664;0.56641;0.57617;0.58594;0.5957;0.60547;0.61523;0.625;0.63477;0.64453;0.6543;0.66406;0.67383;0.68359;0.69336;0.70313;0.71289;0.72266;0.73242;0.74219;0.75195;0.76172;0.77148;0.78125;0.79102,0.005198848;0.01097728;0.010964992;0.008327168;0.041980928;0.08975872;0.374361088;0.663758848;0.706651136;0.53490176;0.282285056;0.160238592;0.082702336;0.12568576;0.075959296;0.046531584;0.04283801600000001;0.07238144;0.107118592;0.093786112;0.07140352;0.036402176;0.024884224;0.013227008;0.015183872;0.011763711999999999;0.010677248000000002;0.00943104;0.008563712000000001;0.01244672;0.014660608;0.010290176000000002;0.00843264;0.007374848;0.005367808;0.0027586560000000004;0.004569088;0.005264384;0.00654336;0.006514687999999999;0.006956032;0.006873087999999999;0.0038492160000000004;0.0038819839999999998;0.0022732800000000004;0.0031733760000000003;0.0033791999999999997;0.004805632000000001;0.003997696;0.002676736;0.00323072;0.0025456639999999996;0.002752512;0.0022466560000000005;0.001803264;0.001467392;0.001125376;0.001275904;0.00146432;0.001702912;0.002722816;0.001845248;0.000930816;0.000723968;0.000867328;0.00121344;0.00134656;0.000908288;0.000760832;0.001005568;0.001006592;0.001022976;0.000871424;0.0007086080000000001;0.0008212479999999999;0.00080384;0.000632832;0.0007116799999999999;0.001033216
1778556600,hdr,0.0293;0.03906;0.04883;0.05859;0.06836;0.07813;0.08789;0.09766;0.10742;0.11719;0.12695;0.13672;0.14648;0.15625;0.16602;0.17578;0.18555;0.19531;0.20508;0.21484;0.22461;0.23438;0.24414;0.25391;0.26367;0.27344;0.2832;0.29297;0.30273;0.3125;0.32227;0.33203;0.3418;0.35156;0.36133;0.37109;0.38086;0.39063;0.40039;0.41016;0.41992;0.42969;0.43945;0.44922;0.45898;0.46875;0.47852;0.48828;0.49805;0.50781;0.51758;0.52734;0.53711;0.54688;0.55664;0.56641;0.57617;0.58594;0.5957;0.60547;0.61523;0.625;0.63477;0.64453;0.6543;0.66406;0.67383;0.68359;0.69336;0.70313;0.71289;0.72266;0.73242;0.74219;0.75195;0.76172;0.77148;0.78125;0.79102,0.005136384;0.007954431999999999;0.004862976;0.013990912;0.03726336;0.087238656;0.21418291199999998;0.503032832;0.864355328;0.62291968;0.29550489599999996;0.134765568;0.082807808;0.08196710400000001;0.084310016;0.07960576000000001;0.064045056;0.076336128;0.087360512;0.09555148800000002;0.076814336;0.082470912;0.03331072;0.014896127999999998;0.009153536;0.010392576;0.015250432000000001;0.017714175999999998;0.014737407999999999;0.017229824;0.015435776;0.010697727999999998;0.009944063999999999;0.0063395840000000005;0.006030336;0.005244928;0.00374784;0.003658752;0.005466112;0.007065599999999999;0.007601152;0.005307392;0.0035010560000000002;0.002516992;0.00275456;0.00377856;0.003661824;0.003252224;0.002929664;0.002798592;0.00358912;0.002676736;0.0016435199999999999;0.001313792;0.001811456;0.001685504;0.0018421759999999998;0.001404928;0.0013752319999999999;0.001132544;0.0011755519999999998;0.0011919360000000002;0.001388544;0.0016609279999999999;0.0019660800000000003;0.0018360320000000002;0.0011407359999999998;0.0007423999999999999;0.000642048;0.00077824;0.000881664;0.00096768;0.00091136;0.000664576;0.000761856;0.000930816;0.0008202239999999999;0.000518144;0.000637952
1778557500,hdr,0.0293;0.03906;0.04883;0.05859;0.06836;0.07813;0.08789;0.09766;0.10742;0.11719;0.12695;0.13672;0.14648;0.15625;0.16602;0.17578;0.18555;0.19531;0.20508;0.21484;0.22461;0.23438;0.24414;0.25391;0.26367;0.27344;0.2832;0.29297;0.30273;0.3125;0.32227;0.33203;0.3418;0.35156;0.36133;0.37109;0.38086;0.39063;0.40039;0.41016;0.41992;0.42969;0.43945;0.44922;0.45898;0.46875;0.47852;0.48828;0.49805;0.50781;0.51758;0.52734;0.53711;0.54688;0.55664;0.56641;0.57617;0.58594;0.5957;0.60547;0.61523;0.625;0.63477;0.64453;0.6543;0.66406;0.67383;0.68359;0.69336;0.70313;0.71289;0.72266;0.73242;0.74219;0.75195;0.76172;0.77148;0.78125;0.79102,0.004896768;0.007153664;0.009523199999999999;0.01211392;0.043567104;0.08194048;0.151308288;0.556679168;1.15354624;0.9905745920000001;0.538251264;0.2464256;0.085241856;0.06969344;0.10243071999999999;0.096043008;0.063332352;0.123181056;0.10774323200000001;0.051822591999999994;0.06738124799999999;0.078206976;0.053190655999999996;0.015706111999999998;0.018665472000000002;0.016324608;0.009340928;0.009826304;0.013144064;0.009172992;0.01106944;0.012560384;0.008286208;0.005804032;0.006203391999999999;0.006619136;0.003858432;0.0037273600000000003;0.003831808;0.005210112;0.004716544;0.0055480320000000005;0.0058122239999999995;0.004593664000000001;0.003434496;0.0027361279999999996;0.001820672;0.0024064;0.003043328;0.00350208;0.0037928959999999996;0.004429824;0.003649536;0.0028999679999999997;0.0027729919999999997;0.0017489920000000002;0.0013148160000000001;0.00151552;0.00162816;0.0015892480000000001;0.001056768;0.001069056;0.001292288;0.0014110720000000002;0.0013926400000000001;0.001406976;0.0010608640000000001;0.000995328;0.001247232;0.00065536;0.000692224;0.000698368;0.0007557120000000001;0.000720896;0.000376832;0.00043827199999999997;0.00064512;0.00067584;0.000436224
1778558400,hdr,0.0293;0.03906;0.04883;0.05859;0.06836;0.07813;0.08789;0.09766;0.10742;0.11719;0.12695;0.13672;0.14648;0.15625;0.16602;0.17578;0.18555;0.19531;0.20508;0.21484;0.22461;0.23438;0.24414;0.25391;0.26367;0.27344;0.2832;0.29297;0.30273;0.3125;0.32227;0.33203;0.3418;0.35156;0.36133;0.37109;0.38086;0.39063;0.40039;0.41016;0.41992;0.42969;0.43945;0.44922;0.45898;0.46875;0.47852;0.48828;0.49805;0.50781;0.51758;0.52734;0.53711;0.54688;0.55664;0.56641;0.57617;0.58594;0.5957;0.60547;0.61523;0.625;0.63477;0.64453;0.6543;0.66406;0.67383;0.68359;0.69336;0.70313;0.71289;0.72266;0.73242;0.74219;0.75195;0.76172;0.77148;0.78125;0.79102,0.003971072;0.005656576;0.004448255999999999;0.011603968000000001;0.036579327999999994;0.073392128;0.269348864;0.935182336;1.1647324159999999;0.752822272;0.45080576;0.18732236800000002;0.142473216;0.091652096;0.08242380799999999;0.064864256;0.050292736;0.081586176;0.093034496;0.101773312;0.098359296;0.07408435199999999;0.03749888;0.0274944;0.029018112;0.02030592;0.010250239999999999;0.009191423999999998;0.00990208;0.008079359999999999;0.013281280000000001;0.01552384;0.01098752;0.007467008;0.0041472;0.004073472;0.00498688;0.004530176;0.00531456;0.005054464;0.0052142080000000006;0.004513791999999999;0.004198400000000001;0.004139008;0.0034918399999999995;0.003559424;0.003391488;0.003104768;0.002656256;0.002603008;0.0026787839999999996;0.001763328;0.00198656;0.0021360640000000005;0.0015892480000000001;0.00164864;0.002045952;0.001687552;0.0015892480000000001;0.001583104;0.000823296;0.001040384;0.0011366400000000002;0.0011427840000000002;0.0015114240000000001;0.001165312;0.000772096;0.000831488;0.000923648;0.0010178560000000001;0.000868352;0.000555008;0.0005754880000000001;0.000661504;0.000700416;0.000641024;0.00046080000000000003;0.000475136;0.00040960000000000004
1778559300,hdr,0.0293;0.03906;0.04883;0.05859;0.06836;0.07813;0.08789;0.09766;0.10742;0.11719;0.12695;0.13672;0.14648;0.15625;0.16602;0.17578;0.18555;0.19531;0.20508;0.21484;0.22461;0.23438;0.24414;0.25391;0.26367;0.27344;0.2832;0.29297;0.30273;0.3125;0.32227;0.33203;0.3418;0.35156;0.36133;0.37109;0.38086;0.39063;0.40039;0.41016;0.41992;0.42969;0.43945;0.44922;0.45898;0.46875;0.47852;0.48828;0.49805;0.50781;0.51758;0.52734;0.53711;0.54688;0.55664;0.56641;0.57617;0.58594;0.5957;0.60547;0.61523;0.625;0.63477;0.64453;0.6543;0.66406;0.67383;0.68359;0.69336;0.70313;0.71289;0.72266;0.73242;0.74219;0.75195;0.76172;0.77148;0.78125;0.79102,0.004335616;0.012649472;0.015331328;0.02567168;0.056778752;0.086237184;0.18395340799999998;0.466347008;0.7613450239999999;0.7196672;0.383495168;0.1427456;0.09044582400000001;0.059487231999999994;0.07726796799999999;0.06965452800000001;0.084345856;0.11356774400000001;0.108127232;0.10037248;0.067902464;0.05441536;0.03966464;0.025421824;0.012391424000000002;0.01302016;0.015083520000000001;0.009213952000000001;0.006411264;0.010513408;0.012544;0.009944063999999999;0.007289856000000001;0.00694784;0.005051392;0.005671936;0.005914623999999999;0.005062656;0.005393408000000001;0.006688768;0.004409344;0.004259839999999999;0.003724288;0.001903616;0.003351552;0.0025415679999999997;0.002458624;0.001792;0.00123904;0.0013905920000000002;0.0020224;0.0019466239999999999;0.0020490240000000004;0.001878016;0.0017397760000000002;0.0013690880000000003;0.0018042879999999998;0.001185792;0.00080384;0.0008151040000000001;0.001166336;0.001634304;0.00137216;0.001404928;0.001504256;0.001330176;0.000965632;0.000978944;0.000924672;0.00105472;0.001082368;0.000847872;0.00061952;0.00041676800000000003;0.00040550399999999994;0.00043110399999999997;0.000557056;0.0009400319999999999;0.0008929280000000001
1778560200,hdr,0.0293;0.03906;0.04883;0.05859;0.06836;0.07813;0.08789;0.09766;0.10742;0.11719;0.12695;0.13672;0.14648;0.15625;0.16602;0.17578;0.18555;0.19531;0.20508;0.21484;0.22461;0.23438;0.24414;0.25391;0.26367;0.27344;0.2832;0.29297;0.30273;0.3125;0.32227;0.33203;0.3418;0.35156;0.36133;0.37109;0.38086;0.39063;0.40039;0.41016;0.41992;0.42969;0.43945;0.44922;0.45898;0.46875;0.47852;0.48828;0.49805;0.50781;0.51758;0.52734;0.53711;0.54688;0.55664;0.56641;0.57617;0.58594;0.5957;0.60547;0.61523;0.625;0.63477;0.64453;0.6543;0.66406;0.67383;0.68359;0.69336;0.70313;0.71289;0.72266;0.73242;0.74219;0.75195;0.76172;0.77148;0.78125;0.79102,0.006600704000000001;0.008114176;0.008794112000000001;0.012898304;0.04689510400000001;0.079517696;0.19828531200000002;0.462706688;1.162407936;1.0909695999999998;0.567126016;0.143212544;0.07988224;0.076484608;0.094988288;0.06723379199999999;0.060444672;0.052482048;0.08774246399999999;0.081137664;0.072728576;0.052647936;0.039079935999999996;0.021385216000000002;0.011454464;0.012730368;0.010764288;0.0107008;0.009797631999999999;0.008351744000000001;0.013365248;0.01006592;0.008351744000000001;0.004616192;0.006584319999999999;0.008298495999999999;0.005484544;0.002605056;0.003598336;0.004222976;0.0037601279999999997;0.004059136;0.003360768;0.002373632;0.0029982719999999997;0.004184064;0.004356095999999999;0.0032337920000000005;0.00231424;0.00203776;0.001783808;0.002932736;0.002312192;0.0016302080000000002;0.001593344;0.001497088;0.0014581759999999998;0.0015892480000000001;0.0019230719999999998;0.002048;0.0014110720000000002;0.0007884799999999999;0.001134592;0.0011202559999999998;0.0008069119999999999;0.001110016;0.001118208;0.000620544;0.000475136;0.000641024;0.0006574080000000001;0.000770048;0.000768;0.000503808;0.000774144;0.0007168;0.000704512;0.000679936;0.00040960000000000004
1778561100,hdr,0.0293;0.03906;0.04883;0.05859;0.06836;0.07813;0.08789;0.09766;0.10742;0.11719;0.12695;0.13672;0.14648;0.15625;0.16602;0.17578;0.18555;0.19531;0.20508;0.21484;0.22461;0.23438;0.24414;0.25391;0.26367;0.27344;0.2832;0.29297;0.30273;0.3125;0.32227;0.33203;0.3418;0.35156;0.36133;0.37109;0.38086;0.39063;0.40039;0.41016;0.41992;0.42969;0.43945;0.44922;0.45898;0.46875;0.47852;0.48828;0.49805;0.50781;0.51758;0.52734;0.53711;0.54688;0.55664;0.56641;0.57617;0.58594;0.5957;0.60547;0.61523;0.625;0.63477;0.64453;0.6543;0.66406;0.67383;0.68359;0.69336;0.70313;0.71289;0.72266;0.73242;0.74219;0.75195;0.76172;0.77148;0.78125;0.79102,0.0032808959999999997;0.011020288;0.01366016;0.008802304;0.028905471999999998;0.078454784;0.33626111999999997;1.034801152;1.301950464;0.878333952;0.39255244800000005;0.21022924800000004;0.10049945599999999;0.04641177600000001;0.037408768;0.051884032;0.06863872;0.113494016;0.140183552;0.099538944;0.06948864;0.036808704;0.032571392000000005;0.021884928;0.011907072;0.009263104;0.01032192;0.012167167999999999;0.012040192;0.012386304;0.014675968;0.010776576000000001;0.006375424;0.002945024;0.005527552;0.005517312000000001;0.0055480320000000005;0.00336896;0.0034078719999999997;0.004435968;0.003500032;0.00306176;0.002787328;0.003670016;0.001937408;0.002265088;0.0027115520000000003;0.003487744;0.003811328;0.0033812479999999995;0.0039301119999999995;0.004517888;0.0031784960000000003;0.002844672;0.002502656;0.001509376;0.001765376;0.00183296;0.0011264;0.001251328;0.001087488;0.000985088;0.001087488;0.0014274560000000001;0.0011714560000000002;0.000610304;0.0005857280000000001;0.0009543679999999999;0.000978944;0.0010813440000000001;0.0010014719999999998;0.0013393919999999998;0.0009523200000000001;0.000616448;0.000761856;0.000526336;0.000423936;0.000325632;0.000565248
1778562000,hdr,0.0293;0.03906;0.04883;0.05859;0.06836;0.07813;0.08789;0.09766;0.10742;0.11719;0.12695;0.13672;0.14648;0.15625;0.16602;0.17578;0.18555;0.19531;0.20508;0.21484;0.22461;0.23438;0.24414;0.25391;0.26367;0.27344;0.2832;0.29297;0.30273;0.3125;0.32227;0.33203;0.3418;0.35156;0.36133;0.37109;0.38086;0.39063;0.40039;0.41016;0.41992;0.42969;0.43945;0.44922;0.45898;0.46875;0.47852;0.48828;0.49805;0.50781;0.51758;0.52734;0.53711;0.54688;0.55664;0.56641;0.57617;0.58594;0.5957;0.60547;0.61523;0.625;0.63477;0.64453;0.6543;0.66406;0.67383;0.68359;0.69336;0.70313;0.71289;0.72266;0.73242;0.74219;0.75195;0.76172;0.77148;0.78125;0.79102,0.004308992;0.009988096000000002;0.009987072;0.021989376;0.056091648;0.119960576;0.198066176;0.6518906879999999;0.895789056;0.45305958399999996;0.217859072;0.164942848;0.093476864;0.07902105599999999;0.072840192;0.08403968;0.069659648;0.07754854400000001;0.10678272;0.092864512;0.093064192;0.08894873599999999;0.050004992;0.043686911999999994;0.026725376;0.014527488;0.01268736;0.015008768;0.018873344;0.020697088;0.021526528;0.012681215999999999;0.010169344;0.009086976;0.00566784;0.004488192;0.004240384;0.004982784;0.005777408;0.007428096;0.004795392;0.003175424;0.003933184;0.005405696;0.003579904;0.003069952;0.0020224;0.0019148799999999999;0.0025374720000000003;0.002412544;0.00185344;0.002077696;0.001509376;0.001599488;0.002026496;0.002108416;0.002548736;0.001956864;0.002586624;0.001942528;0.0013209599999999997;0.001337344;0.0010680320000000002;0.001000448;0.001165312;0.001056768;0.000896;0.0007219199999999999;0.000714752;0.0005406720000000001;0.0008386559999999999;0.000779264;0.000937984;0.0008591359999999999;0.0006830079999999999;0.00044339199999999997;0.000303104;0.000449536;0.000452608
1778562900,hdr,0.0293;0.03906;0.04883;0.05859;0.06836;0.07813;0.08789;0.09766;0.10742;0.11719;0.12695;0.13672;0.14648;0.15625;0.16602;0.17578;0.18555;0.19531;0.20508;0.21484;0.22461;0.23438;0.24414;0.25391;0.26367;0.27344;0.2832;0.29297;0.30273;0.3125;0.32227;0.33203;0.3418;0.35156;0.36133;0.37109;0.38086;0.39063;0.40039;0.41016;0.41992;0.42969;0.43945;0.44922;0.45898;0.46875;0.47852;0.48828;0.49805;0.50781;0.51758;0.52734;0.53711;0.54688;0.55664;0.56641;0.57617;0.58594;0.5957;0.60547;0.61523;0.625;0.63477;0.64453;0.6543;0.66406;0.67383;0.68359;0.69336;0.70313;0.71289;0.72266;0.73242;0.74219;0.75195;0.76172;0.77148;0.78125;0.79102,0.006273024;0.013178879999999999;0.009581568;0.018981888000000002;0.04537856;0.07562239999999999;0.25172479999999997;0.5917470720000001;0.7713986559999999;0.681889792;0.6460805119999999;0.311778304;0.126517248;0.086767616;0.08050995200000001;0.06471475200000001;0.054228992;0.083950592;0.081885184;0.09383423999999999;0.09222758399999999;0.060526592000000004;0.04523008;0.019585024000000003;0.021222400000000002;0.01549824;0.01722368;0.011121664;0.006361088;0.0182016;0.020238336;0.013211648000000001;0.009609216;0.007907328;0.008092672;0.004550656;0.005110783999999999;0.003675136;0.005085184;0.006053888;0.00338944;0.0025989119999999997;0.003286016;0.00353792;0.002379776;0.002040832;0.001672192;0.0020582400000000002;0.0025344;0.003514368;0.002486272;0.0024330239999999998;0.0023111679999999997;0.002159616;0.003351552;0.002382848;0.001559552;0.001792;0.0020254720000000004;0.002441216;0.001688576;0.001559552;0.00158208;0.0018012159999999998;0.0013056;0.001074176;0.001165312;0.001431552;0.0014704639999999999;0.001096704;0.001004544;0.001345536;0.000963584;0.000520192;0.000529408;0.000714752;0.00064;0.000607232;0.000603136
1778563800,hdr,0.0293;0.03906;0.04883;0.05859;0.06836;0.07813;0.08789;0.09766;0.10742;0.11719;0.12695;0.13672;0.14648;0.15625;0.16602;0.17578;0.18555;0.19531;0.20508;0.21484;0.22461;0.23438;0.24414;0.25391;0.26367;0.27344;0.2832;0.29297;0.30273;0.3125;0.32227;0.33203;0.3418;0.35156;0.36133;0.37109;0.38086;0.39063;0.40039;0.41016;0.41992;0.42969;0.43945;0.44922;0.45898;0.46875;0.47852;0.48828;0.49805;0.50781;0.51758;0.52734;0.53711;0.54688;0.55664;0.56641;0.57617;0.58594;0.5957;0.60547;0.61523;0.625;0.63477;0.64453;0.6543;0.66406;0.67383;0.68359;0.69336;0.70313;0.71289;0.72266;0.73242;0.74219;0.75195;0.76172;0.77148;0.78125;0.79102,0.0027217920000000002;0.015806464;0.023597055999999998;0.021782528;0.031731712;0.067581952;0.254736384;0.742756352;1.0295685120000002;0.545865728;0.36453580799999996;0.175292416;0.099141632;0.063721472;0.024399872;0.04462182399999999;0.084174848;0.07206502399999999;0.12929024;0.200286208;0.13284761599999997;0.1176064;0.076322816;0.039499776;0.021702656000000004;0.020686848;0.020641792;0.016549888;0.012089344;0.010881024;0.014784512;0.021131264000000004;0.016814080000000002;0.008992768;0.005681152;0.00562176;0.005005312;0.00546816;0.00319488;0.0027791359999999998;0.00401408;0.004347904;0.0058122239999999995;0.00704512;0.0037375999999999998;0.002717696;0.0028221440000000004;0.002746368;0.0032501760000000005;0.003581952;0.0036024319999999996;0.004139008;0.0020951040000000004;0.0013680639999999998;0.0016445440000000002;0.002066432;0.002207744;0.0025374720000000003;0.002082816;0.001472512;0.0016977919999999998;0.001708032;0.0012042239999999998;0.001501184;0.001345536;0.001306624;0.0009523200000000001;0.001097728;0.0016424959999999998;0.001488896;0.001159168;0.0012042239999999998;0.001040384;0.000966656;0.000761856;0.000915456;0.001011712;0.000894976;0.000466944
1778564700,hdr,0.0293;0.03906;0.04883;0.05859;0.06836;0.07813;0.08789;0.09766;0.10742;0.11719;0.12695;0.13672;0.14648;0.15625;0.16602;0.17578;0.18555;0.19531;0.20508;0.21484;0.22461;0.23438;0.24414;0.25391;0.26367;0.27344;0.2832;0.29297;0.30273;0.3125;0.32227;0.33203;0.3418;0.35156;0.36133;0.37109;0.38086;0.39063;0.40039;0.41016;0.41992;0.42969;0.43945;0.44922;0.45898;0.46875;0.47852;0.48828;0.49805;0.50781;0.51758;0.52734;0.53711;0.54688;0.55664;0.56641;0.57617;0.58594;0.5957;0.60547;0.61523;0.625;0.63477;0.64453;0.6543;0.66406;0.67383;0.68359;0.69336;0.70313;0.71289;0.72266;0.73242;0.74219;0.75195;0.76172;0.77148;0.78125;0.79102,0.008585216;0.019470335999999998;0.017364992000000003;0.010569727999999999;0.04144128;0.11175116800000001;0.24193024;0.78826496;1.3687480319999998;1.204795392;0.437311488;0.16392192000000003;0.10102374399999998;0.057563136;0.070701056;0.06903807999999999;0.061710336;0.08365056;0.10170572799999998;0.17619968;0.149078016;0.102807552;0.0523264;0.023523327999999996;0.019310592;0.011995136;0.009113600000000001;0.010387456;0.011501568000000002;0.0217088;0.026601472;0.022294527999999997;0.021073920000000003;0.009283584;0.0050155519999999995;0.005390335999999999;0.005003264;0.004390912;0.00428032;0.00387072;0.003852288;0.005117952;0.004759552;0.004112384;0.002951168;0.0027361279999999996;0.005210112;0.0036966399999999997;0.00275456;0.002992128;0.0018288640000000001;0.002097152;0.00244736;0.00300032;0.0031477759999999997;0.00208896;0.0015953919999999997;0.0016895999999999999;0.0016609279999999999;0.00185344;0.001755136;0.0012042239999999998;0.001466368;0.001564672;0.0013701120000000002;0.001134592;0.001087488;0.0011632640000000002;0.001214464;0.001253376;0.0011776;0.0008519679999999999;0.0011202559999999998;0.0008744960000000001;0.0007884799999999999;0.000872448;0.000569344;0.000485376;0.0005959680000000001
1778565600,hdr,0.0293;0.03906;0.04883;0.05859;0.06836;0.07813;0.08789;0.09766;0.10742;0.11719;0.12695;0.13672;0.14648;0.15625;0.16602;0.17578;0.18555;0.19531;0.20508;0.21484;0.22461;0.23438;0.24414;0.25391;0.26367;0.27344;0.2832;0.29297;0.30273;0.3125;0.32227;0.33203;0.3418;0.35156;0.36133;0.37109;0.38086;0.39063;0.40039;0.41016;0.41992;0.42969;0.43945;0.44922;0.45898;0.46875;0.47852;0.48828;0.49805;0.50781;0.51758;0.52734;0.53711;0.54688;0.55664;0.56641;0.57617;0.58594;0.5957;0.60547;0.61523;0.625;0.63477;0.64453;0.6543;0.66406;0.67383;0.68359;0.69336;0.70313;0.71289;0.72266;0.73242;0.74219;0.75195;0.76172;0.77148;0.78125;0.79102,0.002361344;0.0052469759999999996;0.00632832;0.010778624;0.042745856;0.07737139200000001;0.27492966399999996;0.637284352;0.816912384;1.379520512;0.6962974719999999;0.16995532800000002;0.11896832;0.10007552;0.085610496;0.07045324800000001;0.09529344000000001;0.16955392000000002;0.13286195199999998;0.13426278400000002;0.097896448;0.056559616;0.039432192000000005;0.021141504000000002;0.023750656;0.012615679999999999;0.00653312;0.014010368;0.014548992;0.010684416;0.012998656;0.008660992000000001;0.01248256;0.012474368;0.006504448;0.005853183999999999;0.005113856;0.0032194560000000003;0.005132288;0.005787648;0.007096320000000001;0.0048312319999999995;0.0029798399999999997;0.0028917760000000004;0.002443264;0.00197632;0.00269312;0.0023511039999999997;0.002818048;0.004048896000000001;0.0027811840000000003;0.003182592;0.004143104;0.002625536;0.001652736;0.00193536;0.001744896;0.001193984;0.001777664;0.001959936;0.001466368;0.001441792;0.002134016;0.001910784;0.001302528;0.001189888;0.001069056;0.00126976;0.00100352;0.0008192000000000001;0.00128;0.0014376960000000002;0.001376256;0.001103872;0.000641024;0.000843776;0.0007290879999999999;0.0006021119999999999;0.00045056
1778566500,hdr,0.0293;0.03906;0.04883;0.05859;0.06836;0.07813;0.08789;0.09766;0.10742;0.11719;0.12695;0.13672;0.14648;0.15625;0.16602;0.17578;0.18555;0.19531;0.20508;0.21484;0.22461;0.23438;0.24414;0.25391;0.26367;0.27344;0.2832;0.29297;0.30273;0.3125;0.32227;0.33203;0.3418;0.35156;0.36133;0.37109;0.38086;0.39063;0.40039;0.41016;0.41992;0.42969;0.43945;0.44922;0.45898;0.46875;0.47852;0.48828;0.49805;0.50781;0.51758;0.52734;0.53711;0.54688;0.55664;0.56641;0.57617;0.58594;0.5957;0.60547;0.61523;0.625;0.63477;0.64453;0.6543;0.66406;0.67383;0.68359;0.69336;0.70313;0.71289;0.72266;0.73242;0.74219;0.75195;0.76172;0.77148;0.78125;0.79102,0.006156287999999999;0.008368128;0.00516096;0.016885760000000003;0.03339264;0.106338304;0.34251161599999996;0.775972864;1.084551168;0.8303001600000001;0.29124608;0.24341708800000003;0.145451008;0.10890854400000001;0.058834944;0.047538176;0.068323328;0.07555481600000001;0.1467904;0.20999577600000002;0.10422067199999999;0.082757632;0.056772608;0.038819839999999994;0.025624576;0.020254719999999997;0.018255872;0.014610432;0.016332799999999998;0.019113983999999997;0.032124928;0.026099712;0.016277504;0.00785408;0.006660096000000001;0.005308416;0.0035532800000000002;0.004624384;0.006109184;0.004630528;0.004929536;0.0032296959999999998;0.004173824;0.0037928959999999996;0.0029184000000000002;0.003678208;0.003493888;0.002807808;0.002043904;0.00198656;0.0034652159999999997;0.0037601279999999997;0.001634304;0.002705408;0.002820096;0.001814528;0.0013946879999999998;0.001435648;0.0009768959999999999;0.001835008;0.002234368;0.001615872;0.001574912;0.0014233599999999998;0.0018513919999999999;0.0020398079999999997;0.001304576;0.000823296;0.000966656;0.001533952;0.00134144;0.0013660159999999998;0.0013475839999999998;0.00075776;0.000817152;0.000888832;0.000649216;0.001050624;0.000847872
1778567400,hdr,0.0293;0.03906;0.04883;0.05859;0.06836;0.07813;0.08789;0.09766;0.10742;0.11719;0.12695;0.13672;0.14648;0.15625;0.16602;0.17578;0.18555;0.19531;0.20508;0.21484;0.22461;0.23438;0.24414;0.25391;0.26367;0.27344;0.2832;0.29297;0.30273;0.3125;0.32227;0.33203;0.3418;0.35156;0.36133;0.37109;0.38086;0.39063;0.40039;0.41016;0.41992;0.42969;0.43945;0.44922;0.45898;0.46875;0.47852;0.48828;0.49805;0.50781;0.51758;0.52734;0.53711;0.54688;0.55664;0.56641;0.57617;0.58594;0.5957;0.60547;0.61523;0.625;0.63477;0.64453;0.6543;0.66406;0.67383;0.68359;0.69336;0.70313;0.71289;0.72266;0.73242;0.74219;0.75195;0.76172;0.77148;0.78125;0.79102,0.015220736;0.029304832000000003;0.016257024000000002;0.008460288;0.030687232;0.07893401600000001;0.34235187200000006;1.457432576;1.464348672;0.783163392;0.44243763199999997;0.261722112;0.148422656;0.076544;0.06160383999999999;0.06585344;0.08224972800000001;0.12020531200000001;0.157714432;0.169916416;0.077242368;0.10241638399999999;0.077328384;0.033652735999999996;0.015624192;0.012787712000000001;0.008929280000000001;0.006967296;0.011313152;0.012347392;0.014804992;0.014776319999999999;0.009119744;0.0067952640000000005;0.005572608000000001;0.004165632;0.003584;0.0045199360000000004;0.006731776;0.0058920959999999994;0.005128192;0.005650432;0.004462592;0.00370688;0.003999744;0.004001792;0.003059712;0.002748416;0.00247808;0.0025579519999999996;0.002428928;0.00268288;0.0031744;0.0030535679999999996;0.002113536;0.002820096;0.003618816;0.003223552;0.002277376;0.001867776;0.001605632;0.0012288;0.001591296;0.001574912;0.001466368;0.001503232;0.000968704;0.001181696;0.000995328;0.0007372800000000001;0.001038336;0.0014376960000000002;0.0012369920000000001;0.001130496;0.000964608;0.0006123519999999999;0.00043827199999999997;0.0007086080000000001;0.000813056
1778568300,hdr,0.0293;0.03906;0.04883;0.05859;0.06836;0.07813;0.08789;0.09766;0.10742;0.11719;0.12695;0.13672;0.14648;0.15625;0.16602;0.17578;0.18555;0.19531;0.20508;0.21484;0.22461;0.23438;0.24414;0.25391;0.26367;0.27344;0.2832;0.29297;0.30273;0.3125;0.32227;0.33203;0.3418;0.35156;0.36133;0.37109;0.38086;0.39063;0.40039;0.41016;0.41992;0.42969;0.43945;0.44922;0.45898;0.46875;0.47852;0.48828;0.49805;0.50781;0.51758;0.52734;0.53711;0.54688;0.55664;0.56641;0.57617;0.58594;0.5957;0.60547;0.61523;0.625;0.63477;0.64453;0.6543;0.66406;0.67383;0.68359;0.69336;0.70313;0.71289;0.72266;0.73242;0.74219;0.75195;0.76172;0.77148;0.78125;0.79102,0.003612672;0.012328960000000002;0.008634368;0.010313728;0.033042432000000004;0.08299519999999999;0.3590144;1.368170496;1.2203642879999999;0.950583296;0.98804736;0.46098636800000004;0.159451136;0.05880012800000001;0.055701504;0.054583295999999996;0.051472383999999996;0.090443776;0.099540992;0.090728448;0.098689024;0.06764543999999999;0.045948928;0.03338239999999999;0.017891328;0.011933696;0.016295936;0.017680384;0.017061887999999997;0.012615679999999999;0.008515584000000001;0.010661888;0.0098816;0.008720384;0.007313408;0.00576512;0.004675584;0.0049233919999999995;0.004913152;0.004012032;0.004884479999999999;0.004139008;0.00270336;0.003364864;0.00377856;0.003692544;0.0035205120000000004;0.0037949439999999997;0.002164736;0.002443264;0.00253952;0.001820672;0.002514944;0.002746368;0.003514368;0.0028057599999999996;0.002207744;0.001611776;0.00162816;0.002127872;0.001294336;0.002123776;0.0021217280000000002;0.001898496;0.0019230719999999998;0.00129024;0.000978944;0.001122304;0.0017305600000000001;0.001101824;0.001079296;0.000980992;0.00105472;0.00070656;0.0005918719999999999;0.0009482239999999999;0.000751616;0.0005816320000000001;0.00047308800000000003
1778569200,hdr,0.0293;0.03906;0.04883;0.05859;0.06836;0.07813;0.08789;0.09766;0.10742;0.11719;0.12695;0.13672;0.14648;0.15625;0.16602;0.17578;0.18555;0.19531;0.20508;0.21484;0.22461;0.23438;0.24414;0.25391;0.26367;0.27344;0.2832;0.29297;0.30273;0.3125;0.32227;0.33203;0.3418;0.35156;0.36133;0.37109;0.38086;0.39063;0.40039;0.41016;0.41992;0.42969;0.43945;0.44922;0.45898;0.46875;0.47852;0.48828;0.49805;0.50781;0.51758;0.52734;0.53711;0.54688;0.55664;0.56641;0.57617;0.58594;0.5957;0.60547;0.61523;0.625;0.63477;0.64453;0.6543;0.66406;0.67383;0.68359;0.69336;0.70313;0.71289;0.72266;0.73242;0.74219;0.75195;0.76172;0.77148;0.78125;0.79102,0.002543616;0.00507904;0.0031559680000000003;0.006361088;0.048832512;0.1625088;0.38756351999999994;0.729010176;1.380644864;0.8684380159999999;0.5141401600000001;0.346134528;0.133220352;0.064055296;0.040310784;0.050536448;0.06313574400000001;0.1293312;0.172130304;0.141299712;0.11708211199999999;0.067776512;0.045426688;0.027674624;0.020041727999999998;0.019019776000000002;0.016924672;0.014163968;0.011143168;0.018980864;0.022757376;0.020307967999999996;0.012834816;0.012269568;0.0060928;0.006854656;0.005767168;0.005203968;0.005695488;0.0059965439999999995;0.007888896;0.006027264;0.004790272;0.005369856000000001;0.0045076479999999995;0.004091904;0.0038379520000000004;0.003270656;0.0030535679999999996;0.002922496;0.0028303359999999997;0.002172928;0.002318336;0.0022835200000000003;0.0013701120000000002;0.0017408;0.001714176;0.0013864959999999999;0.0014028799999999998;0.0017858560000000002;0.00242688;0.002336768;0.001316864;0.0011366400000000002;0.0009727999999999999;0.0010833919999999999;0.000626688;0.0007557120000000001;0.0009359360000000001;0.001091584;0.0010014719999999998;0.00135168;0.0009973760000000001;0.000745472;0.000780288;0.000606208;0.0007188480000000001;0.000694272;0.0005836799999999999
1778570100,hdr,0.0293;0.03906;0.04883;0.05859;0.06836;0.07813;0.08789;0.09766;0.10742;0.11719;0.12695;0.13672;0.14648;0.15625;0.16602;0.17578;0.18555;0.19531;0.20508;0.21484;0.22461;0.23438;0.24414;0.25391;0.26367;0.27344;0.2832;0.29297;0.30273;0.3125;0.32227;0.33203;0.3418;0.35156;0.36133;0.37109;0.38086;0.39063;0.40039;0.41016;0.41992;0.42969;0.43945;0.44922;0.45898;0.46875;0.47852;0.48828;0.49805;0.50781;0.51758;0.52734;0.53711;0.54688;0.55664;0.56641;0.57617;0.58594;0.5957;0.60547;0.61523;0.625;0.63477;0.64453;0.6543;0.66406;0.67383;0.68359;0.69336;0.70313;0.71289;0.72266;0.73242;0.74219;0.75195;0.76172;0.77148;0.78125;0.79102,0.001050624;0.00567296;0.009414656;0.008179712;0.020011008;0.06641664;0.27294105599999996;0.7220080640000001;1.01594112;1.212596224;0.935421952;0.304697344;0.13468876800000001;0.06919782399999999;0.039165952;0.06350643199999999;0.08223744000000001;0.10990182400000001;0.188348416;0.17964236800000002;0.109531136;0.093947904;0.064555008;0.040089599999999996;0.022163455999999998;0.017534975999999997;0.011732992;0.012189696;0.020496384;0.017754112000000002;0.021420032;0.0193536;0.018096128;0.010831872000000001;0.00774144;0.0060887039999999995;0.004161536;0.00495616;0.005124096;0.0042414079999999995;0.00335872;0.005515264;0.0038338559999999996;0.0027852800000000002;0.001861632;0.002115584;0.002992128;0.002625536;0.0031375360000000002;0.0025374720000000003;0.00238592;0.00267264;0.001517568;0.002469888;0.0034181119999999996;0.002244608;0.0013312;0.002330624;0.0027279360000000002;0.002009088;0.0016424959999999998;0.001601536;0.001069056;0.0008867839999999999;0.0011448320000000001;0.000933888;0.0009256959999999999;0.0006144;0.0006819840000000001;0.0010178560000000001;0.000964608;0.00059392;0.00063488;0.001050624;0.000714752;0.000411648;0.000661504;0.00063488;0.000423936
1778571000,hdr,0.0293;0.03906;0.04883;0.05859;0.06836;0.07813;0.08789;0.09766;0.10742;0.11719;0.12695;0.13672;0.14648;0.15625;0.16602;0.17578;0.18555;0.19531;0.20508;0.21484;0.22461;0.23438;0.24414;0.25391;0.26367;0.27344;0.2832;0.29297;0.30273;0.3125;0.32227;0.33203;0.3418;0.35156;0.36133;0.37109;0.38086;0.39063;0.40039;0.41016;0.41992;0.42969;0.43945;0.44922;0.45898;0.46875;0.47852;0.48828;0.49805;0.50781;0.51758;0.52734;0.53711;0.54688;0.55664;0.56641;0.57617;0.58594;0.5957;0.60547;0.61523;0.625;0.63477;0.64453;0.6543;0.66406;0.67383;0.68359;0.69336;0.70313;0.71289;0.72266;0.73242;0.74219;0.75195;0.76172;0.77148;0.78125;0.79102,0.0021565440000000003;0.006564863999999999;0.006945792;0.013811712;0.056131584000000005;0.126286848;0.37185638400000004;2.259136512;2.664440832;1.02245376;0.472218624;0.421029888;0.259977216;0.17020108800000003;0.09296486400000001;0.065624064;0.075159552;0.130658304;0.14916710400000002;0.112379904;0.069497856;0.092986368;0.05335449600000001;0.032575488;0.028176384;0.022566912;0.020548608;0.012837888;0.00987648;0.015295488;0.018352128000000002;0.017021952;0.01728;0.009102335999999999;0.008346624;0.007858176;0.005231616;0.005723136;0.0038584319999999997;0.004758528000000001;0.005265408;0.004325376000000001;0.004227072;0.0044974080000000005;0.003769344;0.0024852480000000002;0.002414592;0.0034775039999999998;0.002970624;0.002328576;0.0033638400000000003;0.002823168;0.002399232;0.0027310080000000005;0.002758656;0.002233344;0.00156672;0.001959936;0.0018186239999999998;0.001456128;0.001665024;0.001425408;0.0010813440000000001;0.0009768959999999999;0.000930816;0.0010813440000000001;0.0014376959999999998;0.001400832;0.00119808;0.0009000960000000001;0.001579008;0.001207296;0.00067584;0.0008355839999999999;0.0007065600000000001;0.0006881280000000001;0.000743424;0.000620544;0.000884736
1778571900,hdr,0.0293;0.03906;0.04883;0.05859;0.06836;0.07813;0.08789;0.09766;0.10742;0.11719;0.12695;0.13672;0.14648;0.15625;0.16602;0.17578;0.18555;0.19531;0.20508;0.21484;0.22461;0.23438;0.24414;0.25391;0.26367;0.27344;0.2832;0.29297;0.30273;0.3125;0.32227;0.33203;0.3418;0.35156;0.36133;0.37109;0.38086;0.39063;0.40039;0.41016;0.41992;0.42969;0.43945;0.44922;0.45898;0.46875;0.47852;0.48828;0.49805;0.50781;0.51758;0.52734;0.53711;0.54688;0.55664;0.56641;0.57617;0.58594;0.5957;0.60547;0.61523;0.625;0.63477;0.64453;0.6543;0.66406;0.67383;0.68359;0.69336;0.70313;0.71289;0.72266;0.73242;0.74219;0.75195;0.76172;0.77148;0.78125;0.79102,0.002613248;0.011907072;0.017580032;0.010346496;0.019816448;0.055402496;0.219940864;1.166155776;1.811109888;1.3479014400000002;0.7066869759999999;0.33248256;0.13609574400000002;0.064428032;0.041961472;0.060545023999999996;0.057389055999999994;0.064012288;0.07487488;0.121595904;0.14338048;0.08530944;0.06205644800000001;0.040742912;0.030289919999999998;0.015265792;0.010203136;0.007845888;0.009039872000000001;0.014094335999999999;0.014327808;0.016097280000000002;0.010059776;0.007251968;0.00712704;0.005060608;0.005761024;0.004954112;0.003835904;0.003344384;0.0027586560000000004;0.004317184;0.004706304;0.004898815999999999;0.0032194560000000003;0.0029184000000000002;0.003559424;0.002453504;0.003432448;0.003049472;0.0019169279999999998;0.002318336;0.00258048;0.001603584;0.001591296;0.0012247039999999999;0.0013475839999999998;0.001593344;0.001222656;0.0018636800000000002;0.001632256;0.001265664;0.0013864959999999999;0.00126976;0.0011694079999999998;0.001193984;0.001452032;0.0011755519999999998;0.000899072;0.000796672;0.0006737919999999999;0.000714752;0.0008560640000000001;0.000579584;0.000616448;0.000690176;0.000802816;0.000897024;0.0006184960000000001
1778572800,hdr,0.0293;0.03906;0.04883;0.05859;0.06836;0.07813;0.08789;0.09766;0.10742;0.11719;0.12695;0.13672;0.14648;0.15625;0.16602;0.17578;0.18555;0.19531;0.20508;0.21484;0.22461;0.23438;0.24414;0.25391;0.26367;0.27344;0.2832;0.29297;0.30273;0.3125;0.32227;0.33203;0.3418;0.35156;0.36133;0.37109;0.38086;0.39063;0.40039;0.41016;0.41992;0.42969;0.43945;0.44922;0.45898;0.46875;0.47852;0.48828;0.49805;0.50781;0.51758;0.52734;0.53711;0.54688;0.55664;0.56641;0.57617;0.58594;0.5957;0.60547;0.61523;0.625;0.63477;0.64453;0.6543;0.66406;0.67383;0.68359;0.69336;0.70313;0.71289;0.72266;0.73242;0.74219;0.75195;0.76172;0.77148;0.78125;0.79102,0.0090624;0.020017152;0.010207232;0.020525056;0.053026816;0.067811328;0.24069734399999998;0.936042496;1.17778432;1.843955712;0.7096627200000001;0.18513715199999997;0.101187584;0.074932224;0.028053504;0.045273088;0.07750860799999999;0.07082803199999999;0.111255552;0.141871104;0.08723660800000001;0.04939775999999999;0.03484672;0.022206464;0.027242495999999998;0.01948672;0.011925504;0.0071065600000000005;0.010192895999999998;0.01575936;0.01245184;0.014051328;0.01009664;0.008914944;0.006412288;0.005025792;0.003848192;0.003268608;0.004503552;0.006244352;0.00582656;0.007743488000000001;0.007389184;0.004390912;0.004347904;0.0038932479999999998;0.0040345599999999995;0.003104768;0.0025743360000000004;0.002646016;0.002981888;0.003391488;0.0025108480000000004;0.00178176;0.001343488;0.0011837439999999998;0.001073152;0.001214464;0.00141312;0.001193984;0.001574912;0.00150528;0.0015544320000000001;0.0014581759999999998;0.001570816;0.001153024;0.0009297919999999999;0.0009543679999999999;0.00042803200000000007;0.000520192;0.0006737919999999999;0.001071104;0.00089088;0.00101376;0.000884736;0.0007557120000000001;0.000514048;0.000647168;0.0006676480000000001
1778573700,hdr,0.0293;0.03906;0.04883;0.05859;0.06836;0.07813;0.08789;0.09766;0.10742;0.11719;0.12695;0.13672;0.14648;0.15625;0.16602;0.17578;0.18555;0.19531;0.20508;0.21484;0.22461;0.23438;0.24414;0.25391;0.26367;0.27344;0.2832;0.29297;0.30273;0.3125;0.32227;0.33203;0.3418;0.35156;0.36133;0.37109;0.38086;0.39063;0.40039;0.41016;0.41992;0.42969;0.43945;0.44922;0.45898;0.46875;0.47852;0.48828;0.49805;0.50781;0.51758;0.52734;0.53711;0.54688;0.55664;0.56641;0.57617;0.58594;0.5957;0.60547;0.61523;0.625;0.63477;0.64453;0.6543;0.66406;0.67383;0.68359;0.69336;0.70313;0.71289;0.72266;0.73242;0.74219;0.75195;0.76172;0.77148;0.78125;0.79102,0.002070528;0.013780992;0.019392511999999997;0.014239744;0.040454144;0.08944230399999999;0.34608332799999997;1.1111751680000002;1.39754496;1.2854476799999999;0.81906688;0.704974848;0.33498112;0.131321856;0.04993024;0.064909312;0.053121023999999996;0.056891392;0.070608896;0.076935168;0.109942784;0.08741273599999999;0.043360256;0.017887232;0.019505151999999998;0.012546048;0.008232960000000001;0.014168064;0.013596672;0.015480832;0.010563584;0.0110592;0.012290048000000001;0.015183872;0.010061824;0.008302592000000001;0.007880704;0.006160384;0.006295551999999999;0.005070848;0.007700479999999999;0.007688192;0.005054464;0.007149568;0.005859328;0.0028385280000000003;0.002404352;0.002654208;0.004200447999999999;0.0031744;0.0019496960000000001;0.002363392;0.00367616;0.002707456;0.002013184;0.0024616959999999998;0.003104768;0.003514368;0.0025456639999999996;0.002299904;0.002220032;0.0019128320000000002;0.001789952;0.001738752;0.001599488;0.0013004800000000001;0.0012247039999999999;0.0011161600000000002;0.001058816;0.000704512;0.001114112;0.000980992;0.000641024;0.0008069119999999999;0.00050176;0.0005877759999999999;0.000638976;0.0005468159999999999;0.000626688
1778574600,hdr,0.0293;0.03906;0.04883;0.05859;0.06836;0.07813;0.08789;0.09766;0.10742;0.11719;0.12695;0.13672;0.14648;0.15625;0.16602;0.17578;0.18555;0.19531;0.20508;0.21484;0.22461;0.23438;0.24414;0.25391;0.26367;0.27344;0.2832;0.29297;0.30273;0.3125;0.32227;0.33203;0.3418;0.35156;0.36133;0.37109;0.38086;0.39063;0.40039;0.41016;0.41992;0.42969;0.43945;0.44922;0.45898;0.46875;0.47852;0.48828;0.49805;0.50781;0.51758;0.52734;0.53711;0.54688;0.55664;0.56641;0.57617;0.58594;0.5957;0.60547;0.61523;0.625;0.63477;0.64453;0.6543;0.66406;0.67383;0.68359;0.69336;0.70313;0.71289;0.72266;0.73242;0.74219;0.75195;0.76172;0.77148;0.78125;0.79102,0.009353216000000001;0.026968064;0.022833152;0.019939328000000003;0.04980326399999999;0.08242380799999999;0.21844582399999998;0.5830000639999999;0.952807424;1.1887329279999999;0.908081152;0.44187443200000004;0.17142579200000002;0.06587392;0.06861619199999999;0.06479052799999999;0.06508748799999999;0.07381196799999999;0.09444147200000001;0.07975936;0.068261888;0.04940390399999999;0.021051392;0.01772544;0.012683264;0.011077632;0.010295296;0.008701952;0.013684736;0.015009792;0.017577984;0.01262592;0.006244352;0.006148096;0.005378048;0.006035456;0.005666816;0.003590144;0.004145152;0.003956736;0.004222976;0.0049704960000000005;0.004052992;0.004100095999999999;0.003835904;0.004169728;0.004268032;0.003016704;0.002238464;0.0019660800000000003;0.002371584;0.0029593600000000003;0.001794048;0.0023388159999999996;0.002004992;0.002496512;0.0022487040000000002;0.001855488;0.001564672;0.001562624;0.001286144;0.00075776;0.0007925759999999999;0.0008601600000000001;0.000743424;0.000864256;0.0010465279999999997;0.0012451839999999999;0.0010014719999999998;0.0007884799999999999;0.000970752;0.001396736;0.00104448;0.000712704;0.0005980159999999999;0.0007168;0.0007249919999999999;0.0006574080000000001;0.000380928
1778575500,hdr,0.0293;0.03906;0.04883;0.05859;0.06836;0.07813;0.08789;0.09766;0.10742;0.11719;0.12695;0.13672;0.14648;0.15625;0.16602;0.17578;0.18555;0.19531;0.20508;0.21484;0.22461;0.23438;0.24414;0.25391;0.26367;0.27344;0.2832;0.29297;0.30273;0.3125;0.32227;0.33203;0.3418;0.35156;0.36133;0.37109;0.38086;0.39063;0.40039;0.41016;0.41992;0.42969;0.43945;0.44922;0.45898;0.46875;0.47852;0.48828;0.49805;0.50781;0.51758;0.52734;0.53711;0.54688;0.55664;0.56641;0.57617;0.58594;0.5957;0.60547;0.61523;0.625;0.63477;0.64453;0.6543;0.66406;0.67383;0.68359;0.69336;0.70313;0.71289;0.72266;0.73242;0.74219;0.75195;0.76172;0.77148;0.78125;0.79102,0.008865792;0.012011520000000001;0.013940735999999999;0.011341824;0.036227072;0.12379955200000001;0.190468096;0.451557376;1.0650337280000002;0.9281986560000001;0.8259174400000001;0.573339648;0.18710323199999998;0.103292928;0.076132352;0.0430592;0.034551808;0.046278655999999994;0.07778304;0.081025024;0.086401024;0.07093452800000001;0.050497536;0.024530944000000002;0.019111936000000003;0.015478783999999999;0.011429888000000001;0.009250816;0.013830144;0.015173632;0.009486336;0.0074301440000000005;0.006375424;0.008345599999999998;0.009074688000000001;0.004777984000000001;0.006680576;0.007651328000000001;0.007565312;0.006148096;0.004061184;0.002967552;0.003649536;0.004130816000000001;0.0056975360000000004;0.0076615680000000005;0.0066048;0.007319552;0.00461824;0.003692544;0.002953216;0.0032276479999999996;0.003268608;0.003667968;0.002172928;0.001824768;0.001490944;0.001466368;0.001728512;0.0017244159999999999;0.001875968;0.001540096;0.001583104;0.0016424959999999998;0.001294336;0.001636352;0.00135168;0.000661504;0.001077248;0.0011407359999999998;0.0008519679999999999;0.0005877759999999999;0.0007925759999999999;0.0011243520000000001;0.0008335360000000001;0.000970752;0.0011120639999999998;0.000872448;0.0007884799999999999
1778577300,hdr,0.0293;0.03906;0.04883;0.05859;0.06836;0.07813;0.08789;0.09766;0.10742;0.11719;0.12695;0.13672;0.14648;0.15625;0.16602;0.17578;0.18555;0.19531;0.20508;0.21484;0.22461;0.23438;0.24414;0.25391;0.26367;0.27344;0.2832;0.29297;0.30273;0.3125;0.32227;0.33203;0.3418;0.35156;0.36133;0.37109;0.38086;0.39063;0.40039;0.41016;0.41992;0.42969;0.43945;0.44922;0.45898;0.46875;0.47852;0.48828;0.49805;0.50781;0.51758;0.52734;0.53711;0.54688;0.55664;0.56641;0.57617;0.58594;0.5957;0.60547;0.61523;0.625;0.63477;0.64453;0.6543;0.66406;0.67383;0.68359;0.69336;0.70313;0.71289;0.72266;0.73242;0.74219;0.75195;0.76172;0.77148;0.78125;0.79102,0.009977856;0.017790976000000003;0.013740032;0.009293824000000001;0.028821504;0.08884224;0.28211609600000004;0.928196608;1.503643648;1.3989150719999999;0.750174208;0.7252213759999999;0.364597248;0.22453452799999998;0.127148032;0.041234432;0.026025984000000002;0.038270976;0.08205516799999998;0.10248192;0.035887103999999996;0.024735744;0.040146944;0.03682304;0.019537919999999997;0.010627072;0.011706367999999998;0.013922304;0.01465344;0.0104448;0.01096704;0.016900096;0.014450688;0.009218048;0.006432768;0.0061808639999999995;0.00635904;0.005289983999999999;0.004855808;0.0058941440000000005;0.007845888;0.008286208;0.006014976;0.004816895999999999;0.003733504;0.0030822400000000004;0.005199872;0.005251072;0.0036515840000000003;0.003270656;0.00370688;0.003633152;0.00329728;0.003088384;0.002535424;0.003096576;0.002981888;0.002084864;0.0024064;0.002115584;0.0013824;0.001605632;0.001878016;0.001619968;0.001185792;0.0014499839999999999;0.00177152;0.001343488;0.0009727999999999999;0.001486848;0.000679936;0.0007229440000000001;0.0008663039999999999;0.001042432;0.0008458240000000001;0.00064512;0.00047923199999999995;0.00043827199999999997;0.000249856
1778578200,hdr,0.0293;0.03906;0.04883;0.05859;0.06836;0.07813;0.08789;0.09766;0.10742;0.11719;0.12695;0.13672;0.14648;0.15625;0.16602;0.17578;0.18555;0.19531;0.20508;0.21484;0.22461;0.23438;0.24414;0.25391;0.26367;0.27344;0.2832;0.29297;0.30273;0.3125;0.32227;0.33203;0.3418;0.35156;0.36133;0.37109;0.38086;0.39063;0.40039;0.41016;0.41992;0.42969;0.43945;0.44922;0.45898;0.46875;0.47852;0.48828;0.49805;0.50781;0.51758;0.52734;0.53711;0.54688;0.55664;0.56641;0.57617;0.58594;0.5957;0.60547;0.61523;0.625;0.63477;0.64453;0.6543;0.66406;0.67383;0.68359;0.69336;0.70313;0.71289;0.72266;0.73242;0.74219;0.75195;0.76172;0.77148;0.78125;0.79102,0.022376448;0.019116031999999998;0.006326272;0.024332287999999997;0.062294015999999994;0.14861312;0.23342489599999997;0.76644352;1.430843392;1.095507968;0.539318272;0.349833216;0.197603328;0.150675456;0.091860992;0.05843968;0.057339904;0.048908288;0.065857536;0.086880256;0.08697036799999999;0.062222335999999996;0.04348928;0.02973696;0.010121216;0.010412032;0.010272768;0.009084927999999999;0.009422848;0.008132608;0.00596992;0.007704576;0.010172416;0.009347072;0.008093696;0.00587776;0.005060608;0.008128512000000001;0.008949760000000001;0.00775168;0.005865472;0.008671232;0.009629696;0.005507072;0.0036884480000000004;0.0037724160000000002;0.004931584;0.003610624;0.005308416;0.0031375360000000002;0.0031887359999999997;0.003483648;0.001998848;0.0028344320000000004;0.004626432000000001;0.004184064;0.002564096;0.0023511039999999997;0.003325952;0.0031232000000000005;0.0019251199999999998;0.0016138239999999998;0.00145408;0.0016732160000000002;0.0015114240000000001;0.001384448;0.001286144;0.000970752;0.0010014719999999998;0.000868352;0.0012369920000000001;0.001931264;0.0012247039999999999;0.000395264;0.00048127999999999995;0.000638976;0.000907264;0.000616448;0.000557056
1778579100,hdr,0.0293;0.03906;0.04883;0.05859;0.06836;0.07813;0.08789;0.09766;0.10742;0.11719;0.12695;0.13672;0.14648;0.15625;0.16602;0.17578;0.18555;0.19531;0.20508;0.21484;0.22461;0.23438;0.24414;0.25391;0.26367;0.27344;0.2832;0.29297;0.30273;0.3125;0.32227;0.33203;0.3418;0.35156;0.36133;0.37109;0.38086;0.39063;0.40039;0.41016;0.41992;0.42969;0.43945;0.44922;0.45898;0.46875;0.47852;0.48828;0.49805;0.50781;0.51758;0.52734;0.53711;0.54688;0.55664;0.56641;0.57617;0.58594;0.5957;0.60547;0.61523;0.625;0.63477;0.64453;0.6543;0.66406;0.67383;0.68359;0.69336;0.70313;0.71289;0.72266;0.73242;0.74219;0.75195;0.76172;0.77148;0.78125;0.79102,0.03243008;0.023547903999999998;0.007471104;0.013844480000000001;0.035432448000000005;0.098103296;0.330850304;1.045508096;1.388519424;0.9993912319999999;0.5759938560000001;0.602310656;0.384073728;0.27549900800000005;0.12838912;0.056178688000000004;0.051750911999999996;0.044486656;0.074307584;0.09468928;0.06472704;0.046309376000000006;0.034859008000000004;0.03214336;0.028479488;0.025059328000000002;0.01406976;0.014094335999999999;0.013965312000000002;0.011880448;0.013465600000000001;0.016164864;0.016361472;0.01332224;0.007391232;0.007677952;0.009535488000000002;0.006688768;0.005988352;0.006342656;0.00771072;0.0055930879999999995;0.004534272;0.004005887999999999;0.005367808;0.0042434560000000005;0.003272704;0.004343808;0.004237312;0.002697216;0.004184064;0.006070272;0.004907008;0.0027320319999999997;0.0032133120000000003;0.002512896;0.002277376;0.002295808;0.0022855680000000004;0.00272384;0.00279552;0.002197504;0.00175104;0.0018411519999999998;0.001138688;0.001069056;0.001359872;0.001052672;0.0009482239999999999;0.0014704639999999999;0.000933888;0.0009216000000000001;0.001067008;0.00099328;0.000987136;0.000903168;0.000776192;0.000616448;0.0006041600000000001
1778580000,hdr,0.0293;0.03906;0.04883;0.05859;0.06836;0.07813;0.08789;0.09766;0.10742;0.11719;0.12695;0.13672;0.14648;0.15625;0.16602;0.17578;0.18555;0.19531;0.20508;0.21484;0.22461;0.23438;0.24414;0.25391;0.26367;0.27344;0.2832;0.29297;0.30273;0.3125;0.32227;0.33203;0.3418;0.35156;0.36133;0.37109;0.38086;0.39063;0.40039;0.41016;0.41992;0.42969;0.43945;0.44922;0.45898;0.46875;0.47852;0.48828;0.49805;0.50781;0.51758;0.52734;0.53711;0.54688;0.55664;0.56641;0.57617;0.58594;0.5957;0.60547;0.61523;0.625;0.63477;0.64453;0.6543;0.66406;0.67383;0.68359;0.69336;0.70313;0.71289;0.72266;0.73242;0.74219;0.75195;0.76172;0.77148;0.78125;0.79102,0.001787904;0.005955584;0.011999232;0.011379712;0.038438912000000006;0.09406464;0.20296192;0.451869696;0.9369098239999999;0.792911872;0.456470528;0.336817152;0.168635392;0.09260544;0.082066432;0.060079104;0.029650944;0.02878976;0.056213504;0.06708326399999999;0.04829184;0.045591552;0.037010432;0.020603904;0.010430464;0.009211904;0.0075950079999999994;0.005138432;0.006727680000000001;0.0120064;0.010994688;0.013617152;0.010799103999999999;0.008712191999999999;0.008358912;0.0050155519999999995;0.007609344;0.009296896;0.006576128;0.0055705600000000004;0.008142848000000001;0.00786944;0.004172799999999999;0.00451072;0.005536768;0.003981312;0.00414208;0.003796992;0.002793472;0.003556352;0.0039772159999999996;0.0036884480000000004;0.003816448;0.002423808;0.002671616;0.0024616959999999998;0.003070976;0.0033372160000000005;0.0023572479999999997;0.002064384;0.001931264;0.0021227520000000003;0.0019517439999999998;0.0012001280000000002;0.0008222720000000001;0.0014530559999999999;0.001325056;0.0010199039999999999;0.001005568;0.000879616;0.00064512;0.0008622079999999999;0.0008663039999999999;0.000893952;0.0010127360000000002;0.000702464;0.0005703679999999999;0.000441344;0.00026112
1778580900,hdr,0.0293;0.03906;0.04883;0.05859;0.06836;0.07813;0.08789;0.09766;0.10742;0.11719;0.12695;0.13672;0.14648;0.15625;0.16602;0.17578;0.18555;0.19531;0.20508;0.21484;0.22461;0.23438;0.24414;0.25391;0.26367;0.27344;0.2832;0.29297;0.30273;0.3125;0.32227;0.33203;0.3418;0.35156;0.36133;0.37109;0.38086;0.39063;0.40039;0.41016;0.41992;0.42969;0.43945;0.44922;0.45898;0.46875;0.47852;0.48828;0.49805;0.50781;0.51758;0.52734;0.53711;0.54688;0.55664;0.56641;0.57617;0.58594;0.5957;0.60547;0.61523;0.625;0.63477;0.64453;0.6543;0.66406;0.67383;0.68359;0.69336;0.70313;0.71289;0.72266;0.73242;0.74219;0.75195;0.76172;0.77148;0.78125;0.79102,0.00676864;0.008114176;0.011667456;0.012975104;0.035012608;0.08017919999999999;0.19454361599999997;0.483689472;0.964964352;0.9115289599999999;0.705176576;0.315910144;0.17283174399999998;0.183877632;0.111168512;0.054208512;0.051819519999999994;0.034477056;0.031881216;0.05113856;0.05574041600000001;0.051244032;0.029356032;0.019616768;0.01197568;0.01206784;0.008016895999999999;0.008441856;0.008515584000000001;0.015183872;0.018948096;0.016385024;0.013646848;0.012060672;0.009232384;0.008922112000000001;0.008008704;0.008112128000000001;0.010847232;0.009443327999999999;0.008648704;0.010334208000000001;0.009408512;0.005694464;0.00457216;0.0060887039999999995;0.006309888;0.004037632;0.003961856000000001;0.003813376;0.0037027839999999998;0.003349504;0.003516416;0.004593664000000001;0.0037427199999999997;0.0035246080000000003;0.002890752;0.002113536;0.001631232;0.00163328;0.001860608;0.00154624;0.001077248;0.001117184;0.0011151359999999999;0.001033216;0.00068608;0.000775168;0.00074752;0.0007925759999999999;0.001022976;0.0008069119999999999;0.000736256;0.000512;0.000459776;0.00033689599999999994;0.00043008000000000006;0.000510976;0.000356352
1778581800,hdr,0.0293;0.03906;0.04883;0.05859;0.06836;0.07813;0.08789;0.09766;0.10742;0.11719;0.12695;0.13672;0.14648;0.15625;0.16602;0.17578;0.18555;0.19531;0.20508;0.21484;0.22461;0.23438;0.24414;0.25391;0.26367;0.27344;0.2832;0.29297;0.30273;0.3125;0.32227;0.33203;0.3418;0.35156;0.36133;0.37109;0.38086;0.39063;0.40039;0.41016;0.41992;0.42969;0.43945;0.44922;0.45898;0.46875;0.47852;0.48828;0.49805;0.50781;0.51758;0.52734;0.53711;0.54688;0.55664;0.56641;0.57617;0.58594;0.5957;0.60547;0.61523;0.625;0.63477;0.64453;0.6543;0.66406;0.67383;0.68359;0.69336;0.70313;0.71289;0.72266;0.73242;0.74219;0.75195;0.76172;0.77148;0.78125;0.79102,0.005152768;0.011542528;0.008114176;0.010307584000000002;0.026710016;0.059777024;0.18136678399999998;0.8112517119999999;1.4395535359999998;0.950689792;0.9101803519999999;0.402579456;0.35812352;0.181958656;0.11076608;0.073906176;0.045217792;0.053426176;0.038641664;0.03846144;0.055742464;0.043460608;0.037613568;0.034639871999999995;0.015140864000000002;0.009388032000000001;0.008476672000000001;0.011534336;0.013838336;0.010778624;0.009631744;0.011649024000000001;0.013246464;0.01620992;0.010684416;0.006946816;0.006045696000000001;0.011472896;0.012619776;0.00690176;0.004620288;0.004202496;0.0057077759999999995;0.0055132160000000005;0.006739968;0.007174144;0.004317184;0.004569088;0.004610047999999999;0.003241984;0.0026685439999999997;0.003659776;0.0036433919999999996;0.00277504;0.0021442559999999998;0.002291712;0.002070528;0.001755136;0.001574912;0.001435648;0.00177152;0.0014786559999999999;0.00064512;0.0011694079999999998;0.001155072;0.001210368;0.000825344;0.000659456;0.00075776;0.0007946240000000001;0.000927744;0.0006041600000000001;0.000770048;0.000796672;0.0007106559999999999;0.000550912;0.00030105599999999996;0.00047308800000000003;0.000344064
1778582700,hdr,0.0293;0.03906;0.04883;0.05859;0.06836;0.07813;0.08789;0.09766;0.10742;0.11719;0.12695;0.13672;0.14648;0.15625;0.16602;0.17578;0.18555;0.19531;0.20508;0.21484;0.22461;0.23438;0.24414;0.25391;0.26367;0.27344;0.2832;0.29297;0.30273;0.3125;0.32227;0.33203;0.3418;0.35156;0.36133;0.37109;0.38086;0.39063;0.40039;0.41016;0.41992;0.42969;0.43945;0.44922;0.45898;0.46875;0.47852;0.48828;0.49805;0.50781;0.51758;0.52734;0.53711;0.54688;0.55664;0.56641;0.57617;0.58594;0.5957;0.60547;0.61523;0.625;0.63477;0.64453;0.6543;0.66406;0.67383;0.68359;0.69336;0.70313;0.71289;0.72266;0.73242;0.74219;0.75195;0.76172;0.77148;0.78125;0.79102,0.006094848;0.008226816;0.006623232;0.014438399999999999;0.039477248;0.096182272;0.32181247999999996;1.102137344;1.116368896;0.66127872;0.6101094399999999;0.622153728;0.290523136;0.11681177599999999;0.10867302400000001;0.07614668799999999;0.047163392;0.043821056;0.044122112;0.042063872;0.023349248;0.021778431999999997;0.021264383999999997;0.012130304;0.014931967999999999;0.016279552;0.017108992000000003;0.020682752;0.018855936;0.025085951999999998;0.013887488;0.009768959999999998;0.011902976000000001;0.00801792;0.007548928;0.009771008;0.011175936;0.011141120000000001;0.009576447999999998;0.005177344;0.0047615999999999995;0.0045056;0.004298752;0.0038256640000000003;0.0032849919999999996;0.00283648;0.002551808;0.0025251839999999998;0.0028385280000000003;0.003268608;0.0034816;0.003405824;0.004378624000000001;0.001931264;0.001728512;0.002127872;0.001429504;0.001738752;0.001550336;0.0018862080000000001;0.00206848;0.001984512;0.0024084479999999997;0.001882112;0.001048576;0.000671744;0.0007946240000000001;0.0007249919999999999;0.0011284479999999998;0.000917504;0.000802816;0.00099328;0.0007946240000000001;0.000774144;0.000628736;0.000579584;0.0007188480000000001;0.000548864;0.0006184960000000001
1778583600,hdr,0.0293;0.03906;0.04883;0.05859;0.06836;0.07813;0.08789;0.09766;0.10742;0.11719;0.12695;0.13672;0.14648;0.15625;0.16602;0.17578;0.18555;0.19531;0.20508;0.21484;0.22461;0.23438;0.24414;0.25391;0.26367;0.27344;0.2832;0.29297;0.30273;0.3125;0.32227;0.33203;0.3418;0.35156;0.36133;0.37109;0.38086;0.39063;0.40039;0.41016;0.41992;0.42969;0.43945;0.44922;0.45898;0.46875;0.47852;0.48828;0.49805;0.50781;0.51758;0.52734;0.53711;0.54688;0.55664;0.56641;0.57617;0.58594;0.5957;0.60547;0.61523;0.625;0.63477;0.64453;0.6543;0.66406;0.67383;0.68359;0.69336;0.70313;0.71289;0.72266;0.73242;0.74219;0.75195;0.76172;0.77148;0.78125;0.79102,0.004048896000000001;0.007227392;0.009596928;0.011444224;0.047509504;0.091088896;0.37178368;1.571495936;1.2256419840000001;0.7108608000000001;0.57117696;0.43839897600000005;0.321998848;0.230600704;0.149850112;0.08490598399999999;0.05948416;0.049627135999999995;0.05285888;0.051965952;0.036038656;0.032710656;0.025212928;0.017186816;0.019439616000000003;0.015732736;0.023629824;0.022052864000000002;0.016973824000000002;0.014092288;0.017137664;0.015982592;0.013852672;0.01028096;0.007890944;0.0073728000000000005;0.005148672000000001;0.00567296;0.008339456;0.009000959999999999;0.007020544;0.00581632;0.00596992;0.0050503679999999995;0.005599232;0.0041144319999999995;0.006041599999999999;0.00499712;0.004663296;0.0031232000000000005;0.002060288;0.002134016;0.002412544;0.0037027839999999998;0.002443264;0.0028672;0.003008512;0.00239616;0.002062336;0.001531904;0.0011120639999999998;0.001089536;0.0013148160000000001;0.0014028799999999998;0.00104448;0.001071104;0.0012165119999999999;0.00151552;0.0010649599999999998;0.000555008;0.0008335360000000001;0.0008622079999999999;0.0006656;0.000643072;0.00040755200000000004;0.000391168;0.0007188480000000001;0.000661504;0.0005324799999999999
1778584500,hdr,0.0293;0.03906;0.04883;0.05859;0.06836;0.07813;0.08789;0.09766;0.10742;0.11719;0.12695;0.13672;0.14648;0.15625;0.16602;0.17578;0.18555;0.19531;0.20508;0.21484;0.22461;0.23438;0.24414;0.25391;0.26367;0.27344;0.2832;0.29297;0.30273;0.3125;0.32227;0.33203;0.3418;0.35156;0.36133;0.37109;0.38086;0.39063;0.40039;0.41016;0.41992;0.42969;0.43945;0.44922;0.45898;0.46875;0.47852;0.48828;0.49805;0.50781;0.51758;0.52734;0.53711;0.54688;0.55664;0.56641;0.57617;0.58594;0.5957;0.60547;0.61523;0.625;0.63477;0.64453;0.6543;0.66406;0.67383;0.68359;0.69336;0.70313;0.71289;0.72266;0.73242;0.74219;0.75195;0.76172;0.77148;0.78125;0.79102,0.0105728;0.022050816;0.022842368000000002;0.013000704000000002;0.032698368000000005;0.070528;0.231589888;0.6894847999999999;0.944789504;0.7219630079999999;0.520721408;0.361567232;0.1666816;0.166858752;0.13818368000000003;0.06083072;0.049391616;0.042628096;0.046219264;0.056518656;0.03787264;0.018410496;0.018019328;0.017147904000000002;0.013722624;0.013392896000000001;0.009270272000000001;0.014650368;0.013956096000000001;0.011133952;0.006831104;0.008228863999999999;0.010435584000000001;0.011900928;0.010497023999999999;0.0080128;0.008991744000000001;0.006818816;0.0053411840000000006;0.004614144;0.004117504;0.005868544;0.0045056;0.003120128;0.00485376;0.0037898240000000002;0.003362816;0.003798016;0.0028600319999999998;0.002873344;0.003885056;0.0028129279999999997;0.001799168;0.0014192640000000002;0.001306624;0.0011796480000000002;0.001348608;0.0017090559999999998;0.0011233280000000003;0.00118272;0.0012544;0.0012001280000000002;0.00083968;0.00070656;0.000982016;0.0009697280000000001;0.0008192000000000001;0.0006184960000000001;0.0006225919999999999;0.0009205759999999999;0.0005816320000000001;0.000548864;0.000630784;0.0006082559999999999;0.000652288;0.00088576;0.000515072;0.0005304320000000001;0.000315392
1778585400,hdr,0.0293;0.03906;0.04883;0.05859;0.06836;0.07813;0.08789;0.09766;0.10742;0.11719;0.12695;0.13672;0.14648;0.15625;0.16602;0.17578;0.18555;0.19531;0.20508;0.21484;0.22461;0.23438;0.24414;0.25391;0.26367;0.27344;0.2832;0.29297;0.30273;0.3125;0.32227;0.33203;0.3418;0.35156;0.36133;0.37109;0.38086;0.39063;0.40039;0.41016;0.41992;0.42969;0.43945;0.44922;0.45898;0.46875;0.47852;0.48828;0.49805;0.50781;0.51758;0.52734;0.53711;0.54688;0.55664;0.56641;0.57617;0.58594;0.5957;0.60547;0.61523;0.625;0.63477;0.64453;0.6543;0.66406;0.67383;0.68359;0.69336;0.70313;0.71289;0.72266;0.73242;0.74219;0.75195;0.76172;0.77148;0.78125;0.79102,0.0048660479999999996;0.016195584000000002;0.020183039999999996;0.010231807999999998;0.041805824;0.056301568;0.161425408;0.7172915200000001;1.161639936;0.981764096;0.6750842880000001;0.41899007999999993;0.22140723199999998;0.091635712;0.06367232;0.03527884800000001;0.029704192;0.021737472;0.04144128;0.033140736;0.0430592;0.05277696;0.027344895999999997;0.016805887999999998;0.01323008;0.012613632000000001;0.017016832000000003;0.01779712;0.012609536;0.00838656;0.009928704;0.014960639999999999;0.008591360000000001;0.005197823999999999;0.0078110720000000005;0.005953536;0.005711872;0.004591616;0.0060907520000000005;0.007452672;0.006330368;0.005009407999999999;0.0037048320000000004;0.003162112;0.003700736;0.003774464;0.003401728;0.002316288;0.003168256;0.003006464;0.002265088;0.002177024;0.00155648;0.00154624;0.001548288;0.00165888;0.001435648;0.0011673599999999999;0.0016609279999999999;0.001376256;0.000790528;0.00063488;0.000772096;0.000854016;0.000917504;0.00088064;0.00072704;0.00047308800000000003;0.0005754880000000001;0.000577536;0.000518144;0.000534528;0.00041984;0.000544768;0.00070656;0.000702464;0.000743424;0.000641024;0.000628736
1778586300,hdr,0.0293;0.03906;0.04883;0.05859;0.06836;0.07813;0.08789;0.09766;0.10742;0.11719;0.12695;0.13672;0.14648;0.15625;0.16602;0.17578;0.18555;0.19531;0.20508;0.21484;0.22461;0.23438;0.24414;0.25391;0.26367;0.27344;0.2832;0.29297;0.30273;0.3125;0.32227;0.33203;0.3418;0.35156;0.36133;0.37109;0.38086;0.39063;0.40039;0.41016;0.41992;0.42969;0.43945;0.44922;0.45898;0.46875;0.47852;0.48828;0.49805;0.50781;0.51758;0.52734;0.53711;0.54688;0.55664;0.56641;0.57617;0.58594;0.5957;0.60547;0.61523;0.625;0.63477;0.64453;0.6543;0.66406;0.67383;0.68359;0.69336;0.70313;0.71289;0.72266;0.73242;0.74219;0.75195;0.76172;0.77148;0.78125;0.79102,0.002476032;0.001542144;0.009228288;0.006565888;0.025415679999999996;0.061095936;0.128055296;0.450676736;1.157441536;0.800243712;0.39182950399999994;0.17592524800000003;0.15254118399999997;0.173402112;0.08427110399999999;0.058802176;0.046882816;0.032083968;0.031707136;0.047906816;0.047855616;0.035065856;0.020267008000000003;0.013961216;0.014413824;0.014622719999999999;0.013717504;0.00924672;0.010897408;0.012847104;0.014450688;0.009091072;0.0071167999999999995;0.007309312;0.006133759999999999;0.006664192;0.004995072;0.004765696;0.004665344;0.003239936;0.0038338559999999996;0.004366336;0.00356352;0.003055616;0.0020254720000000004;0.0024576;0.002082816;0.001910784;0.002076672;0.00218112;0.0020500479999999996;0.00208896;0.002115584;0.0015687680000000001;0.001048576;0.00110592;0.0017182719999999999;0.000933888;0.000714752;0.000923648;0.000768;0.000915456;0.000690176;0.0005632;0.00045056;0.000423936;0.000561152;0.000643072;0.0005857280000000001;0.0004915200000000001;0.000538624;0.00044032;0.00036454399999999996;0.00036249599999999997;0.000272384;0.00015564799999999998;0.000126976;0.000251904;0.000268288
1778587200,hdr,0.0293;0.03906;0.04883;0.05859;0.06836;0.07813;0.08789;0.09766;0.10742;0.11719;0.12695;0.13672;0.14648;0.15625;0.16602;0.17578;0.18555;0.19531;0.20508;0.21484;0.22461;0.23438;0.24414;0.25391;0.26367;0.27344;0.2832;0.29297;0.30273;0.3125;0.32227;0.33203;0.3418;0.35156;0.36133;0.37109;0.38086;0.39063;0.40039;0.41016;0.41992;0.42969;0.43945;0.44922;0.45898;0.46875;0.47852;0.48828;0.49805;0.50781;0.51758;0.52734;0.53711;0.54688;0.55664;0.56641;0.57617;0.58594;0.5957;0.60547;0.61523;0.625;0.63477;0.64453;0.6543;0.66406;0.67383;0.68359;0.69336;0.70313;0.71289;0.72266;0.73242;0.74219;0.75195;0.76172;0.77148;0.78125;0.79102,0.00182272;0.009629696;0.018674688;0.019650559999999997;0.04484096;0.083849216;0.18499072;0.552088576;0.885784576;0.82367488;0.5559756800000001;0.231569408;0.182483968;0.153202688;0.06435328;0.037128192;0.048473088;0.038351872;0.026038272;0.033777664000000006;0.031257599999999996;0.017451008;0.024089600000000003;0.015301631999999999;0.014543872000000001;0.012049408;0.013729792;0.01065984;0.011098112;0.009643008;0.009020416000000002;0.010512384;0.008354816;0.009517056000000001;0.009806848;0.007180288;0.004590591999999999;0.006390784;0.007042048;0.005781504;0.0066088959999999995;0.00810496;0.005385215999999999;0.0033300480000000004;0.0028538879999999997;0.003396608;0.0028221440000000004;0.0017182719999999999;0.0014929920000000003;0.001702912;0.00181248;0.001905664;0.001404928;0.001293312;0.00170496;0.0013506560000000002;0.0011919360000000002;0.001164288;0.001168384;0.000805888;0.0005632;0.000548864;0.000690176;0.000827392;0.000658432;0.000461824;0.000543744;0.000656384;0.000549888;0.000408576;0.00033792;0.0005416959999999999;0.00040550399999999994;0.000352256;0.000391168;0.000324608;0.00025497599999999997;0.000357376;0.000326656
1778588100,hdr,0.0293;0.03906;0.04883;0.05859;0.06836;0.07813;0.08789;0.09766;0.10742;0.11719;0.12695;0.13672;0.14648;0.15625;0.16602;0.17578;0.18555;0.19531;0.20508;0.21484;0.22461;0.23438;0.24414;0.25391;0.26367;0.27344;0.2832;0.29297;0.30273;0.3125;0.32227;0.33203;0.3418;0.35156;0.36133;0.37109;0.38086;0.39063;0.40039;0.41016;0.41992;0.42969;0.43945;0.44922;0.45898;0.46875;0.47852;0.48828;0.49805;0.50781;0.51758;0.52734;0.53711;0.54688;0.55664;0.56641;0.57617;0.58594;0.5957;0.60547;0.61523;0.625;0.63477;0.64453;0.6543;0.66406;0.67383;0.68359;0.69336;0.70313;0.71289;0.72266;0.73242;0.74219;0.75195;0.76172;0.77148;0.78125;0.79102,0.037991423999999996;0.040223744000000006;0.0223232;0.009919487999999999;0.049748992;0.105106432;0.127066112;0.31457689599999994;0.6059253760000001;0.51169792;0.38227353599999997;0.39386726399999994;0.231098368;0.109656064;0.07934464;0.065077248;0.056779776;0.054522879999999996;0.040409087999999996;0.043906047999999996;0.033641472;0.017632256000000002;0.013304831999999999;0.01708032;0.01319424;0.007304192;0.010672128000000001;0.011298816000000001;0.014319616;0.009928704;0.00601088;0.007668736;0.009084927999999999;0.006828032;0.006363135999999999;0.007092224;0.006283264;0.005924864;0.004358144;0.004416512;0.0026490879999999995;0.002377728;0.001968128;0.002555904;0.004005887999999999;0.003531776;0.00309248;0.0035235839999999997;0.002655232;0.0015103999999999999;0.001734656;0.001574912;0.001087488;0.0011694079999999998;0.0011919360000000002;0.001214464;0.001248256;0.001267712;0.001385472;0.0010199039999999999;0.000795648;0.000799744;0.0005580800000000001;0.000456704;0.000919552;0.0009441279999999999;0.000565248;0.00037785600000000004;0.0005376000000000001;0.0007925759999999999;0.000580608;0.00047001599999999997;0.000569344;0.00048025600000000003;0.000379904;0.00037068800000000004;0.000335872;0.00034099200000000003;0.00018944
1778589000,hdr,0.0293;0.03906;0.04883;0.05859;0.06836;0.07813;0.08789;0.09766;0.10742;0.11719;0.12695;0.13672;0.14648;0.15625;0.16602;0.17578;0.18555;0.19531;0.20508;0.21484;0.22461;0.23438;0.24414;0.25391;0.26367;0.27344;0.2832;0.29297;0.30273;0.3125;0.32227;0.33203;0.3418;0.35156;0.36133;0.37109;0.38086;0.39063;0.40039;0.41016;0.41992;0.42969;0.43945;0.44922;0.45898;0.46875;0.47852;0.48828;0.49805;0.50781;0.51758;0.52734;0.53711;0.54688;0.55664;0.56641;0.57617;0.58594;0.5957;0.60547;0.61523;0.625;0.63477;0.64453;0.6543;0.66406;0.67383;0.68359;0.69336;0.70313;0.71289;0.72266;0.73242;0.74219;0.75195;0.76172;0.77148;0.78125;0.79102,0.0055306240000000005;0.011788288000000001;0.012037119999999998;0.009924607999999998;0.02559488;0.04208128;0.13533184;0.516558848;0.95743488;0.741148672;0.3070464;0.326309888;0.311975936;0.16713625599999998;0.074734592;0.045458432;0.047533056000000004;0.03487334400000001;0.020393984;0.021884928;0.020708352000000003;0.018065408;0.017447935999999997;0.016778240000000003;0.010376192;0.009504768;0.011270144000000001;0.008810496000000001;0.008291327999999999;0.008739839999999999;0.007943168;0.007537664;0.009591808;0.008069119999999999;0.005999616;0.005170175999999999;0.004471808;0.006164480000000001;0.004594688;0.00542208;0.004666368000000001;0.0032890880000000003;0.0032532480000000003;0.0038379520000000004;0.002076672;0.0013352960000000001;0.001611776;0.0023132160000000003;0.003100672;0.003032064;0.001777664;0.001774592;0.0013240320000000002;0.0010250239999999998;0.0010833919999999999;0.000937984;0.0009984;0.000913408;0.001524736;0.001229824;0.0005980159999999999;0.0008069119999999999;0.000884736;0.00062976;0.000606208;0.000734208;0.000475136;0.000305152;0.00045056;0.000662528;0.000630784;0.0006184960000000001;0.00041779199999999995;0.0005232639999999998;0.0008447999999999999;0.000520192;0.000388096;0.00029286400000000005;0.000237568
1778589900,hdr,0.0293;0.03906;0.04883;0.05859;0.06836;0.07813;0.08789;0.09766;0.10742;0.11719;0.12695;0.13672;0.14648;0.15625;0.16602;0.17578;0.18555;0.19531;0.20508;0.21484;0.22461;0.23438;0.24414;0.25391;0.26367;0.27344;0.2832;0.29297;0.30273;0.3125;0.32227;0.33203;0.3418;0.35156;0.36133;0.37109;0.38086;0.39063;0.40039;0.41016;0.41992;0.42969;0.43945;0.44922;0.45898;0.46875;0.47852;0.48828;0.49805;0.50781;0.51758;0.52734;0.53711;0.54688;0.55664;0.56641;0.57617;0.58594;0.5957;0.60547;0.61523;0.625;0.63477;0.64453;0.6543;0.66406;0.67383;0.68359;0.69336;0.70313;0.71289;0.72266;0.73242;0.74219;0.75195;0.76172;0.77148;0.78125;0.79102,0.00602112;0.0208384;0.026497024;0.020936703999999997;0.045758464;0.057083904;0.088530944;0.314984448;1.057062912;0.6317629439999999;0.32441753599999995;0.199223296;0.173207552;0.207597568;0.128536576;0.085684224;0.070531072;0.035524608;0.04572160000000001;0.066627584;0.051615744;0.018446336;0.012281855999999999;0.0103936;0.009109504;0.008185856;0.008542208;0.01068032;0.011587584;0.01263616;0.008491008000000001;0.008538111999999999;0.006254592;0.008454144;0.005382144;0.007055360000000001;0.00811008;0.006047744;0.0042086400000000005;0.0024309759999999996;0.004282368000000001;0.005425152;0.0029306880000000003;0.002412544;0.0019435519999999999;0.0019886079999999998;0.002584576;0.002412544;0.001839104;0.0014561280000000001;0.001251328;0.0018513919999999999;0.00119808;0.001388544;0.000978944;0.0011960319999999999;0.0011120639999999998;0.0008622079999999999;0.000894976;0.000702464;0.0009625599999999999;0.0007168;0.000516096;0.00068608;0.000577536;0.00041779199999999995;0.000253952;0.000454656;0.000524288;0.00046284799999999997;0.00039731200000000003;0.00045056;0.00033382400000000003;0.000258048;0.000360448;0.00041779199999999995;0.000442368;0.000401408;0.000415744
1778590800,hdr,0.0293;0.03906;0.04883;0.05859;0.06836;0.07813;0.08789;0.09766;0.10742;0.11719;0.12695;0.13672;0.14648;0.15625;0.16602;0.17578;0.18555;0.19531;0.20508;0.21484;0.22461;0.23438;0.24414;0.25391;0.26367;0.27344;0.2832;0.29297;0.30273;0.3125;0.32227;0.33203;0.3418;0.35156;0.36133;0.37109;0.38086;0.39063;0.40039;0.41016;0.41992;0.42969;0.43945;0.44922;0.45898;0.46875;0.47852;0.48828;0.49805;0.50781;0.51758;0.52734;0.53711;0.54688;0.55664;0.56641;0.57617;0.58594;0.5957;0.60547;0.61523;0.625;0.63477;0.64453;0.6543;0.66406;0.67383;0.68359;0.69336;0.70313;0.71289;0.72266;0.73242;0.74219;0.75195;0.76172;0.77148;0.78125;0.79102,0.001942528;0.008569855999999999;0.01057792;0.009755648;0.046521344;0.07452672;0.09273036800000001;0.358624256;0.838822912;0.691131392;0.245571584;0.184454144;0.18344038399999998;0.198303744;0.118259712;0.05398016;0.051424256;0.043260928;0.03490816;0.044934144;0.051115008;0.025970688;0.017479679999999997;0.017312768;0.009424896;0.006905856;0.0041963519999999995;0.0054272;0.008562688;0.00979456;0.008232960000000001;0.006606848;0.00633344;0.005289983999999999;0.004518912;0.003149824;0.00362496;0.003857408;0.004451328;0.003909632;0.003928064;0.002737152;0.0024545279999999997;0.002304;0.002358272;0.001803264;0.0024924160000000003;0.0030033919999999997;0.0026531840000000003;0.001666048;0.0014919679999999998;0.0015493120000000002;0.0013864959999999999;0.001283072;0.0013219840000000002;0.0014499839999999999;0.001061888;0.001133568;0.0012605440000000002;0.00068608;0.00059392;0.0009021439999999999;0.0007925759999999999;0.000779264;0.0005898240000000001;0.000610304;0.000769024;0.0006021119999999999;0.000391168;0.00047001599999999997;0.00045568;0.00042291200000000006;0.00037888;0.00032768;0.00042803200000000007;0.00036864000000000005;0.00046796800000000003;0.000449536;0.00021401600000000003
1778591700,hdr,0.0293;0.03906;0.04883;0.05859;0.06836;0.07813;0.08789;0.09766;0.10742;0.11719;0.12695;0.13672;0.14648;0.15625;0.16602;0.17578;0.18555;0.19531;0.20508;0.21484;0.22461;0.23438;0.24414;0.25391;0.26367;0.27344;0.2832;0.29297;0.30273;0.3125;0.32227;0.33203;0.3418;0.35156;0.36133;0.37109;0.38086;0.39063;0.40039;0.41016;0.41992;0.42969;0.43945;0.44922;0.45898;0.46875;0.47852;0.48828;0.49805;0.50781;0.51758;0.52734;0.53711;0.54688;0.55664;0.56641;0.57617;0.58594;0.5957;0.60547;0.61523;0.625;0.63477;0.64453;0.6543;0.66406;0.67383;0.68359;0.69336;0.70313;0.71289;0.72266;0.73242;0.74219;0.75195;0.76172;0.77148;0.78125;0.79102,0.004284416;0.012345344000000001;0.011819008;0.003443712;0.027680768;0.07551795199999999;0.131108864;0.405371904;0.959972352;0.949336064;0.41321574399999994;0.186454016;0.160029696;0.110327808;0.140128256;0.069835776;0.03325952;0.032910336000000005;0.042343424;0.028731392;0.020610048;0.01846784;0.012960768;0.009250816;0.007773183999999999;0.007192576;0.0075745280000000005;0.007717888;0.007655424;0.005517312000000001;0.00691712;0.0070246399999999995;0.003678208;0.003442688;0.00334848;0.003770368;0.0054138879999999995;0.0060672;0.0056002560000000005;0.002689024;0.003999744;0.003777536;0.00183808;0.002932736;0.002102272;0.001795072;0.0025497600000000003;0.0027269119999999997;0.0033925120000000003;0.002753536;0.0019650559999999997;0.0014817279999999999;0.002287616;0.001517568;0.0013547519999999999;0.001475584;0.0014448640000000001;0.0010455039999999998;0.000992256;0.0016302080000000002;0.001391616;0.000864256;0.0009615359999999999;0.001147904;0.0008591359999999999;0.001154048;0.00079872;0.00041472;0.0005304320000000001;0.000726016;0.000518144;0.000319488;0.00018944;0.000360448;0.000528384;0.000643072;0.0005376000000000001;0.000548864;0.00059392
1778592600,hdr,0.0293;0.03906;0.04883;0.05859;0.06836;0.07813;0.08789;0.09766;0.10742;0.11719;0.12695;0.13672;0.14648;0.15625;0.16602;0.17578;0.18555;0.19531;0.20508;0.21484;0.22461;0.23438;0.24414;0.25391;0.26367;0.27344;0.2832;0.29297;0.30273;0.3125;0.32227;0.33203;0.3418;0.35156;0.36133;0.37109;0.38086;0.39063;0.40039;0.41016;0.41992;0.42969;0.43945;0.44922;0.45898;0.46875;0.47852;0.48828;0.49805;0.50781;0.51758;0.52734;0.53711;0.54688;0.55664;0.56641;0.57617;0.58594;0.5957;0.60547;0.61523;0.625;0.63477;0.64453;0.6543;0.66406;0.67383;0.68359;0.69336;0.70313;0.71289;0.72266;0.73242;0.74219;0.75195;0.76172;0.77148;0.78125;0.79102,0.00364544;0.003434496;0.004882432;0.003588096;0.033571840000000006;0.101226496;0.136088576;0.289312768;0.572577792;0.674233344;0.364834816;0.18861260800000001;0.09610751999999999;0.15270912000000003;0.146758656;0.1173248;0.060256256;0.03642368;0.019316735999999998;0.024706047999999998;0.027732991999999998;0.015612928;0.016172032;0.00993792;0.0047861760000000005;0.007473152;0.00795648;0.006834176;0.005970944000000001;0.008060928;0.010894336;0.011809792;0.006971392;0.004334592;0.005688319999999999;0.006684671999999999;0.0032604160000000004;0.002379776;0.0029378560000000004;0.002566144;0.00249344;0.002465792;0.0035348480000000006;0.003488768;0.0017889280000000002;0.00087552;0.00165888;0.001777664;0.0015964160000000002;0.001924096;0.001159168;0.001283072;0.00134656;0.000897024;0.001277952;0.0013260799999999999;0.001330176;0.000992256;0.000937984;0.0013905920000000002;0.0017623040000000001;0.0015226880000000001;0.0011786239999999999;0.000825344;0.000772096;0.0007096320000000001;0.0005601279999999999;0.000432128;0.000733184;0.000878592;0.000607232;0.00044032;0.000577536;0.0006041600000000001;0.000453632;0.000217088;0.000360448;0.000330752;0.000284672
1778593500,hdr,0.0293;0.03906;0.04883;0.05859;0.06836;0.07813;0.08789;0.09766;0.10742;0.11719;0.12695;0.13672;0.14648;0.15625;0.16602;0.17578;0.18555;0.19531;0.20508;0.21484;0.22461;0.23438;0.24414;0.25391;0.26367;0.27344;0.2832;0.29297;0.30273;0.3125;0.32227;0.33203;0.3418;0.35156;0.36133;0.37109;0.38086;0.39063;0.40039;0.41016;0.41992;0.42969;0.43945;0.44922;0.45898;0.46875;0.47852;0.48828;0.49805;0.50781;0.51758;0.52734;0.53711;0.54688;0.55664;0.56641;0.57617;0.58594;0.5957;0.60547;0.61523;0.625;0.63477;0.64453;0.6543;0.66406;0.67383;0.68359;0.69336;0.70313;0.71289;0.72266;0.73242;0.74219;0.75195;0.76172;0.77148;0.78125;0.79102,0.001744896;0.012881919999999998;0.013428736;0.011246592;0.034336768;0.05962854399999999;0.074942464;0.27735552;0.7266887679999999;0.5797529600000001;0.236091392;0.183443456;0.133275648;0.11944447999999999;0.110508032;0.08886783999999999;0.058010624000000004;0.045472768000000004;0.03334656;0.023812096;0.02594816;0.021690367999999998;0.015947776;0.013861888000000001;0.010259456;0.005775359999999999;0.00564224;0.007374848;0.010421248;0.009581568;0.007536640000000001;0.008136704;0.005153792000000001;0.0046714880000000005;0.004017152;0.002972672;0.004013055999999999;0.006167552;0.005637120000000001;0.004757504;0.0034385919999999994;0.003753984;0.0030443519999999997;0.003396608;0.0031139839999999998;0.0026521599999999998;0.002173952;0.001294336;0.0012871680000000002;0.0017561599999999999;0.0012871680000000002;0.0012666880000000002;0.0010762240000000002;0.0010455039999999998;0.001267712;0.0010086399999999999;0.001061888;0.0012625919999999999;0.00122368;0.000633856;0.0005959680000000001;0.001078272;0.001292288;0.0011735040000000001;0.0011048960000000002;0.000854016;0.0005877759999999999;0.00075776;0.00039936;0.0005816320000000001;0.000536576;0.00055296;0.0007495679999999999;0.00067072;0.000441344;0.00029081600000000006;0.00028569600000000005;0.000221184;0.000242688
1778594400,hdr,0.0293;0.03906;0.04883;0.05859;0.06836;0.07813;0.08789;0.09766;0.10742;0.11719;0.12695;0.13672;0.14648;0.15625;0.16602;0.17578;0.18555;0.19531;0.20508;0.21484;0.22461;0.23438;0.24414;0.25391;0.26367;0.27344;0.2832;0.29297;0.30273;0.3125;0.32227;0.33203;0.3418;0.35156;0.36133;0.37109;0.38086;0.39063;0.40039;0.41016;0.41992;0.42969;0.43945;0.44922;0.45898;0.46875;0.47852;0.48828;0.49805;0.50781;0.51758;0.52734;0.53711;0.54688;0.55664;0.56641;0.57617;0.58594;0.5957;0.60547;0.61523;0.625;0.63477;0.64453;0.6543;0.66406;0.67383;0.68359;0.69336;0.70313;0.71289;0.72266;0.73242;0.74219;0.75195;0.76172;0.77148;0.78125;0.79102,0.000909312;0.007812096;0.011199488;0.005781504;0.025445376;0.06980096000000001;0.07512268799999999;0.259659776;0.600531968;0.5263513599999999;0.328635392;0.23792844800000001;0.170617856;0.12378419200000002;0.09357824;0.055747584;0.02197504;0.025071615999999998;0.023945216;0.026015744000000004;0.034198528000000006;0.032728064;0.014949376;0.00808448;0.006032384;0.004804608;0.004948991999999999;0.007630848;0.0064716800000000005;0.005780479999999999;0.007709696;0.005331967999999999;0.0032870399999999998;0.003716096;0.005400576;0.007144447999999999;0.0048261120000000005;0.0037427199999999997;0.005650432;0.006093823999999999;0.0040294400000000005;0.0031068159999999997;0.003812352;0.00386048;0.003350528;0.002845696;0.003359744;0.0029378560000000004;0.002184192;0.00178176;0.00123392;0.001527808;0.001348608;0.0011837439999999998;0.001903616;0.0017018880000000001;0.0011212799999999999;0.0013342719999999998;0.001552384;0.0009574399999999999;0.0012625919999999999;0.00182272;0.001313792;0.0011909120000000001;0.001247232;0.00128512;0.0010475520000000002;0.0009697280000000001;0.000744448;0.000712704;0.0008222720000000001;0.000592896;0.0006123519999999999;0.000736256;0.000641024;0.000551936;0.000519168;0.000453632;0.00048127999999999995
1778595300,hdr,0.0293;0.03906;0.04883;0.05859;0.06836;0.07813;0.08789;0.09766;0.10742;0.11719;0.12695;0.13672;0.14648;0.15625;0.16602;0.17578;0.18555;0.19531;0.20508;0.21484;0.22461;0.23438;0.24414;0.25391;0.26367;0.27344;0.2832;0.29297;0.30273;0.3125;0.32227;0.33203;0.3418;0.35156;0.36133;0.37109;0.38086;0.39063;0.40039;0.41016;0.41992;0.42969;0.43945;0.44922;0.45898;0.46875;0.47852;0.48828;0.49805;0.50781;0.51758;0.52734;0.53711;0.54688;0.55664;0.56641;0.57617;0.58594;0.5957;0.60547;0.61523;0.625;0.63477;0.64453;0.6543;0.66406;0.67383;0.68359;0.69336;0.70313;0.71289;0.72266;0.73242;0.74219;0.75195;0.76172;0.77148;0.78125;0.79102,0.002566144;0.017516544;0.02057728;0.015046656;0.078302208;0.105757696;0.127714304;0.281240576;0.412360704;0.562921472;0.349595648;0.254464;0.14992281600000001;0.12053299199999999;0.11683123200000001;0.07275008000000001;0.055060479999999995;0.046623744;0.029344768;0.022392831999999998;0.017284096000000002;0.0132608;0.011291648000000001;0.012009472;0.009198592;0.005637120000000001;0.0059648;0.007083008000000001;0.005871616;0.006226944;0.005356544;0.005896192;0.005450752;0.0034795520000000003;0.003866624;0.003975168;0.003959808;0.005884928000000001;0.00435712;0.002696192;0.00245248;0.002226176;0.003296256;0.003274752;0.002228224;0.001436672;0.0016168960000000003;0.002368512;0.002905088;0.0023818240000000003;0.001970176;0.00167424;0.001304576;0.002102272;0.0021248;0.0018513919999999999;0.0013824;0.00101888;0.001000448;0.000765952;0.000751616;0.000796672;0.0009431040000000001;0.0010250239999999998;0.001143808;0.0006789119999999999;0.000458752;0.000531456;0.000791552;0.000899072;0.000992256;0.00061952;0.000436224;0.000441344;0.000594944;0.0007096320000000001;0.00062976;0.000482304;0.000549888
1778596200,hdr,0.0293;0.03906;0.04883;0.05859;0.06836;0.07813;0.08789;0.09766;0.10742;0.11719;0.12695;0.13672;0.14648;0.15625;0.16602;0.17578;0.18555;0.19531;0.20508;0.21484;0.22461;0.23438;0.24414;0.25391;0.26367;0.27344;0.2832;0.29297;0.30273;0.3125;0.32227;0.33203;0.3418;0.35156;0.36133;0.37109;0.38086;0.39063;0.40039;0.41016;0.41992;0.42969;0.43945;0.44922;0.45898;0.46875;0.47852;0.48828;0.49805;0.50781;0.51758;0.52734;0.53711;0.54688;0.55664;0.56641;0.57617;0.58594;0.5957;0.60547;0.61523;0.625;0.63477;0.64453;0.6543;0.66406;0.67383;0.68359;0.69336;0.70313;0.71289;0.72266;0.73242;0.74219;0.75195;0.76172;0.77148;0.78125;0.79102,0.005840896;0.009051136;0.006759424;0.00444928;0.03572736;0.06995046399999999;0.114345984;0.256751616;0.419813376;0.268479488;0.236281856;0.234349568;0.143488;0.07650304;0.084502528;0.07341977599999999;0.050516992;0.043650048;0.041646079999999995;0.025552896000000002;0.019137536;0.01309696;0.012191744000000001;0.008209408;0.006752256;0.004620288;0.0051025919999999995;0.005562368000000001;0.004988928;0.0044103680000000004;0.004397056000000001;0.004518912;0.0031098880000000003;0.0034908160000000003;0.002197504;0.001941504;0.0049479680000000005;0.003872768;0.0023818240000000003;0.00278016;0.003129344;0.002809856;0.002138112;0.0028753920000000005;0.002833408;0.0026787839999999996;0.002131968;0.0020879360000000003;0.002368512;0.002692096;0.002572288;0.002225152;0.0017643519999999998;0.001404928;0.001352704;0.001555456;0.001403904;0.00119808;0.001088512;0.0014878720000000001;0.00134144;0.0009727999999999999;0.001286144;0.0006737919999999999;0.0005898240000000001;0.00064;0.0009594880000000001;0.0010373119999999999;0.000636928;0.00047820800000000004;0.00073216;0.0010014719999999998;0.0009318400000000001;0.000653312;0.0006993920000000001;0.0005683200000000001;0.0006225919999999999;0.0006574080000000001;0.000538624
1778597100,hdr,0.0293;0.03906;0.04883;0.05859;0.06836;0.07813;0.08789;0.09766;0.10742;0.11719;0.12695;0.13672;0.14648;0.15625;0.16602;0.17578;0.18555;0.19531;0.20508;0.21484;0.22461;0.23438;0.24414;0.25391;0.26367;0.27344;0.2832;0.29297;0.30273;0.3125;0.32227;0.33203;0.3418;0.35156;0.36133;0.37109;0.38086;0.39063;0.40039;0.41016;0.41992;0.42969;0.43945;0.44922;0.45898;0.46875;0.47852;0.48828;0.49805;0.50781;0.51758;0.52734;0.53711;0.54688;0.55664;0.56641;0.57617;0.58594;0.5957;0.60547;0.61523;0.625;0.63477;0.64453;0.6543;0.66406;0.67383;0.68359;0.69336;0.70313;0.71289;0.72266;0.73242;0.74219;0.75195;0.76172;0.77148;0.78125;0.79102,0.0034488319999999998;0.008112128000000001;0.013548544;0.008817664000000001;0.035625984000000006;0.101004288;0.11037184000000001;0.25823948799999996;0.618322944;0.5621524480000001;0.20469862399999997;0.136393728;0.138554368;0.13993267199999998;0.10741555200000001;0.071451648;0.048758784;0.043179008000000005;0.041078784;0.023936;0.026958847999999997;0.021961728;0.019560448;0.011467776;0.010010624;0.00852992;0.009479168;0.006397952;0.005430272000000001;0.004533248;0.004759552;0.00507904;0.00732672;0.006700032;0.0056350720000000005;0.003811328;0.003232768;0.002996224;0.0033105920000000002;0.003026944;0.002243584;0.002904064;0.003868672;0.0033044479999999998;0.0028436480000000003;0.0023500800000000005;0.001932288;0.002158592;0.0022702079999999997;0.002102272;0.0020736;0.0019128320000000002;0.002522112;0.0014151679999999999;0.0017203200000000002;0.0012247039999999999;0.0009768959999999999;0.001165312;0.000760832;0.0008447999999999999;0.001212416;0.001209344;0.001010688;0.00091648;0.001275904;0.00136704;0.000676864;0.000326656;0.00062464;0.001027072;0.0007075839999999999;0.000483328;0.000390144;0.000514048;0.0006696959999999999;0.000519168;0.00041472;0.0005416959999999999;0.0005867520000000001
1778598000,hdr,0.0293;0.03906;0.04883;0.05859;0.06836;0.07813;0.08789;0.09766;0.10742;0.11719;0.12695;0.13672;0.14648;0.15625;0.16602;0.17578;0.18555;0.19531;0.20508;0.21484;0.22461;0.23438;0.24414;0.25391;0.26367;0.27344;0.2832;0.29297;0.30273;0.3125;0.32227;0.33203;0.3418;0.35156;0.36133;0.37109;0.38086;0.39063;0.40039;0.41016;0.41992;0.42969;0.43945;0.44922;0.45898;0.46875;0.47852;0.48828;0.49805;0.50781;0.51758;0.52734;0.53711;0.54688;0.55664;0.56641;0.57617;0.58594;0.5957;0.60547;0.61523;0.625;0.63477;0.64453;0.6543;0.66406;0.67383;0.68359;0.69336;0.70313;0.71289;0.72266;0.73242;0.74219;0.75195;0.76172;0.77148;0.78125;0.79102,0.00239616;0.007998464;0.009906176;0.012589056;0.049104895999999995;0.074005504;0.10259046399999999;0.209417216;0.374738944;0.459440128;0.3737088;0.201368576;0.133797888;0.12382720000000001;0.13197926399999999;0.130666496;0.051476480000000005;0.048759807999999995;0.052227072;0.038620159999999994;0.016395264;0.012701696;0.016055296;0.015668224;0.009070591999999999;0.0026941440000000003;0.0043304960000000005;0.007552;0.00738304;0.007770112;0.005279743999999999;0.005448704;0.004272128000000001;0.003221504;0.0032133120000000003;0.0034048;0.00275968;0.002697216;0.002921472;0.0019824639999999998;0.002833408;0.002269184;0.0022978559999999996;0.001902592;0.001956864;0.0024852480000000002;0.003160064;0.00249856;0.0025292799999999996;0.004424704000000001;0.0038430719999999995;0.002840576;0.002989056;0.002364416;0.0020910079999999997;0.00119808;0.0017735679999999999;0.0014151679999999999;0.00123904;0.0010598399999999998;0.0014745600000000002;0.0012646399999999998;0.000754688;0.001364992;0.001558528;0.001323008;0.001555456;0.000881664;0.0009461760000000001;0.000910336;0.0007925759999999999;0.0005898240000000001;0.0006778880000000001;0.0005816320000000001;0.0006154239999999999;0.0005560319999999999;0.000420864;0.00045568;0.000483328
1778598900,hdr,0.0293;0.03906;0.04883;0.05859;0.06836;0.07813;0.08789;0.09766;0.10742;0.11719;0.12695;0.13672;0.14648;0.15625;0.16602;0.17578;0.18555;0.19531;0.20508;0.21484;0.22461;0.23438;0.24414;0.25391;0.26367;0.27344;0.2832;0.29297;0.30273;0.3125;0.32227;0.33203;0.3418;0.35156;0.36133;0.37109;0.38086;0.39063;0.40039;0.41016;0.41992;0.42969;0.43945;0.44922;0.45898;0.46875;0.47852;0.48828;0.49805;0.50781;0.51758;0.52734;0.53711;0.54688;0.55664;0.56641;0.57617;0.58594;0.5957;0.60547;0.61523;0.625;0.63477;0.64453;0.6543;0.66406;0.67383;0.68359;0.69336;0.70313;0.71289;0.72266;0.73242;0.74219;0.75195;0.76172;0.77148;0.78125;0.79102,0.00680448;0.009450496;0.007072768;0.013564928;0.05049856;0.118417408;0.14432153600000003;0.159404032;0.407102464;0.5749299200000001;0.38412083199999997;0.12986163199999998;0.094558208;0.072667136;0.076043264;0.060688384;0.053476352;0.051586047999999995;0.051939328;0.04438528;0.042733568;0.023001088;0.009432064;0.008469504000000001;0.007853055999999999;0.008156159999999999;0.005956608;0.007422976;0.009124864000000002;0.006697984000000001;0.00364544;0.00262144;0.002952192;0.0037632;0.004335616;0.002428928;0.002509824;0.001734656;0.002361344;0.002868224;0.003509248;0.002556928;0.002935808;0.003088384;0.002635776;0.002208768;0.001902592;0.001895424;0.00141824;0.001555456;0.001584128;0.001659904;0.001970176;0.0018882559999999998;0.001902592;0.001041408;0.0009830400000000001;0.001451008;0.001297408;0.000781312;0.000776192;0.000964608;0.000897024;0.000666624;0.00075264;0.00082432;0.000662528;0.000775168;0.0009984;0.00067584;0.000594944;0.00064;0.0008468480000000001;0.000605184;0.000457728;0.00057856;0.000610304;0.000688128;0.0006993920000000001
1778599800,hdr,0.0293;0.03906;0.04883;0.05859;0.06836;0.07813;0.08789;0.09766;0.10742;0.11719;0.12695;0.13672;0.14648;0.15625;0.16602;0.17578;0.18555;0.19531;0.20508;0.21484;0.22461;0.23438;0.24414;0.25391;0.26367;0.27344;0.2832;0.29297;0.30273;0.3125;0.32227;0.33203;0.3418;0.35156;0.36133;0.37109;0.38086;0.39063;0.40039;0.41016;0.41992;0.42969;0.43945;0.44922;0.45898;0.46875;0.47852;0.48828;0.49805;0.50781;0.51758;0.52734;0.53711;0.54688;0.55664;0.56641;0.57617;0.58594;0.5957;0.60547;0.61523;0.625;0.63477;0.64453;0.6543;0.66406;0.67383;0.68359;0.69336;0.70313;0.71289;0.72266;0.73242;0.74219;0.75195;0.76172;0.77148;0.78125;0.79102,0.004137984000000001;0.008297472000000002;0.007449600000000001;0.007533568;0.032734208;0.08803430400000001;0.129164288;0.26007347199999997;0.286759936;0.348926976;0.18576691199999998;0.14851788800000001;0.098270208;0.07381811199999999;0.06951833600000001;0.07276646399999999;0.11693056;0.046548992;0.025575424000000003;0.030732288;0.018471935999999998;0.018895872;0.018487296000000004;0.014739456;0.009442304;0.009778176;0.007419904;0.0063774719999999995;0.00417792;0.0037345280000000004;0.005317631999999999;0.003043328;0.005206016;0.005118976;0.003936256;0.003838976;0.0036116480000000003;0.004818944;0.00303104;0.00231424;0.002881536;0.00214016;0.002139136;0.001519616;0.0016424959999999998;0.002373632;0.0027586560000000004;0.002500608;0.002656256;0.0021534719999999996;0.0022558720000000003;0.0022015999999999997;0.0015851519999999998;0.001232896;0.001180672;0.001414144;0.0015472639999999998;0.002551808;0.0013219840000000002;0.001343488;0.001234944;0.0017090559999999998;0.002076672;0.0014376960000000002;0.0013905920000000002;0.001559552;0.00103424;0.000891904;0.001052672;0.001275904;0.001861632;0.001816576;0.001271808;0.001084416;0.00085504;0.00064512;0.000637952;0.000659456;0.000567296
1778600700,hdr,0.0293;0.03906;0.04883;0.05859;0.06836;0.07813;0.08789;0.09766;0.10742;0.11719;0.12695;0.13672;0.14648;0.15625;0.16602;0.17578;0.18555;0.19531;0.20508;0.21484;0.22461;0.23438;0.24414;0.25391;0.26367;0.27344;0.2832;0.29297;0.30273;0.3125;0.32227;0.33203;0.3418;0.35156;0.36133;0.37109;0.38086;0.39063;0.40039;0.41016;0.41992;0.42969;0.43945;0.44922;0.45898;0.46875;0.47852;0.48828;0.49805;0.50781;0.51758;0.52734;0.53711;0.54688;0.55664;0.56641;0.57617;0.58594;0.5957;0.60547;0.61523;0.625;0.63477;0.64453;0.6543;0.66406;0.67383;0.68359;0.69336;0.70313;0.71289;0.72266;0.73242;0.74219;0.75195;0.76172;0.77148;0.78125;0.79102,0.003770368;0.004854784000000001;0.006740992;0.024029184000000002;0.08472576;0.09339289599999999;0.14950502400000001;0.290561024;0.497349632;0.46151168;0.227414016;0.17115647999999997;0.098458624;0.068731904;0.060145663999999995;0.054740991999999995;0.058020864;0.047561728000000005;0.037086207999999996;0.027482112;0.024379392;0.01954304;0.012726271999999999;0.00980992;0.008980479999999999;0.007093248;0.00704;0.006281215999999999;0.007766016;0.0083712;0.00643072;0.00410624;0.003709952;0.004000768;0.002234368;0.002579456;0.002427904;0.004317184;0.004304896000000001;0.002857984;0.002824192;0.002004992;0.003268608;0.002761728;0.001770496;0.001928192;0.002733056;0.00242176;0.002418688;0.0019230719999999998;0.001755136;0.0022661120000000002;0.001983488;0.001091584;0.001132544;0.001242112;0.0012185600000000003;0.0012994559999999998;0.0011427840000000002;0.0008325120000000001;0.000933888;0.0012359679999999998;0.0012994559999999998;0.001374208;0.00135168;0.000843776;0.000652288;0.000776192;0.001152;0.0011448320000000001;0.000535552;0.0005734399999999999;0.000549888;0.00063488;0.000800768;0.0007096320000000001;0.000605184;0.000646144;0.0007843840000000001
1778601600,hdr,0.0293;0.03906;0.04883;0.05859;0.06836;0.07813;0.08789;0.09766;0.10742;0.11719;0.12695;0.13672;0.14648;0.15625;0.16602;0.17578;0.18555;0.19531;0.20508;0.21484;0.22461;0.23438;0.24414;0.25391;0.26367;0.27344;0.2832;0.29297;0.30273;0.3125;0.32227;0.33203;0.3418;0.35156;0.36133;0.37109;0.38086;0.39063;0.40039;0.41016;0.41992;0.42969;0.43945;0.44922;0.45898;0.46875;0.47852;0.48828;0.49805;0.50781;0.51758;0.52734;0.53711;0.54688;0.55664;0.56641;0.57617;0.58594;0.5957;0.60547;0.61523;0.625;0.63477;0.64453;0.6543;0.66406;0.67383;0.68359;0.69336;0.70313;0.71289;0.72266;0.73242;0.74219;0.75195;0.76172;0.77148;0.78125;0.79102,0.0026490879999999995;0.008221696;0.011535360000000001;0.017431552;0.041571328000000005;0.077012992;0.12741939200000002;0.13696921599999998;0.300479488;0.331697152;0.20685824;0.146407424;0.125904896;0.08700928;0.068123648;0.039753728;0.029810688;0.036841472;0.028401664;0.016443392;0.018349056;0.01593344;0.019156991999999998;0.013699072;0.008292352;0.005014528;0.005721088;0.00690688;0.005982207999999999;0.00564736;0.005541888;0.00528896;0.0034754559999999996;0.0026009600000000003;0.002603008;0.003038208;0.0030668799999999997;0.0016435199999999999;0.003011584;0.004708352;0.0034242560000000005;0.003008512;0.0023439359999999996;0.001534976;0.0019394560000000002;0.002205696;0.002159616;0.003648512;0.0036352000000000003;0.002514944;0.0020981759999999998;0.002443264;0.0019773440000000002;0.0014929920000000003;0.003720192;0.003503104;0.001874944;0.002716672;0.004726784;0.003559424;0.005180416;0.005563392;0.008679424;0.008467456;0.007717888;0.006750208;0.00690176;0.004859904000000001;0.003339264;0.003567616;0.0024791039999999998;0.0044103680000000004;0.003629056;0.002403328;0.00183296;0.001538048;0.0017326079999999998;0.0022302719999999997;0.001729536
1778602500,hdr,0.0293;0.03906;0.04883;0.05859;0.06836;0.07813;0.08789;0.09766;0.10742;0.11719;0.12695;0.13672;0.14648;0.15625;0.16602;0.17578;0.18555;0.19531;0.20508;0.21484;0.22461;0.23438;0.24414;0.25391;0.26367;0.27344;0.2832;0.29297;0.30273;0.3125;0.32227;0.33203;0.3418;0.35156;0.36133;0.37109;0.38086;0.39063;0.40039;0.41016;0.41992;0.42969;0.43945;0.44922;0.45898;0.46875;0.47852;0.48828;0.49805;0.50781;0.51758;0.52734;0.53711;0.54688;0.55664;0.56641;0.57617;0.58594;0.5957;0.60547;0.61523;0.625;0.63477;0.64453;0.6543;0.66406;0.67383;0.68359;0.69336;0.70313;0.71289;0.72266;0.73242;0.74219;0.75195;0.76172;0.77148;0.78125;0.79102,0.00406528;0.014995456;0.022504448;0.020907008;0.043049984000000006;0.091239424;0.088188928;0.169192448;0.47621222399999996;0.581709824;0.31679897599999995;0.13119180800000002;0.071786496;0.056911872;0.042697728;0.043454464;0.035479552;0.034068480000000005;0.043106304000000005;0.03528499200000001;0.028070912;0.031929344;0.020897792;0.017323008;0.012294143999999998;0.006704127999999999;0.0046940160000000005;0.004416512;0.004339712;0.005994496;0.006094848;0.005868544;0.004724736;0.00384512;0.0021288960000000003;0.00181248;0.0029429759999999995;0.00237568;0.001483776;0.001731584;0.0026398719999999997;0.002997248;0.0014714879999999997;0.001201152;0.002021376;0.002651136;0.003417088;0.003364864;0.0036239360000000003;0.0031139839999999998;0.00567296;0.006829056;0.005832703999999999;0.00582656;0.005551103999999999;0.008519679999999998;0.008051712;0.008972288;0.006896639999999999;0.006080512;0.0077342719999999995;0.010389504;0.007184384;0.003765248;0.003736576;0.004772864000000001;0.004948991999999999;0.004978688;0.004993024;0.004339712;0.00330752;0.0024309759999999996;0.002225152;0.0020592640000000003;0.0027392;0.0036095999999999997;0.003158016;0.002637824;0.001106944
1778603400,hdr,0.0293;0.03906;0.04883;0.05859;0.06836;0.07813;0.08789;0.09766;0.10742;0.11719;0.12695;0.13672;0.14648;0.15625;0.16602;0.17578;0.18555;0.19531;0.20508;0.21484;0.22461;0.23438;0.24414;0.25391;0.26367;0.27344;0.2832;0.29297;0.30273;0.3125;0.32227;0.33203;0.3418;0.35156;0.36133;0.37109;0.38086;0.39063;0.40039;0.41016;0.41992;0.42969;0.43945;0.44922;0.45898;0.46875;0.47852;0.48828;0.49805;0.50781;0.51758;0.52734;0.53711;0.54688;0.55664;0.56641;0.57617;0.58594;0.5957;0.60547;0.61523;0.625;0.63477;0.64453;0.6543;0.66406;0.67383;0.68359;0.69336;0.70313;0.71289;0.72266;0.73242;0.74219;0.75195;0.76172;0.77148;0.78125;0.79102,0.0068864;0.009034751999999998;0.006266879999999999;0.01529344;0.043642879999999995;0.08954265599999998;0.147290112;0.197692416;0.282595328;0.235767808;0.21888921600000003;0.16514252799999998;0.06810009599999998;0.07557222400000001;0.064553984;0.035887103999999996;0.033670144;0.031056895999999997;0.027083776;0.02637312;0.019209216;0.024579072;0.016885760000000003;0.0075745280000000005;0.004488192;0.006931456;0.00636416;0.0036730879999999997;0.003618816;0.003398656;0.003352576;0.004047872;0.004927488000000001;0.005762048;0.004169728;0.002791424;0.003180544;0.0022231040000000005;0.001931264;0.0027013120000000004;0.002719744;0.0025405440000000005;0.00303104;0.0032430080000000003;0.00393728;0.003892224;0.0052418560000000005;0.0062924800000000005;0.005861376000000001;0.005085184;0.00669696;0.010859520000000001;0.009079807999999998;0.009385984;0.008468479999999999;0.010233856;0.010973183999999999;0.006071296;0.004944896;0.004092928;0.004886528;0.009327616;0.007436288;0.005805056;0.005183487999999999;0.0040243200000000005;0.003890176;0.004066304;0.003687424;0.003079168;0.0023132160000000003;0.0027555839999999997;0.0022978559999999996;0.00199168;0.0020490240000000004;0.0021043200000000002;0.001297408;0.001101824;0.0009349119999999999
1778604300,hdr,0.0293;0.03906;0.04883;0.05859;0.06836;0.07813;0.08789;0.09766;0.10742;0.11719;0.12695;0.13672;0.14648;0.15625;0.16602;0.17578;0.18555;0.19531;0.20508;0.21484;0.22461;0.23438;0.24414;0.25391;0.26367;0.27344;0.2832;0.29297;0.30273;0.3125;0.32227;0.33203;0.3418;0.35156;0.36133;0.37109;0.38086;0.39063;0.40039;0.41016;0.41992;0.42969;0.43945;0.44922;0.45898;0.46875;0.47852;0.48828;0.49805;0.50781;0.51758;0.52734;0.53711;0.54688;0.55664;0.56641;0.57617;0.58594;0.5957;0.60547;0.61523;0.625;0.63477;0.64453;0.6543;0.66406;0.67383;0.68359;0.69336;0.70313;0.71289;0.72266;0.73242;0.74219;0.75195;0.76172;0.77148;0.78125;0.79102,0.006724608;0.01434624;0.013524991999999998;0.017014783999999998;0.061647872000000006;0.08202547199999999;0.08749056;0.076007424;0.23763865599999998;0.34815795200000005;0.207295488;0.07964159999999999;0.052969472000000004;0.052605952000000004;0.057994239999999996;0.038576127999999994;0.030628864000000002;0.032771072;0.029720576000000002;0.016009216;0.024395776;0.020169727999999998;0.010482688;0.006905856;0.006957056;0.0055183359999999996;0.003675136;0.00419328;0.005643264;0.00536576;0.004050944000000001;0.002420736;0.002183168;0.00170496;0.002377728;0.0033105920000000002;0.002139136;0.0018442240000000002;0.0017766400000000001;0.00237568;0.0023132160000000003;0.001716224;0.002193408;0.004173824;0.004680704000000001;0.005738495999999999;0.005410816;0.009127936;0.010734592;0.007078912000000001;0.011683840000000001;0.012814336;0.005404671999999999;0.003857408;0.004245504000000001;0.004564992;0.003986432;0.0038881280000000002;0.00383488;0.0038881280000000002;0.003063808;0.003721216;0.002976768;0.003121152;0.003352576;0.00198144;0.002578432;0.003607552;0.002502656;0.0023203839999999996;0.00273408;0.002369536;0.002006016;0.0014376960000000002;0.0022015999999999997;0.001603584;0.001574912;0.0015616000000000002;0.0013824
1778605200,hdr,0.0293;0.03906;0.04883;0.05859;0.06836;0.07813;0.08789;0.09766;0.10742;0.11719;0.12695;0.13672;0.14648;0.15625;0.16602;0.17578;0.18555;0.19531;0.20508;0.21484;0.22461;0.23438;0.24414;0.25391;0.26367;0.27344;0.2832;0.29297;0.30273;0.3125;0.32227;0.33203;0.3418;0.35156;0.36133;0.37109;0.38086;0.39063;0.40039;0.41016;0.41992;0.42969;0.43945;0.44922;0.45898;0.46875;0.47852;0.48828;0.49805;0.50781;0.51758;0.52734;0.53711;0.54688;0.55664;0.56641;0.57617;0.58594;0.5957;0.60547;0.61523;0.625;0.63477;0.64453;0.6543;0.66406;0.67383;0.68359;0.69336;0.70313;0.71289;0.72266;0.73242;0.74219;0.75195;0.76172;0.77148;0.78125;0.79102,0.008999936;0.011814912;0.011735039999999999;0.018710527999999997;0.06011392;0.055045119999999996;0.050704384;0.110168064;0.33697279999999996;0.559002624;0.30896127999999995;0.136536064;0.100537344;0.041675776;0.037338112;0.038752256;0.0254976;0.01711616;0.012909568;0.011805696;0.014435327999999999;0.012872704;0.015648768;0.007825408;0.003273728;0.002920448;0.0036730879999999997;0.00391168;0.0022835200000000003;0.0022353919999999997;0.003035136;0.002402304;0.004045824;0.003013632;0.0018012159999999998;0.002071552;0.002067456;0.0017244159999999999;0.0017530879999999999;0.0018687999999999999;0.0024156159999999998;0.003076096;0.0043161599999999994;0.004667392000000001;0.00621056;0.005268480000000001;0.005559295999999999;0.005009407999999999;0.006567936000000001;0.008022016;0.011502592;0.009247744;0.006187008;0.004007936;0.006928384;0.008922112000000001;0.00679936;0.0064593919999999996;0.0032849919999999996;0.004164608;0.004108288;0.0032501760000000005;0.001523712;0.001452032;0.0019886079999999998;0.0018841600000000002;0.002014208;0.002015232;0.002902016;0.002746368;0.0020930559999999994;0.0017182719999999999;0.0015616000000000002;0.0022528;0.0018360320000000002;0.002195456;0.00216576;0.00215552;0.001917952
1778606100,hdr,0.0293;0.03906;0.04883;0.05859;0.06836;0.07813;0.08789;0.09766;0.10742;0.11719;0.12695;0.13672;0.14648;0.15625;0.16602;0.17578;0.18555;0.19531;0.20508;0.21484;0.22461;0.23438;0.24414;0.25391;0.26367;0.27344;0.2832;0.29297;0.30273;0.3125;0.32227;0.33203;0.3418;0.35156;0.36133;0.37109;0.38086;0.39063;0.40039;0.41016;0.41992;0.42969;0.43945;0.44922;0.45898;0.46875;0.47852;0.48828;0.49805;0.50781;0.51758;0.52734;0.53711;0.54688;0.55664;0.56641;0.57617;0.58594;0.5957;0.60547;0.61523;0.625;0.63477;0.64453;0.6543;0.66406;0.67383;0.68359;0.69336;0.70313;0.71289;0.72266;0.73242;0.74219;0.75195;0.76172;0.77148;0.78125;0.79102,0.002857984;0.0126208;0.014667776;0.021996544000000003;0.09149439999999999;0.0907008;0.069194752;0.09072025600000001;0.20399820800000001;0.35703808;0.341562368;0.126908416;0.064325632;0.057683968;0.044734464;0.0323072;0.026131455999999997;0.03156992;0.022531072;0.016974848;0.024436736;0.015229952000000001;0.010071040000000002;0.00915968;0.005307392;0.005659648;0.0056453119999999996;0.003016704;0.002883584;0.002482176;0.000982016;0.002123776;0.003883008;0.004072447999999999;0.003295232;0.0022097920000000004;0.002051072;0.001778688;0.0017377279999999998;0.0033331199999999997;0.0023930880000000002;0.003032064;0.002692096;0.004255744;0.0054784;0.006849536;0.012077056000000001;0.009984;0.00928768;0.007368703999999999;0.006714368;0.006448128;0.008920064;0.0068352000000000005;0.00749056;0.005507072;0.005650432;0.007199744;0.006046719999999999;0.0035246080000000003;0.005612544;0.0065791999999999995;0.0052142080000000006;0.005573631999999999;0.004322304;0.0022394880000000004;0.0030341120000000003;0.003350528;0.003641344;0.003319808;0.002915328;0.00271872;0.0031856640000000004;0.003084288;0.002592768;0.003282944;0.002356224;0.001839104;0.001284096
1778607000,hdr,0.0293;0.03906;0.04883;0.05859;0.06836;0.07813;0.08789;0.09766;0.10742;0.11719;0.12695;0.13672;0.14648;0.15625;0.16602;0.17578;0.18555;0.19531;0.20508;0.21484;0.22461;0.23438;0.24414;0.25391;0.26367;0.27344;0.2832;0.29297;0.30273;0.3125;0.32227;0.33203;0.3418;0.35156;0.36133;0.37109;0.38086;0.39063;0.40039;0.41016;0.41992;0.42969;0.43945;0.44922;0.45898;0.46875;0.47852;0.48828;0.49805;0.50781;0.51758;0.52734;0.53711;0.54688;0.55664;0.56641;0.57617;0.58594;0.5957;0.60547;0.61523;0.625;0.63477;0.64453;0.6543;0.66406;0.67383;0.68359;0.69336;0.70313;0.71289;0.72266;0.73242;0.74219;0.75195;0.76172;0.77148;0.78125;0.79102,0.003035136;0.015606784;0.020685824000000002;0.014612479999999999;0.027269120000000004;0.056574976;0.06651904;0.108711936;0.2869248;0.49715712;0.340325376;0.176603136;0.06845952000000001;0.057860096;0.061175808000000005;0.041396223999999995;0.04321792;0.021704704;0.014792704;0.013326336;0.017298431999999996;0.019842047999999998;0.014448639999999999;0.0061757439999999995;0.005363712;0.004294656;0.0037150720000000003;0.006019072;0.004073472;0.0041963519999999995;0.003751936;0.00383488;0.004835328;0.003588096;0.0023572479999999997;0.0017479680000000001;0.001544192;0.002776064;0.004447232;0.003325952;0.003274752;0.0046848;0.007021568000000001;0.006187008;0.006414336;0.007652352;0.007552;0.009868288000000001;0.01168896;0.011704319999999999;0.008813567999999999;0.007635968;0.004881408;0.0031016959999999997;0.004108288;0.006126591999999999;0.006915072;0.005736448;0.007200768;0.00643072;0.004315136;0.00415744;0.003480576;0.005885951999999999;0.006276095999999999;0.003514368;0.002107392;0.00244736;0.003195904;0.003057664;0.0022466560000000005;0.0031744;0.002097152;0.001374208;0.002674688;0.003417088;0.00275968;0.002219008;0.002322432
1778607900,hdr,0.0293;0.03906;0.04883;0.05859;0.06836;0.07813;0.08789;0.09766;0.10742;0.11719;0.12695;0.13672;0.14648;0.15625;0.16602;0.17578;0.18555;0.19531;0.20508;0.21484;0.22461;0.23438;0.24414;0.25391;0.26367;0.27344;0.2832;0.29297;0.30273;0.3125;0.32227;0.33203;0.3418;0.35156;0.36133;0.37109;0.38086;0.39063;0.40039;0.41016;0.41992;0.42969;0.43945;0.44922;0.45898;0.46875;0.47852;0.48828;0.49805;0.50781;0.51758;0.52734;0.53711;0.54688;0.55664;0.56641;0.57617;0.58594;0.5957;0.60547;0.61523;0.625;0.63477;0.64453;0.6543;0.66406;0.67383;0.68359;0.69336;0.70313;0.71289;0.72266;0.73242;0.74219;0.75195;0.76172;0.77148;0.78125;0.79102,0.002716672;0.017220608000000002;0.017178624;0.019119103999999998;0.066103296;0.050581504;0.06807859200000001;0.187113472;0.313654272;0.41905664000000004;0.45123072000000003;0.169037824;0.065308672;0.036796416;0.02593792;0.030766079999999998;0.033911807999999995;0.024456192;0.022715392;0.027381759999999998;0.020474879999999997;0.017468416;0.011070464;0.007219199999999999;0.004716544;0.003986432;0.0035471359999999998;0.00435712;0.003900416;0.0041144319999999995;0.004198400000000001;0.004446208000000001;0.001824768;0.0016650240000000002;0.0015943679999999999;0.002349056;0.002275328;0.0034263040000000002;0.002673664;0.004690944000000001;0.008774656;0.008617984;0.011692032;0.017852416;0.018178048;0.0234752;0.012889088;0.010979328000000002;0.005840896;0.009798656;0.015614976000000001;0.012740608;0.011884544;0.009286656;0.006866944000000001;0.00641024;0.00464896;0.004426751999999999;0.0062924800000000005;0.006592512;0.0037345280000000004;0.002269184;0.0030894080000000005;0.0038635519999999997;0.003274752;0.002435072;0.002310144;0.002379776;0.0024309759999999996;0.002176;0.0034652159999999997;0.0022927360000000005;0.0024883199999999996;0.00214016;0.0018257920000000001;0.00252416;0.003237888;0.00215552;0.0022886399999999998
1778608800,hdr,0.0293;0.03906;0.04883;0.05859;0.06836;0.07813;0.08789;0.09766;0.10742;0.11719;0.12695;0.13672;0.14648;0.15625;0.16602;0.17578;0.18555;0.19531;0.20508;0.21484;0.22461;0.23438;0.24414;0.25391;0.26367;0.27344;0.2832;0.29297;0.30273;0.3125;0.32227;0.33203;0.3418;0.35156;0.36133;0.37109;0.38086;0.39063;0.40039;0.41016;0.41992;0.42969;0.43945;0.44922;0.45898;0.46875;0.47852;0.48828;0.49805;0.50781;0.51758;0.52734;0.53711;0.54688;0.55664;0.56641;0.57617;0.58594;0.5957;0.60547;0.61523;0.625;0.63477;0.64453;0.6543;0.66406;0.67383;0.68359;0.69336;0.70313;0.71289;0.72266;0.73242;0.74219;0.75195;0.76172;0.77148;0.78125;0.79102,0.002952192;0.008001536;0.006107135999999999;0.011595776000000002;0.03024384;0.076752896;0.076960768;0.08651776;0.199310336;0.34010214400000005;0.38813388800000004;0.222636032;0.10139340799999999;0.042646528;0.022088704;0.028075008000000002;0.038270976;0.040040448;0.033234943999999995;0.022828031999999998;0.01698816;0.021133312;0.025470976;0.01162752;0.006491136000000001;0.007749632;0.0027740160000000002;0.0032256;0.004286464;0.003680256;0.002571264;0.002929664;0.0028190719999999997;0.002336768;0.0024422399999999996;0.0049080320000000005;0.007685120000000001;0.007275520000000001;0.005809152;0.0074332159999999994;0.009039872000000001;0.010737664000000001;0.021912576;0.029988863999999997;0.0207872;0.019016704000000002;0.012997632;0.013558783999999999;0.01501696;0.010949631999999999;0.014113792;0.012942335999999999;0.007955456;0.008024064;0.009037824;0.0037304319999999997;0.003141632;0.0055480320000000005;0.008625152;0.00766976;0.004789247999999999;0.003503104;0.00529408;0.004461567999999999;0.003554304;0.003554304;0.004800512000000001;0.00495104;0.004864;0.00268288;0.002280448;0.002807808;0.002705408;0.002620416;0.0028303359999999997;0.002019328;0.001789952;0.002378752;0.00249344
1778609700,hdr,0.0293;0.03906;0.04883;0.05859;0.06836;0.07813;0.08789;0.09766;0.10742;0.11719;0.12695;0.13672;0.14648;0.15625;0.16602;0.17578;0.18555;0.19531;0.20508;0.21484;0.22461;0.23438;0.24414;0.25391;0.26367;0.27344;0.2832;0.29297;0.30273;0.3125;0.32227;0.33203;0.3418;0.35156;0.36133;0.37109;0.38086;0.39063;0.40039;0.41016;0.41992;0.42969;0.43945;0.44922;0.45898;0.46875;0.47852;0.48828;0.49805;0.50781;0.51758;0.52734;0.53711;0.54688;0.55664;0.56641;0.57617;0.58594;0.5957;0.60547;0.61523;0.625;0.63477;0.64453;0.6543;0.66406;0.67383;0.68359;0.69336;0.70313;0.71289;0.72266;0.73242;0.74219;0.75195;0.76172;0.77148;0.78125;0.79102,0.001970176;0.009724928;0.008890368000000001;0.012567552;0.031998976;0.036929536;0.08579174399999999;0.15585279999999999;0.320812032;0.39405977600000003;0.25292697599999997;0.107967488;0.069425152;0.05418291200000001;0.051577856;0.027008;0.03432652800000001;0.0303616;0.027150336;0.019382272000000002;0.021638144;0.019094528000000003;0.017759232;0.008328192;0.005874688;0.004004864;0.003576832;0.0032808959999999997;0.004343808;0.00353792;0.0023930880000000002;0.0035932159999999998;0.003885056;0.0031406079999999996;0.002996224;0.0027105280000000002;0.004307968;0.006670336000000001;0.00579584;0.010846208000000001;0.019060735999999998;0.019751936;0.021475328000000002;0.028877824;0.020819968;0.016248832;0.017082367999999997;0.009512959999999999;0.012669952000000002;0.019001344;0.010496;0.006098944;0.007087104;0.006832128;0.004603904000000001;0.0046049279999999995;0.0063569920000000005;0.007133184;0.006176768;0.004645888;0.00422912;0.0052142080000000006;0.0047615999999999995;0.002806784;0.003953664;0.0046745599999999995;0.003873792;0.0043878400000000005;0.005256192;0.00503296;0.004045824;0.0032890880000000003;0.0036311040000000004;0.003945472;0.0027279360000000002;0.0016916480000000002;0.002880512;0.003122176;0.002717696
1778610600,hdr,0.0293;0.03906;0.04883;0.05859;0.06836;0.07813;0.08789;0.09766;0.10742;0.11719;0.12695;0.13672;0.14648;0.15625;0.16602;0.17578;0.18555;0.19531;0.20508;0.21484;0.22461;0.23438;0.24414;0.25391;0.26367;0.27344;0.2832;0.29297;0.30273;0.3125;0.32227;0.33203;0.3418;0.35156;0.36133;0.37109;0.38086;0.39063;0.40039;0.41016;0.41992;0.42969;0.43945;0.44922;0.45898;0.46875;0.47852;0.48828;0.49805;0.50781;0.51758;0.52734;0.53711;0.54688;0.55664;0.56641;0.57617;0.58594;0.5957;0.60547;0.61523;0.625;0.63477;0.64453;0.6543;0.66406;0.67383;0.68359;0.69336;0.70313;0.71289;0.72266;0.73242;0.74219;0.75195;0.76172;0.77148;0.78125;0.79102,0.008210432;0.00699904;0.0025579519999999996;0.010218495999999999;0.053561344;0.083968;0.099289088;0.115751936;0.279776256;0.445176832;0.34414592;0.16926617600000002;0.086079488;0.058353664000000006;0.024782848000000003;0.019751936;0.03350528;0.03282432;0.031269888;0.02607616;0.026662912;0.027789311999999997;0.012338176000000001;0.00888832;0.007117824;0.004227072;0.002613248;0.002499584;0.00342016;0.004224;0.0059648;0.00461312;0.005552128;0.006007808;0.004773888;0.012182528;0.012256256000000002;0.021561343999999996;0.022221824;0.018128896000000002;0.030680064000000003;0.03463168;0.030178304;0.025921536;0.027096064;0.012838912000000001;0.014013439999999999;0.01773568;0.013320192000000002;0.016973824000000002;0.014824448;0.007252992;0.00706048;0.00932352;0.008681471999999999;0.0075950079999999994;0.007936;0.007015424;0.00388096;0.003663872;0.003661824;0.004729856;0.004125696;0.0038635519999999997;0.003191808;0.0036515840000000003;0.0027013120000000004;0.0024104960000000003;0.003035136;0.0036116480000000003;0.003750912;0.003991552;0.004448255999999999;0.003500032;0.003446784;0.002052096;0.002131968;0.003117056;0.002118656
1778611500,hdr,0.0293;0.03906;0.04883;0.05859;0.06836;0.07813;0.08789;0.09766;0.10742;0.11719;0.12695;0.13672;0.14648;0.15625;0.16602;0.17578;0.18555;0.19531;0.20508;0.21484;0.22461;0.23438;0.24414;0.25391;0.26367;0.27344;0.2832;0.29297;0.30273;0.3125;0.32227;0.33203;0.3418;0.35156;0.36133;0.37109;0.38086;0.39063;0.40039;0.41016;0.41992;0.42969;0.43945;0.44922;0.45898;0.46875;0.47852;0.48828;0.49805;0.50781;0.51758;0.52734;0.53711;0.54688;0.55664;0.56641;0.57617;0.58594;0.5957;0.60547;0.61523;0.625;0.63477;0.64453;0.6543;0.66406;0.67383;0.68359;0.69336;0.70313;0.71289;0.72266;0.73242;0.74219;0.75195;0.76172;0.77148;0.78125;0.79102,0.006191104;0.012055551999999999;0.01145344;0.013073408000000002;0.023612416;0.062260224;0.09707315199999998;0.155430912;0.29740134399999996;0.5190246399999999;0.4071424;0.150545408;0.06724812799999999;0.042370047999999993;0.024971264000000003;0.019176448;0.021804032;0.025040896;0.030505984;0.027236352;0.025152512000000002;0.019496960000000004;0.015834112;0.010382336;0.008226816;0.0038021120000000003;0.004074496;0.0036823039999999995;0.0025958400000000003;0.003390464;0.004707328;0.004143104;0.0066437119999999995;0.010606591999999998;0.016591872;0.0192;0.028750848000000002;0.043667456;0.048761856;0.038150144;0.018125824000000002;0.017616896;0.028230656;0.028315648000000002;0.020084736000000002;0.023788544000000002;0.01993216;0.013200384;0.013796352000000001;0.012102656;0.011399168;0.009470976;0.006986752000000001;0.008740864;0.0099584;0.005912576;0.00775168;0.006575103999999999;0.005355520000000001;0.005661696;0.005641216;0.0043407359999999996;0.006531072;0.0071884800000000006;0.004718592000000001;0.00484352;0.006554624;0.003429376;0.002656256;0.002523136;0.0019947520000000002;0.002612224;0.0031016959999999997;0.0022026240000000002;0.002280448;0.0031784960000000003;0.0028149760000000003;0.0022487040000000002;0.0027566080000000002
1778612400,hdr,0.0293;0.03906;0.04883;0.05859;0.06836;0.07813;0.08789;0.09766;0.10742;0.11719;0.12695;0.13672;0.14648;0.15625;0.16602;0.17578;0.18555;0.19531;0.20508;0.21484;0.22461;0.23438;0.24414;0.25391;0.26367;0.27344;0.2832;0.29297;0.30273;0.3125;0.32227;0.33203;0.3418;0.35156;0.36133;0.37109;0.38086;0.39063;0.40039;0.41016;0.41992;0.42969;0.43945;0.44922;0.45898;0.46875;0.47852;0.48828;0.49805;0.50781;0.51758;0.52734;0.53711;0.54688;0.55664;0.56641;0.57617;0.58594;0.5957;0.60547;0.61523;0.625;0.63477;0.64453;0.6543;0.66406;0.67383;0.68359;0.69336;0.70313;0.71289;0.72266;0.73242;0.74219;0.75195;0.76172;0.77148;0.78125;0.79102,0.00572928;0.005175296;0.011043840000000001;0.016797696;0.05533183999999999;0.081636352;0.089218048;0.114952192;0.18688;0.37134848;0.384104448;0.169058304;0.104670208;0.067410944;0.044734464;0.019615743999999997;0.029443072;0.033539072;0.027456512;0.020016127999999998;0.020471808;0.014994431999999999;0.01015296;0.009240576;0.005471232;0.003274752;0.004166656;0.004279296;0.004780032;0.0030873599999999995;0.004046848;0.004950016;0.0063150079999999996;0.005988352;0.00991232;0.02123776;0.026080255999999996;0.037481471999999995;0.062869504;0.040553472;0.028017664;0.020015104;0.01638912;0.020472832000000003;0.015340544;0.019012608;0.0187392;0.012686336000000001;0.009798656;0.01083392;0.009222144;0.0062054400000000004;0.008928255999999999;0.01111552;0.008328192;0.007432192;0.007180288;0.005087232;0.0053411840000000006;0.0057948159999999995;0.0041512960000000005;0.003900416;0.006402048;0.007752704;0.007650304;0.0055306240000000005;0.004061184;0.003166208;0.00408576;0.0032440319999999996;0.0024309759999999996;0.002082816;0.00242176;0.002062336;0.00321536;0.004268032;0.00236032;0.001053696;0.001078272
1778613300,hdr,0.0293;0.03906;0.04883;0.05859;0.06836;0.07813;0.08789;0.09766;0.10742;0.11719;0.12695;0.13672;0.14648;0.15625;0.16602;0.17578;0.18555;0.19531;0.20508;0.21484;0.22461;0.23438;0.24414;0.25391;0.26367;0.27344;0.2832;0.29297;0.30273;0.3125;0.32227;0.33203;0.3418;0.35156;0.36133;0.37109;0.38086;0.39063;0.40039;0.41016;0.41992;0.42969;0.43945;0.44922;0.45898;0.46875;0.47852;0.48828;0.49805;0.50781;0.51758;0.52734;0.53711;0.54688;0.55664;0.56641;0.57617;0.58594;0.5957;0.60547;0.61523;0.625;0.63477;0.64453;0.6543;0.66406;0.67383;0.68359;0.69336;0.70313;0.71289;0.72266;0.73242;0.74219;0.75195;0.76172;0.77148;0.78125;0.79102,0.0022968320000000004;0.010850304;0.015495168;0.008551424;0.038903808;0.06584319999999999;0.0638208;0.087643136;0.228073472;0.326483968;0.323744768;0.152619008;0.09224703999999999;0.055409664;0.04061696;0.0333056;0.028534784;0.031722495999999996;0.020006912;0.015289344;0.011183104;0.01162752;0.010665984;0.007254015999999999;0.005735424;0.005331967999999999;0.0041093119999999995;0.002318336;0.003835904;0.004655103999999999;0.006530048;0.008112128000000001;0.006265856000000001;0.010230784;0.014688256000000002;0.02658816;0.025688064000000004;0.056574976;0.069397504;0.060341248;0.043359232;0.032160768;0.027396096;0.022130688;0.018715648;0.015730688;0.017582080000000003;0.019085311999999997;0.017552383999999997;0.015420416;0.013939712;0.011892736;0.007212032;0.007062528;0.005449728;0.006864896;0.009531392;0.006733824;0.005303295999999999;0.006133759999999999;0.004891648;0.005051392;0.005906432;0.006719488;0.0046592;0.002308096;0.004731904;0.005051392;0.0036823039999999995;0.0031969280000000004;0.00374784;0.003692544;0.0027740160000000002;0.0019496960000000001;0.002164736;0.002070528;0.0039055360000000003;0.0029009920000000002;0.0019712
1778614200,hdr,0.0293;0.03906;0.04883;0.05859;0.06836;0.07813;0.08789;0.09766;0.10742;0.11719;0.12695;0.13672;0.14648;0.15625;0.16602;0.17578;0.18555;0.19531;0.20508;0.21484;0.22461;0.23438;0.24414;0.25391;0.26367;0.27344;0.2832;0.29297;0.30273;0.3125;0.32227;0.33203;0.3418;0.35156;0.36133;0.37109;0.38086;0.39063;0.40039;0.41016;0.41992;0.42969;0.43945;0.44922;0.45898;0.46875;0.47852;0.48828;0.49805;0.50781;0.51758;0.52734;0.53711;0.54688;0.55664;0.56641;0.57617;0.58594;0.5957;0.60547;0.61523;0.625;0.63477;0.64453;0.6543;0.66406;0.67383;0.68359;0.69336;0.70313;0.71289;0.72266;0.73242;0.74219;0.75195;0.76172;0.77148;0.78125;0.79102,0.0024064;0.007681024;0.011269119999999999;0.010636288;0.027107327999999997;0.067110912;0.09475072;0.151272448;0.31447552;0.361826304;0.22830080000000003;0.123229184;0.06870630400000001;0.036426752;0.014920704000000002;0.017143808;0.040665087999999995;0.047196159999999994;0.024937472;0.01658368;0.016612352000000004;0.020128768000000002;0.020249600000000003;0.018890752;0.007488512;0.0032511999999999997;0.003771392;0.002885632;0.00384;0.003885056;0.002149376;0.0030668799999999997;0.0077568;0.010983423999999999;0.023630848000000003;0.035720192;0.046588928;0.054458368;0.046206976;0.04297216;0.03759104;0.02509824;0.031389696;0.026945536;0.019538944;0.01562624;0.015629312;0.010016768;0.011101184;0.010805248000000002;0.010047487999999999;0.008607744;0.0076544;0.0076124159999999995;0.007629824;0.006861824000000001;0.004308992;0.003356672;0.005097472;0.008409088;0.0058839040000000006;0.004706304;0.005020672;0.004538368;0.0021032959999999997;0.0029009920000000002;0.0029593600000000003;0.0020121600000000003;0.003245056;0.004078592000000001;0.005515264;0.004549632;0.0024719359999999997;0.00285184;0.003644416;0.002783232;0.00306176;0.00236032;0.0015226880000000001
1778615100,hdr,0.0293;0.03906;0.04883;0.05859;0.06836;0.07813;0.08789;0.09766;0.10742;0.11719;0.12695;0.13672;0.14648;0.15625;0.16602;0.17578;0.18555;0.19531;0.20508;0.21484;0.22461;0.23438;0.24414;0.25391;0.26367;0.27344;0.2832;0.29297;0.30273;0.3125;0.32227;0.33203;0.3418;0.35156;0.36133;0.37109;0.38086;0.39063;0.40039;0.41016;0.41992;0.42969;0.43945;0.44922;0.45898;0.46875;0.47852;0.48828;0.49805;0.50781;0.51758;0.52734;0.53711;0.54688;0.55664;0.56641;0.57617;0.58594;0.5957;0.60547;0.61523;0.625;0.63477;0.64453;0.6543;0.66406;0.67383;0.68359;0.69336;0.70313;0.71289;0.72266;0.73242;0.74219;0.75195;0.76172;0.77148;0.78125;0.79102,0.003245056;0.01006592;0.010744832000000001;0.018372608;0.056230911999999994;0.07029247999999999;0.086194176;0.155099136;0.270705664;0.374074368;0.28617932799999996;0.179135488;0.07128064;0.072654848;0.046978048;0.025431040000000002;0.02417664;0.021511168;0.013465600000000001;0.012898304;0.015468543999999999;0.013058048;0.01148416;0.007620608;0.009391104;0.008600576;0.004932608;0.004258816;0.007366656;0.010790912;0.013003776;0.018725888000000003;0.020634624;0.038657024;0.058781695999999994;0.064444416;0.055810048;0.052527104;0.036212735999999995;0.028667903999999998;0.02845696;0.032989184;0.021497856;0.015225856;0.020124672;0.020547583999999997;0.018419711999999998;0.014236672;0.012801024;0.008409088;0.008096768;0.008644608;0.012655616;0.011549696000000002;0.00868864;0.00802816;0.007110656;0.00625664;0.006957056;0.008188928000000002;0.00886272;0.008895488000000002;0.006987776;0.003898368;0.005122048000000001;0.0042885119999999995;0.005286912;0.005042176000000001;0.0052418560000000005;0.004978688;0.003866624;0.00290816;0.00292352;0.0030228480000000003;0.002219008;0.002361344;0.001504256;0.0024801280000000003;0.002475008
1778616000,hdr,0.0293;0.03906;0.04883;0.05859;0.06836;0.07813;0.08789;0.09766;0.10742;0.11719;0.12695;0.13672;0.14648;0.15625;0.16602;0.17578;0.18555;0.19531;0.20508;0.21484;0.22461;0.23438;0.24414;0.25391;0.26367;0.27344;0.2832;0.29297;0.30273;0.3125;0.32227;0.33203;0.3418;0.35156;0.36133;0.37109;0.38086;0.39063;0.40039;0.41016;0.41992;0.42969;0.43945;0.44922;0.45898;0.46875;0.47852;0.48828;0.49805;0.50781;0.51758;0.52734;0.53711;0.54688;0.55664;0.56641;0.57617;0.58594;0.5957;0.60547;0.61523;0.625;0.63477;0.64453;0.6543;0.66406;0.67383;0.68359;0.69336;0.70313;0.71289;0.72266;0.73242;0.74219;0.75195;0.76172;0.77148;0.78125;0.79102,0.005684224;0.013386752;0.016911359999999997;0.011212799999999998;0.030864384;0.054541312;0.089389056;0.132923392;0.23177728;0.24424448;0.27797094399999994;0.147280896;0.091208704;0.04097536;0.035513343999999995;0.025020416;0.014564352;0.0171264;0.018999296000000002;0.020532223999999998;0.017388544;0.015045632;0.012844032000000002;0.013574144;0.008377344;0.005069824;0.006781952;0.01378304;0.020627456;0.021698560000000002;0.028092416000000002;0.051365888;0.057426943999999994;0.031558656;0.023554048;0.025101312;0.028771328000000002;0.025938944;0.018402304;0.015443968;0.019339264;0.020964352000000002;0.033039360000000004;0.022460415999999997;0.014681088000000002;0.013392896000000001;0.015535104000000001;0.014564352;0.01448448;0.01784832;0.01637888;0.010830848;0.008218623999999999;0.00515584;0.006761472000000001;0.010176512;0.009517056000000001;0.007227392;0.005332992;0.006381567999999999;0.006345728;0.0031139839999999998;0.00390144;0.004396032;0.005183487999999999;0.004374527999999999;0.003339264;0.003462144;0.0046049279999999995;0.004462592;0.00276992;0.001532928;0.0023234560000000002;0.00300544;0.0027555839999999997;0.00318464;0.0022528;0.002260992;0.0026951679999999995
1778616900,hdr,0.0293;0.03906;0.04883;0.05859;0.06836;0.07813;0.08789;0.09766;0.10742;0.11719;0.12695;0.13672;0.14648;0.15625;0.16602;0.17578;0.18555;0.19531;0.20508;0.21484;0.22461;0.23438;0.24414;0.25391;0.26367;0.27344;0.2832;0.29297;0.30273;0.3125;0.32227;0.33203;0.3418;0.35156;0.36133;0.37109;0.38086;0.39063;0.40039;0.41016;0.41992;0.42969;0.43945;0.44922;0.45898;0.46875;0.47852;0.48828;0.49805;0.50781;0.51758;0.52734;0.53711;0.54688;0.55664;0.56641;0.57617;0.58594;0.5957;0.60547;0.61523;0.625;0.63477;0.64453;0.6543;0.66406;0.67383;0.68359;0.69336;0.70313;0.71289;0.72266;0.73242;0.74219;0.75195;0.76172;0.77148;0.78125;0.79102,0.0047861760000000005;0.01536512;0.0175616;0.023011327999999998;0.049554432;0.061251584000000005;0.124201984;0.118044672;0.17570201599999996;0.3094568959999999;0.363389952;0.26785177599999993;0.136239104;0.06902784;0.057739264;0.02768384;0.016014336;0.013187072;0.015729663999999997;0.021054464;0.020937728;0.023217151999999998;0.01979904;0.0123648;0.005435392;0.009125887999999999;0.010307584000000002;0.019162112000000002;0.028142592;0.035965952;0.051823616;0.069733376;0.05112934400000001;0.050156544;0.038614015999999994;0.030789632;0.025302016;0.022939647999999997;0.021342207999999998;0.015657984;0.018162688;0.02126336;0.0179712;0.017033216;0.015098879999999999;0.009972736;0.007444480000000001;0.008272895999999998;0.009715712;0.00870912;0.005128192;0.007194624;0.007361536;0.00555008;0.006496256;0.007067648;0.008553472;0.008620032;0.006005760000000001;0.006539264;0.007735296;0.004625408;0.00301056;0.0030668799999999997;0.003241984;0.003048448;0.003514368;0.005919743999999999;0.006483968;0.004374527999999999;0.0026071040000000003;0.002061312;0.001979392;0.001248256;0.001604608;0.0022712319999999998;0.002325504;0.002506752;0.00202752
1778617800,hdr,0.0293;0.03906;0.04883;0.05859;0.06836;0.07813;0.08789;0.09766;0.10742;0.11719;0.12695;0.13672;0.14648;0.15625;0.16602;0.17578;0.18555;0.19531;0.20508;0.21484;0.22461;0.23438;0.24414;0.25391;0.26367;0.27344;0.2832;0.29297;0.30273;0.3125;0.32227;0.33203;0.3418;0.35156;0.36133;0.37109;0.38086;0.39063;0.40039;0.41016;0.41992;0.42969;0.43945;0.44922;0.45898;0.46875;0.47852;0.48828;0.49805;0.50781;0.51758;0.52734;0.53711;0.54688;0.55664;0.56641;0.57617;0.58594;0.5957;0.60547;0.61523;0.625;0.63477;0.64453;0.6543;0.66406;0.67383;0.68359;0.69336;0.70313;0.71289;0.72266;0.73242;0.74219;0.75195;0.76172;0.77148;0.78125;0.79102,0.008723456000000001;0.012969984;0.015466496;0.016960512000000004;0.038875136;0.067272704;0.088182784;0.140122112;0.20888678400000002;0.32997888000000003;0.338429952;0.188956672;0.123639808;0.062686208;0.034611199999999995;0.024508416;0.023084032;0.01991168;0.017798144000000002;0.0205568;0.020132864;0.023279616000000003;0.013259776;0.007108608;0.006762495999999999;0.005791744;0.011699199999999998;0.019131392000000004;0.020621312;0.05014835200000001;0.058525696;0.057375744;0.062999552;0.043288576;0.038024192000000005;0.040262656;0.036728831999999996;0.024693760000000002;0.030943232;0.022892544;0.017502208;0.01290752;0.018178048;0.01194496;0.01490432;0.017358848;0.010392576;0.011061248000000001;0.009880575999999999;0.0071116799999999996;0.011295743999999998;0.01099264;0.007646208;0.009734144;0.010417152;0.006964224;0.00624128;0.006530048;0.006065152;0.004768768;0.003493888;0.004028416;0.004546560000000001;0.0035481600000000003;0.003554304;0.00388096;0.003007488;0.0030525440000000004;0.003002368;0.0022896640000000003;0.002893824;0.002802688;0.0022302719999999997;0.003311616;0.002746368;0.00258048;0.0020582400000000002;0.001963008;0.001414144
1778618700,hdr,0.0293;0.03906;0.04883;0.05859;0.06836;0.07813;0.08789;0.09766;0.10742;0.11719;0.12695;0.13672;0.14648;0.15625;0.16602;0.17578;0.18555;0.19531;0.20508;0.21484;0.22461;0.23438;0.24414;0.25391;0.26367;0.27344;0.2832;0.29297;0.30273;0.3125;0.32227;0.33203;0.3418;0.35156;0.36133;0.37109;0.38086;0.39063;0.40039;0.41016;0.41992;0.42969;0.43945;0.44922;0.45898;0.46875;0.47852;0.48828;0.49805;0.50781;0.51758;0.52734;0.53711;0.54688;0.55664;0.56641;0.57617;0.58594;0.5957;0.60547;0.61523;0.625;0.63477;0.64453;0.6543;0.66406;0.67383;0.68359;0.69336;0.70313;0.71289;0.72266;0.73242;0.74219;0.75195;0.76172;0.77148;0.78125;0.79102,0.001682432;0.008723456000000001;0.012299264;0.01462784;0.043197440000000004;0.05967667200000001;0.06712217599999999;0.08504627199999999;0.216448;0.24490803199999997;0.24923033599999997;0.189077504;0.138261504;0.067592192;0.0334592;0.020842496;0.018771968;0.01768448;0.012696576000000001;0.014342144;0.015850496;0.014825472;0.014124032;0.010919936;0.007298048;0.009645056;0.013620224;0.014918656;0.023622656;0.040954880000000006;0.063973376;0.065149952;0.047190016;0.033817599999999996;0.032336896000000004;0.022643712;0.021310464;0.013297663999999999;0.01361408;0.010508288000000001;0.011560959999999999;0.011843584;0.010600448;0.013814784;0.010016768;0.006779904000000001;0.00993792;0.011141120000000001;0.009279488;0.009537536;0.008838144000000001;0.009022464;0.007227392;0.00674304;0.005343232;0.0035061759999999997;0.0055552;0.008906751999999999;0.0057794560000000005;0.00369152;0.0014919679999999998;0.002030592;0.003068928;0.003350528;0.0038256640000000003;0.003707904;0.002973696;0.0022487040000000002;0.002506752;0.001987584;0.00128512;0.00123392;0.001220608;0.0011448320000000001;0.00134656;0.0010014719999999998;0.00097792;0.000937984;0.0009574399999999999
1778620500,hdr,0.0293;0.03906;0.04883;0.05859;0.06836;0.07813;0.08789;0.09766;0.10742;0.11719;0.12695;0.13672;0.14648;0.15625;0.16602;0.17578;0.18555;0.19531;0.20508;0.21484;0.22461;0.23438;0.24414;0.25391;0.26367;0.27344;0.2832;0.29297;0.30273;0.3125;0.32227;0.33203;0.3418;0.35156;0.36133;0.37109;0.38086;0.39063;0.40039;0.41016;0.41992;0.42969;0.43945;0.44922;0.45898;0.46875;0.47852;0.48828;0.49805;0.50781;0.51758;0.52734;0.53711;0.54688;0.55664;0.56641;0.57617;0.58594;0.5957;0.60547;0.61523;0.625;0.63477;0.64453;0.6543;0.66406;0.67383;0.68359;0.69336;0.70313;0.71289;0.72266;0.73242;0.74219;0.75195;0.76172;0.77148;0.78125;0.79102,0.007704576;0.011456512;0.018736128;0.018587648000000002;0.041534464;0.059004928;0.060892159999999994;0.13217279999999998;0.189415424;0.28596121599999996;0.30364159999999996;0.16645632000000002;0.10496512;0.08132608;0.044511232;0.018911232;0.014114815999999999;0.016443392;0.016405504;0.017558527999999997;0.015767552;0.01224192;0.005651455999999999;0.008163328;0.009823232;0.0071413760000000005;0.007407616;0.016625664000000002;0.027162624;0.03705344;0.041003008;0.036703231999999995;0.028457984;0.026025984000000002;0.020864;0.014846976000000001;0.010627072;0.010991616;0.012524544;0.01021952;0.010457088;0.009025536;0.0073656319999999996;0.005838848;0.005376;0.005891072;0.00612352;0.0058316800000000005;0.003910656;0.004261888;0.004605952;0.002886656;0.003055616;0.0026521599999999998;0.0035532800000000002;0.003180544;0.00262144;0.0018575360000000001;0.001958912;0.00247808;0.002219008;0.0022476799999999997;0.0021504000000000002;0.0018135039999999999;0.0026009600000000003;0.001833984;0.00129024;0.0012113920000000002;0.0013352960000000001;0.00104448;0.0009984;0.0009205759999999999;0.001016832;0.001088512;0.001117184;0.000816128;0.000590848;0.000671744;0.000531456
1778621400,hdr,0.0293;0.03906;0.04883;0.05859;0.06836;0.07813;0.08789;0.09766;0.10742;0.11719;0.12695;0.13672;0.14648;0.15625;0.16602;0.17578;0.18555;0.19531;0.20508;0.21484;0.22461;0.23438;0.24414;0.25391;0.26367;0.27344;0.2832;0.29297;0.30273;0.3125;0.32227;0.33203;0.3418;0.35156;0.36133;0.37109;0.38086;0.39063;0.40039;0.41016;0.41992;0.42969;0.43945;0.44922;0.45898;0.46875;0.47852;0.48828;0.49805;0.50781;0.51758;0.52734;0.53711;0.54688;0.55664;0.56641;0.57617;0.58594;0.5957;0.60547;0.61523;0.625;0.63477;0.64453;0.6543;0.66406;0.67383;0.68359;0.69336;0.70313;0.71289;0.72266;0.73242;0.74219;0.75195;0.76172;0.77148;0.78125;0.79102,0.030092288000000002;0.043443199999999994;0.023010304;0.0099072;0.036420608;0.073641984;0.078646272;0.11670016;0.197638144;0.24210944;0.41224192;0.43894988799999995;0.17715712;0.054801408;0.029956095999999998;0.019906559999999997;0.016124928;0.01447424;0.013102080000000002;0.009148416;0.010763264;0.011163648000000002;0.009619456;0.006082560000000001;0.007397376;0.011257856;0.009922560000000002;0.011097088;0.025608192;0.0434688;0.029031424000000004;0.038921216;0.028343295999999997;0.026430464;0.017369088;0.010561536;0.01138176;0.00763392;0.006491136000000001;0.0094208;0.00925184;0.006148096;0.005512192;0.005405696;0.004943871999999999;0.007061504;0.0073932799999999995;0.004009984;0.0035450879999999996;0.004789247999999999;0.005868544;0.0031477759999999997;0.0029501439999999996;0.0036085759999999996;0.002879488;0.0023807999999999998;0.002706432;0.004431872;0.0030668799999999997;0.00171008;0.0015431680000000001;0.00188928;0.00218112;0.00159232;0.001430528;0.002138112;0.0023050239999999997;0.001174528;0.001132544;0.0010721279999999999;0.0012359679999999998;0.000603136;0.0006973439999999999;0.0007137280000000001;0.000704512;0.000726016;0.000611328;0.0004956159999999999;0.000521216
1778622300,hdr,0.0293;0.03906;0.04883;0.05859;0.06836;0.07813;0.08789;0.09766;0.10742;0.11719;0.12695;0.13672;0.14648;0.15625;0.16602;0.17578;0.18555;0.19531;0.20508;0.21484;0.22461;0.23438;0.24414;0.25391;0.26367;0.27344;0.2832;0.29297;0.30273;0.3125;0.32227;0.33203;0.3418;0.35156;0.36133;0.37109;0.38086;0.39063;0.40039;0.41016;0.41992;0.42969;0.43945;0.44922;0.45898;0.46875;0.47852;0.48828;0.49805;0.50781;0.51758;0.52734;0.53711;0.54688;0.55664;0.56641;0.57617;0.58594;0.5957;0.60547;0.61523;0.625;0.63477;0.64453;0.6543;0.66406;0.67383;0.68359;0.69336;0.70313;0.71289;0.72266;0.73242;0.74219;0.75195;0.76172;0.77148;0.78125;0.79102,0.003654656;0.008226816;0.013060096;0.012251136000000001;0.028261376;0.050466816;0.069249024;0.148083712;0.36402380799999995;0.378520576;0.24291430399999997;0.312937472;0.193275904;0.10311372799999999;0.042479616000000005;0.013139967999999998;0.009746432000000001;0.014594048;0.016770048;0.015728640000000002;0.013200384;0.010448896;0.00900608;0.009579520000000001;0.006968320000000001;0.006675455999999999;0.007916544;0.01296896;0.015249408;0.032484352;0.040815616;0.028542975999999998;0.022617088;0.023219200000000002;0.021343232;0.016541696000000005;0.014947328000000001;0.012977152;0.012627967999999998;0.008346624;0.004914176;0.005688319999999999;0.004827136;0.0075008;0.007906304;0.003345408;0.003549184;0.004545536;0.002936832;0.00367616;0.003831808;0.001972224;0.002254848;0.002719744;0.002029568;0.001536;0.002014208;0.0016384000000000001;0.001532928;0.001005568;0.001509376;0.001401856;0.0014274560000000001;0.00135168;0.00098816;0.00091136;0.0005754880000000001;0.00068096;0.000915456;0.0006778880000000001;0.000891904;0.00141824;0.0006912;0.0006963200000000001;0.000795648;0.000533504;0.00046592000000000004;0.0005376000000000001;0.000233472
1778623200,hdr,0.0293;0.03906;0.04883;0.05859;0.06836;0.07813;0.08789;0.09766;0.10742;0.11719;0.12695;0.13672;0.14648;0.15625;0.16602;0.17578;0.18555;0.19531;0.20508;0.21484;0.22461;0.23438;0.24414;0.25391;0.26367;0.27344;0.2832;0.29297;0.30273;0.3125;0.32227;0.33203;0.3418;0.35156;0.36133;0.37109;0.38086;0.39063;0.40039;0.41016;0.41992;0.42969;0.43945;0.44922;0.45898;0.46875;0.47852;0.48828;0.49805;0.50781;0.51758;0.52734;0.53711;0.54688;0.55664;0.56641;0.57617;0.58594;0.5957;0.60547;0.61523;0.625;0.63477;0.64453;0.6543;0.66406;0.67383;0.68359;0.69336;0.70313;0.71289;0.72266;0.73242;0.74219;0.75195;0.76172;0.77148;0.78125;0.79102,0.0021524480000000004;0.008431616;0.0066437119999999995;0.0066457600000000006;0.034589696;0.06867968;0.07958528;0.15180697599999998;0.264639488;0.305324032;0.32799744000000003;0.23606272;0.192095232;0.102887424;0.050178047999999996;0.026894335999999998;0.019195904;0.018115584;0.013964288;0.013865983999999998;0.011588608;0.010161152;0.0060682240000000005;0.005070848;0.007323648;0.009113600000000001;0.010159103999999999;0.01878016;0.020914176;0.019762176;0.026181632;0.036350976;0.031934464;0.02507264;0.021443584;0.012954624000000001;0.011839487999999999;0.007200768;0.00714752;0.004975616;0.006042624;0.004936704;0.004982784;0.003613696;0.003751936;0.002696192;0.004530176;0.004274175999999999;0.004210688;0.0031559680000000003;0.0034498560000000003;0.0038021120000000003;0.004605952;0.0036085759999999996;0.001654784;0.0022886399999999998;0.0020797439999999997;0.001217536;0.001480704;0.001210368;0.001143808;0.0008867839999999999;0.001026048;0.000937984;0.000995328;0.000964608;0.0011048960000000002;0.000899072;0.000663552;0.001007616;0.0009727999999999999;0.0007936;0.0006850560000000001;0.000534528;0.00046796800000000003;0.0005744639999999999;0.00041779199999999995;0.000375808;0.000504832
1778624100,hdr,0.0293;0.03906;0.04883;0.05859;0.06836;0.07813;0.08789;0.09766;0.10742;0.11719;0.12695;0.13672;0.14648;0.15625;0.16602;0.17578;0.18555;0.19531;0.20508;0.21484;0.22461;0.23438;0.24414;0.25391;0.26367;0.27344;0.2832;0.29297;0.30273;0.3125;0.32227;0.33203;0.3418;0.35156;0.36133;0.37109;0.38086;0.39063;0.40039;0.41016;0.41992;0.42969;0.43945;0.44922;0.45898;0.46875;0.47852;0.48828;0.49805;0.50781;0.51758;0.52734;0.53711;0.54688;0.55664;0.56641;0.57617;0.58594;0.5957;0.60547;0.61523;0.625;0.63477;0.64453;0.6543;0.66406;0.67383;0.68359;0.69336;0.70313;0.71289;0.72266;0.73242;0.74219;0.75195;0.76172;0.77148;0.78125;0.79102,0.003699712;0.009588736;0.009650176;0.01221632;0.03372032;0.066435072;0.08920064000000001;0.13811711999999998;0.318134272;0.315698176;0.268470272;0.22778982400000003;0.151243776;0.093043712;0.03884441600000001;0.0283136;0.02082816;0.015234047999999998;0.008414208000000001;0.011396096;0.012009472;0.010423296;0.007836672000000001;0.00722944;0.005711872;0.005912576;0.009428991999999999;0.01132032;0.010336256000000002;0.018580480000000003;0.025463808;0.040833024;0.031286272000000004;0.01897984;0.019210239999999996;0.017865728;0.008378368;0.005564415999999999;0.0070912;0.005860352;0.004596736;0.0037550080000000002;0.0021329920000000002;0.0027863040000000003;0.004077568;0.0038461439999999997;0.003007488;0.002612224;0.00190976;0.0020398079999999997;0.001913856;0.0017889280000000002;0.001738752;0.0014530559999999999;0.001101824;0.001088512;0.0011284479999999998;0.00153088;0.000950272;0.00059392;0.00064;0.0007137280000000001;0.000731136;0.0005324799999999999;0.0005918719999999999;0.00084992;0.000813056;0.0005918719999999999;0.0005683200000000001;0.00073216;0.000628736;0.000596992;0.0005959680000000001;0.00037785600000000004;0.000652288;0.000518144;0.000444416;0.000531456;0.0006082559999999999
1778625000,hdr,0.0293;0.03906;0.04883;0.05859;0.06836;0.07813;0.08789;0.09766;0.10742;0.11719;0.12695;0.13672;0.14648;0.15625;0.16602;0.17578;0.18555;0.19531;0.20508;0.21484;0.22461;0.23438;0.24414;0.25391;0.26367;0.27344;0.2832;0.29297;0.30273;0.3125;0.32227;0.33203;0.3418;0.35156;0.36133;0.37109;0.38086;0.39063;0.40039;0.41016;0.41992;0.42969;0.43945;0.44922;0.45898;0.46875;0.47852;0.48828;0.49805;0.50781;0.51758;0.52734;0.53711;0.54688;0.55664;0.56641;0.57617;0.58594;0.5957;0.60547;0.61523;0.625;0.63477;0.64453;0.6543;0.66406;0.67383;0.68359;0.69336;0.70313;0.71289;0.72266;0.73242;0.74219;0.75195;0.76172;0.77148;0.78125;0.79102,0.005169152;0.01237504;0.015845376;0.011757568;0.059421695999999996;0.111304704;0.0817664;0.06716723200000001;0.108633088;0.31059865600000003;0.326180864;0.165566464;0.09841664;0.079174656;0.0470272;0.031322112;0.020129791999999997;0.017439744000000004;0.015789056;0.011404287999999999;0.015782912;0.014276608;0.007156736000000001;0.007261184;0.0075171840000000005;0.007056384;0.010782719999999999;0.01823232;0.016859136;0.022401024000000002;0.023904256000000002;0.020195328000000002;0.025644032;0.018617344;0.0132352;0.009887743999999999;0.005398528;0.008687616;0.006734848;0.006644736;0.006498304;0.002896896;0.003724288;0.004961280000000001;0.0035287039999999997;0.002981888;0.002820096;0.001989632;0.001984512;0.0025364479999999997;0.00231424;0.0020633599999999998;0.001435648;0.0010956800000000001;0.000912384;0.001298432;0.0012318720000000002;0.001337344;0.001234944;0.000529408;0.00033689599999999994;0.000812032;0.000891904;0.00091136;0.000565248;0.0006819840000000001;0.000809984;0.000610304;0.00041062399999999995;0.00036864000000000005;0.000492544;0.0004956159999999999;0.00042803200000000007;0.000237568;0.000346112;0.00037068800000000004;0.00031744;0.000190464;0.000347136
1778625900,hdr,0.0293;0.03906;0.04883;0.05859;0.06836;0.07813;0.08789;0.09766;0.10742;0.11719;0.12695;0.13672;0.14648;0.15625;0.16602;0.17578;0.18555;0.19531;0.20508;0.21484;0.22461;0.23438;0.24414;0.25391;0.26367;0.27344;0.2832;0.29297;0.30273;0.3125;0.32227;0.33203;0.3418;0.35156;0.36133;0.37109;0.38086;0.39063;0.40039;0.41016;0.41992;0.42969;0.43945;0.44922;0.45898;0.46875;0.47852;0.48828;0.49805;0.50781;0.51758;0.52734;0.53711;0.54688;0.55664;0.56641;0.57617;0.58594;0.5957;0.60547;0.61523;0.625;0.63477;0.64453;0.6543;0.66406;0.67383;0.68359;0.69336;0.70313;0.71289;0.72266;0.73242;0.74219;0.75195;0.76172;0.77148;0.78125;0.79102,0.014700544;0.027437055999999998;0.026369024;0.024991744000000003;0.05865472;0.098527232;0.094307328;0.110107648;0.190712832;0.24492032;0.195412992;0.1289216;0.082189312;0.053019647999999996;0.037511168;0.03260723200000001;0.016947199999999996;0.009903104000000001;0.008999936;0.007537664;0.006784;0.008032256;0.0073062399999999994;0.0065587200000000005;0.004783103999999999;0.006818816;0.006059008000000001;0.008269824;0.022017023999999996;0.030695424;0.04224716800000001;0.050041856;0.025961472000000003;0.020378624;0.0137472;0.009969664000000001;0.006575103999999999;0.005403648;0.0034816;0.004110336;0.004233216;0.004461567999999999;0.0034078719999999997;0.00303104;0.0023572479999999997;0.002833408;0.0019189760000000002;0.001466368;0.00180224;0.0014592000000000001;0.0012441599999999998;0.0016384000000000001;0.001860608;0.0011356159999999999;0.0011704320000000001;0.0008744960000000001;0.00068608;0.0007464960000000001;0.0009144320000000001;0.0009758719999999999;0.001181696;0.00088576;0.000613376;0.000544768;0.000448512;0.0004956159999999999;0.000441344;0.0006154239999999999;0.00061952;0.000463872;0.00041472;0.000492544;0.00050176;0.000420864;0.00043724800000000005;0.000384;0.000452608;0.00036454399999999996;0.00020377600000000002
1778626800,hdr,0.0293;0.03906;0.04883;0.05859;0.06836;0.07813;0.08789;0.09766;0.10742;0.11719;0.12695;0.13672;0.14648;0.15625;0.16602;0.17578;0.18555;0.19531;0.20508;0.21484;0.22461;0.23438;0.24414;0.25391;0.26367;0.27344;0.2832;0.29297;0.30273;0.3125;0.32227;0.33203;0.3418;0.35156;0.36133;0.37109;0.38086;0.39063;0.40039;0.41016;0.41992;0.42969;0.43945;0.44922;0.45898;0.46875;0.47852;0.48828;0.49805;0.50781;0.51758;0.52734;0.53711;0.54688;0.55664;0.56641;0.57617;0.58594;0.5957;0.60547;0.61523;0.625;0.63477;0.64453;0.6543;0.66406;0.67383;0.68359;0.69336;0.70313;0.71289;0.72266;0.73242;0.74219;0.75195;0.76172;0.77148;0.78125;0.79102,0.014950399999999999;0.012746752;0.027194368000000003;0.044334080000000005;0.047438848;0.06782975999999999;0.065667072;0.076372992;0.172959744;0.249844736;0.36670156800000003;0.27956736;0.15733452800000003;0.06669824;0.035838976;0.020299776000000002;0.015460352;0.015116288;0.018638848;0.013581312;0.00749568;0.005918720000000001;0.005240832;0.011928576;0.014048255999999999;0.01309184;0.014539775999999999;0.018843648;0.023263232;0.021801984;0.030643200000000002;0.02960384;0.01610752;0.012148735999999999;0.010928127999999999;0.009092096;0.008046592;0.005412864;0.0055408639999999995;0.00508416;0.0025917439999999996;0.003515392;0.004739072;0.002352128;0.00196096;0.0025835520000000002;0.001882112;0.001758208;0.0016445440000000002;0.0025036800000000003;0.001293312;0.000785408;0.0012042239999999998;0.00141312;0.0013322240000000001;0.001605632;0.001084416;0.0010209280000000002;0.000881664;0.0008458240000000001;0.0007976959999999999;0.000736256;0.000531456;0.000605184;0.000631808;0.000642048;0.000613376;0.000451584;0.00041472;0.000427008;0.00039423999999999997;0.00047616000000000005;0.000526336;0.000282624;0.00030003200000000004;0.000260096;0.00044544;0.0005744639999999999;0.00063488
1778627700,hdr,0.0293;0.03906;0.04883;0.05859;0.06836;0.07813;0.08789;0.09766;0.10742;0.11719;0.12695;0.13672;0.14648;0.15625;0.16602;0.17578;0.18555;0.19531;0.20508;0.21484;0.22461;0.23438;0.24414;0.25391;0.26367;0.27344;0.2832;0.29297;0.30273;0.3125;0.32227;0.33203;0.3418;0.35156;0.36133;0.37109;0.38086;0.39063;0.40039;0.41016;0.41992;0.42969;0.43945;0.44922;0.45898;0.46875;0.47852;0.48828;0.49805;0.50781;0.51758;0.52734;0.53711;0.54688;0.55664;0.56641;0.57617;0.58594;0.5957;0.60547;0.61523;0.625;0.63477;0.64453;0.6543;0.66406;0.67383;0.68359;0.69336;0.70313;0.71289;0.72266;0.73242;0.74219;0.75195;0.76172;0.77148;0.78125;0.79102,0.007687167999999999;0.007599104;0.004322304;0.004877312;0.04242432;0.065456128;0.064304128;0.091507712;0.139598848;0.164554752;0.186612736;0.165736448;0.10979020800000001;0.052431872;0.023181312;0.01601536;0.020521984;0.0150528;0.009732095999999999;0.012848128;0.010452992;0.010788864;0.010301439999999999;0.008674304;0.007945216;0.007223296000000001;0.008822784;0.009528320000000002;0.012531712000000002;0.021783552;0.020847616;0.021982208;0.017040384;0.013398016;0.012212224;0.009485312;0.007140352;0.012090368;0.007862272;0.005961728;0.0047144959999999994;0.0034816;0.003733504;0.00278016;0.0033024;0.003359744;0.0019455999999999998;0.001672192;0.00157184;0.001537024;0.001503232;0.00099328;0.001122304;0.001032192;0.00119808;0.001309696;0.000877568;0.001021952;0.000704512;0.00036352;0.000825344;0.001143808;0.0009461760000000001;0.000513024;0.000379904;0.000628736;0.00068608;0.000351232;0.00032768;0.000366592;0.00041984;0.0005468159999999999;0.000406528;0.000325632;0.00046080000000000003;0.000345088;0.00033894400000000004;0.000346112;0.00037068800000000004
1778628600,hdr,0.0293;0.03906;0.04883;0.05859;0.06836;0.07813;0.08789;0.09766;0.10742;0.11719;0.12695;0.13672;0.14648;0.15625;0.16602;0.17578;0.18555;0.19531;0.20508;0.21484;0.22461;0.23438;0.24414;0.25391;0.26367;0.27344;0.2832;0.29297;0.30273;0.3125;0.32227;0.33203;0.3418;0.35156;0.36133;0.37109;0.38086;0.39063;0.40039;0.41016;0.41992;0.42969;0.43945;0.44922;0.45898;0.46875;0.47852;0.48828;0.49805;0.50781;0.51758;0.52734;0.53711;0.54688;0.55664;0.56641;0.57617;0.58594;0.5957;0.60547;0.61523;0.625;0.63477;0.64453;0.6543;0.66406;0.67383;0.68359;0.69336;0.70313;0.71289;0.72266;0.73242;0.74219;0.75195;0.76172;0.77148;0.78125;0.79102,0.002397184;0.005098496;0.009522176;0.006965247999999999;0.044351488;0.09566310400000001;0.059976704;0.08543744;0.147274752;0.172104704;0.233430016;0.219111424;0.131280896;0.08202547199999999;0.048186368;0.018272255999999997;0.019989504;0.02172416;0.014930944;0.006577152;0.007640063999999999;0.005711872;0.004077568;0.005336064000000001;0.008180736;0.008774656;0.008727552;0.015253504;0.018007040000000002;0.027701248;0.022908928;0.026806272000000003;0.022383616;0.017319935999999998;0.006998015999999999;0.007410688;0.010272768;0.007472128;0.0048128;0.0036014080000000004;0.0033341440000000003;0.004023296;0.004152319999999999;0.004292608;0.001964032;0.002219008;0.0014592000000000001;0.0016128;0.0014714879999999997;0.001186816;0.00123904;0.0009349119999999999;0.000933888;0.00118784;0.0010475520000000002;0.00099328;0.000733184;0.000733184;0.0007290879999999999;0.0006144;0.0004915200000000001;0.000492544;0.0005918719999999999;0.00047616000000000005;0.0005406720000000001;0.000553984;0.00047001599999999997;0.000346112;0.000459776;0.00050176;0.000264192;0.000313344;0.000249856;0.000246784;0.000447488;0.00042803200000000007;0.000310272;0.00027136;0.000260096
1778629500,hdr,0.0293;0.03906;0.04883;0.05859;0.06836;0.07813;0.08789;0.09766;0.10742;0.11719;0.12695;0.13672;0.14648;0.15625;0.16602;0.17578;0.18555;0.19531;0.20508;0.21484;0.22461;0.23438;0.24414;0.25391;0.26367;0.27344;0.2832;0.29297;0.30273;0.3125;0.32227;0.33203;0.3418;0.35156;0.36133;0.37109;0.38086;0.39063;0.40039;0.41016;0.41992;0.42969;0.43945;0.44922;0.45898;0.46875;0.47852;0.48828;0.49805;0.50781;0.51758;0.52734;0.53711;0.54688;0.55664;0.56641;0.57617;0.58594;0.5957;0.60547;0.61523;0.625;0.63477;0.64453;0.6543;0.66406;0.67383;0.68359;0.69336;0.70313;0.71289;0.72266;0.73242;0.74219;0.75195;0.76172;0.77148;0.78125;0.79102,0.0060672;0.015527935999999999;0.024218624;0.023310336;0.0217344;0.055913472;0.107570176;0.11900928;0.13224959999999997;0.109574144;0.13011456000000002;0.103076864;0.07311872;0.067923968;0.058846208;0.028795903999999997;0.021086208;0.019908608;0.014835712;0.014078976;0.013877248;0.01276416;0.010860544000000001;0.007849984;0.008834047999999999;0.00855552;0.010781696;0.013220864;0.023314432;0.038326272;0.020558848;0.016497664000000002;0.021558271999999996;0.025470976;0.012210176000000001;0.009079807999999998;0.008635392;0.0075776;0.00577024;0.0047841279999999995;0.004847616;0.003605504;0.0029788160000000004;0.0024012799999999996;0.001890304;0.002067456;0.001948672;0.001898496;0.0017131520000000001;0.001250304;0.001330176;0.000903168;0.0011212799999999999;0.0007833599999999999;0.0010833919999999999;0.001220608;0.0011448320000000001;0.000827392;0.0006819840000000001;0.0006225919999999999;0.0008089600000000001;0.000605184;0.000379904;0.000555008;0.000533504;0.000319488;0.000308224;0.000344064;0.000439296;0.000420864;0.00041062399999999995;0.00029696;0.000249856;0.00020275199999999997;0.000492544;0.00047001599999999997;0.000253952;0.00039936;0.00042291200000000006
