Epoch Time,Processing Source,f,varianceDensity
1781827200,hdr,0.0293;0.03906;0.04883;0.05859;0.06836;0.07813;0.08789;0.09766;0.10742;0.11719;0.12695;0.13672;0.14648;0.15625;0.16602;0.17578;0.18555;0.19531;0.20508;0.21484;0.22461;0.23438;0.24414;0.25391;0.26367;0.27344;0.2832;0.29297;0.30273;0.3125;0.32227;0.33203;0.3418;0.35156;0.36133;0.37109;0.38086;0.39063;0.40039;0.41016;0.41992;0.42969;0.43945;0.44922;0.45898;0.46875;0.47852;0.48828;0.49805;0.50781;0.51758;0.52734;0.53711;0.54688;0.55664;0.56641;0.57617;0.58594;0.5957;0.60547;0.61523;0.625;0.63477;0.64453;0.6543;0.66406;0.67383;0.68359;0.69336;0.70313;0.71289;0.72266;0.73242;0.74219;0.75195;0.76172;0.77148;0.78125;0.79102,0.008358912;0.014644224000000003;0.02247168;0.022600704;0.031543296;0.020124672000000003;0.041723904;0.116011008;0.23882342400000003;1.058208768;2.074834944;1.973965824;1.241622528;0.51572736;0.604959744;0.444493824;0.360834048;0.364259328;0.463045632;0.3839232;0.39212851200000004;0.40799539200000007;0.321024;0.20736;0.18160435200000002;0.23954534400000002;0.283846656;0.168287232;0.10728959999999998;0.12056371200000002;0.087932928;0.07294464;0.06354431999999999;0.057043967999999994;0.043327488;0.06615552;0.058328064;0.042095616;0.038366208;0.044544;0.044319744;0.027134976;0.028996608;0.021347328000000002;0.027460608000000004;0.016293888;0.025522176;0.028336128;0.024548352;0.021402624;0.024235008000000002;0.019206144;0.015369215999999998;0.01406976;0.011292672;0.011298816;0.0071884800000000006;0.010131456;0.011814912;0.006647808;0.006580223999999999;0.0058521599999999995;0.0065064960000000005;0.009259007999999999;0.007606272;0.006484992;0.004829184;0.004644864;0.003806208;0.0032593920000000003;0.003581952;0.003422208;0.0028876799999999997;0.002866176;0.002033664;0.0015820800000000002;0.00210432;0.002460672;0.001861632
1781828100,hdr,0.0293;0.03906;0.04883;0.05859;0.06836;0.07813;0.08789;0.09766;0.10742;0.11719;0.12695;0.13672;0.14648;0.15625;0.16602;0.17578;0.18555;0.19531;0.20508;0.21484;0.22461;0.23438;0.24414;0.25391;0.26367;0.27344;0.2832;0.29297;0.30273;0.3125;0.32227;0.33203;0.3418;0.35156;0.36133;0.37109;0.38086;0.39063;0.40039;0.41016;0.41992;0.42969;0.43945;0.44922;0.45898;0.46875;0.47852;0.48828;0.49805;0.50781;0.51758;0.52734;0.53711;0.54688;0.55664;0.56641;0.57617;0.58594;0.5957;0.60547;0.61523;0.625;0.63477;0.64453;0.6543;0.66406;0.67383;0.68359;0.69336;0.70313;0.71289;0.72266;0.73242;0.74219;0.75195;0.76172;0.77148;0.78125;0.79102,0.021239808000000002;0.023017472;0.018690048;0.018735104;0.033957888;0.020359168;0.035344384;0.08741273599999999;0.35542016000000004;1.251072;1.840420864;1.46533376;0.90401792;1.2590899199999999;0.811569152;0.583206912;0.40097587199999996;0.395143168;0.24554495999999998;0.358053888;0.5820497920000001;0.483741696;0.41018368;0.402716672;0.27081523199999996;0.155543552;0.172204032;0.11005952000000001;0.10394624000000001;0.131919872;0.067469312;0.03058688;0.061069312;0.085315584;0.06040780800000001;0.051181568;0.050823168;0.035885056;0.024430592;0.033675263999999996;0.03775897599999999;0.039499776;0.021792768;0.020056064;0.021690367999999998;0.026458112000000002;0.026484736000000002;0.023468032;0.027269120000000004;0.016218112;0.018159615999999996;0.018491392;0.015525888000000002;0.01606656;0.014491648;0.01028096;0.007841792;0.011051008;0.00800768;0.003274752;0.004753408000000001;0.006295551999999999;0.004308992;0.004255744;0.008056832;0.0068505599999999995;0.004255744;0.005439488;0.0063774719999999995;0.005470208000000001;0.00507904;0.005615616;0.004839424;0.003508224;0.002777088;0.0013783040000000001;0.0019210240000000001;0.002564096;0.002043904
1781829000,hdr,0.0293;0.03906;0.04883;0.05859;0.06836;0.07813;0.08789;0.09766;0.10742;0.11719;0.12695;0.13672;0.14648;0.15625;0.16602;0.17578;0.18555;0.19531;0.20508;0.21484;0.22461;0.23438;0.24414;0.25391;0.26367;0.27344;0.2832;0.29297;0.30273;0.3125;0.32227;0.33203;0.3418;0.35156;0.36133;0.37109;0.38086;0.39063;0.40039;0.41016;0.41992;0.42969;0.43945;0.44922;0.45898;0.46875;0.47852;0.48828;0.49805;0.50781;0.51758;0.52734;0.53711;0.54688;0.55664;0.56641;0.57617;0.58594;0.5957;0.60547;0.61523;0.625;0.63477;0.64453;0.6543;0.66406;0.67383;0.68359;0.69336;0.70313;0.71289;0.72266;0.73242;0.74219;0.75195;0.76172;0.77148;0.78125;0.79102,0.008239103999999999;0.015077376;0.009956352;0.010515456;0.028830719999999997;0.014595072;0.031792128;0.148094976;0.5267865599999999;1.7773363199999999;2.32424448;1.5488286719999997;0.7777474559999998;0.449737728;0.47921663999999997;0.44288102399999996;0.27950284799999997;0.25636454399999997;0.309712896;0.330187776;0.2502144;0.242552832;0.3415296;0.36656332799999997;0.282725376;0.219737088;0.15474278400000002;0.10341273599999999;0.12299980799999999;0.09736704;0.06093619199999999;0.067187712;0.044851199999999994;0.04517375999999999;0.039668736;0.0347904;0.04058112;0.035945472;0.036722687999999996;0.038077440000000004;0.026993664;0.030265343999999996;0.03719577600000001;0.03107328;0.029466624;0.020892671999999998;0.019556352;0.014674943999999999;0.012536832000000003;0.015590399999999999;0.02029056;0.0129792;0.011993087999999999;0.015378432000000001;0.010942464;0.007581696000000001;0.007630848;0.005953536;0.006724608;0.009105407999999999;0.005953536;0.00508416;0.005225472;0.004506624;0.004675584;0.005164032;0.004098048;0.005993472;0.004955136000000001;0.0046049279999999995;0.004687872;0.0037263360000000002;0.004712448;0.0039075839999999995;0.003950592;0.003929088;0.0026357760000000003;0.002147328;0.001880064
1781829900,hdr,0.0293;0.03906;0.04883;0.05859;0.06836;0.07813;0.08789;0.09766;0.10742;0.11719;0.12695;0.13672;0.14648;0.15625;0.16602;0.17578;0.18555;0.19531;0.20508;0.21484;0.22461;0.23438;0.24414;0.25391;0.26367;0.27344;0.2832;0.29297;0.30273;0.3125;0.32227;0.33203;0.3418;0.35156;0.36133;0.37109;0.38086;0.39063;0.40039;0.41016;0.41992;0.42969;0.43945;0.44922;0.45898;0.46875;0.47852;0.48828;0.49805;0.50781;0.51758;0.52734;0.53711;0.54688;0.55664;0.56641;0.57617;0.58594;0.5957;0.60547;0.61523;0.625;0.63477;0.64453;0.6543;0.66406;0.67383;0.68359;0.69336;0.70313;0.71289;0.72266;0.73242;0.74219;0.75195;0.76172;0.77148;0.78125;0.79102,0.0119808;0.013197312000000001;0.014542848000000002;0.017412096000000002;0.023251968;0.021608448;0.034851839999999995;0.091763712;0.5675581439999999;1.578605568;2.1225861119999996;2.314100736;1.412038656;0.6108026879999999;0.44357836799999995;0.294899712;0.31792128;0.366492672;0.271819776;0.26103398400000005;0.275392512;0.255154176;0.244137984;0.22419148800000002;0.17160192000000002;0.16991232;0.17433292800000003;0.147283968;0.10001510400000001;0.077485056;0.10740019199999999;0.082271232;0.06811545599999999;0.039063551999999994;0.033709055999999994;0.039493632;0.032787456;0.038777856;0.039315456;0.036768768;0.028369920000000003;0.015799296;0.023829504;0.031263744;0.023052288;0.024502272000000002;0.025684992000000004;0.02047488;0.019510272000000002;0.01654272;0.010665983999999998;0.009756672000000001;0.010186752;0.010082304;0.006948864000000001;0.006626304;0.009409536;0.00920064;0.0076615680000000005;0.010561536;0.005704704;0.0050227200000000005;0.00542208;0.0052715520000000005;0.007538688;0.006273024;0.00382464;0.005634048;0.005569536;0.005099520000000001;0.004896768;0.0039720960000000005;0.002168832;0.0015206400000000002;0.002617344;0.002368512;0.0021504000000000002;0.0019660800000000003;0.002153472
1781830800,hdr,0.0293;0.03906;0.04883;0.05859;0.06836;0.07813;0.08789;0.09766;0.10742;0.11719;0.12695;0.13672;0.14648;0.15625;0.16602;0.17578;0.18555;0.19531;0.20508;0.21484;0.22461;0.23438;0.24414;0.25391;0.26367;0.27344;0.2832;0.29297;0.30273;0.3125;0.32227;0.33203;0.3418;0.35156;0.36133;0.37109;0.38086;0.39063;0.40039;0.41016;0.41992;0.42969;0.43945;0.44922;0.45898;0.46875;0.47852;0.48828;0.49805;0.50781;0.51758;0.52734;0.53711;0.54688;0.55664;0.56641;0.57617;0.58594;0.5957;0.60547;0.61523;0.625;0.63477;0.64453;0.6543;0.66406;0.67383;0.68359;0.69336;0.70313;0.71289;0.72266;0.73242;0.74219;0.75195;0.76172;0.77148;0.78125;0.79102,0.005046272;0.013563904;0.01527808;0.012240896;0.022560768;0.019009536;0.011958271999999999;0.08513945599999999;0.423053312;0.660891648;1.3711728639999998;1.538285568;0.8302305280000001;0.557082624;0.5795328;0.548489216;0.517801984;0.322510848;0.207294464;0.288364544;0.31007334400000003;0.34230476800000004;0.26140672;0.297404416;0.232544256;0.09841459200000001;0.11063295999999999;0.086013952;0.08916172800000001;0.08874803199999999;0.057329664;0.035547136;0.034428928;0.048078848;0.046536704;0.048541696;0.025669632;0.017256448;0.023840768;0.019265536;0.029362176000000004;0.038918144;0.029575168000000002;0.02152448;0.021180416;0.031389696;0.024137728;0.016797696;0.015648768;0.012242943999999999;0.012005376;0.011937792;0.009519104;0.008921087999999999;0.011134976000000001;0.014850048;0.012924928;0.008536064;0.004816895999999999;0.005527552;0.006025216000000001;0.005554176;0.00740352;0.0066437119999999995;0.005564415999999999;0.00364544;0.005644288000000001;0.006037504;0.004511744000000001;0.004732928;0.00287744;0.00329728;0.002199552;0.0028672;0.003934208;0.004317184;0.002033664;0.002312192;0.002770944
1781831700,hdr,0.0293;0.03906;0.04883;0.05859;0.06836;0.07813;0.08789;0.09766;0.10742;0.11719;0.12695;0.13672;0.14648;0.15625;0.16602;0.17578;0.18555;0.19531;0.20508;0.21484;0.22461;0.23438;0.24414;0.25391;0.26367;0.27344;0.2832;0.29297;0.30273;0.3125;0.32227;0.33203;0.3418;0.35156;0.36133;0.37109;0.38086;0.39063;0.40039;0.41016;0.41992;0.42969;0.43945;0.44922;0.45898;0.46875;0.47852;0.48828;0.49805;0.50781;0.51758;0.52734;0.53711;0.54688;0.55664;0.56641;0.57617;0.58594;0.5957;0.60547;0.61523;0.625;0.63477;0.64453;0.6543;0.66406;0.67383;0.68359;0.69336;0.70313;0.71289;0.72266;0.73242;0.74219;0.75195;0.76172;0.77148;0.78125;0.79102,0.0075202559999999995;0.0198144;0.02110464;0.01866752;0.033437696;0.032360448;0.023166976;0.056078336000000006;0.34245222399999997;0.9203159040000001;1.406713856;1.315846144;0.889296896;0.916099072;0.453136384;0.360226816;0.26937344;0.18357862399999997;0.244934656;0.155265024;0.17827635200000003;0.21067980800000002;0.2896896;0.221595648;0.17205862400000002;0.14747648000000002;0.11534745599999999;0.073576448;0.08052940800000001;0.075245568;0.059127808000000004;0.06270976;0.039942144;0.030484479999999998;0.060704768000000006;0.049444864;0.042643455999999996;0.039618560000000004;0.027439104;0.030885888000000004;0.024989696;0.03218432;0.028186624;0.022493184;0.018944;0.019734528;0.019820544000000002;0.02003968;0.014909440000000001;0.010409984;0.012089344;0.014798848;0.012500992;0.006557696;0.0075223040000000005;0.009934848;0.009697279999999999;0.010811392;0.008259584;0.008026111999999998;0.006176768;0.005752831999999999;0.007258112;0.005613568;0.003540992;0.004378624000000001;0.004614144;0.004319232;0.002371584;0.001806336;0.0024801280000000003;0.0028692479999999996;0.0024371200000000005;0.002936832;0.002705408;0.0024166400000000003;0.0019517439999999998;0.001103872;0.0012185600000000003
1781832600,hdr,0.0293;0.03906;0.04883;0.05859;0.06836;0.07813;0.08789;0.09766;0.10742;0.11719;0.12695;0.13672;0.14648;0.15625;0.16602;0.17578;0.18555;0.19531;0.20508;0.21484;0.22461;0.23438;0.24414;0.25391;0.26367;0.27344;0.2832;0.29297;0.30273;0.3125;0.32227;0.33203;0.3418;0.35156;0.36133;0.37109;0.38086;0.39063;0.40039;0.41016;0.41992;0.42969;0.43945;0.44922;0.45898;0.46875;0.47852;0.48828;0.49805;0.50781;0.51758;0.52734;0.53711;0.54688;0.55664;0.56641;0.57617;0.58594;0.5957;0.60547;0.61523;0.625;0.63477;0.64453;0.6543;0.66406;0.67383;0.68359;0.69336;0.70313;0.71289;0.72266;0.73242;0.74219;0.75195;0.76172;0.77148;0.78125;0.79102,0.004407296;0.012009472;0.010539008000000002;0.010256384;0.010508288000000001;0.008175616;0.018661376;0.100263936;0.6117642240000001;1.593550848;1.471586304;1.005309952;0.8839516159999999;0.516978688;0.372877312;0.339286016;0.405270528;0.24521728;0.202450944;0.26993868800000004;0.27360051199999996;0.267313152;0.235331584;0.272746496;0.111548416;0.08655872;0.083419136;0.11111423999999999;0.08932352;0.05141504;0.040531968;0.026955776;0.031821824;0.048422912;0.04528332799999999;0.02766848;0.028811264000000003;0.039401472;0.038019072;0.033241087999999995;0.021694464;0.022900735999999998;0.02865152;0.020301824;0.01810432;0.020590592;0.018137088;0.018106367999999998;0.016769024;0.014016512;0.010260479999999999;0.013006848;0.019163136;0.020506624;0.012306431999999999;0.008863744;0.007454720000000001;0.004974592000000001;0.006909952;0.0058122239999999995;0.006596608;0.009400320000000002;0.007067648;0.004608;0.004464640000000001;0.005163008;0.0054435840000000004;0.004698112;0.005814272;0.005650432;0.003596288;0.0031232000000000005;0.003866624;0.00413696;0.00306176;0.002506752;0.0019824639999999998;0.003172352;0.0027095039999999997
1781833500,hdr,0.0293;0.03906;0.04883;0.05859;0.06836;0.07813;0.08789;0.09766;0.10742;0.11719;0.12695;0.13672;0.14648;0.15625;0.16602;0.17578;0.18555;0.19531;0.20508;0.21484;0.22461;0.23438;0.24414;0.25391;0.26367;0.27344;0.2832;0.29297;0.30273;0.3125;0.32227;0.33203;0.3418;0.35156;0.36133;0.37109;0.38086;0.39063;0.40039;0.41016;0.41992;0.42969;0.43945;0.44922;0.45898;0.46875;0.47852;0.48828;0.49805;0.50781;0.51758;0.52734;0.53711;0.54688;0.55664;0.56641;0.57617;0.58594;0.5957;0.60547;0.61523;0.625;0.63477;0.64453;0.6543;0.66406;0.67383;0.68359;0.69336;0.70313;0.71289;0.72266;0.73242;0.74219;0.75195;0.76172;0.77148;0.78125;0.79102,0.00466944;0.010518528000000001;0.015688704;0.012751872000000001;0.01325568;0.01606656;0.012487680000000001;0.08241868799999999;0.35109273599999996;1.431081984;2.9017681920000005;2.115698688;0.767895552;0.46663065600000003;0.5343682559999999;0.415828992;0.28310016;0.27750297599999996;0.31590297599999995;0.346810368;0.26958336;0.215073792;0.19039641599999999;0.202140672;0.11910144;0.10930176;0.103477248;0.10223923199999999;0.085542912;0.06402662399999999;0.050903040000000004;0.03907584;0.0446976;0.055228416;0.058530816;0.053133311999999995;0.054245376000000005;0.04889088;0.03581952000000001;0.037739520000000006;0.039057407999999995;0.045904896;0.042746879999999994;0.030154752;0.01969152;0.017412096000000002;0.022812672000000003;0.015504384;0.015424512000000001;0.019095552;0.012131328000000002;0.021826560000000002;0.018419711999999998;0.014171136;0.005864448;0.006110208;0.005127168;0.008838144000000001;0.007074815999999999;0.006709248;0.005581824000000001;0.007120896000000001;0.006878208;0.006325248;0.0041441279999999995;0.005901312;0.00503808;0.0022487040000000002;0.002721792;0.005296128000000001;0.00427008;0.002325504;0.002328576;0.003028992;0.0036311040000000004;0.003683328;0.0027740160000000002;0.003735552;0.0032808959999999997
1781834400,hdr,0.0293;0.03906;0.04883;0.05859;0.06836;0.07813;0.08789;0.09766;0.10742;0.11719;0.12695;0.13672;0.14648;0.15625;0.16602;0.17578;0.18555;0.19531;0.20508;0.21484;0.22461;0.23438;0.24414;0.25391;0.26367;0.27344;0.2832;0.29297;0.30273;0.3125;0.32227;0.33203;0.3418;0.35156;0.36133;0.37109;0.38086;0.39063;0.40039;0.41016;0.41992;0.42969;0.43945;0.44922;0.45898;0.46875;0.47852;0.48828;0.49805;0.50781;0.51758;0.52734;0.53711;0.54688;0.55664;0.56641;0.57617;0.58594;0.5957;0.60547;0.61523;0.625;0.63477;0.64453;0.6543;0.66406;0.67383;0.68359;0.69336;0.70313;0.71289;0.72266;0.73242;0.74219;0.75195;0.76172;0.77148;0.78125;0.79102,0.00584704;0.015423488;0.019294208000000004;0.008646656;0.031244288000000002;0.024076288;0.014968832;0.0658944;0.30286848;0.813535232;1.232306176;1.078853632;0.680507392;0.558952448;0.351565824;0.27482112;0.31285452799999997;0.319670272;0.24135679999999998;0.227616768;0.22081536;0.22537011199999998;0.16466944;0.173623296;0.16270336000000002;0.107849728;0.05141504;0.07285555199999999;0.06893568000000001;0.058507264;0.058515456;0.046458879999999994;0.047802368000000005;0.044437503999999996;0.038404096000000006;0.036055040000000003;0.039028736;0.025397248;0.033421311999999995;0.041469952;0.027400192;0.009824256;0.015806464;0.024352768;0.020109311999999997;0.025227264000000003;0.028674048;0.032888832;0.021815295999999998;0.014063616;0.013770752;0.012859391999999999;0.009435136;0.010825728;0.008923135999999998;0.011593728000000001;0.010041344;0.007518207999999999;0.007456768;0.005249024000000001;0.008976384;0.009242624;0.008587263999999999;0.009474048;0.00740352;0.005330944;0.004468736;0.003618816;0.0034652159999999997;0.0041267199999999995;0.002588672;0.002578432;0.0022425599999999998;0.0018964479999999998;0.002627584;0.002818048;0.0025108480000000004;0.003055616;0.002371584
1781835300,hdr,0.0293;0.03906;0.04883;0.05859;0.06836;0.07813;0.08789;0.09766;0.10742;0.11719;0.12695;0.13672;0.14648;0.15625;0.16602;0.17578;0.18555;0.19531;0.20508;0.21484;0.22461;0.23438;0.24414;0.25391;0.26367;0.27344;0.2832;0.29297;0.30273;0.3125;0.32227;0.33203;0.3418;0.35156;0.36133;0.37109;0.38086;0.39063;0.40039;0.41016;0.41992;0.42969;0.43945;0.44922;0.45898;0.46875;0.47852;0.48828;0.49805;0.50781;0.51758;0.52734;0.53711;0.54688;0.55664;0.56641;0.57617;0.58594;0.5957;0.60547;0.61523;0.625;0.63477;0.64453;0.6543;0.66406;0.67383;0.68359;0.69336;0.70313;0.71289;0.72266;0.73242;0.74219;0.75195;0.76172;0.77148;0.78125;0.79102,0.0017387519999999999;0.006792192;0.014536704;0.0152832;0.03469824;0.02221056;0.016278528;0.06509875200000001;0.26490470400000005;1.186704384;2.184579072;1.434507264;0.8004464640000001;0.460388352;0.351793152;0.31850188799999996;0.295901184;0.36174643199999995;0.248315904;0.17913446400000002;0.125113344;0.15821721600000002;0.15610982399999998;0.164665344;0.11041689600000001;0.07617331199999999;0.082228224;0.09979392;0.07300915200000001;0.059516928;0.07460352;0.049640448;0.041220096;0.042590208;0.036790272000000006;0.035426304000000006;0.02738688;0.031358976;0.027383808000000003;0.031715328;0.031100927999999996;0.02159616;0.021814271999999996;0.014395392;0.022339584;0.018825216;0.01425408;0.017903615999999997;0.017590272;0.01449984;0.009151488;0.009191423999999998;0.010266624;0.009080832;0.009240575999999999;0.013292544;0.009047040000000001;0.008601600000000001;0.008352768;0.005766144;0.008792064;0.009102335999999999;0.0069427199999999994;0.005781504;0.005661696;0.004128768;0.00385536;0.0050104319999999996;0.00479232;0.004389888;0.0046049279999999995;0.004448256;0.003588096;0.003373056;0.002832384;0.0018954240000000002;0.002245632;0.002546688;0.00264192
1781836200,hdr,0.0293;0.03906;0.04883;0.05859;0.06836;0.07813;0.08789;0.09766;0.10742;0.11719;0.12695;0.13672;0.14648;0.15625;0.16602;0.17578;0.18555;0.19531;0.20508;0.21484;0.22461;0.23438;0.24414;0.25391;0.26367;0.27344;0.2832;0.29297;0.30273;0.3125;0.32227;0.33203;0.3418;0.35156;0.36133;0.37109;0.38086;0.39063;0.40039;0.41016;0.41992;0.42969;0.43945;0.44922;0.45898;0.46875;0.47852;0.48828;0.49805;0.50781;0.51758;0.52734;0.53711;0.54688;0.55664;0.56641;0.57617;0.58594;0.5957;0.60547;0.61523;0.625;0.63477;0.64453;0.6543;0.66406;0.67383;0.68359;0.69336;0.70313;0.71289;0.72266;0.73242;0.74219;0.75195;0.76172;0.77148;0.78125;0.79102,0.008941567999999999;0.019380223999999998;0.017551360000000002;0.007723008;0.020936703999999997;0.022951936000000003;0.018178048;0.073324544;0.266012672;0.9919119359999999;1.1043020799999999;0.9197916159999999;0.8618332160000001;0.48791961600000006;0.385374208;0.34252390400000005;0.230135808;0.166709248;0.15903744;0.24527052800000002;0.175751168;0.178784256;0.173795328;0.100073472;0.12668928;0.129296384;0.094394368;0.077996032;0.073005056;0.055560192;0.037607424;0.039741439999999996;0.033316864;0.040738816;0.034238464;0.024434688000000003;0.029290496;0.044161024;0.033017856;0.033501184;0.023402496;0.01115136;0.015312896000000001;0.020981760000000002;0.022708224000000003;0.016922624;0.00734208;0.012075008;0.014923776;0.016205824;0.013436927999999999;0.0072560640000000004;0.008640512;0.013207552;0.015665152;0.012335104;0.006301696;0.00580608;0.004859904000000001;0.006146048;0.003661824;0.006492159999999999;0.008126464;0.0056852479999999995;0.005273600000000001;0.0044953599999999995;0.0031088640000000002;0.00318464;0.005281792;0.003366912;0.002193408;0.002742272;0.002783232;0.002179072;0.0018636800000000002;0.00178176;0.002054144;0.001937408;0.00207872
1781837100,hdr,0.0293;0.03906;0.04883;0.05859;0.06836;0.07813;0.08789;0.09766;0.10742;0.11719;0.12695;0.13672;0.14648;0.15625;0.16602;0.17578;0.18555;0.19531;0.20508;0.21484;0.22461;0.23438;0.24414;0.25391;0.26367;0.27344;0.2832;0.29297;0.30273;0.3125;0.32227;0.33203;0.3418;0.35156;0.36133;0.37109;0.38086;0.39063;0.40039;0.41016;0.41992;0.42969;0.43945;0.44922;0.45898;0.46875;0.47852;0.48828;0.49805;0.50781;0.51758;0.52734;0.53711;0.54688;0.55664;0.56641;0.57617;0.58594;0.5957;0.60547;0.61523;0.625;0.63477;0.64453;0.6543;0.66406;0.67383;0.68359;0.69336;0.70313;0.71289;0.72266;0.73242;0.74219;0.75195;0.76172;0.77148;0.78125;0.79102,0.010631168000000002;0.016437247999999998;0.008763392;0.007426048;0.017012736;0.017264639999999998;0.029444096;0.097757184;0.246431744;0.7075246079999999;1.5385169920000001;1.377210368;0.926916608;0.673759232;0.612737024;0.51480576;0.380585984;0.293945344;0.155441152;0.165218304;0.22976512;0.150859776;0.137971712;0.152444928;0.127584256;0.066818048;0.075524096;0.09402982400000001;0.05671936;0.038719487999999996;0.03925811199999999;0.056461312;0.043687936000000004;0.035137536;0.033153024;0.024008704000000002;0.02226176;0.027959295999999998;0.032600064000000005;0.031219712;0.019185664;0.015405056;0.028319743999999997;0.034347008;0.028129280000000003;0.031526912;0.03446169600000001;0.020955136;0.012752896000000001;0.008556544;0.0059514880000000004;0.008542208;0.016064512;0.015542272000000001;0.01196032;0.012046336;0.009730048;0.006682624;0.004884479999999999;0.00887808;0.007913472;0.005916672;0.0024002560000000004;0.005197823999999999;0.00565248;0.002840576;0.002013184;0.002404352;0.0039546880000000005;0.0034959360000000003;0.002820096;0.002564096;0.0032337920000000005;0.003411968;0.002117632;0.0017858560000000002;0.002299904;0.0018862080000000001;0.002547712
1781838000,hdr,0.0293;0.03906;0.04883;0.05859;0.06836;0.07813;0.08789;0.09766;0.10742;0.11719;0.12695;0.13672;0.14648;0.15625;0.16602;0.17578;0.18555;0.19531;0.20508;0.21484;0.22461;0.23438;0.24414;0.25391;0.26367;0.27344;0.2832;0.29297;0.30273;0.3125;0.32227;0.33203;0.3418;0.35156;0.36133;0.37109;0.38086;0.39063;0.40039;0.41016;0.41992;0.42969;0.43945;0.44922;0.45898;0.46875;0.47852;0.48828;0.49805;0.50781;0.51758;0.52734;0.53711;0.54688;0.55664;0.56641;0.57617;0.58594;0.5957;0.60547;0.61523;0.625;0.63477;0.64453;0.6543;0.66406;0.67383;0.68359;0.69336;0.70313;0.71289;0.72266;0.73242;0.74219;0.75195;0.76172;0.77148;0.78125;0.79102,0.0075171840000000005;0.011360255999999999;0.005796864;0.005824512;0.016041984;0.018877440000000002;0.014926847999999998;0.062229504;0.361592832;1.3765785599999998;2.238606336;1.540617216;0.95691264;0.541550592;0.416621568;0.523103232;0.488589312;0.207627264;0.166336512;0.21882163200000002;0.233705472;0.249040896;0.212729856;0.13768704;0.140884992;0.222314496;0.11796787199999999;0.07701503999999999;0.062988288;0.045889536;0.024751104;0.02297856;0.023998464;0.025052160000000004;0.028993536;0.029180928;0.040396800000000004;0.036338687999999994;0.029730816000000004;0.032498688;0.027884544;0.029721599999999997;0.029140991999999998;0.011910144000000001;0.014183423999999998;0.012407808000000001;0.012254208;0.019037184000000002;0.015310848;0.016247808000000002;0.026259455999999997;0.028443648000000002;0.01431552;0.011507712000000002;0.0096768;0.00872448;0.007206912;0.008312832000000001;0.008236031999999999;0.007541760000000001;0.006371328;0.0057999359999999995;0.005815295999999999;0.005815295999999999;0.006153216;0.005376;0.00379392;0.003167232;0.0020858879999999997;0.002942976;0.0034498560000000003;0.0033761279999999995;0.0025866239999999996;0.002300928;0.00294912;0.002939904;0.0022824959999999997;0.0024391680000000002;0.001984512
1781838900,hdr,0.0293;0.03906;0.04883;0.05859;0.06836;0.07813;0.08789;0.09766;0.10742;0.11719;0.12695;0.13672;0.14648;0.15625;0.16602;0.17578;0.18555;0.19531;0.20508;0.21484;0.22461;0.23438;0.24414;0.25391;0.26367;0.27344;0.2832;0.29297;0.30273;0.3125;0.32227;0.33203;0.3418;0.35156;0.36133;0.37109;0.38086;0.39063;0.40039;0.41016;0.41992;0.42969;0.43945;0.44922;0.45898;0.46875;0.47852;0.48828;0.49805;0.50781;0.51758;0.52734;0.53711;0.54688;0.55664;0.56641;0.57617;0.58594;0.5957;0.60547;0.61523;0.625;0.63477;0.64453;0.6543;0.66406;0.67383;0.68359;0.69336;0.70313;0.71289;0.72266;0.73242;0.74219;0.75195;0.76172;0.77148;0.78125;0.79102,0.007421952;0.002193408;0.009019392;0.018828288000000002;0.030034943999999997;0.027568127999999997;0.017166336;0.08316211200000001;0.35566387200000005;1.6696934399999999;2.090213376;1.013219328;0.8334489600000001;0.612255744;0.35068416;0.394755072;0.38071296000000004;0.216631296;0.141594624;0.12077568000000001;0.159154176;0.1554432;0.20539392;0.192503808;0.255381504;0.19787366399999998;0.09867264000000002;0.08548454400000001;0.07005695999999999;0.049339392;0.03784704;0.032323583999999995;0.036587520000000005;0.043063295999999994;0.044470272;0.041121792000000004;0.031156224;0.030882816;0.027930624;0.019454976;0.022923264;0.020969472;0.021854208;0.026806271999999996;0.024757248;0.017286144;0.016017408;0.022569984;0.019408896000000002;0.015138816000000001;0.015329279999999999;0.01264128;0.008653824000000001;0.007759872;0.007256064;0.009879552;0.009427968;0.007007232;0.00486912;0.003323904;0.00654336;0.007471104;0.004002816;0.004417536;0.0049305600000000005;0.003735552;0.00302592;0.0034897920000000002;0.002171904;0.002368512;0.001806336;0.001425408;0.0023807999999999998;0.0025866239999999996;0.0024207359999999997;0.002617344;0.001784832;0.001517568;0.0017326080000000003
1781839800,hdr,0.0293;0.03906;0.04883;0.05859;0.06836;0.07813;0.08789;0.09766;0.10742;0.11719;0.12695;0.13672;0.14648;0.15625;0.16602;0.17578;0.18555;0.19531;0.20508;0.21484;0.22461;0.23438;0.24414;0.25391;0.26367;0.27344;0.2832;0.29297;0.30273;0.3125;0.32227;0.33203;0.3418;0.35156;0.36133;0.37109;0.38086;0.39063;0.40039;0.41016;0.41992;0.42969;0.43945;0.44922;0.45898;0.46875;0.47852;0.48828;0.49805;0.50781;0.51758;0.52734;0.53711;0.54688;0.55664;0.56641;0.57617;0.58594;0.5957;0.60547;0.61523;0.625;0.63477;0.64453;0.6543;0.66406;0.67383;0.68359;0.69336;0.70313;0.71289;0.72266;0.73242;0.74219;0.75195;0.76172;0.77148;0.78125;0.79102,0.004543488;0.00611328;0.007529472;0.007016448000000001;0.013077504;0.018837504;0.010610688;0.054402047999999995;0.25466880000000003;1.027802112;2.530676736;1.988972544;0.93530112;0.720728064;0.422556672;0.30856089600000003;0.320265216;0.259270656;0.178578432;0.185539584;0.15138816;0.22494105599999997;0.27088588799999996;0.24679526400000001;0.273521664;0.233020416;0.180354048;0.078529536;0.062674944;0.049579008;0.052042752;0.053200896;0.043948032;0.042845184;0.041410560000000006;0.03879936;0.025110528000000003;0.030145536;0.037211136;0.019734527999999998;0.025924608000000002;0.024287232;0.022136832;0.025454592;0.023847936;0.019814400000000003;0.02835456;0.019451904;0.01840128;0.016137216;0.008807424000000001;0.010082304;0.01118208;0.009879552;0.007563264000000001;0.00688128;0.006684671999999999;0.005756928;0.007683072;0.00603648;0.003929088;0.00428544;0.005071871999999999;0.006359039999999999;0.008088576;0.005772288;0.003720192;0.00456192;0.0025405440000000005;0.002064384;0.002300928;0.001668096;0.002316288;0.00302592;0.002055168;0.001790976;0.002205696;0.00208896;0.00233472
1781840700,hdr,0.0293;0.03906;0.04883;0.05859;0.06836;0.07813;0.08789;0.09766;0.10742;0.11719;0.12695;0.13672;0.14648;0.15625;0.16602;0.17578;0.18555;0.19531;0.20508;0.21484;0.22461;0.23438;0.24414;0.25391;0.26367;0.27344;0.2832;0.29297;0.30273;0.3125;0.32227;0.33203;0.3418;0.35156;0.36133;0.37109;0.38086;0.39063;0.40039;0.41016;0.41992;0.42969;0.43945;0.44922;0.45898;0.46875;0.47852;0.48828;0.49805;0.50781;0.51758;0.52734;0.53711;0.54688;0.55664;0.56641;0.57617;0.58594;0.5957;0.60547;0.61523;0.625;0.63477;0.64453;0.6543;0.66406;0.67383;0.68359;0.69336;0.70313;0.71289;0.72266;0.73242;0.74219;0.75195;0.76172;0.77148;0.78125;0.79102,0.004088832;0.011415551999999999;0.013415424;0.007812096;0.03764736;0.031859712;0.018213887999999998;0.08099328;0.35782656;1.029132288;2.179497984;1.4744064;0.7839866879999999;0.595648512;0.561217536;0.33697382400000003;0.17396736;0.15311462399999998;0.139720704;0.172720128;0.23339520000000002;0.173177856;0.17971507199999998;0.19876761599999998;0.13706649599999998;0.100236288;0.115587072;0.07860940799999999;0.060573695999999996;0.090077184;0.05524992000000001;0.0347904;0.03451392;0.03677183999999999;0.037776384;0.040793088;0.0323328;0.031233024;0.03283968;0.03012096;0.033598464;0.04874035200000001;0.036688896;0.046129152;0.021937151999999998;0.01391616;0.013099008000000002;0.017132544000000003;0.01837056;0.017958912;0.017986560000000002;0.013000704;0.010641408;0.009560064;0.009510912;0.008856576000000001;0.008626176000000001;0.006540287999999999;0.0049059839999999995;0.005394432;0.004709376;0.004122624000000001;0.004239359999999999;0.005342208;0.0036618239999999997;0.002386944;0.004021248;0.004294656;0.003167232;0.001747968;0.001016832;0.0024760319999999995;0.00356352;0.0026695679999999998;0.002405376;0.002506752;0.001618944;0.0014837759999999998;0.001425408
1781841600,hdr,0.0293;0.03906;0.04883;0.05859;0.06836;0.07813;0.08789;0.09766;0.10742;0.11719;0.12695;0.13672;0.14648;0.15625;0.16602;0.17578;0.18555;0.19531;0.20508;0.21484;0.22461;0.23438;0.24414;0.25391;0.26367;0.27344;0.2832;0.29297;0.30273;0.3125;0.32227;0.33203;0.3418;0.35156;0.36133;0.37109;0.38086;0.39063;0.40039;0.41016;0.41992;0.42969;0.43945;0.44922;0.45898;0.46875;0.47852;0.48828;0.49805;0.50781;0.51758;0.52734;0.53711;0.54688;0.55664;0.56641;0.57617;0.58594;0.5957;0.60547;0.61523;0.625;0.63477;0.64453;0.6543;0.66406;0.67383;0.68359;0.69336;0.70313;0.71289;0.72266;0.73242;0.74219;0.75195;0.76172;0.77148;0.78125;0.79102,0.00162816;0.005523456;0.009138176;0.014768128;0.017115136;0.012955647999999998;0.018819072;0.035811328;0.14246707200000003;0.636372992;1.8531594239999998;1.68825856;0.8399380479999999;0.581660672;0.511668224;0.5139148800000001;0.585674752;0.5756682240000001;0.355792896;0.18586624;0.137467904;0.191557632;0.13825843200000001;0.156469248;0.1285632;0.073801728;0.123461632;0.109056;0.08567807999999999;0.07263846399999999;0.061710336;0.050688;0.049672192000000004;0.03582976;0.034629632;0.027879424;0.033153024;0.02348032;0.029882368;0.038520832000000005;0.040728575999999996;0.024117248;0.032712704;0.037644288;0.03838976;0.025540608;0.013361152;0.01746944;0.011851776;0.019079167999999997;0.01705984;0.009545728000000002;0.006391808;0.010348544;0.011847680000000001;0.012005376;0.009945088;0.008972288;0.008439807999999998;0.006342656;0.005572608000000001;0.005531647999999999;0.0056832;0.004308992;0.005574656;0.005132288;0.005154816;0.004816895999999999;0.0034795520000000003;0.001734656;0.001026048;0.00214016;0.002387968;0.002803712;0.001978368;0.00208896;0.002113536;0.001089536;0.001193984
1781842500,hdr,0.0293;0.03906;0.04883;0.05859;0.06836;0.07813;0.08789;0.09766;0.10742;0.11719;0.12695;0.13672;0.14648;0.15625;0.16602;0.17578;0.18555;0.19531;0.20508;0.21484;0.22461;0.23438;0.24414;0.25391;0.26367;0.27344;0.2832;0.29297;0.30273;0.3125;0.32227;0.33203;0.3418;0.35156;0.36133;0.37109;0.38086;0.39063;0.40039;0.41016;0.41992;0.42969;0.43945;0.44922;0.45898;0.46875;0.47852;0.48828;0.49805;0.50781;0.51758;0.52734;0.53711;0.54688;0.55664;0.56641;0.57617;0.58594;0.5957;0.60547;0.61523;0.625;0.63477;0.64453;0.6543;0.66406;0.67383;0.68359;0.69336;0.70313;0.71289;0.72266;0.73242;0.74219;0.75195;0.76172;0.77148;0.78125;0.79102,0.004702207999999999;0.005552128;0.0034385919999999994;0.005959679999999999;0.01608704;0.025686016;0.020447232;0.062466048;0.32022527999999995;0.732401664;1.697132544;1.831964672;1.162561536;0.636391424;0.5288673280000001;0.5569269760000001;0.583059456;0.39639040000000003;0.29839155199999995;0.282161152;0.262070272;0.261963776;0.28640256;0.223778816;0.132696064;0.068411392;0.057491455999999996;0.047024128;0.067960832;0.048427008;0.026273792;0.045668352;0.05014528;0.033810432;0.034656256;0.026255360000000002;0.041394176;0.06420889599999999;0.043210752;0.02936832;0.032745472;0.031285248;0.021909503999999996;0.021747712;0.025919488;0.019918848000000003;0.013697024000000002;0.013830144;0.017258495999999998;0.018462720000000002;0.015529984;0.01119232;0.009551872;0.014536704;0.015106047999999999;0.012189696;0.00690176;0.006940672;0.008476672000000001;0.005992448;0.00482304;0.0049602560000000006;0.0044052480000000005;0.0038952960000000003;0.003469312;0.002992128;0.002871296;0.0045424639999999995;0.00475136;0.0025743360000000004;0.002871296;0.0027156479999999998;0.002811904;0.001705984;0.002029568;0.002146304;0.0013824;0.001021952;0.001011712
1781843400,hdr,0.0293;0.03906;0.04883;0.05859;0.06836;0.07813;0.08789;0.09766;0.10742;0.11719;0.12695;0.13672;0.14648;0.15625;0.16602;0.17578;0.18555;0.19531;0.20508;0.21484;0.22461;0.23438;0.24414;0.25391;0.26367;0.27344;0.2832;0.29297;0.30273;0.3125;0.32227;0.33203;0.3418;0.35156;0.36133;0.37109;0.38086;0.39063;0.40039;0.41016;0.41992;0.42969;0.43945;0.44922;0.45898;0.46875;0.47852;0.48828;0.49805;0.50781;0.51758;0.52734;0.53711;0.54688;0.55664;0.56641;0.57617;0.58594;0.5957;0.60547;0.61523;0.625;0.63477;0.64453;0.6543;0.66406;0.67383;0.68359;0.69336;0.70313;0.71289;0.72266;0.73242;0.74219;0.75195;0.76172;0.77148;0.78125;0.79102,0.0016609279999999999;0.004462592;0.004950016;0.002453504;0.004964352;0.015585279999999998;0.021221376;0.11070463999999999;0.238782464;0.9667481600000001;1.4209454080000001;1.635477504;1.006415872;0.65339392;0.5445222399999999;0.410554368;0.281669632;0.253671424;0.284952576;0.21136998399999998;0.237318144;0.28560383999999994;0.23788748799999998;0.27061862400000003;0.197937152;0.10833920000000001;0.074156032;0.06947225600000001;0.06456115200000001;0.06030336;0.060585984;0.051175424;0.036718592;0.036259839999999995;0.035846144;0.05996544;0.054775807999999995;0.026841088;0.027928576;0.036909055999999996;0.028368896;0.021178368;0.021370880000000002;0.014788608;0.019746816;0.02397184;0.020918272;0.017350656;0.011177984;0.01076224;0.010913792000000002;0.012537856;0.014665728;0.011716608;0.008929280000000001;0.005832703999999999;0.007696384;0.007991296;0.0070021120000000004;0.0047144959999999994;0.003749888;0.005574656;0.004603904000000001;0.004372480000000001;0.004976639999999999;0.005853183999999999;0.004030464;0.002627584;0.002568192;0.004294656;0.00221184;0.0020582400000000002;0.001824768;0.0021626880000000003;0.0031334399999999995;0.0024166400000000003;0.001263616;0.0013352960000000001;0.001277952
1781844300,hdr,0.0293;0.03906;0.04883;0.05859;0.06836;0.07813;0.08789;0.09766;0.10742;0.11719;0.12695;0.13672;0.14648;0.15625;0.16602;0.17578;0.18555;0.19531;0.20508;0.21484;0.22461;0.23438;0.24414;0.25391;0.26367;0.27344;0.2832;0.29297;0.30273;0.3125;0.32227;0.33203;0.3418;0.35156;0.36133;0.37109;0.38086;0.39063;0.40039;0.41016;0.41992;0.42969;0.43945;0.44922;0.45898;0.46875;0.47852;0.48828;0.49805;0.50781;0.51758;0.52734;0.53711;0.54688;0.55664;0.56641;0.57617;0.58594;0.5957;0.60547;0.61523;0.625;0.63477;0.64453;0.6543;0.66406;0.67383;0.68359;0.69336;0.70313;0.71289;0.72266;0.73242;0.74219;0.75195;0.76172;0.77148;0.78125;0.79102,0.0019148799999999999;0.0076615680000000005;0.010016768;0.006631424;0.010924032000000002;0.014804992;0.018702336;0.040716288;0.20978892799999999;0.843884544;1.9869798399999998;1.8829946880000001;1.2004515839999998;0.8404008959999999;0.7799767040000001;0.627689472;0.48507289600000003;0.424738816;0.32397312;0.279586816;0.15640780799999998;0.253743104;0.240828416;0.201080832;0.16129024000000003;0.118751232;0.14101708799999998;0.08164966400000001;0.06243328000000001;0.056832;0.09752166400000001;0.08752742399999999;0.068483072;0.065552384;0.0229376;0.035219455999999996;0.040280064000000004;0.042366976;0.04369408;0.046538752;0.028536832;0.018444288;0.021594112;0.02732032;0.023402496;0.013707264;0.017242111999999997;0.015013888;0.010297344000000002;0.012869631999999999;0.00681984;0.009691136000000001;0.011677696;0.0069222400000000005;0.009936896;0.012750848;0.008617984;0.00684032;0.007008256;0.00633856;0.007944192;0.007270400000000001;0.005607424;0.004868096000000001;0.0033791999999999997;0.0031559680000000003;0.004386816;0.002850816;0.001734656;0.0026480640000000003;0.0029593600000000003;0.002318336;0.0016895999999999999;0.00146432;0.001042432;0.00164864;0.001611776;0.00183296;0.0018841600000000002
1781845200,hdr,0.0293;0.03906;0.04883;0.05859;0.06836;0.07813;0.08789;0.09766;0.10742;0.11719;0.12695;0.13672;0.14648;0.15625;0.16602;0.17578;0.18555;0.19531;0.20508;0.21484;0.22461;0.23438;0.24414;0.25391;0.26367;0.27344;0.2832;0.29297;0.30273;0.3125;0.32227;0.33203;0.3418;0.35156;0.36133;0.37109;0.38086;0.39063;0.40039;0.41016;0.41992;0.42969;0.43945;0.44922;0.45898;0.46875;0.47852;0.48828;0.49805;0.50781;0.51758;0.52734;0.53711;0.54688;0.55664;0.56641;0.57617;0.58594;0.5957;0.60547;0.61523;0.625;0.63477;0.64453;0.6543;0.66406;0.67383;0.68359;0.69336;0.70313;0.71289;0.72266;0.73242;0.74219;0.75195;0.76172;0.77148;0.78125;0.79102,0.006404096000000001;0.013524991999999998;0.010790912;0.01108992;0.01383424;0.01934336;0.030978048;0.059621376;0.312162304;1.197944832;1.913260032;1.5747850239999999;1.4003630080000002;0.716724224;0.5330288639999999;0.561580032;0.34688409600000003;0.44591104000000004;0.441430016;0.331390976;0.290869248;0.21693235200000002;0.14574592;0.22882918400000002;0.15161548800000002;0.11892326400000001;0.12273254400000001;0.08552448;0.058288127999999995;0.06250496;0.062408703999999995;0.036702208;0.042915840000000004;0.036876288;0.022886399999999998;0.019456;0.020518912;0.030984192;0.018714624;0.03763609600000001;0.038750208;0.032520192;0.021864448;0.00797696;0.01140736;0.012240896;0.018245632;0.013666304;0.01113088;0.005967871999999999;0.007538687999999999;0.012460032;0.009523199999999999;0.00615424;0.004483072;0.0060682240000000005;0.004550656;0.005003264;0.004804608;0.00524288;0.007366656;0.0054435840000000004;0.003971072;0.0035696639999999997;0.0038952960000000003;0.00388096;0.002924544;0.0017244159999999999;0.0029163519999999997;0.00287744;0.0021913600000000003;0.002004992;0.0013946879999999998;0.001777664;0.00214016;0.002656256;0.0016977919999999998;0.001656832;0.0013393919999999998
1781846100,hdr,0.0293;0.03906;0.04883;0.05859;0.06836;0.07813;0.08789;0.09766;0.10742;0.11719;0.12695;0.13672;0.14648;0.15625;0.16602;0.17578;0.18555;0.19531;0.20508;0.21484;0.22461;0.23438;0.24414;0.25391;0.26367;0.27344;0.2832;0.29297;0.30273;0.3125;0.32227;0.33203;0.3418;0.35156;0.36133;0.37109;0.38086;0.39063;0.40039;0.41016;0.41992;0.42969;0.43945;0.44922;0.45898;0.46875;0.47852;0.48828;0.49805;0.50781;0.51758;0.52734;0.53711;0.54688;0.55664;0.56641;0.57617;0.58594;0.5957;0.60547;0.61523;0.625;0.63477;0.64453;0.6543;0.66406;0.67383;0.68359;0.69336;0.70313;0.71289;0.72266;0.73242;0.74219;0.75195;0.76172;0.77148;0.78125;0.79102,0.004571136000000001;0.008316928;0.019857408;0.010543104;0.016474112000000003;0.014215168;0.016523264000000003;0.039237631999999995;0.16784384;0.611323904;1.7031843839999998;1.070839808;0.748670976;0.500125696;0.323151872;0.496713728;0.566396928;0.380438528;0.274188288;0.358643712;0.374540288;0.323567616;0.19059712;0.22107955199999998;0.303945728;0.236294144;0.145885184;0.126437376;0.09846988799999999;0.06164479999999999;0.044210176;0.058744832000000004;0.059209727999999996;0.037459968;0.035766271999999995;0.040097792;0.031412223999999996;0.033849344;0.04061593599999999;0.038086655999999997;0.027510784;0.022562816000000003;0.02139136;0.022106112;0.01371136;0.011606016;0.0108544;0.011802624;0.015515648000000002;0.015898624;0.012414976;0.00843776;0.009347072;0.007809024;0.007591936;0.007770112;0.0064593919999999996;0.006928384;0.007694336;0.007598080000000001;0.004734975999999999;0.003125248;0.004653056000000001;0.004315136;0.00386048;0.0038952960000000003;0.003981312;0.004462592;0.0041512960000000005;0.003700736;0.002879488;0.0017039359999999999;0.001521664;0.001755136;0.0016977919999999998;0.0019394560000000002;0.00146432;0.001890304;0.001601536
1781847000,hdr,0.0293;0.03906;0.04883;0.05859;0.06836;0.07813;0.08789;0.09766;0.10742;0.11719;0.12695;0.13672;0.14648;0.15625;0.16602;0.17578;0.18555;0.19531;0.20508;0.21484;0.22461;0.23438;0.24414;0.25391;0.26367;0.27344;0.2832;0.29297;0.30273;0.3125;0.32227;0.33203;0.3418;0.35156;0.36133;0.37109;0.38086;0.39063;0.40039;0.41016;0.41992;0.42969;0.43945;0.44922;0.45898;0.46875;0.47852;0.48828;0.49805;0.50781;0.51758;0.52734;0.53711;0.54688;0.55664;0.56641;0.57617;0.58594;0.5957;0.60547;0.61523;0.625;0.63477;0.64453;0.6543;0.66406;0.67383;0.68359;0.69336;0.70313;0.71289;0.72266;0.73242;0.74219;0.75195;0.76172;0.77148;0.78125;0.79102,0.004509696;0.017660928;0.018091008000000002;0.014091264;0.029319168000000003;0.016699392;0.010162176000000002;0.037260288;0.247575552;1.012810752;1.9821250559999999;2.405019648;1.576086528;0.9316976639999999;0.640367616;0.300275712;0.278148096;0.345222144;0.335007744;0.320520192;0.359273472;0.29588275199999997;0.25827532799999997;0.17260953599999998;0.19709337600000001;0.17065267200000003;0.10317312;0.07777382399999999;0.064349184;0.059225088;0.07552204800000001;0.081819648;0.05760921599999999;0.059243519999999994;0.061215743999999996;0.034495488;0.020158464;0.019602432;0.032111616;0.042310656;0.023780351999999998;0.014991359999999999;0.019390464;0.02525184;0.02108928;0.01924608;0.018665472;0.01348608;0.010927104;0.013335552000000002;0.011347967999999998;0.010328064;0.010472448;0.011400192;0.008088576;0.008773632;0.009129983999999999;0.00840192;0.006110208;0.003922944;0.006328320000000001;0.0053114880000000005;0.005950464;0.0041809920000000006;0.003130368;0.003323904;0.002405376;0.002101248;0.0020582400000000002;0.0017326080000000003;0.0016435199999999999;0.001784832;0.0021995519999999996;0.0020582400000000002;0.0022609920000000003;0.001883136;0.001191936;0.001302528;0.001069056
1781847900,hdr,0.0293;0.03906;0.04883;0.05859;0.06836;0.07813;0.08789;0.09766;0.10742;0.11719;0.12695;0.13672;0.14648;0.15625;0.16602;0.17578;0.18555;0.19531;0.20508;0.21484;0.22461;0.23438;0.24414;0.25391;0.26367;0.27344;0.2832;0.29297;0.30273;0.3125;0.32227;0.33203;0.3418;0.35156;0.36133;0.37109;0.38086;0.39063;0.40039;0.41016;0.41992;0.42969;0.43945;0.44922;0.45898;0.46875;0.47852;0.48828;0.49805;0.50781;0.51758;0.52734;0.53711;0.54688;0.55664;0.56641;0.57617;0.58594;0.5957;0.60547;0.61523;0.625;0.63477;0.64453;0.6543;0.66406;0.67383;0.68359;0.69336;0.70313;0.71289;0.72266;0.73242;0.74219;0.75195;0.76172;0.77148;0.78125;0.79102,0.01147904;0.021370880000000002;0.018464768;0.007614464;0.016535552;0.024526848;0.017199104;0.047341568;0.143204352;0.445319168;0.890171392;1.3264035839999997;1.16110336;0.705294336;0.551409664;0.39482982399999994;0.297048064;0.293376;0.261113856;0.235014144;0.218404864;0.234493952;0.233603072;0.158050304;0.151719936;0.123957248;0.073058304;0.077156352;0.07212032;0.07139328;0.085983232;0.083931136;0.076705792;0.04252672;0.024997888;0.033982464;0.03949568;0.04895744;0.042991616;0.02679808;0.022693888000000002;0.017944576;0.012855295999999999;0.015110144;0.014628864;0.017954816000000002;0.020242432;0.016369664;0.018937856;0.015732736;0.0123904;0.011065344;0.005531647999999999;0.008755200000000001;0.008194048;0.008839168000000001;0.009449472;0.006230016;0.005822464;0.007360512;0.0068505599999999995;0.00631808;0.005666816;0.004016128;0.003710976;0.003076096;0.003301376;0.002961408;0.00206848;0.0017858560000000002;0.001601536;0.001404928;0.002080768;0.002613248;0.0022855680000000004;0.001441792;0.001101824;0.0012165119999999999;0.001161216
1781848800,hdr,0.0293;0.03906;0.04883;0.05859;0.06836;0.07813;0.08789;0.09766;0.10742;0.11719;0.12695;0.13672;0.14648;0.15625;0.16602;0.17578;0.18555;0.19531;0.20508;0.21484;0.22461;0.23438;0.24414;0.25391;0.26367;0.27344;0.2832;0.29297;0.30273;0.3125;0.32227;0.33203;0.3418;0.35156;0.36133;0.37109;0.38086;0.39063;0.40039;0.41016;0.41992;0.42969;0.43945;0.44922;0.45898;0.46875;0.47852;0.48828;0.49805;0.50781;0.51758;0.52734;0.53711;0.54688;0.55664;0.56641;0.57617;0.58594;0.5957;0.60547;0.61523;0.625;0.63477;0.64453;0.6543;0.66406;0.67383;0.68359;0.69336;0.70313;0.71289;0.72266;0.73242;0.74219;0.75195;0.76172;0.77148;0.78125;0.79102,0.0073359359999999995;0.018797568;0.016828416000000002;0.012417023999999999;0.03173376;0.037082112;0.020911104;0.04366848;0.22983168;0.816248832;2.093761536;1.8238003200000001;1.3053480960000001;1.054491648;0.731962368;0.6233825279999999;0.42602188799999996;0.44629094399999997;0.541323264;0.41040691199999996;0.224689152;0.13671936;0.165986304;0.264809472;0.221242368;0.093751296;0.067743744;0.079985664;0.092749824;0.065811456;0.065482752;0.0850944;0.061630464;0.038802432;0.0602112;0.0619776;0.041247743999999996;0.03208704;0.03127296;0.044322816;0.03061248;0.014161920000000001;0.015224832;0.016668672000000002;0.012865536;0.013025279999999998;0.012168192000000001;0.015178752;0.0136704;0.015261696;0.014671871999999999;0.007633919999999999;0.0096768;0.007544832;0.008875008;0.007547903999999999;0.004058112;0.00520704;0.007378944;0.006045696000000001;0.004859904000000001;0.005237759999999999;0.00413184;0.0035235839999999997;0.002614272;0.0022640639999999997;0.003919872;0.004752384;0.003612672;0.0028538879999999997;0.002893824;0.0019814399999999997;0.0018155520000000002;0.002399232;0.0021319679999999997;0.00273408;0.0026664959999999995;0.0014653440000000002;0.001548288
1781849700,hdr,0.0293;0.03906;0.04883;0.05859;0.06836;0.07813;0.08789;0.09766;0.10742;0.11719;0.12695;0.13672;0.14648;0.15625;0.16602;0.17578;0.18555;0.19531;0.20508;0.21484;0.22461;0.23438;0.24414;0.25391;0.26367;0.27344;0.2832;0.29297;0.30273;0.3125;0.32227;0.33203;0.3418;0.35156;0.36133;0.37109;0.38086;0.39063;0.40039;0.41016;0.41992;0.42969;0.43945;0.44922;0.45898;0.46875;0.47852;0.48828;0.49805;0.50781;0.51758;0.52734;0.53711;0.54688;0.55664;0.56641;0.57617;0.58594;0.5957;0.60547;0.61523;0.625;0.63477;0.64453;0.6543;0.66406;0.67383;0.68359;0.69336;0.70313;0.71289;0.72266;0.73242;0.74219;0.75195;0.76172;0.77148;0.78125;0.79102,0.006772736;0.010549247999999999;0.010422272;0.008159231999999999;0.013395968000000001;0.014448639999999999;0.012019712;0.038653952;0.188143616;0.5660549119999999;1.234489344;1.6162508800000002;1.3450383360000002;0.387649536;0.479391744;0.563109888;0.5659832320000001;0.569018368;0.33968537600000004;0.26707968;0.24492236800000003;0.220153856;0.29232537599999997;0.33174732799999995;0.18305024;0.08949145600000001;0.117522432;0.14109696;0.108593152;0.0735744;0.06078668799999999;0.063125504;0.070793216;0.076402688;0.062871552;0.046147584000000005;0.040470528;0.038096896;0.030089216000000002;0.035637247999999996;0.040011776;0.044052480000000005;0.042450944000000004;0.038209536;0.026580991999999998;0.023021568;0.012408832;0.013836288;0.019867647999999998;0.023734272;0.017737727999999998;0.01282048;0.009056255999999999;0.00999424;0.009472;0.009103360000000001;0.007725056;0.004562943999999999;0.008341504000000001;0.008904704;0.0064696319999999995;0.0055582719999999995;0.0037621760000000003;0.004581375999999999;0.004739072;0.007051264;0.007221248;0.0049152;0.0031744;0.0024227840000000003;0.0017244159999999999;0.002213888;0.0019087359999999999;0.0020500479999999996;0.0025374720000000003;0.002451456;0.001544192;0.001220608;0.001601536
1781850600,hdr,0.0293;0.03906;0.04883;0.05859;0.06836;0.07813;0.08789;0.09766;0.10742;0.11719;0.12695;0.13672;0.14648;0.15625;0.16602;0.17578;0.18555;0.19531;0.20508;0.21484;0.22461;0.23438;0.24414;0.25391;0.26367;0.27344;0.2832;0.29297;0.30273;0.3125;0.32227;0.33203;0.3418;0.35156;0.36133;0.37109;0.38086;0.39063;0.40039;0.41016;0.41992;0.42969;0.43945;0.44922;0.45898;0.46875;0.47852;0.48828;0.49805;0.50781;0.51758;0.52734;0.53711;0.54688;0.55664;0.56641;0.57617;0.58594;0.5957;0.60547;0.61523;0.625;0.63477;0.64453;0.6543;0.66406;0.67383;0.68359;0.69336;0.70313;0.71289;0.72266;0.73242;0.74219;0.75195;0.76172;0.77148;0.78125;0.79102,0.010715135999999998;0.01944576;0.018890752;0.008249344;0.01875968;0.025972736;0.025088;0.06718464;0.18366054399999998;0.38079897599999996;0.986785792;1.378461696;1.663565824;0.886423552;0.36947353600000005;0.34785279999999996;0.42998579200000003;0.35215359999999996;0.304336896;0.35502489600000003;0.288016384;0.21312512;0.217329664;0.16188416;0.176795648;0.170018816;0.101885952;0.124051456;0.117542912;0.135041024;0.119379968;0.052140031999999996;0.0418816;0.05165056;0.06483968;0.046848;0.03401728;0.045940736;0.040835072;0.031756288;0.019462144;0.021798912;0.019396608;0.021866496000000003;0.021905408000000005;0.016068608;0.016453632;0.020277248;0.014450688;0.01596416;0.016695296;0.014422016;0.012265472000000001;0.007616512000000001;0.007686143999999999;0.008085504;0.010604544;0.008603647999999998;0.0084992;0.009455616;0.008101888000000002;0.003735552;0.0046223359999999995;0.00418816;0.0030207999999999997;0.0034078719999999997;0.004548608;0.004110336;0.002633728;0.002578432;0.0032174079999999997;0.0019947520000000002;0.0008601600000000001;0.002045952;0.0029839359999999995;0.002506752;0.0020172799999999998;0.002062336;0.002254848
1781851500,hdr,0.0293;0.03906;0.04883;0.05859;0.06836;0.07813;0.08789;0.09766;0.10742;0.11719;0.12695;0.13672;0.14648;0.15625;0.16602;0.17578;0.18555;0.19531;0.20508;0.21484;0.22461;0.23438;0.24414;0.25391;0.26367;0.27344;0.2832;0.29297;0.30273;0.3125;0.32227;0.33203;0.3418;0.35156;0.36133;0.37109;0.38086;0.39063;0.40039;0.41016;0.41992;0.42969;0.43945;0.44922;0.45898;0.46875;0.47852;0.48828;0.49805;0.50781;0.51758;0.52734;0.53711;0.54688;0.55664;0.56641;0.57617;0.58594;0.5957;0.60547;0.61523;0.625;0.63477;0.64453;0.6543;0.66406;0.67383;0.68359;0.69336;0.70313;0.71289;0.72266;0.73242;0.74219;0.75195;0.76172;0.77148;0.78125;0.79102,0.0037662719999999998;0.012740608;0.019623936;0.013213696;0.01625088;0.016236544;0.016222208;0.037414912;0.063219712;0.47638528;0.86962176;0.89458688;1.234415616;1.16680704;0.6404096;0.44610764799999997;0.36962303999999996;0.404932608;0.34945433600000003;0.234493952;0.216680448;0.27241472;0.218529792;0.145270784;0.12438323200000001;0.136382464;0.132059136;0.113000448;0.092532736;0.085891072;0.09469952000000001;0.06642688;0.057858047999999995;0.05500928;0.047835136;0.052887552;0.055474176;0.045780992;0.033978368;0.0247808;0.022394880000000002;0.013225984;0.014979072;0.012130304;0.017598464;0.017790976000000003;0.018040832000000003;0.01672192;0.014014464;0.016533504;0.015073280000000001;0.013893632;0.013049856;0.010528768;0.013133824;0.008943616;0.010145791999999999;0.008654848;0.007536640000000001;0.006907904;0.0048660479999999996;0.003325952;0.004112384;0.005732352;0.006166527999999999;0.0054538239999999995;0.006572032;0.005943296000000001;0.0023203839999999996;0.002164736;0.00289792;0.0039895040000000005;0.00367616;0.0023592960000000003;0.0018042879999999998;0.0022302719999999997;0.0018575360000000001;0.0016773119999999998;0.001507328
1781852400,hdr,0.0293;0.03906;0.04883;0.05859;0.06836;0.07813;0.08789;0.09766;0.10742;0.11719;0.12695;0.13672;0.14648;0.15625;0.16602;0.17578;0.18555;0.19531;0.20508;0.21484;0.22461;0.23438;0.24414;0.25391;0.26367;0.27344;0.2832;0.29297;0.30273;0.3125;0.32227;0.33203;0.3418;0.35156;0.36133;0.37109;0.38086;0.39063;0.40039;0.41016;0.41992;0.42969;0.43945;0.44922;0.45898;0.46875;0.47852;0.48828;0.49805;0.50781;0.51758;0.52734;0.53711;0.54688;0.55664;0.56641;0.57617;0.58594;0.5957;0.60547;0.61523;0.625;0.63477;0.64453;0.6543;0.66406;0.67383;0.68359;0.69336;0.70313;0.71289;0.72266;0.73242;0.74219;0.75195;0.76172;0.77148;0.78125;0.79102,0.008034304;0.023457792;0.026634239999999997;0.016642048;0.0295424;0.029145088;0.015110144;0.048910336000000006;0.136884224;0.31575040000000004;0.6634229759999999;1.2132044800000001;1.379473408;1.2267827199999999;0.666816512;0.5600337919999999;0.46934016;0.460570624;0.475697152;0.47356108799999996;0.454496256;0.20727193600000002;0.202487808;0.17851187200000002;0.12048998400000001;0.08599347199999999;0.09163776;0.06896844799999999;0.069244928;0.082176;0.070125568;0.060219392;0.041740288;0.028422144;0.022913024;0.037380096;0.031297536;0.018765823999999997;0.025464832000000003;0.023226368;0.018006016;0.01645568;0.018731007999999997;0.017946624;0.018227200000000002;0.013545472;0.01595392;0.012965887999999998;0.010725376;0.009019392;0.008951807999999999;0.009988096000000002;0.008763392;0.01024;0.011212799999999998;0.008423424;0.007503872;0.00516096;0.003637248;0.00584704;0.006508544;0.005562368000000001;0.004304896000000001;0.003745792;0.0022405119999999996;0.0037396479999999995;0.003540992;0.005085184;0.004466688;0.0035123199999999998;0.003618816;0.00338944;0.004081664;0.003201024;0.003459072;0.0022015999999999997;0.001165312;0.0010178560000000001;0.002004992
1781853300,hdr,0.0293;0.03906;0.04883;0.05859;0.06836;0.07813;0.08789;0.09766;0.10742;0.11719;0.12695;0.13672;0.14648;0.15625;0.16602;0.17578;0.18555;0.19531;0.20508;0.21484;0.22461;0.23438;0.24414;0.25391;0.26367;0.27344;0.2832;0.29297;0.30273;0.3125;0.32227;0.33203;0.3418;0.35156;0.36133;0.37109;0.38086;0.39063;0.40039;0.41016;0.41992;0.42969;0.43945;0.44922;0.45898;0.46875;0.47852;0.48828;0.49805;0.50781;0.51758;0.52734;0.53711;0.54688;0.55664;0.56641;0.57617;0.58594;0.5957;0.60547;0.61523;0.625;0.63477;0.64453;0.6543;0.66406;0.67383;0.68359;0.69336;0.70313;0.71289;0.72266;0.73242;0.74219;0.75195;0.76172;0.77148;0.78125;0.79102,0.007467008;0.019816448;0.02013184;0.005531647999999999;0.017885184;0.0300032;0.012621824;0.025167872;0.089858048;0.34356838399999995;1.073371136;1.018947584;1.513689088;1.1835330560000001;0.6336901119999999;0.5881118719999999;0.5299855360000001;0.306221056;0.307202048;0.25428992;0.1226752;0.101527552;0.130289664;0.15122636800000003;0.107712512;0.067444736;0.129441792;0.136327168;0.06603980799999999;0.087083008;0.06144;0.029087744000000002;0.035334144;0.031776768;0.035868672;0.040308736000000005;0.024367104000000004;0.02285568;0.016193536;0.021571584;0.02399232;0.02366464;0.013565952;0.013365248;0.01142784;0.013039616;0.014168064;0.010911744000000001;0.010858496;0.0114176;0.010866688;0.009658367999999999;0.010029056;0.008882176;0.008333312;0.007411711999999999;0.005183487999999999;0.004839424;0.006719488;0.006733824;0.004802559999999999;0.004388863999999999;0.0052572159999999995;0.0039321600000000005;0.00391168;0.0032174079999999997;0.00352256;0.002512896;0.0019046400000000002;0.001830912;0.002269184;0.00269312;0.00263168;0.0031334399999999995;0.0025333760000000004;0.002484224;0.002910208;0.002465792;0.002115584
1781854200,hdr,0.0293;0.03906;0.04883;0.05859;0.06836;0.07813;0.08789;0.09766;0.10742;0.11719;0.12695;0.13672;0.14648;0.15625;0.16602;0.17578;0.18555;0.19531;0.20508;0.21484;0.22461;0.23438;0.24414;0.25391;0.26367;0.27344;0.2832;0.29297;0.30273;0.3125;0.32227;0.33203;0.3418;0.35156;0.36133;0.37109;0.38086;0.39063;0.40039;0.41016;0.41992;0.42969;0.43945;0.44922;0.45898;0.46875;0.47852;0.48828;0.49805;0.50781;0.51758;0.52734;0.53711;0.54688;0.55664;0.56641;0.57617;0.58594;0.5957;0.60547;0.61523;0.625;0.63477;0.64453;0.6543;0.66406;0.67383;0.68359;0.69336;0.70313;0.71289;0.72266;0.73242;0.74219;0.75195;0.76172;0.77148;0.78125;0.79102,0.0041267199999999995;0.01211392;0.011380736;0.011720704;0.02397184;0.03862528;0.03011584;0.033204224000000004;0.12572467199999998;0.33534361599999996;0.7214366720000001;1.281093632;1.021759488;0.6712606720000001;0.5125632000000001;0.578422784;0.528338944;0.282085376;0.387803136;0.279298048;0.24817049600000002;0.211924992;0.270804992;0.226000896;0.193845248;0.138090496;0.07952793600000001;0.06540083199999999;0.08546304;0.077692928;0.06492774400000001;0.067690496;0.044869632000000007;0.035598336;0.041035775999999996;0.042532864;0.046979072;0.049235968;0.039761920000000006;0.020883455999999998;0.0216576;0.02709504;0.021315584000000002;0.013412352;0.013019136;0.011839487999999999;0.009709568000000002;0.013875199999999999;0.013010944;0.011276287999999999;0.011778048000000001;0.008865792;0.006842368;0.00659456;0.009576447999999998;0.00735232;0.004673536;0.004734975999999999;0.007462912;0.008620032;0.0052121599999999995;0.005330944;0.005586944;0.005625855999999999;0.00468992;0.0030412800000000004;0.002412544;0.0024371200000000005;0.0017858560000000002;0.0017326079999999998;0.002072576;0.002203648;0.001835008;0.00200704;0.00226304;0.002527232;0.002123776;0.0018636800000000002;0.0018575360000000001
1781855100,hdr,0.0293;0.03906;0.04883;0.05859;0.06836;0.07813;0.08789;0.09766;0.10742;0.11719;0.12695;0.13672;0.14648;0.15625;0.16602;0.17578;0.18555;0.19531;0.20508;0.21484;0.22461;0.23438;0.24414;0.25391;0.26367;0.27344;0.2832;0.29297;0.30273;0.3125;0.32227;0.33203;0.3418;0.35156;0.36133;0.37109;0.38086;0.39063;0.40039;0.41016;0.41992;0.42969;0.43945;0.44922;0.45898;0.46875;0.47852;0.48828;0.49805;0.50781;0.51758;0.52734;0.53711;0.54688;0.55664;0.56641;0.57617;0.58594;0.5957;0.60547;0.61523;0.625;0.63477;0.64453;0.6543;0.66406;0.67383;0.68359;0.69336;0.70313;0.71289;0.72266;0.73242;0.74219;0.75195;0.76172;0.77148;0.78125;0.79102,0.0043827200000000005;0.006105088000000001;0.00843776;0.008882176;0.020164608;0.02337792;0.01092608;0.026966016;0.101554176;0.155039744;0.467030016;1.140187136;1.012871168;0.9201643519999999;0.555583488;0.39130112000000006;0.38471270399999996;0.405331968;0.32671129600000004;0.19198975999999998;0.31627673600000006;0.202090496;0.19826892799999998;0.10991411200000001;0.090707968;0.142678016;0.161579008;0.13807206400000002;0.11199487999999999;0.057165824000000004;0.04205568;0.050116608;0.05104435200000001;0.050438144;0.022534144;0.024051712;0.02614272;0.02304;0.026124288;0.020068352;0.019830784;0.016766976;0.012619776;0.012955647999999998;0.015853568;0.014157824000000001;0.017199104;0.014020608;0.015284224;0.010002432;0.009054208;0.005001216;0.008597504;0.012699648;0.008396800000000001;0.0065187840000000006;0.006035456;0.004472832;0.00475136;0.006670336000000001;0.005933056;0.004096;0.003110912;0.003067904;0.003735552;0.003663872;0.002318336;0.002318336;0.0021504000000000002;0.001757184;0.0019496960000000001;0.002086912;0.0021504000000000002;0.002390016;0.002349056;0.0015892480000000001;0.001796096;0.001624064;0.001513472
1781856000,hdr,0.0293;0.03906;0.04883;0.05859;0.06836;0.07813;0.08789;0.09766;0.10742;0.11719;0.12695;0.13672;0.14648;0.15625;0.16602;0.17578;0.18555;0.19531;0.20508;0.21484;0.22461;0.23438;0.24414;0.25391;0.26367;0.27344;0.2832;0.29297;0.30273;0.3125;0.32227;0.33203;0.3418;0.35156;0.36133;0.37109;0.38086;0.39063;0.40039;0.41016;0.41992;0.42969;0.43945;0.44922;0.45898;0.46875;0.47852;0.48828;0.49805;0.50781;0.51758;0.52734;0.53711;0.54688;0.55664;0.56641;0.57617;0.58594;0.5957;0.60547;0.61523;0.625;0.63477;0.64453;0.6543;0.66406;0.67383;0.68359;0.69336;0.70313;0.71289;0.72266;0.73242;0.74219;0.75195;0.76172;0.77148;0.78125;0.79102,0.006776831999999999;0.012023808;0.010051584;0.011986944;0.037799936;0.032753664;0.011454464;0.03484672;0.052088831999999995;0.18272051200000003;0.8169983999999999;1.2681297919999999;0.79266816;0.740079616;0.6143569919999999;0.5258936319999999;0.46928281600000005;0.33436671999999995;0.376395776;0.39641497600000003;0.294971392;0.270268416;0.18757836800000002;0.187922432;0.12076236800000001;0.12603392;0.138287104;0.12038144;0.112041984;0.06928384;0.04255744;0.059967488000000006;0.055556096;0.042264576;0.038219776000000004;0.029417472;0.01964032;0.017881088;0.021704704;0.020209664000000002;0.013236224;0.015028224;0.013416448000000001;0.00861184;0.018313216;0.016668672000000002;0.014905344;0.010962943999999999;0.009981951999999999;0.011196415999999999;0.009555968000000001;0.009084927999999999;0.007442432;0.0046940160000000005;0.004233216;0.0056176640000000005;0.004929536;0.005138432;0.006303744;0.0042885119999999995;0.00580608;0.006905856;0.0040243200000000005;0.00330752;0.0025579519999999996;0.002127872;0.001359872;0.001077248;0.00237568;0.002445312;0.001452032;0.00176128;0.0024391680000000002;0.00232448;0.002840576;0.0023941119999999995;0.0017182719999999999;0.001583104;0.001738752
1781856900,hdr,0.0293;0.03906;0.04883;0.05859;0.06836;0.07813;0.08789;0.09766;0.10742;0.11719;0.12695;0.13672;0.14648;0.15625;0.16602;0.17578;0.18555;0.19531;0.20508;0.21484;0.22461;0.23438;0.24414;0.25391;0.26367;0.27344;0.2832;0.29297;0.30273;0.3125;0.32227;0.33203;0.3418;0.35156;0.36133;0.37109;0.38086;0.39063;0.40039;0.41016;0.41992;0.42969;0.43945;0.44922;0.45898;0.46875;0.47852;0.48828;0.49805;0.50781;0.51758;0.52734;0.53711;0.54688;0.55664;0.56641;0.57617;0.58594;0.5957;0.60547;0.61523;0.625;0.63477;0.64453;0.6543;0.66406;0.67383;0.68359;0.69336;0.70313;0.71289;0.72266;0.73242;0.74219;0.75195;0.76172;0.77148;0.78125;0.79102,0.002951168;0.004635648;0.0025047039999999995;0.0065587200000000005;0.011429888000000001;0.017079295999999997;0.020142080000000003;0.03317657599999999;0.076679168;0.21567078399999998;0.503980032;0.7821312;0.6767667199999999;0.44646707199999996;0.5241661440000001;0.52634624;0.40582553600000004;0.493703168;0.34857676800000004;0.22364364800000003;0.168707072;0.18086912;0.20370944;0.160036864;0.174472192;0.189146112;0.121417728;0.080571392;0.058625024000000005;0.044107776;0.05091737599999999;0.050272256;0.04530176;0.03130368;0.033330175999999996;0.027491328;0.022224896;0.02414592;0.018241536;0.029456384;0.030751743999999998;0.015575039999999998;0.015854592;0.019590144;0.013743104;0.006361088;0.005968896;0.007951360000000001;0.0069601279999999995;0.005487616;0.0084992;0.009505791999999999;0.00729088;0.006064128;0.006049792;0.003232768;0.004409344;0.005541888;0.005177344;0.004271104;0.002844672;0.004063232;0.004220928;0.002960384;0.0032020480000000003;0.00181248;0.002269184;0.002558976;0.00119808;0.0013926400000000001;0.0030627840000000003;0.002610176;0.00139776;0.001816576;0.0017684480000000002;0.001782784;0.0017192959999999997;0.0015534079999999998;0.0012441599999999998
1781857800,hdr,0.0293;0.03906;0.04883;0.05859;0.06836;0.07813;0.08789;0.09766;0.10742;0.11719;0.12695;0.13672;0.14648;0.15625;0.16602;0.17578;0.18555;0.19531;0.20508;0.21484;0.22461;0.23438;0.24414;0.25391;0.26367;0.27344;0.2832;0.29297;0.30273;0.3125;0.32227;0.33203;0.3418;0.35156;0.36133;0.37109;0.38086;0.39063;0.40039;0.41016;0.41992;0.42969;0.43945;0.44922;0.45898;0.46875;0.47852;0.48828;0.49805;0.50781;0.51758;0.52734;0.53711;0.54688;0.55664;0.56641;0.57617;0.58594;0.5957;0.60547;0.61523;0.625;0.63477;0.64453;0.6543;0.66406;0.67383;0.68359;0.69336;0.70313;0.71289;0.72266;0.73242;0.74219;0.75195;0.76172;0.77148;0.78125;0.79102,0.003024896;0.011675648;0.015112192000000002;0.007026688;0.017321984000000002;0.01974272;0.005376;0.018100224;0.10250035200000002;0.296974336;0.40450662400000004;0.6508134400000001;0.906143744;1.0439905280000001;0.602406912;0.365715456;0.41714892800000003;0.37926912;0.334876672;0.201363456;0.269846528;0.161071104;0.14691532799999998;0.171812864;0.18030591999999998;0.16155647999999997;0.140201984;0.07539302399999999;0.096636928;0.07380992;0.054188032;0.046968832;0.057749504;0.04954112;0.037527552000000006;0.040587264;0.029552639999999998;0.023621632;0.017668095999999998;0.02043904;0.015552512000000001;0.018071552;0.01130496;0.010199040000000001;0.009545728000000002;0.013864959999999999;0.01373184;0.011968512;0.006111232;0.0049582079999999995;0.006150144000000001;0.005953536;0.00689152;0.004919296;0.0038952960000000003;0.006057984000000001;0.00546816;0.004667392000000001;0.006055936;0.005632;0.0028999679999999997;0.001964032;0.0032133120000000003;0.0034816;0.003319808;0.002111488;0.001875968;0.0017530879999999999;0.0022405119999999996;0.001538048;0.0013701120000000002;0.00135168;0.001775616;0.001974272;0.0017858560000000002;0.0016424959999999998;0.001517568;0.002064384;0.00151552
1781858700,hdr,0.0293;0.03906;0.04883;0.05859;0.06836;0.07813;0.08789;0.09766;0.10742;0.11719;0.12695;0.13672;0.14648;0.15625;0.16602;0.17578;0.18555;0.19531;0.20508;0.21484;0.22461;0.23438;0.24414;0.25391;0.26367;0.27344;0.2832;0.29297;0.30273;0.3125;0.32227;0.33203;0.3418;0.35156;0.36133;0.37109;0.38086;0.39063;0.40039;0.41016;0.41992;0.42969;0.43945;0.44922;0.45898;0.46875;0.47852;0.48828;0.49805;0.50781;0.51758;0.52734;0.53711;0.54688;0.55664;0.56641;0.57617;0.58594;0.5957;0.60547;0.61523;0.625;0.63477;0.64453;0.6543;0.66406;0.67383;0.68359;0.69336;0.70313;0.71289;0.72266;0.73242;0.74219;0.75195;0.76172;0.77148;0.78125;0.79102,0.001755136;0.010479616;0.014876671999999999;0.005066752000000001;0.02163712;0.03414016;0.01552384;0.018354176;0.048433152;0.09000345600000001;0.281061376;0.655507456;1.05092096;0.6613258240000001;0.5242183680000001;0.441741312;0.444332032;0.32904806400000003;0.23130726399999998;0.306980864;0.24348467199999999;0.24435916800000002;0.212875264;0.145793024;0.15955353600000002;0.138448896;0.09413222399999999;0.08644608000000001;0.095541248;0.075124736;0.050939903999999994;0.032258048000000004;0.038725631999999996;0.029372416000000002;0.03378176;0.029458431999999996;0.016896;0.020791295999999997;0.015202304;0.016320512000000002;0.018509823999999998;0.013297663999999999;0.010317824;0.011341824;0.010432511999999998;0.013402112;0.013879296000000001;0.015835136;0.01093632;0.010027008;0.0062976;0.0036966399999999997;0.005660671999999999;0.005492736;0.004030464;0.006193152;0.005042176000000001;0.004282368000000001;0.004440064;0.004071424000000001;0.004048896000000001;0.003897344;0.0029184000000000002;0.002674688;0.0024924160000000003;0.003127296;0.004913152;0.004171776000000001;0.0028303359999999997;0.0021913600000000003;0.002328576;0.002934784;0.001681408;0.0019210240000000001;0.002455552;0.0018923520000000001;0.002168832;0.002138112;0.001282048
1781860500,hdr,0.0293;0.03906;0.04883;0.05859;0.06836;0.07813;0.08789;0.09766;0.10742;0.11719;0.12695;0.13672;0.14648;0.15625;0.16602;0.17578;0.18555;0.19531;0.20508;0.21484;0.22461;0.23438;0.24414;0.25391;0.26367;0.27344;0.2832;0.29297;0.30273;0.3125;0.32227;0.33203;0.3418;0.35156;0.36133;0.37109;0.38086;0.39063;0.40039;0.41016;0.41992;0.42969;0.43945;0.44922;0.45898;0.46875;0.47852;0.48828;0.49805;0.50781;0.51758;0.52734;0.53711;0.54688;0.55664;0.56641;0.57617;0.58594;0.5957;0.60547;0.61523;0.625;0.63477;0.64453;0.6543;0.66406;0.67383;0.68359;0.69336;0.70313;0.71289;0.72266;0.73242;0.74219;0.75195;0.76172;0.77148;0.78125;0.79102,0.002599936;0.017298431999999996;0.017321984000000002;0.007887871999999999;0.024323072;0.046273536;0.040749056000000006;0.04206284800000001;0.07474380800000001;0.111883264;0.29072383999999996;0.580631552;0.784531456;0.6801582079999999;0.421190656;0.46319411200000005;0.25920716800000004;0.180206592;0.265710592;0.238353408;0.247683072;0.122394624;0.139266048;0.13592576;0.102879232;0.11088588799999999;0.107913216;0.073136128;0.040457216;0.037821440000000005;0.042771456;0.040053759999999994;0.027947008000000002;0.034287616;0.031765504;0.024383488000000002;0.023230464;0.021919744;0.017966080000000002;0.021649408;0.017415168;0.018518015999999998;0.012044288;0.013538304;0.01762816;0.015240192000000001;0.011574272;0.015112192000000002;0.018563071999999996;0.008879103999999999;0.005525504;0.008194048;0.0065617919999999995;0.007309312;0.00560128;0.00473088;0.004562943999999999;0.005065728;0.005390335999999999;0.005197823999999999;0.004955136000000001;0.004361215999999999;0.004857856;0.007402496;0.00546816;0.002931712;0.00258048;0.002113536;0.0021872639999999995;0.002895872;0.0029501439999999996;0.0027822079999999996;0.0023838720000000004;0.002279424;0.00247296;0.0028846080000000003;0.0029173759999999997;0.002054144;0.001165312
1781861400,hdr,0.0293;0.03906;0.04883;0.05859;0.06836;0.07813;0.08789;0.09766;0.10742;0.11719;0.12695;0.13672;0.14648;0.15625;0.16602;0.17578;0.18555;0.19531;0.20508;0.21484;0.22461;0.23438;0.24414;0.25391;0.26367;0.27344;0.2832;0.29297;0.30273;0.3125;0.32227;0.33203;0.3418;0.35156;0.36133;0.37109;0.38086;0.39063;0.40039;0.41016;0.41992;0.42969;0.43945;0.44922;0.45898;0.46875;0.47852;0.48828;0.49805;0.50781;0.51758;0.52734;0.53711;0.54688;0.55664;0.56641;0.57617;0.58594;0.5957;0.60547;0.61523;0.625;0.63477;0.64453;0.6543;0.66406;0.67383;0.68359;0.69336;0.70313;0.71289;0.72266;0.73242;0.74219;0.75195;0.76172;0.77148;0.78125;0.79102,0.008603647999999998;0.008034304;0.01570816;0.015377408000000002;0.016933887999999998;0.024194048;0.027485184000000003;0.0158208;0.030367744;0.106626048;0.213758976;0.608641024;0.930586624;0.6395740160000001;0.4597504;0.288768;0.235708416;0.226246656;0.20749107200000003;0.3155456;0.15125094400000003;0.148979712;0.156945408;0.169980928;0.07203532800000001;0.074492928;0.103272448;0.09271091199999999;0.054985728000000005;0.055866368;0.049114112;0.054960128;0.055737343999999994;0.029121536;0.034036736;0.03547136;0.026380288000000002;0.019221504;0.018774016;0.0317696;0.03091456;0.023346176;0.019582976;0.010697727999999998;0.006176768;0.009440256;0.009764864;0.012430336000000002;0.012506112;0.009697279999999999;0.009286656;0.006757376;0.003206144;0.004332544000000001;0.009550848;0.009059328000000002;0.005984256;0.004731904;0.006422528;0.004455424;0.0035235839999999997;0.00495616;0.004631552;0.0035932159999999998;0.004491264;0.005192703999999999;0.0036321279999999997;0.002494464;0.0017182719999999999;0.0022640639999999997;0.003668992;0.0023439359999999996;0.0013547519999999999;0.0019210240000000001;0.003172352;0.0027504639999999998;0.00269312;0.0029460479999999997;0.002249728
1781862300,hdr,0.0293;0.03906;0.04883;0.05859;0.06836;0.07813;0.08789;0.09766;0.10742;0.11719;0.12695;0.13672;0.14648;0.15625;0.16602;0.17578;0.18555;0.19531;0.20508;0.21484;0.22461;0.23438;0.24414;0.25391;0.26367;0.27344;0.2832;0.29297;0.30273;0.3125;0.32227;0.33203;0.3418;0.35156;0.36133;0.37109;0.38086;0.39063;0.40039;0.41016;0.41992;0.42969;0.43945;0.44922;0.45898;0.46875;0.47852;0.48828;0.49805;0.50781;0.51758;0.52734;0.53711;0.54688;0.55664;0.56641;0.57617;0.58594;0.5957;0.60547;0.61523;0.625;0.63477;0.64453;0.6543;0.66406;0.67383;0.68359;0.69336;0.70313;0.71289;0.72266;0.73242;0.74219;0.75195;0.76172;0.77148;0.78125;0.79102,0.008689664000000001;0.01622016;0.014748671999999999;0.012962816;0.023087104;0.028742656;0.02131968;0.017857536;0.05084467200000001;0.107790336;0.169346048;0.311329792;0.611976192;0.575054848;0.287183872;0.256724992;0.219876352;0.193639424;0.20380262400000002;0.25811251199999996;0.24487731199999999;0.15492198399999998;0.12729856;0.0876288;0.061932544;0.079819776;0.08641638399999998;0.08282009600000001;0.059327488000000005;0.05190451199999999;0.060317696;0.07092735999999998;0.03582566400000001;0.026571776;0.026985472;0.021139455999999997;0.026643456000000003;0.035961856;0.034476032;0.020509696;0.014432256000000001;0.012777472;0.014206975999999998;0.009852928;0.010579967999999999;0.012327936;0.008472576;0.008079359999999999;0.007218176;0.007412736;0.00996352;0.010358784;0.009192448;0.007143424000000001;0.008254464;0.0075776;0.0070993919999999995;0.0042536959999999995;0.00580608;0.005487616;0.0037990400000000005;0.004719616;0.00477696;0.00339456;0.0029992960000000003;0.004680704000000001;0.00474624;0.00316416;0.0036362239999999995;0.002914304;0.003934208;0.0027648;0.002651136;0.001906688;0.0012441599999999998;0.002315264;0.00254464;0.0026951679999999995;0.003122176
1781863200,hdr,0.0293;0.03906;0.04883;0.05859;0.06836;0.07813;0.08789;0.09766;0.10742;0.11719;0.12695;0.13672;0.14648;0.15625;0.16602;0.17578;0.18555;0.19531;0.20508;0.21484;0.22461;0.23438;0.24414;0.25391;0.26367;0.27344;0.2832;0.29297;0.30273;0.3125;0.32227;0.33203;0.3418;0.35156;0.36133;0.37109;0.38086;0.39063;0.40039;0.41016;0.41992;0.42969;0.43945;0.44922;0.45898;0.46875;0.47852;0.48828;0.49805;0.50781;0.51758;0.52734;0.53711;0.54688;0.55664;0.56641;0.57617;0.58594;0.5957;0.60547;0.61523;0.625;0.63477;0.64453;0.6543;0.66406;0.67383;0.68359;0.69336;0.70313;0.71289;0.72266;0.73242;0.74219;0.75195;0.76172;0.77148;0.78125;0.79102,0.008976384;0.02248192;0.024925184;0.016060416;0.030503936;0.049462271999999995;0.024023040000000002;0.017201152;0.028978175999999998;0.07548518400000001;0.17501081599999999;0.37581516800000003;0.5435586560000001;0.423571456;0.337212416;0.33702297600000003;0.362546176;0.44918681600000004;0.394015744;0.29437952;0.250908672;0.229244928;0.24601907199999998;0.190779392;0.10741452800000001;0.13251174400000001;0.152390656;0.05491711999999999;0.036385792;0.036199424;0.041480192000000006;0.064534528;0.04187648;0.037947391999999996;0.048188416;0.024799232;0.027259903999999998;0.029250560000000002;0.029492224;0.027370495999999998;0.027608063999999998;0.018569216;0.017416192;0.013390848;0.016344064000000002;0.014553088000000002;0.019346432;0.008477696;0.01834496;0.017524736;0.010719232;0.007803904;0.004639744;0.007791616;0.008572928;0.00573952;0.007484416;0.008979456;0.006586368;0.004955136000000001;0.0038932479999999998;0.004752384;0.005536768;0.00507392;0.003073024;0.003081216;0.003770368;0.0029009920000000002;0.003725312;0.004179968;0.001984512;0.002318336;0.002635776;0.0034672640000000003;0.003100672;0.00226816;0.001840128;0.002147328;0.001328128
1781864100,hdr,0.0293;0.03906;0.04883;0.05859;0.06836;0.07813;0.08789;0.09766;0.10742;0.11719;0.12695;0.13672;0.14648;0.15625;0.16602;0.17578;0.18555;0.19531;0.20508;0.21484;0.22461;0.23438;0.24414;0.25391;0.26367;0.27344;0.2832;0.29297;0.30273;0.3125;0.32227;0.33203;0.3418;0.35156;0.36133;0.37109;0.38086;0.39063;0.40039;0.41016;0.41992;0.42969;0.43945;0.44922;0.45898;0.46875;0.47852;0.48828;0.49805;0.50781;0.51758;0.52734;0.53711;0.54688;0.55664;0.56641;0.57617;0.58594;0.5957;0.60547;0.61523;0.625;0.63477;0.64453;0.6543;0.66406;0.67383;0.68359;0.69336;0.70313;0.71289;0.72266;0.73242;0.74219;0.75195;0.76172;0.77148;0.78125;0.79102,0.004004864;0.016943104000000004;0.013678592;0.007650304;0.019214336;0.017574912;0.013756415999999999;0.022391808000000003;0.0386304;0.113112064;0.287740928;0.315465728;0.518975488;0.48275558399999996;0.369047552;0.428783616;0.271002624;0.31041843199999997;0.285471744;0.275359744;0.34975129600000004;0.27951308799999997;0.0762624;0.09249689600000001;0.13901312;0.13054771199999998;0.11681177599999999;0.08867839999999999;0.07506636800000001;0.051922944000000006;0.043104256;0.047835136;0.035049472;0.031444992;0.020498432;0.034715648;0.027947008000000002;0.024771584;0.025934847999999996;0.01767936;0.013563904;0.020421632;0.023332864000000002;0.012720128;0.01849856;0.013689856000000002;0.014140416;0.018267136000000003;0.017095680000000002;0.013277184;0.008175616;0.010586112;0.011862016000000001;0.011203583999999999;0.009235455999999998;0.0039495680000000005;0.008305664;0.009796608;0.006780928;0.007740416;0.005743616;0.005300224;0.005153792000000001;0.002951168;0.003228672;0.0045424639999999995;0.005470208000000001;0.004917248;0.0030853119999999998;0.004227072;0.004615167999999999;0.004028416;0.00302592;0.0023234560000000002;0.0028221440000000004;0.00305664;0.00203264;0.00229888;0.0024883199999999996
1781865000,hdr,0.0293;0.03906;0.04883;0.05859;0.06836;0.07813;0.08789;0.09766;0.10742;0.11719;0.12695;0.13672;0.14648;0.15625;0.16602;0.17578;0.18555;0.19531;0.20508;0.21484;0.22461;0.23438;0.24414;0.25391;0.26367;0.27344;0.2832;0.29297;0.30273;0.3125;0.32227;0.33203;0.3418;0.35156;0.36133;0.37109;0.38086;0.39063;0.40039;0.41016;0.41992;0.42969;0.43945;0.44922;0.45898;0.46875;0.47852;0.48828;0.49805;0.50781;0.51758;0.52734;0.53711;0.54688;0.55664;0.56641;0.57617;0.58594;0.5957;0.60547;0.61523;0.625;0.63477;0.64453;0.6543;0.66406;0.67383;0.68359;0.69336;0.70313;0.71289;0.72266;0.73242;0.74219;0.75195;0.76172;0.77148;0.78125;0.79102,0.0023552;0.008546304;0.011331583999999999;0.009847808000000001;0.02006016;0.029662208;0.019805184;0.020841471999999996;0.033693696;0.08668262400000001;0.250216448;0.400294912;0.46425702399999996;0.521890816;0.310279168;0.26567782399999995;0.09892864;0.16997888;0.356237312;0.32497868799999996;0.20288409599999999;0.215138304;0.11972198400000002;0.08833024;0.091145216;0.066873344;0.05946367999999999;0.09126912;0.08060723199999999;0.041962496;0.03559424;0.030844928;0.027329536;0.022189056000000002;0.024638464;0.025103359999999998;0.023414784;0.025874431999999996;0.02041344;0.026115072;0.027872256;0.019571712;0.021741568;0.015516672;0.013989888;0.01780736;0.020804608;0.011565056;0.010968064;0.015735808;0.019162112000000002;0.012951552;0.011743232;0.01087488;0.010102784;0.011051008;0.012300288000000001;0.011956224;0.00853504;0.0064768000000000004;0.00543232;0.0033423359999999996;0.004442112;0.00399872;0.003736576;0.005286912;0.0035399679999999997;0.004924416;0.00416256;0.002656256;0.004277248000000001;0.004892672000000001;0.001956864;0.002496512;0.0016302080000000002;0.0014858240000000002;0.002023424;0.001754112;0.002061312
1781865900,hdr,0.0293;0.03906;0.04883;0.05859;0.06836;0.07813;0.08789;0.09766;0.10742;0.11719;0.12695;0.13672;0.14648;0.15625;0.16602;0.17578;0.18555;0.19531;0.20508;0.21484;0.22461;0.23438;0.24414;0.25391;0.26367;0.27344;0.2832;0.29297;0.30273;0.3125;0.32227;0.33203;0.3418;0.35156;0.36133;0.37109;0.38086;0.39063;0.40039;0.41016;0.41992;0.42969;0.43945;0.44922;0.45898;0.46875;0.47852;0.48828;0.49805;0.50781;0.51758;0.52734;0.53711;0.54688;0.55664;0.56641;0.57617;0.58594;0.5957;0.60547;0.61523;0.625;0.63477;0.64453;0.6543;0.66406;0.67383;0.68359;0.69336;0.70313;0.71289;0.72266;0.73242;0.74219;0.75195;0.76172;0.77148;0.78125;0.79102,0.007266304;0.018248704;0.013886464;0.010939392;0.028562432000000002;0.03185152;0.015291392;0.02184704;0.038464512;0.10024448;0.14177791999999997;0.295205888;0.435869696;0.470528;0.419216384;0.221421568;0.233146368;0.179699712;0.269324288;0.30586470400000004;0.176146432;0.14832742399999999;0.17836748800000002;0.12627456;0.08521932800000001;0.083187712;0.097219584;0.07179775999999999;0.053208064;0.068512768;0.054376448;0.041181184;0.0256;0.021013504000000002;0.015819776;0.021932032;0.026462207999999997;0.03132416;0.026775552;0.023763967999999996;0.020335616;0.018500608;0.013541376;0.009957376;0.013294592000000001;0.017353728;0.010535936;0.00920064;0.010333183999999999;0.011751424000000002;0.00938496;0.007032832;0.006787072;0.01138176;0.010509312;0.006531072;0.005409792;0.006955008;0.007820288;0.006039551999999999;0.004282368000000001;0.005978112;0.005628928;0.0056872960000000005;0.0058869759999999995;0.0045895680000000005;0.0037427199999999997;0.00311808;0.004219903999999999;0.0046592;0.005353472;0.00424448;0.00270336;0.002835456;0.002501632;0.002514944;0.0014458880000000002;0.00196096;0.00181248
1781866800,hdr,0.0293;0.03906;0.04883;0.05859;0.06836;0.07813;0.08789;0.09766;0.10742;0.11719;0.12695;0.13672;0.14648;0.15625;0.16602;0.17578;0.18555;0.19531;0.20508;0.21484;0.22461;0.23438;0.24414;0.25391;0.26367;0.27344;0.2832;0.29297;0.30273;0.3125;0.32227;0.33203;0.3418;0.35156;0.36133;0.37109;0.38086;0.39063;0.40039;0.41016;0.41992;0.42969;0.43945;0.44922;0.45898;0.46875;0.47852;0.48828;0.49805;0.50781;0.51758;0.52734;0.53711;0.54688;0.55664;0.56641;0.57617;0.58594;0.5957;0.60547;0.61523;0.625;0.63477;0.64453;0.6543;0.66406;0.67383;0.68359;0.69336;0.70313;0.71289;0.72266;0.73242;0.74219;0.75195;0.76172;0.77148;0.78125;0.79102,0.00046284799999999997;0.0018411519999999998;0.006908928000000001;0.007488512;0.020803584000000003;0.024036352000000004;0.020077568;0.023769088;0.04120064;0.06732390399999999;0.10839552000000001;0.250778624;0.431819776;0.498929664;0.451383296;0.303000576;0.19625062399999998;0.21836492799999999;0.324583424;0.39618764800000006;0.275109888;0.14697881599999998;0.08570060800000001;0.068402176;0.068451328;0.09553919999999999;0.10766848;0.109597696;0.10788454400000001;0.06841753599999999;0.036397056;0.0449792;0.051362816;0.056157184;0.051722239999999996;0.038503424;0.03172352;0.028123136;0.024131583999999998;0.020119552;0.017082367999999997;0.016907264;0.013749248;0.010199040000000001;0.009670656;0.011490304;0.011234304;0.005959679999999999;0.00707584;0.015069184;0.016433152;0.015481856;0.010319871999999999;0.009212928;0.0074004480000000004;0.008429568;0.009467904000000001;0.00436224;0.006501376;0.0069847039999999996;0.004783103999999999;0.008233984;0.007486464;0.005144576;0.0044052480000000005;0.004489216;0.003981312;0.0036014080000000004;0.004552704;0.0033802240000000002;0.0024391680000000002;0.002768896;0.002929664;0.0031897600000000003;0.002763776;0.0027320319999999997;0.002809856;0.0022640639999999997;0.003182592
1781867700,hdr,0.0293;0.03906;0.04883;0.05859;0.06836;0.07813;0.08789;0.09766;0.10742;0.11719;0.12695;0.13672;0.14648;0.15625;0.16602;0.17578;0.18555;0.19531;0.20508;0.21484;0.22461;0.23438;0.24414;0.25391;0.26367;0.27344;0.2832;0.29297;0.30273;0.3125;0.32227;0.33203;0.3418;0.35156;0.36133;0.37109;0.38086;0.39063;0.40039;0.41016;0.41992;0.42969;0.43945;0.44922;0.45898;0.46875;0.47852;0.48828;0.49805;0.50781;0.51758;0.52734;0.53711;0.54688;0.55664;0.56641;0.57617;0.58594;0.5957;0.60547;0.61523;0.625;0.63477;0.64453;0.6543;0.66406;0.67383;0.68359;0.69336;0.70313;0.71289;0.72266;0.73242;0.74219;0.75195;0.76172;0.77148;0.78125;0.79102,0.0025989119999999997;0.011054079999999999;0.01411584;0.0068126720000000005;0.016812031999999998;0.026984448;0.025992192;0.016316416;0.033795072;0.068093952;0.107940864;0.184566784;0.344967168;0.38459392000000003;0.22157619199999998;0.16320307199999998;0.226228224;0.269427712;0.22665830399999998;0.173751296;0.16613683199999998;0.200290304;0.147920896;0.10706636800000001;0.078339072;0.07062425600000001;0.07036927999999999;0.062732288;0.055627776;0.04422656;0.034314239999999996;0.038018048000000006;0.047131648;0.045380608;0.032881664000000005;0.033496064;0.024870912000000002;0.017949696;0.021064703999999997;0.024420352000000003;0.03478528;0.022629376;0.019198976;0.015699968;0.016531456;0.017688576;0.01919488;0.020520959999999998;0.016979968;0.013628415999999999;0.01040896;0.010136576;0.007066624;0.009616384;0.00939008;0.007998464;0.006259712000000001;0.005482496;0.005482496;0.006041599999999999;0.005711872;0.004703232;0.004911104;0.004538368;0.003038208;0.006983679999999999;0.007059456;0.00717312;0.005691392;0.0031232000000000005;0.004043776000000001;0.00285184;0.0036433919999999996;0.003598336;0.004372480000000001;0.0033464320000000003;0.003171328;0.002870272;0.001855488
1781868600,hdr,0.0293;0.03906;0.04883;0.05859;0.06836;0.07813;0.08789;0.09766;0.10742;0.11719;0.12695;0.13672;0.14648;0.15625;0.16602;0.17578;0.18555;0.19531;0.20508;0.21484;0.22461;0.23438;0.24414;0.25391;0.26367;0.27344;0.2832;0.29297;0.30273;0.3125;0.32227;0.33203;0.3418;0.35156;0.36133;0.37109;0.38086;0.39063;0.40039;0.41016;0.41992;0.42969;0.43945;0.44922;0.45898;0.46875;0.47852;0.48828;0.49805;0.50781;0.51758;0.52734;0.53711;0.54688;0.55664;0.56641;0.57617;0.58594;0.5957;0.60547;0.61523;0.625;0.63477;0.64453;0.6543;0.66406;0.67383;0.68359;0.69336;0.70313;0.71289;0.72266;0.73242;0.74219;0.75195;0.76172;0.77148;0.78125;0.79102,0.003127296;0.0037150720000000003;0.009405440000000001;0.009612287999999998;0.022936575999999997;0.017134592;0.023199743999999998;0.019357696;0.035016703999999996;0.106817536;0.17283276799999997;0.29030195200000003;0.5857996799999999;0.5783121920000001;0.359053312;0.201737216;0.172578816;0.30585036800000004;0.275129344;0.216976384;0.097363968;0.08725299200000002;0.143423488;0.11600588799999999;0.116472832;0.1174528;0.099023872;0.058620928;0.045666304;0.052830208;0.059281407999999994;0.044924928;0.030336;0.027359232;0.018778112;0.020816896;0.029601792000000002;0.020891648000000002;0.01864192;0.017133568;0.014814208;0.022734848;0.021487615999999998;0.017222656;0.017053696;0.015460352;0.017395712;0.018828288000000002;0.011841536;0.0075950079999999994;0.009267200000000001;0.009270272000000001;0.00717824;0.008206336000000002;0.007788544;0.00684032;0.0053688320000000005;0.004924416;0.0059136;0.0063569920000000005;0.005775359999999999;0.0046192640000000005;0.0051456;0.00493056;0.004608;0.00400384;0.00354304;0.004854784000000001;0.0039546880000000005;0.002934784;0.004463616;0.0051619840000000005;0.004255744;0.004666368000000001;0.0032839680000000004;0.002412544;0.002992128;0.002195456;0.002476032
1781869500,hdr,0.0293;0.03906;0.04883;0.05859;0.06836;0.07813;0.08789;0.09766;0.10742;0.11719;0.12695;0.13672;0.14648;0.15625;0.16602;0.17578;0.18555;0.19531;0.20508;0.21484;0.22461;0.23438;0.24414;0.25391;0.26367;0.27344;0.2832;0.29297;0.30273;0.3125;0.32227;0.33203;0.3418;0.35156;0.36133;0.37109;0.38086;0.39063;0.40039;0.41016;0.41992;0.42969;0.43945;0.44922;0.45898;0.46875;0.47852;0.48828;0.49805;0.50781;0.51758;0.52734;0.53711;0.54688;0.55664;0.56641;0.57617;0.58594;0.5957;0.60547;0.61523;0.625;0.63477;0.64453;0.6543;0.66406;0.67383;0.68359;0.69336;0.70313;0.71289;0.72266;0.73242;0.74219;0.75195;0.76172;0.77148;0.78125;0.79102,0.008152063999999999;0.019477504;0.019007487999999996;0.010169344;0.024452096000000003;0.02933248;0.016863232;0.01706496;0.015404032000000002;0.07405056;0.18035916800000001;0.308251648;0.36258816000000005;0.304633856;0.128662528;0.111239168;0.18350592000000002;0.18673868799999999;0.174298112;0.203022336;0.17092505600000002;0.161804288;0.160620544;0.130860032;0.087576576;0.077428736;0.07059353600000001;0.077169664;0.06863974399999999;0.079746048;0.052413440000000006;0.027534336;0.029351936;0.032022528;0.024549376;0.013213696;0.01304064;0.019127296000000002;0.019461120000000002;0.018977792;0.015622144000000001;0.01966592;0.01772544;0.009071616;0.007098368;0.0076595199999999995;0.008240128000000001;0.005691392;0.0041512960000000005;0.005369856000000001;0.006539264;0.007274496;0.00831488;0.0071424;0.0045424639999999995;0.0040192;0.005348352;0.00516096;0.005536768;0.006395903999999999;0.0062054400000000004;0.00510464;0.0037949439999999997;0.0025651199999999997;0.004041728;0.004283392;0.003172352;0.0046469120000000004;0.003976192;0.002909184;0.00282624;0.0028549120000000002;0.0026808319999999997;0.002199552;0.001742848;0.002038784;0.002419712;0.002448384;0.002568192
1781870400,hdr,0.0293;0.03906;0.04883;0.05859;0.06836;0.07813;0.08789;0.09766;0.10742;0.11719;0.12695;0.13672;0.14648;0.15625;0.16602;0.17578;0.18555;0.19531;0.20508;0.21484;0.22461;0.23438;0.24414;0.25391;0.26367;0.27344;0.2832;0.29297;0.30273;0.3125;0.32227;0.33203;0.3418;0.35156;0.36133;0.37109;0.38086;0.39063;0.40039;0.41016;0.41992;0.42969;0.43945;0.44922;0.45898;0.46875;0.47852;0.48828;0.49805;0.50781;0.51758;0.52734;0.53711;0.54688;0.55664;0.56641;0.57617;0.58594;0.5957;0.60547;0.61523;0.625;0.63477;0.64453;0.6543;0.66406;0.67383;0.68359;0.69336;0.70313;0.71289;0.72266;0.73242;0.74219;0.75195;0.76172;0.77148;0.78125;0.79102,0.004374527999999999;0.015645696;0.015271936;0.008430592;0.017009664;0.018577408;0.009864191999999999;0.018328576;0.042217472;0.04711424000000001;0.087213056;0.21236121600000002;0.378799104;0.39447961600000003;0.31187763199999996;0.209949696;0.17792204799999997;0.20601548800000002;0.159962112;0.10898124799999999;0.151861248;0.16976179200000002;0.120334336;0.08931839999999999;0.065083392;0.067798016;0.05198131200000001;0.044623871999999995;0.0506368;0.049335296;0.050371584;0.039662591999999997;0.03127296;0.031273984;0.023267327999999997;0.019562496;0.021324799999999998;0.026657792;0.026102784;0.015505408;0.011593728000000001;0.009275392;0.01133056;0.013707264;0.011604992;0.008339456;0.008127487999999999;0.007041024000000001;0.00685568;0.005891072;0.007114752;0.007103487999999999;0.010351616;0.009308160000000001;0.004379648;0.004846592;0.0069396480000000005;0.008352768;0.006821888000000001;0.005462016000000001;0.004854784000000001;0.005574656;0.004913152;0.003064832;0.004115456;0.003728384;0.0030904319999999997;0.0027013120000000004;0.001393664;0.002096128;0.002956288;0.002833408;0.003347456;0.0027279360000000002;0.002674688;0.002543616;0.00280064;0.002609152;0.002363392
1781871300,hdr,0.0293;0.03906;0.04883;0.05859;0.06836;0.07813;0.08789;0.09766;0.10742;0.11719;0.12695;0.13672;0.14648;0.15625;0.16602;0.17578;0.18555;0.19531;0.20508;0.21484;0.22461;0.23438;0.24414;0.25391;0.26367;0.27344;0.2832;0.29297;0.30273;0.3125;0.32227;0.33203;0.3418;0.35156;0.36133;0.37109;0.38086;0.39063;0.40039;0.41016;0.41992;0.42969;0.43945;0.44922;0.45898;0.46875;0.47852;0.48828;0.49805;0.50781;0.51758;0.52734;0.53711;0.54688;0.55664;0.56641;0.57617;0.58594;0.5957;0.60547;0.61523;0.625;0.63477;0.64453;0.6543;0.66406;0.67383;0.68359;0.69336;0.70313;0.71289;0.72266;0.73242;0.74219;0.75195;0.76172;0.77148;0.78125;0.79102,0.005861376000000001;0.01368064;0.011901951999999999;0.009046016;0.018998272;0.020764672;0.019919872;0.022577152000000003;0.031248384;0.031199232;0.09683763199999999;0.31909478399999996;0.35616563200000007;0.316212224;0.31933952000000004;0.14561177599999997;0.136471552;0.14139289600000002;0.172360704;0.16492544;0.094331904;0.090544128;0.114239488;0.095320064;0.078135296;0.055108608;0.048419840000000006;0.064806912;0.053179392;0.044363776;0.026031104;0.02426368;0.039189504;0.02833408;0.017968128;0.012463104;0.015451136;0.019630079999999998;0.018527232;0.019376128;0.017374208;0.011649024000000001;0.012839936;0.010334208000000001;0.009219072;0.011913216;0.008858624000000002;0.008231936;0.01071616;0.005916672;0.009240576;0.010889215999999998;0.006539264;0.009265152;0.007279616;0.005968896;0.00486912;0.00475136;0.00480768;0.003492864;0.003726336;0.003997696;0.003125248;0.003822592;0.00476672;0.003470336;0.0035614720000000004;0.00275456;0.0027822079999999996;0.0030873599999999995;0.004291584000000001;0.003854336;0.002904064;0.001979392;0.001528832;0.001948672;0.001692672;0.001682432;0.002205696
1781872200,hdr,0.0293;0.03906;0.04883;0.05859;0.06836;0.07813;0.08789;0.09766;0.10742;0.11719;0.12695;0.13672;0.14648;0.15625;0.16602;0.17578;0.18555;0.19531;0.20508;0.21484;0.22461;0.23438;0.24414;0.25391;0.26367;0.27344;0.2832;0.29297;0.30273;0.3125;0.32227;0.33203;0.3418;0.35156;0.36133;0.37109;0.38086;0.39063;0.40039;0.41016;0.41992;0.42969;0.43945;0.44922;0.45898;0.46875;0.47852;0.48828;0.49805;0.50781;0.51758;0.52734;0.53711;0.54688;0.55664;0.56641;0.57617;0.58594;0.5957;0.60547;0.61523;0.625;0.63477;0.64453;0.6543;0.66406;0.67383;0.68359;0.69336;0.70313;0.71289;0.72266;0.73242;0.74219;0.75195;0.76172;0.77148;0.78125;0.79102,0.00640512;0.016579583999999998;0.020818944;0.008751104;0.013785088;0.012990464;0.017793023999999998;0.021685248;0.047001600000000004;0.112884736;0.184031232;0.234815488;0.24607231999999998;0.263458816;0.20864819199999998;0.12952064;0.08544870400000001;0.11809792;0.15877734400000001;0.15332147200000001;0.13536256;0.14248447999999997;0.10635161600000001;0.095587328;0.06896947199999999;0.05661593599999999;0.051454976;0.07650816;0.08289587200000001;0.03769856;0.03731968;0.0395776;0.030168064;0.030758912;0.021330944;0.018459648000000002;0.02330624;0.026172415999999997;0.023822336;0.018033664;0.017671168;0.013634560000000002;0.012153856;0.016538624;0.01208832;0.008968192000000002;0.011905024;0.008112128000000001;0.0057026559999999995;0.00677888;0.007804928;0.008765440000000001;0.005957632000000001;0.006731776;0.008058880000000001;0.00620032;0.007281664;0.00641024;0.004234239999999999;0.004875263999999999;0.0027217920000000002;0.004082688;0.004011008;0.002966528;0.004004864;0.003063808;0.003405824;0.003309568;0.00245248;0.002004992;0.0036270079999999997;0.003820544;0.0040345599999999995;0.0027095039999999997;0.002423808;0.001744896;0.001327104;0.0016895999999999999;0.002312192
1781873100,hdr,0.0293;0.03906;0.04883;0.05859;0.06836;0.07813;0.08789;0.09766;0.10742;0.11719;0.12695;0.13672;0.14648;0.15625;0.16602;0.17578;0.18555;0.19531;0.20508;0.21484;0.22461;0.23438;0.24414;0.25391;0.26367;0.27344;0.2832;0.29297;0.30273;0.3125;0.32227;0.33203;0.3418;0.35156;0.36133;0.37109;0.38086;0.39063;0.40039;0.41016;0.41992;0.42969;0.43945;0.44922;0.45898;0.46875;0.47852;0.48828;0.49805;0.50781;0.51758;0.52734;0.53711;0.54688;0.55664;0.56641;0.57617;0.58594;0.5957;0.60547;0.61523;0.625;0.63477;0.64453;0.6543;0.66406;0.67383;0.68359;0.69336;0.70313;0.71289;0.72266;0.73242;0.74219;0.75195;0.76172;0.77148;0.78125;0.79102,0.013190144000000001;0.014058495999999998;0.013491199999999998;0.00914432;0.02928128;0.025854976;0.018034687999999997;0.016053248;0.024287232;0.067139584;0.113042432;0.13471539200000002;0.18070528;0.19389952;0.21018009599999998;0.127763456;0.11454976000000001;0.097666048;0.10227712;0.158176256;0.07215411199999999;0.102639616;0.141635584;0.077683712;0.071632896;0.048014336000000005;0.0503552;0.059324416;0.046422015999999997;0.034814976000000004;0.031265792;0.03105792;0.022813696;0.029598720000000002;0.03740364799999999;0.025525248;0.018962432;0.018230272000000002;0.01452544;0.014779392;0.02031104;0.021685248;0.017219584000000003;0.013514752;0.015159296000000001;0.014014464;0.010770431999999998;0.014186496;0.008915967999999998;0.00669696;0.005369856000000001;0.006098944;0.008636416000000001;0.005945344;0.004016128;0.006295551999999999;0.006263808;0.0034816;0.0044031999999999995;0.004128768;0.0037222400000000004;0.00422912;0.003274752;0.00265728;0.002321408;0.0033536000000000004;0.00251904;0.002491392;0.003385344;0.001891328;0.002546688;0.0027023359999999996;0.0028395519999999995;0.002295808;0.0025210880000000003;0.002589696;0.001637376;0.001256448;0.00103424
1781874000,hdr,0.0293;0.03906;0.04883;0.05859;0.06836;0.07813;0.08789;0.09766;0.10742;0.11719;0.12695;0.13672;0.14648;0.15625;0.16602;0.17578;0.18555;0.19531;0.20508;0.21484;0.22461;0.23438;0.24414;0.25391;0.26367;0.27344;0.2832;0.29297;0.30273;0.3125;0.32227;0.33203;0.3418;0.35156;0.36133;0.37109;0.38086;0.39063;0.40039;0.41016;0.41992;0.42969;0.43945;0.44922;0.45898;0.46875;0.47852;0.48828;0.49805;0.50781;0.51758;0.52734;0.53711;0.54688;0.55664;0.56641;0.57617;0.58594;0.5957;0.60547;0.61523;0.625;0.63477;0.64453;0.6543;0.66406;0.67383;0.68359;0.69336;0.70313;0.71289;0.72266;0.73242;0.74219;0.75195;0.76172;0.77148;0.78125;0.79102,0.0033925120000000003;0.012305407999999999;0.011096064000000001;0.0104448;0.02057216;0.014810112;0.017929216;0.019750912;0.018632704;0.056050688;0.10747392000000001;0.155703296;0.290204672;0.30298931199999996;0.282971136;0.23482060800000001;0.125408256;0.06428672;0.098899968;0.15656652799999998;0.193303552;0.15401164800000003;0.120736768;0.07523635199999999;0.064667648;0.07572480000000001;0.086759424;0.07874048000000002;0.058742784;0.064806912;0.050723840000000006;0.053163008;0.043684864;0.031863808;0.020061184000000003;0.033816576;0.036231168;0.022889472;0.021192703999999996;0.020725760000000003;0.019928064;0.012632064;0.009224192;0.01303552;0.0121856;0.009033728;0.012144640000000002;0.012531712000000002;0.013077503999999998;0.009677823999999998;0.009960448;0.008744960000000001;0.005063679999999999;0.0069396480000000005;0.0061829120000000005;0.005564415999999999;0.007548928;0.0061306880000000005;0.005576704000000001;0.00393728;0.002243584;0.00310784;0.004015104;0.00312832;0.004815872;0.003629056;0.002245632;0.0019189760000000002;0.002674688;0.002955264;0.002004992;0.0021268479999999998;0.001870848;0.003100672;0.0029337599999999997;0.00316928;0.00176128;0.001680384;0.001312768
1781874900,hdr,0.0293;0.03906;0.04883;0.05859;0.06836;0.07813;0.08789;0.09766;0.10742;0.11719;0.12695;0.13672;0.14648;0.15625;0.16602;0.17578;0.18555;0.19531;0.20508;0.21484;0.22461;0.23438;0.24414;0.25391;0.26367;0.27344;0.2832;0.29297;0.30273;0.3125;0.32227;0.33203;0.3418;0.35156;0.36133;0.37109;0.38086;0.39063;0.40039;0.41016;0.41992;0.42969;0.43945;0.44922;0.45898;0.46875;0.47852;0.48828;0.49805;0.50781;0.51758;0.52734;0.53711;0.54688;0.55664;0.56641;0.57617;0.58594;0.5957;0.60547;0.61523;0.625;0.63477;0.64453;0.6543;0.66406;0.67383;0.68359;0.69336;0.70313;0.71289;0.72266;0.73242;0.74219;0.75195;0.76172;0.77148;0.78125;0.79102,0.007652352;0.015159296000000001;0.01954816;0.013634560000000002;0.023168;0.016567296;0.012239871999999999;0.014713855999999999;0.021361664;0.033872896;0.10922291199999999;0.11824435200000001;0.131786752;0.21474304;0.17752575999999998;0.1872896;0.1625344;0.10144972799999999;0.07297945600000001;0.113150976;0.131375104;0.11717632;0.108573696;0.07392153600000001;0.07132774399999998;0.07918591999999999;0.053224448;0.046000127999999994;0.03447808;0.042401792;0.056316928;0.037622784;0.021441536;0.028883968;0.028424192000000004;0.027588608;0.016463872;0.016478207999999998;0.024615936;0.023005184;0.010229760000000001;0.010934272;0.013934592;0.012914688;0.00942592;0.009880575999999999;0.011097088;0.008756224;0.008912896;0.008209408;0.005517312000000001;0.007415808;0.007112704;0.006146048;0.007084032;0.004968448;0.007041024000000001;0.006294528;0.004645888;0.005654528000000001;0.004187135999999999;0.00448;0.0049408;0.004005887999999999;0.00388096;0.0024371200000000005;0.00239104;0.0029337599999999997;0.0023050239999999997;0.0024145919999999997;0.003721216;0.0034662399999999998;0.002372608;0.002310144;0.0022466560000000005;0.002011136;0.001926144;0.0019886079999999998;0.0020029439999999996
1781875800,hdr,0.0293;0.03906;0.04883;0.05859;0.06836;0.07813;0.08789;0.09766;0.10742;0.11719;0.12695;0.13672;0.14648;0.15625;0.16602;0.17578;0.18555;0.19531;0.20508;0.21484;0.22461;0.23438;0.24414;0.25391;0.26367;0.27344;0.2832;0.29297;0.30273;0.3125;0.32227;0.33203;0.3418;0.35156;0.36133;0.37109;0.38086;0.39063;0.40039;0.41016;0.41992;0.42969;0.43945;0.44922;0.45898;0.46875;0.47852;0.48828;0.49805;0.50781;0.51758;0.52734;0.53711;0.54688;0.55664;0.56641;0.57617;0.58594;0.5957;0.60547;0.61523;0.625;0.63477;0.64453;0.6543;0.66406;0.67383;0.68359;0.69336;0.70313;0.71289;0.72266;0.73242;0.74219;0.75195;0.76172;0.77148;0.78125;0.79102,0.0027740160000000002;0.009224192;0.013886464;0.010560512;0.019661824;0.020625407999999998;0.010255359999999998;0.012443648;0.0267776;0.057473024000000004;0.09601433599999999;0.151246848;0.28417024;0.40039833599999997;0.255036416;0.23277567999999998;0.18526208;0.174355456;0.114238464;0.143834112;0.140955648;0.122269696;0.09771110400000001;0.062036992;0.05813862400000001;0.051023872;0.03562496;0.044890112;0.052313088;0.066065408;0.04481024;0.03148288;0.023869440000000002;0.02813952;0.025357312000000003;0.0192256;0.023908351999999997;0.022429696;0.019489792000000002;0.019828736;0.012940288000000001;0.012065791999999999;0.011779072;0.011042816;0.0118272;0.015541247999999999;0.012507135999999999;0.007531520000000001;0.007723008;0.0096768;0.00825856;0.005367808;0.0046991360000000005;0.004172799999999999;0.00534016;0.006037504;0.003996672;0.0042536959999999995;0.005060608;0.004144128;0.004952064;0.003938304;0.0032133120000000003;0.003222528;0.004233216;0.004170752000000001;0.00194048;0.002395136;0.0026695679999999998;0.0033208319999999997;0.0032890880000000003;0.0024422399999999996;0.001902592;0.0015872;0.002066432;0.0017131520000000001;0.0018841600000000002;0.0022855680000000004;0.0018135039999999999
1781876700,hdr,0.0293;0.03906;0.04883;0.05859;0.06836;0.07813;0.08789;0.09766;0.10742;0.11719;0.12695;0.13672;0.14648;0.15625;0.16602;0.17578;0.18555;0.19531;0.20508;0.21484;0.22461;0.23438;0.24414;0.25391;0.26367;0.27344;0.2832;0.29297;0.30273;0.3125;0.32227;0.33203;0.3418;0.35156;0.36133;0.37109;0.38086;0.39063;0.40039;0.41016;0.41992;0.42969;0.43945;0.44922;0.45898;0.46875;0.47852;0.48828;0.49805;0.50781;0.51758;0.52734;0.53711;0.54688;0.55664;0.56641;0.57617;0.58594;0.5957;0.60547;0.61523;0.625;0.63477;0.64453;0.6543;0.66406;0.67383;0.68359;0.69336;0.70313;0.71289;0.72266;0.73242;0.74219;0.75195;0.76172;0.77148;0.78125;0.79102,0.007512064;0.016080895999999997;0.011784191999999999;0.006970367999999999;0.018353152;0.015192064;0.011499520000000001;0.016606207999999997;0.02271232;0.035964928;0.079005696;0.171196416;0.288623616;0.284541952;0.18987110399999999;0.18969292799999998;0.1280768;0.09034239999999999;0.10833408;0.07864524799999999;0.067032064;0.073735168;0.064899072;0.06724403200000001;0.046216192;0.041448448;0.06505984;0.062585856;0.0530944;0.037057536;0.035229696;0.03008;0.036614144;0.03062784;0.014020608;0.014660608;0.017117184;0.013560832;0.022329343999999997;0.01823232;0.008389632000000001;0.008464384;0.0104704;0.008114176;0.006659072;0.007913472;0.01152512;0.016166912;0.012111872;0.008051712;0.007171072;0.0070195200000000004;0.007867391999999999;0.005199872;0.005686272;0.00334848;0.006110208000000001;0.0061706239999999996;0.004603904000000001;0.0036157439999999997;0.003786752;0.004191232;0.003529728;0.004174848;0.004339712;0.00360448;0.003414016;0.003687424;0.0029655040000000003;0.0022640639999999997;0.0019046400000000002;0.002076672;0.0017356799999999999;0.002279424;0.002399232;0.001412096;0.002399232;0.001765376;0.0012288
1781877600,hdr,0.0293;0.03906;0.04883;0.05859;0.06836;0.07813;0.08789;0.09766;0.10742;0.11719;0.12695;0.13672;0.14648;0.15625;0.16602;0.17578;0.18555;0.19531;0.20508;0.21484;0.22461;0.23438;0.24414;0.25391;0.26367;0.27344;0.2832;0.29297;0.30273;0.3125;0.32227;0.33203;0.3418;0.35156;0.36133;0.37109;0.38086;0.39063;0.40039;0.41016;0.41992;0.42969;0.43945;0.44922;0.45898;0.46875;0.47852;0.48828;0.49805;0.50781;0.51758;0.52734;0.53711;0.54688;0.55664;0.56641;0.57617;0.58594;0.5957;0.60547;0.61523;0.625;0.63477;0.64453;0.6543;0.66406;0.67383;0.68359;0.69336;0.70313;0.71289;0.72266;0.73242;0.74219;0.75195;0.76172;0.77148;0.78125;0.79102,0.005587968;0.018477056000000002;0.011726848;0.015142912;0.027025408;0.01478144;0.01116672;0.013582335999999999;0.012435456000000001;0.02221568;0.073463808;0.16515379200000002;0.22552883199999998;0.28038553600000005;0.372498432;0.20054220799999997;0.127363072;0.12549939200000002;0.102008832;0.09665638400000001;0.061381632000000005;0.094239744;0.130707456;0.073565184;0.0549632;0.043474944;0.037961728;0.038089728;0.051838976;0.043780096;0.032087040000000004;0.021607424000000004;0.017330176000000003;0.016679936000000003;0.020212736000000002;0.023651328;0.016578560000000003;0.012049408;0.015548415999999999;0.014552064;0.017670144;0.018604032;0.008449024;0.010725376;0.011213824;0.011488255999999999;0.006837248;0.009199616;0.009762816;0.010166271999999999;0.010861567999999999;0.009137152;0.010371072;0.008624128;0.004687871999999999;0.0054190079999999995;0.003779584;0.0024002560000000004;0.003656704;0.00662016;0.005279743999999999;0.003531776;0.005029888;0.003854336;0.0031733760000000003;0.00338432;0.0030228480000000003;0.0035287039999999997;0.004518912;0.003396608;0.004204544;0.0038840320000000004;0.003024896;0.003057664;0.003371008;0.004178944;0.0030607359999999997;0.001898496;0.002038784
1781878500,hdr,0.0293;0.03906;0.04883;0.05859;0.06836;0.07813;0.08789;0.09766;0.10742;0.11719;0.12695;0.13672;0.14648;0.15625;0.16602;0.17578;0.18555;0.19531;0.20508;0.21484;0.22461;0.23438;0.24414;0.25391;0.26367;0.27344;0.2832;0.29297;0.30273;0.3125;0.32227;0.33203;0.3418;0.35156;0.36133;0.37109;0.38086;0.39063;0.40039;0.41016;0.41992;0.42969;0.43945;0.44922;0.45898;0.46875;0.47852;0.48828;0.49805;0.50781;0.51758;0.52734;0.53711;0.54688;0.55664;0.56641;0.57617;0.58594;0.5957;0.60547;0.61523;0.625;0.63477;0.64453;0.6543;0.66406;0.67383;0.68359;0.69336;0.70313;0.71289;0.72266;0.73242;0.74219;0.75195;0.76172;0.77148;0.78125;0.79102,0.003728384;0.010662912;0.006994944;0.0029337599999999997;0.018036736;0.014628864;0.01757696;0.012273664;0.020109311999999997;0.035867648;0.06479052799999999;0.067390464;0.137445376;0.136723456;0.155784192;0.188225536;0.145870848;0.151012352;0.131629056;0.088224768;0.10142003200000001;0.09437491199999999;0.080941056;0.101894144;0.053451776000000006;0.048182272;0.04261888;0.040795135999999996;0.034443263999999994;0.035766271999999995;0.040531968;0.037384192;0.027835392;0.027709440000000002;0.040802304;0.027386880000000002;0.016029696000000003;0.023869440000000002;0.031862784;0.023759872;0.020160512000000002;0.017503232;0.017875968;0.020359168;0.017298431999999996;0.018717696;0.014063616;0.008830976;0.010502144;0.009954304;0.009143296;0.010723327999999999;0.009517056000000001;0.006072320000000001;0.004303872;0.00541696;0.005209088000000001;0.0065812480000000005;0.005590016000000001;0.006831104;0.004875263999999999;0.0033873920000000004;0.003771392;0.005228544;0.005567488000000001;0.0038840320000000004;0.004931584;0.005731328000000001;0.004258816;0.0028764159999999997;0.003272704;0.0027320319999999997;0.0030289920000000003;0.003464192;0.001652736;0.0015114240000000001;0.002123776;0.002845696;0.001528832
1781879400,hdr,0.0293;0.03906;0.04883;0.05859;0.06836;0.07813;0.08789;0.09766;0.10742;0.11719;0.12695;0.13672;0.14648;0.15625;0.16602;0.17578;0.18555;0.19531;0.20508;0.21484;0.22461;0.23438;0.24414;0.25391;0.26367;0.27344;0.2832;0.29297;0.30273;0.3125;0.32227;0.33203;0.3418;0.35156;0.36133;0.37109;0.38086;0.39063;0.40039;0.41016;0.41992;0.42969;0.43945;0.44922;0.45898;0.46875;0.47852;0.48828;0.49805;0.50781;0.51758;0.52734;0.53711;0.54688;0.55664;0.56641;0.57617;0.58594;0.5957;0.60547;0.61523;0.625;0.63477;0.64453;0.6543;0.66406;0.67383;0.68359;0.69336;0.70313;0.71289;0.72266;0.73242;0.74219;0.75195;0.76172;0.77148;0.78125;0.79102,0.001521664;0.00650752;0.010753024;0.0095488;0.008407040000000001;0.007196672;0.01367552;0.011723776000000002;0.032495616;0.035736576;0.05723340799999999;0.0882944;0.16604159999999998;0.24558591999999999;0.23607808;0.11971072;0.069738496;0.10747392000000001;0.118396928;0.09926860800000001;0.117123072;0.08662323200000001;0.09529548800000001;0.07326105599999999;0.061796352;0.055793664;0.044865536;0.050127872000000004;0.041396223999999995;0.033028096;0.036334592000000006;0.044875776000000006;0.048013311999999995;0.032375808;0.032774144;0.019513344000000002;0.022829056;0.019001344;0.020841471999999996;0.021838847999999998;0.019432448;0.012926976;0.010582016;0.008546304;0.006239232;0.009110528;0.011639808000000001;0.009286656;0.008846336000000002;0.007227392;0.009942016000000001;0.009102335999999999;0.0071884800000000006;0.005960704;0.008474624;0.006499328;0.007601152;0.00923648;0.008127487999999999;0.006448128;0.007497728;0.006889472;0.004144128;0.004163584;0.00373248;0.0036474880000000004;0.00338944;0.0030289920000000003;0.004220928;0.002105344;0.001575936;0.003201024;0.0028600319999999998;0.004281344;0.002935808;0.002272256;0.0018442240000000002;0.002318336;0.002551808
1781880300,hdr,0.0293;0.03906;0.04883;0.05859;0.06836;0.07813;0.08789;0.09766;0.10742;0.11719;0.12695;0.13672;0.14648;0.15625;0.16602;0.17578;0.18555;0.19531;0.20508;0.21484;0.22461;0.23438;0.24414;0.25391;0.26367;0.27344;0.2832;0.29297;0.30273;0.3125;0.32227;0.33203;0.3418;0.35156;0.36133;0.37109;0.38086;0.39063;0.40039;0.41016;0.41992;0.42969;0.43945;0.44922;0.45898;0.46875;0.47852;0.48828;0.49805;0.50781;0.51758;0.52734;0.53711;0.54688;0.55664;0.56641;0.57617;0.58594;0.5957;0.60547;0.61523;0.625;0.63477;0.64453;0.6543;0.66406;0.67383;0.68359;0.69336;0.70313;0.71289;0.72266;0.73242;0.74219;0.75195;0.76172;0.77148;0.78125;0.79102,0.00222208;0.008872960000000001;0.021751808;0.008664064;0.021530623999999998;0.014799872;0.012285952;0.015604736000000001;0.03057152;0.044693504;0.114187264;0.131581952;0.118664192;0.16301875200000002;0.16167424;0.189392896;0.161384448;0.10734592000000001;0.14208819199999997;0.08701235200000002;0.081069056;0.126932992;0.103650304;0.054030336;0.04408832;0.04997734400000001;0.077984768;0.081314816;0.037321728000000005;0.028578816;0.038421504;0.04324864;0.032924672;0.02638848;0.024022016;0.01764864;0.022259712;0.028709888;0.025146368;0.019344384000000003;0.007275520000000001;0.01276416;0.017173504;0.010326016;0.00950272;0.008015872;0.009014272;0.009111552;0.008521728;0.009588736;0.006690816;0.006462464;0.007043072;0.007647232;0.005113856;0.00617984;0.004533248;0.0052418560000000005;0.006151168;0.004521984;0.002934784;0.004503552;0.003900416;0.003663872;0.0027320319999999997;0.002226176;0.002599936;0.0014796800000000001;0.002837504;0.004862976;0.004231168;0.0025958400000000003;0.0013608960000000001;0.0020582400000000002;0.002502656;0.002683904;0.0019527680000000001;0.001942528;0.001811456
1781881200,hdr,0.0293;0.03906;0.04883;0.05859;0.06836;0.07813;0.08789;0.09766;0.10742;0.11719;0.12695;0.13672;0.14648;0.15625;0.16602;0.17578;0.18555;0.19531;0.20508;0.21484;0.22461;0.23438;0.24414;0.25391;0.26367;0.27344;0.2832;0.29297;0.30273;0.3125;0.32227;0.33203;0.3418;0.35156;0.36133;0.37109;0.38086;0.39063;0.40039;0.41016;0.41992;0.42969;0.43945;0.44922;0.45898;0.46875;0.47852;0.48828;0.49805;0.50781;0.51758;0.52734;0.53711;0.54688;0.55664;0.56641;0.57617;0.58594;0.5957;0.60547;0.61523;0.625;0.63477;0.64453;0.6543;0.66406;0.67383;0.68359;0.69336;0.70313;0.71289;0.72266;0.73242;0.74219;0.75195;0.76172;0.77148;0.78125;0.79102,0.001979392;0.010768384;0.011348992;0.011511808;0.014450688;0.010143744000000001;0.005213184;0.01312256;0.034285568;0.089385984;0.10365952;0.12340531199999999;0.184564736;0.279254016;0.245251072;0.16723456;0.199340032;0.16400895999999998;0.143690752;0.107872256;0.127281152;0.11397939200000001;0.087067648;0.06741606400000001;0.06391808;0.069803008;0.0597248;0.037627904000000004;0.04301824;0.031392768;0.030812159999999998;0.049616895999999994;0.039446528;0.040183807999999994;0.018880512;0.018190335999999998;0.025326592000000002;0.020958208;0.01329664;0.016771072;0.01408;0.013134848;0.013546496;0.014521343999999999;0.011409408000000001;0.007257088000000001;0.0068751360000000004;0.008722431999999999;0.010907647999999999;0.007003135999999999;0.006378496;0.010773504000000001;0.01063424;0.004984832000000001;0.003555328;0.004110336;0.004301823999999999;0.006245376;0.006065152;0.005367808;0.005210112;0.004503552;0.0032768000000000003;0.0038871039999999997;0.002619392;0.002656256;0.0038717440000000003;0.0030412800000000004;0.003504128;0.0031979519999999996;0.00330752;0.002386944;0.0025651199999999997;0.002390016;0.0018442240000000002;0.001936384;0.00149504;0.0019947520000000002;0.00203776
1781882100,hdr,0.0293;0.03906;0.04883;0.05859;0.06836;0.07813;0.08789;0.09766;0.10742;0.11719;0.12695;0.13672;0.14648;0.15625;0.16602;0.17578;0.18555;0.19531;0.20508;0.21484;0.22461;0.23438;0.24414;0.25391;0.26367;0.27344;0.2832;0.29297;0.30273;0.3125;0.32227;0.33203;0.3418;0.35156;0.36133;0.37109;0.38086;0.39063;0.40039;0.41016;0.41992;0.42969;0.43945;0.44922;0.45898;0.46875;0.47852;0.48828;0.49805;0.50781;0.51758;0.52734;0.53711;0.54688;0.55664;0.56641;0.57617;0.58594;0.5957;0.60547;0.61523;0.625;0.63477;0.64453;0.6543;0.66406;0.67383;0.68359;0.69336;0.70313;0.71289;0.72266;0.73242;0.74219;0.75195;0.76172;0.77148;0.78125;0.79102,0.004880384;0.01110016;0.013766655999999999;0.009436159999999999;0.013057023999999999;0.0044288;0.005183487999999999;0.025181184;0.030802944;0.061156352;0.174075904;0.319464448;0.307954688;0.26637414400000003;0.23465472;0.243923968;0.20414464000000002;0.171611136;0.13243392;0.112502784;0.056030208;0.07294873599999999;0.069675008;0.051602432000000004;0.064305152;0.061299712;0.063157248;0.06463487999999999;0.049929216;0.053732352;0.060233728;0.039360512;0.03719577600000001;0.036867072;0.030344192;0.024839168000000002;0.022012928;0.017615871999999998;0.016509951999999998;0.01129472;0.0171008;0.017342464;0.011618304;0.013461504;0.018024448000000002;0.010505216;0.010284031999999999;0.011039744;0.009812992;0.008730624;0.00754688;0.006169600000000001;0.004901888;0.006467584000000001;0.005637120000000001;0.006959104000000001;0.004287487999999999;0.005357567999999999;0.005342208;0.00352256;0.003228672;0.003416064;0.0037683200000000003;0.003516416;0.002123776;0.00279552;0.004411392;0.0046714880000000005;0.003748864;0.0033720319999999996;0.0034078719999999997;0.0037027839999999998;0.0034304;0.003801088;0.00290304;0.002179072;0.002683904;0.0017192959999999997;0.000989184
1781883000,hdr,0.0293;0.03906;0.04883;0.05859;0.06836;0.07813;0.08789;0.09766;0.10742;0.11719;0.12695;0.13672;0.14648;0.15625;0.16602;0.17578;0.18555;0.19531;0.20508;0.21484;0.22461;0.23438;0.24414;0.25391;0.26367;0.27344;0.2832;0.29297;0.30273;0.3125;0.32227;0.33203;0.3418;0.35156;0.36133;0.37109;0.38086;0.39063;0.40039;0.41016;0.41992;0.42969;0.43945;0.44922;0.45898;0.46875;0.47852;0.48828;0.49805;0.50781;0.51758;0.52734;0.53711;0.54688;0.55664;0.56641;0.57617;0.58594;0.5957;0.60547;0.61523;0.625;0.63477;0.64453;0.6543;0.66406;0.67383;0.68359;0.69336;0.70313;0.71289;0.72266;0.73242;0.74219;0.75195;0.76172;0.77148;0.78125;0.79102,0.003929088;0.00469504;0.004016128;0.005129216000000001;0.009810944;0.011589631999999999;0.010582016;0.027454464;0.046934016;0.07970508800000001;0.12709990399999999;0.225185792;0.214884352;0.19790335999999997;0.227781632;0.188459008;0.15414067199999998;0.125865984;0.11138662399999999;0.108352512;0.082577408;0.099272704;0.057873407999999994;0.052816896;0.042886144;0.07905382400000001;0.07133184;0.044597248;0.036537344;0.038424576;0.0657152;0.046222335999999996;0.026382336;0.028146688000000003;0.034762752;0.03343872;0.026562560000000002;0.014768128;0.012429312;0.012943360000000001;0.014155776;0.014226432;0.009962496;0.006360064;0.009279488;0.008496128;0.00821248;0.006188032;0.007491584;0.006612992;0.008289280000000001;0.007195648;0.005369856000000001;0.003121152;0.006573056000000001;0.006644736;0.004128768;0.005748736;0.00612352;0.0054435840000000004;0.005464063999999999;0.003918848;0.0026941440000000003;0.003032064;0.004066304;0.0040642560000000005;0.004119551999999999;0.003756032;0.002156544;0.0024719359999999997;0.003400704;0.004194304;0.00237056;0.002019328;0.002476032;0.002527232;0.002046976;0.001974272;0.0024791039999999998
1781883900,hdr,0.0293;0.03906;0.04883;0.05859;0.06836;0.07813;0.08789;0.09766;0.10742;0.11719;0.12695;0.13672;0.14648;0.15625;0.16602;0.17578;0.18555;0.19531;0.20508;0.21484;0.22461;0.23438;0.24414;0.25391;0.26367;0.27344;0.2832;0.29297;0.30273;0.3125;0.32227;0.33203;0.3418;0.35156;0.36133;0.37109;0.38086;0.39063;0.40039;0.41016;0.41992;0.42969;0.43945;0.44922;0.45898;0.46875;0.47852;0.48828;0.49805;0.50781;0.51758;0.52734;0.53711;0.54688;0.55664;0.56641;0.57617;0.58594;0.5957;0.60547;0.61523;0.625;0.63477;0.64453;0.6543;0.66406;0.67383;0.68359;0.69336;0.70313;0.71289;0.72266;0.73242;0.74219;0.75195;0.76172;0.77148;0.78125;0.79102,0.001997824;0.002948096;0.000565248;0.0009748480000000001;0.01759744;0.024410112;0.018677759999999998;0.020390912;0.029355008000000002;0.090684416;0.15401984;0.173778944;0.14523596800000002;0.182972416;0.184958976;0.143026176;0.140639232;0.119474176;0.09404416;0.113405952;0.13229056;0.111996928;0.105222144;0.091495424;0.085346304;0.090764288;0.06324940800000001;0.055008256;0.057903104;0.035943424;0.031838208;0.0290048;0.026284032;0.032305152;0.029721599999999997;0.022562816000000003;0.024226815999999998;0.029288448;0.017291264000000004;0.013929472;0.016441344;0.021221376;0.0215808;0.012403712;0.012383232;0.010914816;0.011145216000000001;0.014194688;0.008068096;0.006647808;0.006580224;0.005317631999999999;0.006253567999999999;0.0059136;0.006994944;0.00580608;0.004212736;0.004617216;0.00467968;0.004881408;0.003007488;0.00300032;0.0019650559999999997;0.002801664;0.003690496;0.004640767999999999;0.0034662399999999998;0.0026060799999999998;0.001974272;0.00209408;0.00282624;0.002801664;0.0033372160000000005;0.003288064;0.002766848;0.001645568;0.00171008;0.001972224;0.001774592
1781884800,hdr,0.0293;0.03906;0.04883;0.05859;0.06836;0.07813;0.08789;0.09766;0.10742;0.11719;0.12695;0.13672;0.14648;0.15625;0.16602;0.17578;0.18555;0.19531;0.20508;0.21484;0.22461;0.23438;0.24414;0.25391;0.26367;0.27344;0.2832;0.29297;0.30273;0.3125;0.32227;0.33203;0.3418;0.35156;0.36133;0.37109;0.38086;0.39063;0.40039;0.41016;0.41992;0.42969;0.43945;0.44922;0.45898;0.46875;0.47852;0.48828;0.49805;0.50781;0.51758;0.52734;0.53711;0.54688;0.55664;0.56641;0.57617;0.58594;0.5957;0.60547;0.61523;0.625;0.63477;0.64453;0.6543;0.66406;0.67383;0.68359;0.69336;0.70313;0.71289;0.72266;0.73242;0.74219;0.75195;0.76172;0.77148;0.78125;0.79102,0.0032358400000000002;0.009081856;0.010547200000000001;0.006888448;0.011025408;0.004364288000000001;0.008153088000000001;0.026324992000000002;0.047297536;0.077925376;0.109991936;0.20540416;0.15859507199999998;0.127950848;0.167826432;0.166252544;0.182114304;0.210842624;0.164528128;0.168496128;0.18703872;0.113972224;0.09077248;0.06962790399999999;0.08831488;0.1041408;0.07050239999999999;0.044142591999999994;0.036323327999999995;0.032833536;0.037358592;0.051559424;0.04783104;0.025779200000000002;0.016514048;0.018699264;0.023059456000000002;0.015758335999999998;0.018653184;0.018310144;0.014739456;0.015735808;0.013673471999999999;0.009276416;0.007473152;0.00794112;0.00723968;0.011488255999999999;0.010635263999999998;0.009921536;0.006371328000000001;0.008998912;0.008020992;0.005942272;0.006740992;0.009413632;0.009003008;0.006935552;0.006403072;0.003720192;0.0037949439999999997;0.00453632;0.004456448;0.002486272;0.002741248;0.0037048320000000004;0.00302592;0.002013184;0.001716224;0.0026490879999999995;0.003255296;0.0032204799999999995;0.002793472;0.0026286079999999997;0.002116608;0.003444736;0.003963904;0.003656704;0.00297472
1781885700,hdr,0.0293;0.03906;0.04883;0.05859;0.06836;0.07813;0.08789;0.09766;0.10742;0.11719;0.12695;0.13672;0.14648;0.15625;0.16602;0.17578;0.18555;0.19531;0.20508;0.21484;0.22461;0.23438;0.24414;0.25391;0.26367;0.27344;0.2832;0.29297;0.30273;0.3125;0.32227;0.33203;0.3418;0.35156;0.36133;0.37109;0.38086;0.39063;0.40039;0.41016;0.41992;0.42969;0.43945;0.44922;0.45898;0.46875;0.47852;0.48828;0.49805;0.50781;0.51758;0.52734;0.53711;0.54688;0.55664;0.56641;0.57617;0.58594;0.5957;0.60547;0.61523;0.625;0.63477;0.64453;0.6543;0.66406;0.67383;0.68359;0.69336;0.70313;0.71289;0.72266;0.73242;0.74219;0.75195;0.76172;0.77148;0.78125;0.79102,0.001432576;0.0037877759999999996;0.005090304;0.006159360000000001;0.019806208000000002;0.01442816;0.009938944;0.029539328;0.063997952;0.135728128;0.14649856;0.162770944;0.16859340800000003;0.18221260799999997;0.21120921599999998;0.194378752;0.15145984;0.130092032;0.127355904;0.118662144;0.09960243199999999;0.097124352;0.088312832;0.126966784;0.093677568;0.076542976;0.094490624;0.05842022399999999;0.039402496;0.028507136;0.030374911999999997;0.03705856;0.040797184;0.038111232;0.026176512;0.014908416;0.015598592000000001;0.016089088;0.017830912;0.01979392;0.014477311999999999;0.014776319999999999;0.011129856;0.009322496;0.007586816;0.006564863999999999;0.010409984;0.009818111999999999;0.008713216;0.008921087999999999;0.0057077759999999995;0.00606208;0.009291776;0.00627712;0.005018624;0.007565312;0.0075448320000000004;0.005705728;0.005013504;0.00330752;0.0033955839999999997;0.003822592;0.005058559999999999;0.0049080320000000005;0.0036024319999999996;0.003900416;0.002824192;0.002771968;0.0030976;0.0036382720000000006;0.0038174719999999997;0.0030207999999999997;0.002234368;0.003081216;0.003359744;0.002086912;0.001833984;0.001969152;0.001558528
1781886600,hdr,0.0293;0.03906;0.04883;0.05859;0.06836;0.07813;0.08789;0.09766;0.10742;0.11719;0.12695;0.13672;0.14648;0.15625;0.16602;0.17578;0.18555;0.19531;0.20508;0.21484;0.22461;0.23438;0.24414;0.25391;0.26367;0.27344;0.2832;0.29297;0.30273;0.3125;0.32227;0.33203;0.3418;0.35156;0.36133;0.37109;0.38086;0.39063;0.40039;0.41016;0.41992;0.42969;0.43945;0.44922;0.45898;0.46875;0.47852;0.48828;0.49805;0.50781;0.51758;0.52734;0.53711;0.54688;0.55664;0.56641;0.57617;0.58594;0.5957;0.60547;0.61523;0.625;0.63477;0.64453;0.6543;0.66406;0.67383;0.68359;0.69336;0.70313;0.71289;0.72266;0.73242;0.74219;0.75195;0.76172;0.77148;0.78125;0.79102,0.002036736;0.006266879999999999;0.005373952;0.00507392;0.01093632;0.01545216;0.013513728000000001;0.022800384000000003;0.053635072;0.073188352;0.137704448;0.18468761599999997;0.21622988799999998;0.172470272;0.18172006400000001;0.179462144;0.205995008;0.13978316799999999;0.142226432;0.103689216;0.14615961600000002;0.151493632;0.14054912;0.10764390400000001;0.073800704;0.06929919999999999;0.069042176;0.03943424;0.044755968;0.035149824;0.02632192;0.030162944;0.024275968;0.015877119999999998;0.023033856;0.023370752;0.020421632;0.017511424;0.01621504;0.013126656;0.012884992;0.017798144000000002;0.007886848;0.011295743999999998;0.010196992;0.010730496;0.007834624;0.010121216;0.008184832;0.005112832;0.005362688;0.00615424;0.007158784;0.007307264;0.005875712000000001;0.004100095999999999;0.006684671999999999;0.009223168;0.0071936000000000005;0.006296576;0.006054912;0.007622656;0.00852992;0.004581375999999999;0.006505472;0.004678656;0.0032471040000000002;0.004282368000000001;0.003559424;0.002863104;0.002291712;0.002748416;0.0035829760000000003;0.0039034879999999997;0.0030341120000000003;0.003145728;0.0028416;0.001967104;0.0024422399999999996
1781887500,hdr,0.0293;0.03906;0.04883;0.05859;0.06836;0.07813;0.08789;0.09766;0.10742;0.11719;0.12695;0.13672;0.14648;0.15625;0.16602;0.17578;0.18555;0.19531;0.20508;0.21484;0.22461;0.23438;0.24414;0.25391;0.26367;0.27344;0.2832;0.29297;0.30273;0.3125;0.32227;0.33203;0.3418;0.35156;0.36133;0.37109;0.38086;0.39063;0.40039;0.41016;0.41992;0.42969;0.43945;0.44922;0.45898;0.46875;0.47852;0.48828;0.49805;0.50781;0.51758;0.52734;0.53711;0.54688;0.55664;0.56641;0.57617;0.58594;0.5957;0.60547;0.61523;0.625;0.63477;0.64453;0.6543;0.66406;0.67383;0.68359;0.69336;0.70313;0.71289;0.72266;0.73242;0.74219;0.75195;0.76172;0.77148;0.78125;0.79102,0.0010086399999999999;0.0018964479999999998;0.0025415679999999997;0.003622912;0.011001855999999999;0.014554112;0.007651328000000001;0.031604736;0.083775488;0.14403072;0.21910016;0.34439065599999996;0.257434624;0.17275904;0.121506816;0.13112832000000002;0.161492992;0.128206848;0.09985740800000001;0.10237337599999999;0.12704358400000001;0.151365632;0.091972608;0.096299008;0.10142310399999999;0.089657344;0.066458624;0.060722176;0.043552768000000006;0.038412287999999996;0.046028799999999995;0.035905536;0.028696576;0.02769408;0.019068928;0.013059072;0.016335871999999998;0.017373183999999996;0.014815232;0.012688384;0.007800832;0.011142144;0.013376512;0.015285248;0.010424319999999999;0.012587008000000002;0.012568576000000001;0.004630528;0.0061952;0.007010304;0.00866816;0.008584192;0.007279616;0.010171392000000001;0.007222272;0.006228992;0.00817664;0.0057026559999999995;0.005357567999999999;0.0070768639999999996;0.005646336;0.003716096;0.0050104319999999996;0.005042176000000001;0.0039168;0.004920320000000001;0.0033341440000000003;0.004063232;0.0039874559999999995;0.004267008;0.003463168;0.0035645440000000002;0.0036474880000000004;0.001723392;0.0021299199999999996;0.0024104960000000003;0.002280448;0.00203264;0.0021534719999999996
1781888400,hdr,0.0293;0.03906;0.04883;0.05859;0.06836;0.07813;0.08789;0.09766;0.10742;0.11719;0.12695;0.13672;0.14648;0.15625;0.16602;0.17578;0.18555;0.19531;0.20508;0.21484;0.22461;0.23438;0.24414;0.25391;0.26367;0.27344;0.2832;0.29297;0.30273;0.3125;0.32227;0.33203;0.3418;0.35156;0.36133;0.37109;0.38086;0.39063;0.40039;0.41016;0.41992;0.42969;0.43945;0.44922;0.45898;0.46875;0.47852;0.48828;0.49805;0.50781;0.51758;0.52734;0.53711;0.54688;0.55664;0.56641;0.57617;0.58594;0.5957;0.60547;0.61523;0.625;0.63477;0.64453;0.6543;0.66406;0.67383;0.68359;0.69336;0.70313;0.71289;0.72266;0.73242;0.74219;0.75195;0.76172;0.77148;0.78125;0.79102,0.0014592000000000001;0.003206144;0.003390464;0.004140032;0.009674752;0.01733632;0.015396864000000001;0.037417983999999994;0.08336588799999999;0.138986496;0.163953664;0.19087667200000002;0.212425728;0.25638911999999997;0.29799833600000003;0.28769279999999997;0.110478336;0.13449318400000002;0.124143616;0.10699366399999999;0.12655104;0.08379596800000001;0.08859136;0.061093888;0.0605184;0.043601919999999995;0.048077824;0.056124415999999996;0.047377408;0.027481088;0.033974272;0.021062656;0.022692864;0.027670528000000003;0.019944448;0.024247295999999998;0.021531648;0.015936512;0.016012288000000003;0.016828416000000002;0.010375167999999999;0.006846464;0.0112896;0.011772928;0.011483136;0.009618432000000001;0.009206784;0.012131328;0.010601471999999999;0.008989696;0.007614464;0.0073728000000000005;0.009032704;0.009495551999999999;0.006678528;0.008430592;0.008228863999999999;0.007337984;0.006224896000000001;0.009071616;0.012179456;0.009686016;0.007999488;0.005984256;0.005224448;0.005220352;0.005211136;0.005623808;0.005665791999999999;0.0060856320000000005;0.006201344;0.005771264;0.004727808;0.0030750720000000003;0.001964032;0.003208192;0.0027648;0.002423808;0.002069504
1781889300,hdr,0.0293;0.03906;0.04883;0.05859;0.06836;0.07813;0.08789;0.09766;0.10742;0.11719;0.12695;0.13672;0.14648;0.15625;0.16602;0.17578;0.18555;0.19531;0.20508;0.21484;0.22461;0.23438;0.24414;0.25391;0.26367;0.27344;0.2832;0.29297;0.30273;0.3125;0.32227;0.33203;0.3418;0.35156;0.36133;0.37109;0.38086;0.39063;0.40039;0.41016;0.41992;0.42969;0.43945;0.44922;0.45898;0.46875;0.47852;0.48828;0.49805;0.50781;0.51758;0.52734;0.53711;0.54688;0.55664;0.56641;0.57617;0.58594;0.5957;0.60547;0.61523;0.625;0.63477;0.64453;0.6543;0.66406;0.67383;0.68359;0.69336;0.70313;0.71289;0.72266;0.73242;0.74219;0.75195;0.76172;0.77148;0.78125;0.79102,0.003728384;0.006467584000000001;0.007148544;0.007038976;0.0198656;0.014760960000000002;0.01653248;0.043665407999999996;0.060402687999999996;0.140841984;0.21228031999999997;0.179013632;0.178361344;0.140923904;0.094436352;0.135256064;0.092381184;0.094920704;0.200808448;0.13542604800000002;0.07689420800000002;0.082530304;0.09066086400000001;0.087873536;0.058079231999999995;0.0705792;0.09336934399999999;0.059109376;0.03106816;0.028973056;0.04034048;0.038779904000000004;0.032063488;0.015737856;0.022551552;0.023687168;0.017759232;0.0254976;0.022530048000000004;0.016586752;0.01519104;0.02338304;0.015722496;0.013991936000000002;0.009316352;0.012096512;0.015685631999999998;0.0113664;0.01118208;0.008656895999999999;0.00531968;0.0058019840000000005;0.007345152;0.008461312;0.008983551999999999;0.005327872;0.009885696;0.004920320000000001;0.005190656;0.005599232;0.007072768;0.0042014719999999995;0.004342784;0.004687871999999999;0.006352896;0.008484864;0.005311488;0.0039546880000000005;0.00491008;0.0053248;0.005058559999999999;0.003562496;0.004631552;0.002220032;0.002332672;0.003992576;0.0027156479999999998;0.002156544;0.002330624
1781890200,hdr,0.0293;0.03906;0.04883;0.05859;0.06836;0.07813;0.08789;0.09766;0.10742;0.11719;0.12695;0.13672;0.14648;0.15625;0.16602;0.17578;0.18555;0.19531;0.20508;0.21484;0.22461;0.23438;0.24414;0.25391;0.26367;0.27344;0.2832;0.29297;0.30273;0.3125;0.32227;0.33203;0.3418;0.35156;0.36133;0.37109;0.38086;0.39063;0.40039;0.41016;0.41992;0.42969;0.43945;0.44922;0.45898;0.46875;0.47852;0.48828;0.49805;0.50781;0.51758;0.52734;0.53711;0.54688;0.55664;0.56641;0.57617;0.58594;0.5957;0.60547;0.61523;0.625;0.63477;0.64453;0.6543;0.66406;0.67383;0.68359;0.69336;0.70313;0.71289;0.72266;0.73242;0.74219;0.75195;0.76172;0.77148;0.78125;0.79102,0.0033791999999999997;0.015601664;0.02256896;0.011068416;0.015972352000000002;0.018001919999999998;0.017755135999999998;0.044222464;0.136553472;0.13691289599999998;0.2847232;0.209446912;0.275659776;0.156045312;0.16082432000000002;0.169576448;0.080905216;0.080899072;0.0819968;0.12453376;0.115454976;0.10061004800000001;0.109713408;0.074405888;0.061927424;0.091949056;0.044805120000000004;0.044197888;0.06046208;0.051990528;0.041476096;0.028079104;0.026247167999999998;0.020554752;0.022248448;0.018060288;0.010210304;0.013538304;0.013089792;0.017040384;0.013133824;0.011812864;0.016850944;0.013462528;0.007266304;0.008757248000000002;0.007263232;0.007702528;0.008739839999999999;0.005185536;0.004614144;0.0070144000000000005;0.00691712;0.005701632;0.004195328;0.005096447999999999;0.008635392;0.008733695999999999;0.00772096;0.008052736;0.00768;0.006011904;0.004048896000000001;0.003733504;0.0040243200000000005;0.004440064;0.004089856;0.0054558720000000005;0.005424127999999999;0.003990528;0.0034652159999999997;0.0035686399999999997;0.003434496;0.0034754559999999996;0.0027811840000000003;0.002139136;0.002154496;0.00236544;0.00373248
1781891100,hdr,0.0293;0.03906;0.04883;0.05859;0.06836;0.07813;0.08789;0.09766;0.10742;0.11719;0.12695;0.13672;0.14648;0.15625;0.16602;0.17578;0.18555;0.19531;0.20508;0.21484;0.22461;0.23438;0.24414;0.25391;0.26367;0.27344;0.2832;0.29297;0.30273;0.3125;0.32227;0.33203;0.3418;0.35156;0.36133;0.37109;0.38086;0.39063;0.40039;0.41016;0.41992;0.42969;0.43945;0.44922;0.45898;0.46875;0.47852;0.48828;0.49805;0.50781;0.51758;0.52734;0.53711;0.54688;0.55664;0.56641;0.57617;0.58594;0.5957;0.60547;0.61523;0.625;0.63477;0.64453;0.6543;0.66406;0.67383;0.68359;0.69336;0.70313;0.71289;0.72266;0.73242;0.74219;0.75195;0.76172;0.77148;0.78125;0.79102,0.006404096000000001;0.019523584;0.022713344;0.006526976;0.010124288;0.007671808;0.01275392;0.053599232000000004;0.128371712;0.25193676800000003;0.260963328;0.20505088;0.2010112;0.222291968;0.21560012800000003;0.21964390399999997;0.14824959999999998;0.09018060800000001;0.08130048;0.153686016;0.15574937600000002;0.11926425600000001;0.101092352;0.07183769599999999;0.081478656;0.062716928;0.04457472;0.031200256000000003;0.027057151999999998;0.022546432;0.031731712;0.033932288;0.022473728000000002;0.023037952;0.027082752;0.02486784;0.01632768;0.017030144;0.018727936;0.011134976000000001;0.006009856;0.006457344;0.006293504000000001;0.009598976;0.009201663999999998;0.006245376;0.005775359999999999;0.007463936000000001;0.007502848;0.007184384;0.008727552;0.009177088;0.00602112;0.004197376;0.0046766080000000005;0.00690176;0.008904704;0.006553600000000001;0.005283839999999999;0.005110783999999999;0.007472128;0.006234112;0.003805184;0.005164032;0.006928384;0.00441856;0.002505728;0.003741696;0.004287487999999999;0.005528576;0.005379072;0.004081664;0.002960384;0.0024064;0.001938432;0.002712576;0.0036270079999999997;0.002535424;0.0020121600000000003
1781892000,hdr,0.0293;0.03906;0.04883;0.05859;0.06836;0.07813;0.08789;0.09766;0.10742;0.11719;0.12695;0.13672;0.14648;0.15625;0.16602;0.17578;0.18555;0.19531;0.20508;0.21484;0.22461;0.23438;0.24414;0.25391;0.26367;0.27344;0.2832;0.29297;0.30273;0.3125;0.32227;0.33203;0.3418;0.35156;0.36133;0.37109;0.38086;0.39063;0.40039;0.41016;0.41992;0.42969;0.43945;0.44922;0.45898;0.46875;0.47852;0.48828;0.49805;0.50781;0.51758;0.52734;0.53711;0.54688;0.55664;0.56641;0.57617;0.58594;0.5957;0.60547;0.61523;0.625;0.63477;0.64453;0.6543;0.66406;0.67383;0.68359;0.69336;0.70313;0.71289;0.72266;0.73242;0.74219;0.75195;0.76172;0.77148;0.78125;0.79102,0.007979008000000001;0.0047912960000000004;0.007227392;0.009398272000000001;0.009949184000000002;0.007183360000000001;0.01261056;0.041458688;0.101430272;0.175761408;0.20290048;0.16069529600000002;0.21151744;0.271522816;0.145775616;0.10710016;0.09286656000000001;0.142488576;0.133740544;0.106473472;0.09332019200000001;0.09657446400000001;0.096089088;0.076416;0.055451648;0.05273088;0.047926272;0.03550208;0.030637056;0.0265984;0.039503872;0.026427392;0.021465088;0.015737856;0.017765376;0.023256064;0.019111936000000003;0.021854208;0.014532608;0.011738111999999998;0.015048704000000001;0.015484928;0.013135872000000002;0.011762688;0.011911168;0.011426816000000001;0.010250239999999999;0.010303488;0.010250239999999999;0.0076032;0.005920768;0.005244928;0.005355520000000001;0.004396032;0.0044206079999999995;0.005435392;0.006298624;0.004976639999999999;0.0036474880000000004;0.005472255999999999;0.01030656;0.010549247999999999;0.005243904;0.003713024;0.004366336;0.003592192;0.004936704;0.006445056;0.006710272;0.0048711679999999995;0.002369536;0.0017377279999999998;0.0018513919999999999;0.0024104960000000003;0.002069504;0.0018595839999999998;0.0020858880000000006;0.003443712;0.001810432
1781892900,hdr,0.0293;0.03906;0.04883;0.05859;0.06836;0.07813;0.08789;0.09766;0.10742;0.11719;0.12695;0.13672;0.14648;0.15625;0.16602;0.17578;0.18555;0.19531;0.20508;0.21484;0.22461;0.23438;0.24414;0.25391;0.26367;0.27344;0.2832;0.29297;0.30273;0.3125;0.32227;0.33203;0.3418;0.35156;0.36133;0.37109;0.38086;0.39063;0.40039;0.41016;0.41992;0.42969;0.43945;0.44922;0.45898;0.46875;0.47852;0.48828;0.49805;0.50781;0.51758;0.52734;0.53711;0.54688;0.55664;0.56641;0.57617;0.58594;0.5957;0.60547;0.61523;0.625;0.63477;0.64453;0.6543;0.66406;0.67383;0.68359;0.69336;0.70313;0.71289;0.72266;0.73242;0.74219;0.75195;0.76172;0.77148;0.78125;0.79102,0.0057948159999999995;0.006777856;0.002902016;0.004825088;0.011752447999999999;0.011672575999999999;0.007687167999999999;0.043421695999999996;0.115180544;0.265821184;0.406124544;0.211608576;0.227780608;0.190425088;0.144372736;0.11864575999999999;0.14731161599999998;0.11344896;0.13762560000000001;0.12426854400000001;0.138626048;0.098569216;0.07676620800000002;0.096331776;0.068334592;0.05269913600000001;0.052218879999999995;0.03969638400000001;0.026566655999999998;0.030942208000000002;0.022976511999999998;0.023962624000000002;0.028843008000000003;0.017599488;0.011744256;0.015745024;0.020717568;0.017703935999999997;0.014616576000000001;0.011126784;0.006557696;0.009030656000000001;0.010326016;0.008441856;0.008972288;0.010416128;0.016427008000000003;0.013412352;0.012084224;0.011846655999999999;0.00999424;0.004764671999999999;0.0065218559999999995;0.009288704;0.008131583999999999;0.006803456;0.006580224;0.009282559999999999;0.009517056000000001;0.008800256;0.006587392000000001;0.00634368;0.005204992;0.005849088;0.004933632;0.0028927999999999996;0.003588096;0.005012480000000001;0.003931136;0.004273152;0.004227072;0.003889152;0.003540992;0.003670016;0.003074048;0.001826816;0.0021360640000000005;0.0022702079999999997;0.002116608
1781893800,hdr,0.0293;0.03906;0.04883;0.05859;0.06836;0.07813;0.08789;0.09766;0.10742;0.11719;0.12695;0.13672;0.14648;0.15625;0.16602;0.17578;0.18555;0.19531;0.20508;0.21484;0.22461;0.23438;0.24414;0.25391;0.26367;0.27344;0.2832;0.29297;0.30273;0.3125;0.32227;0.33203;0.3418;0.35156;0.36133;0.37109;0.38086;0.39063;0.40039;0.41016;0.41992;0.42969;0.43945;0.44922;0.45898;0.46875;0.47852;0.48828;0.49805;0.50781;0.51758;0.52734;0.53711;0.54688;0.55664;0.56641;0.57617;0.58594;0.5957;0.60547;0.61523;0.625;0.63477;0.64453;0.6543;0.66406;0.67383;0.68359;0.69336;0.70313;0.71289;0.72266;0.73242;0.74219;0.75195;0.76172;0.77148;0.78125;0.79102,0.003049472;0.011155455999999998;0.012297216;0.0068577280000000004;0.015515648000000002;0.013316096;0.012647424;0.06373580799999999;0.14366208000000003;0.207996928;0.250820608;0.242036736;0.17390796800000002;0.17574195199999998;0.157522944;0.09742336;0.080397312;0.06053068799999999;0.074409984;0.121447424;0.110176256;0.09356390399999999;0.059438080000000004;0.07938559999999999;0.062593024;0.044086272;0.058940415999999995;0.059954176;0.047327232000000004;0.054906880000000005;0.031371263999999996;0.022198272;0.024626176;0.024726527999999998;0.017779712;0.017200128000000002;0.017467391999999998;0.017321984000000002;0.016169984000000002;0.009278464;0.00936448;0.010754047999999999;0.01237504;0.015036415999999999;0.011817983999999998;0.0094208;0.010016768;0.009756672000000001;0.009042943999999999;0.00989184;0.007283712;0.009739264000000001;0.0085248;0.007914496;0.007349248000000001;0.007078912000000001;0.009109504;0.010276864;0.011681792;0.009266176;0.005787648;0.007406592;0.007397376;0.007202816000000001;0.00751616;0.006950911999999999;0.004851712;0.004301823999999999;0.004287487999999999;0.003629056;0.002722816;0.003125248;0.0037662719999999998;0.003411968;0.003308544;0.003726336;0.003024896;0.0017152;0.002276352
1781894700,hdr,0.0293;0.03906;0.04883;0.05859;0.06836;0.07813;0.08789;0.09766;0.10742;0.11719;0.12695;0.13672;0.14648;0.15625;0.16602;0.17578;0.18555;0.19531;0.20508;0.21484;0.22461;0.23438;0.24414;0.25391;0.26367;0.27344;0.2832;0.29297;0.30273;0.3125;0.32227;0.33203;0.3418;0.35156;0.36133;0.37109;0.38086;0.39063;0.40039;0.41016;0.41992;0.42969;0.43945;0.44922;0.45898;0.46875;0.47852;0.48828;0.49805;0.50781;0.51758;0.52734;0.53711;0.54688;0.55664;0.56641;0.57617;0.58594;0.5957;0.60547;0.61523;0.625;0.63477;0.64453;0.6543;0.66406;0.67383;0.68359;0.69336;0.70313;0.71289;0.72266;0.73242;0.74219;0.75195;0.76172;0.77148;0.78125;0.79102,0.000545792;0.004727808;0.008732672;0.0071362560000000005;0.006682624;0.008092672;0.006678528;0.040739840000000006;0.132107264;0.337040384;0.299523072;0.330360832;0.253892608;0.22396928;0.16089088000000001;0.128205824;0.122821632;0.06825984;0.08969011199999999;0.072072192;0.08794726400000001;0.066357248;0.065492992;0.060084224;0.08297779199999998;0.06912716799999999;0.03534336;0.025480192;0.035546112;0.02860032;0.02449408;0.024398848;0.021730304;0.022848511999999998;0.034810879999999995;0.024199168;0.014538752;0.01169408;0.013512704;0.014537728;0.020257791999999997;0.02025984;0.009769983999999999;0.00598016;0.010851328000000002;0.011336704;0.007168;0.011640832;0.010386432;0.005971968000000001;0.0072386559999999996;0.006480896000000001;0.006914048;0.005656576;0.0051599359999999995;0.0048128;0.0070891520000000005;0.006121471999999999;0.008155136;0.00870912;0.007322624;0.00763904;0.0076994559999999995;0.00695296;0.00642048;0.009148416;0.0066959359999999996;0.005849088;0.0057077759999999995;0.004773888;0.00316416;0.003279872;0.00377856;0.0040796159999999995;0.003877888;0.003267584;0.002724864;0.001253376;0.0023511039999999997
1781895600,hdr,0.0293;0.03906;0.04883;0.05859;0.06836;0.07813;0.08789;0.09766;0.10742;0.11719;0.12695;0.13672;0.14648;0.15625;0.16602;0.17578;0.18555;0.19531;0.20508;0.21484;0.22461;0.23438;0.24414;0.25391;0.26367;0.27344;0.2832;0.29297;0.30273;0.3125;0.32227;0.33203;0.3418;0.35156;0.36133;0.37109;0.38086;0.39063;0.40039;0.41016;0.41992;0.42969;0.43945;0.44922;0.45898;0.46875;0.47852;0.48828;0.49805;0.50781;0.51758;0.52734;0.53711;0.54688;0.55664;0.56641;0.57617;0.58594;0.5957;0.60547;0.61523;0.625;0.63477;0.64453;0.6543;0.66406;0.67383;0.68359;0.69336;0.70313;0.71289;0.72266;0.73242;0.74219;0.75195;0.76172;0.77148;0.78125;0.79102,0.012114943999999999;0.012780544000000001;0.009472;0.009378816;0.014714880000000001;0.018130944;0.013782016;0.052436992;0.131030016;0.23809740799999998;0.35590246400000003;0.29661696000000004;0.17748582400000001;0.180072448;0.12652032;0.104242176;0.08007475200000001;0.063891456;0.078987264;0.080303104;0.10936831999999999;0.09261056000000001;0.063659008;0.04179968;0.055747584;0.043934720000000003;0.040877056;0.035460095999999997;0.025545728;0.0163584;0.030002176;0.031357952;0.032060415999999994;0.026913792000000002;0.018653184;0.013499392;0.012269568;0.013968384;0.015397888;0.016074752;0.010660863999999999;0.012827647999999999;0.010112;0.013700096;0.016753664;0.01148416;0.00968192;0.012243968000000001;0.009260032000000001;0.007084032;0.007865344;0.009598976;0.008914944;0.011428864000000002;0.008685568;0.004635648;0.004202496;0.0047564799999999996;0.006358016;0.007663616;0.006504448;0.004125696;0.005972991999999999;0.008813567999999999;0.0070092800000000005;0.006214656;0.004306943999999999;0.00404992;0.003554304;0.004378624000000001;0.005990400000000001;0.0038174719999999997;0.002489344;0.002619392;0.002494464;0.002044928;0.002817024;0.0032460799999999997;0.0020910079999999997
1781896500,hdr,0.0293;0.03906;0.04883;0.05859;0.06836;0.07813;0.08789;0.09766;0.10742;0.11719;0.12695;0.13672;0.14648;0.15625;0.16602;0.17578;0.18555;0.19531;0.20508;0.21484;0.22461;0.23438;0.24414;0.25391;0.26367;0.27344;0.2832;0.29297;0.30273;0.3125;0.32227;0.33203;0.3418;0.35156;0.36133;0.37109;0.38086;0.39063;0.40039;0.41016;0.41992;0.42969;0.43945;0.44922;0.45898;0.46875;0.47852;0.48828;0.49805;0.50781;0.51758;0.52734;0.53711;0.54688;0.55664;0.56641;0.57617;0.58594;0.5957;0.60547;0.61523;0.625;0.63477;0.64453;0.6543;0.66406;0.67383;0.68359;0.69336;0.70313;0.71289;0.72266;0.73242;0.74219;0.75195;0.76172;0.77148;0.78125;0.79102,0.005199872;0.010635263999999998;0.009268224;0.0070297599999999995;0.01189376;0.012981248;0.011654144;0.025915392;0.152254464;0.279241728;0.3094016;0.202135552;0.146840576;0.161859584;0.098922496;0.068975616;0.084257792;0.075962368;0.057507840000000005;0.047007744000000004;0.053301248;0.042160128;0.047572992;0.06731776;0.0571392;0.045034496;0.040257536000000003;0.047966207999999996;0.048202751999999995;0.035838976;0.018279424;0.026699776;0.03008;0.020324352000000004;0.013864959999999999;0.011402240000000001;0.013022207999999999;0.014443519999999998;0.012555264;0.014387200000000001;0.014675968;0.011189247999999999;0.012306431999999999;0.015645696;0.012486656;0.0118016;0.008303616;0.0058316800000000005;0.008933376;0.012090368;0.011849728;0.0078848;0.00832;0.007202816000000001;0.004656128;0.005012480000000001;0.004558848;0.005338112;0.006974464;0.008036352;0.006126591999999999;0.00660992;0.004466688;0.003634176;0.00335872;0.003540992;0.0037632;0.004327424;0.003613696;0.00239616;0.0024309759999999996;0.003408896;0.0030863360000000003;0.003427328;0.002215936;0.0024145919999999997;0.002578432;0.001721344;0.001647616
1781897400,hdr,0.0293;0.03906;0.04883;0.05859;0.06836;0.07813;0.08789;0.09766;0.10742;0.11719;0.12695;0.13672;0.14648;0.15625;0.16602;0.17578;0.18555;0.19531;0.20508;0.21484;0.22461;0.23438;0.24414;0.25391;0.26367;0.27344;0.2832;0.29297;0.30273;0.3125;0.32227;0.33203;0.3418;0.35156;0.36133;0.37109;0.38086;0.39063;0.40039;0.41016;0.41992;0.42969;0.43945;0.44922;0.45898;0.46875;0.47852;0.48828;0.49805;0.50781;0.51758;0.52734;0.53711;0.54688;0.55664;0.56641;0.57617;0.58594;0.5957;0.60547;0.61523;0.625;0.63477;0.64453;0.6543;0.66406;0.67383;0.68359;0.69336;0.70313;0.71289;0.72266;0.73242;0.74219;0.75195;0.76172;0.77148;0.78125;0.79102,0.00363008;0.00887808;0.0128512;0.006552576;0.0066457600000000006;0.017052672;0.021378048;0.048930816;0.14870528;0.217100288;0.1504768;0.15887462400000002;0.18046976;0.149041152;0.136940544;0.115970048;0.09784319999999999;0.074563584;0.063236096;0.062930944;0.07891456;0.10313216;0.08841216;0.060291072;0.061029375999999996;0.052676608;0.046470144;0.048894976;0.049384448;0.033036288000000004;0.016906240000000003;0.015098879999999999;0.013508608;0.019975168;0.02186752;0.01779712;0.011459583999999998;0.009614336;0.021865472;0.015934464;0.014647296;0.007618560000000001;0.00969216;0.008788992;0.009576447999999998;0.008691712;0.010203136;0.008453120000000001;0.005364736;0.005815296;0.00418304;0.005684224;0.005605376;0.0066734080000000005;0.00397824;0.003411968;0.0040765440000000005;0.004586496;0.004278272;0.004087808;0.003064832;0.0024709120000000005;0.0046295039999999996;0.00673792;0.005470208000000001;0.0035072000000000002;0.0027648;0.004599808;0.00369152;0.0030781439999999997;0.004007936;0.004087808;0.0022394880000000004;0.002890752;0.001870848;0.0008468480000000001;0.0017725439999999998;0.0020418560000000003;0.002062336
1781898300,hdr,0.0293;0.03906;0.04883;0.05859;0.06836;0.07813;0.08789;0.09766;0.10742;0.11719;0.12695;0.13672;0.14648;0.15625;0.16602;0.17578;0.18555;0.19531;0.20508;0.21484;0.22461;0.23438;0.24414;0.25391;0.26367;0.27344;0.2832;0.29297;0.30273;0.3125;0.32227;0.33203;0.3418;0.35156;0.36133;0.37109;0.38086;0.39063;0.40039;0.41016;0.41992;0.42969;0.43945;0.44922;0.45898;0.46875;0.47852;0.48828;0.49805;0.50781;0.51758;0.52734;0.53711;0.54688;0.55664;0.56641;0.57617;0.58594;0.5957;0.60547;0.61523;0.625;0.63477;0.64453;0.6543;0.66406;0.67383;0.68359;0.69336;0.70313;0.71289;0.72266;0.73242;0.74219;0.75195;0.76172;0.77148;0.78125;0.79102,0.00505344;0.011369472;0.013095935999999999;0.008829952;0.009760768;0.017876992;0.011830272000000001;0.05309132799999999;0.16529305600000002;0.25221632;0.216838144;0.17783193600000002;0.24884838400000003;0.15568384;0.093504512;0.11711488;0.11079270399999999;0.08784383999999999;0.101701632;0.07099392;0.032889856;0.05039103999999999;0.081705984;0.06258688;0.049937407999999996;0.049302528000000005;0.030150656;0.029192192;0.029154304;0.030087167999999997;0.026274816000000003;0.019406848;0.024416256;0.019575807999999997;0.017902592;0.016190463999999998;0.013146112000000001;0.01121792;0.011846655999999999;0.011680768;0.008207359999999999;0.014527488;0.007932928;0.004450304;0.006002688;0.005351424;0.00474624;0.0057948159999999995;0.007007232;0.00517632;0.004723712;0.006100992;0.0057999359999999995;0.004232192;0.004276224;0.004571136000000001;0.0053340160000000005;0.004459520000000001;0.0037375999999999998;0.0031324160000000003;0.0041113600000000005;0.0029491200000000004;0.002792448;0.003308544;0.0031938559999999997;0.003160064;0.002614272;0.0019517439999999998;0.0028764159999999997;0.003621888;0.0052541440000000005;0.0037345280000000004;0.002655232;0.001707008;0.001723392;0.0014274560000000001;0.0011755519999999998;0.001242112;0.001138688
1781899200,hdr,0.0293;0.03906;0.04883;0.05859;0.06836;0.07813;0.08789;0.09766;0.10742;0.11719;0.12695;0.13672;0.14648;0.15625;0.16602;0.17578;0.18555;0.19531;0.20508;0.21484;0.22461;0.23438;0.24414;0.25391;0.26367;0.27344;0.2832;0.29297;0.30273;0.3125;0.32227;0.33203;0.3418;0.35156;0.36133;0.37109;0.38086;0.39063;0.40039;0.41016;0.41992;0.42969;0.43945;0.44922;0.45898;0.46875;0.47852;0.48828;0.49805;0.50781;0.51758;0.52734;0.53711;0.54688;0.55664;0.56641;0.57617;0.58594;0.5957;0.60547;0.61523;0.625;0.63477;0.64453;0.6543;0.66406;0.67383;0.68359;0.69336;0.70313;0.71289;0.72266;0.73242;0.74219;0.75195;0.76172;0.77148;0.78125;0.79102,0.0104448;0.009164799999999999;0.011270144000000001;0.008030208;0.017553408;0.028125184;0.016423936;0.040404992;0.129967104;0.29199462400000004;0.298897408;0.19709337600000001;0.139762688;0.125357056;0.164112384;0.146820096;0.074016768;0.056840192000000005;0.052641792;0.045379584;0.050915328;0.072753152;0.054084608;0.037562368;0.039660544;0.032896;0.041432064;0.035854336;0.025169920000000002;0.023015424;0.030738432;0.029643775999999997;0.018771968;0.018200576;0.018067456;0.016649216;0.010044415999999999;0.011394047999999999;0.009198592;0.00910848;0.006116352;0.008516608;0.007827456;0.006059008000000001;0.005935104;0.007036928;0.006964224;0.0058347519999999995;0.005670912;0.006270975999999999;0.006385664000000001;0.005474304;0.003417088;0.003216384;0.003319808;0.0036608;0.002295808;0.003483648;0.0038144;0.0053248;0.005414912;0.003505152;0.005044224;0.005014528;0.004247552;0.004335616;0.004097024;0.003180544;0.003803136;0.004388863999999999;0.002952192;0.004274175999999999;0.0021043200000000002;0.0022784000000000003;0.0023203839999999996;0.0028600319999999998;0.0034385919999999994;0.0025262080000000003;0.0021606399999999997
1781900100,hdr,0.0293;0.03906;0.04883;0.05859;0.06836;0.07813;0.08789;0.09766;0.10742;0.11719;0.12695;0.13672;0.14648;0.15625;0.16602;0.17578;0.18555;0.19531;0.20508;0.21484;0.22461;0.23438;0.24414;0.25391;0.26367;0.27344;0.2832;0.29297;0.30273;0.3125;0.32227;0.33203;0.3418;0.35156;0.36133;0.37109;0.38086;0.39063;0.40039;0.41016;0.41992;0.42969;0.43945;0.44922;0.45898;0.46875;0.47852;0.48828;0.49805;0.50781;0.51758;0.52734;0.53711;0.54688;0.55664;0.56641;0.57617;0.58594;0.5957;0.60547;0.61523;0.625;0.63477;0.64453;0.6543;0.66406;0.67383;0.68359;0.69336;0.70313;0.71289;0.72266;0.73242;0.74219;0.75195;0.76172;0.77148;0.78125;0.79102,0.005696512000000001;0.007636992;0.006499328;0.00828416;0.015202304;0.028461056000000002;0.020348928;0.042658816;0.21993881599999998;0.425051136;0.30935039999999997;0.25413632;0.23167488;0.15842304;0.11761971200000002;0.09943551999999999;0.08150015999999999;0.07424512;0.100051968;0.080093184;0.03545804799999999;0.041220096;0.047217664;0.05755289599999999;0.035982336;0.021338111999999996;0.030107648;0.045545472;0.033744896;0.025204736000000002;0.024992768;0.023208960000000004;0.019177472;0.012602368000000001;0.016788479999999998;0.016397311999999997;0.009828352;0.007444480000000001;0.008973312;0.01135616;0.009819136000000001;0.0084992;0.006640640000000001;0.010359808;0.011185152;0.007742464;0.00659968;0.004464640000000001;0.004570112;0.006879232;0.005018624;0.003714048;0.004084736;0.004652032;0.003487744;0.003068928;0.0029952000000000004;0.003557376;0.0034826239999999997;0.003745792;0.0026286079999999997;0.0033300480000000004;0.003981312;0.0030033919999999997;0.003293184;0.003679232;0.002654208;0.0036024319999999996;0.0022241279999999997;0.00344576;0.003373056;0.003344384;0.004384768;0.003318784;0.003355648;0.004255744;0.002816;0.002159616;0.002825216
1781901000,hdr,0.0293;0.03906;0.04883;0.05859;0.06836;0.07813;0.08789;0.09766;0.10742;0.11719;0.12695;0.13672;0.14648;0.15625;0.16602;0.17578;0.18555;0.19531;0.20508;0.21484;0.22461;0.23438;0.24414;0.25391;0.26367;0.27344;0.2832;0.29297;0.30273;0.3125;0.32227;0.33203;0.3418;0.35156;0.36133;0.37109;0.38086;0.39063;0.40039;0.41016;0.41992;0.42969;0.43945;0.44922;0.45898;0.46875;0.47852;0.48828;0.49805;0.50781;0.51758;0.52734;0.53711;0.54688;0.55664;0.56641;0.57617;0.58594;0.5957;0.60547;0.61523;0.625;0.63477;0.64453;0.6543;0.66406;0.67383;0.68359;0.69336;0.70313;0.71289;0.72266;0.73242;0.74219;0.75195;0.76172;0.77148;0.78125;0.79102,0.003236864;0.009541632;0.011659264;0.0064256;0.005701632;0.010428416000000001;0.024034304;0.066393088;0.139672576;0.22369382399999999;0.24518246400000002;0.231892992;0.196885504;0.15122739200000002;0.08440627199999999;0.060402687999999996;0.044832768;0.039335935999999995;0.047903744000000005;0.030978048;0.050459648;0.065974272;0.064361472;0.067228672;0.060818432;0.052248576;0.049178624;0.040897536;0.013441024000000001;0.016218112;0.019749888;0.013142016;0.012268544;0.01551872;0.014641152;0.015125504;0.015537152;0.013371392;0.014013439999999999;0.007374848;0.006491136000000001;0.00508416;0.00822784;0.013147136;0.009148416;0.006889472;0.008269824;0.007792639999999999;0.006203391999999999;0.006537216;0.006079487999999999;0.007647232;0.007354368;0.007929855999999999;0.007737344;0.005640192;0.005630976;0.005117952;0.005399551999999999;0.004978688;0.004905984;0.005957632000000001;0.005960704;0.0058122239999999995;0.003709952;0.00387072;0.0051599359999999995;0.004909055999999999;0.003596288;0.002306048;0.002188288;0.00158208;0.002952192;0.0030781439999999997;0.00300544;0.0020736;0.0016138239999999998;0.0021268479999999998;0.002972672
1781901900,hdr,0.0293;0.03906;0.04883;0.05859;0.06836;0.07813;0.08789;0.09766;0.10742;0.11719;0.12695;0.13672;0.14648;0.15625;0.16602;0.17578;0.18555;0.19531;0.20508;0.21484;0.22461;0.23438;0.24414;0.25391;0.26367;0.27344;0.2832;0.29297;0.30273;0.3125;0.32227;0.33203;0.3418;0.35156;0.36133;0.37109;0.38086;0.39063;0.40039;0.41016;0.41992;0.42969;0.43945;0.44922;0.45898;0.46875;0.47852;0.48828;0.49805;0.50781;0.51758;0.52734;0.53711;0.54688;0.55664;0.56641;0.57617;0.58594;0.5957;0.60547;0.61523;0.625;0.63477;0.64453;0.6543;0.66406;0.67383;0.68359;0.69336;0.70313;0.71289;0.72266;0.73242;0.74219;0.75195;0.76172;0.77148;0.78125;0.79102,0.0028999679999999997;0.008768512;0.010212352;0.005873664;0.011574272;0.021700608;0.024543232;0.028976128;0.095768576;0.33485619200000005;0.383396864;0.26623078400000005;0.186673152;0.09822208;0.079922176;0.053105664;0.06886809599999999;0.056967168;0.051753984;0.046998528;0.034359296000000004;0.041501696000000005;0.038040576;0.043913216;0.062374912000000005;0.048055296000000004;0.033528832;0.034637824;0.028004352000000003;0.018189312000000003;0.016758784;0.014824448;0.015292416;0.010236928;0.006968320000000001;0.011739136;0.008639487999999999;0.006916095999999999;0.008758272;0.010221567999999999;0.008966144;0.006393856000000001;0.005082112;0.0053043199999999995;0.005193728;0.005850112;0.007468032;0.008512511999999998;0.0060672;0.004141056;0.003877888;0.004416512;0.005169152;0.005556224;0.00427008;0.00466432;0.0044052480000000005;0.004207616;0.00498176;0.003165184;0.002919424;0.002799616;0.0034048;0.005183487999999999;0.00404992;0.0037591039999999997;0.004047872;0.0041267199999999995;0.003214336;0.00360448;0.004005887999999999;0.004726784;0.002806784;0.0026695679999999998;0.002197504;0.0019712;0.002086912;0.002572288;0.0024872960000000004
1781903700,hdr,0.0293;0.03906;0.04883;0.05859;0.06836;0.07813;0.08789;0.09766;0.10742;0.11719;0.12695;0.13672;0.14648;0.15625;0.16602;0.17578;0.18555;0.19531;0.20508;0.21484;0.22461;0.23438;0.24414;0.25391;0.26367;0.27344;0.2832;0.29297;0.30273;0.3125;0.32227;0.33203;0.3418;0.35156;0.36133;0.37109;0.38086;0.39063;0.40039;0.41016;0.41992;0.42969;0.43945;0.44922;0.45898;0.46875;0.47852;0.48828;0.49805;0.50781;0.51758;0.52734;0.53711;0.54688;0.55664;0.56641;0.57617;0.58594;0.5957;0.60547;0.61523;0.625;0.63477;0.64453;0.6543;0.66406;0.67383;0.68359;0.69336;0.70313;0.71289;0.72266;0.73242;0.74219;0.75195;0.76172;0.77148;0.78125;0.79102,0.008189952;0.015944704;0.013686784;0.007036928;0.017087488;0.037000191999999994;0.02949632;0.027793408;0.10008780799999999;0.169904128;0.18479923199999998;0.160319488;0.13527551999999998;0.11581849599999999;0.13746483199999998;0.102531072;0.052791296;0.046918655999999996;0.038112256000000004;0.04347392;0.051266559999999996;0.043895808;0.043437055999999995;0.04622336;0.048080896;0.046481408;0.024865791999999998;0.033472512;0.024477696;0.024940544;0.01575936;0.008904704;0.009294848;0.013462528;0.011450367999999999;0.008667135999999999;0.007950336;0.005932032;0.005997568;0.005517312000000001;0.006660096000000001;0.005753856;0.0060385280000000005;0.007310336000000001;0.006856704;0.005953536;0.006012928;0.005001216;0.005112832;0.005039104;0.006951936;0.006624256;0.007240704;0.007828479999999999;0.004770816;0.003779584;0.003965952;0.004236288;0.004372480000000001;0.0039649279999999995;0.002857984;0.001714176;0.0028221440000000004;0.004443136;0.002605056;0.00290816;0.0035706880000000002;0.0035860479999999997;0.004020223999999999;0.004800512000000001;0.003366912;0.0027279360000000002;0.002244608;0.0022528;0.002358272;0.001963008;0.0014376960000000002;0.0018800639999999999;0.00154624
1781904600,hdr,0.0293;0.03906;0.04883;0.05859;0.06836;0.07813;0.08789;0.09766;0.10742;0.11719;0.12695;0.13672;0.14648;0.15625;0.16602;0.17578;0.18555;0.19531;0.20508;0.21484;0.22461;0.23438;0.24414;0.25391;0.26367;0.27344;0.2832;0.29297;0.30273;0.3125;0.32227;0.33203;0.3418;0.35156;0.36133;0.37109;0.38086;0.39063;0.40039;0.41016;0.41992;0.42969;0.43945;0.44922;0.45898;0.46875;0.47852;0.48828;0.49805;0.50781;0.51758;0.52734;0.53711;0.54688;0.55664;0.56641;0.57617;0.58594;0.5957;0.60547;0.61523;0.625;0.63477;0.64453;0.6543;0.66406;0.67383;0.68359;0.69336;0.70313;0.71289;0.72266;0.73242;0.74219;0.75195;0.76172;0.77148;0.78125;0.79102,0.009645056;0.028838912;0.024834047999999997;0.007322624;0.00405504;0.019067904;0.03234304;0.037697536;0.066441216;0.195984384;0.260168704;0.255725568;0.334437376;0.19019264000000002;0.12539187200000002;0.09783193600000001;0.061517824;0.05300736;0.059567104;0.057945088;0.042621952;0.03299020800000001;0.04096;0.024864768;0.023191552000000004;0.054131712;0.052924415999999995;0.025630720000000003;0.029739007999999997;0.026616832;0.028502015999999998;0.022626304;0.01440256;0.011266047999999999;0.012521472;0.015041536;0.014460928;0.008617984;0.008662016;0.007882752;0.006976512;0.004438016;0.004421632;0.005190656;0.004274175999999999;0.0034304;0.005364736;0.00486912;0.004276224;0.004319232;0.004456448;0.004936704;0.00326144;0.0032501760000000005;0.0037386240000000003;0.003900416;0.003551232;0.003058688;0.0034816;0.0026398719999999997;0.0018042879999999998;0.0023347199999999998;0.0032604160000000004;0.0025384959999999995;0.0020654080000000003;0.000825344;0.001078272;0.0017674240000000003;0.0023173119999999998;0.002601984;0.002020352;0.00230912;0.0027095039999999997;0.003393536;0.002373632;0.00168448;0.0009943039999999999;0.001731584;0.002048
1781905500,hdr,0.0293;0.03906;0.04883;0.05859;0.06836;0.07813;0.08789;0.09766;0.10742;0.11719;0.12695;0.13672;0.14648;0.15625;0.16602;0.17578;0.18555;0.19531;0.20508;0.21484;0.22461;0.23438;0.24414;0.25391;0.26367;0.27344;0.2832;0.29297;0.30273;0.3125;0.32227;0.33203;0.3418;0.35156;0.36133;0.37109;0.38086;0.39063;0.40039;0.41016;0.41992;0.42969;0.43945;0.44922;0.45898;0.46875;0.47852;0.48828;0.49805;0.50781;0.51758;0.52734;0.53711;0.54688;0.55664;0.56641;0.57617;0.58594;0.5957;0.60547;0.61523;0.625;0.63477;0.64453;0.6543;0.66406;0.67383;0.68359;0.69336;0.70313;0.71289;0.72266;0.73242;0.74219;0.75195;0.76172;0.77148;0.78125;0.79102,0.006782976;0.005505024;0.008892416000000002;0.008460288;0.013459456;0.024202239999999996;0.036752384;0.046168064;0.101584896;0.149977088;0.223932416;0.218657792;0.14316032;0.180998144;0.117875712;0.07397273600000001;0.069083136;0.054306816;0.041416704000000006;0.029837312;0.02404352;0.025870336000000004;0.030901248;0.057814016;0.041887744;0.034309120000000005;0.034648064;0.034061311999999996;0.023896063999999998;0.020662272000000002;0.015604736000000001;0.01732608;0.021018624;0.013201408000000001;0.01063424;0.014180351999999998;0.008855552;0.008981504;0.005231616;0.006484992;0.010185728;0.006905856;0.006492159999999999;0.005310464;0.0044677119999999996;0.004857856;0.007011328;0.005594112;0.0032430080000000003;0.004255744;0.003946496;0.0035788799999999996;0.00373248;0.003574784;0.0028672;0.0046991360000000005;0.0041512960000000005;0.0034959360000000003;0.0033720319999999996;0.001682432;0.0023941119999999995;0.002204672;0.0029839359999999995;0.0032819200000000002;0.002809856;0.002226176;0.0028426239999999998;0.004581375999999999;0.0026398719999999997;0.001519616;0.001654784;0.002179072;0.0020162559999999997;0.002229248;0.001634304;0.001611776;0.001432576;0.0009441279999999999;0.0017326079999999998
1781906400,hdr,0.0293;0.03906;0.04883;0.05859;0.06836;0.07813;0.08789;0.09766;0.10742;0.11719;0.12695;0.13672;0.14648;0.15625;0.16602;0.17578;0.18555;0.19531;0.20508;0.21484;0.22461;0.23438;0.24414;0.25391;0.26367;0.27344;0.2832;0.29297;0.30273;0.3125;0.32227;0.33203;0.3418;0.35156;0.36133;0.37109;0.38086;0.39063;0.40039;0.41016;0.41992;0.42969;0.43945;0.44922;0.45898;0.46875;0.47852;0.48828;0.49805;0.50781;0.51758;0.52734;0.53711;0.54688;0.55664;0.56641;0.57617;0.58594;0.5957;0.60547;0.61523;0.625;0.63477;0.64453;0.6543;0.66406;0.67383;0.68359;0.69336;0.70313;0.71289;0.72266;0.73242;0.74219;0.75195;0.76172;0.77148;0.78125;0.79102,0.005049344;0.011862016000000001;0.011241472;0.00626176;0.017330176000000003;0.023469056;0.012480512;0.021165056;0.138579968;0.222375936;0.16618393599999998;0.14884352;0.188696576;0.1308416;0.11131392;0.068573184;0.043138048;0.033483776;0.045423616;0.045410304;0.048941056000000004;0.05673062399999999;0.04051558399999999;0.042791936;0.040835072;0.04258508799999999;0.03853824000000001;0.031290368;0.017819648;0.012688384;0.018205696;0.017820672;0.008771584;0.007584768;0.008323072;0.009142272000000002;0.008701952;0.011402240000000001;0.00656896;0.006592512;0.009831424;0.00905216;0.006011904;0.0065464320000000005;0.006596608;0.008241152;0.005311488;0.0050104319999999996;0.005442560000000001;0.006221824;0.007990272;0.0051722240000000004;0.004727808;0.005462016000000001;0.006054912;0.005863424;0.0048660479999999996;0.005409792;0.005409792;0.004153344;0.003245056;0.00489472;0.004477952;0.0036823039999999995;0.0024156159999999998;0.002374656;0.002753536;0.002509824;0.001770496;0.0017623040000000001;0.002015232;0.002102272;0.00347648;0.003857408;0.0030607359999999997;0.002386944;0.0027351040000000004;0.002494464;0.001302528
1781907300,hdr,0.0293;0.03906;0.04883;0.05859;0.06836;0.07813;0.08789;0.09766;0.10742;0.11719;0.12695;0.13672;0.14648;0.15625;0.16602;0.17578;0.18555;0.19531;0.20508;0.21484;0.22461;0.23438;0.24414;0.25391;0.26367;0.27344;0.2832;0.29297;0.30273;0.3125;0.32227;0.33203;0.3418;0.35156;0.36133;0.37109;0.38086;0.39063;0.40039;0.41016;0.41992;0.42969;0.43945;0.44922;0.45898;0.46875;0.47852;0.48828;0.49805;0.50781;0.51758;0.52734;0.53711;0.54688;0.55664;0.56641;0.57617;0.58594;0.5957;0.60547;0.61523;0.625;0.63477;0.64453;0.6543;0.66406;0.67383;0.68359;0.69336;0.70313;0.71289;0.72266;0.73242;0.74219;0.75195;0.76172;0.77148;0.78125;0.79102,0.0058992639999999995;0.009235455999999998;0.014718975999999998;0.012506112;0.013496320000000001;0.046342144;0.03211673600000001;0.025394176000000004;0.06997504;0.16582451199999998;0.17463091199999997;0.131917824;0.151166976;0.152260608;0.137125888;0.09612902400000001;0.060765184;0.056216576000000004;0.03719577600000001;0.033011712;0.034712576;0.03706368;0.037704704;0.043986944;0.045209599999999996;0.03963392;0.040708096;0.029817856;0.017660928;0.015977472;0.015008768;0.006573056000000001;0.006944768;0.00802816;0.010229760000000001;0.013083648000000002;0.009975808000000001;0.004832256;0.0057896959999999996;0.006428672;0.0052019200000000005;0.005200896000000001;0.006614016;0.006341632;0.00670208;0.009368575999999998;0.008143872;0.008124416;0.007954431999999999;0.00638976;0.005535744;0.006135808;0.005400576;0.004452352;0.007020544;0.0067481600000000004;0.00540672;0.006511616;0.0059340799999999996;0.004462592;0.0026449919999999997;0.005270527999999999;0.005269504000000001;0.004933632;0.004221952;0.004031488000000001;0.002909184;0.004425728;0.004557824;0.0028672;0.003982336;0.003161088;0.0023439359999999996;0.003546112;0.003209216;0.001374208;0.002117632;0.0025077759999999998;0.002107392
1781908200,hdr,0.0293;0.03906;0.04883;0.05859;0.06836;0.07813;0.08789;0.09766;0.10742;0.11719;0.12695;0.13672;0.14648;0.15625;0.16602;0.17578;0.18555;0.19531;0.20508;0.21484;0.22461;0.23438;0.24414;0.25391;0.26367;0.27344;0.2832;0.29297;0.30273;0.3125;0.32227;0.33203;0.3418;0.35156;0.36133;0.37109;0.38086;0.39063;0.40039;0.41016;0.41992;0.42969;0.43945;0.44922;0.45898;0.46875;0.47852;0.48828;0.49805;0.50781;0.51758;0.52734;0.53711;0.54688;0.55664;0.56641;0.57617;0.58594;0.5957;0.60547;0.61523;0.625;0.63477;0.64453;0.6543;0.66406;0.67383;0.68359;0.69336;0.70313;0.71289;0.72266;0.73242;0.74219;0.75195;0.76172;0.77148;0.78125;0.79102,0.010913792000000002;0.022363136000000002;0.022362112;0.017013760000000003;0.010595328;0.016518144000000002;0.016681984;0.029002752;0.09036390400000001;0.197692416;0.22092390399999998;0.16092876799999997;0.11760128;0.14694502399999998;0.109868032;0.091799552;0.071816192;0.06585139200000001;0.042133504;0.025610240000000003;0.021286912;0.024346624;0.039793664;0.05901312;0.030834688;0.015307776;0.013727743999999998;0.012225536;0.017101824;0.017369088;0.016036864;0.012082176000000002;0.007846912;0.00803328;0.0059648;0.005265407999999999;0.007524352000000001;0.007036928;0.006687744000000001;0.004512768;0.006016;0.006626304;0.006752256;0.0072038399999999995;0.006158336;0.007067648;0.006931456;0.008059904;0.005624832;0.005630976;0.005701632;0.00406528;0.005297152;0.004354048;0.00547328;0.00592896;0.005153792000000001;0.0033105920000000002;0.003298304;0.002592768;0.002028544;0.00230912;0.003150848;0.0044922880000000005;0.003798016;0.00196096;0.0018237440000000002;0.0025456639999999996;0.003298304;0.0026419199999999994;0.00265728;0.002280448;0.002026496;0.002371584;0.00151552;0.001534976;0.00231424;0.0021913600000000003;0.002038784
1781909100,hdr,0.0293;0.03906;0.04883;0.05859;0.06836;0.07813;0.08789;0.09766;0.10742;0.11719;0.12695;0.13672;0.14648;0.15625;0.16602;0.17578;0.18555;0.19531;0.20508;0.21484;0.22461;0.23438;0.24414;0.25391;0.26367;0.27344;0.2832;0.29297;0.30273;0.3125;0.32227;0.33203;0.3418;0.35156;0.36133;0.37109;0.38086;0.39063;0.40039;0.41016;0.41992;0.42969;0.43945;0.44922;0.45898;0.46875;0.47852;0.48828;0.49805;0.50781;0.51758;0.52734;0.53711;0.54688;0.55664;0.56641;0.57617;0.58594;0.5957;0.60547;0.61523;0.625;0.63477;0.64453;0.6543;0.66406;0.67383;0.68359;0.69336;0.70313;0.71289;0.72266;0.73242;0.74219;0.75195;0.76172;0.77148;0.78125;0.79102,0.015599616;0.040266751999999996;0.036839423999999996;0.007814143999999999;0.015442944000000002;0.020794367999999997;0.015409152;0.022920192;0.08564019199999999;0.128128;0.15521791999999998;0.101976064;0.13336063999999997;0.14908006399999998;0.127204352;0.08473804800000001;0.059053056;0.055149567999999996;0.035048448;0.026585088;0.019515392;0.02226688;0.038009856;0.043060223999999994;0.041824256000000004;0.037171199999999995;0.027053056;0.02502656;0.015391743999999999;0.011402240000000001;0.014213120000000001;0.0120064;0.007882752;0.009479168;0.012910591999999999;0.007912448;0.0059965439999999995;0.00813056;0.008201216;0.007491584;0.008370176000000002;0.006529024;0.010554368;0.010584064;0.006413312;0.002076672;0.004088832;0.007459840000000001;0.007071744;0.006235136;0.0058920959999999994;0.004914176;0.003736576;0.00339968;0.0031907839999999995;0.003533824;0.003472384;0.004834304;0.002932736;0.002312192;0.002866176;0.002489344;0.002746368;0.003167232;0.0030781439999999997;0.0028620800000000004;0.0020797439999999997;0.0015687680000000001;0.0011735040000000001;0.001866752;0.0029061119999999998;0.00200192;0.0018257920000000001;0.0020244480000000003;0.001796096;0.000864256;0.000872448;0.001645568;0.0012707839999999998
1781910000,hdr,0.0293;0.03906;0.04883;0.05859;0.06836;0.07813;0.08789;0.09766;0.10742;0.11719;0.12695;0.13672;0.14648;0.15625;0.16602;0.17578;0.18555;0.19531;0.20508;0.21484;0.22461;0.23438;0.24414;0.25391;0.26367;0.27344;0.2832;0.29297;0.30273;0.3125;0.32227;0.33203;0.3418;0.35156;0.36133;0.37109;0.38086;0.39063;0.40039;0.41016;0.41992;0.42969;0.43945;0.44922;0.45898;0.46875;0.47852;0.48828;0.49805;0.50781;0.51758;0.52734;0.53711;0.54688;0.55664;0.56641;0.57617;0.58594;0.5957;0.60547;0.61523;0.625;0.63477;0.64453;0.6543;0.66406;0.67383;0.68359;0.69336;0.70313;0.71289;0.72266;0.73242;0.74219;0.75195;0.76172;0.77148;0.78125;0.79102,0.01519104;0.030695424;0.025818112;0.014425087999999999;0.021234687999999998;0.024129536;0.029952;0.03485184;0.074169344;0.212187136;0.13553766400000003;0.096587776;0.123698176;0.09089331199999999;0.130238464;0.07993548800000001;0.04292096;0.024996863999999997;0.024824832;0.020739072;0.030391296;0.027398144;0.025227264000000003;0.0432384;0.040024064000000005;0.03334758399999999;0.024444928;0.031592448;0.030780415999999998;0.016354303999999997;0.01711104;0.015460352;0.010523648;0.008763392;0.00955392;0.006983679999999999;0.006168576;0.010483712000000001;0.011195392;0.00611328;0.008036352;0.00794112;0.005962752;0.007970816;0.004995072;0.005481471999999999;0.005552128;0.006105088000000001;0.008169472;0.0036577280000000003;0.00323072;0.0025753599999999996;0.00305152;0.0063395840000000005;0.005736448;0.004200447999999999;0.004884479999999999;0.004332544000000001;0.003566592;0.0026327039999999996;0.003666944;0.002475008;0.002673664;0.003463168;0.002989056;0.002066432;0.002023424;0.001938432;0.0017530879999999999;0.001870848;0.003002368;0.002944;0.0016445440000000002;0.001056768;0.001298432;0.001084416;0.0019537919999999998;0.001509376;0.001222656
1781910900,hdr,0.0293;0.03906;0.04883;0.05859;0.06836;0.07813;0.08789;0.09766;0.10742;0.11719;0.12695;0.13672;0.14648;0.15625;0.16602;0.17578;0.18555;0.19531;0.20508;0.21484;0.22461;0.23438;0.24414;0.25391;0.26367;0.27344;0.2832;0.29297;0.30273;0.3125;0.32227;0.33203;0.3418;0.35156;0.36133;0.37109;0.38086;0.39063;0.40039;0.41016;0.41992;0.42969;0.43945;0.44922;0.45898;0.46875;0.47852;0.48828;0.49805;0.50781;0.51758;0.52734;0.53711;0.54688;0.55664;0.56641;0.57617;0.58594;0.5957;0.60547;0.61523;0.625;0.63477;0.64453;0.6543;0.66406;0.67383;0.68359;0.69336;0.70313;0.71289;0.72266;0.73242;0.74219;0.75195;0.76172;0.77148;0.78125;0.79102,0.008997887999999999;0.016538624;0.0155136;0.009290752;0.02220544;0.025633792000000002;0.018256896;0.020453376;0.08075673600000001;0.20295782399999998;0.208726016;0.203541504;0.123276288;0.09337651200000001;0.09678848000000001;0.060035072;0.034434047999999995;0.03450572799999999;0.051162112;0.027835392;0.020287488000000003;0.03776512;0.031489024000000004;0.032508928;0.038776832000000004;0.032211968;0.031749120000000006;0.031680512;0.021778431999999997;0.014604288;0.012827647999999999;0.010206208000000001;0.006874112;0.005902336;0.00787456;0.009314304;0.009037824;0.00656896;0.004578304;0.007246848;0.007907328;0.005566464;0.005005312;0.003862528;0.0070471679999999995;0.008167424000000001;0.005181440000000001;0.0036966399999999997;0.003935232;0.003093504;0.004016128;0.006024192;0.004942848;0.003710976;0.003596288;0.003478528;0.00361984;0.004084736;0.003666944;0.005479424;0.003924992;0.0018718720000000001;0.002857984;0.003678208;0.003454976;0.0038379520000000004;0.0015472639999999998;0.003009536;0.002722816;0.002154496;0.001721344;0.001611776;0.0021207039999999997;0.0011919360000000002;0.001107968;0.0012083200000000001;0.0013322240000000001;0.001383424;0.0015206400000000002
1781911800,hdr,0.0293;0.03906;0.04883;0.05859;0.06836;0.07813;0.08789;0.09766;0.10742;0.11719;0.12695;0.13672;0.14648;0.15625;0.16602;0.17578;0.18555;0.19531;0.20508;0.21484;0.22461;0.23438;0.24414;0.25391;0.26367;0.27344;0.2832;0.29297;0.30273;0.3125;0.32227;0.33203;0.3418;0.35156;0.36133;0.37109;0.38086;0.39063;0.40039;0.41016;0.41992;0.42969;0.43945;0.44922;0.45898;0.46875;0.47852;0.48828;0.49805;0.50781;0.51758;0.52734;0.53711;0.54688;0.55664;0.56641;0.57617;0.58594;0.5957;0.60547;0.61523;0.625;0.63477;0.64453;0.6543;0.66406;0.67383;0.68359;0.69336;0.70313;0.71289;0.72266;0.73242;0.74219;0.75195;0.76172;0.77148;0.78125;0.79102,0.010587135999999999;0.016846848;0.008419328;0.004739072;0.019282944;0.027307007999999997;0.022416384;0.016919552;0.07601254400000002;0.22247936000000001;0.351326208;0.19290623999999998;0.133485568;0.13999923200000003;0.078481408;0.067451904;0.05116928;0.029887488;0.015647743999999998;0.023805952000000002;0.029052928;0.034064383999999996;0.024331264;0.026612736;0.030226432;0.028008448000000002;0.036616192;0.022402047999999997;0.013718527999999999;0.008582144;0.012998656;0.009024511999999998;0.005848064;0.005905408;0.008070144000000001;0.005710848;0.004446208000000001;0.004583424;0.003767296;0.00409088;0.00336896;0.005063679999999999;0.005320704;0.00482304;0.0057968640000000005;0.004425728;0.004942848;0.0055429120000000005;0.004706304;0.00351744;0.003422208;0.003924992;0.003890176;0.004554752;0.005354496;0.003718144;0.0027811840000000003;0.004260864;0.004048896000000001;0.002931712;0.0026419199999999994;0.003427328;0.0026480640000000003;0.002006016;0.0022906879999999995;0.003509248;0.0013568;0.002040832;0.002379776;0.001271808;0.001774592;0.002234368;0.001983488;0.00211456;0.001729536;0.001467392;0.0011970559999999997;0.0007936;0.001476608
1781912700,hdr,0.0293;0.03906;0.04883;0.05859;0.06836;0.07813;0.08789;0.09766;0.10742;0.11719;0.12695;0.13672;0.14648;0.15625;0.16602;0.17578;0.18555;0.19531;0.20508;0.21484;0.22461;0.23438;0.24414;0.25391;0.26367;0.27344;0.2832;0.29297;0.30273;0.3125;0.32227;0.33203;0.3418;0.35156;0.36133;0.37109;0.38086;0.39063;0.40039;0.41016;0.41992;0.42969;0.43945;0.44922;0.45898;0.46875;0.47852;0.48828;0.49805;0.50781;0.51758;0.52734;0.53711;0.54688;0.55664;0.56641;0.57617;0.58594;0.5957;0.60547;0.61523;0.625;0.63477;0.64453;0.6543;0.66406;0.67383;0.68359;0.69336;0.70313;0.71289;0.72266;0.73242;0.74219;0.75195;0.76172;0.77148;0.78125;0.79102,0.00751616;0.020653056;0.014233599999999999;0.011573248;0.019702784;0.024400896000000002;0.024457216;0.023447552000000003;0.041276415999999996;0.09367552;0.14933708799999998;0.130420736;0.08184832;0.05292032;0.06670336;0.107829248;0.082929664;0.032105471999999996;0.031792128;0.027082752;0.032155648;0.03326566400000001;0.028092416000000002;0.025066496;0.026736640000000002;0.015499264;0.015817728;0.009388032000000001;0.01453056;0.011054079999999999;0.008001536;0.007424;0.006779904000000001;0.006842368;0.0076032;0.007877632;0.006397952;0.0051619840000000005;0.008868863999999999;0.007815167999999999;0.006291456;0.006701056;0.007098368;0.005146624;0.0047861760000000005;0.005191680000000001;0.0017807360000000002;0.006105088000000001;0.00717824;0.005480448000000001;0.0048332800000000006;0.004907008;0.004198400000000001;0.004974592000000001;0.00600064;0.005677056000000001;0.004421632;0.003201024;0.0024872960000000004;0.002183168;0.002820096;0.003922944;0.003920896;0.003581952;0.003145728;0.0031313919999999998;0.002535424;0.0031088640000000002;0.0028876799999999997;0.00203264;0.001769472;0.0019394560000000002;0.001811456;0.001874944;0.002097152;0.00180736;0.0014940160000000001;0.0014110720000000002;0.0015738879999999998
