Epoch Time,Processing Source,f,varianceDensity
1790035200,hdr,0.0293;0.03906;0.04883;0.05859;0.06836;0.07813;0.08789;0.09766;0.10742;0.11719;0.12695;0.13672;0.14648;0.15625;0.16602;0.17578;0.18555;0.19531;0.20508;0.21484;0.22461;0.23438;0.24414;0.25391;0.26367;0.27344;0.2832;0.29297;0.30273;0.3125;0.32227;0.33203;0.3418;0.35156;0.36133;0.37109;0.38086;0.39063;0.40039;0.41016;0.41992;0.42969;0.43945;0.44922;0.45898;0.46875;0.47852;0.48828;0.49805;0.50781;0.51758;0.52734;0.53711;0.54688;0.55664;0.56641;0.57617;0.58594;0.5957;0.60547;0.61523;0.625;0.63477;0.64453;0.6543;0.66406;0.67383;0.68359;0.69336;0.70313;0.71289;0.72266;0.73242;0.74219;0.75195;0.76172;0.77148;0.78125;0.79102,0.000318464;0.0013352960000000001;0.002514944;0.004840448000000001;0.011838464;0.011550719999999999;0.02019328;0.024441856;0.028044288;0.042116096;0.057677824;0.053165055999999995;0.045473792;0.042942464;0.045024256;0.038858752;0.03376537600000001;0.027222015999999998;0.023552;0.023422975999999998;0.01930752;0.023786496;0.012000255999999999;0.0120064;0.009945088;0.00974336;0.0078592;0.007461888;0.006670336000000001;0.004435968;0.00436736;0.004175872000000001;0.0045772799999999995;0.003745792;0.003362816;0.0026398719999999997;0.003023872;0.002605056;0.001964032;0.001705984;0.0011448320000000001;0.0011601919999999998;0.001414144;0.0008447999999999999;0.00077312;0.000840704;0.0008929280000000001;0.000763904;0.00040755200000000004;0.00020275199999999997;0.000538624;0.000714752;0.0006963200000000001;0.000720896;0.000382976;0.000269312;0.000375808;0.000441344;0.000393216;0.00034304;0.000395264;0.00039731200000000003;0.00036966399999999996;0.000453632;0.00036352;0.00030924800000000003;0.000329728;0.00027136;0.000144384;0.000156672;0.00014643200000000002;0.000196608;0.000164864;0.000207872;0.000218112;0.000277504;0.00024371200000000001;0.000188416;0.000142336
1790036100,hdr,0.0293;0.03906;0.04883;0.05859;0.06836;0.07813;0.08789;0.09766;0.10742;0.11719;0.12695;0.13672;0.14648;0.15625;0.16602;0.17578;0.18555;0.19531;0.20508;0.21484;0.22461;0.23438;0.24414;0.25391;0.26367;0.27344;0.2832;0.29297;0.30273;0.3125;0.32227;0.33203;0.3418;0.35156;0.36133;0.37109;0.38086;0.39063;0.40039;0.41016;0.41992;0.42969;0.43945;0.44922;0.45898;0.46875;0.47852;0.48828;0.49805;0.50781;0.51758;0.52734;0.53711;0.54688;0.55664;0.56641;0.57617;0.58594;0.5957;0.60547;0.61523;0.625;0.63477;0.64453;0.6543;0.66406;0.67383;0.68359;0.69336;0.70313;0.71289;0.72266;0.73242;0.74219;0.75195;0.76172;0.77148;0.78125;0.79102,0.000251904;0.0015103999999999999;0.003222528;0.0031784960000000003;0.003866624;0.010462208;0.034553856;0.03265536;0.0254464;0.025950208;0.048388096;0.0854784;0.07804211200000001;0.037114879999999996;0.028126208;0.05670502400000001;0.065437696;0.039666688;0.022167552;0.022554624;0.025797632;0.016859136;0.010721280000000001;0.009219072;0.00651264;0.00471552;0.007313408;0.00377856;0.004061184;0.004811776;0.0056227840000000005;0.004081664;0.001933312;0.003505152;0.00285184;0.002674688;0.0023357440000000003;0.001933312;0.0017663999999999998;0.0020838399999999996;0.0018513919999999999;0.0010752000000000001;0.00103424;0.0013752319999999999;0.00101888;0.00068096;0.000754688;0.000807936;0.000628736;0.0008355839999999999;0.0005836799999999999;0.000329728;0.00063488;0.000557056;0.00034304;0.00029798400000000005;0.000413696;0.0005304320000000001;0.000528384;0.00029388799999999996;0.000347136;0.000380928;0.000468992;0.00034816000000000003;0.000274432;0.00033792;0.00027648;0.00025088;0.000221184;0.00017715200000000003;0.00011980799999999999;0.00024063999999999997;0.000216064;0.000152576;0.00016896;0.00016691200000000002;0.00014745600000000002;0.00018944;0.000175104
1790037000,hdr,0.0293;0.03906;0.04883;0.05859;0.06836;0.07813;0.08789;0.09766;0.10742;0.11719;0.12695;0.13672;0.14648;0.15625;0.16602;0.17578;0.18555;0.19531;0.20508;0.21484;0.22461;0.23438;0.24414;0.25391;0.26367;0.27344;0.2832;0.29297;0.30273;0.3125;0.32227;0.33203;0.3418;0.35156;0.36133;0.37109;0.38086;0.39063;0.40039;0.41016;0.41992;0.42969;0.43945;0.44922;0.45898;0.46875;0.47852;0.48828;0.49805;0.50781;0.51758;0.52734;0.53711;0.54688;0.55664;0.56641;0.57617;0.58594;0.5957;0.60547;0.61523;0.625;0.63477;0.64453;0.6543;0.66406;0.67383;0.68359;0.69336;0.70313;0.71289;0.72266;0.73242;0.74219;0.75195;0.76172;0.77148;0.78125;0.79102,0.000818176;0.000782336;0.0013895679999999999;0.0037611520000000002;0.009613312;0.006482943999999999;0.001275904;0.016722944;0.027579392;0.036021248;0.054118400000000004;0.080545792;0.079679488;0.068873216;0.062976;0.062541824;0.07569203199999999;0.048098303999999995;0.045889536;0.029454336000000005;0.016530432;0.011935743999999998;0.01010176;0.006437888;0.005311488;0.0044451840000000005;0.003446784;0.005481471999999999;0.003974144;0.003065856;0.0027432959999999997;0.002783232;0.0027648;0.00318464;0.00234496;0.00309248;0.003021824;0.001882112;0.001876992;0.0024852480000000002;0.00160768;0.001338368;0.0009472;0.000989184;0.00137216;0.001002496;0.00101376;0.001127424;0.001082368;0.0008488959999999999;0.000625664;0.00052224;0.000617472;0.000753664;0.000454656;0.000269312;0.000432128;0.000454656;0.000505856;0.00037376;0.000319488;0.000268288;0.000280576;0.000351232;0.000330752;0.000139264;0.00018739199999999998;0.000190464;0.000205824;0.00024063999999999997;0.00024371200000000001;0.00022323200000000002;0.000256;0.000283648;0.000224256;0.00029593599999999995;0.0002816;0.00018432000000000002;0.000164864
1790037900,hdr,0.0293;0.03906;0.04883;0.05859;0.06836;0.07813;0.08789;0.09766;0.10742;0.11719;0.12695;0.13672;0.14648;0.15625;0.16602;0.17578;0.18555;0.19531;0.20508;0.21484;0.22461;0.23438;0.24414;0.25391;0.26367;0.27344;0.2832;0.29297;0.30273;0.3125;0.32227;0.33203;0.3418;0.35156;0.36133;0.37109;0.38086;0.39063;0.40039;0.41016;0.41992;0.42969;0.43945;0.44922;0.45898;0.46875;0.47852;0.48828;0.49805;0.50781;0.51758;0.52734;0.53711;0.54688;0.55664;0.56641;0.57617;0.58594;0.5957;0.60547;0.61523;0.625;0.63477;0.64453;0.6543;0.66406;0.67383;0.68359;0.69336;0.70313;0.71289;0.72266;0.73242;0.74219;0.75195;0.76172;0.77148;0.78125;0.79102,0.001657856;0.001584128;0.001829888;0.0032337920000000005;0.0036167680000000002;0.006432768;0.020072448;0.022111232;0.018322432;0.026422272;0.029312;0.052847616;0.061395968;0.06419968;0.0809472;0.06027468799999999;0.060966912000000005;0.041902079999999994;0.027974656;0.015249408;0.013682688;0.0193792;0.01191424;0.009442304;0.008905728;0.006281215999999999;0.00473088;0.00406016;0.0030914560000000002;0.004297728;0.003618816;0.0034252799999999997;0.002238464;0.002973696;0.0025251839999999998;0.00236544;0.002258944;0.002143232;0.001830912;0.001615872;0.001283072;0.0014632959999999998;0.001242112;0.0009420800000000001;0.0012359679999999998;0.0010475520000000002;0.0010833919999999999;0.0009021439999999999;0.000651264;0.000771072;0.0006932479999999999;0.0005580800000000001;0.00048742400000000003;0.0005007359999999999;0.000651264;0.00042598399999999997;0.00036352;0.00034201599999999995;0.00020889599999999997;0.000191488;0.000267264;0.0003072;0.000192512;0.00026112;0.000195584;0.00020275199999999997;0.000278528;0.000228352;0.00020275199999999997;0.000272384;0.000284672;0.000190464;0.000224256;0.000272384;0.00020992;0.000173056;0.000222208;0.000242688;0.00019865600000000002
1790038800,hdr,0.0293;0.03906;0.04883;0.05859;0.06836;0.07813;0.08789;0.09766;0.10742;0.11719;0.12695;0.13672;0.14648;0.15625;0.16602;0.17578;0.18555;0.19531;0.20508;0.21484;0.22461;0.23438;0.24414;0.25391;0.26367;0.27344;0.2832;0.29297;0.30273;0.3125;0.32227;0.33203;0.3418;0.35156;0.36133;0.37109;0.38086;0.39063;0.40039;0.41016;0.41992;0.42969;0.43945;0.44922;0.45898;0.46875;0.47852;0.48828;0.49805;0.50781;0.51758;0.52734;0.53711;0.54688;0.55664;0.56641;0.57617;0.58594;0.5957;0.60547;0.61523;0.625;0.63477;0.64453;0.6543;0.66406;0.67383;0.68359;0.69336;0.70313;0.71289;0.72266;0.73242;0.74219;0.75195;0.76172;0.77148;0.78125;0.79102,0.01097728;0.004816895999999999;0.0027740160000000002;0.004022272;0.010601471999999999;0.020139008;0.032703488;0.031151104;0.025877503999999996;0.016620543999999998;0.024617984;0.056531968;0.087259136;0.08411238400000001;0.09713664;0.068431872;0.045886464;0.040448;0.022023168;0.012184575999999999;0.009592832;0.015005696;0.011572224;0.011056127999999998;0.0107008;0.007885824000000001;0.004745216;0.003212288;0.0035706880000000002;0.005223424;0.00370688;0.0035532800000000002;0.004045824;0.003269632;0.002435072;0.0026071040000000003;0.002896896;0.001544192;0.001056768;0.001248256;0.001073152;0.00160768;0.001529856;0.000769024;0.000827392;0.001258496;0.00090624;0.0006778880000000001;0.0006952960000000001;0.00052736;0.000482304;0.00048127999999999995;0.00052736;0.00048025600000000003;0.0005632;0.000347136;0.000319488;0.000412672;0.000553984;0.00030412799999999997;0.00035532799999999997;0.00029388799999999996;0.000197632;0.000256;0.000258048;0.00034201599999999995;0.00030208000000000004;0.000200704;0.000246784;0.00022528;0.00023040000000000002;0.00016896;0.000136192;0.00015462400000000002;0.00018227199999999998;0.000200704;0.000126976;0.00012185600000000001;0.000130048
1790039700,hdr,0.0293;0.03906;0.04883;0.05859;0.06836;0.07813;0.08789;0.09766;0.10742;0.11719;0.12695;0.13672;0.14648;0.15625;0.16602;0.17578;0.18555;0.19531;0.20508;0.21484;0.22461;0.23438;0.24414;0.25391;0.26367;0.27344;0.2832;0.29297;0.30273;0.3125;0.32227;0.33203;0.3418;0.35156;0.36133;0.37109;0.38086;0.39063;0.40039;0.41016;0.41992;0.42969;0.43945;0.44922;0.45898;0.46875;0.47852;0.48828;0.49805;0.50781;0.51758;0.52734;0.53711;0.54688;0.55664;0.56641;0.57617;0.58594;0.5957;0.60547;0.61523;0.625;0.63477;0.64453;0.6543;0.66406;0.67383;0.68359;0.69336;0.70313;0.71289;0.72266;0.73242;0.74219;0.75195;0.76172;0.77148;0.78125;0.79102,0.008505344;0.011389952;0.007027712;0.006345728;0.0044677119999999996;0.007368703999999999;0.019565568;0.023068672;0.018436096;0.033461248;0.061930496;0.116529152;0.07374131199999999;0.06300672;0.104967168;0.08587161600000001;0.066136064;0.066035712;0.04287385600000001;0.028096511999999997;0.014948351999999998;0.009484287999999999;0.009138176;0.008454144;0.008216576;0.006497279999999999;0.004512768;0.0025047039999999995;0.002325504;0.00275968;0.002577408;0.0022394880000000004;0.0022466560000000005;0.0018718720000000001;0.002354176;0.002968576;0.00183808;0.001552384;0.001181696;0.000989184;0.00117248;0.00124928;0.00082944;0.001199104;0.001057792;0.000625664;0.0006676480000000001;0.00059392;0.0005468159999999999;0.000881664;0.00067584;0.000594944;0.000365568;0.000260096;0.00043315199999999996;0.000525312;0.0004352;0.00029696;0.00025497599999999997;0.000313344;0.000382976;0.000308224;0.000268288;0.000320512;0.00029593599999999995;0.000222208;0.000211968;0.00020992;0.000186368;0.000264192;0.00020889599999999997;0.000157696;0.00012390399999999998;9.5232e-05;0.000134144;0.00013311999999999997;0.00014745600000000002;0.000217088;0.00015872
1790040600,hdr,0.0293;0.03906;0.04883;0.05859;0.06836;0.07813;0.08789;0.09766;0.10742;0.11719;0.12695;0.13672;0.14648;0.15625;0.16602;0.17578;0.18555;0.19531;0.20508;0.21484;0.22461;0.23438;0.24414;0.25391;0.26367;0.27344;0.2832;0.29297;0.30273;0.3125;0.32227;0.33203;0.3418;0.35156;0.36133;0.37109;0.38086;0.39063;0.40039;0.41016;0.41992;0.42969;0.43945;0.44922;0.45898;0.46875;0.47852;0.48828;0.49805;0.50781;0.51758;0.52734;0.53711;0.54688;0.55664;0.56641;0.57617;0.58594;0.5957;0.60547;0.61523;0.625;0.63477;0.64453;0.6543;0.66406;0.67383;0.68359;0.69336;0.70313;0.71289;0.72266;0.73242;0.74219;0.75195;0.76172;0.77148;0.78125;0.79102,0.001404928;0.001538048;0.002390016;0.0071424;0.009475072;0.010812416000000002;0.019084288;0.028669952;0.039309312;0.04131328;0.061588479999999994;0.061024256;0.112694272;0.102723584;0.07237017600000001;0.042663936;0.059963392;0.058884096;0.047563775999999995;0.032146431999999996;0.027841536;0.012097536;0.009054208;0.011721728;0.008105984;0.006515712;0.00715264;0.006403072;0.004332544000000001;0.00433152;0.0024719359999999997;0.002156544;0.002890752;0.0024494079999999997;0.0016138239999999998;0.0014929920000000003;0.00141824;0.001468416;0.0017090559999999998;0.0015779840000000002;0.001333248;0.0007393279999999999;0.001040384;0.001122304;0.000611328;0.000559104;0.000625664;0.00040550399999999994;0.00043008000000000006;0.000326656;0.000406528;0.00040345599999999995;0.000567296;0.0006144;0.0005959680000000001;0.0005703679999999999;0.00039936;0.000262144;0.000357376;0.000244736;0.000252928;0.00033689599999999994;0.000206848;0.00039423999999999997;0.00037888;0.000303104;0.000233472;0.000234496;0.000188416;0.00020889599999999997;0.000169984;0.000126976;0.00019865600000000002;0.00024371200000000001;0.000140288;0.00012185600000000001;0.00013311999999999997;9.0112e-05;7.270400000000001e-05
1790041500,hdr,0.0293;0.03906;0.04883;0.05859;0.06836;0.07813;0.08789;0.09766;0.10742;0.11719;0.12695;0.13672;0.14648;0.15625;0.16602;0.17578;0.18555;0.19531;0.20508;0.21484;0.22461;0.23438;0.24414;0.25391;0.26367;0.27344;0.2832;0.29297;0.30273;0.3125;0.32227;0.33203;0.3418;0.35156;0.36133;0.37109;0.38086;0.39063;0.40039;0.41016;0.41992;0.42969;0.43945;0.44922;0.45898;0.46875;0.47852;0.48828;0.49805;0.50781;0.51758;0.52734;0.53711;0.54688;0.55664;0.56641;0.57617;0.58594;0.5957;0.60547;0.61523;0.625;0.63477;0.64453;0.6543;0.66406;0.67383;0.68359;0.69336;0.70313;0.71289;0.72266;0.73242;0.74219;0.75195;0.76172;0.77148;0.78125;0.79102,0.002497536;0.005357567999999999;0.006771711999999999;0.00570368;0.011282432;0.011616256;0.017291264000000004;0.022160384;0.022157312000000002;0.024496127999999995;0.032549888000000006;0.074774528;0.15867392000000002;0.21440307200000003;0.146757632;0.104382464;0.08121446400000001;0.047601663999999995;0.036201472;0.017712128;0.011614208;0.017255424000000002;0.010791936;0.008763392;0.005978112;0.005237759999999999;0.004785152;0.003151872;0.002880512;0.003057664;0.0032532480000000003;0.00288256;0.003011584;0.002192384;0.0010752000000000001;0.00119296;0.0014940160000000001;0.0013547519999999999;0.00092672;0.0008048640000000001;0.000899072;0.000760832;0.0008519679999999999;0.00055296;0.000518144;0.000475136;0.00068096;0.000458752;0.000420864;0.000366592;0.000391168;0.00041676800000000003;0.000528384;0.000738304;0.000497664;0.00033689599999999994;0.00022016;0.000346112;0.000366592;0.00032870400000000003;0.00034201599999999995;0.00027033600000000004;0.00023552000000000002;0.00025497599999999997;0.000200704;0.000172032;0.00022016;0.000175104;0.00017715200000000003;0.000175104;0.00020992;0.00015462400000000002;0.000128;0.00011776000000000001;0.00012185600000000001;9.728e-05;0.00013311999999999997;0.000105472;0.000132096
1790042400,hdr,0.0293;0.03906;0.04883;0.05859;0.06836;0.07813;0.08789;0.09766;0.10742;0.11719;0.12695;0.13672;0.14648;0.15625;0.16602;0.17578;0.18555;0.19531;0.20508;0.21484;0.22461;0.23438;0.24414;0.25391;0.26367;0.27344;0.2832;0.29297;0.30273;0.3125;0.32227;0.33203;0.3418;0.35156;0.36133;0.37109;0.38086;0.39063;0.40039;0.41016;0.41992;0.42969;0.43945;0.44922;0.45898;0.46875;0.47852;0.48828;0.49805;0.50781;0.51758;0.52734;0.53711;0.54688;0.55664;0.56641;0.57617;0.58594;0.5957;0.60547;0.61523;0.625;0.63477;0.64453;0.6543;0.66406;0.67383;0.68359;0.69336;0.70313;0.71289;0.72266;0.73242;0.74219;0.75195;0.76172;0.77148;0.78125;0.79102,0.0029173759999999997;0.003265536;0.00375296;0.008349696;0.003487744;0.015412224;0.04861030399999999;0.045477888;0.029636608000000002;0.02880512;0.04345344;0.07100928;0.09480396799999999;0.10784767999999999;0.09674751999999999;0.10928025599999999;0.094406656;0.07194419199999999;0.031132672;0.030876671999999997;0.016183296;0.01293824;0.01419776;0.009194496;0.004199424;0.0041216000000000004;0.005462016000000001;0.0059760640000000005;0.0035706880000000002;0.00334848;0.0035399679999999997;0.003088384;0.002020352;0.001610752;0.0023767040000000003;0.0017766400000000001;0.001058816;0.000963584;0.0010649599999999998;0.001483776;0.0019230719999999998;0.00111104;0.0014028799999999998;0.0014028799999999998;0.000842752;0.0007423999999999999;0.001143808;0.0013342719999999998;0.0009758719999999999;0.0009021439999999999;0.000610304;0.000543744;0.000427008;0.00048639999999999995;0.00051712;0.00047923199999999995;0.000592896;0.0004884479999999999;0.00035328;0.000432128;0.00035942400000000006;0.000226304;0.00024063999999999997;0.000305152;0.000321536;0.000263168;0.000234496;0.00025088;0.000262144;0.000275456;0.000259072;0.000222208;0.000288768;0.000237568;0.00016691200000000002;0.00020275199999999997;0.00018432000000000002;0.00022528;0.000164864
1790043300,hdr,0.0293;0.03906;0.04883;0.05859;0.06836;0.07813;0.08789;0.09766;0.10742;0.11719;0.12695;0.13672;0.14648;0.15625;0.16602;0.17578;0.18555;0.19531;0.20508;0.21484;0.22461;0.23438;0.24414;0.25391;0.26367;0.27344;0.2832;0.29297;0.30273;0.3125;0.32227;0.33203;0.3418;0.35156;0.36133;0.37109;0.38086;0.39063;0.40039;0.41016;0.41992;0.42969;0.43945;0.44922;0.45898;0.46875;0.47852;0.48828;0.49805;0.50781;0.51758;0.52734;0.53711;0.54688;0.55664;0.56641;0.57617;0.58594;0.5957;0.60547;0.61523;0.625;0.63477;0.64453;0.6543;0.66406;0.67383;0.68359;0.69336;0.70313;0.71289;0.72266;0.73242;0.74219;0.75195;0.76172;0.77148;0.78125;0.79102,0.008183808;0.010409984;0.009353216000000001;0.0063774719999999995;0.014564352;0.013765632;0.018000896000000002;0.027094016;0.034756608;0.03598336;0.053604352;0.080216064;0.22678835200000003;0.229123072;0.14006272;0.09923583999999999;0.08667033600000001;0.045047808;0.016356352;0.016927743999999998;0.01053184;0.011710464;0.011604992;0.007729152;0.00398336;0.003663872;0.004354048;0.003566592;0.0030330879999999998;0.003267584;0.002832384;0.001917952;0.00141312;0.00123392;0.0022487040000000002;0.002044928;0.001672192;0.002031616;0.001913856;0.0013506560000000002;0.0009943039999999999;0.001091584;0.0006789119999999999;0.000452608;0.000621568;0.00041472;0.000613376;0.001052672;0.0007249919999999999;0.000626688;0.0005007359999999999;0.000594944;0.000319488;0.000321536;0.000387072;0.00036454399999999996;0.00042803200000000007;0.00041676800000000003;0.000444416;0.0004352;0.00030105599999999996;0.000190464;0.00025497599999999997;0.0002816;0.00033382400000000003;0.000217088;0.00029593599999999995;0.0003328;0.000379904;0.00026521600000000003;0.00017715200000000003;0.000244736;0.000350208;0.0002816;0.00031744;0.000277504;0.00022323200000000002;0.000172032;0.000233472
1790044200,hdr,0.0293;0.03906;0.04883;0.05859;0.06836;0.07813;0.08789;0.09766;0.10742;0.11719;0.12695;0.13672;0.14648;0.15625;0.16602;0.17578;0.18555;0.19531;0.20508;0.21484;0.22461;0.23438;0.24414;0.25391;0.26367;0.27344;0.2832;0.29297;0.30273;0.3125;0.32227;0.33203;0.3418;0.35156;0.36133;0.37109;0.38086;0.39063;0.40039;0.41016;0.41992;0.42969;0.43945;0.44922;0.45898;0.46875;0.47852;0.48828;0.49805;0.50781;0.51758;0.52734;0.53711;0.54688;0.55664;0.56641;0.57617;0.58594;0.5957;0.60547;0.61523;0.625;0.63477;0.64453;0.6543;0.66406;0.67383;0.68359;0.69336;0.70313;0.71289;0.72266;0.73242;0.74219;0.75195;0.76172;0.77148;0.78125;0.79102,0.0067655680000000004;0.009071616;0.012675072;0.011164671999999999;0.009172992;0.008035328;0.017692672000000003;0.026119167999999998;0.027071487999999998;0.021634048;0.021762048;0.062475264;0.10749439999999999;0.18594508799999998;0.133832704;0.09351782400000001;0.075901952;0.052109312000000005;0.02839552;0.019991552;0.0155136;0.016325632;0.012644352;0.010421248;0.006565888;0.003463168;0.004082688;0.005348352;0.003975168;0.003511296;0.003530752;0.002658304;0.0014581759999999998;0.00160256;0.001915904;0.002199552;0.0023838720000000004;0.0016732160000000002;0.001414144;0.001497088;0.0017131520000000001;0.001806336;0.0015616000000000002;0.0018483199999999999;0.001110016;0.000963584;0.001096704;0.001210368;0.001271808;0.0012789759999999998;0.0010833919999999999;0.000557056;0.000807936;0.00048025600000000003;0.000418816;0.000544768;0.00041676800000000003;0.0005232639999999998;0.00043827199999999997;0.000380928;0.00032256;0.000415744;0.00043315199999999996;0.000452608;0.000461824;0.000274432;0.0001792;0.000315392;0.00023040000000000002;0.00016691200000000002;0.00014950399999999998;0.000279552;0.000408576;0.000221184;0.00015462400000000002;0.00019968;0.000258048;0.00031232;0.000269312
1790045100,hdr,0.0293;0.03906;0.04883;0.05859;0.06836;0.07813;0.08789;0.09766;0.10742;0.11719;0.12695;0.13672;0.14648;0.15625;0.16602;0.17578;0.18555;0.19531;0.20508;0.21484;0.22461;0.23438;0.24414;0.25391;0.26367;0.27344;0.2832;0.29297;0.30273;0.3125;0.32227;0.33203;0.3418;0.35156;0.36133;0.37109;0.38086;0.39063;0.40039;0.41016;0.41992;0.42969;0.43945;0.44922;0.45898;0.46875;0.47852;0.48828;0.49805;0.50781;0.51758;0.52734;0.53711;0.54688;0.55664;0.56641;0.57617;0.58594;0.5957;0.60547;0.61523;0.625;0.63477;0.64453;0.6543;0.66406;0.67383;0.68359;0.69336;0.70313;0.71289;0.72266;0.73242;0.74219;0.75195;0.76172;0.77148;0.78125;0.79102,0.010741759999999998;0.018095104;0.011814912;0.00808448;0.007220224;0.010443776;0.012905472;0.02656768;0.026856448;0.02908672;0.052028415999999994;0.099023872;0.099352576;0.20216217599999997;0.19545292800000003;0.08905625600000001;0.064263168;0.057836544000000004;0.02681856;0.028348416;0.022923264;0.017983488000000002;0.017516544;0.008891392;0.007915519999999999;0.00579072;0.00385536;0.003666944;0.004301823999999999;0.003991552;0.004272128000000001;0.0037591039999999997;0.0023592960000000003;0.0018862080000000001;0.002244608;0.00278016;0.0015667199999999997;0.0014878720000000001;0.001498112;0.001143808;0.0006973439999999999;0.000863232;0.001119232;0.00157184;0.001304576;0.001077248;0.000643072;0.000590848;0.000743424;0.000780288;0.0006778880000000001;0.000512;0.000534528;0.0005232639999999998;0.000626688;0.000555008;0.000580608;0.00046592000000000004;0.0005703679999999999;0.000365568;0.000347136;0.000413696;0.00042291200000000006;0.000349184;0.0005888;0.000381952;0.000331776;0.000263168;0.00016691200000000002;0.000234496;0.00033894400000000004;0.000398336;0.000318464;0.000280576;0.000316416;0.000393216;0.000278528;0.000316416;0.000172032
1790046000,hdr,0.0293;0.03906;0.04883;0.05859;0.06836;0.07813;0.08789;0.09766;0.10742;0.11719;0.12695;0.13672;0.14648;0.15625;0.16602;0.17578;0.18555;0.19531;0.20508;0.21484;0.22461;0.23438;0.24414;0.25391;0.26367;0.27344;0.2832;0.29297;0.30273;0.3125;0.32227;0.33203;0.3418;0.35156;0.36133;0.37109;0.38086;0.39063;0.40039;0.41016;0.41992;0.42969;0.43945;0.44922;0.45898;0.46875;0.47852;0.48828;0.49805;0.50781;0.51758;0.52734;0.53711;0.54688;0.55664;0.56641;0.57617;0.58594;0.5957;0.60547;0.61523;0.625;0.63477;0.64453;0.6543;0.66406;0.67383;0.68359;0.69336;0.70313;0.71289;0.72266;0.73242;0.74219;0.75195;0.76172;0.77148;0.78125;0.79102,0.004355072;0.011809792;0.011019263999999999;0.006134784;0.013810688;0.014379008;0.014630912000000001;0.02953216;0.037883904;0.017481728;0.0285696;0.08416256;0.12924416;0.205074432;0.199401472;0.10691584;0.081251328;0.058317824;0.05871616;0.05924864;0.022967296;0.014152704;0.010244096000000001;0.009489408;0.006202368;0.005698559999999999;0.005559295999999999;0.003452928;0.003315712;0.002864128;0.001700864;0.00246272;0.001537024;0.0016895999999999999;0.001664;0.0012288;0.001161216;0.001731584;0.0013864959999999999;0.000841728;0.000864256;0.00126976;0.001257472;0.000807936;0.000626688;0.0008468480000000001;0.00083968;0.000611328;0.0005959680000000001;0.000731136;0.0006082559999999999;0.00040345599999999995;0.000439296;0.0005099519999999999;0.000475136;0.0005478400000000001;0.00047001599999999997;0.00040755200000000004;0.00035328;0.00043724800000000005;0.000484352;0.00036147200000000005;0.00046592000000000004;0.00036454399999999996;0.000310272;0.00037888;0.00032256;0.00040550399999999994;0.0005099519999999999;0.000346112;0.000320512;0.00033792;0.000279552;0.000357376;0.000330752;0.000228352;0.00029286400000000005;0.000277504;0.00027033600000000004
1790046900,hdr,0.0293;0.03906;0.04883;0.05859;0.06836;0.07813;0.08789;0.09766;0.10742;0.11719;0.12695;0.13672;0.14648;0.15625;0.16602;0.17578;0.18555;0.19531;0.20508;0.21484;0.22461;0.23438;0.24414;0.25391;0.26367;0.27344;0.2832;0.29297;0.30273;0.3125;0.32227;0.33203;0.3418;0.35156;0.36133;0.37109;0.38086;0.39063;0.40039;0.41016;0.41992;0.42969;0.43945;0.44922;0.45898;0.46875;0.47852;0.48828;0.49805;0.50781;0.51758;0.52734;0.53711;0.54688;0.55664;0.56641;0.57617;0.58594;0.5957;0.60547;0.61523;0.625;0.63477;0.64453;0.6543;0.66406;0.67383;0.68359;0.69336;0.70313;0.71289;0.72266;0.73242;0.74219;0.75195;0.76172;0.77148;0.78125;0.79102,0.004558848;0.008614912;0.013587456;0.012528639999999999;0.013830144;0.014032896;0.025613312000000003;0.026166272;0.035869696;0.039113728;0.033717248;0.04779724800000001;0.123030528;0.171098112;0.16677887999999996;0.14017536000000003;0.097020928;0.042819584;0.030149632000000003;0.029174784;0.016714752;0.014508031999999999;0.009501696;0.007581696;0.009418752;0.006460416;0.0047861760000000005;0.00452608;0.004285440000000001;0.002586624;0.002228224;0.0014735360000000001;0.0012748800000000002;0.001408;0.0014827520000000002;0.001297408;0.0009594880000000001;0.0015677439999999998;0.001408;0.0012185600000000003;0.000630784;0.000900096;0.0007096320000000001;0.00059904;0.000712704;0.0009973760000000001;0.001053696;0.000825344;0.0006154239999999999;0.0006912;0.000592896;0.000406528;0.000418816;0.000463872;0.0007219199999999999;0.000818176;0.000492544;0.000449536;0.000557056;0.0005888;0.000625664;0.0005816320000000001;0.000454656;0.00024063999999999997;0.00028774400000000004;0.0003584;0.00033484799999999995;0.00047308800000000003;0.00048127999999999995;0.000280576;0.000277504;0.00020172799999999998;0.000226304;0.000284672;0.000329728;0.000259072;0.00023040000000000002;0.000252928;0.000268288
1790047800,hdr,0.0293;0.03906;0.04883;0.05859;0.06836;0.07813;0.08789;0.09766;0.10742;0.11719;0.12695;0.13672;0.14648;0.15625;0.16602;0.17578;0.18555;0.19531;0.20508;0.21484;0.22461;0.23438;0.24414;0.25391;0.26367;0.27344;0.2832;0.29297;0.30273;0.3125;0.32227;0.33203;0.3418;0.35156;0.36133;0.37109;0.38086;0.39063;0.40039;0.41016;0.41992;0.42969;0.43945;0.44922;0.45898;0.46875;0.47852;0.48828;0.49805;0.50781;0.51758;0.52734;0.53711;0.54688;0.55664;0.56641;0.57617;0.58594;0.5957;0.60547;0.61523;0.625;0.63477;0.64453;0.6543;0.66406;0.67383;0.68359;0.69336;0.70313;0.71289;0.72266;0.73242;0.74219;0.75195;0.76172;0.77148;0.78125;0.79102,0.002108416;0.006926336;0.011231232;0.00808448;0.01033728;0.013297663999999999;0.011796480000000002;0.024104959999999998;0.028965888;0.032314368;0.027040768;0.043296768000000006;0.098681856;0.155466752;0.18389606399999997;0.126065664;0.069338112;0.06514688;0.046644224000000005;0.028134399999999997;0.013365248;0.012372992;0.010770431999999998;0.0050155519999999995;0.003047424;0.003990528;0.0028600319999999998;0.002671616;0.002566144;0.0018698239999999997;0.0025344;0.00278016;0.00167936;0.0013690880000000003;0.001098752;0.001422336;0.0015779840000000002;0.000966656;0.0006789119999999999;0.0009441279999999999;0.001002496;0.0006277120000000001;0.000930816;0.0014714879999999997;0.001180672;0.0008048640000000001;0.0008202239999999999;0.0007557120000000001;0.000807936;0.00061952;0.00051712;0.000712704;0.000621568;0.000782336;0.000787456;0.000759808;0.00048127999999999995;0.000453632;0.000636928;0.000512;0.000449536;0.000549888;0.000401408;0.000326656;0.00043008000000000006;0.0003072;0.00031744;0.00046592000000000004;0.000387072;0.000284672;0.000303104;0.00040243200000000004;0.000308224;0.00024063999999999997;0.000217088;0.00030208000000000004;0.00029388799999999996;0.000227328;0.00024780799999999997
1790048700,hdr,0.0293;0.03906;0.04883;0.05859;0.06836;0.07813;0.08789;0.09766;0.10742;0.11719;0.12695;0.13672;0.14648;0.15625;0.16602;0.17578;0.18555;0.19531;0.20508;0.21484;0.22461;0.23438;0.24414;0.25391;0.26367;0.27344;0.2832;0.29297;0.30273;0.3125;0.32227;0.33203;0.3418;0.35156;0.36133;0.37109;0.38086;0.39063;0.40039;0.41016;0.41992;0.42969;0.43945;0.44922;0.45898;0.46875;0.47852;0.48828;0.49805;0.50781;0.51758;0.52734;0.53711;0.54688;0.55664;0.56641;0.57617;0.58594;0.5957;0.60547;0.61523;0.625;0.63477;0.64453;0.6543;0.66406;0.67383;0.68359;0.69336;0.70313;0.71289;0.72266;0.73242;0.74219;0.75195;0.76172;0.77148;0.78125;0.79102,0.006416384;0.009805824;0.009652224000000001;0.005536768;0.0056852479999999995;0.007072768;0.019773440000000003;0.032474112;0.027153408;0.029754368;0.036250624;0.036763648;0.04768768;0.109802496;0.160403456;0.137793536;0.085307392;0.07804620799999999;0.06809804800000001;0.041708544;0.021682176;0.01839104;0.012171264000000001;0.008919040000000001;0.006900736;0.005219328;0.004026368;0.004501504;0.003997696;0.00203776;0.001685504;0.002014208;0.001550336;0.0008304639999999999;0.000763904;0.000898048;0.000831488;0.0007086080000000001;0.000774144;0.0007884799999999999;0.000763904;0.001328128;0.001158144;0.000497664;0.00050688;0.000543744;0.00040550399999999994;0.000525312;0.000664576;0.000644096;0.000768;0.000771072;0.000659456;0.000555008;0.00046796800000000003;0.000515072;0.000475136;0.000371712;0.0005683200000000001;0.0007936;0.00047820800000000004;0.000459776;0.0005857280000000001;0.000380928;0.000248832;0.000356352;0.00026521600000000003;0.00027136;0.00039628799999999996;0.000381952;0.000284672;0.000259072;0.0001792;0.000267264;0.000380928;0.000385024;0.00037888;0.00042598399999999997;0.00040243200000000004
1790049600,hdr,0.0293;0.03906;0.04883;0.05859;0.06836;0.07813;0.08789;0.09766;0.10742;0.11719;0.12695;0.13672;0.14648;0.15625;0.16602;0.17578;0.18555;0.19531;0.20508;0.21484;0.22461;0.23438;0.24414;0.25391;0.26367;0.27344;0.2832;0.29297;0.30273;0.3125;0.32227;0.33203;0.3418;0.35156;0.36133;0.37109;0.38086;0.39063;0.40039;0.41016;0.41992;0.42969;0.43945;0.44922;0.45898;0.46875;0.47852;0.48828;0.49805;0.50781;0.51758;0.52734;0.53711;0.54688;0.55664;0.56641;0.57617;0.58594;0.5957;0.60547;0.61523;0.625;0.63477;0.64453;0.6543;0.66406;0.67383;0.68359;0.69336;0.70313;0.71289;0.72266;0.73242;0.74219;0.75195;0.76172;0.77148;0.78125;0.79102,0.0051148800000000005;0.009906176;0.0093184;0.007117824;0.007983104;0.007866368;0.014483456;0.030747648000000002;0.028739584;0.02486784;0.035467264000000005;0.06542745600000001;0.16144076799999998;0.131093504;0.124300288;0.163313664;0.13839872;0.064434176;0.038750208;0.028034048;0.029207552;0.024060928;0.015233024000000001;0.009505791999999999;0.004804608;0.00513536;0.0047216639999999995;0.00262144;0.002833408;0.0024012799999999996;0.001089536;0.001155072;0.001343488;0.000922624;0.0010291200000000001;0.000872448;0.000376832;0.000461824;0.000643072;0.00048639999999999995;0.000651264;0.0008468480000000001;0.000884736;0.0007925759999999999;0.000858112;0.000799744;0.000518144;0.00041676800000000003;0.00043008000000000006;0.000521216;0.0006604799999999999;0.0006123519999999999;0.000459776;0.0006932479999999999;0.000613376;0.0006225919999999999;0.00036147200000000005;0.00029081600000000006;0.000319488;0.000420864;0.00044032;0.000406528;0.00037888;0.00033792;0.000346112;0.000323584;0.000253952;0.00041676800000000003;0.00037376;0.000252928;0.00029388799999999996;0.000228352;0.000400384;0.000463872;0.00041062399999999995;0.00035430400000000006;0.000216064;0.000280576;0.00029593599999999995
1790050500,hdr,0.0293;0.03906;0.04883;0.05859;0.06836;0.07813;0.08789;0.09766;0.10742;0.11719;0.12695;0.13672;0.14648;0.15625;0.16602;0.17578;0.18555;0.19531;0.20508;0.21484;0.22461;0.23438;0.24414;0.25391;0.26367;0.27344;0.2832;0.29297;0.30273;0.3125;0.32227;0.33203;0.3418;0.35156;0.36133;0.37109;0.38086;0.39063;0.40039;0.41016;0.41992;0.42969;0.43945;0.44922;0.45898;0.46875;0.47852;0.48828;0.49805;0.50781;0.51758;0.52734;0.53711;0.54688;0.55664;0.56641;0.57617;0.58594;0.5957;0.60547;0.61523;0.625;0.63477;0.64453;0.6543;0.66406;0.67383;0.68359;0.69336;0.70313;0.71289;0.72266;0.73242;0.74219;0.75195;0.76172;0.77148;0.78125;0.79102,0.002435072;0.0034826239999999997;0.0050749440000000005;0.00741888;0.017414144;0.020588543999999997;0.016790528;0.024054784000000003;0.032773119999999996;0.026514432;0.042140672;0.036818944000000006;0.055083008;0.094834688;0.13501951999999998;0.121517056;0.118061056;0.06148096000000001;0.021902335999999998;0.027137024000000003;0.029728768;0.02079232;0.014629887999999999;0.014179328;0.009336831999999998;0.005132288;0.004257792000000001;0.003249152;0.002267136;0.0014735360000000001;0.001707008;0.0016138239999999998;0.001572864;0.001127424;0.001225728;0.0011714560000000002;0.000878592;0.000659456;0.000770048;0.00075264;0.001014784;0.000776192;0.000514048;0.000453632;0.000761856;0.0008591359999999999;0.000561152;0.000401408;0.000351232;0.00029081600000000006;0.00032870400000000003;0.000315392;0.00036966399999999996;0.00033689599999999994;0.000434176;0.000423936;0.000372736;0.000331776;0.000371712;0.000351232;0.00036454399999999996;0.000252928;0.000256;0.000384;0.000350208;0.000190464;0.000344064;0.0004956159999999999;0.00039219200000000003;0.000441344;0.000458752;0.000329728;0.000280576;0.000371712;0.00035430400000000006;0.000248832;0.00019456;0.000210944;0.000263168
1790051400,hdr,0.0293;0.03906;0.04883;0.05859;0.06836;0.07813;0.08789;0.09766;0.10742;0.11719;0.12695;0.13672;0.14648;0.15625;0.16602;0.17578;0.18555;0.19531;0.20508;0.21484;0.22461;0.23438;0.24414;0.25391;0.26367;0.27344;0.2832;0.29297;0.30273;0.3125;0.32227;0.33203;0.3418;0.35156;0.36133;0.37109;0.38086;0.39063;0.40039;0.41016;0.41992;0.42969;0.43945;0.44922;0.45898;0.46875;0.47852;0.48828;0.49805;0.50781;0.51758;0.52734;0.53711;0.54688;0.55664;0.56641;0.57617;0.58594;0.5957;0.60547;0.61523;0.625;0.63477;0.64453;0.6543;0.66406;0.67383;0.68359;0.69336;0.70313;0.71289;0.72266;0.73242;0.74219;0.75195;0.76172;0.77148;0.78125;0.79102,0.002236416;0.00777728;0.009480192;0.00876032;0.019811328000000003;0.0152832;0.007533568;0.014039040000000001;0.018835456;0.019992576;0.037293056;0.07899648000000001;0.07579545600000001;0.160260096;0.1760256;0.122131456;0.134624256;0.077444096;0.062060544;0.036020224;0.026083328000000003;0.018784256;0.013575168;0.009227263999999999;0.007610368;0.0076195839999999996;0.0049879040000000005;0.0024954879999999997;0.00336896;0.003306496;0.002212864;0.001647616;0.001973248;0.001830912;0.00119296;0.001743872;0.0013547519999999999;0.0008366080000000001;0.000559104;0.001092608;0.001408;0.000750592;0.000605184;0.00072704;0.0006830079999999999;0.0005560319999999999;0.0007116799999999999;0.00047718399999999996;0.000330752;0.0005468159999999999;0.0007249919999999999;0.000429056;0.0005007359999999999;0.00054272;0.000526336;0.0004915200000000001;0.00029900799999999997;0.00046796800000000003;0.0005744639999999999;0.00042598399999999997;0.000388096;0.000458752;0.000284672;0.000345088;0.00042598399999999997;0.000379904;0.00035532799999999997;0.00030617599999999996;0.000408576;0.000391168;0.00029286400000000005;0.000229376;0.000321536;0.000380928;0.000582656;0.000418816;0.00023654400000000002;0.000183296;0.00023244799999999998
1790052300,hdr,0.0293;0.03906;0.04883;0.05859;0.06836;0.07813;0.08789;0.09766;0.10742;0.11719;0.12695;0.13672;0.14648;0.15625;0.16602;0.17578;0.18555;0.19531;0.20508;0.21484;0.22461;0.23438;0.24414;0.25391;0.26367;0.27344;0.2832;0.29297;0.30273;0.3125;0.32227;0.33203;0.3418;0.35156;0.36133;0.37109;0.38086;0.39063;0.40039;0.41016;0.41992;0.42969;0.43945;0.44922;0.45898;0.46875;0.47852;0.48828;0.49805;0.50781;0.51758;0.52734;0.53711;0.54688;0.55664;0.56641;0.57617;0.58594;0.5957;0.60547;0.61523;0.625;0.63477;0.64453;0.6543;0.66406;0.67383;0.68359;0.69336;0.70313;0.71289;0.72266;0.73242;0.74219;0.75195;0.76172;0.77148;0.78125;0.79102,0.0038860800000000005;0.003480576;0.000565248;0.004232192;0.018000896000000002;0.020886527999999998;0.016939008000000002;0.015054848;0.019948544;0.024282112;0.024067072;0.043912191999999996;0.080325632;0.105965568;0.07224524800000001;0.050361344;0.0828416;0.069706752;0.036405248;0.03380326399999999;0.030245888;0.021806080000000002;0.014030848;0.010887168000000001;0.007570432000000001;0.005671936;0.004748288;0.002905088;0.001992704;0.0029695999999999998;0.001779712;0.0019148799999999999;0.0012052480000000001;0.001550336;0.00141312;0.000951296;0.0007423999999999999;0.0009543679999999999;0.0012451839999999999;0.001294336;0.0011407359999999998;0.000654336;0.000557056;0.000748544;0.00057856;0.0005683200000000001;0.000529408;0.0005416959999999999;0.000671744;0.000659456;0.000557056;0.000545792;0.000616448;0.0006840319999999999;0.0004956159999999999;0.000324608;0.00033689599999999994;0.000260096;0.00023654400000000002;0.00026112;0.000229376;0.000193536;0.000329728;0.00037376;0.000326656;0.00031744;0.00034099200000000003;0.000335872;0.000284672;0.00029388799999999996;0.00017100799999999997;0.00023244799999999998;0.000371712;0.000320512;0.00014643200000000002;0.000183296;0.00021913599999999998;0.000310272;0.00033689599999999994
1790053200,hdr,0.0293;0.03906;0.04883;0.05859;0.06836;0.07813;0.08789;0.09766;0.10742;0.11719;0.12695;0.13672;0.14648;0.15625;0.16602;0.17578;0.18555;0.19531;0.20508;0.21484;0.22461;0.23438;0.24414;0.25391;0.26367;0.27344;0.2832;0.29297;0.30273;0.3125;0.32227;0.33203;0.3418;0.35156;0.36133;0.37109;0.38086;0.39063;0.40039;0.41016;0.41992;0.42969;0.43945;0.44922;0.45898;0.46875;0.47852;0.48828;0.49805;0.50781;0.51758;0.52734;0.53711;0.54688;0.55664;0.56641;0.57617;0.58594;0.5957;0.60547;0.61523;0.625;0.63477;0.64453;0.6543;0.66406;0.67383;0.68359;0.69336;0.70313;0.71289;0.72266;0.73242;0.74219;0.75195;0.76172;0.77148;0.78125;0.79102,0.0033341440000000003;0.010031103999999999;0.007394304;0.008890368000000001;0.012019712;0.009811968;0.008564736000000002;0.01498624;0.036468735999999995;0.048390144;0.039008256;0.05017702400000001;0.072219648;0.11016192;0.13901209600000003;0.10807910400000001;0.092416;0.089598976;0.06528307200000001;0.03038208;0.024936448;0.019081216;0.009504768;0.008792064;0.009225216;0.006674432000000001;0.0033546239999999996;0.002696192;0.003180544;0.004283392;0.0024422399999999996;0.002066432;0.002011136;0.001678336;0.00178176;0.001292288;0.0019128320000000002;0.001618944;0.00064512;0.000458752;0.0007014399999999999;0.000809984;0.000877568;0.0006277120000000001;0.000538624;0.000524288;0.000641024;0.0006789119999999999;0.000644096;0.0007188480000000001;0.0006819840000000001;0.0007055360000000001;0.00041984;0.00038912;0.00042496;0.000278528;0.000458752;0.00031232;0.000275456;0.00027033600000000004;0.000242688;0.00023961599999999998;0.00023654400000000002;0.000288768;0.000318464;0.000269312;0.000260096;0.00032768;0.000436224;0.00043008000000000006;0.000258048;0.000165888;0.00031232;0.000356352;0.000244736;0.000197632;0.0003328;0.00033894400000000004;0.000283648
1790054100,hdr,0.0293;0.03906;0.04883;0.05859;0.06836;0.07813;0.08789;0.09766;0.10742;0.11719;0.12695;0.13672;0.14648;0.15625;0.16602;0.17578;0.18555;0.19531;0.20508;0.21484;0.22461;0.23438;0.24414;0.25391;0.26367;0.27344;0.2832;0.29297;0.30273;0.3125;0.32227;0.33203;0.3418;0.35156;0.36133;0.37109;0.38086;0.39063;0.40039;0.41016;0.41992;0.42969;0.43945;0.44922;0.45898;0.46875;0.47852;0.48828;0.49805;0.50781;0.51758;0.52734;0.53711;0.54688;0.55664;0.56641;0.57617;0.58594;0.5957;0.60547;0.61523;0.625;0.63477;0.64453;0.6543;0.66406;0.67383;0.68359;0.69336;0.70313;0.71289;0.72266;0.73242;0.74219;0.75195;0.76172;0.77148;0.78125;0.79102,0.007189504;0.008937472;0.007537664;0.004884479999999999;0.015260672;0.003414016;0.0013864959999999999;0.011213824;0.015817728;0.017653759999999998;0.019591168000000003;0.055068672;0.105555968;0.129199104;0.087291904;0.07549439999999999;0.081304576;0.08217087999999999;0.067831808;0.05494579199999999;0.03685376;0.030662656;0.018548736;0.012960768;0.008403968000000001;0.005997568;0.006007808;0.0069918720000000005;0.004128768;0.0031539199999999997;0.00361984;0.0031559680000000003;0.001814528;0.001846272;0.001165312;0.0014714879999999997;0.0014376960000000002;0.0009973760000000001;0.001145856;0.000898048;0.000753664;0.0008560640000000001;0.000990208;0.0009461760000000001;0.000986112;0.0008048640000000001;0.0006041600000000001;0.0005007359999999999;0.000698368;0.0006092800000000001;0.0007106559999999999;0.000995328;0.000544768;0.000420864;0.0007086080000000001;0.0005888;0.0006993920000000001;0.000489472;0.00040550399999999994;0.0006082559999999999;0.000458752;0.000390144;0.000275456;0.000411648;0.00043315199999999996;0.000346112;0.000339968;0.000320512;0.000316416;0.00037478399999999997;0.00041984;0.000371712;0.000493568;0.00041779199999999995;0.000432128;0.000451584;0.00034304;0.000418816;0.000616448
1790055000,hdr,0.0293;0.03906;0.04883;0.05859;0.06836;0.07813;0.08789;0.09766;0.10742;0.11719;0.12695;0.13672;0.14648;0.15625;0.16602;0.17578;0.18555;0.19531;0.20508;0.21484;0.22461;0.23438;0.24414;0.25391;0.26367;0.27344;0.2832;0.29297;0.30273;0.3125;0.32227;0.33203;0.3418;0.35156;0.36133;0.37109;0.38086;0.39063;0.40039;0.41016;0.41992;0.42969;0.43945;0.44922;0.45898;0.46875;0.47852;0.48828;0.49805;0.50781;0.51758;0.52734;0.53711;0.54688;0.55664;0.56641;0.57617;0.58594;0.5957;0.60547;0.61523;0.625;0.63477;0.64453;0.6543;0.66406;0.67383;0.68359;0.69336;0.70313;0.71289;0.72266;0.73242;0.74219;0.75195;0.76172;0.77148;0.78125;0.79102,0.010622976;0.017844224000000002;0.012123136;0.006199296;0.009284608;0.019367936000000002;0.02363904;0.021076992000000003;0.028870655999999998;0.032678912;0.032294911999999995;0.041838591999999994;0.056598527999999995;0.07396761600000001;0.09653759999999999;0.091961344;0.07643648;0.078887936;0.047234048;0.021246975999999997;0.020723712;0.01332224;0.007651328000000001;0.009069568000000002;0.0063744;0.006547456;0.007038976;0.003831808;0.00359936;0.0037754880000000005;0.0031897600000000003;0.002451456;0.00121344;0.001110016;0.001362944;0.00154624;0.001618944;0.00100352;0.000596992;0.000802816;0.00093696;0.0008744960000000001;0.00076288;0.000996352;0.0007413760000000001;0.000620544;0.001102848;0.00087552;0.001026048;0.0011161600000000002;0.001057792;0.0011151359999999999;0.0010127360000000002;0.0007936;0.000543744;0.00049664;0.000553984;0.000871424;0.0005816320000000001;0.0006277120000000001;0.000754688;0.0005980159999999999;0.0005089280000000001;0.00047616000000000005;0.00039628799999999996;0.00039219200000000003;0.000380928;0.000325632;0.00019865600000000002;0.000315392;0.00035532799999999997;0.000456704;0.00047308800000000003;0.00040243200000000004;0.00044646400000000004;0.000371712;0.000216064;0.00034816000000000003;0.000482304
1790055900,hdr,0.0293;0.03906;0.04883;0.05859;0.06836;0.07813;0.08789;0.09766;0.10742;0.11719;0.12695;0.13672;0.14648;0.15625;0.16602;0.17578;0.18555;0.19531;0.20508;0.21484;0.22461;0.23438;0.24414;0.25391;0.26367;0.27344;0.2832;0.29297;0.30273;0.3125;0.32227;0.33203;0.3418;0.35156;0.36133;0.37109;0.38086;0.39063;0.40039;0.41016;0.41992;0.42969;0.43945;0.44922;0.45898;0.46875;0.47852;0.48828;0.49805;0.50781;0.51758;0.52734;0.53711;0.54688;0.55664;0.56641;0.57617;0.58594;0.5957;0.60547;0.61523;0.625;0.63477;0.64453;0.6543;0.66406;0.67383;0.68359;0.69336;0.70313;0.71289;0.72266;0.73242;0.74219;0.75195;0.76172;0.77148;0.78125;0.79102,0.004185088000000001;0.007098368;0.009155584;0.003969024;0.009628672000000001;0.012332032;0.018960384;0.023911424;0.022645759999999997;0.033678336;0.024117248;0.025079808000000002;0.036334592000000006;0.054024192000000006;0.119033856;0.09846784;0.07498956799999999;0.074212352;0.080695296;0.05813555199999999;0.042745856;0.024957952;0.019129344;0.01603584;0.013674496;0.0056453119999999996;0.005209088000000001;0.00533504;0.005379072;0.003700736;0.00172544;0.0015165439999999999;0.001251328;0.001439744;0.0018196479999999999;0.001118208;0.000909312;0.000898048;0.000812032;0.00075776;0.0010752000000000001;0.0009727999999999999;0.0009574399999999999;0.000899072;0.000649216;0.00063488;0.0009441279999999999;0.0008458240000000001;0.000782336;0.0007106559999999999;0.000651264;0.000631808;0.0006891520000000001;0.0006000640000000001;0.0005713920000000001;0.000826368;0.000674816;0.00052224;0.0005601279999999999;0.00050688;0.000459776;0.000518144;0.00044544;0.00047104000000000004;0.000544768;0.000434176;0.00033382400000000003;0.00042803200000000007;0.0005376000000000001;0.0005980159999999999;0.000483328;0.00047104000000000004;0.0005376000000000001;0.000659456;0.00029798400000000005;0.00037068800000000004;0.000283648;0.000253952;0.000524288
1790056800,hdr,0.0293;0.03906;0.04883;0.05859;0.06836;0.07813;0.08789;0.09766;0.10742;0.11719;0.12695;0.13672;0.14648;0.15625;0.16602;0.17578;0.18555;0.19531;0.20508;0.21484;0.22461;0.23438;0.24414;0.25391;0.26367;0.27344;0.2832;0.29297;0.30273;0.3125;0.32227;0.33203;0.3418;0.35156;0.36133;0.37109;0.38086;0.39063;0.40039;0.41016;0.41992;0.42969;0.43945;0.44922;0.45898;0.46875;0.47852;0.48828;0.49805;0.50781;0.51758;0.52734;0.53711;0.54688;0.55664;0.56641;0.57617;0.58594;0.5957;0.60547;0.61523;0.625;0.63477;0.64453;0.6543;0.66406;0.67383;0.68359;0.69336;0.70313;0.71289;0.72266;0.73242;0.74219;0.75195;0.76172;0.77148;0.78125;0.79102,0.004543488;0.009868288000000001;0.011307008;0.008993791999999999;0.00937984;0.0109056;0.014110720000000002;0.014045184;0.020150272;0.029835264;0.027866112000000002;0.04844032;0.074876928;0.083361792;0.06691532800000001;0.08440832000000001;0.07019929600000001;0.070716416;0.062256127999999994;0.045842432;0.025188352;0.020315135999999998;0.016685056;0.012645376;0.012977152;0.008614912;0.009296896;0.00816128;0.00459776;0.003111936;0.0031232000000000005;0.003617792;0.003016704;0.002609152;0.002004992;0.0016435199999999999;0.0016773119999999998;0.00136192;0.000982016;0.0008089600000000001;0.000899072;0.000768;0.000633856;0.000785408;0.0005468159999999999;0.0007116799999999999;0.000621568;0.000668672;0.000984064;0.00098816;0.0008222720000000001;0.0007976959999999999;0.000796672;0.000761856;0.0008212479999999999;0.000720896;0.0005468159999999999;0.0006021119999999999;0.000434176;0.000531456;0.00050688;0.000514048;0.000847872;0.0007106559999999999;0.0005406720000000001;0.000289792;0.000365568;0.000507904;0.000441344;0.000366592;0.000381952;0.00048025600000000003;0.0004986880000000001;0.000492544;0.000411648;0.000493568;0.000649216;0.000468992;0.00041676800000000003
1790057700,hdr,0.0293;0.03906;0.04883;0.05859;0.06836;0.07813;0.08789;0.09766;0.10742;0.11719;0.12695;0.13672;0.14648;0.15625;0.16602;0.17578;0.18555;0.19531;0.20508;0.21484;0.22461;0.23438;0.24414;0.25391;0.26367;0.27344;0.2832;0.29297;0.30273;0.3125;0.32227;0.33203;0.3418;0.35156;0.36133;0.37109;0.38086;0.39063;0.40039;0.41016;0.41992;0.42969;0.43945;0.44922;0.45898;0.46875;0.47852;0.48828;0.49805;0.50781;0.51758;0.52734;0.53711;0.54688;0.55664;0.56641;0.57617;0.58594;0.5957;0.60547;0.61523;0.625;0.63477;0.64453;0.6543;0.66406;0.67383;0.68359;0.69336;0.70313;0.71289;0.72266;0.73242;0.74219;0.75195;0.76172;0.77148;0.78125;0.79102,0.003959808;0.011005952000000001;0.01063424;0.010350592;0.018386944;0.008776704;0.004944896;0.0172288;0.035191808000000005;0.046623744;0.061042688;0.0425472;0.054194176;0.061535232;0.065504256;0.0347136;0.077727744;0.086045696;0.06450176;0.05275136;0.032582656;0.017166336000000004;0.009506816000000001;0.011828224;0.009913344000000001;0.009380864000000001;0.012220416000000001;0.0090624;0.006700032;0.006376448000000001;0.004562943999999999;0.003526656;0.00195072;0.002046976;0.0018800639999999999;0.001651712;0.0010956800000000001;0.001099776;0.001932288;0.00190976;0.0011673599999999999;0.000837632;0.000475136;0.000966656;0.0011427840000000002;0.001052672;0.001082368;0.0011909120000000001;0.0010465279999999997;0.0011417600000000001;0.000990208;0.0005713920000000001;0.001079296;0.0011960319999999999;0.0008601600000000001;0.0008704;0.0006993920000000001;0.000413696;0.000493568;0.0006840319999999999;0.0005304320000000001;0.000514048;0.000439296;0.00048127999999999995;0.0005580800000000001;0.000380928;0.000310272;0.000335872;0.000525312;0.000756736;0.00070656;0.00048025600000000003;0.00040448000000000003;0.000519168;0.00040345599999999995;0.00048025600000000003;0.000513024;0.000565248;0.00037376
1790058600,hdr,0.0293;0.03906;0.04883;0.05859;0.06836;0.07813;0.08789;0.09766;0.10742;0.11719;0.12695;0.13672;0.14648;0.15625;0.16602;0.17578;0.18555;0.19531;0.20508;0.21484;0.22461;0.23438;0.24414;0.25391;0.26367;0.27344;0.2832;0.29297;0.30273;0.3125;0.32227;0.33203;0.3418;0.35156;0.36133;0.37109;0.38086;0.39063;0.40039;0.41016;0.41992;0.42969;0.43945;0.44922;0.45898;0.46875;0.47852;0.48828;0.49805;0.50781;0.51758;0.52734;0.53711;0.54688;0.55664;0.56641;0.57617;0.58594;0.5957;0.60547;0.61523;0.625;0.63477;0.64453;0.6543;0.66406;0.67383;0.68359;0.69336;0.70313;0.71289;0.72266;0.73242;0.74219;0.75195;0.76172;0.77148;0.78125;0.79102,0.004115456;0.008928255999999999;0.006360064;0.008048640000000001;0.0162048;0.012987392;0.015527935999999999;0.020845568;0.015423488;0.027611135999999998;0.036930559999999994;0.050798592;0.048846848;0.095168512;0.073940992;0.036003839999999995;0.055330816;0.101646336;0.060793856;0.039033856;0.03523686399999999;0.023892992;0.014826496000000002;0.013380608;0.005912576;0.008648704;0.007560192;0.007415808;0.008453120000000001;0.005849088;0.005051392;0.003958784;0.004736;0.003827712;0.0017356799999999999;0.00081408;0.001232896;0.0011909120000000001;0.00138752;0.0013260799999999999;0.001242112;0.0007393279999999999;0.000663552;0.0009574399999999999;0.0017479680000000001;0.00181248;0.001969152;0.001580032;0.001040384;0.0010833919999999999;0.0009605120000000001;0.000888832;0.0009768959999999999;0.00139776;0.000930816;0.000676864;0.001078272;0.000889856;0.000917504;0.0009625599999999999;0.000712704;0.0008929280000000001;0.000933888;0.00045568;0.0006604799999999999;0.00067072;0.000776192;0.0007936;0.0007137280000000001;0.0006952960000000001;0.00039423999999999997;0.000649216;0.000770048;0.000607232;0.000502784;0.000533504;0.0006840319999999999;0.000381952;0.00048025600000000003
1790059500,hdr,0.0293;0.03906;0.04883;0.05859;0.06836;0.07813;0.08789;0.09766;0.10742;0.11719;0.12695;0.13672;0.14648;0.15625;0.16602;0.17578;0.18555;0.19531;0.20508;0.21484;0.22461;0.23438;0.24414;0.25391;0.26367;0.27344;0.2832;0.29297;0.30273;0.3125;0.32227;0.33203;0.3418;0.35156;0.36133;0.37109;0.38086;0.39063;0.40039;0.41016;0.41992;0.42969;0.43945;0.44922;0.45898;0.46875;0.47852;0.48828;0.49805;0.50781;0.51758;0.52734;0.53711;0.54688;0.55664;0.56641;0.57617;0.58594;0.5957;0.60547;0.61523;0.625;0.63477;0.64453;0.6543;0.66406;0.67383;0.68359;0.69336;0.70313;0.71289;0.72266;0.73242;0.74219;0.75195;0.76172;0.77148;0.78125;0.79102,0.005551103999999999;0.009567232;0.010512384;0.008337408;0.016706560000000002;0.014082048000000002;0.010211327999999999;0.014857215999999998;0.030917632;0.032955392;0.021655551999999998;0.040503296;0.06535065600000001;0.052401152;0.05061632;0.040610816;0.039683072;0.053504;0.049778688;0.02838016;0.017591296;0.017384448;0.014838783999999999;0.009677823999999998;0.007312384;0.010908672;0.010733567999999999;0.006813696;0.00674304;0.006193152;0.005582848;0.004612096;0.004236288;0.005761024;0.0042086400000000005;0.003398656;0.003600384;0.002696192;0.001662976;0.001683456;0.0016916480000000002;0.0016384000000000001;0.002030592;0.00246784;0.0011632640000000002;0.001125376;0.00236544;0.001512448;0.001180672;0.001084416;0.0016445440000000002;0.002051072;0.0011468799999999999;0.0013946879999999998;0.001591296;0.000970752;0.0006973439999999999;0.0009359360000000001;0.001348608;0.001032192;0.0010813440000000001;0.0011243520000000001;0.000995328;0.00158208;0.0009420800000000001;0.0008509440000000001;0.0010803199999999998;0.000782336;0.000813056;0.000843776;0.0005918719999999999;0.000466944;0.000637952;0.0004986880000000001;0.000750592;0.0006574080000000001;0.000521216;0.00043008000000000006;0.000449536
1790060400,hdr,0.0293;0.03906;0.04883;0.05859;0.06836;0.07813;0.08789;0.09766;0.10742;0.11719;0.12695;0.13672;0.14648;0.15625;0.16602;0.17578;0.18555;0.19531;0.20508;0.21484;0.22461;0.23438;0.24414;0.25391;0.26367;0.27344;0.2832;0.29297;0.30273;0.3125;0.32227;0.33203;0.3418;0.35156;0.36133;0.37109;0.38086;0.39063;0.40039;0.41016;0.41992;0.42969;0.43945;0.44922;0.45898;0.46875;0.47852;0.48828;0.49805;0.50781;0.51758;0.52734;0.53711;0.54688;0.55664;0.56641;0.57617;0.58594;0.5957;0.60547;0.61523;0.625;0.63477;0.64453;0.6543;0.66406;0.67383;0.68359;0.69336;0.70313;0.71289;0.72266;0.73242;0.74219;0.75195;0.76172;0.77148;0.78125;0.79102,0.003629056;0.006132736000000001;0.00800768;0.010287104;0.01682432;0.012378111999999998;0.01114624;0.019148800000000004;0.036438016;0.043730944;0.042555392;0.039917568;0.034331648;0.037997568;0.05393408;0.03610624;0.031589376;0.04931072;0.039171072;0.03492044800000001;0.021117952;0.019774464;0.029591552;0.026172415999999997;0.013471743999999999;0.013243392;0.011193344;0.009663488;0.006798336;0.003513344;0.003538944;0.004544512;0.003375104;0.0060835839999999995;0.005454848;0.005610496;0.004837376;0.0038256640000000003;0.0018636800000000002;0.00263168;0.0024227840000000003;0.003214336;0.002931712;0.00122368;0.001353728;0.002962432;0.003026944;0.002236416;0.001620992;0.001875968;0.001468416;0.00139776;0.001759232;0.002045952;0.0017459199999999998;0.00118784;0.0013864959999999999;0.001234944;0.001292288;0.001683456;0.0011284479999999998;0.000642048;0.0008663039999999999;0.0010209280000000002;0.000544768;0.0007372800000000001;0.0006696959999999999;0.0008345599999999999;0.0008222720000000001;0.0006502400000000001;0.000630784;0.0007936;0.000533504;0.000694272;0.000900096;0.000897024;0.000635904;0.00047820800000000004;0.000919552
1790061300,hdr,0.0293;0.03906;0.04883;0.05859;0.06836;0.07813;0.08789;0.09766;0.10742;0.11719;0.12695;0.13672;0.14648;0.15625;0.16602;0.17578;0.18555;0.19531;0.20508;0.21484;0.22461;0.23438;0.24414;0.25391;0.26367;0.27344;0.2832;0.29297;0.30273;0.3125;0.32227;0.33203;0.3418;0.35156;0.36133;0.37109;0.38086;0.39063;0.40039;0.41016;0.41992;0.42969;0.43945;0.44922;0.45898;0.46875;0.47852;0.48828;0.49805;0.50781;0.51758;0.52734;0.53711;0.54688;0.55664;0.56641;0.57617;0.58594;0.5957;0.60547;0.61523;0.625;0.63477;0.64453;0.6543;0.66406;0.67383;0.68359;0.69336;0.70313;0.71289;0.72266;0.73242;0.74219;0.75195;0.76172;0.77148;0.78125;0.79102,0.0051271680000000005;0.009177088;0.008869888;0.006500352000000001;0.016667648;0.015064064;0.024771584;0.021223424;0.035037184;0.055092224;0.04288204799999999;0.030660608;0.053235712;0.06722252799999999;0.032923648;0.039105536;0.029761536;0.034036736;0.04261376;0.026162176;0.030074880000000002;0.032376832;0.028766207999999998;0.026043392;0.013433856;0.01404416;0.013918208000000001;0.00902144;0.010740736;0.009715712;0.0096256;0.007489536;0.006196224;0.004719616;0.00353792;0.003600384;0.003955712;0.004797439999999999;0.0042536959999999995;0.0029952000000000004;0.003456;0.0035522559999999997;0.0034580479999999996;0.0026644480000000003;0.002158592;0.002660352;0.003718144;0.003265536;0.002066432;0.002287616;0.001902592;0.0017602560000000002;0.0017305600000000001;0.001787904;0.0019937279999999997;0.00178688;0.001736704;0.001358848;0.0014653440000000002;0.001154048;0.00134656;0.001168384;0.001201152;0.001548288;0.0014786559999999999;0.000918528;0.000945152;0.0011243520000000001;0.000758784;0.000905216;0.0011786239999999999;0.000818176;0.0008355839999999999;0.000909312;0.0005703679999999999;0.001052672;0.000919552;0.000448512;0.0005468159999999999
1790062200,hdr,0.0293;0.03906;0.04883;0.05859;0.06836;0.07813;0.08789;0.09766;0.10742;0.11719;0.12695;0.13672;0.14648;0.15625;0.16602;0.17578;0.18555;0.19531;0.20508;0.21484;0.22461;0.23438;0.24414;0.25391;0.26367;0.27344;0.2832;0.29297;0.30273;0.3125;0.32227;0.33203;0.3418;0.35156;0.36133;0.37109;0.38086;0.39063;0.40039;0.41016;0.41992;0.42969;0.43945;0.44922;0.45898;0.46875;0.47852;0.48828;0.49805;0.50781;0.51758;0.52734;0.53711;0.54688;0.55664;0.56641;0.57617;0.58594;0.5957;0.60547;0.61523;0.625;0.63477;0.64453;0.6543;0.66406;0.67383;0.68359;0.69336;0.70313;0.71289;0.72266;0.73242;0.74219;0.75195;0.76172;0.77148;0.78125;0.79102,0.004041728;0.00413696;0.008222720000000001;0.008174592000000001;0.007902207999999999;0.004809728;0.012456960000000001;0.016258047999999997;0.036808704;0.041284608;0.026268672;0.056689663999999994;0.086920192;0.059032576;0.03770368;0.043311103999999996;0.070653952;0.07321702399999999;0.051489792;0.020460543999999997;0.031783936;0.030989312;0.021175296;0.018437119999999998;0.024264703999999998;0.011987968000000002;0.010093567999999999;0.013704192;0.012035072;0.007172095999999999;0.007061504;0.005941248;0.00635904;0.009024511999999998;0.007330816;0.004363264;0.005186560000000001;0.004546560000000001;0.00295424;0.0043407359999999996;0.002486272;0.002052096;0.003207168;0.002398208;0.002225152;0.002566144;0.0026685439999999997;0.0038410239999999997;0.00295424;0.002308096;0.002752512;0.002674688;0.0029982719999999997;0.0022906879999999995;0.001057792;0.001540096;0.001374208;0.001560576;0.002033664;0.001752064;0.0012554240000000002;0.001432576;0.0015687680000000001;0.0011120639999999998;0.000843776;0.0008744960000000001;0.0008151040000000001;0.000774144;0.0005580800000000001;0.0006000640000000001;0.0004956159999999999;0.0006277120000000001;0.000919552;0.000760832;0.000628736;0.0005478400000000001;0.000536576;0.00043008000000000006;0.000390144
1790063100,hdr,0.0293;0.03906;0.04883;0.05859;0.06836;0.07813;0.08789;0.09766;0.10742;0.11719;0.12695;0.13672;0.14648;0.15625;0.16602;0.17578;0.18555;0.19531;0.20508;0.21484;0.22461;0.23438;0.24414;0.25391;0.26367;0.27344;0.2832;0.29297;0.30273;0.3125;0.32227;0.33203;0.3418;0.35156;0.36133;0.37109;0.38086;0.39063;0.40039;0.41016;0.41992;0.42969;0.43945;0.44922;0.45898;0.46875;0.47852;0.48828;0.49805;0.50781;0.51758;0.52734;0.53711;0.54688;0.55664;0.56641;0.57617;0.58594;0.5957;0.60547;0.61523;0.625;0.63477;0.64453;0.6543;0.66406;0.67383;0.68359;0.69336;0.70313;0.71289;0.72266;0.73242;0.74219;0.75195;0.76172;0.77148;0.78125;0.79102,0.002373632;0.005065728;0.00554496;0.006969344;0.012996608;0.008387584;0.0093184;0.014430208;0.025351168;0.034794496;0.048507904000000004;0.050924543999999995;0.084626432;0.12279295999999999;0.072546304;0.0450304;0.049581056;0.031188992;0.043794432;0.042514432;0.026262527999999997;0.020424704;0.023237632;0.022096896;0.017046528;0.010226688;0.010372096;0.014308351999999998;0.013088768;0.01817088;0.010033152;0.004851712;0.003550208;0.006351872000000001;0.006398976000000001;0.007179264;0.00733184;0.0055060479999999995;0.0040765440000000005;0.0031375360000000002;0.003974144;0.002612224;0.003999744;0.003956736;0.003866624;0.004879360000000001;0.004284416;0.003009536;0.0024576;0.002569216;0.002671616;0.001794048;0.001362944;0.001831936;0.0021360640000000005;0.0014458880000000002;0.002523136;0.003072;0.001878016;0.00088064;0.001263616;0.001680384;0.0016435199999999999;0.0011960319999999999;0.00093696;0.0007413760000000001;0.000897024;0.001122304;0.0008325120000000001;0.000799744;0.000842752;0.000646144;0.0007219199999999999;0.001275904;0.0013424640000000002;0.0010014719999999998;0.000688128;0.0005621760000000001;0.00047616000000000005
1790064000,hdr,0.0293;0.03906;0.04883;0.05859;0.06836;0.07813;0.08789;0.09766;0.10742;0.11719;0.12695;0.13672;0.14648;0.15625;0.16602;0.17578;0.18555;0.19531;0.20508;0.21484;0.22461;0.23438;0.24414;0.25391;0.26367;0.27344;0.2832;0.29297;0.30273;0.3125;0.32227;0.33203;0.3418;0.35156;0.36133;0.37109;0.38086;0.39063;0.40039;0.41016;0.41992;0.42969;0.43945;0.44922;0.45898;0.46875;0.47852;0.48828;0.49805;0.50781;0.51758;0.52734;0.53711;0.54688;0.55664;0.56641;0.57617;0.58594;0.5957;0.60547;0.61523;0.625;0.63477;0.64453;0.6543;0.66406;0.67383;0.68359;0.69336;0.70313;0.71289;0.72266;0.73242;0.74219;0.75195;0.76172;0.77148;0.78125;0.79102,0.002584576;0.004174848;0.005872639999999999;0.009792512000000001;0.011802624;0.011823104000000001;0.022593536;0.03132928;0.028537856;0.03866111999999999;0.04622028799999999;0.043088896;0.071196672;0.06627328;0.06343168;0.05569536;0.042668032;0.042202112;0.067745792;0.055979008000000004;0.046974975999999995;0.038320127999999995;0.015450112;0.03462656;0.026418175999999998;0.021121024;0.021285888;0.014728192;0.012438528;0.007752704;0.009028608;0.010797056;0.009651199999999999;0.00832;0.006607872;0.004042752;0.004365312;0.005013504;0.006244352;0.007673856;0.0072284160000000005;0.005250047999999999;0.004529152;0.0031375360000000002;0.003596288;0.005592063999999999;0.004554752;0.003924992;0.003111936;0.0037888;0.004063232;0.002811904;0.0019394560000000002;0.002147328;0.0021207039999999997;0.002640896;0.0017735679999999999;0.001521664;0.00139776;0.0016168960000000003;0.002138112;0.00180224;0.001604608;0.0009717759999999999;0.0012451839999999999;0.0013240320000000002;0.000694272;0.00104448;0.0009727999999999999;0.0011356159999999999;0.001021952;0.0010496000000000001;0.000812032;0.000734208;0.001097728;0.001099776;0.001002496;0.000910336;0.000504832
1790064900,hdr,0.0293;0.03906;0.04883;0.05859;0.06836;0.07813;0.08789;0.09766;0.10742;0.11719;0.12695;0.13672;0.14648;0.15625;0.16602;0.17578;0.18555;0.19531;0.20508;0.21484;0.22461;0.23438;0.24414;0.25391;0.26367;0.27344;0.2832;0.29297;0.30273;0.3125;0.32227;0.33203;0.3418;0.35156;0.36133;0.37109;0.38086;0.39063;0.40039;0.41016;0.41992;0.42969;0.43945;0.44922;0.45898;0.46875;0.47852;0.48828;0.49805;0.50781;0.51758;0.52734;0.53711;0.54688;0.55664;0.56641;0.57617;0.58594;0.5957;0.60547;0.61523;0.625;0.63477;0.64453;0.6543;0.66406;0.67383;0.68359;0.69336;0.70313;0.71289;0.72266;0.73242;0.74219;0.75195;0.76172;0.77148;0.78125;0.79102,0.0020746239999999997;0.007443456;0.011635712;0.008956928;0.015192064;0.015197183999999999;0.02141184;0.024267776;0.033713152;0.051959808;0.044288;0.059561984000000005;0.07256780800000001;0.11215052799999999;0.07555072;0.029199359999999997;0.030802944;0.036003839999999995;0.03085824;0.041976832000000006;0.036608;0.038237184;0.025777152;0.033107968;0.029842432;0.018701312;0.011114496000000001;0.009888768;0.008952832;0.011158528000000001;0.009574400000000002;0.010742784;0.006375424;0.005994496;0.009945088;0.010307584000000002;0.006888448;0.004571136000000001;0.00441856;0.00473088;0.003708928;0.003922944;0.003451904;0.0034242560000000005;0.0024709120000000005;0.002962432;0.002976768;0.0029859840000000006;0.0026439680000000004;0.002208768;0.003914752;0.003422208;0.003365888;0.0030464;0.002019328;0.001127424;0.0006912;0.0020029439999999996;0.002428928;0.0024924160000000003;0.0022835200000000003;0.001615872;0.0017459199999999998;0.001637376;0.001188864;0.001338368;0.0013240320000000002;0.001137664;0.000840704;0.000918528;0.0006963200000000001;0.000555008;0.0007976959999999999;0.0007843840000000001;0.000989184;0.001184768;0.0008355839999999999;0.000617472;0.000630784
1790065800,hdr,0.0293;0.03906;0.04883;0.05859;0.06836;0.07813;0.08789;0.09766;0.10742;0.11719;0.12695;0.13672;0.14648;0.15625;0.16602;0.17578;0.18555;0.19531;0.20508;0.21484;0.22461;0.23438;0.24414;0.25391;0.26367;0.27344;0.2832;0.29297;0.30273;0.3125;0.32227;0.33203;0.3418;0.35156;0.36133;0.37109;0.38086;0.39063;0.40039;0.41016;0.41992;0.42969;0.43945;0.44922;0.45898;0.46875;0.47852;0.48828;0.49805;0.50781;0.51758;0.52734;0.53711;0.54688;0.55664;0.56641;0.57617;0.58594;0.5957;0.60547;0.61523;0.625;0.63477;0.64453;0.6543;0.66406;0.67383;0.68359;0.69336;0.70313;0.71289;0.72266;0.73242;0.74219;0.75195;0.76172;0.77148;0.78125;0.79102,0.002275328;0.0024391680000000002;0.008633344;0.009824256;0.012142592;0.019263488;0.023017472;0.023492608;0.041777152000000005;0.040081408000000006;0.040070144;0.0477952;0.070217728;0.0609024;0.059796480000000006;0.040306688;0.031699967999999995;0.03680256;0.048211968;0.050178047999999996;0.047474688;0.040895488;0.030700544000000003;0.015715328;0.013217791999999999;0.019518464;0.013092864000000001;0.012203008;0.01246208;0.010372096;0.011528192000000001;0.01326592;0.012197888;0.009141248;0.00868864;0.005691392;0.008448;0.00677888;0.007686143999999999;0.007424;0.009911296;0.0060958720000000004;0.004396032;0.004279296;0.0025333760000000004;0.0032808959999999997;0.0037724160000000002;0.0027863040000000003;0.003324928;0.0037836799999999998;0.0040519679999999995;0.003013632;0.0025251839999999998;0.002811904;0.001705984;0.001088512;0.0009625599999999999;0.0011714560000000002;0.0011601919999999998;0.001149952;0.001462272;0.001743872;0.0021534719999999996;0.001758208;0.0017971200000000001;0.001654784;0.001349632;0.000966656;0.0007936;0.000730112;0.0005089280000000001;0.00059904;0.000643072;0.000642048;0.000939008;0.000799744;0.000690176;0.000775168;0.000626688
1790066700,hdr,0.0293;0.03906;0.04883;0.05859;0.06836;0.07813;0.08789;0.09766;0.10742;0.11719;0.12695;0.13672;0.14648;0.15625;0.16602;0.17578;0.18555;0.19531;0.20508;0.21484;0.22461;0.23438;0.24414;0.25391;0.26367;0.27344;0.2832;0.29297;0.30273;0.3125;0.32227;0.33203;0.3418;0.35156;0.36133;0.37109;0.38086;0.39063;0.40039;0.41016;0.41992;0.42969;0.43945;0.44922;0.45898;0.46875;0.47852;0.48828;0.49805;0.50781;0.51758;0.52734;0.53711;0.54688;0.55664;0.56641;0.57617;0.58594;0.5957;0.60547;0.61523;0.625;0.63477;0.64453;0.6543;0.66406;0.67383;0.68359;0.69336;0.70313;0.71289;0.72266;0.73242;0.74219;0.75195;0.76172;0.77148;0.78125;0.79102,0.005092352;0.011317248;0.010218495999999999;0.009955328;0.014618624;0.006736896;0.003265536;0.020996096000000002;0.052553728;0.052680703999999995;0.028112896000000002;0.036674559999999995;0.07709184000000001;0.07109836799999998;0.038298623999999996;0.049800192;0.034476032;0.022498304;0.067013632;0.035213312000000004;0.024910848000000003;0.033967104;0.0311552;0.024649728;0.019509248;0.018502656000000003;0.01686016;0.018561024000000002;0.010636288;0.006595584;0.007820288;0.007984128;0.006946816;0.005690368;0.003460096;0.004895744;0.00597504;0.00562176;0.004870144;0.006295551999999999;0.007095296;0.006736896;0.004588544;0.00457216;0.00400896;0.0035348480000000006;0.003902464;0.003421184;0.004457472;0.003323904;0.003183616;0.003818496;0.0025497600000000003;0.001558528;0.0019128320000000002;0.001734656;0.001258496;0.0014796800000000001;0.00126976;0.0012369920000000001;0.002287616;0.0023572479999999997;0.001799168;0.0012554240000000002;0.001359872;0.000996352;0.001229824;0.001263616;0.0010496000000000001;0.0012359679999999998;0.000999424;0.000917504;0.001096704;0.0011120639999999998;0.0010833919999999999;0.000671744;0.0006604799999999999;0.000730112;0.000869376
1790068500,hdr,0.0293;0.03906;0.04883;0.05859;0.06836;0.07813;0.08789;0.09766;0.10742;0.11719;0.12695;0.13672;0.14648;0.15625;0.16602;0.17578;0.18555;0.19531;0.20508;0.21484;0.22461;0.23438;0.24414;0.25391;0.26367;0.27344;0.2832;0.29297;0.30273;0.3125;0.32227;0.33203;0.3418;0.35156;0.36133;0.37109;0.38086;0.39063;0.40039;0.41016;0.41992;0.42969;0.43945;0.44922;0.45898;0.46875;0.47852;0.48828;0.49805;0.50781;0.51758;0.52734;0.53711;0.54688;0.55664;0.56641;0.57617;0.58594;0.5957;0.60547;0.61523;0.625;0.63477;0.64453;0.6543;0.66406;0.67383;0.68359;0.69336;0.70313;0.71289;0.72266;0.73242;0.74219;0.75195;0.76172;0.77148;0.78125;0.79102,0.004122624;0.0038338559999999996;0.004640767999999999;0.007801855999999999;0.010175488;0.010051584;0.01450496;0.024142848;0.05124096;0.04093644799999999;0.039530496;0.065384448;0.123308032;0.08209715199999999;0.055020544000000005;0.04791808;0.04395827200000001;0.040180736;0.042358784;0.054996992;0.059037695999999994;0.054265856;0.02937856;0.04036607999999999;0.023519232;0.016493568;0.013980672000000001;0.015037440000000001;0.014839808;0.017355775999999996;0.011654144;0.008798208;0.008897536;0.007892992;0.011296768;0.013957119999999998;0.008421376;0.005228544;0.00641024;0.00674304;0.005442560000000001;0.005156864;0.0060037120000000005;0.003751936;0.004372480000000001;0.00452608;0.00408064;0.0043335679999999994;0.0034406400000000005;0.002844672;0.003751936;0.002881536;0.003386368;0.004045824;0.00500224;0.002852864;0.0019087359999999999;0.0016220159999999998;0.00194048;0.0024299520000000004;0.0029491200000000004;0.00218112;0.001862656;0.001581056;0.0016097280000000002;0.001529856;0.00213504;0.0016670720000000001;0.001154048;0.00193536;0.00158208;0.001091584;0.001276928;0.00110592;0.001016832;0.001253376;0.0012728319999999998;0.001212416;0.000825344
1790069400,hdr,0.0293;0.03906;0.04883;0.05859;0.06836;0.07813;0.08789;0.09766;0.10742;0.11719;0.12695;0.13672;0.14648;0.15625;0.16602;0.17578;0.18555;0.19531;0.20508;0.21484;0.22461;0.23438;0.24414;0.25391;0.26367;0.27344;0.2832;0.29297;0.30273;0.3125;0.32227;0.33203;0.3418;0.35156;0.36133;0.37109;0.38086;0.39063;0.40039;0.41016;0.41992;0.42969;0.43945;0.44922;0.45898;0.46875;0.47852;0.48828;0.49805;0.50781;0.51758;0.52734;0.53711;0.54688;0.55664;0.56641;0.57617;0.58594;0.5957;0.60547;0.61523;0.625;0.63477;0.64453;0.6543;0.66406;0.67383;0.68359;0.69336;0.70313;0.71289;0.72266;0.73242;0.74219;0.75195;0.76172;0.77148;0.78125;0.79102,0.003076096;0.006956032;0.009146368;0.009821184000000002;0.009372672;0.006829056;0.011746304;0.014106624;0.014988288;0.020245504;0.037762048;0.062705664;0.068380672;0.073064448;0.111015936;0.07341875199999999;0.028270592;0.03161088;0.050592767999999996;0.08796672;0.068262912;0.040157184;0.03235328;0.0407296;0.028484608;0.024653824;0.01680384;0.01570816;0.019042304;0.014501888;0.011088896;0.007593984;0.007735296;0.010488832;0.012569599999999998;0.009549823999999998;0.00921088;0.008338431999999998;0.004450304;0.004146176;0.005118976;0.008126464;0.007241728;0.0023941119999999995;0.00422912;0.0041093119999999995;0.003679232;0.003064832;0.00281088;0.003731456;0.00410624;0.0033976320000000003;0.0032839680000000004;0.002390016;0.0032174079999999997;0.003373056;0.0022374400000000003;0.00283136;0.0041963519999999995;0.005030912;0.002398208;0.001806336;0.001586176;0.001591296;0.0011448320000000001;0.00136192;0.00160256;0.001451008;0.0009256959999999999;0.0007557120000000001;0.000812032;0.00075776;0.001406976;0.0010649599999999998;0.000635904;0.000841728;0.001021952;0.00111104;0.001014784
1790070300,hdr,0.0293;0.03906;0.04883;0.05859;0.06836;0.07813;0.08789;0.09766;0.10742;0.11719;0.12695;0.13672;0.14648;0.15625;0.16602;0.17578;0.18555;0.19531;0.20508;0.21484;0.22461;0.23438;0.24414;0.25391;0.26367;0.27344;0.2832;0.29297;0.30273;0.3125;0.32227;0.33203;0.3418;0.35156;0.36133;0.37109;0.38086;0.39063;0.40039;0.41016;0.41992;0.42969;0.43945;0.44922;0.45898;0.46875;0.47852;0.48828;0.49805;0.50781;0.51758;0.52734;0.53711;0.54688;0.55664;0.56641;0.57617;0.58594;0.5957;0.60547;0.61523;0.625;0.63477;0.64453;0.6543;0.66406;0.67383;0.68359;0.69336;0.70313;0.71289;0.72266;0.73242;0.74219;0.75195;0.76172;0.77148;0.78125;0.79102,0.005561344;0.008288256;0.005407744;0.010181632;0.015083520000000001;0.011144192;0.007212032;0.018777088;0.032534528;0.032912384;0.051677183999999994;0.092643328;0.124371968;0.111302656;0.089752576;0.0461824;0.026468352;0.046848;0.051234815999999996;0.046299136;0.058971136;0.058728447999999996;0.033057792;0.026400768;0.047933439999999994;0.025739263999999998;0.012862464;0.014564352;0.016055296;0.018774016;0.016068608;0.013362176;0.014475264;0.011585536;0.015242239999999999;0.011909119999999999;0.009388032000000001;0.007940095999999999;0.006531072;0.005736448;0.007732224;0.004503552;0.006137856;0.005763072;0.003908608;0.005549056;0.0046991360000000005;0.004104192;0.005037056;0.004713472000000001;0.0023388159999999996;0.002768896;0.0046223359999999995;0.003915776;0.005372928;0.003908608;0.0023408640000000002;0.0021442559999999998;0.002241536;0.002423808;0.0018196479999999999;0.0022558720000000003;0.0016097280000000002;0.0015769599999999999;0.0017889280000000002;0.001548288;0.001591296;0.001557504;0.0013199359999999999;0.001125376;0.00103936;0.0010465279999999997;0.0013322240000000001;0.001409024;0.0015943679999999999;0.00125952;0.001107968;0.001159168;0.0011427840000000002
1790071200,hdr,0.0293;0.03906;0.04883;0.05859;0.06836;0.07813;0.08789;0.09766;0.10742;0.11719;0.12695;0.13672;0.14648;0.15625;0.16602;0.17578;0.18555;0.19531;0.20508;0.21484;0.22461;0.23438;0.24414;0.25391;0.26367;0.27344;0.2832;0.29297;0.30273;0.3125;0.32227;0.33203;0.3418;0.35156;0.36133;0.37109;0.38086;0.39063;0.40039;0.41016;0.41992;0.42969;0.43945;0.44922;0.45898;0.46875;0.47852;0.48828;0.49805;0.50781;0.51758;0.52734;0.53711;0.54688;0.55664;0.56641;0.57617;0.58594;0.5957;0.60547;0.61523;0.625;0.63477;0.64453;0.6543;0.66406;0.67383;0.68359;0.69336;0.70313;0.71289;0.72266;0.73242;0.74219;0.75195;0.76172;0.77148;0.78125;0.79102,0.001185792;0.0034375680000000002;0.004877312;0.006077440000000001;0.012363776;0.009004032;0.00758784;0.012700672;0.024197120000000003;0.025381888;0.036483072;0.047202303999999994;0.05632511999999999;0.10657792;0.080252928;0.056629248;0.033412095999999995;0.037656576000000004;0.032053248000000006;0.0425728;0.068196352;0.06879539200000001;0.057624576000000004;0.050497536;0.034291712;0.026604544;0.011501568000000002;0.008146944;0.010039296;0.011498495999999999;0.013591552;0.008303616;0.010005504;0.012232704;0.01367552;0.011471872;0.009163776;0.006761472000000001;0.009161728000000001;0.016458752;0.013312;0.0059136;0.007830528;0.006836223999999999;0.005693439999999999;0.004734975999999999;0.004570112;0.00581632;0.0051619840000000005;0.004033536;0.002587648;0.00313856;0.0031068159999999997;0.00312832;0.003678208;0.0034252799999999997;0.003546112;0.002336768;0.003318784;0.0028129279999999997;0.002603008;0.0033003520000000003;0.0030453760000000002;0.002195456;0.0014878720000000001;0.0011509760000000002;0.0009574399999999999;0.0013639680000000001;0.00142848;0.0012523519999999998;0.001647616;0.001741824;0.001352704;0.0007137280000000001;0.0008744960000000001;0.001027072;0.0009400319999999999;0.00073216;0.000703488
1790072100,hdr,0.0293;0.03906;0.04883;0.05859;0.06836;0.07813;0.08789;0.09766;0.10742;0.11719;0.12695;0.13672;0.14648;0.15625;0.16602;0.17578;0.18555;0.19531;0.20508;0.21484;0.22461;0.23438;0.24414;0.25391;0.26367;0.27344;0.2832;0.29297;0.30273;0.3125;0.32227;0.33203;0.3418;0.35156;0.36133;0.37109;0.38086;0.39063;0.40039;0.41016;0.41992;0.42969;0.43945;0.44922;0.45898;0.46875;0.47852;0.48828;0.49805;0.50781;0.51758;0.52734;0.53711;0.54688;0.55664;0.56641;0.57617;0.58594;0.5957;0.60547;0.61523;0.625;0.63477;0.64453;0.6543;0.66406;0.67383;0.68359;0.69336;0.70313;0.71289;0.72266;0.73242;0.74219;0.75195;0.76172;0.77148;0.78125;0.79102,0.0017858560000000002;0.001251328;0.000510976;0.005219328;0.010117119999999999;0.006206464000000001;0.007536640000000001;0.031613952;0.053453824000000004;0.058532864;0.080472064;0.063904768;0.07135744000000001;0.105486336;0.068575232;0.062660608;0.033795072;0.032596992;0.03158528;0.066130944;0.072834048;0.07068262400000001;0.063538176;0.033956864;0.027808768;0.016233472;0.021441536;0.032394240000000005;0.030537728000000004;0.014647296;0.016579583999999998;0.017634304;0.019744768;0.019137536;0.009946112;0.007576576;0.010981375999999998;0.009773056;0.006762495999999999;0.007283712;0.008855552;0.006721536;0.0046295039999999996;0.004512768;0.004092928;0.006291456;0.010190848;0.010163199999999999;0.006508544;0.006243328;0.006649856;0.005594112;0.005158912;0.00443904;0.003666944;0.0021913600000000003;0.002697216;0.002125824;0.002883584;0.00350208;0.004306943999999999;0.003008512;0.002542592;0.00190976;0.0024104960000000003;0.003016704;0.0029695999999999998;0.00247296;0.001432576;0.001084416;0.001782784;0.0021534719999999996;0.001286144;0.000987136;0.00097792;0.00088576;0.0012001280000000002;0.0011704320000000001;0.0010803199999999998
1790073000,hdr,0.0293;0.03906;0.04883;0.05859;0.06836;0.07813;0.08789;0.09766;0.10742;0.11719;0.12695;0.13672;0.14648;0.15625;0.16602;0.17578;0.18555;0.19531;0.20508;0.21484;0.22461;0.23438;0.24414;0.25391;0.26367;0.27344;0.2832;0.29297;0.30273;0.3125;0.32227;0.33203;0.3418;0.35156;0.36133;0.37109;0.38086;0.39063;0.40039;0.41016;0.41992;0.42969;0.43945;0.44922;0.45898;0.46875;0.47852;0.48828;0.49805;0.50781;0.51758;0.52734;0.53711;0.54688;0.55664;0.56641;0.57617;0.58594;0.5957;0.60547;0.61523;0.625;0.63477;0.64453;0.6543;0.66406;0.67383;0.68359;0.69336;0.70313;0.71289;0.72266;0.73242;0.74219;0.75195;0.76172;0.77148;0.78125;0.79102,0.0019537919999999998;0.0009697280000000001;0.001210368;0.004708352;0.008383488;0.00579584;0.013724672;0.03177984;0.051710976000000006;0.054375424;0.06494208;0.062484479999999995;0.09586380800000001;0.16457728;0.11716096000000001;0.05016064;0.043508736;0.041741311999999996;0.039991295999999996;0.045036544000000005;0.068753408;0.064387072;0.07539302399999999;0.058644480000000006;0.046460928;0.052922368000000004;0.036540416;0.025636864;0.023599104;0.017974272;0.011502592;0.014589952000000002;0.015755264;0.016850944;0.014304256000000001;0.015000576000000002;0.014835712;0.011754496;0.017690624;0.011704319999999999;0.007140352;0.008246271999999999;0.00871936;0.008515584000000001;0.009260032000000001;0.005139456;0.00544768;0.004588544;0.001483776;0.0044902399999999995;0.006133759999999999;0.005124096;0.0054528;0.004677631999999999;0.004068352;0.003807232;0.002596864;0.002881536;0.0025077759999999998;0.0021780479999999997;0.0018698239999999997;0.0019169279999999998;0.002205696;0.002612224;0.0027279360000000002;0.0021964800000000002;0.0018196479999999999;0.001854464;0.0017152;0.00168448;0.001082368;0.001395712;0.0015851519999999998;0.001065984;0.0009830400000000001;0.000818176;0.001408;0.001265664;0.000787456
1790073900,hdr,0.0293;0.03906;0.04883;0.05859;0.06836;0.07813;0.08789;0.09766;0.10742;0.11719;0.12695;0.13672;0.14648;0.15625;0.16602;0.17578;0.18555;0.19531;0.20508;0.21484;0.22461;0.23438;0.24414;0.25391;0.26367;0.27344;0.2832;0.29297;0.30273;0.3125;0.32227;0.33203;0.3418;0.35156;0.36133;0.37109;0.38086;0.39063;0.40039;0.41016;0.41992;0.42969;0.43945;0.44922;0.45898;0.46875;0.47852;0.48828;0.49805;0.50781;0.51758;0.52734;0.53711;0.54688;0.55664;0.56641;0.57617;0.58594;0.5957;0.60547;0.61523;0.625;0.63477;0.64453;0.6543;0.66406;0.67383;0.68359;0.69336;0.70313;0.71289;0.72266;0.73242;0.74219;0.75195;0.76172;0.77148;0.78125;0.79102,0.0027842559999999997;0.007078912000000001;0.009791488;0.00795648;0.013371392;0.010244096000000001;0.012517376;0.026862592;0.066768896;0.06799872;0.069592064;0.082563072;0.09460223999999999;0.14245478399999997;0.116405248;0.07381504;0.030707711999999998;0.040834048000000005;0.06166528;0.07513190400000001;0.080741376;0.10326528;0.05835264;0.03763609600000001;0.052713472000000004;0.054843392;0.035621888;0.03179008;0.027639808;0.020049920000000002;0.014693376000000001;0.023817215999999995;0.018254847999999997;0.017901568;0.012964864;0.018256896;0.017004543999999996;0.009373695999999999;0.014885887999999998;0.010753024;0.00813056;0.006474751999999999;0.010702848;0.013026304;0.011726848;0.008707072;0.007883776;0.007550976000000001;0.00650752;0.005815296;0.005142528;0.004612096;0.0046970879999999994;0.004395008;0.002798592;0.003551232;0.003489792;0.002588672;0.002768896;0.0024381439999999997;0.001979392;0.0023592960000000003;0.00271872;0.003473408;0.003171328;0.001893376;0.002425856;0.0022835200000000003;0.001696768;0.001558528;0.00129024;0.001327104;0.0012646399999999998;0.0011366400000000002;0.0009318400000000001;0.001217536;0.001149952;0.001212416;0.001502208
1790074800,hdr,0.0293;0.03906;0.04883;0.05859;0.06836;0.07813;0.08789;0.09766;0.10742;0.11719;0.12695;0.13672;0.14648;0.15625;0.16602;0.17578;0.18555;0.19531;0.20508;0.21484;0.22461;0.23438;0.24414;0.25391;0.26367;0.27344;0.2832;0.29297;0.30273;0.3125;0.32227;0.33203;0.3418;0.35156;0.36133;0.37109;0.38086;0.39063;0.40039;0.41016;0.41992;0.42969;0.43945;0.44922;0.45898;0.46875;0.47852;0.48828;0.49805;0.50781;0.51758;0.52734;0.53711;0.54688;0.55664;0.56641;0.57617;0.58594;0.5957;0.60547;0.61523;0.625;0.63477;0.64453;0.6543;0.66406;0.67383;0.68359;0.69336;0.70313;0.71289;0.72266;0.73242;0.74219;0.75195;0.76172;0.77148;0.78125;0.79102,0.002331648;0.008078336;0.01167872;0.006146048;0.008576;0.006726656;0.019409919999999997;0.041692160000000006;0.056812544;0.050727936;0.055487487999999995;0.053174272;0.07686553600000001;0.08093286400000001;0.114281472;0.060818432;0.054086656;0.059575296;0.087335936;0.08829952;0.055052288;0.05900288;0.07572480000000001;0.044649472;0.036611072;0.038125568;0.041048063999999995;0.032741376;0.023208960000000004;0.023823360000000002;0.017709056;0.016894976;0.012598271999999999;0.019955712;0.01832448;0.013033471999999999;0.013889536;0.01967616;0.012318720000000002;0.00708096;0.0063774719999999995;0.008070144000000001;0.008426496;0.009878528;0.007213056;0.006961152;0.006611968;0.0064512;0.004909055999999999;0.005139456;0.003521536;0.003634176;0.004432896;0.005835776;0.004297728;0.003122176;0.0029952000000000004;0.002577408;0.002530304;0.002617344;0.002364416;0.002553856;0.002914304;0.0017971200000000001;0.001564672;0.001527808;0.001091584;0.001603584;0.001328128;0.000771072;0.001139712;0.000918528;0.00100352;0.0008560640000000001;0.0008929280000000001;0.00093696;0.001338368;0.0009717759999999999;0.00093696
1790075700,hdr,0.0293;0.03906;0.04883;0.05859;0.06836;0.07813;0.08789;0.09766;0.10742;0.11719;0.12695;0.13672;0.14648;0.15625;0.16602;0.17578;0.18555;0.19531;0.20508;0.21484;0.22461;0.23438;0.24414;0.25391;0.26367;0.27344;0.2832;0.29297;0.30273;0.3125;0.32227;0.33203;0.3418;0.35156;0.36133;0.37109;0.38086;0.39063;0.40039;0.41016;0.41992;0.42969;0.43945;0.44922;0.45898;0.46875;0.47852;0.48828;0.49805;0.50781;0.51758;0.52734;0.53711;0.54688;0.55664;0.56641;0.57617;0.58594;0.5957;0.60547;0.61523;0.625;0.63477;0.64453;0.6543;0.66406;0.67383;0.68359;0.69336;0.70313;0.71289;0.72266;0.73242;0.74219;0.75195;0.76172;0.77148;0.78125;0.79102,0.0054159360000000005;0.011625472;0.010356735999999998;0.010033152;0.020320256000000002;0.012762112;0.00907776;0.033961984;0.061289472000000005;0.050470912;0.06933504000000001;0.078005248;0.09844736;0.11908608;0.084117504;0.06760652799999999;0.053019647999999996;0.048498688000000005;0.0446464;0.061501440000000004;0.10847641599999999;0.1229056;0.059864064;0.07858995199999999;0.054991872000000004;0.030964735999999996;0.022710272;0.015975424000000002;0.028080127999999996;0.023865344;0.014693376000000001;0.011826175999999999;0.010387456;0.012782591999999999;0.012411904;0.011506688;0.00815104;0.007277567999999999;0.007211008;0.008646656;0.010517504;0.010900479999999999;0.008253439999999999;0.007852032;0.008559616;0.006178816000000001;0.006587392000000001;0.0037765119999999997;0.002497536;0.0035522559999999997;0.0030976;0.00399872;0.004364288000000001;0.003489792;0.0023930880000000002;0.0020224;0.0017858560000000002;0.0014499839999999999;0.002307072;0.001972224;0.00176128;0.0015738879999999998;0.001824768;0.001114112;0.000559104;0.0008468480000000001;0.00125952;0.001317888;0.001934336;0.001906688;0.0012032;0.001232896;0.0011048960000000002;0.001130496;0.000704512;0.00050688;0.0006225919999999999;0.0008192000000000001;0.0007843840000000001
1790076600,hdr,0.0293;0.03906;0.04883;0.05859;0.06836;0.07813;0.08789;0.09766;0.10742;0.11719;0.12695;0.13672;0.14648;0.15625;0.16602;0.17578;0.18555;0.19531;0.20508;0.21484;0.22461;0.23438;0.24414;0.25391;0.26367;0.27344;0.2832;0.29297;0.30273;0.3125;0.32227;0.33203;0.3418;0.35156;0.36133;0.37109;0.38086;0.39063;0.40039;0.41016;0.41992;0.42969;0.43945;0.44922;0.45898;0.46875;0.47852;0.48828;0.49805;0.50781;0.51758;0.52734;0.53711;0.54688;0.55664;0.56641;0.57617;0.58594;0.5957;0.60547;0.61523;0.625;0.63477;0.64453;0.6543;0.66406;0.67383;0.68359;0.69336;0.70313;0.71289;0.72266;0.73242;0.74219;0.75195;0.76172;0.77148;0.78125;0.79102,0.009382911999999998;0.006780928;0.006268928;0.004450304;0.01059328;0.01177088;0.019060735999999998;0.035220480000000005;0.055804928;0.08337510399999999;0.09893376000000001;0.085613568;0.13058867200000002;0.196808704;0.153775104;0.06544281599999999;0.054130688;0.07079219199999999;0.096894976;0.127251456;0.110339072;0.078006272;0.087217152;0.079430656;0.04572160000000001;0.032067583999999996;0.023233536;0.019844096000000002;0.012370944;0.012805120000000001;0.017338368;0.018671616000000002;0.010559487999999999;0.009821184000000002;0.011743232;0.009142272000000002;0.006324224;0.008738816;0.00703488;0.00871936;0.007292928;0.006449152;0.005030912;0.006550528;0.0073902080000000005;0.008879103999999999;0.005251072;0.004544512;0.005900287999999999;0.004498432;0.00408064;0.003163136;0.002571264;0.002404352;0.0021196799999999997;0.0018257920000000001;0.0014438399999999998;0.001399808;0.003278848;0.002885632;0.001498112;0.001333248;0.0015892480000000001;0.001860608;0.001668096;0.0012247039999999999;0.000817152;0.001188864;0.0013895679999999999;0.001457152;0.001195008;0.000907264;0.0006993920000000001;0.0009758719999999999;0.001050624;0.001247232;0.001099776;0.000765952;0.000842752
1790077500,hdr,0.0293;0.03906;0.04883;0.05859;0.06836;0.07813;0.08789;0.09766;0.10742;0.11719;0.12695;0.13672;0.14648;0.15625;0.16602;0.17578;0.18555;0.19531;0.20508;0.21484;0.22461;0.23438;0.24414;0.25391;0.26367;0.27344;0.2832;0.29297;0.30273;0.3125;0.32227;0.33203;0.3418;0.35156;0.36133;0.37109;0.38086;0.39063;0.40039;0.41016;0.41992;0.42969;0.43945;0.44922;0.45898;0.46875;0.47852;0.48828;0.49805;0.50781;0.51758;0.52734;0.53711;0.54688;0.55664;0.56641;0.57617;0.58594;0.5957;0.60547;0.61523;0.625;0.63477;0.64453;0.6543;0.66406;0.67383;0.68359;0.69336;0.70313;0.71289;0.72266;0.73242;0.74219;0.75195;0.76172;0.77148;0.78125;0.79102,0.002646016;0.009472;0.007042048;0.008477696;0.012444672;0.014322688;0.024100864000000003;0.039218176;0.05267968;0.052995072;0.112380928;0.10309836799999998;0.093452288;0.11697152000000001;0.152735744;0.10033152000000001;0.08696934400000002;0.073490432;0.11747225600000001;0.190775296;0.1724416;0.109361152;0.080169984;0.072764416;0.0508416;0.041243648;0.020695039999999998;0.023663616000000002;0.018394112;0.02496512;0.025410560000000002;0.0216832;0.015118336;0.013236224;0.015301631999999999;0.012638208;0.006248447999999999;0.008420351999999999;0.006349824;0.009174016;0.0070144000000000005;0.005614592;0.0067604480000000005;0.0059238400000000005;0.004176895999999999;0.0057999359999999995;0.007886848;0.007881728;0.005957632000000001;0.004035584;0.004475903999999999;0.0035399679999999997;0.0036382720000000006;0.003986432;0.003500032;0.002331648;0.001668096;0.002412544;0.001705984;0.001089536;0.002274304;0.002030592;0.001686528;0.0022026240000000002;0.001600512;0.001651712;0.0020172799999999998;0.0015513600000000001;0.00145408;0.0013117439999999999;0.001174528;0.0014151679999999999;0.001504256;0.0012113920000000002;0.000891904;0.000828416;0.001143808;0.001015808;0.0010752000000000001
1790078400,hdr,0.0293;0.03906;0.04883;0.05859;0.06836;0.07813;0.08789;0.09766;0.10742;0.11719;0.12695;0.13672;0.14648;0.15625;0.16602;0.17578;0.18555;0.19531;0.20508;0.21484;0.22461;0.23438;0.24414;0.25391;0.26367;0.27344;0.2832;0.29297;0.30273;0.3125;0.32227;0.33203;0.3418;0.35156;0.36133;0.37109;0.38086;0.39063;0.40039;0.41016;0.41992;0.42969;0.43945;0.44922;0.45898;0.46875;0.47852;0.48828;0.49805;0.50781;0.51758;0.52734;0.53711;0.54688;0.55664;0.56641;0.57617;0.58594;0.5957;0.60547;0.61523;0.625;0.63477;0.64453;0.6543;0.66406;0.67383;0.68359;0.69336;0.70313;0.71289;0.72266;0.73242;0.74219;0.75195;0.76172;0.77148;0.78125;0.79102,0.001558528;0.0031324160000000003;0.004440064;0.008489984;0.014492672;0.01549824;0.022608896;0.032106496;0.061485055999999996;0.078841856;0.059302912;0.07223296000000001;0.141462528;0.216326144;0.175735808;0.070531072;0.08465305600000002;0.09718988799999999;0.079383552;0.07153561600000001;0.093297664;0.109428736;0.115760128;0.094071808;0.036134912;0.042802176;0.037374976;0.03330048;0.019180544;0.014594048;0.0178944;0.024569856;0.017104896;0.008765440000000001;0.006204416;0.010310656;0.011961344;0.016294912;0.014322688;0.011845632;0.007245824;0.006928384;0.007119872;0.007629824;0.007452672;0.0052019200000000005;0.005313536;0.005007360000000001;0.0033024;0.005384192;0.006270975999999999;0.004414464;0.0066334720000000005;0.004161536;0.002823168;0.0020101119999999997;0.002089984;0.0038871039999999997;0.003291136;0.0012544;0.001826816;0.0023848959999999996;0.0019968;0.00159232;0.002673664;0.003360768;0.003223552;0.001429504;0.001308672;0.001831936;0.0014561280000000001;0.000854016;0.0008222720000000001;0.001306624;0.0011714560000000002;0.0011120639999999998;0.001164288;0.000831488;0.000924672
1790079300,hdr,0.0293;0.03906;0.04883;0.05859;0.06836;0.07813;0.08789;0.09766;0.10742;0.11719;0.12695;0.13672;0.14648;0.15625;0.16602;0.17578;0.18555;0.19531;0.20508;0.21484;0.22461;0.23438;0.24414;0.25391;0.26367;0.27344;0.2832;0.29297;0.30273;0.3125;0.32227;0.33203;0.3418;0.35156;0.36133;0.37109;0.38086;0.39063;0.40039;0.41016;0.41992;0.42969;0.43945;0.44922;0.45898;0.46875;0.47852;0.48828;0.49805;0.50781;0.51758;0.52734;0.53711;0.54688;0.55664;0.56641;0.57617;0.58594;0.5957;0.60547;0.61523;0.625;0.63477;0.64453;0.6543;0.66406;0.67383;0.68359;0.69336;0.70313;0.71289;0.72266;0.73242;0.74219;0.75195;0.76172;0.77148;0.78125;0.79102,0.008947712;0.01617408;0.01929728;0.024684544;0.030795776;0.01494016;0.009050112;0.025952255999999996;0.03030528;0.039558144;0.064263168;0.112169984;0.143878144;0.201924608;0.195826688;0.173995008;0.15054336000000001;0.072061952;0.091598848;0.191683584;0.195464192;0.08123392;0.04832768;0.065559552;0.04609536;0.028758016;0.024619008;0.016990208;0.02141184;0.024793088;0.020550656;0.015405056;0.014173184;0.016366592;0.016401408;0.011925504;0.01163264;0.00869888;0.007558144;0.0073062399999999994;0.008635392;0.008892416000000002;0.0061286399999999994;0.007267328000000001;0.006996992;0.006757376;0.0053248;0.005307392;0.00546304;0.004481023999999999;0.003574784;0.003042304;0.00498688;0.005370879999999999;0.003508224;0.00301568;0.003836928;0.0030361600000000004;0.0024852480000000002;0.0024309759999999996;0.003290112;0.003597312;0.003223552;0.002676736;0.0016148479999999999;0.0009523200000000001;0.001077248;0.001099776;0.0011970559999999997;0.0016404479999999999;0.001134592;0.00098816;0.0009758719999999999;0.001087488;0.0012185600000000003;0.001058816;0.000826368;0.000702464;0.0005734399999999999
1790080200,hdr,0.0293;0.03906;0.04883;0.05859;0.06836;0.07813;0.08789;0.09766;0.10742;0.11719;0.12695;0.13672;0.14648;0.15625;0.16602;0.17578;0.18555;0.19531;0.20508;0.21484;0.22461;0.23438;0.24414;0.25391;0.26367;0.27344;0.2832;0.29297;0.30273;0.3125;0.32227;0.33203;0.3418;0.35156;0.36133;0.37109;0.38086;0.39063;0.40039;0.41016;0.41992;0.42969;0.43945;0.44922;0.45898;0.46875;0.47852;0.48828;0.49805;0.50781;0.51758;0.52734;0.53711;0.54688;0.55664;0.56641;0.57617;0.58594;0.5957;0.60547;0.61523;0.625;0.63477;0.64453;0.6543;0.66406;0.67383;0.68359;0.69336;0.70313;0.71289;0.72266;0.73242;0.74219;0.75195;0.76172;0.77148;0.78125;0.79102,0.00567296;0.008792064;0.010441727999999999;0.012442624;0.017681408;0.019610624;0.015606784;0.024132608;0.041534464;0.08074854399999999;0.118009856;0.130659328;0.166769664;0.14474854400000003;0.160366592;0.162883584;0.118192128;0.148624384;0.17708544;0.117567488;0.112671744;0.097742848;0.058534911999999995;0.05041664;0.041111552;0.051371008;0.041032704;0.030867456;0.019965952000000002;0.018808831999999998;0.015601664;0.01701888;0.016609279999999997;0.014477311999999999;0.014745600000000001;0.012935168000000002;0.007496704000000001;0.0077393919999999995;0.01094144;0.007320576;0.0057251839999999995;0.008922112000000001;0.008377344;0.007133184;0.007394304;0.008672256000000001;0.00868864;0.007552;0.004569088;0.0038338559999999996;0.004496384;0.004775936;0.004038656;0.00380416;0.002873344;0.0029695999999999998;0.003815424;0.0032849919999999996;0.002040832;0.002249728;0.002056192;0.002225152;0.002084864;0.002477056;0.0020121600000000003;0.0016650240000000002;0.001601536;0.0022599680000000002;0.001734656;0.001263616;0.0012052480000000001;0.00116224;0.001289216;0.001035264;0.00110592;0.0013219840000000002;0.000891904;0.0007464960000000001;0.001041408
1790081100,hdr,0.0293;0.03906;0.04883;0.05859;0.06836;0.07813;0.08789;0.09766;0.10742;0.11719;0.12695;0.13672;0.14648;0.15625;0.16602;0.17578;0.18555;0.19531;0.20508;0.21484;0.22461;0.23438;0.24414;0.25391;0.26367;0.27344;0.2832;0.29297;0.30273;0.3125;0.32227;0.33203;0.3418;0.35156;0.36133;0.37109;0.38086;0.39063;0.40039;0.41016;0.41992;0.42969;0.43945;0.44922;0.45898;0.46875;0.47852;0.48828;0.49805;0.50781;0.51758;0.52734;0.53711;0.54688;0.55664;0.56641;0.57617;0.58594;0.5957;0.60547;0.61523;0.625;0.63477;0.64453;0.6543;0.66406;0.67383;0.68359;0.69336;0.70313;0.71289;0.72266;0.73242;0.74219;0.75195;0.76172;0.77148;0.78125;0.79102,0.00781824;0.01000448;0.013765632;0.008361984000000001;0.017525759999999998;0.013229056000000001;0.011505663999999999;0.022810623999999998;0.060709888;0.103610368;0.18555904;0.14739456000000004;0.118402048;0.14508032;0.19816345600000002;0.15816192;0.137609216;0.09328025599999999;0.127069184;0.151873536;0.150537216;0.091425792;0.048161792;0.058517504;0.04476313600000001;0.037627904000000004;0.017854464;0.024809472;0.032624639999999996;0.03265536;0.02130944;0.014112768;0.012440576;0.019536895999999998;0.024609792;0.019677184;0.01532928;0.012422144;0.010425344000000001;0.0158976;0.010379264;0.005873664;0.005931008000000001;0.0069888;0.005123071999999999;0.004215808;0.004950016;0.004891648;0.006091776000000001;0.005095424;0.005181440000000001;0.005766143999999999;0.005630976;0.004329472;0.00338432;0.003175424;0.004615167999999999;0.00334336;0.002589696;0.003267584;0.003339264;0.002563072;0.002213888;0.001579008;0.0008069119999999999;0.001440768;0.001125376;0.001055744;0.001507328;0.001457152;0.000779264;0.000857088;0.0010721279999999999;0.00146432;0.001316864;0.001166336;0.0008704;0.000841728;0.0008622079999999999
1790082000,hdr,0.0293;0.03906;0.04883;0.05859;0.06836;0.07813;0.08789;0.09766;0.10742;0.11719;0.12695;0.13672;0.14648;0.15625;0.16602;0.17578;0.18555;0.19531;0.20508;0.21484;0.22461;0.23438;0.24414;0.25391;0.26367;0.27344;0.2832;0.29297;0.30273;0.3125;0.32227;0.33203;0.3418;0.35156;0.36133;0.37109;0.38086;0.39063;0.40039;0.41016;0.41992;0.42969;0.43945;0.44922;0.45898;0.46875;0.47852;0.48828;0.49805;0.50781;0.51758;0.52734;0.53711;0.54688;0.55664;0.56641;0.57617;0.58594;0.5957;0.60547;0.61523;0.625;0.63477;0.64453;0.6543;0.66406;0.67383;0.68359;0.69336;0.70313;0.71289;0.72266;0.73242;0.74219;0.75195;0.76172;0.77148;0.78125;0.79102,0.0036577280000000003;0.008722431999999999;0.007539712;0.012011520000000001;0.019424256;0.02614272;0.014691328;0.03022336;0.067915776;0.09444864;0.124294144;0.15265587199999997;0.15776153599999998;0.147545088;0.147022848;0.13284454400000004;0.10677452800000001;0.106553344;0.123440128;0.1464576;0.1252864;0.1179392;0.07602995199999998;0.077855744;0.062715904;0.03517952;0.02451968;0.021266432;0.024317951999999997;0.019020800000000004;0.020375551999999998;0.01731584;0.013203455999999999;0.018746368;0.015642624;0.009739264000000001;0.01325056;0.0137728;0.012614656;0.010364928000000002;0.010272768;0.005755904;0.004098048000000001;0.005275648;0.00717824;0.006854656;0.007477248000000001;0.006629375999999999;0.003986432;0.003237888;0.002596864;0.002614272;0.003158016;0.003928064;0.0030863360000000003;0.0018155520000000002;0.002188288;0.0018360320000000002;0.0017602560000000002;0.002139136;0.002553856;0.002000896;0.0020398079999999997;0.0013926400000000001;0.001147904;0.001096704;0.001227776;0.001226752;0.0013035520000000001;0.0010946560000000003;0.001257472;0.001084416;0.0005867520000000001;0.000871424;0.000630784;0.000789504;0.0005560319999999999;0.000966656;0.001098752
1790082900,hdr,0.0293;0.03906;0.04883;0.05859;0.06836;0.07813;0.08789;0.09766;0.10742;0.11719;0.12695;0.13672;0.14648;0.15625;0.16602;0.17578;0.18555;0.19531;0.20508;0.21484;0.22461;0.23438;0.24414;0.25391;0.26367;0.27344;0.2832;0.29297;0.30273;0.3125;0.32227;0.33203;0.3418;0.35156;0.36133;0.37109;0.38086;0.39063;0.40039;0.41016;0.41992;0.42969;0.43945;0.44922;0.45898;0.46875;0.47852;0.48828;0.49805;0.50781;0.51758;0.52734;0.53711;0.54688;0.55664;0.56641;0.57617;0.58594;0.5957;0.60547;0.61523;0.625;0.63477;0.64453;0.6543;0.66406;0.67383;0.68359;0.69336;0.70313;0.71289;0.72266;0.73242;0.74219;0.75195;0.76172;0.77148;0.78125;0.79102,0.003268608;0.0055930879999999995;0.005075968;0.0052172799999999995;0.016202752;0.011800575999999998;0.005148672000000001;0.020505600000000002;0.047023103999999996;0.105054208;0.143611904;0.22243532800000002;0.185227264;0.080841728;0.17242316800000002;0.17838489600000002;0.121182208;0.105897984;0.140729344;0.144100352;0.10108211199999999;0.069586944;0.095753216;0.083162112;0.069632;0.051722239999999996;0.04013875199999999;0.031030272;0.02315776;0.030789632;0.031141888000000003;0.021302271999999997;0.016471039999999996;0.018980864;0.017399808;0.011528192000000001;0.013089792;0.014577664;0.008957952000000002;0.013690879999999999;0.012186624;0.008599552;0.008601600000000001;0.005691392;0.006647808;0.005920768;0.005093376;0.0048128;0.003574784;0.0024422399999999996;0.0024811519999999995;0.0042536959999999995;0.0038871039999999997;0.00415744;0.004226048;0.002689024;0.001995776;0.0025528319999999997;0.002879488;0.00218112;0.002142208;0.0018974719999999999;0.001958912;0.001998848;0.001384448;0.001536;0.001496064;0.0012165119999999999;0.001214464;0.00128512;0.001058816;0.0006912;0.000738304;0.0011427840000000002;0.0006656;0.000816128;0.000842752;0.000754688;0.0005867520000000001
1790083800,hdr,0.0293;0.03906;0.04883;0.05859;0.06836;0.07813;0.08789;0.09766;0.10742;0.11719;0.12695;0.13672;0.14648;0.15625;0.16602;0.17578;0.18555;0.19531;0.20508;0.21484;0.22461;0.23438;0.24414;0.25391;0.26367;0.27344;0.2832;0.29297;0.30273;0.3125;0.32227;0.33203;0.3418;0.35156;0.36133;0.37109;0.38086;0.39063;0.40039;0.41016;0.41992;0.42969;0.43945;0.44922;0.45898;0.46875;0.47852;0.48828;0.49805;0.50781;0.51758;0.52734;0.53711;0.54688;0.55664;0.56641;0.57617;0.58594;0.5957;0.60547;0.61523;0.625;0.63477;0.64453;0.6543;0.66406;0.67383;0.68359;0.69336;0.70313;0.71289;0.72266;0.73242;0.74219;0.75195;0.76172;0.77148;0.78125;0.79102,0.0033720319999999996;0.006009856;0.005654528000000001;0.004371456;0.011338752;0.01450496;0.020777984;0.018527232;0.045193216;0.070009856;0.132855808;0.16482918400000002;0.134764544;0.157590528;0.17163161600000001;0.178777088;0.170054656;0.18035916800000001;0.253663232;0.129298432;0.071283712;0.123045888;0.106937344;0.0507392;0.046455807999999994;0.030481407999999998;0.026037248000000002;0.032008192000000005;0.032594944;0.03058176;0.02632704;0.033568768;0.018743296000000003;0.01276416;0.014414848;0.011316224;0.010125312;0.011436032;0.011448320000000001;0.013238272;0.010442752;0.009257984;0.009240576;0.006462464;0.005716992000000001;0.0067655680000000004;0.0037058559999999996;0.005011456;0.005031936;0.004680704000000001;0.004119551999999999;0.004371456;0.003648512;0.00270336;0.0037918720000000004;0.002861056;0.002048;0.0017848319999999999;0.002729984;0.002579456;0.001686528;0.0014110720000000002;0.001954816;0.0023429120000000004;0.0017971200000000001;0.001210368;0.001108992;0.0014346239999999998;0.0011694079999999998;0.0014233599999999998;0.001396736;0.001296384;0.001490944;0.0009216000000000001;0.0006225919999999999;0.000504832;0.000521216;0.000751616;0.0008601600000000001
1790084700,hdr,0.0293;0.03906;0.04883;0.05859;0.06836;0.07813;0.08789;0.09766;0.10742;0.11719;0.12695;0.13672;0.14648;0.15625;0.16602;0.17578;0.18555;0.19531;0.20508;0.21484;0.22461;0.23438;0.24414;0.25391;0.26367;0.27344;0.2832;0.29297;0.30273;0.3125;0.32227;0.33203;0.3418;0.35156;0.36133;0.37109;0.38086;0.39063;0.40039;0.41016;0.41992;0.42969;0.43945;0.44922;0.45898;0.46875;0.47852;0.48828;0.49805;0.50781;0.51758;0.52734;0.53711;0.54688;0.55664;0.56641;0.57617;0.58594;0.5957;0.60547;0.61523;0.625;0.63477;0.64453;0.6543;0.66406;0.67383;0.68359;0.69336;0.70313;0.71289;0.72266;0.73242;0.74219;0.75195;0.76172;0.77148;0.78125;0.79102,0.004819968;0.007195648;0.009710592;0.005267456;0.0143104;0.021732352;0.014148608;0.023499776;0.059983871999999994;0.119382016;0.256084992;0.34131046400000004;0.323328;0.187727872;0.1024256;0.159670272;0.31199232;0.234445824;0.16298905600000002;0.134526976;0.08148992;0.09703833599999999;0.100252672;0.053381120000000004;0.05573632;0.049234943999999996;0.045871104;0.0442624;0.031408128;0.021295104;0.022699008;0.021061631999999997;0.015454207999999999;0.014412800000000002;0.020540416000000002;0.017567744000000003;0.016216064;0.012244992;0.009652224000000001;0.01168896;0.00973312;0.010912768;0.010093567999999999;0.006861824000000001;0.008536064;0.00695296;0.00673792;0.0059985920000000005;0.003703808;0.003781632;0.005041152;0.004872192;0.004144128;0.004370432;0.004469760000000001;0.003043328;0.0025108480000000004;0.0029952000000000004;0.00199168;0.001435648;0.001837056;0.001232896;0.001015808;0.001696768;0.001647616;0.001532928;0.0013701120000000002;0.0010516479999999999;0.001099776;0.001027072;0.001107968;0.001102848;0.001101824;0.000903168;0.000687104;0.000872448;0.0006891520000000001;0.00057856;0.000671744
1790085600,hdr,0.0293;0.03906;0.04883;0.05859;0.06836;0.07813;0.08789;0.09766;0.10742;0.11719;0.12695;0.13672;0.14648;0.15625;0.16602;0.17578;0.18555;0.19531;0.20508;0.21484;0.22461;0.23438;0.24414;0.25391;0.26367;0.27344;0.2832;0.29297;0.30273;0.3125;0.32227;0.33203;0.3418;0.35156;0.36133;0.37109;0.38086;0.39063;0.40039;0.41016;0.41992;0.42969;0.43945;0.44922;0.45898;0.46875;0.47852;0.48828;0.49805;0.50781;0.51758;0.52734;0.53711;0.54688;0.55664;0.56641;0.57617;0.58594;0.5957;0.60547;0.61523;0.625;0.63477;0.64453;0.6543;0.66406;0.67383;0.68359;0.69336;0.70313;0.71289;0.72266;0.73242;0.74219;0.75195;0.76172;0.77148;0.78125;0.79102,0.004359168000000001;0.006192128000000001;0.005139456;0.005126144;0.013295616;0.022441984;0.018847744;0.016437247999999998;0.031386624;0.11830374399999999;0.175382528;0.276924416;0.246047744;0.29658214400000005;0.317560832;0.251205632;0.160944128;0.172166144;0.3024384;0.366613504;0.178591744;0.067028992;0.095356928;0.079236096;0.047970304;0.039074816;0.039387135999999996;0.019272704;0.020604928;0.01939968;0.019358720000000003;0.020139008;0.01866752;0.010432511999999998;0.013195264;0.014641152;0.010846208000000001;0.008872960000000001;0.0041267199999999995;0.006575103999999999;0.007031808;0.0076769279999999995;0.004258816;0.0037222400000000004;0.00531968;0.005198848;0.004621312;0.004033536;0.003488768;0.005293056;0.005374976000000001;0.003633152;0.0035778560000000004;0.002589696;0.002332672;0.002650112;0.0021821440000000004;0.001759232;0.0021821440000000004;0.0023674879999999996;0.001358848;0.001702912;0.0016895999999999999;0.001234944;0.0014274560000000001;0.001847296;0.000872448;0.0009021439999999999;0.0010956800000000001;0.001391616;0.0011233280000000003;0.0006696959999999999;0.00048127999999999995;0.000420864;0.000664576;0.0009297919999999999;0.0006696959999999999;0.000628736;0.00048639999999999995
1790086500,hdr,0.0293;0.03906;0.04883;0.05859;0.06836;0.07813;0.08789;0.09766;0.10742;0.11719;0.12695;0.13672;0.14648;0.15625;0.16602;0.17578;0.18555;0.19531;0.20508;0.21484;0.22461;0.23438;0.24414;0.25391;0.26367;0.27344;0.2832;0.29297;0.30273;0.3125;0.32227;0.33203;0.3418;0.35156;0.36133;0.37109;0.38086;0.39063;0.40039;0.41016;0.41992;0.42969;0.43945;0.44922;0.45898;0.46875;0.47852;0.48828;0.49805;0.50781;0.51758;0.52734;0.53711;0.54688;0.55664;0.56641;0.57617;0.58594;0.5957;0.60547;0.61523;0.625;0.63477;0.64453;0.6543;0.66406;0.67383;0.68359;0.69336;0.70313;0.71289;0.72266;0.73242;0.74219;0.75195;0.76172;0.77148;0.78125;0.79102,0.002820096;0.006444032000000001;0.0061184;0.010863616;0.018052095999999997;0.012689408;0.012018687999999998;0.027083776;0.045270015999999996;0.10134732800000001;0.201068544;0.219332608;0.37031936000000004;0.246091776;0.188396544;0.195275776;0.143148032;0.15067135999999998;0.146415616;0.13317222399999998;0.10870681600000001;0.083328;0.056631296000000005;0.069225472;0.039614464;0.033132544;0.03106304;0.0273664;0.032542720000000004;0.020348928;0.01596928;0.018142208;0.013761536;0.013301760000000001;0.012228608;0.012398592;0.011553792;0.008935423999999999;0.009700352;0.01242112;0.009990144;0.008542208;0.006032384;0.00636928;0.004852736;0.0069632;0.006237184;0.0029634559999999997;0.0035809279999999997;0.004984832000000001;0.004373504;0.004043776000000001;0.005467136;0.0058368000000000005;0.004459520000000001;0.00405504;0.0032337920000000005;0.002770944;0.001641472;0.0019517439999999998;0.001874944;0.0018687999999999999;0.001806336;0.001927168;0.001847296;0.00155648;0.000867328;0.0013312;0.001221632;0.001193984;0.0013987840000000001;0.0016250880000000002;0.0013905920000000002;0.000953344;0.001134592;0.001028096;0.0007137280000000001;0.000567296;0.000454656
1790087400,hdr,0.0293;0.03906;0.04883;0.05859;0.06836;0.07813;0.08789;0.09766;0.10742;0.11719;0.12695;0.13672;0.14648;0.15625;0.16602;0.17578;0.18555;0.19531;0.20508;0.21484;0.22461;0.23438;0.24414;0.25391;0.26367;0.27344;0.2832;0.29297;0.30273;0.3125;0.32227;0.33203;0.3418;0.35156;0.36133;0.37109;0.38086;0.39063;0.40039;0.41016;0.41992;0.42969;0.43945;0.44922;0.45898;0.46875;0.47852;0.48828;0.49805;0.50781;0.51758;0.52734;0.53711;0.54688;0.55664;0.56641;0.57617;0.58594;0.5957;0.60547;0.61523;0.625;0.63477;0.64453;0.6543;0.66406;0.67383;0.68359;0.69336;0.70313;0.71289;0.72266;0.73242;0.74219;0.75195;0.76172;0.77148;0.78125;0.79102,0.001055744;0.0036362239999999995;0.0028999679999999997;0.0066304;0.016287744;0.012652544;0.009779199999999998;0.01301504;0.0293888;0.053209088;0.15969382399999998;0.247931904;0.238275584;0.400126976;0.42784768000000006;0.209709056;0.283219968;0.25071616;0.20114432000000002;0.121947136;0.11048448000000001;0.126816256;0.069028864;0.052728831999999996;0.041782271999999995;0.026960896;0.035033088;0.041044991999999995;0.01749504;0.018091008;0.020141056;0.018619392;0.014681088000000002;0.017364992000000003;0.018818048000000004;0.008474624;0.008976384;0.010490880000000001;0.008241152;0.008285184;0.008086527999999999;0.009207808000000001;0.008402943999999999;0.0071413760000000005;0.009302016;0.007288832;0.006100992;0.007266304;0.0068352000000000005;0.0055982079999999995;0.004194304;0.004088832;0.00405504;0.002883584;0.003984384;0.003897344;0.001850368;0.0022927360000000005;0.0021217280000000002;0.004082688;0.003072;0.002107392;0.0024330239999999998;0.0018964479999999998;0.0023357440000000003;0.0016179200000000001;0.0013393919999999998;0.0017244159999999999;0.0013639680000000001;0.00122368;0.001138688;0.00128512;0.001502208;0.000774144;0.00098816;0.00096768;0.001031168;0.00074752;0.0009144320000000001
1790088300,hdr,0.0293;0.03906;0.04883;0.05859;0.06836;0.07813;0.08789;0.09766;0.10742;0.11719;0.12695;0.13672;0.14648;0.15625;0.16602;0.17578;0.18555;0.19531;0.20508;0.21484;0.22461;0.23438;0.24414;0.25391;0.26367;0.27344;0.2832;0.29297;0.30273;0.3125;0.32227;0.33203;0.3418;0.35156;0.36133;0.37109;0.38086;0.39063;0.40039;0.41016;0.41992;0.42969;0.43945;0.44922;0.45898;0.46875;0.47852;0.48828;0.49805;0.50781;0.51758;0.52734;0.53711;0.54688;0.55664;0.56641;0.57617;0.58594;0.5957;0.60547;0.61523;0.625;0.63477;0.64453;0.6543;0.66406;0.67383;0.68359;0.69336;0.70313;0.71289;0.72266;0.73242;0.74219;0.75195;0.76172;0.77148;0.78125;0.79102,0.000770048;0.004770816;0.004738048;0.0076820479999999995;0.013739008;0.021306368;0.025102336;0.024489984;0.058395648;0.089389056;0.095917056;0.13618892800000001;0.24236544000000002;0.262577152;0.235214848;0.239586304;0.214276096;0.164232192;0.180583424;0.13380096;0.13125222400000003;0.086412288;0.067299328;0.074267648;0.07471103999999999;0.049759231999999994;0.037318656;0.032;0.018311168;0.028500992;0.027582464;0.027330559999999997;0.018613248;0.013146112000000001;0.009464832000000001;0.008321024;0.010991616;0.010735616;0.01439232;0.01220096;0.009342976000000001;0.008631296;0.007566335999999999;0.007727103999999999;0.004783103999999999;0.0036352000000000003;0.00410624;0.005097472;0.006664192;0.00524288;0.00271872;0.003699712;0.00329728;0.0033873920000000004;0.0044953599999999995;0.003359744;0.0024340480000000003;0.002660352;0.0032511999999999997;0.002613248;0.001860608;0.00153088;0.00230912;0.0027904;0.0025251839999999998;0.0014745600000000002;0.001323008;0.001603584;0.001497088;0.0009717759999999999;0.000771072;0.000790528;0.0009625599999999999;0.001035264;0.0008212479999999999;0.00041984;0.0006021119999999999;0.000922624;0.000748544
1790089200,hdr,0.0293;0.03906;0.04883;0.05859;0.06836;0.07813;0.08789;0.09766;0.10742;0.11719;0.12695;0.13672;0.14648;0.15625;0.16602;0.17578;0.18555;0.19531;0.20508;0.21484;0.22461;0.23438;0.24414;0.25391;0.26367;0.27344;0.2832;0.29297;0.30273;0.3125;0.32227;0.33203;0.3418;0.35156;0.36133;0.37109;0.38086;0.39063;0.40039;0.41016;0.41992;0.42969;0.43945;0.44922;0.45898;0.46875;0.47852;0.48828;0.49805;0.50781;0.51758;0.52734;0.53711;0.54688;0.55664;0.56641;0.57617;0.58594;0.5957;0.60547;0.61523;0.625;0.63477;0.64453;0.6543;0.66406;0.67383;0.68359;0.69336;0.70313;0.71289;0.72266;0.73242;0.74219;0.75195;0.76172;0.77148;0.78125;0.79102,0.008324096000000001;0.013820928;0.018383872;0.016459776000000002;0.016241664;0.019968;0.020857856000000004;0.03725312;0.059978752;0.16963788800000001;0.27848703999999996;0.284483584;0.35576832;0.29329612800000004;0.18611302400000002;0.255996928;0.285999104;0.182803456;0.152247296;0.127451136;0.081158144;0.08148889599999999;0.076848128;0.055662592;0.046377984;0.049988608;0.037748736000000005;0.030893056000000002;0.033043456;0.033860608;0.015608832;0.018178048;0.014401536;0.016019456;0.013335552;0.009417728;0.017657856;0.015393792;0.016158719999999998;0.014710784;0.008453120000000001;0.008547328;0.008601600000000001;0.008172544;0.006983679999999999;0.006329344;0.00631808;0.005486591999999999;0.004983808;0.005807104;0.0055009279999999995;0.004234239999999999;0.005715968;0.003378176;0.00274944;0.003126272;0.003551232;0.0037048320000000004;0.0023357440000000003;0.0019947520000000002;0.0016988160000000001;0.0028057599999999996;0.002250752;0.0020797439999999997;0.001752064;0.0014899199999999998;0.0009717759999999999;0.0007168;0.0012165119999999999;0.0012544;0.000720896;0.0008304639999999999;0.00113152;0.000787456;0.000518144;0.000692224;0.000661504;0.001088512;0.0009349119999999999
1790090100,hdr,0.0293;0.03906;0.04883;0.05859;0.06836;0.07813;0.08789;0.09766;0.10742;0.11719;0.12695;0.13672;0.14648;0.15625;0.16602;0.17578;0.18555;0.19531;0.20508;0.21484;0.22461;0.23438;0.24414;0.25391;0.26367;0.27344;0.2832;0.29297;0.30273;0.3125;0.32227;0.33203;0.3418;0.35156;0.36133;0.37109;0.38086;0.39063;0.40039;0.41016;0.41992;0.42969;0.43945;0.44922;0.45898;0.46875;0.47852;0.48828;0.49805;0.50781;0.51758;0.52734;0.53711;0.54688;0.55664;0.56641;0.57617;0.58594;0.5957;0.60547;0.61523;0.625;0.63477;0.64453;0.6543;0.66406;0.67383;0.68359;0.69336;0.70313;0.71289;0.72266;0.73242;0.74219;0.75195;0.76172;0.77148;0.78125;0.79102,0.013962239999999999;0.037870592;0.037854208;0.013228032;0.024691712;0.02055168;0.019808256;0.027101184;0.07118848;0.135673856;0.17785344;0.2858752;0.25823744;0.32431820800000005;0.317330432;0.37511475200000005;0.32871526399999995;0.26551296;0.21688012800000003;0.125283328;0.07400448;0.08604057600000001;0.07042969600000001;0.03798528;0.042909696;0.0455936;0.028490752;0.021496832;0.031920128;0.024807424;0.02083328;0.023027712;0.018666495999999998;0.014944256;0.013227008;0.012500992;0.010382336;0.011664384;0.00929792;0.006484992;0.008440832;0.008411136;0.00553984;0.006780928;0.006724608;0.006174719999999999;0.007120896;0.005723136;0.004503552;0.0036167680000000002;0.003345408;0.0038963199999999996;0.005054464;0.0037222400000000004;0.0036505599999999997;0.003002368;0.002497536;0.002562048;0.00271872;0.001910784;0.002372608;0.0016302080000000002;0.0012195840000000001;0.00087552;0.001271808;0.001875968;0.001156096;0.001000448;0.0011468799999999999;0.0013056;0.0008069119999999999;0.000789504;0.001048576;0.000918528;0.0006574080000000001;0.000664576;0.0005007359999999999;0.000795648;0.0007925759999999999
1790091000,hdr,0.0293;0.03906;0.04883;0.05859;0.06836;0.07813;0.08789;0.09766;0.10742;0.11719;0.12695;0.13672;0.14648;0.15625;0.16602;0.17578;0.18555;0.19531;0.20508;0.21484;0.22461;0.23438;0.24414;0.25391;0.26367;0.27344;0.2832;0.29297;0.30273;0.3125;0.32227;0.33203;0.3418;0.35156;0.36133;0.37109;0.38086;0.39063;0.40039;0.41016;0.41992;0.42969;0.43945;0.44922;0.45898;0.46875;0.47852;0.48828;0.49805;0.50781;0.51758;0.52734;0.53711;0.54688;0.55664;0.56641;0.57617;0.58594;0.5957;0.60547;0.61523;0.625;0.63477;0.64453;0.6543;0.66406;0.67383;0.68359;0.69336;0.70313;0.71289;0.72266;0.73242;0.74219;0.75195;0.76172;0.77148;0.78125;0.79102,0.0036311040000000004;0.006279168000000001;0.005462016000000001;0.011272192;0.014178304000000001;0.00875008;0.01147904;0.03131904;0.052978687999999996;0.058687488;0.18135552000000002;0.32536268799999996;0.267887616;0.23748608;0.344142848;0.18547507200000002;0.16570265599999998;0.16368639999999998;0.12678144;0.114756608;0.092484608;0.078893056;0.06368051200000001;0.067596288;0.039894016000000004;0.02850816;0.028465151999999997;0.041036800000000005;0.058034176;0.049598464;0.028880896;0.019966975999999997;0.020461568;0.01874944;0.016560128;0.015736832;0.00902656;0.006299648;0.005653504;0.006955008;0.007177215999999999;0.007688192;0.007931904;0.008326144;0.007120896;0.0045199360000000004;0.0032471040000000002;0.003680256;0.0031354879999999996;0.0033423359999999996;0.00247296;0.003606528;0.004096;0.002761728;0.0024801280000000003;0.00325632;0.002499584;0.002214912;0.0028999679999999997;0.0018575360000000001;0.0024104960000000003;0.0020858880000000006;0.001692672;0.0013342719999999998;0.001226752;0.0014499839999999999;0.001348608;0.0019773440000000002;0.001970176;0.002043904;0.001430528;0.000951296;0.0013035520000000001;0.0014653440000000002;0.00101376;0.00082944;0.000726016;0.000801792;0.000897024
1790091900,hdr,0.0293;0.03906;0.04883;0.05859;0.06836;0.07813;0.08789;0.09766;0.10742;0.11719;0.12695;0.13672;0.14648;0.15625;0.16602;0.17578;0.18555;0.19531;0.20508;0.21484;0.22461;0.23438;0.24414;0.25391;0.26367;0.27344;0.2832;0.29297;0.30273;0.3125;0.32227;0.33203;0.3418;0.35156;0.36133;0.37109;0.38086;0.39063;0.40039;0.41016;0.41992;0.42969;0.43945;0.44922;0.45898;0.46875;0.47852;0.48828;0.49805;0.50781;0.51758;0.52734;0.53711;0.54688;0.55664;0.56641;0.57617;0.58594;0.5957;0.60547;0.61523;0.625;0.63477;0.64453;0.6543;0.66406;0.67383;0.68359;0.69336;0.70313;0.71289;0.72266;0.73242;0.74219;0.75195;0.76172;0.77148;0.78125;0.79102,0.006278144;0.009005056;0.01020416;0.00980992;0.018446336;0.019643392;0.026329088;0.039456767999999996;0.05131264;0.085189632;0.163523584;0.31405465600000004;0.423131136;0.31324672;0.26180608;0.180224;0.19234508800000003;0.217408512;0.168549376;0.075524096;0.09413427199999999;0.056772608;0.042631168000000004;0.049905664;0.059078656;0.055460864;0.052950015999999996;0.05302784;0.033186816;0.017630207999999998;0.016947199999999996;0.014285824;0.017209344;0.016653311999999997;0.016227328;0.012808192000000001;0.008044544;0.0059965439999999995;0.005051392;0.006685696;0.004743168;0.005229568;0.007031808;0.0055705600000000004;0.006249472;0.004743168;0.003600384;0.004415488;0.00408576;0.00424448;0.002660352;0.002516992;0.003198976;0.002280448;0.002291712;0.002302976;0.0033720319999999996;0.003994624;0.0028303359999999997;0.002896896;0.003158016;0.0019128320000000002;0.001344512;0.0018083840000000001;0.00178688;0.001789952;0.002011136;0.001620992;0.002117632;0.001283072;0.001168384;0.00134144;0.0011427840000000002;0.0011776;0.0007925759999999999;0.0007372800000000001;0.001110016;0.0011960319999999999;0.00081408
1790092800,hdr,0.0293;0.03906;0.04883;0.05859;0.06836;0.07813;0.08789;0.09766;0.10742;0.11719;0.12695;0.13672;0.14648;0.15625;0.16602;0.17578;0.18555;0.19531;0.20508;0.21484;0.22461;0.23438;0.24414;0.25391;0.26367;0.27344;0.2832;0.29297;0.30273;0.3125;0.32227;0.33203;0.3418;0.35156;0.36133;0.37109;0.38086;0.39063;0.40039;0.41016;0.41992;0.42969;0.43945;0.44922;0.45898;0.46875;0.47852;0.48828;0.49805;0.50781;0.51758;0.52734;0.53711;0.54688;0.55664;0.56641;0.57617;0.58594;0.5957;0.60547;0.61523;0.625;0.63477;0.64453;0.6543;0.66406;0.67383;0.68359;0.69336;0.70313;0.71289;0.72266;0.73242;0.74219;0.75195;0.76172;0.77148;0.78125;0.79102,0.0049664;0.0057497600000000005;0.00628224;0.005986304;0.010586112;0.011114496000000001;0.019244031999999998;0.037370879999999995;0.056805376000000005;0.11823001600000001;0.212205568;0.27790847999999996;0.2997073920000001;0.18591232000000002;0.221858816;0.175760384;0.15862476799999997;0.209211392;0.173039616;0.13684121600000002;0.101948416;0.05977088;0.042157056;0.037092352;0.057520128;0.052434944000000004;0.048089087999999995;0.036832256;0.034296832;0.038107136;0.02203648;0.015676416;0.018722816000000003;0.017224703999999997;0.012592128000000001;0.013887488;0.013280255999999999;0.010190848;0.011538432000000001;0.013246464;0.009342976000000001;0.006472704000000001;0.007902207999999999;0.00794624;0.00852992;0.0064593919999999996;0.005054464;0.004748288;0.003726336;0.004727808;0.004926464;0.00464896;0.004165632;0.00387072;0.0041492479999999995;0.003074048;0.003241984;0.0022538239999999998;0.0017459199999999998;0.001933312;0.00273408;0.003222528;0.003237888;0.002207744;0.001681408;0.00122368;0.0013035520000000001;0.0016773119999999998;0.00218112;0.001343488;0.001271808;0.000913408;0.0009625599999999999;0.001004544;0.000714752;0.000712704;0.0005713920000000001;0.000733184;0.000594944
1790093700,hdr,0.0293;0.03906;0.04883;0.05859;0.06836;0.07813;0.08789;0.09766;0.10742;0.11719;0.12695;0.13672;0.14648;0.15625;0.16602;0.17578;0.18555;0.19531;0.20508;0.21484;0.22461;0.23438;0.24414;0.25391;0.26367;0.27344;0.2832;0.29297;0.30273;0.3125;0.32227;0.33203;0.3418;0.35156;0.36133;0.37109;0.38086;0.39063;0.40039;0.41016;0.41992;0.42969;0.43945;0.44922;0.45898;0.46875;0.47852;0.48828;0.49805;0.50781;0.51758;0.52734;0.53711;0.54688;0.55664;0.56641;0.57617;0.58594;0.5957;0.60547;0.61523;0.625;0.63477;0.64453;0.6543;0.66406;0.67383;0.68359;0.69336;0.70313;0.71289;0.72266;0.73242;0.74219;0.75195;0.76172;0.77148;0.78125;0.79102,0.010847232;0.017272832000000002;0.013340672000000001;0.012756992;0.017530880000000002;0.036808704;0.031501312;0.03513856;0.06208512;0.13225984;0.204608512;0.26013286399999996;0.36722688;0.34842214400000004;0.22606848;0.151904256;0.19872460799999997;0.19298201599999998;0.12335616;0.057505792;0.077416448;0.070011904;0.039865344;0.046780416000000005;0.049375232;0.043651072;0.039676928;0.043231231999999994;0.038697984;0.025619456;0.01842176;0.012547072;0.019140608;0.017918976000000003;0.016129024000000002;0.013089792;0.010371072;0.01267712;0.010177536000000001;0.006966272;0.004573184;0.004427776;0.004832256;0.005970944000000001;0.005624832;0.00377856;0.004783103999999999;0.005465088;0.007190527999999999;0.005376;0.002405376;0.0048261120000000005;0.004862976;0.004386816;0.0032849919999999996;0.0045475839999999995;0.004393983999999999;0.004732928;0.005559295999999999;0.0032921599999999997;0.00320512;0.0032348159999999997;0.002040832;0.001990656;0.001811456;0.0023234560000000002;0.0023275519999999997;0.0015953919999999997;0.001615872;0.0012032;0.001110016;0.00149504;0.001071104;0.0015513600000000001;0.002192384;0.002172928;0.001742848;0.0014274560000000001;0.000872448
1790094600,hdr,0.0293;0.03906;0.04883;0.05859;0.06836;0.07813;0.08789;0.09766;0.10742;0.11719;0.12695;0.13672;0.14648;0.15625;0.16602;0.17578;0.18555;0.19531;0.20508;0.21484;0.22461;0.23438;0.24414;0.25391;0.26367;0.27344;0.2832;0.29297;0.30273;0.3125;0.32227;0.33203;0.3418;0.35156;0.36133;0.37109;0.38086;0.39063;0.40039;0.41016;0.41992;0.42969;0.43945;0.44922;0.45898;0.46875;0.47852;0.48828;0.49805;0.50781;0.51758;0.52734;0.53711;0.54688;0.55664;0.56641;0.57617;0.58594;0.5957;0.60547;0.61523;0.625;0.63477;0.64453;0.6543;0.66406;0.67383;0.68359;0.69336;0.70313;0.71289;0.72266;0.73242;0.74219;0.75195;0.76172;0.77148;0.78125;0.79102,0.012017664;0.016237568;0.013756415999999999;0.009791488;0.011332608000000001;0.013325312;0.023764992;0.031443968;0.049130495999999996;0.11657728;0.222292992;0.283940864;0.208630784;0.20359475200000002;0.15900672;0.149293056;0.120272896;0.144995328;0.174841856;0.089331712;0.062249983999999994;0.053454848;0.043774976;0.05039616;0.039909376;0.041851903999999995;0.0434944;0.033758208000000005;0.031813631999999994;0.021233664;0.035530752;0.023011327999999998;0.0241408;0.023251968;0.019811328000000003;0.023643136;0.023871487999999996;0.017140736;0.015197183999999999;0.007717888;0.008954879999999998;0.012467200000000001;0.012707839999999998;0.006187008;0.0046049279999999995;0.003861504;0.00564736;0.005216255999999999;0.0045056;0.005430272000000001;0.006353919999999999;0.0070144000000000005;0.004056064000000001;0.0033146879999999997;0.003423232;0.003162112;0.002741248;0.003646464;0.0024903679999999997;0.00169472;0.00247296;0.00236544;0.002210816;0.002455552;0.0026859519999999997;0.002245632;0.002456576;0.0016384000000000001;0.001537024;0.001964032;0.0012001280000000002;0.000912384;0.001983488;0.0012052480000000001;0.00082944;0.000937984;0.00083968;0.0006840319999999999;0.0008366080000000001
1790095500,hdr,0.0293;0.03906;0.04883;0.05859;0.06836;0.07813;0.08789;0.09766;0.10742;0.11719;0.12695;0.13672;0.14648;0.15625;0.16602;0.17578;0.18555;0.19531;0.20508;0.21484;0.22461;0.23438;0.24414;0.25391;0.26367;0.27344;0.2832;0.29297;0.30273;0.3125;0.32227;0.33203;0.3418;0.35156;0.36133;0.37109;0.38086;0.39063;0.40039;0.41016;0.41992;0.42969;0.43945;0.44922;0.45898;0.46875;0.47852;0.48828;0.49805;0.50781;0.51758;0.52734;0.53711;0.54688;0.55664;0.56641;0.57617;0.58594;0.5957;0.60547;0.61523;0.625;0.63477;0.64453;0.6543;0.66406;0.67383;0.68359;0.69336;0.70313;0.71289;0.72266;0.73242;0.74219;0.75195;0.76172;0.77148;0.78125;0.79102,0.010077184000000001;0.022030336;0.011068416;0.009267200000000001;0.020312063999999998;0.021656576;0.016973824000000002;0.038139904;0.059554816;0.13449728;0.284985344;0.295181312;0.319624192;0.22832128;0.164320256;0.24581631999999998;0.218313728;0.14428979200000003;0.107220992;0.10079948799999999;0.07305216;0.081691648;0.06238310400000001;0.049211392;0.033812480000000006;0.031362048000000003;0.038637568;0.055699456;0.041417727999999994;0.022389759999999998;0.026136576;0.019564544000000003;0.015783936000000002;0.014872576;0.017277952;0.016806912;0.010537984;0.00796672;0.009134080000000001;0.008922112000000001;0.006495232;0.007108608;0.006742016;0.004477952;0.005356544;0.004840448000000001;0.002635776;0.003731456;0.00541184;0.004455424;0.0062904319999999994;0.00533504;0.005362688;0.0031744;0.003303424;0.003980288;0.003692544;0.00302592;0.002968576;0.0035123199999999998;0.0028549120000000002;0.002033664;0.001333248;0.0010475520000000002;0.001508352;0.001504256;0.001243136;0.001348608;0.001349632;0.001289216;0.001015808;0.00136704;0.001898496;0.0012462080000000002;0.0009420800000000001;0.001323008;0.000854016;0.000790528;0.001036288
1790096400,hdr,0.0293;0.03906;0.04883;0.05859;0.06836;0.07813;0.08789;0.09766;0.10742;0.11719;0.12695;0.13672;0.14648;0.15625;0.16602;0.17578;0.18555;0.19531;0.20508;0.21484;0.22461;0.23438;0.24414;0.25391;0.26367;0.27344;0.2832;0.29297;0.30273;0.3125;0.32227;0.33203;0.3418;0.35156;0.36133;0.37109;0.38086;0.39063;0.40039;0.41016;0.41992;0.42969;0.43945;0.44922;0.45898;0.46875;0.47852;0.48828;0.49805;0.50781;0.51758;0.52734;0.53711;0.54688;0.55664;0.56641;0.57617;0.58594;0.5957;0.60547;0.61523;0.625;0.63477;0.64453;0.6543;0.66406;0.67383;0.68359;0.69336;0.70313;0.71289;0.72266;0.73242;0.74219;0.75195;0.76172;0.77148;0.78125;0.79102,0.007011328;0.014092288;0.010360832;0.011043840000000001;0.009674752;0.012197888;0.022467584;0.027517952000000002;0.05234688;0.13247180800000002;0.214141952;0.214441984;0.264169472;0.27519795199999997;0.21477478400000002;0.147721216;0.08127897599999999;0.130784256;0.153044992;0.06944870400000001;0.07306547199999999;0.037925888;0.033361919999999996;0.047115264000000004;0.047961088;0.046507008;0.031822848;0.018812928;0.022773759999999997;0.018543616000000002;0.013595648000000002;0.013310976;0.014446592000000001;0.014043136000000001;0.01380352;0.018001919999999998;0.013459456;0.011507712;0.009560064;0.004590591999999999;0.0051148800000000005;0.007822336000000001;0.0107776;0.011075584;0.005920768;0.00531456;0.0060037120000000005;0.004434944;0.004546560000000001;0.0036966399999999997;0.002686976;0.00371712;0.004066304;0.003700736;0.002241536;0.00195584;0.001736704;0.001755136;0.0026081279999999995;0.00386048;0.002532352;0.001999872;0.0028467199999999996;0.00213504;0.002067456;0.001649664;0.001639424;0.0015872;0.001435648;0.00214016;0.0014704639999999999;0.000813056;0.001293312;0.00168448;0.001348608;0.0011714560000000002;0.001021952;0.000775168;0.0009216000000000001
1790097300,hdr,0.0293;0.03906;0.04883;0.05859;0.06836;0.07813;0.08789;0.09766;0.10742;0.11719;0.12695;0.13672;0.14648;0.15625;0.16602;0.17578;0.18555;0.19531;0.20508;0.21484;0.22461;0.23438;0.24414;0.25391;0.26367;0.27344;0.2832;0.29297;0.30273;0.3125;0.32227;0.33203;0.3418;0.35156;0.36133;0.37109;0.38086;0.39063;0.40039;0.41016;0.41992;0.42969;0.43945;0.44922;0.45898;0.46875;0.47852;0.48828;0.49805;0.50781;0.51758;0.52734;0.53711;0.54688;0.55664;0.56641;0.57617;0.58594;0.5957;0.60547;0.61523;0.625;0.63477;0.64453;0.6543;0.66406;0.67383;0.68359;0.69336;0.70313;0.71289;0.72266;0.73242;0.74219;0.75195;0.76172;0.77148;0.78125;0.79102,0.007227392;0.008905728;0.007918592;0.0063569920000000005;0.003999744;0.008797184;0.0110592;0.023087104;0.026371072;0.090853376;0.254778368;0.265716736;0.30098944;0.337414144;0.19101696;0.25854975999999996;0.132614144;0.138805248;0.108751872;0.060003328;0.04061696;0.028041216;0.038035456;0.027752448;0.057966592;0.051074048;0.021652479999999998;0.02034176;0.020011008;0.021719040000000002;0.023298048000000002;0.018996224000000003;0.022632448;0.023959552;0.017447935999999997;0.013782016;0.015259648;0.012161024;0.005992448;0.009029632;0.009609216;0.005658624;0.006449152;0.00792576;0.006065152;0.005804032;0.0056176640000000005;0.005138432;0.004822015999999999;0.006350848;0.004810752;0.005139456;0.00341504;0.0035348480000000006;0.0024954879999999997;0.0022528;0.002067456;0.002131968;0.0031733760000000003;0.0027217920000000002;0.0028723200000000003;0.001926144;0.001809408;0.0019937279999999997;0.001861632;0.001806336;0.001376256;0.001166336;0.00180736;0.0022661120000000002;0.0016936960000000002;0.001206272;0.001065984;0.0009605120000000001;0.0014151679999999999;0.00159232;0.0011704320000000001;0.001021952;0.000771072
1790098200,hdr,0.0293;0.03906;0.04883;0.05859;0.06836;0.07813;0.08789;0.09766;0.10742;0.11719;0.12695;0.13672;0.14648;0.15625;0.16602;0.17578;0.18555;0.19531;0.20508;0.21484;0.22461;0.23438;0.24414;0.25391;0.26367;0.27344;0.2832;0.29297;0.30273;0.3125;0.32227;0.33203;0.3418;0.35156;0.36133;0.37109;0.38086;0.39063;0.40039;0.41016;0.41992;0.42969;0.43945;0.44922;0.45898;0.46875;0.47852;0.48828;0.49805;0.50781;0.51758;0.52734;0.53711;0.54688;0.55664;0.56641;0.57617;0.58594;0.5957;0.60547;0.61523;0.625;0.63477;0.64453;0.6543;0.66406;0.67383;0.68359;0.69336;0.70313;0.71289;0.72266;0.73242;0.74219;0.75195;0.76172;0.77148;0.78125;0.79102,0.010405887999999999;0.017753088000000004;0.010238975999999999;0.01080832;0.015506432;0.0132096;0.0093184;0.017429504000000002;0.04989952;0.127265792;0.230995968;0.30725529599999996;0.27783167999999997;0.20887347199999998;0.260005888;0.176478208;0.169657344;0.10103910399999999;0.09028710399999999;0.08502272;0.052590592000000005;0.035643392;0.037405695999999995;0.033817599999999996;0.034491392;0.021610496000000003;0.028665856;0.035713023999999996;0.022465536;0.020159488;0.017629184;0.017616896;0.017319935999999998;0.013062144;0.01075712;0.010190848;0.007067648;0.00690688;0.010411008;0.006747136000000001;0.005318656;0.005177344;0.007391232;0.0060610559999999996;0.0058316800000000005;0.005235712000000001;0.004840448000000001;0.004687871999999999;0.003965952;0.006078464;0.0049479680000000005;0.002967552;0.002228224;0.0029880320000000003;0.0026419199999999994;0.002712576;0.002691072;0.0017971200000000001;0.002596864;0.002802688;0.0016916480000000002;0.0028057599999999996;0.00257024;0.0023459839999999997;0.0022886399999999998;0.002013184;0.0014735360000000001;0.0013926400000000001;0.001447936;0.001107968;0.001284096;0.001353728;0.0012748800000000002;0.0016220159999999998;0.001508352;0.0018432000000000001;0.0013506560000000002;0.000861184;0.000816128
1790099100,hdr,0.0293;0.03906;0.04883;0.05859;0.06836;0.07813;0.08789;0.09766;0.10742;0.11719;0.12695;0.13672;0.14648;0.15625;0.16602;0.17578;0.18555;0.19531;0.20508;0.21484;0.22461;0.23438;0.24414;0.25391;0.26367;0.27344;0.2832;0.29297;0.30273;0.3125;0.32227;0.33203;0.3418;0.35156;0.36133;0.37109;0.38086;0.39063;0.40039;0.41016;0.41992;0.42969;0.43945;0.44922;0.45898;0.46875;0.47852;0.48828;0.49805;0.50781;0.51758;0.52734;0.53711;0.54688;0.55664;0.56641;0.57617;0.58594;0.5957;0.60547;0.61523;0.625;0.63477;0.64453;0.6543;0.66406;0.67383;0.68359;0.69336;0.70313;0.71289;0.72266;0.73242;0.74219;0.75195;0.76172;0.77148;0.78125;0.79102,0.005045248;0.0064645119999999995;0.006254592;0.010303488;0.009428991999999999;0.005108736000000001;0.013161472;0.030631936;0.047120384;0.08352460800000001;0.16600576;0.189097984;0.257073152;0.226038784;0.156683264;0.11754188800000001;0.102100992;0.089097216;0.08991231999999999;0.065529856;0.06997196800000001;0.046197760000000004;0.04212736;0.049144832;0.05118976;0.037159936000000005;0.018861056;0.021367808000000002;0.030322687999999997;0.023584768;0.017618944;0.0157184;0.011880448;0.014930944;0.017143808;0.020386816;0.014112768;0.006710272;0.008013824;0.008421376;0.007800832;0.006938624;0.004296704;0.007825408;0.007035904000000001;0.005168128000000001;0.007845888;0.0068474880000000005;0.0051251199999999995;0.0032266240000000004;0.003074048;0.00197632;0.0029880320000000003;0.003385344;0.003254272;0.0026419199999999994;0.002605056;0.00356352;0.002228224;0.0011632640000000002;0.0014827520000000002;0.002123776;0.00193024;0.001544192;0.001528832;0.0014878720000000001;0.001139712;0.0013352960000000001;0.0014561280000000001;0.002030592;0.0016128;0.00131584;0.000897024;0.000857088;0.000869376;0.001152;0.00109056;0.001371136;0.00134656
1790100000,hdr,0.0293;0.03906;0.04883;0.05859;0.06836;0.07813;0.08789;0.09766;0.10742;0.11719;0.12695;0.13672;0.14648;0.15625;0.16602;0.17578;0.18555;0.19531;0.20508;0.21484;0.22461;0.23438;0.24414;0.25391;0.26367;0.27344;0.2832;0.29297;0.30273;0.3125;0.32227;0.33203;0.3418;0.35156;0.36133;0.37109;0.38086;0.39063;0.40039;0.41016;0.41992;0.42969;0.43945;0.44922;0.45898;0.46875;0.47852;0.48828;0.49805;0.50781;0.51758;0.52734;0.53711;0.54688;0.55664;0.56641;0.57617;0.58594;0.5957;0.60547;0.61523;0.625;0.63477;0.64453;0.6543;0.66406;0.67383;0.68359;0.69336;0.70313;0.71289;0.72266;0.73242;0.74219;0.75195;0.76172;0.77148;0.78125;0.79102,0.004350976;0.00932864;0.009708544;0.007392256;0.01465856;0.015577088;0.021890048;0.028618752;0.029428736;0.051542015999999996;0.160354304;0.336651264;0.250944512;0.220634112;0.20320051200000003;0.13432524799999998;0.082286592;0.10031104;0.10974310400000001;0.086176768;0.051888128000000006;0.047004672;0.052174847999999996;0.048940032;0.031257599999999996;0.035479552;0.041260032;0.03908096;0.029011968;0.023494656;0.022389759999999998;0.021422080000000003;0.015423488;0.008681471999999999;0.012762112;0.015542272000000001;0.011930623999999999;0.009651199999999999;0.011205632;0.010801152;0.009654272;0.0060037120000000005;0.006883327999999999;0.008409088;0.006703104;0.006145024000000001;0.006851584;0.005394432;0.005378048;0.004704256;0.004482048;0.0047615999999999995;0.0027504639999999998;0.003572736;0.00392704;0.002967552;0.002934784;0.0033740800000000002;0.0030863360000000003;0.003176448;0.002792448;0.002328576;0.00188928;0.0017305600000000001;0.001840128;0.0019824639999999998;0.0014438399999999998;0.0007557120000000001;0.00103936;0.001349632;0.0012083200000000001;0.001639424;0.0017735679999999999;0.001243136;0.0013352960000000001;0.001476608;0.001071104;0.000871424;0.000923648
1790100900,hdr,0.0293;0.03906;0.04883;0.05859;0.06836;0.07813;0.08789;0.09766;0.10742;0.11719;0.12695;0.13672;0.14648;0.15625;0.16602;0.17578;0.18555;0.19531;0.20508;0.21484;0.22461;0.23438;0.24414;0.25391;0.26367;0.27344;0.2832;0.29297;0.30273;0.3125;0.32227;0.33203;0.3418;0.35156;0.36133;0.37109;0.38086;0.39063;0.40039;0.41016;0.41992;0.42969;0.43945;0.44922;0.45898;0.46875;0.47852;0.48828;0.49805;0.50781;0.51758;0.52734;0.53711;0.54688;0.55664;0.56641;0.57617;0.58594;0.5957;0.60547;0.61523;0.625;0.63477;0.64453;0.6543;0.66406;0.67383;0.68359;0.69336;0.70313;0.71289;0.72266;0.73242;0.74219;0.75195;0.76172;0.77148;0.78125;0.79102,0.006214656;0.007415808;0.010253312;0.015418367999999998;0.022325248;0.010725376;0.009829376;0.014110720000000002;0.028750848000000002;0.09025024000000001;0.203041792;0.246253568;0.209333248;0.24829337599999998;0.20528537600000002;0.1725952;0.14012928;0.142116864;0.110898176;0.068182016;0.044612608;0.056390656000000004;0.046940159999999995;0.047900672;0.03999641600000001;0.046063616;0.053714944;0.038083584000000004;0.021178368;0.024717311999999998;0.022465536;0.017783808;0.016797696;0.010733567999999999;0.009472;0.012162048;0.011880448;0.009653248;0.0071167999999999995;0.0047861760000000005;0.0048015359999999995;0.004647936;0.0060385280000000005;0.010626048;0.009209855999999999;0.006041599999999999;0.00536576;0.0051619840000000005;0.005169152;0.00309248;0.003026944;0.005496832;0.004780032;0.0038993920000000002;0.0037273600000000003;0.0036843519999999997;0.0031774719999999998;0.00264704;0.002813952;0.0038430719999999995;0.002697216;0.002213888;0.001835008;0.002287616;0.002315264;0.0026644480000000003;0.0019650559999999997;0.002352128;0.00171008;0.001664;0.001050624;0.000932864;0.000965632;0.001011712;0.000854016;0.00123392;0.001103872;0.0007168;0.000992256
1790101800,hdr,0.0293;0.03906;0.04883;0.05859;0.06836;0.07813;0.08789;0.09766;0.10742;0.11719;0.12695;0.13672;0.14648;0.15625;0.16602;0.17578;0.18555;0.19531;0.20508;0.21484;0.22461;0.23438;0.24414;0.25391;0.26367;0.27344;0.2832;0.29297;0.30273;0.3125;0.32227;0.33203;0.3418;0.35156;0.36133;0.37109;0.38086;0.39063;0.40039;0.41016;0.41992;0.42969;0.43945;0.44922;0.45898;0.46875;0.47852;0.48828;0.49805;0.50781;0.51758;0.52734;0.53711;0.54688;0.55664;0.56641;0.57617;0.58594;0.5957;0.60547;0.61523;0.625;0.63477;0.64453;0.6543;0.66406;0.67383;0.68359;0.69336;0.70313;0.71289;0.72266;0.73242;0.74219;0.75195;0.76172;0.77148;0.78125;0.79102,0.0018524160000000002;0.00239104;0.0023767040000000003;0.009332736000000001;0.013595648000000002;0.013655039999999998;0.01041408;0.019561471999999996;0.027589632000000003;0.072404992;0.156536832;0.257368064;0.35588710400000007;0.37034700800000003;0.22966272000000001;0.131888128;0.061576191999999995;0.087989248;0.09063424;0.0649472;0.060929024;0.059931648000000004;0.050601984;0.03359744;0.03281305600000001;0.023846912;0.031839232;0.030848;0.033340416;0.030777344;0.017878016;0.015363072;0.012441599999999999;0.009288704;0.009627648;0.011656192000000001;0.00877056;0.009405440000000001;0.0068997120000000006;0.007842815999999999;0.009490432;0.005527552;0.006239232;0.007713792;0.007885824000000001;0.006016;0.006249472;0.00543232;0.003634176;0.005627904;0.004174848;0.003130368;0.0037058559999999996;0.0031733760000000003;0.002276352;0.002496512;0.00149504;0.002180096;0.0030197759999999996;0.0035246080000000003;0.003750912;0.0023930880000000002;0.002476032;0.0020838399999999996;0.001110016;0.0018636800000000002;0.0018257920000000001;0.001337344;0.0014929920000000003;0.001435648;0.0009748480000000001;0.0013506560000000002;0.001256448;0.000774144;0.0007393279999999999;0.001209344;0.001005568;0.0009584639999999999;0.000823296
1790102700,hdr,0.0293;0.03906;0.04883;0.05859;0.06836;0.07813;0.08789;0.09766;0.10742;0.11719;0.12695;0.13672;0.14648;0.15625;0.16602;0.17578;0.18555;0.19531;0.20508;0.21484;0.22461;0.23438;0.24414;0.25391;0.26367;0.27344;0.2832;0.29297;0.30273;0.3125;0.32227;0.33203;0.3418;0.35156;0.36133;0.37109;0.38086;0.39063;0.40039;0.41016;0.41992;0.42969;0.43945;0.44922;0.45898;0.46875;0.47852;0.48828;0.49805;0.50781;0.51758;0.52734;0.53711;0.54688;0.55664;0.56641;0.57617;0.58594;0.5957;0.60547;0.61523;0.625;0.63477;0.64453;0.6543;0.66406;0.67383;0.68359;0.69336;0.70313;0.71289;0.72266;0.73242;0.74219;0.75195;0.76172;0.77148;0.78125;0.79102,0.002112512;0.002123776;0.003854336;0.01181696;0.026440704000000002;0.019305472;0.015547392;0.029092863999999996;0.034274304000000005;0.120553472;0.318557184;0.35553792;0.35609088;0.231315456;0.15282278400000002;0.11317964800000001;0.15038463999999999;0.13145292800000002;0.067451904;0.051391488000000006;0.035241984000000004;0.025064448;0.054731776;0.04220928;0.039020544000000004;0.045188096000000004;0.046514176;0.02616832;0.030004224000000003;0.024259583999999997;0.016887808;0.015507456;0.013760512;0.016723968000000002;0.01147392;0.011134976000000001;0.012857344;0.008291327999999999;0.0060907520000000005;0.009574400000000002;0.007163904;0.005916672;0.007721984;0.007232512;0.007764992;0.006649856;0.004120576;0.005234688;0.004680704000000001;0.003864576;0.004399104;0.0038819839999999998;0.005467136;0.004459520000000001;0.0028846080000000003;0.003149824;0.0023439359999999996;0.002171904;0.001824768;0.0021217280000000002;0.002960384;0.002681856;0.002265088;0.001972224;0.00203264;0.0017356799999999999;0.001611776;0.00154624;0.001247232;0.0017602560000000002;0.001856512;0.0015390719999999998;0.0010598399999999998;0.0012544;0.001406976;0.0012185600000000003;0.001308672;0.001416192;0.001176576
1790103600,hdr,0.0293;0.03906;0.04883;0.05859;0.06836;0.07813;0.08789;0.09766;0.10742;0.11719;0.12695;0.13672;0.14648;0.15625;0.16602;0.17578;0.18555;0.19531;0.20508;0.21484;0.22461;0.23438;0.24414;0.25391;0.26367;0.27344;0.2832;0.29297;0.30273;0.3125;0.32227;0.33203;0.3418;0.35156;0.36133;0.37109;0.38086;0.39063;0.40039;0.41016;0.41992;0.42969;0.43945;0.44922;0.45898;0.46875;0.47852;0.48828;0.49805;0.50781;0.51758;0.52734;0.53711;0.54688;0.55664;0.56641;0.57617;0.58594;0.5957;0.60547;0.61523;0.625;0.63477;0.64453;0.6543;0.66406;0.67383;0.68359;0.69336;0.70313;0.71289;0.72266;0.73242;0.74219;0.75195;0.76172;0.77148;0.78125;0.79102,0.0033228800000000003;0.008723456000000001;0.008904704;0.010059776;0.013008896;0.012531712000000002;0.02115072;0.02723328;0.028322815999999997;0.048937984;0.11706368;0.318988288;0.37950873599999996;0.236955648;0.266934272;0.15195648;0.092924928;0.08637337599999999;0.1261312;0.087973888;0.066814976;0.048638976;0.05451264;0.068744192;0.06415257599999999;0.049011712;0.035387392;0.031627264;0.02924032;0.020007936;0.012719104;0.017007616;0.014823423999999998;0.019545088;0.019311616;0.012319744;0.0068352000000000005;0.009621504;0.013056;0.01301504;0.010196992;0.007066624;0.005766143999999999;0.0040192;0.004127744;0.0036720640000000005;0.00380416;0.0044902399999999995;0.0051271680000000005;0.006288384;0.004271104;0.002579456;0.004185088000000001;0.004443136;0.00312832;0.002142208;0.00210944;0.0025384959999999995;0.0020951040000000004;0.001882112;0.001865728;0.0018411519999999998;0.001915904;0.001337344;0.001922048;0.003263488;0.003519488;0.001805312;0.002173952;0.0023019520000000003;0.001400832;0.001073152;0.001373184;0.000789504;0.00107008;0.0014796800000000001;0.001662976;0.001011712;0.00090112
1790104500,hdr,0.0293;0.03906;0.04883;0.05859;0.06836;0.07813;0.08789;0.09766;0.10742;0.11719;0.12695;0.13672;0.14648;0.15625;0.16602;0.17578;0.18555;0.19531;0.20508;0.21484;0.22461;0.23438;0.24414;0.25391;0.26367;0.27344;0.2832;0.29297;0.30273;0.3125;0.32227;0.33203;0.3418;0.35156;0.36133;0.37109;0.38086;0.39063;0.40039;0.41016;0.41992;0.42969;0.43945;0.44922;0.45898;0.46875;0.47852;0.48828;0.49805;0.50781;0.51758;0.52734;0.53711;0.54688;0.55664;0.56641;0.57617;0.58594;0.5957;0.60547;0.61523;0.625;0.63477;0.64453;0.6543;0.66406;0.67383;0.68359;0.69336;0.70313;0.71289;0.72266;0.73242;0.74219;0.75195;0.76172;0.77148;0.78125;0.79102,0.0035942400000000003;0.005664768;0.00775168;0.007123968;0.020898816;0.017204223999999997;0.016118784;0.02338816;0.034771968;0.106952704;0.213680128;0.20841472;0.169714688;0.225949696;0.20168192;0.10642022400000001;0.083581952;0.11142348800000001;0.117018624;0.112001024;0.08173568;0.047888384000000006;0.042044415999999994;0.034300928;0.034496512;0.02303488;0.025317376;0.023949311999999997;0.024469504;0.029741056000000002;0.020326399999999998;0.011954175999999999;0.013915136;0.012490752;0.007700479999999999;0.006596608;0.007787519999999999;0.011199488;0.013111296;0.005904384;0.004141056;0.004127744;0.006313983999999999;0.006806528;0.0034652159999999997;0.006037504;0.00570368;0.004312064;0.005774336000000001;0.0052992;0.006248447999999999;0.005820416;0.005021696000000001;0.0029982719999999997;0.0023439359999999996;0.003070976;0.004696064;0.003347456;0.001907712;0.002717696;0.0027361279999999996;0.0024801280000000003;0.002811904;0.002720768;0.0033976320000000003;0.002382848;0.002277376;0.002681856;0.0022487040000000002;0.002097152;0.0017561599999999999;0.001942528;0.000861184;0.0005918719999999999;0.000772096;0.001242112;0.0014704639999999999;0.001477632;0.001022976
1790105400,hdr,0.0293;0.03906;0.04883;0.05859;0.06836;0.07813;0.08789;0.09766;0.10742;0.11719;0.12695;0.13672;0.14648;0.15625;0.16602;0.17578;0.18555;0.19531;0.20508;0.21484;0.22461;0.23438;0.24414;0.25391;0.26367;0.27344;0.2832;0.29297;0.30273;0.3125;0.32227;0.33203;0.3418;0.35156;0.36133;0.37109;0.38086;0.39063;0.40039;0.41016;0.41992;0.42969;0.43945;0.44922;0.45898;0.46875;0.47852;0.48828;0.49805;0.50781;0.51758;0.52734;0.53711;0.54688;0.55664;0.56641;0.57617;0.58594;0.5957;0.60547;0.61523;0.625;0.63477;0.64453;0.6543;0.66406;0.67383;0.68359;0.69336;0.70313;0.71289;0.72266;0.73242;0.74219;0.75195;0.76172;0.77148;0.78125;0.79102,0.0009461760000000001;0.005510144;0.004236288;0.006787072;0.014796799999999999;0.011559936;0.009050112;0.021367808000000002;0.030872576;0.040246272;0.08937984;0.178453504;0.21110579200000001;0.188028928;0.156305408;0.12678144;0.07235583999999999;0.055555072;0.05484032;0.069777408;0.044327936;0.03634176;0.03921408;0.031935488;0.039168;0.026796032;0.021475328000000002;0.029744128;0.018108416;0.010969088;0.014823423999999998;0.014013439999999999;0.01651712;0.015564799999999998;0.011268096;0.006515712;0.009587712;0.011487232;0.009767936000000001;0.01145344;0.008213504000000002;0.008075264;0.009647104000000002;0.005564415999999999;0.004794368;0.007283712;0.006440959999999999;0.004625408;0.006734848;0.005524479999999999;0.003904512;0.002873344;0.004701183999999999;0.005505024;0.005271552;0.003912704;0.003485696;0.0031406079999999996;0.0030853119999999998;0.004018176;0.003324928;0.003063808;0.002883584;0.002572288;0.003009536;0.0024309759999999996;0.001872896;0.00262144;0.00253952;0.0017848319999999999;0.0015267839999999998;0.0014899199999999998;0.0013393919999999998;0.0013557760000000002;0.001114112;0.001325056;0.00157184;0.001619968;0.001096704
1790106300,hdr,0.0293;0.03906;0.04883;0.05859;0.06836;0.07813;0.08789;0.09766;0.10742;0.11719;0.12695;0.13672;0.14648;0.15625;0.16602;0.17578;0.18555;0.19531;0.20508;0.21484;0.22461;0.23438;0.24414;0.25391;0.26367;0.27344;0.2832;0.29297;0.30273;0.3125;0.32227;0.33203;0.3418;0.35156;0.36133;0.37109;0.38086;0.39063;0.40039;0.41016;0.41992;0.42969;0.43945;0.44922;0.45898;0.46875;0.47852;0.48828;0.49805;0.50781;0.51758;0.52734;0.53711;0.54688;0.55664;0.56641;0.57617;0.58594;0.5957;0.60547;0.61523;0.625;0.63477;0.64453;0.6543;0.66406;0.67383;0.68359;0.69336;0.70313;0.71289;0.72266;0.73242;0.74219;0.75195;0.76172;0.77148;0.78125;0.79102,0.0028989440000000005;0.00685568;0.0039321600000000005;0.004071424000000001;0.008676351999999998;0.007107584;0.009925632;0.027296768;0.039766016;0.070459392;0.18956083199999998;0.261953536;0.277661696;0.20873318400000002;0.11703910399999999;0.12382412799999999;0.114716672;0.119560192;0.077262848;0.063527936;0.068089856;0.059800576;0.034270207999999996;0.040902656;0.033313792;0.019325952;0.017778687999999997;0.014275584000000001;0.015316992;0.019349504;0.022692864;0.015777792;0.017150976;0.016861184;0.009694208000000001;0.009710592;0.00741376;0.007882752;0.00889344;0.008814592;0.008616960000000002;0.006981632000000001;0.006524928;0.0061532159999999995;0.005237759999999999;0.0051671040000000005;0.00573952;0.004429824;0.0069621760000000005;0.005576704000000001;0.003382272;0.00285696;0.003176448;0.003456;0.0024156159999999998;0.0029163519999999997;0.00316928;0.003195904;0.0023511039999999997;0.002443264;0.001475584;0.0026368000000000003;0.002910208;0.0017807360000000002;0.002006016;0.0018964479999999998;0.001814528;0.001439744;0.0016691199999999998;0.001975296;0.002563072;0.0012789759999999998;0.0013342719999999998;0.001283072;0.00143872;0.001307648;0.000698368;0.00115712;0.001166336
1790107200,hdr,0.0293;0.03906;0.04883;0.05859;0.06836;0.07813;0.08789;0.09766;0.10742;0.11719;0.12695;0.13672;0.14648;0.15625;0.16602;0.17578;0.18555;0.19531;0.20508;0.21484;0.22461;0.23438;0.24414;0.25391;0.26367;0.27344;0.2832;0.29297;0.30273;0.3125;0.32227;0.33203;0.3418;0.35156;0.36133;0.37109;0.38086;0.39063;0.40039;0.41016;0.41992;0.42969;0.43945;0.44922;0.45898;0.46875;0.47852;0.48828;0.49805;0.50781;0.51758;0.52734;0.53711;0.54688;0.55664;0.56641;0.57617;0.58594;0.5957;0.60547;0.61523;0.625;0.63477;0.64453;0.6543;0.66406;0.67383;0.68359;0.69336;0.70313;0.71289;0.72266;0.73242;0.74219;0.75195;0.76172;0.77148;0.78125;0.79102,0.0023941119999999995;0.010622976;0.014468096;0.00799744;0.014586880000000002;0.01051648;0.008892416000000002;0.021349376;0.064229376;0.105043968;0.188744704;0.324327424;0.331930624;0.29370367999999997;0.154412032;0.14806937600000003;0.10904166400000001;0.070994944;0.061892608;0.05080064;0.04691456000000001;0.030783487999999998;0.03259392;0.029117439999999998;0.033878016000000004;0.02867712;0.030333952;0.030501888;0.017509376;0.016422912;0.015693824;0.019936256000000003;0.013882368;0.011660287999999998;0.009884672;0.00820224;0.007788544;0.007932928;0.00677376;0.00769024;0.00618496;0.0041512960000000005;0.0049633279999999995;0.007791616;0.008445952;0.003718144;0.0042065919999999994;0.0033382399999999997;0.004145152;0.005286912;0.004521984;0.004145152;0.005169152;0.004886528;0.006071296;0.005922816;0.0041093119999999995;0.003946496;0.003408896;0.0027658239999999996;0.002241536;0.00249344;0.00375808;0.002269184;0.0023234560000000002;0.002807808;0.00292864;0.00274432;0.0019537919999999998;0.00123904;0.0009359360000000001;0.00131584;0.001206272;0.000937984;0.0014110720000000002;0.001796096;0.001107968;0.000927744;0.000799744
1790108100,hdr,0.0293;0.03906;0.04883;0.05859;0.06836;0.07813;0.08789;0.09766;0.10742;0.11719;0.12695;0.13672;0.14648;0.15625;0.16602;0.17578;0.18555;0.19531;0.20508;0.21484;0.22461;0.23438;0.24414;0.25391;0.26367;0.27344;0.2832;0.29297;0.30273;0.3125;0.32227;0.33203;0.3418;0.35156;0.36133;0.37109;0.38086;0.39063;0.40039;0.41016;0.41992;0.42969;0.43945;0.44922;0.45898;0.46875;0.47852;0.48828;0.49805;0.50781;0.51758;0.52734;0.53711;0.54688;0.55664;0.56641;0.57617;0.58594;0.5957;0.60547;0.61523;0.625;0.63477;0.64453;0.6543;0.66406;0.67383;0.68359;0.69336;0.70313;0.71289;0.72266;0.73242;0.74219;0.75195;0.76172;0.77148;0.78125;0.79102,0.0038144;0.00986112;0.008820736000000001;0.008962047999999999;0.015410176;0.021338111999999996;0.019861504000000002;0.027727872000000004;0.036055040000000003;0.081664;0.174135296;0.284721152;0.369984512;0.326670336;0.198145024;0.15021363199999999;0.080274432;0.078398464;0.056008704000000006;0.036968448;0.05296128;0.0543744;0.036229120000000004;0.032722944;0.031607807999999994;0.029554688;0.021402624;0.03302502400000001;0.031724544;0.015909888;0.012981248;0.01821184;0.013669376;0.01129472;0.010950656000000001;0.011744256;0.007827456;0.006509568;0.006045696000000001;0.010216448;0.005435392;0.006141952;0.006027264;0.00611328;0.005520384;0.005711872;0.004573184;0.0038594560000000003;0.004767744000000001;0.002973696;0.003308544;0.0036474880000000004;0.0027217920000000002;0.001968128;0.00300032;0.0022947840000000002;0.002675712;0.0031242239999999997;0.001924096;0.0012748800000000002;0.00272896;0.001964032;0.001258496;0.002015232;0.0027361279999999996;0.0014458880000000002;0.00123392;0.002000896;0.001902592;0.001185792;0.001088512;0.001358848;0.001226752;0.0009574399999999999;0.0011427840000000002;0.001114112;0.000664576;0.0007557120000000001;0.0010496000000000001
1790109000,hdr,0.0293;0.03906;0.04883;0.05859;0.06836;0.07813;0.08789;0.09766;0.10742;0.11719;0.12695;0.13672;0.14648;0.15625;0.16602;0.17578;0.18555;0.19531;0.20508;0.21484;0.22461;0.23438;0.24414;0.25391;0.26367;0.27344;0.2832;0.29297;0.30273;0.3125;0.32227;0.33203;0.3418;0.35156;0.36133;0.37109;0.38086;0.39063;0.40039;0.41016;0.41992;0.42969;0.43945;0.44922;0.45898;0.46875;0.47852;0.48828;0.49805;0.50781;0.51758;0.52734;0.53711;0.54688;0.55664;0.56641;0.57617;0.58594;0.5957;0.60547;0.61523;0.625;0.63477;0.64453;0.6543;0.66406;0.67383;0.68359;0.69336;0.70313;0.71289;0.72266;0.73242;0.74219;0.75195;0.76172;0.77148;0.78125;0.79102,0.00503296;0.010235904;0.004952064;0.010551296;0.013900800000000001;0.014462975999999999;0.018068479999999998;0.032905216;0.06047232000000001;0.13436006399999997;0.13946879999999998;0.194418688;0.197986304;0.17283584;0.152773632;0.114950144;0.10583961600000001;0.07784652800000001;0.05783552;0.069956608;0.059252736;0.049716223999999996;0.033501184;0.026156032;0.022964224000000002;0.021641216;0.017292288;0.018589696;0.019595263999999998;0.018482176;0.018817024;0.018448384;0.011715584;0.008968192000000002;0.00597504;0.0058521599999999995;0.013370367999999999;0.012032;0.011316224;0.013197312;0.011904;0.010326016;0.009640959999999999;0.0038993920000000002;0.003369984;0.005462016000000001;0.003535872;0.0015411200000000002;0.002622464;0.0038174719999999997;0.004343808;0.002568192;0.002555904;0.004124672;0.003416064;0.002663424;0.002885632;0.002996224;0.0022640639999999997;0.0022568959999999996;0.0021227520000000003;0.001685504;0.001723392;0.0027791359999999998;0.002369536;0.002157568;0.001847296;0.001833984;0.0016977919999999998;0.0009256959999999999;0.001688576;0.0020162559999999997;0.002040832;0.0014438399999999998;0.001101824;0.001119232;0.001096704;0.0009482239999999999;0.0007188480000000001
1790109900,hdr,0.0293;0.03906;0.04883;0.05859;0.06836;0.07813;0.08789;0.09766;0.10742;0.11719;0.12695;0.13672;0.14648;0.15625;0.16602;0.17578;0.18555;0.19531;0.20508;0.21484;0.22461;0.23438;0.24414;0.25391;0.26367;0.27344;0.2832;0.29297;0.30273;0.3125;0.32227;0.33203;0.3418;0.35156;0.36133;0.37109;0.38086;0.39063;0.40039;0.41016;0.41992;0.42969;0.43945;0.44922;0.45898;0.46875;0.47852;0.48828;0.49805;0.50781;0.51758;0.52734;0.53711;0.54688;0.55664;0.56641;0.57617;0.58594;0.5957;0.60547;0.61523;0.625;0.63477;0.64453;0.6543;0.66406;0.67383;0.68359;0.69336;0.70313;0.71289;0.72266;0.73242;0.74219;0.75195;0.76172;0.77148;0.78125;0.79102,0.013682688;0.018916351999999997;0.013872128000000001;0.011378688;0.014529536000000001;0.009993216000000001;0.008251392;0.010641408;0.034490367999999993;0.100743168;0.211295232;0.329914368;0.264077312;0.13904384;0.13743308799999998;0.18371891199999998;0.153112576;0.07043071999999999;0.06812569600000001;0.071953408;0.06224896;0.05780070400000001;0.043399168;0.0242432;0.031429632;0.028715008;0.026494976000000003;0.022290432000000002;0.026232831999999998;0.022875136;0.013092864000000001;0.016262144;0.017740799999999998;0.017558527999999997;0.010732544;0.010102784;0.012519424000000001;0.01024;0.006929408;0.009453568;0.007825408;0.005383168000000001;0.005192703999999999;0.005031936;0.0041564160000000005;0.004429824;0.00477184;0.004639744;0.003198976;0.005532672;0.0058368000000000005;0.0035235839999999997;0.0033740800000000002;0.0039055360000000003;0.0032256;0.002312192;0.0026490879999999995;0.0026327039999999996;0.0022425599999999998;0.0018237440000000002;0.001794048;0.002883584;0.0018800639999999999;0.001659904;0.002089984;0.001504256;0.0015144960000000002;0.0015534079999999998;0.0009400319999999999;0.000633856;0.001229824;0.001330176;0.001860608;0.0013056;0.000628736;0.00082432;0.0006154239999999999;0.000651264;0.000805888
1790111700,hdr,0.0293;0.03906;0.04883;0.05859;0.06836;0.07813;0.08789;0.09766;0.10742;0.11719;0.12695;0.13672;0.14648;0.15625;0.16602;0.17578;0.18555;0.19531;0.20508;0.21484;0.22461;0.23438;0.24414;0.25391;0.26367;0.27344;0.2832;0.29297;0.30273;0.3125;0.32227;0.33203;0.3418;0.35156;0.36133;0.37109;0.38086;0.39063;0.40039;0.41016;0.41992;0.42969;0.43945;0.44922;0.45898;0.46875;0.47852;0.48828;0.49805;0.50781;0.51758;0.52734;0.53711;0.54688;0.55664;0.56641;0.57617;0.58594;0.5957;0.60547;0.61523;0.625;0.63477;0.64453;0.6543;0.66406;0.67383;0.68359;0.69336;0.70313;0.71289;0.72266;0.73242;0.74219;0.75195;0.76172;0.77148;0.78125;0.79102,0.0012247039999999999;0.003328;0.0074352640000000005;0.0062853119999999995;0.01472;0.023514112;0.025096192;0.029254656;0.056614911999999996;0.092403712;0.23472128;0.267060224;0.21701120000000002;0.32292454400000004;0.2077184;0.118177792;0.11918131200000001;0.122392576;0.082998272;0.060752896;0.05220864;0.036755456000000006;0.044727296;0.035843072;0.036844544;0.036435968;0.023250944;0.014394368000000001;0.015488;0.019325952;0.014568448;0.00972288;0.010462208;0.01606144;0.016489471999999998;0.00717824;0.006676479999999999;0.008537088000000002;0.00899584;0.007801855999999999;0.007663616;0.005194752;0.00572928;0.00451072;0.0018155520000000002;0.003607552;0.0037058559999999996;0.00357376;0.004972544;0.005442560000000001;0.005383168000000001;0.0034867200000000004;0.003567616;0.004752384;0.00229888;0.002217984;0.0023592960000000003;0.002112512;0.0033146879999999997;0.003001344;0.0028272640000000003;0.0022272;0.002177024;0.002312192;0.0027893759999999997;0.0020838399999999996;0.001954816;0.0020582400000000002;0.001209344;0.0011243520000000001;0.001137664;0.000950272;0.0007976959999999999;0.00098816;0.00133632;0.001296384;0.0012288;0.001125376;0.00088576
1790112600,hdr,0.0293;0.03906;0.04883;0.05859;0.06836;0.07813;0.08789;0.09766;0.10742;0.11719;0.12695;0.13672;0.14648;0.15625;0.16602;0.17578;0.18555;0.19531;0.20508;0.21484;0.22461;0.23438;0.24414;0.25391;0.26367;0.27344;0.2832;0.29297;0.30273;0.3125;0.32227;0.33203;0.3418;0.35156;0.36133;0.37109;0.38086;0.39063;0.40039;0.41016;0.41992;0.42969;0.43945;0.44922;0.45898;0.46875;0.47852;0.48828;0.49805;0.50781;0.51758;0.52734;0.53711;0.54688;0.55664;0.56641;0.57617;0.58594;0.5957;0.60547;0.61523;0.625;0.63477;0.64453;0.6543;0.66406;0.67383;0.68359;0.69336;0.70313;0.71289;0.72266;0.73242;0.74219;0.75195;0.76172;0.77148;0.78125;0.79102,0.003452928;0.004152319999999999;0.0033802240000000002;0.0019947520000000002;0.005435392;0.005275648;0.007030784;0.01721856;0.04163584;0.09475174400000001;0.222768128;0.32008396800000005;0.27703807999999996;0.22889881600000003;0.279724032;0.195380224;0.11900928;0.06507929600000001;0.060792832;0.044949504;0.05115392;0.036984831999999995;0.021782528;0.020274175999999998;0.024042496;0.022044671999999998;0.017506304;0.022581247999999998;0.022945792;0.024790015999999998;0.023441408;0.0139776;0.017378304;0.01832448;0.009064448000000001;0.0074004480000000004;0.008713216;0.006158336;0.010566656;0.011194368;0.007438335999999999;0.006453248000000001;0.0045844480000000005;0.008406015999999999;0.003995648;0.006395903999999999;0.007078912000000001;0.003648512;0.002688;0.003416064;0.003125248;0.003985408;0.003960832;0.0046223359999999995;0.00321536;0.0020992000000000003;0.00262144;0.003798016;0.0037928959999999996;0.003861504;0.0031559680000000003;0.002579456;0.002110464;0.0015513600000000001;0.002459648;0.0029992960000000003;0.0022978559999999996;0.001503232;0.0014530559999999999;0.001462272;0.001885184;0.0013404159999999999;0.001584128;0.001999872;0.001234944;0.000775168;0.0008325120000000001;0.001057792;0.000744448
1790113500,hdr,0.0293;0.03906;0.04883;0.05859;0.06836;0.07813;0.08789;0.09766;0.10742;0.11719;0.12695;0.13672;0.14648;0.15625;0.16602;0.17578;0.18555;0.19531;0.20508;0.21484;0.22461;0.23438;0.24414;0.25391;0.26367;0.27344;0.2832;0.29297;0.30273;0.3125;0.32227;0.33203;0.3418;0.35156;0.36133;0.37109;0.38086;0.39063;0.40039;0.41016;0.41992;0.42969;0.43945;0.44922;0.45898;0.46875;0.47852;0.48828;0.49805;0.50781;0.51758;0.52734;0.53711;0.54688;0.55664;0.56641;0.57617;0.58594;0.5957;0.60547;0.61523;0.625;0.63477;0.64453;0.6543;0.66406;0.67383;0.68359;0.69336;0.70313;0.71289;0.72266;0.73242;0.74219;0.75195;0.76172;0.77148;0.78125;0.79102,0.003252224;0.00361984;0.0029911039999999996;0.006347775999999999;0.015153152;0.018487296000000004;0.017154047999999998;0.014619647999999999;0.045011968;0.131731456;0.20429516799999997;0.227912704;0.224964608;0.247647232;0.14571520000000002;0.095507456;0.09939660800000001;0.12306124800000001;0.079712256;0.060823551999999996;0.074522624;0.081949696;0.05566361599999999;0.024547328;0.038953984;0.031772672;0.033326079999999994;0.030117888;0.025409536;0.025672703999999998;0.026630144;0.01482752;0.012575744;0.011416576;0.01327104;0.011387904;0.00755712;0.006832128;0.009950208;0.008951807999999999;0.009177088;0.008901632;0.006704127999999999;0.004122624;0.004087808;0.006407168;0.0066334720000000005;0.0044922880000000005;0.00530944;0.004431872;0.004166656;0.004141056;0.003191808;0.003560448;0.0028927999999999996;0.00303104;0.003195904;0.001984512;0.0017674240000000003;0.0018513919999999999;0.0016609279999999999;0.001385472;0.001558528;0.002164736;0.0014233599999999998;0.001439744;0.0014233599999999998;0.00104448;0.0012462080000000002;0.001243136;0.0014151679999999999;0.0010813440000000001;0.000861184;0.0009615359999999999;0.0008212479999999999;0.000999424;0.000953344;0.000576512;0.000607232
1790114400,hdr,0.0293;0.03906;0.04883;0.05859;0.06836;0.07813;0.08789;0.09766;0.10742;0.11719;0.12695;0.13672;0.14648;0.15625;0.16602;0.17578;0.18555;0.19531;0.20508;0.21484;0.22461;0.23438;0.24414;0.25391;0.26367;0.27344;0.2832;0.29297;0.30273;0.3125;0.32227;0.33203;0.3418;0.35156;0.36133;0.37109;0.38086;0.39063;0.40039;0.41016;0.41992;0.42969;0.43945;0.44922;0.45898;0.46875;0.47852;0.48828;0.49805;0.50781;0.51758;0.52734;0.53711;0.54688;0.55664;0.56641;0.57617;0.58594;0.5957;0.60547;0.61523;0.625;0.63477;0.64453;0.6543;0.66406;0.67383;0.68359;0.69336;0.70313;0.71289;0.72266;0.73242;0.74219;0.75195;0.76172;0.77148;0.78125;0.79102,0.0009912319999999999;0.0018442240000000002;0.00205312;0.003390464;0.008114176;0.007158784;0.008979456;0.021884928;0.048241664;0.094445568;0.24544460799999998;0.37030707199999996;0.30781747200000004;0.20106137599999999;0.135503872;0.130200576;0.089583616;0.06903603200000001;0.053439488;0.048731136;0.073165824;0.0539904;0.030893056000000002;0.026771456000000003;0.02187264;0.034774016000000005;0.025336832000000004;0.024276991999999997;0.02248704;0.017473536;0.015212544;0.011730944;0.014952448;0.015726592;0.011478015999999999;0.011085824000000001;0.006114304;0.008006656;0.010807296;0.006498304;0.005486591999999999;0.00824832;0.006674432000000001;0.00536576;0.007829504;0.005636096;0.006102016;0.00775168;0.005807104;0.004067328;0.004350976;0.00558592;0.008749055999999998;0.006665216000000001;0.003785728;0.002372608;0.0023470080000000003;0.001777664;0.001696768;0.002569216;0.0025937919999999997;0.0025139200000000002;0.002466816;0.0022425599999999998;0.001941504;0.001581056;0.00169472;0.0022784000000000003;0.0024064;0.0013701120000000002;0.0012032;0.0012728319999999998;0.001915904;0.00125952;0.001091584;0.00068096;0.000922624;0.0010127360000000002;0.001042432
1790115300,hdr,0.0293;0.03906;0.04883;0.05859;0.06836;0.07813;0.08789;0.09766;0.10742;0.11719;0.12695;0.13672;0.14648;0.15625;0.16602;0.17578;0.18555;0.19531;0.20508;0.21484;0.22461;0.23438;0.24414;0.25391;0.26367;0.27344;0.2832;0.29297;0.30273;0.3125;0.32227;0.33203;0.3418;0.35156;0.36133;0.37109;0.38086;0.39063;0.40039;0.41016;0.41992;0.42969;0.43945;0.44922;0.45898;0.46875;0.47852;0.48828;0.49805;0.50781;0.51758;0.52734;0.53711;0.54688;0.55664;0.56641;0.57617;0.58594;0.5957;0.60547;0.61523;0.625;0.63477;0.64453;0.6543;0.66406;0.67383;0.68359;0.69336;0.70313;0.71289;0.72266;0.73242;0.74219;0.75195;0.76172;0.77148;0.78125;0.79102,0.000861184;0.0024545279999999997;0.002532352;0.0036966399999999997;0.009944063999999999;0.007863296;0.010781696;0.018921472;0.050349055999999996;0.090795008;0.099605504;0.180237312;0.266742784;0.29137510400000005;0.194948096;0.096753664;0.11144499199999999;0.08252211200000001;0.08497664;0.059886591999999995;0.038083584000000004;0.047417344;0.035510271999999996;0.021387264;0.036108288;0.033011712;0.026620928;0.024288256;0.023177216;0.019446783999999998;0.018520064000000003;0.011124736000000001;0.011743232;0.012286975999999998;0.010302464;0.009443327999999999;0.012414976;0.013150207999999998;0.007219199999999999;0.00615424;0.0052541440000000005;0.005081088000000001;0.0056381439999999994;0.00800256;0.007883776;0.005666816;0.005736448;0.006659072;0.00409088;0.005927936;0.0071362560000000005;0.005609472000000001;0.0057896959999999996;0.004787200000000001;0.004487168;0.004540415999999999;0.002617344;0.0027648;0.0022947840000000002;0.001839104;0.0036311040000000004;0.003574784;0.00280064;0.002177024;0.0014858240000000002;0.00239104;0.0033873920000000004;0.0023920639999999997;0.00159232;0.001108992;0.001007616;0.0011919360000000002;0.0013056;0.001344512;0.0009021439999999999;0.000917504;0.00075264;0.000750592;0.000621568
1790116200,hdr,0.0293;0.03906;0.04883;0.05859;0.06836;0.07813;0.08789;0.09766;0.10742;0.11719;0.12695;0.13672;0.14648;0.15625;0.16602;0.17578;0.18555;0.19531;0.20508;0.21484;0.22461;0.23438;0.24414;0.25391;0.26367;0.27344;0.2832;0.29297;0.30273;0.3125;0.32227;0.33203;0.3418;0.35156;0.36133;0.37109;0.38086;0.39063;0.40039;0.41016;0.41992;0.42969;0.43945;0.44922;0.45898;0.46875;0.47852;0.48828;0.49805;0.50781;0.51758;0.52734;0.53711;0.54688;0.55664;0.56641;0.57617;0.58594;0.5957;0.60547;0.61523;0.625;0.63477;0.64453;0.6543;0.66406;0.67383;0.68359;0.69336;0.70313;0.71289;0.72266;0.73242;0.74219;0.75195;0.76172;0.77148;0.78125;0.79102,0.001212416;0.00272896;0.0043878400000000005;0.008424448000000001;0.011778048000000001;0.010901504;0.012618752;0.033548288;0.056331264;0.12276531199999999;0.24190976;0.254427136;0.31193497600000003;0.34358784000000003;0.229282816;0.112377856;0.09720012800000001;0.068818944;0.06716518399999999;0.057508864;0.030924800000000002;0.0556288;0.06780006400000001;0.04543283199999999;0.042847232;0.033517568;0.028156928;0.024848383999999998;0.018054144;0.014824448;0.014547968;0.010399744;0.010763264;0.015881216;0.009878528;0.007845888;0.006878207999999999;0.009027583999999998;0.007964672;0.003629056;0.003540992;0.005740544;0.00794112;0.005917696;0.006492159999999999;0.007453696;0.007948288;0.007618560000000001;0.00459264;0.0051968;0.006792192;0.003892224;0.003659776;0.004892672000000001;0.004632576;0.0045312;0.004278272;0.003862528;0.0024832;0.0016773119999999998;0.0030300159999999995;0.0026368000000000003;0.002522112;0.0022487040000000002;0.0019937279999999997;0.002512896;0.001779712;0.001570816;0.00169472;0.001814528;0.0012748800000000002;0.001338368;0.001261568;0.0010803199999999998;0.001400832;0.0010936319999999998;0.0008355839999999999;0.000985088;0.0013424640000000002
1790117100,hdr,0.0293;0.03906;0.04883;0.05859;0.06836;0.07813;0.08789;0.09766;0.10742;0.11719;0.12695;0.13672;0.14648;0.15625;0.16602;0.17578;0.18555;0.19531;0.20508;0.21484;0.22461;0.23438;0.24414;0.25391;0.26367;0.27344;0.2832;0.29297;0.30273;0.3125;0.32227;0.33203;0.3418;0.35156;0.36133;0.37109;0.38086;0.39063;0.40039;0.41016;0.41992;0.42969;0.43945;0.44922;0.45898;0.46875;0.47852;0.48828;0.49805;0.50781;0.51758;0.52734;0.53711;0.54688;0.55664;0.56641;0.57617;0.58594;0.5957;0.60547;0.61523;0.625;0.63477;0.64453;0.6543;0.66406;0.67383;0.68359;0.69336;0.70313;0.71289;0.72266;0.73242;0.74219;0.75195;0.76172;0.77148;0.78125;0.79102,0.0050677759999999995;0.0065812480000000005;0.005736448;0.003416064;0.009100288;0.011224064;0.009544704;0.015854592;0.024868863999999997;0.052411392;0.16168960000000002;0.390873088;0.424551424;0.2195456;0.18302566400000003;0.163540992;0.146588672;0.08614604799999999;0.073704448;0.06504448;0.042123263999999994;0.026676224000000002;0.018393088;0.022218751999999998;0.040474623999999994;0.038350848;0.026160128;0.0262912;0.035423232;0.025737216;0.024321024;0.017339392;0.013930495999999999;0.013642752000000001;0.011783168;0.010133504000000002;0.007032832;0.005856256000000001;0.005733376;0.006585344;0.005993472;0.00734208;0.0077690879999999995;0.0077742079999999995;0.006218752;0.007283712;0.0047841279999999995;0.005297152;0.007065599999999999;0.006460416;0.0053411840000000006;0.004073472;0.0046817280000000005;0.002660352;0.001787904;0.003272704;0.004950016;0.003488768;0.002617344;0.003122176;0.003861504;0.0026624;0.001649664;0.0014929920000000003;0.00195584;0.001615872;0.001558528;0.00138752;0.0015943679999999999;0.002197504;0.0014530559999999999;0.0011120639999999998;0.000913408;0.001016832;0.0009594880000000001;0.001137664;0.0014714879999999997;0.0011694079999999998;0.0009021439999999999
1790118000,hdr,0.0293;0.03906;0.04883;0.05859;0.06836;0.07813;0.08789;0.09766;0.10742;0.11719;0.12695;0.13672;0.14648;0.15625;0.16602;0.17578;0.18555;0.19531;0.20508;0.21484;0.22461;0.23438;0.24414;0.25391;0.26367;0.27344;0.2832;0.29297;0.30273;0.3125;0.32227;0.33203;0.3418;0.35156;0.36133;0.37109;0.38086;0.39063;0.40039;0.41016;0.41992;0.42969;0.43945;0.44922;0.45898;0.46875;0.47852;0.48828;0.49805;0.50781;0.51758;0.52734;0.53711;0.54688;0.55664;0.56641;0.57617;0.58594;0.5957;0.60547;0.61523;0.625;0.63477;0.64453;0.6543;0.66406;0.67383;0.68359;0.69336;0.70313;0.71289;0.72266;0.73242;0.74219;0.75195;0.76172;0.77148;0.78125;0.79102,0.001168384;0.003483648;0.00430592;0.007153664;0.018075648;0.012443648;0.012371968;0.026452991999999998;0.055262208;0.14052044799999996;0.323495936;0.417119232;0.379524096;0.250791936;0.224002048;0.12202291200000001;0.081318912;0.11012198399999999;0.080646144;0.04414976;0.03871129599999999;0.034318336000000005;0.02217984;0.034495488000000005;0.03619328;0.038257664;0.029033471999999998;0.021390336000000003;0.018075648;0.016683008000000003;0.016256;0.018236416;0.016146432000000002;0.013111296;0.01119232;0.008025088000000001;0.00654848;0.008752128000000001;0.007246848;0.005117952;0.00367616;0.0058839040000000006;0.005590016000000001;0.002961408;0.00406016;0.005063679999999999;0.0030914560000000002;0.0020910079999999997;0.003272704;0.004199424;0.005110783999999999;0.006976512;0.004170752000000001;0.002914304;0.0026081279999999995;0.002686976;0.0038256640000000003;0.003513344;0.0028303359999999997;0.0021893120000000005;0.0024924160000000003;0.0022394880000000004;0.001845248;0.001929216;0.0017192959999999997;0.001027072;0.00113152;0.001077248;0.00118784;0.000979968;0.000842752;0.0005918719999999999;0.001199104;0.0012247039999999999;0.001014784;0.0009523200000000001;0.001048576;0.000899072;0.000719872
1790118900,hdr,0.0293;0.03906;0.04883;0.05859;0.06836;0.07813;0.08789;0.09766;0.10742;0.11719;0.12695;0.13672;0.14648;0.15625;0.16602;0.17578;0.18555;0.19531;0.20508;0.21484;0.22461;0.23438;0.24414;0.25391;0.26367;0.27344;0.2832;0.29297;0.30273;0.3125;0.32227;0.33203;0.3418;0.35156;0.36133;0.37109;0.38086;0.39063;0.40039;0.41016;0.41992;0.42969;0.43945;0.44922;0.45898;0.46875;0.47852;0.48828;0.49805;0.50781;0.51758;0.52734;0.53711;0.54688;0.55664;0.56641;0.57617;0.58594;0.5957;0.60547;0.61523;0.625;0.63477;0.64453;0.6543;0.66406;0.67383;0.68359;0.69336;0.70313;0.71289;0.72266;0.73242;0.74219;0.75195;0.76172;0.77148;0.78125;0.79102,0.0064665600000000005;0.011936768;0.00631808;0.0022835200000000003;0.0056350720000000005;0.012737536;0.011047936;0.012734464;0.029478912;0.08085504;0.222569472;0.32868864000000003;0.291401728;0.16777830400000002;0.169443328;0.10962227199999999;0.09310924799999999;0.07919616;0.08016896;0.063803392;0.047536128;0.041402368;0.041413632;0.03235328;0.030678016;0.039656448;0.033750016;0.019378176;0.016308224;0.014572544;0.011961344;0.015937536;0.013595648000000002;0.016039936;0.009954304;0.011354112000000001;0.01278464;0.007960576;0.004641792;0.0047790079999999995;0.004205568;0.005330944;0.010983423999999999;0.010302464;0.004649983999999999;0.00316416;0.004239359999999999;0.004962303999999999;0.004231168;0.00424448;0.005999616;0.005536768;0.004347904;0.005275648;0.004414464;0.002914304;0.002403328;0.002064384;0.00167424;0.0018882559999999998;0.002169856;0.0022487040000000002;0.0018042879999999998;0.002200576;0.002451456;0.002014208;0.0020930559999999994;0.0021196799999999997;0.0014581759999999998;0.001033216;0.001195008;0.001327104;0.0012994559999999998;0.000893952;0.000648192;0.0007014399999999999;0.0010752000000000001;0.001251328;0.0008447999999999999
1790119800,hdr,0.0293;0.03906;0.04883;0.05859;0.06836;0.07813;0.08789;0.09766;0.10742;0.11719;0.12695;0.13672;0.14648;0.15625;0.16602;0.17578;0.18555;0.19531;0.20508;0.21484;0.22461;0.23438;0.24414;0.25391;0.26367;0.27344;0.2832;0.29297;0.30273;0.3125;0.32227;0.33203;0.3418;0.35156;0.36133;0.37109;0.38086;0.39063;0.40039;0.41016;0.41992;0.42969;0.43945;0.44922;0.45898;0.46875;0.47852;0.48828;0.49805;0.50781;0.51758;0.52734;0.53711;0.54688;0.55664;0.56641;0.57617;0.58594;0.5957;0.60547;0.61523;0.625;0.63477;0.64453;0.6543;0.66406;0.67383;0.68359;0.69336;0.70313;0.71289;0.72266;0.73242;0.74219;0.75195;0.76172;0.77148;0.78125;0.79102,0.0055429120000000005;0.007766016;0.0066457600000000006;0.0032819200000000002;0.020672512000000004;0.03595264;0.017502208;0.022039552;0.063908864;0.1462272;0.22194176;0.34984038399999995;0.40487936;0.297138176;0.19214950400000003;0.130496512;0.14027263999999998;0.148813824;0.11106816;0.08174796799999999;0.062701568;0.032242688;0.031583232;0.031392768;0.032997376;0.028603392;0.025664512;0.023607296000000003;0.020044799999999998;0.013809664;0.016709632;0.022190079999999997;0.01428992;0.010442752;0.01032192;0.007419904;0.004886528;0.005410816;0.00695296;0.009840640000000001;0.0056975360000000004;0.005603328;0.005663744000000001;0.004952064;0.007367680000000001;0.0075694080000000006;0.005752831999999999;0.006349824;0.005723136;0.0032266240000000004;0.003690496;0.0040294400000000005;0.005118976;0.0037949439999999997;0.0028876799999999997;0.0031488;0.0035072000000000002;0.003325952;0.0037662719999999998;0.0023511039999999997;0.001687552;0.00153088;0.0020172799999999998;0.0016087039999999999;0.0015953919999999997;0.0018964479999999998;0.0018944;0.0010516479999999999;0.000812032;0.001113088;0.0011919360000000002;0.00111104;0.00080384;0.000663552;0.000651264;0.000545792;0.000351232;0.000690176;0.0009349119999999999
1790120700,hdr,0.0293;0.03906;0.04883;0.05859;0.06836;0.07813;0.08789;0.09766;0.10742;0.11719;0.12695;0.13672;0.14648;0.15625;0.16602;0.17578;0.18555;0.19531;0.20508;0.21484;0.22461;0.23438;0.24414;0.25391;0.26367;0.27344;0.2832;0.29297;0.30273;0.3125;0.32227;0.33203;0.3418;0.35156;0.36133;0.37109;0.38086;0.39063;0.40039;0.41016;0.41992;0.42969;0.43945;0.44922;0.45898;0.46875;0.47852;0.48828;0.49805;0.50781;0.51758;0.52734;0.53711;0.54688;0.55664;0.56641;0.57617;0.58594;0.5957;0.60547;0.61523;0.625;0.63477;0.64453;0.6543;0.66406;0.67383;0.68359;0.69336;0.70313;0.71289;0.72266;0.73242;0.74219;0.75195;0.76172;0.77148;0.78125;0.79102,0.00047820800000000004;0.0007393279999999999;0.002403328;0.006631424;0.019014655999999998;0.015164416;0.010396672000000001;0.025729023999999996;0.04267008;0.108517376;0.221730816;0.26135552;0.288755712;0.249367552;0.189191168;0.135191552;0.11190272;0.099592192;0.038820864000000004;0.052358144;0.057046016000000005;0.037904384;0.037286912000000005;0.027326463999999998;0.030636032;0.030342144;0.023755776000000003;0.016788479999999998;0.022813696;0.0219648;0.021837824000000002;0.022907904;0.017997824;0.011031552;0.015811584;0.014819328000000001;0.008497152000000001;0.010682368000000001;0.011098112;0.011256831999999998;0.009175039999999999;0.008252416;0.008699904;0.0109824;0.006912;0.005559295999999999;0.006091776000000001;0.004133888;0.007545856;0.007064576;0.0039075839999999995;0.001783808;0.001910784;0.0021452800000000003;0.004094976;0.003919872;0.002996224;0.002594816;0.0027115520000000003;0.002262016;0.0025856;0.0026787839999999996;0.00231424;0.0021964800000000002;0.0024637440000000004;0.0014346239999999998;0.001374208;0.001467392;0.001635328;0.001475584;0.001457152;0.001435648;0.001391616;0.0009349119999999999;0.0009727999999999999;0.000927744;0.001014784;0.0006932479999999999;0.000651264
