Epoch Time,Processing Source,f,varianceDensity
1790553600,hdr,0.0293;0.03906;0.04883;0.05859;0.06836;0.07813;0.08789;0.09766;0.10742;0.11719;0.12695;0.13672;0.14648;0.15625;0.16602;0.17578;0.18555;0.19531;0.20508;0.21484;0.22461;0.23438;0.24414;0.25391;0.26367;0.27344;0.2832;0.29297;0.30273;0.3125;0.32227;0.33203;0.3418;0.35156;0.36133;0.37109;0.38086;0.39063;0.40039;0.41016;0.41992;0.42969;0.43945;0.44922;0.45898;0.46875;0.47852;0.48828;0.49805;0.50781;0.51758;0.52734;0.53711;0.54688;0.55664;0.56641;0.57617;0.58594;0.5957;0.60547;0.61523;0.625;0.63477;0.64453;0.6543;0.66406;0.67383;0.68359;0.69336;0.70313;0.71289;0.72266;0.73242;0.74219;0.75195;0.76172;0.77148;0.78125;0.79102,0.015740928;0.028534784;0.026939392;0.018778112;0.028131328;0.10604339199999999;0.461205504;1.331320832;1.611915264;1.663473664;1.9705221120000003;1.1625512960000002;0.709189632;0.3829248;0.41739878399999997;0.23689011199999999;0.252381184;0.22014975999999997;0.35354624;0.376344576;0.262705152;0.23000473600000002;0.298237952;0.19316736;0.13252608000000002;0.07937433599999999;0.065138688;0.08860672;0.084815872;0.08525004800000001;0.055982080000000004;0.04337254399999999;0.051466239999999996;0.053743616;0.0428032;0.047104;0.030038016;0.028721152;0.023367680000000002;0.017289216;0.0136192;0.019224575999999997;0.015603711999999999;0.013768704;0.009142272000000002;0.013312;0.014401536;0.009928704;0.008554496000000002;0.009555968000000001;0.010672128000000001;0.011841536;0.0076820479999999995;0.0039321600000000005;0.005150719999999999;0.004677631999999999;0.005681152;0.004278272;0.003002368;0.003876864;0.004020223999999999;0.0031375360000000002;0.002953216;0.0022528;0.0031375360000000002;0.0026234879999999998;0.003008512;0.002777088;0.0022241279999999997;0.002111488;0.0019455999999999998;0.001798144;0.002009088;0.0024309759999999996;0.00198656;0.001345536;0.001069056;0.001435648;0.001056768
1790554500,hdr,0.0293;0.03906;0.04883;0.05859;0.06836;0.07813;0.08789;0.09766;0.10742;0.11719;0.12695;0.13672;0.14648;0.15625;0.16602;0.17578;0.18555;0.19531;0.20508;0.21484;0.22461;0.23438;0.24414;0.25391;0.26367;0.27344;0.2832;0.29297;0.30273;0.3125;0.32227;0.33203;0.3418;0.35156;0.36133;0.37109;0.38086;0.39063;0.40039;0.41016;0.41992;0.42969;0.43945;0.44922;0.45898;0.46875;0.47852;0.48828;0.49805;0.50781;0.51758;0.52734;0.53711;0.54688;0.55664;0.56641;0.57617;0.58594;0.5957;0.60547;0.61523;0.625;0.63477;0.64453;0.6543;0.66406;0.67383;0.68359;0.69336;0.70313;0.71289;0.72266;0.73242;0.74219;0.75195;0.76172;0.77148;0.78125;0.79102,0.019103744;0.025255935999999996;0.019695616000000003;0.009527296000000001;0.03006464;0.106027008;0.559429632;1.3854965760000002;1.848987648;1.357922304;0.927719424;1.045110784;0.8224010239999999;0.5543116800000001;0.31997951999999996;0.337512448;0.20656947199999998;0.191197184;0.31079424;0.41312665600000004;0.37625446399999996;0.211687424;0.279001088;0.188153856;0.09708953599999999;0.14451302400000002;0.143560704;0.10336460800000001;0.07608320000000002;0.07853260799999999;0.098670592;0.092196864;0.068608;0.03895910400000001;0.041326591999999995;0.041492480000000005;0.033667072;0.017321984000000002;0.020826111999999997;0.022605823999999997;0.015671296;0.018071552;0.0178176;0.012627967999999998;0.006864896;0.008710144;0.009775104000000001;0.012464128000000001;0.008708096;0.004653056000000001;0.004276224;0.004870144;0.006346752000000001;0.005189632;0.004225024;0.006232064000000001;0.007657472;0.00636928;0.004487168;0.0032870399999999998;0.003391488;0.0046714880000000005;0.004204544;0.002183168;0.001646592;0.0024064;0.0014499839999999999;0.001540096;0.001480704;0.001619968;0.002213888;0.0025108480000000004;0.002215936;0.0016711679999999998;0.001536;0.001472512;0.001079296;0.00089088;0.001062912
1790555400,hdr,0.0293;0.03906;0.04883;0.05859;0.06836;0.07813;0.08789;0.09766;0.10742;0.11719;0.12695;0.13672;0.14648;0.15625;0.16602;0.17578;0.18555;0.19531;0.20508;0.21484;0.22461;0.23438;0.24414;0.25391;0.26367;0.27344;0.2832;0.29297;0.30273;0.3125;0.32227;0.33203;0.3418;0.35156;0.36133;0.37109;0.38086;0.39063;0.40039;0.41016;0.41992;0.42969;0.43945;0.44922;0.45898;0.46875;0.47852;0.48828;0.49805;0.50781;0.51758;0.52734;0.53711;0.54688;0.55664;0.56641;0.57617;0.58594;0.5957;0.60547;0.61523;0.625;0.63477;0.64453;0.6543;0.66406;0.67383;0.68359;0.69336;0.70313;0.71289;0.72266;0.73242;0.74219;0.75195;0.76172;0.77148;0.78125;0.79102,0.0080896;0.016121856;0.014788608;0.014966784;0.022800384000000003;0.100501504;0.49670144;1.2260474879999999;1.842692096;1.87442176;1.327597568;0.845873152;0.40131174399999997;0.36328447999999997;0.433434624;0.495077376;0.387248128;0.36867481600000007;0.32523264;0.545624064;0.371595264;0.23989248000000002;0.180860928;0.17527398400000002;0.24040448;0.187502592;0.101978112;0.10362675199999999;0.092452864;0.078891008;0.04564992;0.045811712;0.087140352;0.055916544;0.040409087999999996;0.044251136;0.034668543999999996;0.026832896000000002;0.028647423999999998;0.026906624;0.017960959999999998;0.018315263999999998;0.017655808000000002;0.015028224;0.017801216;0.020451328;0.0137728;0.009592832;0.010143744000000001;0.009127936;0.006463488;0.0050728959999999995;0.008030208;0.007053312;0.005910528;0.007376896000000001;0.005208064;0.003803136;0.004122624;0.0035123199999999998;0.003203072;0.002070528;0.002719744;0.001818624;0.0025292799999999996;0.002844672;0.0024145919999999997;0.001353728;0.002404352;0.003745792;0.002613248;0.0016384000000000001;0.0014151679999999999;0.001089536;0.0013557760000000002;0.001304576;0.0011202559999999998;0.0007168;0.0011509760000000002
1790556300,hdr,0.0293;0.03906;0.04883;0.05859;0.06836;0.07813;0.08789;0.09766;0.10742;0.11719;0.12695;0.13672;0.14648;0.15625;0.16602;0.17578;0.18555;0.19531;0.20508;0.21484;0.22461;0.23438;0.24414;0.25391;0.26367;0.27344;0.2832;0.29297;0.30273;0.3125;0.32227;0.33203;0.3418;0.35156;0.36133;0.37109;0.38086;0.39063;0.40039;0.41016;0.41992;0.42969;0.43945;0.44922;0.45898;0.46875;0.47852;0.48828;0.49805;0.50781;0.51758;0.52734;0.53711;0.54688;0.55664;0.56641;0.57617;0.58594;0.5957;0.60547;0.61523;0.625;0.63477;0.64453;0.6543;0.66406;0.67383;0.68359;0.69336;0.70313;0.71289;0.72266;0.73242;0.74219;0.75195;0.76172;0.77148;0.78125;0.79102,0.01093632;0.015602688;0.016493568;0.018763776;0.018192384000000002;0.128019456;0.407728128;0.704891904;1.7290844160000003;2.760336384;2.034819072;1.101007872;0.787820544;0.413309952;0.36682444799999997;0.271352832;0.232879104;0.33878937600000003;0.28581580799999995;0.22136217599999997;0.253357056;0.3243264;0.36094464000000004;0.229782528;0.153105408;0.090713088;0.072081408;0.086562816;0.08857190399999999;0.10948300799999999;0.12016127999999998;0.05484441600000001;0.036839423999999996;0.0364032;0.033537024;0.039564288;0.021590016;0.01611264;0.014644224000000003;0.01677312;0.019832831999999998;0.012343296;0.012254208;0.015547392000000002;0.0159744;0.011821055999999998;0.007563264000000001;0.008426496;0.011529216;0.009286656;0.010601471999999999;0.006650879999999999;0.0051548159999999996;0.005489664;0.004727808;0.002961408;0.003158016;0.0035573759999999997;0.003689472;0.0030627840000000003;0.0029368320000000003;0.002688;0.0016373760000000003;0.002770944;0.0032563199999999996;0.003422208;0.0030627840000000003;0.0031426559999999997;0.002543616;0.0009984;0.001342464;0.0017879040000000003;0.001898496;0.001434624;0.001050624;0.001271808;0.001308672;0.001646592;0.002015232
1790557200,hdr,0.0293;0.03906;0.04883;0.05859;0.06836;0.07813;0.08789;0.09766;0.10742;0.11719;0.12695;0.13672;0.14648;0.15625;0.16602;0.17578;0.18555;0.19531;0.20508;0.21484;0.22461;0.23438;0.24414;0.25391;0.26367;0.27344;0.2832;0.29297;0.30273;0.3125;0.32227;0.33203;0.3418;0.35156;0.36133;0.37109;0.38086;0.39063;0.40039;0.41016;0.41992;0.42969;0.43945;0.44922;0.45898;0.46875;0.47852;0.48828;0.49805;0.50781;0.51758;0.52734;0.53711;0.54688;0.55664;0.56641;0.57617;0.58594;0.5957;0.60547;0.61523;0.625;0.63477;0.64453;0.6543;0.66406;0.67383;0.68359;0.69336;0.70313;0.71289;0.72266;0.73242;0.74219;0.75195;0.76172;0.77148;0.78125;0.79102,0.011185152;0.01419264;0.009621504;0.013108224;0.020794367999999997;0.128477184;0.6907361280000001;1.5648061439999998;2.395643904;2.8853207039999997;2.036391936;1.359301632;0.865671168;0.733596672;0.38408908799999997;0.296610816;0.268597248;0.366329856;0.289815552;0.23026175999999998;0.40688025600000005;0.391744512;0.26249011199999994;0.177275904;0.114318336;0.10655539200000001;0.127236096;0.0993792;0.09421516799999999;0.112852992;0.12000460800000001;0.095551488;0.075436032;0.04488192;0.027626496;0.023359487999999998;0.020957184;0.024029184000000002;0.027647999999999995;0.024477696;0.013584384;0.01580544;0.016309248000000002;0.013092864000000001;0.009394175999999999;0.013440000000000002;0.00993792;0.008942592000000001;0.012417023999999999;0.010696704;0.008282112000000001;0.004491264;0.005357568;0.004478976000000001;0.0041963519999999995;0.004690944;0.0051025919999999995;0.0043008000000000005;0.003935232;0.0026480640000000003;0.001790976;0.0031488;0.003145728;0.0020582400000000002;0.0016066560000000001;0.002850816;0.0016711679999999998;0.0016373760000000003;0.001941504;0.00195072;0.0020183040000000003;0.001440768;0.0012195840000000001;0.00104448;0.0009584639999999999;0.000678912;0.0009953280000000002;0.001425408;0.001327104
1790558100,hdr,0.0293;0.03906;0.04883;0.05859;0.06836;0.07813;0.08789;0.09766;0.10742;0.11719;0.12695;0.13672;0.14648;0.15625;0.16602;0.17578;0.18555;0.19531;0.20508;0.21484;0.22461;0.23438;0.24414;0.25391;0.26367;0.27344;0.2832;0.29297;0.30273;0.3125;0.32227;0.33203;0.3418;0.35156;0.36133;0.37109;0.38086;0.39063;0.40039;0.41016;0.41992;0.42969;0.43945;0.44922;0.45898;0.46875;0.47852;0.48828;0.49805;0.50781;0.51758;0.52734;0.53711;0.54688;0.55664;0.56641;0.57617;0.58594;0.5957;0.60547;0.61523;0.625;0.63477;0.64453;0.6543;0.66406;0.67383;0.68359;0.69336;0.70313;0.71289;0.72266;0.73242;0.74219;0.75195;0.76172;0.77148;0.78125;0.79102,0.001188864;0.0034713599999999997;0.016054271999999998;0.0105216;0.030403583999999997;0.11046911999999999;0.391428096;1.6453386239999999;3.0575984640000002;2.5231872;1.8531348480000003;1.0420992;0.670169088;0.591148032;0.322080768;0.222317568;0.38549913599999996;0.455795712;0.38083891200000003;0.37054464000000004;0.212379648;0.228882432;0.205243392;0.20704051199999998;0.18017587200000001;0.082876416;0.07441919999999999;0.077733888;0.088636416;0.057781248;0.059925504;0.049852416;0.04641792;0.04071936;0.020468735999999998;0.02789376;0.036817920000000004;0.01941504;0.015578112;0.018149376000000002;0.014644224000000003;0.013203455999999999;0.021067776000000003;0.021888;0.02062848;0.018026496;0.012281855999999999;0.006395904000000001;0.006325248;0.009203712;0.007403519999999999;0.008285184000000001;0.008377343999999998;0.005062656;0.0052992;0.004263935999999999;0.0034744320000000004;0.003354624;0.004159488;0.003483648;0.002660352;0.002208768;0.0025405440000000005;0.002202624;0.00170496;0.0015974399999999999;0.001655808;0.0018155520000000002;0.002015232;0.0012933119999999998;0.000592896;0.0019537919999999998;0.002110464;0.0015544320000000003;0.001594368;0.0013885439999999998;0.0010106879999999998;0.001127424;0.00135168
1790559000,hdr,0.0293;0.03906;0.04883;0.05859;0.06836;0.07813;0.08789;0.09766;0.10742;0.11719;0.12695;0.13672;0.14648;0.15625;0.16602;0.17578;0.18555;0.19531;0.20508;0.21484;0.22461;0.23438;0.24414;0.25391;0.26367;0.27344;0.2832;0.29297;0.30273;0.3125;0.32227;0.33203;0.3418;0.35156;0.36133;0.37109;0.38086;0.39063;0.40039;0.41016;0.41992;0.42969;0.43945;0.44922;0.45898;0.46875;0.47852;0.48828;0.49805;0.50781;0.51758;0.52734;0.53711;0.54688;0.55664;0.56641;0.57617;0.58594;0.5957;0.60547;0.61523;0.625;0.63477;0.64453;0.6543;0.66406;0.67383;0.68359;0.69336;0.70313;0.71289;0.72266;0.73242;0.74219;0.75195;0.76172;0.77148;0.78125;0.79102,0.010070016;0.023565311999999998;0.019061759999999997;0.012926976;0.025992192;0.133057536;0.414323712;0.958070784;1.6905953280000001;2.283964416;1.606330368;0.9059020799999999;0.7304294400000001;0.6386626559999999;0.598247424;0.334000128;0.28364697600000005;0.44394700800000003;0.43295846400000004;0.42634752;0.358253568;0.32727552000000004;0.278482944;0.165989376;0.20694835199999997;0.17538048;0.11764224000000001;0.09271296;0.08891903999999999;0.060128256;0.06325248;0.06703411199999999;0.04889088;0.037736448;0.04308479999999999;0.03184128;0.031027199999999998;0.026044415999999997;0.017685504;0.0132096;0.013234176000000002;0.015790079999999998;0.015906816;0.011821055999999998;0.013642752;0.010497023999999999;0.008887296000000001;0.009541632;0.008020992;0.007397376;0.007292927999999999;0.007194624;0.0050227200000000005;0.005833728;0.004211712;0.004810752;0.004862976;0.003883008;0.0024852480000000002;0.002721792;0.002546688;0.00281088;0.003038208;0.002144256;0.0022947840000000002;0.0026357760000000003;0.002688;0.0023807999999999998;0.001883136;0.001941504;0.001867776;0.0020858879999999997;0.00135168;0.0014837759999999998;0.001496064;0.0014991359999999999;0.00139776;0.0010659839999999999;0.000943104
1790559900,hdr,0.0293;0.03906;0.04883;0.05859;0.06836;0.07813;0.08789;0.09766;0.10742;0.11719;0.12695;0.13672;0.14648;0.15625;0.16602;0.17578;0.18555;0.19531;0.20508;0.21484;0.22461;0.23438;0.24414;0.25391;0.26367;0.27344;0.2832;0.29297;0.30273;0.3125;0.32227;0.33203;0.3418;0.35156;0.36133;0.37109;0.38086;0.39063;0.40039;0.41016;0.41992;0.42969;0.43945;0.44922;0.45898;0.46875;0.47852;0.48828;0.49805;0.50781;0.51758;0.52734;0.53711;0.54688;0.55664;0.56641;0.57617;0.58594;0.5957;0.60547;0.61523;0.625;0.63477;0.64453;0.6543;0.66406;0.67383;0.68359;0.69336;0.70313;0.71289;0.72266;0.73242;0.74219;0.75195;0.76172;0.77148;0.78125;0.79102,0.009807871999999999;0.017162240000000002;0.015546367999999998;0.012802047999999998;0.018266112;0.127758336;0.47168102399999995;0.895776768;1.25106176;1.8006630399999999;1.680173056;1.400475648;0.880269312;0.571287552;0.47613952000000004;0.42268671999999996;0.40759500800000004;0.32249241599999995;0.233076736;0.196818944;0.185489408;0.15840665599999998;0.191494144;0.251437056;0.154732544;0.11956838399999999;0.09402368;0.074338304;0.085045248;0.070893568;0.049496064;0.036048896000000004;0.041373696;0.038189056000000006;0.037158912;0.027967488000000002;0.02779136;0.020494336;0.017803264;0.014569472;0.017461248;0.0189952;0.01031168;0.015325183999999999;0.008597504;0.012120063999999998;0.014202880000000001;0.011196415999999999;0.013119488;0.006541312;0.00627712;0.004427776;0.003756032;0.003811328;0.002770944;0.00340992;0.0034754559999999996;0.005435392;0.004667392000000001;0.004110336;0.0044544;0.002279424;0.00222208;0.002486272;0.002551808;0.0018800639999999999;0.002275328;0.002441216;0.0019537919999999998;0.0016670720000000001;0.001337344;0.001284096;0.0017244159999999999;0.001722368;0.001349632;0.0008110079999999999;0.000753664;0.0007413760000000001;0.000937984
1790560800,hdr,0.0293;0.03906;0.04883;0.05859;0.06836;0.07813;0.08789;0.09766;0.10742;0.11719;0.12695;0.13672;0.14648;0.15625;0.16602;0.17578;0.18555;0.19531;0.20508;0.21484;0.22461;0.23438;0.24414;0.25391;0.26367;0.27344;0.2832;0.29297;0.30273;0.3125;0.32227;0.33203;0.3418;0.35156;0.36133;0.37109;0.38086;0.39063;0.40039;0.41016;0.41992;0.42969;0.43945;0.44922;0.45898;0.46875;0.47852;0.48828;0.49805;0.50781;0.51758;0.52734;0.53711;0.54688;0.55664;0.56641;0.57617;0.58594;0.5957;0.60547;0.61523;0.625;0.63477;0.64453;0.6543;0.66406;0.67383;0.68359;0.69336;0.70313;0.71289;0.72266;0.73242;0.74219;0.75195;0.76172;0.77148;0.78125;0.79102,0.022385664;0.025531392000000003;0.017897471999999998;0.01161216;0.010896384;0.08193023999999999;0.466240512;1.72351488;2.9856737279999996;2.046603264;1.182176256;0.8155699200000001;1.025289216;0.476562432;0.467487744;0.35263180800000005;0.234617856;0.28102963200000003;0.35891404799999993;0.37144473600000005;0.304444416;0.261900288;0.19929907200000002;0.16683110399999998;0.138648576;0.146967552;0.10340352;0.120192;0.121869312;0.07122432000000001;0.063157248;0.085659648;0.056957952;0.052583424;0.047901695999999994;0.029798400000000003;0.032489472;0.034311167999999996;0.021470208;0.018180095999999996;0.020527104;0.015086592;0.015289344;0.015559680000000001;0.017719296;0.009197568000000001;0.004773888;0.008291327999999999;0.006657024;0.006448128000000001;0.007775231999999999;0.0048783360000000005;0.002801664;0.0039075839999999995;0.0038952960000000003;0.004322304;0.00350208;0.0029306880000000003;0.0031979520000000004;0.002267136;0.002531328;0.0022272;0.001717248;0.0019968;0.0019384320000000003;0.0017971200000000001;0.00148992;0.001615872;0.001403904;0.001022976;0.001803264;0.001652736;0.001207296;0.0018524160000000002;0.001152;0.001022976;0.000632832;0.00116736;0.001185792
1790561700,hdr,0.0293;0.03906;0.04883;0.05859;0.06836;0.07813;0.08789;0.09766;0.10742;0.11719;0.12695;0.13672;0.14648;0.15625;0.16602;0.17578;0.18555;0.19531;0.20508;0.21484;0.22461;0.23438;0.24414;0.25391;0.26367;0.27344;0.2832;0.29297;0.30273;0.3125;0.32227;0.33203;0.3418;0.35156;0.36133;0.37109;0.38086;0.39063;0.40039;0.41016;0.41992;0.42969;0.43945;0.44922;0.45898;0.46875;0.47852;0.48828;0.49805;0.50781;0.51758;0.52734;0.53711;0.54688;0.55664;0.56641;0.57617;0.58594;0.5957;0.60547;0.61523;0.625;0.63477;0.64453;0.6543;0.66406;0.67383;0.68359;0.69336;0.70313;0.71289;0.72266;0.73242;0.74219;0.75195;0.76172;0.77148;0.78125;0.79102,0.0129024;0.017494016;0.01511424;0.009846783999999999;0.013647872;0.10518118400000001;0.37830656;1.102819328;2.4649031679999998;4.025135103999999;2.949820416;1.744330752;0.9043763199999999;0.48700620800000005;0.274796544;0.33020723199999996;0.363638784;0.28105523200000004;0.290217984;0.429355008;0.23284940800000004;0.212832256;0.2463744;0.117932032;0.13031424;0.091025408;0.164970496;0.130629632;0.08887500799999999;0.094625792;0.058568704;0.039305216;0.041713664000000004;0.038436864;0.046956544;0.04677632;0.026185728000000002;0.034971648;0.023490559999999997;0.01445888;0.020094975999999997;0.012353536;0.005689344;0.007376896000000001;0.008740864;0.009240576;0.006877183999999999;0.008302592000000001;0.008388608;0.007507968;0.009805824;0.009023488000000001;0.006385664000000001;0.0033300480000000004;0.004734975999999999;0.004857856;0.002994176;0.003764224;0.0029695999999999998;0.001929216;0.001806336;0.001798144;0.001789952;0.0019087359999999999;0.002654208;0.0019128320000000002;0.00206848;0.0014581759999999998;0.00176128;0.0016302080000000002;0.001114112;0.001294336;0.00088064;0.0009912319999999999;0.001052672;0.001155072;0.0011509760000000002;0.0009830400000000001;0.0011427840000000002
1790562600,hdr,0.0293;0.03906;0.04883;0.05859;0.06836;0.07813;0.08789;0.09766;0.10742;0.11719;0.12695;0.13672;0.14648;0.15625;0.16602;0.17578;0.18555;0.19531;0.20508;0.21484;0.22461;0.23438;0.24414;0.25391;0.26367;0.27344;0.2832;0.29297;0.30273;0.3125;0.32227;0.33203;0.3418;0.35156;0.36133;0.37109;0.38086;0.39063;0.40039;0.41016;0.41992;0.42969;0.43945;0.44922;0.45898;0.46875;0.47852;0.48828;0.49805;0.50781;0.51758;0.52734;0.53711;0.54688;0.55664;0.56641;0.57617;0.58594;0.5957;0.60547;0.61523;0.625;0.63477;0.64453;0.6543;0.66406;0.67383;0.68359;0.69336;0.70313;0.71289;0.72266;0.73242;0.74219;0.75195;0.76172;0.77148;0.78125;0.79102,0.005446656;0.023672832;0.020342784;0.014066687999999999;0.018229248;0.152681472;0.6349824000000001;1.5340738560000002;2.713288704;2.7186524160000003;2.06673408;1.3636485120000001;1.016534016;0.6461276159999999;0.26511359999999995;0.27624960000000004;0.36760473600000004;0.343538688;0.43527168000000005;0.339474432;0.370148352;0.362812416;0.170299392;0.165116928;0.085902336;0.096943104;0.076397568;0.057298944;0.06968524799999999;0.11187302399999999;0.09698611200000001;0.074827776;0.07238553600000001;0.046040064;0.03184128;0.031982592;0.023159807999999997;0.017304576000000002;0.020352;0.019897344;0.014011392;0.013673471999999999;0.011547648;0.011993087999999999;0.011572224;0.00826368;0.008927232;0.011685888;0.007443455999999999;0.003744768;0.004442112;0.0031180800000000005;0.00258048;0.003145728;0.002377728;0.001560576;0.0026111999999999997;0.002823168;0.003406848;0.0036433919999999996;0.001837056;0.001803264;0.0012748800000000002;0.0009891840000000002;0.0011796480000000002;0.001256448;0.001446912;0.001594368;0.0011427839999999998;0.00087552;0.0007065600000000001;0.0011427839999999998;0.001084416;0.001112064;0.0009768959999999999;0.0010352640000000001;0.0011550719999999998;0.00109056;0.001139712
1790563500,hdr,0.0293;0.03906;0.04883;0.05859;0.06836;0.07813;0.08789;0.09766;0.10742;0.11719;0.12695;0.13672;0.14648;0.15625;0.16602;0.17578;0.18555;0.19531;0.20508;0.21484;0.22461;0.23438;0.24414;0.25391;0.26367;0.27344;0.2832;0.29297;0.30273;0.3125;0.32227;0.33203;0.3418;0.35156;0.36133;0.37109;0.38086;0.39063;0.40039;0.41016;0.41992;0.42969;0.43945;0.44922;0.45898;0.46875;0.47852;0.48828;0.49805;0.50781;0.51758;0.52734;0.53711;0.54688;0.55664;0.56641;0.57617;0.58594;0.5957;0.60547;0.61523;0.625;0.63477;0.64453;0.6543;0.66406;0.67383;0.68359;0.69336;0.70313;0.71289;0.72266;0.73242;0.74219;0.75195;0.76172;0.77148;0.78125;0.79102,0.005919743999999999;0.010211327999999999;0.012877824000000001;0.015888384000000002;0.023245824000000002;0.13476249599999998;0.4985088;1.092830208;3.054968832;2.958173184;2.23738368;1.6523581440000001;1.170395136;0.964134912;0.6701015039999999;0.31236096;0.20791296;0.285858816;0.439102464;0.380024832;0.390899712;0.247148544;0.23956070399999999;0.154656768;0.14878924799999999;0.1572096;0.080050176;0.089938944;0.07570944;0.038301695999999996;0.03462144;0.04767744;0.042276864000000004;0.041312256;0.051213312;0.031491072;0.020941824;0.019749888;0.014118912;0.010527744;0.008712191999999999;0.007805952;0.006503424;0.004528127999999999;0.005234688;0.004786176;0.0056002560000000005;0.00477696;0.0046295039999999996;0.0032655359999999994;0.002623488;0.0032256;0.0046848;0.004122624000000001;0.0021903359999999998;0.001342464;0.001557504;0.002368512;0.002159616;0.001250304;0.00087552;0.0014131200000000001;0.001271808;0.001158144;0.001016832;0.001087488;0.000823296;0.000678912;0.0005867520000000001;0.000863232;0.0008663040000000001;0.0009523200000000001;0.000918528;0.00087552;0.001041408;0.000789504;0.0006850560000000001;0.0005775359999999999;0.0005468159999999999
1790564400,hdr,0.0293;0.03906;0.04883;0.05859;0.06836;0.07813;0.08789;0.09766;0.10742;0.11719;0.12695;0.13672;0.14648;0.15625;0.16602;0.17578;0.18555;0.19531;0.20508;0.21484;0.22461;0.23438;0.24414;0.25391;0.26367;0.27344;0.2832;0.29297;0.30273;0.3125;0.32227;0.33203;0.3418;0.35156;0.36133;0.37109;0.38086;0.39063;0.40039;0.41016;0.41992;0.42969;0.43945;0.44922;0.45898;0.46875;0.47852;0.48828;0.49805;0.50781;0.51758;0.52734;0.53711;0.54688;0.55664;0.56641;0.57617;0.58594;0.5957;0.60547;0.61523;0.625;0.63477;0.64453;0.6543;0.66406;0.67383;0.68359;0.69336;0.70313;0.71289;0.72266;0.73242;0.74219;0.75195;0.76172;0.77148;0.78125;0.79102,0.012628992;0.01546752;0.017888256;0.010334208;0.008742912;0.10739404799999999;0.402173952;0.9681008640000001;2.614155264;2.102249472;1.765890048;1.8312069119999999;1.0307911680000001;0.553230336;0.496386048;0.35667456;0.23455641600000002;0.191616;0.300527616;0.32750592;0.351946752;0.293815296;0.32139264;0.169377792;0.142205952;0.09873408;0.06377779200000001;0.080507904;0.05725900799999999;0.056392703999999995;0.030922752;0.031810559999999995;0.035398656;0.027651072;0.030907392;0.020176896;0.024956927999999996;0.021405696;0.010180608;0.013099008000000002;0.01070592;0.00801792;0.008448;0.008506368;0.00619008;0.004475903999999999;0.0053391359999999995;0.0073082880000000005;0.006208511999999999;0.004598784000000001;0.004666368;0.006230016;0.005394432;0.0031764479999999997;0.0033177600000000003;0.0045649919999999995;0.00405504;0.0024852480000000002;0.001440768;0.0016128;0.0018155520000000002;0.00175104;0.001191936;0.00178176;0.002377728;0.001026048;0.0006942719999999999;0.0009369599999999999;0.001112064;0.00116736;0.0009523200000000001;0.001022976;0.00101376;0.0012380159999999998;0.000863232;0.0010659839999999999;0.000940032;0.00086016;0.00089088
1790565300,hdr,0.0293;0.03906;0.04883;0.05859;0.06836;0.07813;0.08789;0.09766;0.10742;0.11719;0.12695;0.13672;0.14648;0.15625;0.16602;0.17578;0.18555;0.19531;0.20508;0.21484;0.22461;0.23438;0.24414;0.25391;0.26367;0.27344;0.2832;0.29297;0.30273;0.3125;0.32227;0.33203;0.3418;0.35156;0.36133;0.37109;0.38086;0.39063;0.40039;0.41016;0.41992;0.42969;0.43945;0.44922;0.45898;0.46875;0.47852;0.48828;0.49805;0.50781;0.51758;0.52734;0.53711;0.54688;0.55664;0.56641;0.57617;0.58594;0.5957;0.60547;0.61523;0.625;0.63477;0.64453;0.6543;0.66406;0.67383;0.68359;0.69336;0.70313;0.71289;0.72266;0.73242;0.74219;0.75195;0.76172;0.77148;0.78125;0.79102,0.01300992;0.019445760000000003;0.00971776;0.011878399999999999;0.013122560000000002;0.05216768;0.28299264;1.2228352;3.8288332800000004;4.54956544;2.824448;1.486976;0.7409356800000001;0.45586944;0.39453184;0.27129856;0.25964544;0.2326272;0.15325184;0.3330304;0.33874944;0.28648959999999996;0.30743040000000005;0.27219968;0.16838144;0.12147712000000001;0.13768192;0.07429632;0.05609472;0.05322752000000001;0.04156928;0.04106752;0.03508736;0.045286400000000004;0.027166720000000002;0.02566656;0.03295232;0.025384959999999998;0.012554240000000001;0.0112896;0.01490432;0.011632640000000001;0.011878399999999999;0.0096256;0.00890368;0.00593408;0.005355520000000001;0.008243200000000001;0.00570368;0.00399872;0.00400384;0.004244479999999999;0.00294912;0.00206336;0.00354304;0.00326656;0.00190976;0.0021657599999999996;0.00173568;0.00170496;0.00169984;0.00210944;0.0015001600000000002;0.0016742399999999998;0.0017561599999999999;0.0017561599999999999;0.0011212799999999999;0.00073216;0.00073216;0.0007014399999999999;0.00064;0.0005376000000000001;0.00054272;0.0007168;0.00078848;0.00061952;0.0005734399999999999;0.00045056;0.00068608
1790566200,hdr,0.0293;0.03906;0.04883;0.05859;0.06836;0.07813;0.08789;0.09766;0.10742;0.11719;0.12695;0.13672;0.14648;0.15625;0.16602;0.17578;0.18555;0.19531;0.20508;0.21484;0.22461;0.23438;0.24414;0.25391;0.26367;0.27344;0.2832;0.29297;0.30273;0.3125;0.32227;0.33203;0.3418;0.35156;0.36133;0.37109;0.38086;0.39063;0.40039;0.41016;0.41992;0.42969;0.43945;0.44922;0.45898;0.46875;0.47852;0.48828;0.49805;0.50781;0.51758;0.52734;0.53711;0.54688;0.55664;0.56641;0.57617;0.58594;0.5957;0.60547;0.61523;0.625;0.63477;0.64453;0.6543;0.66406;0.67383;0.68359;0.69336;0.70313;0.71289;0.72266;0.73242;0.74219;0.75195;0.76172;0.77148;0.78125;0.79102,0.011879424000000001;0.016939008;0.012684288;0.010033152;0.017273856;0.068908032;0.52333056;1.510272;2.096888832;2.9976053759999997;2.6114918400000002;0.9621719040000001;0.818632704;0.7062435839999999;0.506078208;0.31837900799999996;0.39391641600000005;0.3343872;0.236003328;0.264044544;0.321374208;0.149259264;0.167933952;0.13519564799999997;0.137997312;0.140178432;0.076839936;0.064429056;0.07614873600000001;0.07025664;0.059541504;0.039825408;0.04213555200000001;0.045075456;0.036864;0.020434944;0.009851904;0.014186496;0.015753215999999997;0.016272383999999997;0.010576895999999999;0.00872448;0.006868992;0.008180736;0.007246848;0.0072038399999999995;0.007532544;0.005772288;0.003351552;0.003959808;0.0041564160000000005;0.004141056000000001;0.004334592;0.00301056;0.0031979520000000004;0.0023807999999999998;0.001729536;0.001431552;0.001529856;0.0023070720000000003;0.003032064;0.0022302719999999997;0.0017663999999999998;0.0016988160000000001;0.0015882239999999998;0.001517568;0.0014653440000000002;0.001250304;0.0009646079999999999;0.000838656;0.0006911999999999999;0.000847872;0.001084416;0.0007249919999999999;0.0009768959999999999;0.000761856;0.000534528;0.0007096320000000001;0.001176576
1790567100,hdr,0.0293;0.03906;0.04883;0.05859;0.06836;0.07813;0.08789;0.09766;0.10742;0.11719;0.12695;0.13672;0.14648;0.15625;0.16602;0.17578;0.18555;0.19531;0.20508;0.21484;0.22461;0.23438;0.24414;0.25391;0.26367;0.27344;0.2832;0.29297;0.30273;0.3125;0.32227;0.33203;0.3418;0.35156;0.36133;0.37109;0.38086;0.39063;0.40039;0.41016;0.41992;0.42969;0.43945;0.44922;0.45898;0.46875;0.47852;0.48828;0.49805;0.50781;0.51758;0.52734;0.53711;0.54688;0.55664;0.56641;0.57617;0.58594;0.5957;0.60547;0.61523;0.625;0.63477;0.64453;0.6543;0.66406;0.67383;0.68359;0.69336;0.70313;0.71289;0.72266;0.73242;0.74219;0.75195;0.76172;0.77148;0.78125;0.79102,0.011716608;0.01837056;0.016487424;0.010263552;0.016241664;0.050660352;0.44655206399999997;1.203308544;1.7316587520000002;2.661924864;1.669653504;0.998670336;0.8778147839999999;0.7806228479999999;0.562999296;0.458456064;0.28438732800000005;0.22624972800000004;0.282144768;0.33976012800000005;0.298020864;0.304730112;0.221543424;0.147397632;0.142977024;0.19339775999999997;0.133859328;0.11928268800000001;0.084559872;0.06309273600000001;0.065206272;0.047188992;0.037850112;0.029552639999999998;0.022118399999999996;0.020665344000000002;0.01967616;0.016195584;0.014183423999999998;0.01168896;0.013043711999999999;0.01623552;0.009320447999999999;0.006945792;0.005505024000000001;0.004482048;0.004755456;0.003898368;0.005824512;0.005538816;0.0039720960000000005;0.002405376;0.001668096;0.002515968;0.0033761279999999995;0.002543616;0.0018186239999999998;0.0014991359999999999;0.00170496;0.0016496640000000001;0.0018954240000000002;0.001327104;0.001453056;0.001496064;0.0012933119999999998;0.001631232;0.0008048640000000001;0.000884736;0.000979968;0.00056832;0.0007188479999999999;0.000740352;0.0008048640000000001;0.000648192;0.00075264;0.00113664;0.001152;0.000758784;0.00050688
1790568000,hdr,0.0293;0.03906;0.04883;0.05859;0.06836;0.07813;0.08789;0.09766;0.10742;0.11719;0.12695;0.13672;0.14648;0.15625;0.16602;0.17578;0.18555;0.19531;0.20508;0.21484;0.22461;0.23438;0.24414;0.25391;0.26367;0.27344;0.2832;0.29297;0.30273;0.3125;0.32227;0.33203;0.3418;0.35156;0.36133;0.37109;0.38086;0.39063;0.40039;0.41016;0.41992;0.42969;0.43945;0.44922;0.45898;0.46875;0.47852;0.48828;0.49805;0.50781;0.51758;0.52734;0.53711;0.54688;0.55664;0.56641;0.57617;0.58594;0.5957;0.60547;0.61523;0.625;0.63477;0.64453;0.6543;0.66406;0.67383;0.68359;0.69336;0.70313;0.71289;0.72266;0.73242;0.74219;0.75195;0.76172;0.77148;0.78125;0.79102,0.009314304;0.010780671999999998;0.008343552000000002;0.006057984000000001;0.008138752;0.070848512;0.35219046400000004;1.66660096;3.793874944;3.1331901440000003;2.154348544;2.179387392;1.44150528;0.966418432;0.605650944;0.358248448;0.29006233600000003;0.206487552;0.284667904;0.26626047999999997;0.245399552;0.236957696;0.17260953599999998;0.196673536;0.186617856;0.084385792;0.051814400000000004;0.079716352;0.07414169599999999;0.063873024;0.07195033599999999;0.055783424;0.017981439999999998;0.016502784;0.036130816;0.02654208;0.016928768;0.019521536;0.014368768;0.011800575999999998;0.010440704;0.00641024;0.006602752;0.009633791999999999;0.00612352;0.0041164800000000005;0.004595711999999999;0.004096;0.00442368;0.004345856;0.004083712000000001;0.005062656;0.003014656;0.00253952;0.00282624;0.0028876799999999997;0.00309248;0.0031539199999999997;0.002543616;0.002138112;0.001560576;0.00182272;0.00167936;0.0021217280000000002;0.002535424;0.001900544;0.0011468799999999999;0.000753664;0.000790528;0.001097728;0.0014704639999999999;0.000770048;0.000966656;0.001134592;0.001118208;0.0011837439999999998;0.000978944;0.000663552;0.000503808
1790568900,hdr,0.0293;0.03906;0.04883;0.05859;0.06836;0.07813;0.08789;0.09766;0.10742;0.11719;0.12695;0.13672;0.14648;0.15625;0.16602;0.17578;0.18555;0.19531;0.20508;0.21484;0.22461;0.23438;0.24414;0.25391;0.26367;0.27344;0.2832;0.29297;0.30273;0.3125;0.32227;0.33203;0.3418;0.35156;0.36133;0.37109;0.38086;0.39063;0.40039;0.41016;0.41992;0.42969;0.43945;0.44922;0.45898;0.46875;0.47852;0.48828;0.49805;0.50781;0.51758;0.52734;0.53711;0.54688;0.55664;0.56641;0.57617;0.58594;0.5957;0.60547;0.61523;0.625;0.63477;0.64453;0.6543;0.66406;0.67383;0.68359;0.69336;0.70313;0.71289;0.72266;0.73242;0.74219;0.75195;0.76172;0.77148;0.78125;0.79102,0.008720384;0.010887168000000001;0.012251136000000001;0.017104896;0.020508672000000002;0.06457753599999999;0.54532096;1.691803648;3.130732544;1.8007285759999998;2.406617088;2.62019072;1.2804464640000002;0.887230464;0.417062912;0.21409382400000002;0.31589580799999994;0.37324390399999996;0.265744384;0.241463296;0.203522048;0.212258816;0.186056704;0.17485824;0.10607001599999999;0.07307673599999999;0.09570304;0.073224192;0.094355456;0.071647232;0.038756352;0.028192768;0.032141312;0.024358912;0.020234239999999997;0.010088448;0.014057472;0.019808256;0.015511552;0.016912384;0.013344768;0.013103103999999999;0.011001855999999999;0.006418432;0.007540736;0.007847936;0.00571392;0.0054558720000000005;0.00540672;0.006746112;0.0054190079999999995;0.00329728;0.0022855680000000004;0.0018800639999999999;0.00231424;0.0023347199999999998;0.0028999679999999997;0.003596288;0.0016302080000000002;0.001687552;0.0024002560000000004;0.002777088;0.0023674879999999996;0.0027320319999999997;0.002699264;0.002260992;0.0012451839999999999;0.0017244159999999999;0.00180224;0.0011509760000000002;0.0013639680000000001;0.0010649599999999998;0.0011755519999999998;0.001429504;0.00169984;0.001544192;0.000872448;0.0011919360000000002;0.001503232
1790569800,hdr,0.0293;0.03906;0.04883;0.05859;0.06836;0.07813;0.08789;0.09766;0.10742;0.11719;0.12695;0.13672;0.14648;0.15625;0.16602;0.17578;0.18555;0.19531;0.20508;0.21484;0.22461;0.23438;0.24414;0.25391;0.26367;0.27344;0.2832;0.29297;0.30273;0.3125;0.32227;0.33203;0.3418;0.35156;0.36133;0.37109;0.38086;0.39063;0.40039;0.41016;0.41992;0.42969;0.43945;0.44922;0.45898;0.46875;0.47852;0.48828;0.49805;0.50781;0.51758;0.52734;0.53711;0.54688;0.55664;0.56641;0.57617;0.58594;0.5957;0.60547;0.61523;0.625;0.63477;0.64453;0.6543;0.66406;0.67383;0.68359;0.69336;0.70313;0.71289;0.72266;0.73242;0.74219;0.75195;0.76172;0.77148;0.78125;0.79102,0.002681856;0.00250368;0.005216256000000001;0.00755712;0.008340479999999999;0.015799296;0.603377664;1.756849152;1.884638208;2.657058816;2.102083584;1.16525568;0.8894730240000001;0.5341655040000001;0.44406988799999997;0.47976038400000004;0.298281984;0.184384512;0.20097945599999997;0.17998848;0.138341376;0.186482688;0.199409664;0.174523392;0.13111296000000003;0.16069017600000002;0.185100288;0.13435392000000002;0.072373248;0.060263423999999996;0.055317503999999997;0.052586496;0.034219008;0.03412070400000001;0.025586688;0.0237312;0.017507328000000003;0.016244736;0.02302464;0.021003264;0.016441344;0.01081344;0.008813567999999999;0.009953279999999998;0.010810368;0.009286656;0.006248447999999999;0.006091776;0.004718592000000001;0.003889152;0.005062656;0.00582144;0.005028863999999999;0.003836928;0.002414592;0.0020920319999999997;0.0027279360000000002;0.002915328;0.002328576;0.0032532480000000003;0.003529728;0.0027187200000000004;0.00279552;0.002601984;0.0022947840000000002;0.00192;0.0015267840000000002;0.001726464;0.0018401280000000001;0.002331648;0.0022609920000000003;0.0017602560000000002;0.002002944;0.0019906560000000004;0.001963008;0.0020613120000000005;0.001471488;0.0016926719999999999;0.001708032
1790570700,hdr,0.0293;0.03906;0.04883;0.05859;0.06836;0.07813;0.08789;0.09766;0.10742;0.11719;0.12695;0.13672;0.14648;0.15625;0.16602;0.17578;0.18555;0.19531;0.20508;0.21484;0.22461;0.23438;0.24414;0.25391;0.26367;0.27344;0.2832;0.29297;0.30273;0.3125;0.32227;0.33203;0.3418;0.35156;0.36133;0.37109;0.38086;0.39063;0.40039;0.41016;0.41992;0.42969;0.43945;0.44922;0.45898;0.46875;0.47852;0.48828;0.49805;0.50781;0.51758;0.52734;0.53711;0.54688;0.55664;0.56641;0.57617;0.58594;0.5957;0.60547;0.61523;0.625;0.63477;0.64453;0.6543;0.66406;0.67383;0.68359;0.69336;0.70313;0.71289;0.72266;0.73242;0.74219;0.75195;0.76172;0.77148;0.78125;0.79102,0.005722112;0.021270527999999997;0.030173184;0.009113600000000001;0.00606208;0.075487232;0.409892864;0.687220736;1.2228792320000001;1.50962176;0.862257152;1.1783024640000002;1.097316352;0.48657612799999994;0.37003264;0.449681408;0.393156608;0.40613273600000005;0.335812608;0.23375872;0.16382566399999998;0.140683264;0.185040896;0.135340032;0.131751936;0.11482112;0.090093568;0.097705984;0.080900096;0.058312704;0.059555840000000006;0.054929408000000006;0.041660416;0.028176384;0.036005888;0.036497408;0.027727872000000004;0.024864768;0.025556992;0.015067136;0.015831039999999998;0.022263808;0.015546367999999998;0.006391808;0.006514687999999999;0.007110656;0.009467904000000001;0.006547456;0.004558848;0.00815104;0.005507072;0.005154816;0.004268032;0.003751936;0.004345856;0.003641344;0.003201024;0.002523136;0.002691072;0.0024084479999999997;0.002398208;0.0032849919999999996;0.004417536;0.004655103999999999;0.0035123199999999998;0.002707456;0.002033664;0.001726464;0.0009461760000000001;0.001517568;0.0018083840000000001;0.001257472;0.0012554240000000002;0.001634304;0.0018432000000000001;0.0015953919999999997;0.001488896;0.0018083840000000001;0.0025088
1790571600,hdr,0.0293;0.03906;0.04883;0.05859;0.06836;0.07813;0.08789;0.09766;0.10742;0.11719;0.12695;0.13672;0.14648;0.15625;0.16602;0.17578;0.18555;0.19531;0.20508;0.21484;0.22461;0.23438;0.24414;0.25391;0.26367;0.27344;0.2832;0.29297;0.30273;0.3125;0.32227;0.33203;0.3418;0.35156;0.36133;0.37109;0.38086;0.39063;0.40039;0.41016;0.41992;0.42969;0.43945;0.44922;0.45898;0.46875;0.47852;0.48828;0.49805;0.50781;0.51758;0.52734;0.53711;0.54688;0.55664;0.56641;0.57617;0.58594;0.5957;0.60547;0.61523;0.625;0.63477;0.64453;0.6543;0.66406;0.67383;0.68359;0.69336;0.70313;0.71289;0.72266;0.73242;0.74219;0.75195;0.76172;0.77148;0.78125;0.79102,0.004827136;0.017514496000000004;0.018878464;0.005859328;0.016132096000000002;0.06673203200000001;0.327258112;0.794968064;1.0231152639999999;1.461702656;1.21367552;1.1050270720000002;0.649279488;0.432697344;0.386082816;0.532119552;0.458217472;0.320733184;0.32362905599999997;0.240304128;0.300361728;0.29292544;0.241190912;0.17987584;0.13610803200000002;0.080594944;0.079732736;0.084854784;0.08065023999999998;0.059260928;0.043644928;0.033386496;0.022982656;0.026361856;0.030740480000000004;0.02326528;0.021983232;0.02153472;0.017231872;0.012572672;0.009353216000000001;0.009867264;0.010377216;0.008124416;0.0076820479999999995;0.00555008;0.008134656;0.005439488;0.005025792;0.005562368000000001;0.004325376000000001;0.003293184;0.0041164800000000005;0.0020951040000000004;0.003018752;0.0042885119999999995;0.003764224;0.002258944;0.0026951679999999995;0.003237888;0.002486272;0.00226304;0.002551808;0.0032460799999999997;0.00282624;0.001882112;0.001978368;0.0022487040000000002;0.001927168;0.0018964479999999998;0.001687552;0.0016895999999999999;0.001716224;0.002082816;0.001722368;0.00200704;0.002228224;0.002000896;0.001695744
1790572500,hdr,0.0293;0.03906;0.04883;0.05859;0.06836;0.07813;0.08789;0.09766;0.10742;0.11719;0.12695;0.13672;0.14648;0.15625;0.16602;0.17578;0.18555;0.19531;0.20508;0.21484;0.22461;0.23438;0.24414;0.25391;0.26367;0.27344;0.2832;0.29297;0.30273;0.3125;0.32227;0.33203;0.3418;0.35156;0.36133;0.37109;0.38086;0.39063;0.40039;0.41016;0.41992;0.42969;0.43945;0.44922;0.45898;0.46875;0.47852;0.48828;0.49805;0.50781;0.51758;0.52734;0.53711;0.54688;0.55664;0.56641;0.57617;0.58594;0.5957;0.60547;0.61523;0.625;0.63477;0.64453;0.6543;0.66406;0.67383;0.68359;0.69336;0.70313;0.71289;0.72266;0.73242;0.74219;0.75195;0.76172;0.77148;0.78125;0.79102,0.001308672;0.017256448;0.019564544000000003;0.010530815999999998;0.01278976;0.037883904;0.264722432;0.9592381440000001;0.845150208;1.1286773760000002;1.6333680640000001;0.849793024;0.567271424;0.564736;0.49463091200000003;0.435324928;0.360364032;0.27056332800000005;0.43600896;0.43905638399999997;0.445108224;0.23788134400000002;0.15020851200000002;0.141164544;0.15391539199999998;0.14241792;0.111601664;0.08957952000000001;0.06206464;0.049342464;0.057298944;0.048416768;0.038877184;0.0354304;0.030849024000000003;0.024016896;0.022720511999999998;0.015384575999999999;0.014221312;0.01435648;0.01569792;0.017580032;0.010258432000000001;0.008900608;0.011886592000000001;0.013195264;0.013776896;0.009484287999999999;0.007010304;0.005191680000000001;0.005308416;0.006699008;0.004478976000000001;0.003782656;0.005484544;0.0049602560000000006;0.004263936;0.0030781439999999997;0.00222208;0.0017489920000000002;0.001744896;0.0019251199999999998;0.00270336;0.002699264;0.0028692479999999996;0.00336896;0.004028416;0.003567616;0.0025456639999999996;0.0021524480000000004;0.0021299199999999996;0.002883584;0.002746368;0.0026071040000000003;0.002564096;0.0025743360000000004;0.001830912;0.002973696;0.0031887359999999997
1790573400,hdr,0.0293;0.03906;0.04883;0.05859;0.06836;0.07813;0.08789;0.09766;0.10742;0.11719;0.12695;0.13672;0.14648;0.15625;0.16602;0.17578;0.18555;0.19531;0.20508;0.21484;0.22461;0.23438;0.24414;0.25391;0.26367;0.27344;0.2832;0.29297;0.30273;0.3125;0.32227;0.33203;0.3418;0.35156;0.36133;0.37109;0.38086;0.39063;0.40039;0.41016;0.41992;0.42969;0.43945;0.44922;0.45898;0.46875;0.47852;0.48828;0.49805;0.50781;0.51758;0.52734;0.53711;0.54688;0.55664;0.56641;0.57617;0.58594;0.5957;0.60547;0.61523;0.625;0.63477;0.64453;0.6543;0.66406;0.67383;0.68359;0.69336;0.70313;0.71289;0.72266;0.73242;0.74219;0.75195;0.76172;0.77148;0.78125;0.79102,0.004259839999999999;0.005916672;0.008431616;0.006457344;0.012816384;0.052754432000000004;0.22025216;0.682326016;0.931405824;1.125376;1.3459660799999997;1.0426245120000002;0.8393973760000001;0.6086164479999999;0.6091264000000001;0.475916288;0.451006464;0.373999616;0.45467852799999997;0.377769984;0.304678912;0.207110144;0.23391232;0.164046848;0.112429056;0.11521024;0.13396582399999998;0.05448704;0.052809728;0.076314624;0.054675456;0.045348864;0.040390656000000004;0.03305676799999999;0.024764416;0.020830208;0.019636223999999997;0.029333504;0.02267136;0.015319039999999999;0.01081344;0.009254911999999999;0.010553344;0.011132928;0.012126208000000001;0.008407040000000001;0.009230335999999999;0.006928384;0.006311936000000001;0.006197248000000001;0.006293504000000001;0.00722944;0.004603904000000001;0.00580608;0.006739968;0.00560128;0.002881536;0.00352256;0.004120576;0.003698688;0.0036352000000000003;0.0037437440000000002;0.002476032;0.002328576;0.00345088;0.0021032959999999997;0.0024719359999999997;0.00231424;0.002011136;0.0025497600000000003;0.0030207999999999997;0.002336768;0.001714176;0.001998848;0.0019496960000000001;0.00128;0.001161216;0.0016220159999999998;0.001601536
1790574300,hdr,0.0293;0.03906;0.04883;0.05859;0.06836;0.07813;0.08789;0.09766;0.10742;0.11719;0.12695;0.13672;0.14648;0.15625;0.16602;0.17578;0.18555;0.19531;0.20508;0.21484;0.22461;0.23438;0.24414;0.25391;0.26367;0.27344;0.2832;0.29297;0.30273;0.3125;0.32227;0.33203;0.3418;0.35156;0.36133;0.37109;0.38086;0.39063;0.40039;0.41016;0.41992;0.42969;0.43945;0.44922;0.45898;0.46875;0.47852;0.48828;0.49805;0.50781;0.51758;0.52734;0.53711;0.54688;0.55664;0.56641;0.57617;0.58594;0.5957;0.60547;0.61523;0.625;0.63477;0.64453;0.6543;0.66406;0.67383;0.68359;0.69336;0.70313;0.71289;0.72266;0.73242;0.74219;0.75195;0.76172;0.77148;0.78125;0.79102,0.017571840000000002;0.029376512000000004;0.020959232;0.018468864;0.015972352000000002;0.049375232;0.33570816000000003;0.767985664;1.1037798399999998;1.2709109759999997;0.894435328;0.667015168;0.977127424;0.6809415679999999;0.35073638399999996;0.413325312;0.43649024;0.36556595199999997;0.354410496;0.39584153600000005;0.347049984;0.25388032;0.20000768;0.179961856;0.17611776;0.20824268799999998;0.174036992;0.14828134399999998;0.12141363200000001;0.07573708800000001;0.043935744;0.032745472;0.026591232;0.03069952;0.025612288;0.018059264;0.02439168;0.022523904;0.025055232;0.017860608;0.009183232;0.0075673599999999995;0.009146368;0.01297408;0.0125952;0.0078336;0.007309312;0.0081408;0.0063488;0.0062279679999999995;0.007667711999999999;0.006713344;0.005036031999999999;0.004198400000000001;0.004343808;0.004005887999999999;0.002809856;0.0027975680000000003;0.003117056;0.0022015999999999997;0.0016916480000000002;0.001460224;0.0023019520000000003;0.003690496;0.0028692479999999996;0.001806336;0.0028221440000000004;0.00290816;0.0027566080000000002;0.003344384;0.0024883199999999996;0.001726464;0.001800192;0.0022855680000000004;0.002451456;0.0013905920000000002;0.001757184;0.0021667839999999997;0.001757184
1790575200,hdr,0.0293;0.03906;0.04883;0.05859;0.06836;0.07813;0.08789;0.09766;0.10742;0.11719;0.12695;0.13672;0.14648;0.15625;0.16602;0.17578;0.18555;0.19531;0.20508;0.21484;0.22461;0.23438;0.24414;0.25391;0.26367;0.27344;0.2832;0.29297;0.30273;0.3125;0.32227;0.33203;0.3418;0.35156;0.36133;0.37109;0.38086;0.39063;0.40039;0.41016;0.41992;0.42969;0.43945;0.44922;0.45898;0.46875;0.47852;0.48828;0.49805;0.50781;0.51758;0.52734;0.53711;0.54688;0.55664;0.56641;0.57617;0.58594;0.5957;0.60547;0.61523;0.625;0.63477;0.64453;0.6543;0.66406;0.67383;0.68359;0.69336;0.70313;0.71289;0.72266;0.73242;0.74219;0.75195;0.76172;0.77148;0.78125;0.79102,0.0072335360000000005;0.012724224000000001;0.013336576000000001;0.016592896;0.017641472000000002;0.046997504;0.297445376;0.697726976;1.0412195839999998;1.638127616;1.7795911679999998;0.974962688;0.9863065599999999;0.9096499199999999;0.587200512;0.33473126400000003;0.26589388799999997;0.32304332799999996;0.275849216;0.18000076799999998;0.14393548799999997;0.12422963199999999;0.142487552;0.19739648;0.130781184;0.103233536;0.084842496;0.096329728;0.08588288000000001;0.088950784;0.055742464;0.051011584000000006;0.052099072;0.050233344000000006;0.03685376;0.027027456000000002;0.022124544000000003;0.017897472;0.013942784;0.019273728;0.024674304;0.020504576;0.015853568;0.018587648000000002;0.008597504;0.01069056;0.009437184000000001;0.011552768;0.01272832;0.008204288;0.008966144;0.008179712;0.0063549439999999995;0.006164480000000001;0.008771584;0.008370176000000002;0.0039055360000000003;0.0027381760000000006;0.004734975999999999;0.004837376;0.002977792;0.002932736;0.0031354879999999996;0.002009088;0.002113536;0.0019394560000000002;0.0019824639999999998;0.0022978559999999996;0.0019128320000000002;0.001519616;0.001800192;0.001257472;0.001624064;0.00218112;0.002586624;0.0013352960000000001;0.0014745600000000002;0.002217984;0.0017735679999999999
1790576100,hdr,0.0293;0.03906;0.04883;0.05859;0.06836;0.07813;0.08789;0.09766;0.10742;0.11719;0.12695;0.13672;0.14648;0.15625;0.16602;0.17578;0.18555;0.19531;0.20508;0.21484;0.22461;0.23438;0.24414;0.25391;0.26367;0.27344;0.2832;0.29297;0.30273;0.3125;0.32227;0.33203;0.3418;0.35156;0.36133;0.37109;0.38086;0.39063;0.40039;0.41016;0.41992;0.42969;0.43945;0.44922;0.45898;0.46875;0.47852;0.48828;0.49805;0.50781;0.51758;0.52734;0.53711;0.54688;0.55664;0.56641;0.57617;0.58594;0.5957;0.60547;0.61523;0.625;0.63477;0.64453;0.6543;0.66406;0.67383;0.68359;0.69336;0.70313;0.71289;0.72266;0.73242;0.74219;0.75195;0.76172;0.77148;0.78125;0.79102,0.005607424;0.009709568000000002;0.009316352;0.008882176;0.013432832;0.031977472;0.22264832;0.832344064;1.0429276159999998;0.9608089599999999;1.038188544;1.102921728;0.6936268800000001;0.38664806399999996;0.45568409600000004;0.328192;0.21188403199999997;0.300138496;0.23243776000000002;0.22787072;0.30615756800000005;0.26646528;0.24453324799999998;0.219850752;0.17854054400000002;0.221360128;0.12504473600000002;0.09109503999999999;0.095801344;0.063471616;0.045115392;0.068288512;0.060579839999999996;0.029968384;0.045492224000000005;0.031965184;0.028229631999999998;0.021547008000000003;0.018235392;0.026210304;0.030504959999999998;0.015398911999999999;0.011446272;0.0107008;0.008654848;0.006719488;0.009199616;0.008880128;0.006596608;0.00567296;0.005619712;0.006701056;0.006762495999999999;0.007493631999999999;0.006084608;0.004790272;0.003835904;0.002689024;0.0032768000000000003;0.003393536;0.002902016;0.003821568;0.003590144;0.0026521599999999998;0.0029880320000000003;0.0031375360000000002;0.0038420480000000003;0.002818048;0.0027852800000000002;0.002070528;0.0021196799999999997;0.002097152;0.001683456;0.001777664;0.0018841600000000002;0.001865728;0.0012451839999999999;0.001284096;0.002080768
1790577000,hdr,0.0293;0.03906;0.04883;0.05859;0.06836;0.07813;0.08789;0.09766;0.10742;0.11719;0.12695;0.13672;0.14648;0.15625;0.16602;0.17578;0.18555;0.19531;0.20508;0.21484;0.22461;0.23438;0.24414;0.25391;0.26367;0.27344;0.2832;0.29297;0.30273;0.3125;0.32227;0.33203;0.3418;0.35156;0.36133;0.37109;0.38086;0.39063;0.40039;0.41016;0.41992;0.42969;0.43945;0.44922;0.45898;0.46875;0.47852;0.48828;0.49805;0.50781;0.51758;0.52734;0.53711;0.54688;0.55664;0.56641;0.57617;0.58594;0.5957;0.60547;0.61523;0.625;0.63477;0.64453;0.6543;0.66406;0.67383;0.68359;0.69336;0.70313;0.71289;0.72266;0.73242;0.74219;0.75195;0.76172;0.77148;0.78125;0.79102,0.011741184000000002;0.017750016;0.010993664;0.010766336000000001;0.017698816000000003;0.023836672;0.184358912;0.7395860479999999;1.567092736;1.75896576;1.3074452479999998;0.781651968;0.540860416;0.43731968;0.42134732799999997;0.33721958399999996;0.37717606400000003;0.36366336;0.479412224;0.427014144;0.26272563200000004;0.23099392000000002;0.165851136;0.181919744;0.215846912;0.154703872;0.106964992;0.062705664;0.054228992;0.058871808000000005;0.06297190400000001;0.055291904;0.034951168000000005;0.034377727999999996;0.035874816000000004;0.03259392;0.033017856;0.03094528;0.036253695999999995;0.032493568;0.016144383999999998;0.013764608;0.0170496;0.014522368;0.00559104;0.004810752;0.007598080000000001;0.0067358719999999995;0.00559104;0.005154816;0.005943296000000001;0.00763904;0.006270975999999999;0.0036966399999999997;0.0037765119999999997;0.006037504;0.0039772159999999996;0.003039232;0.002174976;0.002707456;0.003457024;0.002654208;0.003018752;0.0029593600000000003;0.0022241279999999997;0.0014192640000000002;0.0018841600000000002;0.00272384;0.00309248;0.00301056;0.00273408;0.001527808;0.001079296;0.0011714560000000002;0.0011776;0.001062912;0.001032192;0.00099328;0.0011202559999999998
1790577900,hdr,0.0293;0.03906;0.04883;0.05859;0.06836;0.07813;0.08789;0.09766;0.10742;0.11719;0.12695;0.13672;0.14648;0.15625;0.16602;0.17578;0.18555;0.19531;0.20508;0.21484;0.22461;0.23438;0.24414;0.25391;0.26367;0.27344;0.2832;0.29297;0.30273;0.3125;0.32227;0.33203;0.3418;0.35156;0.36133;0.37109;0.38086;0.39063;0.40039;0.41016;0.41992;0.42969;0.43945;0.44922;0.45898;0.46875;0.47852;0.48828;0.49805;0.50781;0.51758;0.52734;0.53711;0.54688;0.55664;0.56641;0.57617;0.58594;0.5957;0.60547;0.61523;0.625;0.63477;0.64453;0.6543;0.66406;0.67383;0.68359;0.69336;0.70313;0.71289;0.72266;0.73242;0.74219;0.75195;0.76172;0.77148;0.78125;0.79102,0.009832448;0.012097536;0.009734144;0.009097216;0.020142080000000003;0.036677632;0.255520768;1.145485312;2.004402176;1.701572608;1.209935872;1.0641858560000002;0.8890368;0.740186112;0.457228288;0.366569472;0.477874176;0.40106188800000003;0.275562496;0.249819136;0.28638412799999996;0.24585216000000001;0.209709056;0.172652544;0.145078272;0.16565248000000002;0.15708364800000002;0.122095616;0.091316224;0.077500416;0.05045248;0.042948608;0.06343270399999999;0.050653184000000004;0.031164415999999997;0.025964544000000003;0.037664768;0.04406272;0.030093312;0.021055488;0.023996416;0.016672768;0.011163648000000002;0.012371968;0.010430464;0.011208704;0.011231232;0.012324864;0.01062912;0.006213631999999999;0.008855552;0.008040447999999999;0.00442368;0.005373952;0.007591936;0.005216255999999999;0.00594944;0.005095424;0.00482304;0.002635776;0.002566144;0.00444416;0.003620864;0.003598336;0.0027320319999999997;0.001675264;0.002275328;0.001845248;0.002064384;0.002330624;0.002115584;0.0014581759999999998;0.001263616;0.0014110720000000002;0.001222656;0.0013312;0.0009441279999999999;0.000888832;0.000768
1790578800,hdr,0.0293;0.03906;0.04883;0.05859;0.06836;0.07813;0.08789;0.09766;0.10742;0.11719;0.12695;0.13672;0.14648;0.15625;0.16602;0.17578;0.18555;0.19531;0.20508;0.21484;0.22461;0.23438;0.24414;0.25391;0.26367;0.27344;0.2832;0.29297;0.30273;0.3125;0.32227;0.33203;0.3418;0.35156;0.36133;0.37109;0.38086;0.39063;0.40039;0.41016;0.41992;0.42969;0.43945;0.44922;0.45898;0.46875;0.47852;0.48828;0.49805;0.50781;0.51758;0.52734;0.53711;0.54688;0.55664;0.56641;0.57617;0.58594;0.5957;0.60547;0.61523;0.625;0.63477;0.64453;0.6543;0.66406;0.67383;0.68359;0.69336;0.70313;0.71289;0.72266;0.73242;0.74219;0.75195;0.76172;0.77148;0.78125;0.79102,0.013201408000000001;0.010600448;0.012175359999999998;0.015446016;0.010780671999999998;0.02989056;0.222619648;0.694781952;1.28964608;1.8972897279999998;1.745711104;1.104279552;0.760020992;1.009723392;0.87506944;0.407799808;0.41085337600000005;0.243920896;0.326772736;0.200630272;0.173805568;0.135899136;0.19606528;0.16712908799999998;0.14110924800000002;0.166842368;0.11659264;0.08944025600000001;0.08467660800000001;0.07847936;0.09331097599999999;0.05817958399999999;0.046147584000000005;0.064075776;0.051228672;0.03206144;0.0229376;0.02061312;0.021217279999999998;0.017625088000000004;0.014714880000000001;0.014477311999999999;0.01159168;0.00937984;0.007972864;0.011292672;0.010696704;0.009443327999999999;0.007251968;0.003782656;0.007262208000000001;0.007010304;0.005066752000000001;0.004104192;0.00410624;0.006252544;0.0070246399999999995;0.004435968;0.0037150720000000003;0.0018964479999999998;0.0017489920000000002;0.001800192;0.001882112;0.003158016;0.0039895040000000005;0.003360768;0.002523136;0.0020029439999999996;0.002234368;0.002459648;0.0030945279999999996;0.002742272;0.002060288;0.002455552;0.002390016;0.001861632;0.001159168;0.002060288;0.001503232
1790579700,hdr,0.0293;0.03906;0.04883;0.05859;0.06836;0.07813;0.08789;0.09766;0.10742;0.11719;0.12695;0.13672;0.14648;0.15625;0.16602;0.17578;0.18555;0.19531;0.20508;0.21484;0.22461;0.23438;0.24414;0.25391;0.26367;0.27344;0.2832;0.29297;0.30273;0.3125;0.32227;0.33203;0.3418;0.35156;0.36133;0.37109;0.38086;0.39063;0.40039;0.41016;0.41992;0.42969;0.43945;0.44922;0.45898;0.46875;0.47852;0.48828;0.49805;0.50781;0.51758;0.52734;0.53711;0.54688;0.55664;0.56641;0.57617;0.58594;0.5957;0.60547;0.61523;0.625;0.63477;0.64453;0.6543;0.66406;0.67383;0.68359;0.69336;0.70313;0.71289;0.72266;0.73242;0.74219;0.75195;0.76172;0.77148;0.78125;0.79102,0.005071871999999999;0.011126783999999999;0.012152832;0.005987328;0.009040896;0.027408383999999997;0.130335744;1.144639488;2.324865024;1.8436116479999998;1.7370040320000002;1.17293568;0.94734336;0.6398330879999999;0.568876032;0.2971392;0.36838809599999994;0.456204288;0.462603264;0.385947648;0.32136191999999997;0.209703936;0.23106048;0.226808832;0.169509888;0.103716864;0.08271667199999999;0.07088332800000001;0.087456768;0.12363571199999998;0.094758912;0.0474624;0.06773452799999999;0.07731916800000001;0.05190758399999999;0.035238912000000004;0.04706304;0.037779455999999996;0.04612608;0.031091712;0.014548991999999998;0.016622592000000002;0.01069056;0.010807296000000001;0.010248192;0.009366528;0.010352640000000001;0.010730495999999999;0.010515456;0.007805952;0.0063621120000000005;0.00528384;0.005062656;0.006196224;0.00712704;0.007772160000000001;0.005394432;0.004918272;0.003483648;0.0030136320000000005;0.00313344;0.00181248;0.001726464;0.002067456;0.003237888;0.00290304;0.002866176;0.003428352;0.0032808959999999997;0.0026664959999999995;0.002045952;0.001486848;0.0018155520000000002;0.0016373760000000003;0.001910784;0.00233472;0.002138112;0.0018954240000000002;0.001898496
1790580600,hdr,0.0293;0.03906;0.04883;0.05859;0.06836;0.07813;0.08789;0.09766;0.10742;0.11719;0.12695;0.13672;0.14648;0.15625;0.16602;0.17578;0.18555;0.19531;0.20508;0.21484;0.22461;0.23438;0.24414;0.25391;0.26367;0.27344;0.2832;0.29297;0.30273;0.3125;0.32227;0.33203;0.3418;0.35156;0.36133;0.37109;0.38086;0.39063;0.40039;0.41016;0.41992;0.42969;0.43945;0.44922;0.45898;0.46875;0.47852;0.48828;0.49805;0.50781;0.51758;0.52734;0.53711;0.54688;0.55664;0.56641;0.57617;0.58594;0.5957;0.60547;0.61523;0.625;0.63477;0.64453;0.6543;0.66406;0.67383;0.68359;0.69336;0.70313;0.71289;0.72266;0.73242;0.74219;0.75195;0.76172;0.77148;0.78125;0.79102,0.007120896000000001;0.006829056000000001;0.004328448;0.015670272;0.025104384;0.043189248;0.31897497599999997;1.037073408;2.1091737599999996;2.2302935039999996;1.285235712;1.072432128;1.15458048;0.840536064;0.643451904;0.5615370239999999;0.564338688;0.43215359999999997;0.35566694400000004;0.39238656000000005;0.374820864;0.29096447999999997;0.183886848;0.157989888;0.170978304;0.126400512;0.072612864;0.094900224;0.112192512;0.07523020799999999;0.049053695999999994;0.060435456;0.047115264000000004;0.023771136;0.03608064;0.039407616;0.041223168;0.038722559999999996;0.021218304;0.01892352;0.01893888;0.021399552;0.015793152;0.008146944;0.00477696;0.009022464;0.017323007999999997;0.013166592;0.005861376000000001;0.0066385920000000005;0.005858304;0.005984256;0.0075171840000000005;0.005941248;0.006893567999999999;0.0046417920000000005;0.00362496;0.0033208319999999997;0.004325376000000001;0.004245504;0.00305664;0.0027678719999999998;0.0032102399999999996;0.0019046400000000002;0.00201216;0.0022425599999999998;0.002113536;0.002562048;0.003268608;0.001975296;0.00221184;0.002832384;0.00350208;0.0016496640000000001;0.001646592;0.0015974399999999999;0.001277952;0.001195008;0.001118208
1790581500,hdr,0.0293;0.03906;0.04883;0.05859;0.06836;0.07813;0.08789;0.09766;0.10742;0.11719;0.12695;0.13672;0.14648;0.15625;0.16602;0.17578;0.18555;0.19531;0.20508;0.21484;0.22461;0.23438;0.24414;0.25391;0.26367;0.27344;0.2832;0.29297;0.30273;0.3125;0.32227;0.33203;0.3418;0.35156;0.36133;0.37109;0.38086;0.39063;0.40039;0.41016;0.41992;0.42969;0.43945;0.44922;0.45898;0.46875;0.47852;0.48828;0.49805;0.50781;0.51758;0.52734;0.53711;0.54688;0.55664;0.56641;0.57617;0.58594;0.5957;0.60547;0.61523;0.625;0.63477;0.64453;0.6543;0.66406;0.67383;0.68359;0.69336;0.70313;0.71289;0.72266;0.73242;0.74219;0.75195;0.76172;0.77148;0.78125;0.79102,0.0035604480000000003;0.006386688;0.01348608;0.00772608;0.006595584;0.05567999999999999;0.266947584;0.7904440319999999;1.529438208;2.1213480959999997;1.102101504;0.55371264;0.61019136;0.651500544;0.40707379199999993;0.3074304;0.281582592;0.308438016;0.3912959999999999;0.36421324800000004;0.310536192;0.37202841600000003;0.36146995200000004;0.264124416;0.173878272;0.145225728;0.17166336;0.066250752;0.08169062399999999;0.11966668800000001;0.076428288;0.069098496;0.060672;0.07163904000000001;0.052002816;0.030855168000000002;0.026661887999999998;0.027979775999999998;0.024545280000000003;0.025147392000000005;0.021454848;0.019688448;0.019196928;0.015065088;0.014856192;0.013900800000000001;0.007658496;0.008779776;0.014850048;0.014223359999999999;0.00886272;0.010942464;0.007170048000000001;0.0064512;0.006644736;0.005987328;0.004543488;0.005775359999999999;0.006110208;0.003649536;0.00210432;0.002331648;0.00356352;0.003323904;0.0021995519999999996;0.001631232;0.001910784;0.002267136;0.002055168;0.00250368;0.002973696;0.002316288;0.001492992;0.0018524160000000002;0.001161216;0.000700416;0.001425408;0.001870848;0.001615872
1790582400,hdr,0.0293;0.03906;0.04883;0.05859;0.06836;0.07813;0.08789;0.09766;0.10742;0.11719;0.12695;0.13672;0.14648;0.15625;0.16602;0.17578;0.18555;0.19531;0.20508;0.21484;0.22461;0.23438;0.24414;0.25391;0.26367;0.27344;0.2832;0.29297;0.30273;0.3125;0.32227;0.33203;0.3418;0.35156;0.36133;0.37109;0.38086;0.39063;0.40039;0.41016;0.41992;0.42969;0.43945;0.44922;0.45898;0.46875;0.47852;0.48828;0.49805;0.50781;0.51758;0.52734;0.53711;0.54688;0.55664;0.56641;0.57617;0.58594;0.5957;0.60547;0.61523;0.625;0.63477;0.64453;0.6543;0.66406;0.67383;0.68359;0.69336;0.70313;0.71289;0.72266;0.73242;0.74219;0.75195;0.76172;0.77148;0.78125;0.79102,0.006553600000000001;0.009756672000000001;0.010960896000000001;0.012460032;0.008052736;0.044040192;0.371687424;1.977614336;3.874197504;2.9683712;1.825501184;1.2737290239999999;0.9809633280000001;0.5653790719999999;0.5613895680000001;0.33425408;0.277782528;0.25114624;0.36206182400000003;0.281501696;0.170983424;0.33089126399999996;0.448118784;0.29664051199999997;0.22731980799999998;0.134004736;0.07563673600000001;0.11774361600000001;0.163749888;0.09090252800000001;0.052420608;0.040747008;0.032616448;0.033472512;0.034684928;0.041381888;0.046936064;0.027000832;0.015171583999999998;0.016576512;0.014610432;0.0129024;0.011321343999999999;0.018698239999999998;0.014299136;0.010424319999999999;0.010829824;0.009232384;0.010334208000000001;0.008577023999999999;0.007581696;0.005394432;0.004780032;0.005701632;0.00905216;0.004259839999999999;0.003813376;0.004632576;0.004419584000000001;0.0050749440000000005;0.006176768;0.005746688;0.001970176;0.0035061759999999997;0.003293184;0.0022896640000000003;0.004198400000000001;0.0053288960000000005;0.002064384;0.001007616;0.001429504;0.002793472;0.0015114240000000001;0.0014991359999999999;0.001159168;0.001523712;0.001601536;0.001130496;0.00135168
1790583300,hdr,0.0293;0.03906;0.04883;0.05859;0.06836;0.07813;0.08789;0.09766;0.10742;0.11719;0.12695;0.13672;0.14648;0.15625;0.16602;0.17578;0.18555;0.19531;0.20508;0.21484;0.22461;0.23438;0.24414;0.25391;0.26367;0.27344;0.2832;0.29297;0.30273;0.3125;0.32227;0.33203;0.3418;0.35156;0.36133;0.37109;0.38086;0.39063;0.40039;0.41016;0.41992;0.42969;0.43945;0.44922;0.45898;0.46875;0.47852;0.48828;0.49805;0.50781;0.51758;0.52734;0.53711;0.54688;0.55664;0.56641;0.57617;0.58594;0.5957;0.60547;0.61523;0.625;0.63477;0.64453;0.6543;0.66406;0.67383;0.68359;0.69336;0.70313;0.71289;0.72266;0.73242;0.74219;0.75195;0.76172;0.77148;0.78125;0.79102,0.006586368;0.013422592;0.009842688;0.005869568;0.016060416;0.05793792;0.279339008;1.622540288;3.58391808;2.4454799360000004;1.258770432;0.5724774399999999;0.457588736;0.34507980800000004;0.380915712;0.311775232;0.38740377600000003;0.373579776;0.496381952;0.5922488319999999;0.38210355199999996;0.25919488;0.20865024;0.156209152;0.16393420800000003;0.195796992;0.14202879999999998;0.116744192;0.082087936;0.08860876799999999;0.10217881599999999;0.10214195200000001;0.08260403200000001;0.052719616000000004;0.041373696;0.047677439999999995;0.057798656000000004;0.03750297599999999;0.03168256;0.02363392;0.013103103999999999;0.015966208;0.01697792;0.012709887999999999;0.018374656000000003;0.020537344000000003;0.015036415999999999;0.011726848;0.010125312;0.014536704;0.014290944;0.013287423999999999;0.011542528;0.008306688;0.005910528;0.005132288;0.006647808;0.004902912;0.00442368;0.004874240000000001;0.0036577280000000003;0.002453504;0.002502656;0.0032808959999999997;0.003813376;0.004182015999999999;0.0041492479999999995;0.0027115520000000003;0.00270336;0.00395264;0.0022855680000000004;0.0016220159999999998;0.0022241279999999997;0.00311296;0.0017121280000000003;0.0014213119999999999;0.0014213119999999999;0.001069056;0.001253376
1790584200,hdr,0.0293;0.03906;0.04883;0.05859;0.06836;0.07813;0.08789;0.09766;0.10742;0.11719;0.12695;0.13672;0.14648;0.15625;0.16602;0.17578;0.18555;0.19531;0.20508;0.21484;0.22461;0.23438;0.24414;0.25391;0.26367;0.27344;0.2832;0.29297;0.30273;0.3125;0.32227;0.33203;0.3418;0.35156;0.36133;0.37109;0.38086;0.39063;0.40039;0.41016;0.41992;0.42969;0.43945;0.44922;0.45898;0.46875;0.47852;0.48828;0.49805;0.50781;0.51758;0.52734;0.53711;0.54688;0.55664;0.56641;0.57617;0.58594;0.5957;0.60547;0.61523;0.625;0.63477;0.64453;0.6543;0.66406;0.67383;0.68359;0.69336;0.70313;0.71289;0.72266;0.73242;0.74219;0.75195;0.76172;0.77148;0.78125;0.79102,0.005599232;0.02164736;0.010084352000000001;0.007380992;0.016580608;0.05210112;0.495996928;1.587290112;3.96736512;3.6282777599999996;1.4549114879999998;1.046478848;0.580608;0.30663065599999995;0.306311168;0.261066752;0.32344473599999995;0.31805439999999996;0.507879424;0.465702912;0.425263104;0.33870643200000006;0.34129100799999995;0.245747712;0.138551296;0.139599872;0.1517568;0.151453696;0.099151872;0.112431104;0.10335436799999999;0.077074432;0.047722495999999996;0.031088640000000004;0.039059456;0.033636352;0.031399936;0.027140096000000002;0.026873855999999998;0.027889664;0.019632128000000002;0.014757887999999999;0.024604672;0.018341888000000004;0.013377536;0.017362943999999998;0.014319616;0.01202176;0.011108352;0.008642559999999999;0.006889472;0.008757248000000002;0.008335359999999998;0.008617984;0.0075776;0.0076840960000000005;0.0046694399999999995;0.006557696;0.0069632;0.005152768;0.006877183999999999;0.003231744;0.002428928;0.002215936;0.002674688;0.004251648;0.003203072;0.002981888;0.002654208;0.0021626880000000003;0.002195456;0.00251904;0.001941504;0.0017039359999999999;0.001564672;0.001736704;0.0014704639999999999;0.0011837439999999998;0.0009912319999999999
1790585100,hdr,0.0293;0.03906;0.04883;0.05859;0.06836;0.07813;0.08789;0.09766;0.10742;0.11719;0.12695;0.13672;0.14648;0.15625;0.16602;0.17578;0.18555;0.19531;0.20508;0.21484;0.22461;0.23438;0.24414;0.25391;0.26367;0.27344;0.2832;0.29297;0.30273;0.3125;0.32227;0.33203;0.3418;0.35156;0.36133;0.37109;0.38086;0.39063;0.40039;0.41016;0.41992;0.42969;0.43945;0.44922;0.45898;0.46875;0.47852;0.48828;0.49805;0.50781;0.51758;0.52734;0.53711;0.54688;0.55664;0.56641;0.57617;0.58594;0.5957;0.60547;0.61523;0.625;0.63477;0.64453;0.6543;0.66406;0.67383;0.68359;0.69336;0.70313;0.71289;0.72266;0.73242;0.74219;0.75195;0.76172;0.77148;0.78125;0.79102,0.005316608;0.013389824;0.012107776;0.02439168;0.022605823999999997;0.053665792000000004;0.313229312;1.472331776;3.1186206719999996;2.6030817280000003;1.8744893440000001;0.856383488;0.862588928;0.656883712;0.424812544;0.413753344;0.41388032;0.402362368;0.377352192;0.701329408;0.553435136;0.31557632;0.32927744;0.19993395200000003;0.182124544;0.18198937599999998;0.134004736;0.11030528;0.12920012800000003;0.11587584;0.118034432;0.100347904;0.04974592;0.047173632;0.041492480000000005;0.040747008;0.046792704;0.041963520000000004;0.056934399999999996;0.034529279999999996;0.019906559999999997;0.021487615999999998;0.021483519999999996;0.016605184000000002;0.01742848;0.019611648;0.013729792;0.013824;0.010133504000000002;0.008351744000000001;0.009244671999999999;0.013033471999999999;0.00772096;0.005197823999999999;0.007483392;0.006074367999999999;0.006438912000000001;0.008261632000000001;0.005623808;0.00331776;0.003690496;0.0045670400000000005;0.004292608;0.004644864;0.0043827200000000005;0.00354304;0.003084288;0.0034979840000000004;0.00407552;0.0034652159999999997;0.0028876799999999997;0.0024166400000000003;0.002932736;0.002363392;0.0018800639999999999;0.003104768;0.002752512;0.0020930559999999994;0.0020398079999999997
1790586000,hdr,0.0293;0.03906;0.04883;0.05859;0.06836;0.07813;0.08789;0.09766;0.10742;0.11719;0.12695;0.13672;0.14648;0.15625;0.16602;0.17578;0.18555;0.19531;0.20508;0.21484;0.22461;0.23438;0.24414;0.25391;0.26367;0.27344;0.2832;0.29297;0.30273;0.3125;0.32227;0.33203;0.3418;0.35156;0.36133;0.37109;0.38086;0.39063;0.40039;0.41016;0.41992;0.42969;0.43945;0.44922;0.45898;0.46875;0.47852;0.48828;0.49805;0.50781;0.51758;0.52734;0.53711;0.54688;0.55664;0.56641;0.57617;0.58594;0.5957;0.60547;0.61523;0.625;0.63477;0.64453;0.6543;0.66406;0.67383;0.68359;0.69336;0.70313;0.71289;0.72266;0.73242;0.74219;0.75195;0.76172;0.77148;0.78125;0.79102,0.009922559999999999;0.023912448;0.025347072000000002;0.010939392;0.017427456;0.058589183999999996;0.22723276799999997;1.069602816;2.6360739840000003;1.7556142080000001;1.17775872;0.9799710719999999;0.7553095679999999;0.529723392;0.414446592;0.263427072;0.30648729599999996;0.290712576;0.34323148800000003;0.5395384320000001;0.531108864;0.285874176;0.28724736;0.192196608;0.19864780799999998;0.221082624;0.19505663999999998;0.13655961600000002;0.08078131200000001;0.058109952;0.07100928;0.05074944;0.048973824;0.054193152;0.060137472000000004;0.051760127999999996;0.03760128;0.043425792000000005;0.035475455999999995;0.023159807999999997;0.022551552;0.021740544;0.020683776;0.014862336;0.018729984;0.023768064;0.018597888000000003;0.015178752;0.012370944000000002;0.008604672;0.00695808;0.007292927999999999;0.006156288;0.008914944;0.007928832;0.006595584;0.005965824;0.005071871999999999;0.0038430719999999995;0.005861376000000001;0.00451584;0.0041472;0.003744768;0.003836928;0.003606528;0.0039075839999999995;0.002460672;0.00247296;0.002721792;0.00281088;0.0032870399999999998;0.003581952;0.002279424;0.001557504;0.00227328;0.0021903359999999998;0.001652736;0.00210432;0.0015267840000000002
1790586900,hdr,0.0293;0.03906;0.04883;0.05859;0.06836;0.07813;0.08789;0.09766;0.10742;0.11719;0.12695;0.13672;0.14648;0.15625;0.16602;0.17578;0.18555;0.19531;0.20508;0.21484;0.22461;0.23438;0.24414;0.25391;0.26367;0.27344;0.2832;0.29297;0.30273;0.3125;0.32227;0.33203;0.3418;0.35156;0.36133;0.37109;0.38086;0.39063;0.40039;0.41016;0.41992;0.42969;0.43945;0.44922;0.45898;0.46875;0.47852;0.48828;0.49805;0.50781;0.51758;0.52734;0.53711;0.54688;0.55664;0.56641;0.57617;0.58594;0.5957;0.60547;0.61523;0.625;0.63477;0.64453;0.6543;0.66406;0.67383;0.68359;0.69336;0.70313;0.71289;0.72266;0.73242;0.74219;0.75195;0.76172;0.77148;0.78125;0.79102,0.01188864;0.013117440000000001;0.015157248;0.008933376;0.014813184;0.086642688;0.30575616;2.0133396479999996;5.310253056;3.4373406720000004;1.7415167999999999;0.748744704;0.4023582720000001;0.299096064;0.296429568;0.447762432;0.297203712;0.26409984000000003;0.391931904;0.552443904;0.47238758399999997;0.28409856;0.22638182399999998;0.23986790400000002;0.15474278400000002;0.125270016;0.12205670400000002;0.12020121600000001;0.148844544;0.15329894400000002;0.120582144;0.07977983999999999;0.08699904000000001;0.082931712;0.078514176;0.045053951999999994;0.044525568;0.035751936;0.0258048;0.019716096000000002;0.022849536;0.029134847999999998;0.021805056;0.01339392;0.008189952;0.011962368000000001;0.011599871999999999;0.00654336;0.008226816;0.009498624;0.007028736;0.00724992;0.009259007999999999;0.012908544;0.007329792000000001;0.005922816;0.008275968000000002;0.006100992;0.00595968;0.00334848;0.00602112;0.007440384;0.0052715520000000005;0.003538944;0.005941248;0.003028992;0.003735552;0.003612672;0.0041717759999999994;0.0030412800000000004;0.0023101439999999997;0.002193408;0.0016834559999999998;0.002033664;0.002168832;0.0018309119999999999;0.001087488;0.001695744;0.0015974399999999999
1790587800,hdr,0.0293;0.03906;0.04883;0.05859;0.06836;0.07813;0.08789;0.09766;0.10742;0.11719;0.12695;0.13672;0.14648;0.15625;0.16602;0.17578;0.18555;0.19531;0.20508;0.21484;0.22461;0.23438;0.24414;0.25391;0.26367;0.27344;0.2832;0.29297;0.30273;0.3125;0.32227;0.33203;0.3418;0.35156;0.36133;0.37109;0.38086;0.39063;0.40039;0.41016;0.41992;0.42969;0.43945;0.44922;0.45898;0.46875;0.47852;0.48828;0.49805;0.50781;0.51758;0.52734;0.53711;0.54688;0.55664;0.56641;0.57617;0.58594;0.5957;0.60547;0.61523;0.625;0.63477;0.64453;0.6543;0.66406;0.67383;0.68359;0.69336;0.70313;0.71289;0.72266;0.73242;0.74219;0.75195;0.76172;0.77148;0.78125;0.79102,0.005177344;0.006762495999999999;0.00888832;0.00843776;0.008704;0.034930688;0.412209152;2.0758855680000003;3.43789568;2.336321536;1.302142976;0.948989952;0.6051512320000001;0.2983936;0.24577638400000001;0.260562944;0.197799936;0.29157376;0.507142144;0.642260992;0.5571010559999999;0.321961984;0.183259136;0.126939136;0.16498278400000002;0.163151872;0.136441856;0.176848896;0.126349312;0.085843968;0.060248064;0.045944832;0.056258560000000006;0.045576191999999995;0.067698688;0.06326272;0.027557888;0.041013248;0.029474815999999997;0.018591744;0.022417408;0.020774912;0.015171583999999998;0.021213183999999996;0.016244736;0.012283904;0.0110592;0.010407936;0.010043392000000002;0.009207808000000001;0.005586944;0.004202496;0.0074751999999999996;0.006987776;0.0067583999999999995;0.004018176;0.004857856;0.006221824;0.006049792;0.0060907520000000005;0.0038993920000000002;0.003026944;0.00374784;0.004354048;0.003391488;0.0032890880000000003;0.00305152;0.0033832960000000005;0.003313664;0.003325952;0.002523136;0.001683456;0.001302528;0.001212416;0.0016179200000000001;0.001634304;0.0017326079999999998;0.002043904;0.0012165119999999999
1790588700,hdr,0.0293;0.03906;0.04883;0.05859;0.06836;0.07813;0.08789;0.09766;0.10742;0.11719;0.12695;0.13672;0.14648;0.15625;0.16602;0.17578;0.18555;0.19531;0.20508;0.21484;0.22461;0.23438;0.24414;0.25391;0.26367;0.27344;0.2832;0.29297;0.30273;0.3125;0.32227;0.33203;0.3418;0.35156;0.36133;0.37109;0.38086;0.39063;0.40039;0.41016;0.41992;0.42969;0.43945;0.44922;0.45898;0.46875;0.47852;0.48828;0.49805;0.50781;0.51758;0.52734;0.53711;0.54688;0.55664;0.56641;0.57617;0.58594;0.5957;0.60547;0.61523;0.625;0.63477;0.64453;0.6543;0.66406;0.67383;0.68359;0.69336;0.70313;0.71289;0.72266;0.73242;0.74219;0.75195;0.76172;0.77148;0.78125;0.79102,0.0096256;0.020459520000000002;0.022851583999999998;0.013144064;0.013127680000000001;0.057647104;0.292429824;1.4513971200000002;3.689877504;2.7951923200000004;1.710460928;1.152401408;0.624521216;0.33429094400000003;0.26693632;0.29493248;0.29628825599999997;0.26302054399999997;0.36670668799999995;0.6104719359999999;0.423297024;0.28624896;0.24553062399999998;0.15725772799999999;0.12020940799999999;0.13667123199999998;0.118140928;0.145420288;0.074563584;0.050077696000000005;0.052604928;0.082038784;0.080031744;0.06965248;0.05218713600000001;0.04171775999999999;0.045461504;0.04974592;0.049238016;0.048549888000000006;0.035315712;0.026308608;0.025255935999999996;0.020602879999999997;0.01849344;0.020672512000000004;0.018534400000000003;0.013012992000000001;0.008990719999999999;0.01134592;0.008511488;0.011419648000000001;0.012455935999999999;0.0038297599999999998;0.004657152;0.006930431999999999;0.006291456;0.0065617919999999995;0.0057794560000000005;0.00366592;0.00325632;0.004685824000000001;0.0054272;0.00342016;0.0027115520000000003;0.0037601279999999997;0.0028467199999999996;0.003186688;0.00391168;0.0026009600000000003;0.0033382399999999997;0.003293184;0.0033791999999999997;0.003362816;0.0025108480000000004;0.00180224;0.0018841600000000002;0.002404352;0.0023347199999999998
1790589600,hdr,0.0293;0.03906;0.04883;0.05859;0.06836;0.07813;0.08789;0.09766;0.10742;0.11719;0.12695;0.13672;0.14648;0.15625;0.16602;0.17578;0.18555;0.19531;0.20508;0.21484;0.22461;0.23438;0.24414;0.25391;0.26367;0.27344;0.2832;0.29297;0.30273;0.3125;0.32227;0.33203;0.3418;0.35156;0.36133;0.37109;0.38086;0.39063;0.40039;0.41016;0.41992;0.42969;0.43945;0.44922;0.45898;0.46875;0.47852;0.48828;0.49805;0.50781;0.51758;0.52734;0.53711;0.54688;0.55664;0.56641;0.57617;0.58594;0.5957;0.60547;0.61523;0.625;0.63477;0.64453;0.6543;0.66406;0.67383;0.68359;0.69336;0.70313;0.71289;0.72266;0.73242;0.74219;0.75195;0.76172;0.77148;0.78125;0.79102,0.015845376;0.02247168;0.013728768;0.015304704000000002;0.011817984;0.042077184000000004;0.425432064;1.6756531199999998;2.7918274559999996;2.6818529279999996;1.395434496;0.8806010880000001;0.513828864;0.405359616;0.440902656;0.438316032;0.433112064;0.33194496;0.47941632;0.6640373759999999;0.42362879999999997;0.174987264;0.16437350399999998;0.21500620799999998;0.229914624;0.17630822399999999;0.12989952;0.130434048;0.09912422399999998;0.0951552;0.13012992;0.128372736;0.0667392;0.06110208;0.06364876800000001;0.064038912;0.042479616000000005;0.032787456;0.02792448;0.03844608;0.031488;0.02981376;0.024843264000000004;0.024778752;0.015234047999999998;0.012106752;0.013854720000000001;0.0163584;0.014991359999999999;0.010500095999999999;0.010730495999999999;0.0053391359999999995;0.0069550079999999995;0.006789120000000001;0.008131583999999999;0.00907776;0.008266751999999999;0.0049305600000000005;0.005505024000000001;0.0049152;0.004343808;0.006150144;0.004829184;0.0034037760000000003;0.002399232;0.003542016;0.0040120320000000004;0.002869248;0.002436096;0.0018339839999999999;0.002663424;0.002712576;0.002528256;0.001870848;0.0014653440000000002;0.001717248;0.0021288960000000003;0.001539072;0.00129024
1790590500,hdr,0.0293;0.03906;0.04883;0.05859;0.06836;0.07813;0.08789;0.09766;0.10742;0.11719;0.12695;0.13672;0.14648;0.15625;0.16602;0.17578;0.18555;0.19531;0.20508;0.21484;0.22461;0.23438;0.24414;0.25391;0.26367;0.27344;0.2832;0.29297;0.30273;0.3125;0.32227;0.33203;0.3418;0.35156;0.36133;0.37109;0.38086;0.39063;0.40039;0.41016;0.41992;0.42969;0.43945;0.44922;0.45898;0.46875;0.47852;0.48828;0.49805;0.50781;0.51758;0.52734;0.53711;0.54688;0.55664;0.56641;0.57617;0.58594;0.5957;0.60547;0.61523;0.625;0.63477;0.64453;0.6543;0.66406;0.67383;0.68359;0.69336;0.70313;0.71289;0.72266;0.73242;0.74219;0.75195;0.76172;0.77148;0.78125;0.79102,0.0045649919999999995;0.022514687999999998;0.019113984;0.014991359999999999;0.024029184000000002;0.059916288;0.469490688;1.9629772799999998;2.062645248;1.8763776;1.101696;0.472344576;0.633888768;0.649196544;0.36538368;0.28893696;0.36183552;0.29831577600000003;0.433453056;0.438998016;0.6396487679999999;0.630669312;0.38893056;0.272584704;0.172182528;0.10530508799999999;0.147508224;0.09506611200000001;0.07396454400000001;0.07460352;0.06966988800000001;0.08941363199999999;0.127208448;0.096070656;0.06559027199999999;0.04675584;0.027469824;0.051886079999999994;0.036989952;0.026330112;0.033272832;0.035426304000000006;0.036092928;0.023227392;0.0106752;0.01242624;0.008911872;0.010383360000000001;0.010748928;0.014505983999999998;0.011606016;0.010834944;0.006945792;0.006273024;0.00563712;0.006131711999999999;0.006838272;0.005136384;0.004660223999999999;0.005293056;0.003305472;0.0035911679999999996;0.006208511999999999;0.005035008;0.0033607679999999997;0.003836928;0.00270336;0.00362496;0.00384;0.0031088640000000007;0.002390016;0.002743296;0.0028968960000000004;0.001763328;0.0021288960000000003;0.003222528;0.002694144;0.002353152;0.0018923520000000001
1790591400,hdr,0.0293;0.03906;0.04883;0.05859;0.06836;0.07813;0.08789;0.09766;0.10742;0.11719;0.12695;0.13672;0.14648;0.15625;0.16602;0.17578;0.18555;0.19531;0.20508;0.21484;0.22461;0.23438;0.24414;0.25391;0.26367;0.27344;0.2832;0.29297;0.30273;0.3125;0.32227;0.33203;0.3418;0.35156;0.36133;0.37109;0.38086;0.39063;0.40039;0.41016;0.41992;0.42969;0.43945;0.44922;0.45898;0.46875;0.47852;0.48828;0.49805;0.50781;0.51758;0.52734;0.53711;0.54688;0.55664;0.56641;0.57617;0.58594;0.5957;0.60547;0.61523;0.625;0.63477;0.64453;0.6543;0.66406;0.67383;0.68359;0.69336;0.70313;0.71289;0.72266;0.73242;0.74219;0.75195;0.76172;0.77148;0.78125;0.79102,0.008058880000000001;0.017269760000000002;0.02310144;0.01787392;0.02297856;0.08444416;0.36712448000000003;2.31390208;4.86701056;2.05809664;1.1898624;0.621952;0.5492940800000001;0.40747008;0.31973888;0.25466368;0.29556736;0.51366912;0.6030387199999999;0.7896422399999999;0.6612224;0.34587135999999996;0.27099135999999996;0.12656128000000003;0.13135360000000001;0.15378944;0.132352;0.11794432;0.09908735999999999;0.06232064;0.09150976;0.11360255999999999;0.11050496000000001;0.06337536;0.06357504;0.04352;0.05699072;0.03082752;0.023004159999999996;0.01810944;0.02980864;0.03244032;0.023756799999999998;0.01664512;0.00803328;0.01176064;0.01270272;0.011903999999999998;0.01174528;0.01180672;0.0110336;0.0077568;0.00467968;0.00503296;0.007767039999999999;0.006794240000000001;0.0077568;0.0057344;0.005089280000000001;0.0050278400000000004;0.00441856;0.006087679999999999;0.006635520000000001;0.00495104;0.00312832;0.004971519999999999;0.005632;0.0035327999999999996;0.00292864;0.0024268799999999997;0.002688;0.00147456;0.0012185600000000003;0.0018687999999999999;0.00254976;0.0018432000000000001;0.00232448;0.00249856;0.00267264
1790592300,hdr,0.0293;0.03906;0.04883;0.05859;0.06836;0.07813;0.08789;0.09766;0.10742;0.11719;0.12695;0.13672;0.14648;0.15625;0.16602;0.17578;0.18555;0.19531;0.20508;0.21484;0.22461;0.23438;0.24414;0.25391;0.26367;0.27344;0.2832;0.29297;0.30273;0.3125;0.32227;0.33203;0.3418;0.35156;0.36133;0.37109;0.38086;0.39063;0.40039;0.41016;0.41992;0.42969;0.43945;0.44922;0.45898;0.46875;0.47852;0.48828;0.49805;0.50781;0.51758;0.52734;0.53711;0.54688;0.55664;0.56641;0.57617;0.58594;0.5957;0.60547;0.61523;0.625;0.63477;0.64453;0.6543;0.66406;0.67383;0.68359;0.69336;0.70313;0.71289;0.72266;0.73242;0.74219;0.75195;0.76172;0.77148;0.78125;0.79102,0.00787968;0.0142336;0.01780224;0.0160256;0.02673664;0.1321984;0.5063833600000001;2.1396224;4.87774208;2.82738176;1.1439872;0.5479065599999999;0.44493312000000007;0.42200576;0.38928896;0.25613312;0.44604416;0.45213696;0.40881152000000004;0.47873536;0.61469184;0.37660671999999995;0.24630784;0.22385664;0.18106880000000003;0.128128;0.10456576;0.09209344;0.06717952;0.059985920000000005;0.09291264;0.09354240000000001;0.056212479999999995;0.03482112;0.05179903999999999;0.03490816;0.036684800000000004;0.03262976;0.04151296000000001;0.03362304;0.022604799999999998;0.01741824;0.01876992;0.02481664;0.01639936;0.0087296;0.009446399999999999;0.00997376;0.00947712;0.010270719999999999;0.009282559999999999;0.00771584;0.01229312;0.01109504;0.00769536;0.006430719999999999;0.006784;0.0077414400000000005;0.004633600000000001;0.004224;0.00619008;0.005990400000000001;0.0040448;0.00302592;0.00588288;0.0043161599999999994;0.0026521599999999998;0.0031232;0.0042752;0.00231424;0.0029081600000000003;0.0036198399999999996;0.00433664;0.00290304;0.00312832;0.0029388799999999996;0.00266752;0.0027084799999999997;0.0033689599999999994
1790593200,hdr,0.0293;0.03906;0.04883;0.05859;0.06836;0.07813;0.08789;0.09766;0.10742;0.11719;0.12695;0.13672;0.14648;0.15625;0.16602;0.17578;0.18555;0.19531;0.20508;0.21484;0.22461;0.23438;0.24414;0.25391;0.26367;0.27344;0.2832;0.29297;0.30273;0.3125;0.32227;0.33203;0.3418;0.35156;0.36133;0.37109;0.38086;0.39063;0.40039;0.41016;0.41992;0.42969;0.43945;0.44922;0.45898;0.46875;0.47852;0.48828;0.49805;0.50781;0.51758;0.52734;0.53711;0.54688;0.55664;0.56641;0.57617;0.58594;0.5957;0.60547;0.61523;0.625;0.63477;0.64453;0.6543;0.66406;0.67383;0.68359;0.69336;0.70313;0.71289;0.72266;0.73242;0.74219;0.75195;0.76172;0.77148;0.78125;0.79102,0.023961600000000003;0.042663936;0.044109824;0.036892672;0.036708352;0.11900928;0.543694848;2.381570048;3.2479272959999994;2.1028741120000003;1.608327168;0.6474915840000001;0.547495936;0.5025751039999999;0.355295232;0.420016128;0.376881152;0.44544;0.63993856;0.8957009920000001;0.699969536;0.417243136;0.28923494399999994;0.14410547199999998;0.12018483199999999;0.12720128;0.121356288;0.166739968;0.132608;0.164265984;0.112820224;0.08445952000000001;0.080351232;0.068984832;0.07838105599999999;0.06556876800000001;0.031920128;0.037085184;0.034394112000000004;0.057962496;0.048304127999999995;0.01441792;0.019058687999999997;0.025116672000000003;0.020291583999999998;0.016334848000000003;0.014241792;0.010891264;0.011735039999999999;0.013631487999999999;0.008712191999999999;0.009875456;0.007901184;0.009150464;0.008396800000000001;0.0046817280000000005;0.005459968;0.005070848;0.004431872;0.005054464;0.007753728;0.0064716800000000005;0.004038656;0.004317184;0.004796416;0.004132864;0.0038297599999999998;0.004005887999999999;0.004415488;0.0030228480000000003;0.001867776;0.002564096;0.0044605439999999994;0.004063232;0.004337664;0.002961408;0.00268288;0.002244608;0.0018718720000000001
1790594100,hdr,0.0293;0.03906;0.04883;0.05859;0.06836;0.07813;0.08789;0.09766;0.10742;0.11719;0.12695;0.13672;0.14648;0.15625;0.16602;0.17578;0.18555;0.19531;0.20508;0.21484;0.22461;0.23438;0.24414;0.25391;0.26367;0.27344;0.2832;0.29297;0.30273;0.3125;0.32227;0.33203;0.3418;0.35156;0.36133;0.37109;0.38086;0.39063;0.40039;0.41016;0.41992;0.42969;0.43945;0.44922;0.45898;0.46875;0.47852;0.48828;0.49805;0.50781;0.51758;0.52734;0.53711;0.54688;0.55664;0.56641;0.57617;0.58594;0.5957;0.60547;0.61523;0.625;0.63477;0.64453;0.6543;0.66406;0.67383;0.68359;0.69336;0.70313;0.71289;0.72266;0.73242;0.74219;0.75195;0.76172;0.77148;0.78125;0.79102,0.021839872;0.029712384;0.021704704;0.025403392;0.031150079999999997;0.121606144;0.56025088;2.46943744;3.560230912;2.4183439360000003;2.140393472;1.218187264;0.7325286400000001;0.5955993600000001;0.34791014400000003;0.31123456;0.39931903999999996;0.490242048;0.523132928;0.5248573440000001;0.6390087680000001;0.617488384;0.34132787200000003;0.169181184;0.184262656;0.197300224;0.17532108799999999;0.130281472;0.115126272;0.090755072;0.070148096;0.05562368;0.06282444799999999;0.071303168;0.057475072;0.0437248;0.04675584;0.047190016;0.033652735999999996;0.036831232000000005;0.03325952;0.025223168;0.019550208000000003;0.019406848;0.017899520000000002;0.016556032;0.017043456;0.014438399999999999;0.010088448;0.01200128;0.00919552;0.01052672;0.006955008;0.006426624000000001;0.006496256;0.006664192;0.0074751999999999996;0.004153344;0.0042885119999999995;0.006803456;0.005181440000000001;0.0031375360000000002;0.002813952;0.003203072;0.004292608;0.004214784;0.0047104;0.003555328;0.003559424;0.0047144959999999994;0.0033341440000000003;0.0021872639999999995;0.003579904;0.0037150720000000003;0.0034406400000000005;0.002605056;0.002879488;0.0032604160000000004;0.0038461439999999997
1790595000,hdr,0.0293;0.03906;0.04883;0.05859;0.06836;0.07813;0.08789;0.09766;0.10742;0.11719;0.12695;0.13672;0.14648;0.15625;0.16602;0.17578;0.18555;0.19531;0.20508;0.21484;0.22461;0.23438;0.24414;0.25391;0.26367;0.27344;0.2832;0.29297;0.30273;0.3125;0.32227;0.33203;0.3418;0.35156;0.36133;0.37109;0.38086;0.39063;0.40039;0.41016;0.41992;0.42969;0.43945;0.44922;0.45898;0.46875;0.47852;0.48828;0.49805;0.50781;0.51758;0.52734;0.53711;0.54688;0.55664;0.56641;0.57617;0.58594;0.5957;0.60547;0.61523;0.625;0.63477;0.64453;0.6543;0.66406;0.67383;0.68359;0.69336;0.70313;0.71289;0.72266;0.73242;0.74219;0.75195;0.76172;0.77148;0.78125;0.79102,0.0339968;0.07079936;0.07268352;0.05219839999999999;0.03979776;0.10913792000000001;0.66210304;2.70569984;5.07790848;3.74141952;2.22534144;1.20692224;1.0133708799999999;0.6853478399999999;0.4773632;0.5452288000000001;0.32439808000000003;0.45507072000000004;0.6875238400000001;0.48165888;0.33404927999999995;0.32637952;0.29236224;0.21090816;0.24400384;0.17007615999999998;0.1366528;0.09617919999999999;0.11881984;0.17097216;0.16200704000000002;0.05161984000000001;0.07091712;0.06981632;0.05551616;0.043735039999999996;0.04324352000000001;0.04237312;0.03872256;0.024622079999999998;0.024504320000000003;0.02083328;0.021826560000000002;0.013542400000000001;0.01862144;0.018565119999999997;0.01734144;0.012825599999999998;0.01366016;0.01786368;0.012497920000000001;0.00761856;0.00950272;0.011371519999999998;0.0127488;0.009456639999999999;0.00597504;0.006553600000000001;0.0060313599999999995;0.00444416;0.0037273600000000003;0.0031487999999999998;0.0028416000000000005;0.0026163199999999997;0.00302592;0.0039423999999999996;0.00344576;0.0035481600000000003;0.00470016;0.0038553599999999995;0.0026316800000000004;0.0024268799999999997;0.0031232;0.00269824;0.0030976;0.00239616;0.0018483199999999999;0.00209408;0.0020121600000000003
1790595900,hdr,0.0293;0.03906;0.04883;0.05859;0.06836;0.07813;0.08789;0.09766;0.10742;0.11719;0.12695;0.13672;0.14648;0.15625;0.16602;0.17578;0.18555;0.19531;0.20508;0.21484;0.22461;0.23438;0.24414;0.25391;0.26367;0.27344;0.2832;0.29297;0.30273;0.3125;0.32227;0.33203;0.3418;0.35156;0.36133;0.37109;0.38086;0.39063;0.40039;0.41016;0.41992;0.42969;0.43945;0.44922;0.45898;0.46875;0.47852;0.48828;0.49805;0.50781;0.51758;0.52734;0.53711;0.54688;0.55664;0.56641;0.57617;0.58594;0.5957;0.60547;0.61523;0.625;0.63477;0.64453;0.6543;0.66406;0.67383;0.68359;0.69336;0.70313;0.71289;0.72266;0.73242;0.74219;0.75195;0.76172;0.77148;0.78125;0.79102,0.02766336;0.06454784000000001;0.0292608;0.028032;0.041185280000000005;0.1175296;0.67667968;3.03640576;4.66700288;2.6668134400000003;1.04538624;1.3554790399999999;0.6935808;0.5255167999999999;0.49842688;0.31734784000000005;0.30596608000000003;0.51557376;0.65604608;0.7265075200000001;0.50938368;0.5537945599999999;0.29390847999999997;0.2576128;0.16416768;0.12650496;0.13713408;0.12972544;0.10418176000000001;0.12185600000000002;0.13627392000000002;0.13453824;0.08848384;0.047022079999999994;0.05099008;0.044282880000000004;0.05316608;0.056304639999999996;0.04091392;0.04006911999999999;0.03639808;0.017781759999999997;0.017269760000000002;0.02415616;0.027545600000000003;0.017838080000000003;0.01435648;0.01465344;0.012416;0.01130496;0.01388544;0.011719679999999998;0.009917439999999998;0.0093696;0.006277120000000001;0.00710144;0.00825344;0.0073881599999999995;0.00843776;0.00617984;0.004884479999999999;0.0058316800000000005;0.00626688;0.0048128;0.00567296;0.0033177600000000003;0.00337408;0.00266752;0.0019763199999999997;0.0026521599999999998;0.0028467199999999996;0.00285184;0.0038297599999999998;0.00362496;0.00154112;0.00196096;0.00265728;0.0022784000000000003;0.00256512
1790596800,hdr,0.0293;0.03906;0.04883;0.05859;0.06836;0.07813;0.08789;0.09766;0.10742;0.11719;0.12695;0.13672;0.14648;0.15625;0.16602;0.17578;0.18555;0.19531;0.20508;0.21484;0.22461;0.23438;0.24414;0.25391;0.26367;0.27344;0.2832;0.29297;0.30273;0.3125;0.32227;0.33203;0.3418;0.35156;0.36133;0.37109;0.38086;0.39063;0.40039;0.41016;0.41992;0.42969;0.43945;0.44922;0.45898;0.46875;0.47852;0.48828;0.49805;0.50781;0.51758;0.52734;0.53711;0.54688;0.55664;0.56641;0.57617;0.58594;0.5957;0.60547;0.61523;0.625;0.63477;0.64453;0.6543;0.66406;0.67383;0.68359;0.69336;0.70313;0.71289;0.72266;0.73242;0.74219;0.75195;0.76172;0.77148;0.78125;0.79102,0.016300032;0.033914879999999994;0.03772416;0.029362176000000004;0.041803776;0.059787264;0.445353984;3.1296245760000003;5.50013952;3.364583424;2.6162503679999998;1.524492288;1.1322716160000001;0.8809082880000001;0.6524436479999999;0.439068672;0.498475008;0.8586485759999999;1.212542976;1.050802176;0.592447488;0.43954176000000006;0.315328512;0.12558336;0.209098752;0.153065472;0.16425984;0.11615232;0.09194495999999999;0.119574528;0.110788608;0.094980096;0.07166976;0.03637248;0.043444224000000004;0.049053695999999994;0.0574464;0.06822297599999999;0.041312256;0.028600320000000002;0.027826176;0.023083008;0.019193856;0.020471808;0.020987904;0.016564224000000002;0.012146688;0.011249664;0.010770432;0.006383616;0.008503296;0.010278912;0.010727424;0.009713663999999999;0.006549504000000001;0.005382144;0.004927488000000001;0.005081088000000001;0.006586368;0.0072437759999999995;0.005609472;0.004073472;0.003796992;0.003483648;0.002973696;0.004233216000000001;0.0041164800000000005;0.00377856;0.0033177600000000003;0.002506752;0.002064384;0.002377728;0.00273408;0.002494464;0.002562048;0.00236544;0.001634304;0.002678784;0.003723264
1790597700,hdr,0.0293;0.03906;0.04883;0.05859;0.06836;0.07813;0.08789;0.09766;0.10742;0.11719;0.12695;0.13672;0.14648;0.15625;0.16602;0.17578;0.18555;0.19531;0.20508;0.21484;0.22461;0.23438;0.24414;0.25391;0.26367;0.27344;0.2832;0.29297;0.30273;0.3125;0.32227;0.33203;0.3418;0.35156;0.36133;0.37109;0.38086;0.39063;0.40039;0.41016;0.41992;0.42969;0.43945;0.44922;0.45898;0.46875;0.47852;0.48828;0.49805;0.50781;0.51758;0.52734;0.53711;0.54688;0.55664;0.56641;0.57617;0.58594;0.5957;0.60547;0.61523;0.625;0.63477;0.64453;0.6543;0.66406;0.67383;0.68359;0.69336;0.70313;0.71289;0.72266;0.73242;0.74219;0.75195;0.76172;0.77148;0.78125;0.79102,0.007246848;0.038778879999999995;0.044362752;0.070905856;0.074396672;0.158885888;0.88804352;3.99970816;6.647237632;4.803549184;2.5736488960000004;1.46940416;0.8999639039999999;0.791784448;0.40961536;0.26053529599999997;0.39818956800000005;0.525292544;0.7836129279999999;0.8355450879999999;0.689747968;0.78450176;0.452508672;0.26545254400000007;0.24966860800000001;0.2641408;0.190073856;0.11678105600000001;0.08990822400000001;0.08164352;0.11571302400000001;0.07344332799999999;0.066239488;0.07193804799999999;0.051193856;0.03985408;0.029202432000000004;0.026127359999999995;0.021747712;0.040879104;0.02931712;0.027797504;0.019124224;0.019045376;0.015318016;0.010622976000000001;0.0141568;0.011375616;0.011124736000000001;0.01401344;0.016765952;0.015160320000000001;0.011683840000000001;0.009784319999999999;0.012214272000000002;0.00999936;0.009103360000000001;0.006938624;0.006823936000000001;0.006530048;0.004924416;0.0040642560000000005;0.005849088;0.006329344;0.006150144000000001;0.0069099520000000005;0.003899392;0.0026234879999999998;0.004938752;0.004687871999999999;0.003268608;0.0030607360000000005;0.002809856;0.0031324160000000003;0.002465792;0.00329728;0.0030320639999999997;0.001655808;0.001842176
1790598600,hdr,0.0293;0.03906;0.04883;0.05859;0.06836;0.07813;0.08789;0.09766;0.10742;0.11719;0.12695;0.13672;0.14648;0.15625;0.16602;0.17578;0.18555;0.19531;0.20508;0.21484;0.22461;0.23438;0.24414;0.25391;0.26367;0.27344;0.2832;0.29297;0.30273;0.3125;0.32227;0.33203;0.3418;0.35156;0.36133;0.37109;0.38086;0.39063;0.40039;0.41016;0.41992;0.42969;0.43945;0.44922;0.45898;0.46875;0.47852;0.48828;0.49805;0.50781;0.51758;0.52734;0.53711;0.54688;0.55664;0.56641;0.57617;0.58594;0.5957;0.60547;0.61523;0.625;0.63477;0.64453;0.6543;0.66406;0.67383;0.68359;0.69336;0.70313;0.71289;0.72266;0.73242;0.74219;0.75195;0.76172;0.77148;0.78125;0.79102,0.011973632;0.024476671999999998;0.023124992;0.016603136;0.035335168;0.07745126399999999;0.61073408;5.725930496;10.721987583999999;4.822388736000001;2.989780992;2.272748544;1.471675392;0.493351936;0.45463756800000005;0.38864179200000004;0.26259763199999997;0.369380352;0.9648066559999999;1.178022912;0.8230492159999999;0.690663424;0.5537382399999999;0.450774016;0.315346944;0.23502336000000001;0.11250483200000001;0.12316057599999998;0.153010176;0.10468761600000001;0.07811583999999999;0.09921331200000001;0.085685248;0.059034624;0.053819392;0.055294976;0.041192448000000007;0.023823360000000002;0.034039808;0.032913408000000005;0.021435392;0.01644544;0.014203904;0.016963584;0.010385407999999999;0.010362880000000001;0.008876031999999999;0.014834688;0.012289023999999999;0.011128831999999998;0.011782144;0.009382912;0.008999936;0.008988672;0.005203968;0.006623232;0.007974911999999999;0.005451776;0.006780928;0.006093824;0.00540672;0.002489344;0.003931136;0.0042014719999999995;0.002939904;0.003469312;0.00343552;0.0025907200000000003;0.0026583040000000002;0.003469312;0.00377344;0.003255296;0.0022528;0.002466816;0.003052544;0.0020162559999999997;0.001588224;0.002838528;0.0029736960000000005
1790599500,hdr,0.0293;0.03906;0.04883;0.05859;0.06836;0.07813;0.08789;0.09766;0.10742;0.11719;0.12695;0.13672;0.14648;0.15625;0.16602;0.17578;0.18555;0.19531;0.20508;0.21484;0.22461;0.23438;0.24414;0.25391;0.26367;0.27344;0.2832;0.29297;0.30273;0.3125;0.32227;0.33203;0.3418;0.35156;0.36133;0.37109;0.38086;0.39063;0.40039;0.41016;0.41992;0.42969;0.43945;0.44922;0.45898;0.46875;0.47852;0.48828;0.49805;0.50781;0.51758;0.52734;0.53711;0.54688;0.55664;0.56641;0.57617;0.58594;0.5957;0.60547;0.61523;0.625;0.63477;0.64453;0.6543;0.66406;0.67383;0.68359;0.69336;0.70313;0.71289;0.72266;0.73242;0.74219;0.75195;0.76172;0.77148;0.78125;0.79102,0.005554175999999999;0.03403776;0.038633472;0.026062848000000003;0.034953216;0.07992729600000001;0.2213376;2.293389312;5.984741376000001;4.9206927359999995;2.173335552;1.2553973760000001;0.820199424;0.6253117440000001;0.431806464;0.34776268800000004;0.40839168;0.44450611199999995;0.49388544;0.730669056;0.9505812479999999;0.536014848;0.38259302399999995;0.435468288;0.20062617600000002;0.152143872;0.11424768;0.1101312;0.09696460800000001;0.145969152;0.115451904;0.080418816;0.09758515200000001;0.071903232;0.082212864;0.064186368;0.050055168;0.039026688000000004;0.025178112000000002;0.026499072;0.034486272;0.031180799999999998;0.024827904;0.023107584;0.027303936;0.011931648;0.011606016;0.012429312;0.009166848;0.006537216;0.006291456;0.010549247999999999;0.009351168;0.008423424;0.00654336;0.0050688;0.0059166719999999996;0.004399103999999999;0.003926016;0.004687872;0.007391232000000001;0.007925759999999999;0.006709248;0.004896768;0.003078144;0.003495936;0.0035327999999999996;0.0029675519999999996;0.0030167040000000003;0.0031027200000000002;0.003588096;0.0028262400000000003;0.0030842879999999997;0.004282368000000001;0.0028262400000000003;0.002353152;0.0025497600000000003;0.0028999679999999997;0.0029982719999999997
1790600400,hdr,0.0293;0.03906;0.04883;0.05859;0.06836;0.07813;0.08789;0.09766;0.10742;0.11719;0.12695;0.13672;0.14648;0.15625;0.16602;0.17578;0.18555;0.19531;0.20508;0.21484;0.22461;0.23438;0.24414;0.25391;0.26367;0.27344;0.2832;0.29297;0.30273;0.3125;0.32227;0.33203;0.3418;0.35156;0.36133;0.37109;0.38086;0.39063;0.40039;0.41016;0.41992;0.42969;0.43945;0.44922;0.45898;0.46875;0.47852;0.48828;0.49805;0.50781;0.51758;0.52734;0.53711;0.54688;0.55664;0.56641;0.57617;0.58594;0.5957;0.60547;0.61523;0.625;0.63477;0.64453;0.6543;0.66406;0.67383;0.68359;0.69336;0.70313;0.71289;0.72266;0.73242;0.74219;0.75195;0.76172;0.77148;0.78125;0.79102,0.009777152;0.037363712;0.030277632000000002;0.031346688000000004;0.039641088000000005;0.069394432;0.47901491199999996;2.135576576;3.71519488;3.828137984;2.195513344;1.2877209600000001;1.2926935040000003;0.917348352;0.419598336;0.43506073600000006;0.385970176;0.511483904;0.45268991999999997;0.565108736;0.50898944;0.34950758400000004;0.337534976;0.36958617600000004;0.36337664000000003;0.179265536;0.17235968;0.227274752;0.12821708799999998;0.093384704;0.133545984;0.10962124799999999;0.091664384;0.055029760000000004;0.054943743999999996;0.06915276799999999;0.050618368;0.043716608;0.04312268799999999;0.030457856;0.029274111999999998;0.024215552;0.029904896;0.027660288;0.025260031999999998;0.021372928;0.019468288;0.015904768;0.012382208;0.007401472;0.008757248000000002;0.011137023999999999;0.009347072;0.011001855999999999;0.007307264;0.009203712;0.006803456;0.0045056;0.005820416;0.00555008;0.005144576;0.0055296;0.005664768;0.0043827200000000005;0.003956736;0.0054312959999999995;0.0048783360000000005;0.002953216;0.00290816;0.003551232;0.003854336;0.002547712;0.002793472;0.0040796159999999995;0.002101248;0.001241088;0.0017408;0.001384448;0.0023511039999999997
1790601300,hdr,0.0293;0.03906;0.04883;0.05859;0.06836;0.07813;0.08789;0.09766;0.10742;0.11719;0.12695;0.13672;0.14648;0.15625;0.16602;0.17578;0.18555;0.19531;0.20508;0.21484;0.22461;0.23438;0.24414;0.25391;0.26367;0.27344;0.2832;0.29297;0.30273;0.3125;0.32227;0.33203;0.3418;0.35156;0.36133;0.37109;0.38086;0.39063;0.40039;0.41016;0.41992;0.42969;0.43945;0.44922;0.45898;0.46875;0.47852;0.48828;0.49805;0.50781;0.51758;0.52734;0.53711;0.54688;0.55664;0.56641;0.57617;0.58594;0.5957;0.60547;0.61523;0.625;0.63477;0.64453;0.6543;0.66406;0.67383;0.68359;0.69336;0.70313;0.71289;0.72266;0.73242;0.74219;0.75195;0.76172;0.77148;0.78125;0.79102,0.007486464;0.016186368;0.021672959999999998;0.013817856000000002;0.024615935999999998;0.05082931200000001;0.24279244799999997;1.124763648;2.138474496;2.75292672;1.95895296;1.061013504;1.2004976639999998;0.956964864;0.7963883519999999;0.622823424;0.770190336;0.602394624;0.5780797440000001;0.483787776;0.578592768;0.46836019200000006;0.342601728;0.338224128;0.2527488;0.21266227199999999;0.24278016;0.224059392;0.09648537599999998;0.08951808;0.094915584;0.103001088;0.06809702399999999;0.060672;0.052491264;0.037828608;0.047450112;0.036108288;0.03518976;0.035779583999999996;0.033782783999999996;0.032176128;0.024748032000000003;0.019989504;0.017608704000000003;0.012192768;0.010902528;0.011636736;0.01065984;0.011099136;0.008457215999999998;0.009940992000000001;0.007489536;0.007544832;0.005121024;0.008067072;0.007839744;0.0058920959999999994;0.005243904;0.005308416;0.0043407359999999996;0.0045250559999999995;0.004896768;0.004773888;0.0044851199999999996;0.004411392;0.003569664;0.0032993280000000002;0.003151872;0.004141056000000001;0.003078144;0.0027402240000000003;0.002721792;0.001963008;0.0018339839999999999;0.002144256;0.002546688;0.002525184;0.0023408640000000002
1790602200,hdr,0.0293;0.03906;0.04883;0.05859;0.06836;0.07813;0.08789;0.09766;0.10742;0.11719;0.12695;0.13672;0.14648;0.15625;0.16602;0.17578;0.18555;0.19531;0.20508;0.21484;0.22461;0.23438;0.24414;0.25391;0.26367;0.27344;0.2832;0.29297;0.30273;0.3125;0.32227;0.33203;0.3418;0.35156;0.36133;0.37109;0.38086;0.39063;0.40039;0.41016;0.41992;0.42969;0.43945;0.44922;0.45898;0.46875;0.47852;0.48828;0.49805;0.50781;0.51758;0.52734;0.53711;0.54688;0.55664;0.56641;0.57617;0.58594;0.5957;0.60547;0.61523;0.625;0.63477;0.64453;0.6543;0.66406;0.67383;0.68359;0.69336;0.70313;0.71289;0.72266;0.73242;0.74219;0.75195;0.76172;0.77148;0.78125;0.79102,0.00464896;0.0192;0.028098559999999998;0.015037440000000001;0.027407360000000002;0.03958272;0.24790527999999998;1.5505305600000001;3.7839308799999998;4.166784;2.70138368;2.255104;0.8557568000000001;1.0001664;0.6793216;0.96053248;0.6653542400000001;0.48894976;0.4724992;0.36639232;0.39415295999999994;0.6531583999999999;0.44639232;0.37560831999999994;0.2520064;0.21950976;0.15744512;0.10125823999999999;0.10994176;0.11044352;0.0703232;0.09171968;0.0936448;0.04803072;0.056033280000000005;0.05053952;0.04117504;0.05071872;0.043924479999999995;0.02552832;0.02064384;0.015559680000000001;0.01283584;0.01775104;0.0211968;0.01609216;0.018764799999999998;0.0147712;0.015078400000000002;0.015180800000000001;0.011903999999999998;0.01234944;0.012922880000000001;0.013629439999999998;0.008775680000000001;0.00689152;0.00470016;0.0032051200000000005;0.0055808;0.0055756799999999995;0.00460288;0.0040704;0.005908480000000001;0.006000640000000001;0.005186560000000001;0.004971519999999999;0.00371712;0.00297984;0.00288768;0.00234496;0.0034355200000000005;0.005073919999999999;0.00301056;0.00259584;0.00285696;0.00282624;0.0022015999999999997;0.00256512;0.0022937599999999997
1790603100,hdr,0.0293;0.03906;0.04883;0.05859;0.06836;0.07813;0.08789;0.09766;0.10742;0.11719;0.12695;0.13672;0.14648;0.15625;0.16602;0.17578;0.18555;0.19531;0.20508;0.21484;0.22461;0.23438;0.24414;0.25391;0.26367;0.27344;0.2832;0.29297;0.30273;0.3125;0.32227;0.33203;0.3418;0.35156;0.36133;0.37109;0.38086;0.39063;0.40039;0.41016;0.41992;0.42969;0.43945;0.44922;0.45898;0.46875;0.47852;0.48828;0.49805;0.50781;0.51758;0.52734;0.53711;0.54688;0.55664;0.56641;0.57617;0.58594;0.5957;0.60547;0.61523;0.625;0.63477;0.64453;0.6543;0.66406;0.67383;0.68359;0.69336;0.70313;0.71289;0.72266;0.73242;0.74219;0.75195;0.76172;0.77148;0.78125;0.79102,0.015597568;0.039079936;0.017927168;0.00673792;0.020765696;0.032635904;0.18793062400000002;1.540589568;4.794331136;6.263534592;2.7600814080000005;2.4028856320000003;1.087306752;0.558982144;0.522790912;0.5476065280000001;0.4678912;0.389129216;0.4809871359999999;0.6647746560000001;0.561132544;0.569798656;0.41333555200000005;0.31248179200000004;0.19034624;0.16900710400000002;0.11153408;0.138442752;0.154527744;0.12340428799999999;0.104057856;0.122587136;0.08405913599999999;0.070647808;0.046850048000000005;0.031754239999999996;0.048563199999999994;0.03411968;0.026765312;0.018794496000000004;0.016228351999999998;0.018464768;0.017446912000000002;0.017382400000000003;0.012544;0.013067263999999999;0.013174784;0.018328575999999996;0.015726592;0.008157184;0.008243200000000001;0.010493951999999999;0.009526272;0.007325695999999999;0.00648704;0.006587392;0.005318656;0.006279168000000001;0.00577024;0.004752384;0.004207616;0.003741696;0.004401152;0.005548032;0.006795264;0.005239808;0.003827712;0.003254272;0.003325952;0.0033617919999999997;0.004150272;0.003641344;0.00222208;0.002551808;0.0021288960000000003;0.002444288;0.00189952;0.0030463999999999995;0.003684352
1790604000,hdr,0.0293;0.03906;0.04883;0.05859;0.06836;0.07813;0.08789;0.09766;0.10742;0.11719;0.12695;0.13672;0.14648;0.15625;0.16602;0.17578;0.18555;0.19531;0.20508;0.21484;0.22461;0.23438;0.24414;0.25391;0.26367;0.27344;0.2832;0.29297;0.30273;0.3125;0.32227;0.33203;0.3418;0.35156;0.36133;0.37109;0.38086;0.39063;0.40039;0.41016;0.41992;0.42969;0.43945;0.44922;0.45898;0.46875;0.47852;0.48828;0.49805;0.50781;0.51758;0.52734;0.53711;0.54688;0.55664;0.56641;0.57617;0.58594;0.5957;0.60547;0.61523;0.625;0.63477;0.64453;0.6543;0.66406;0.67383;0.68359;0.69336;0.70313;0.71289;0.72266;0.73242;0.74219;0.75195;0.76172;0.77148;0.78125;0.79102,0.01355776;0.02238464;0.016613376;0.020795392;0.025653248;0.06156288;0.36081664;1.548382208;3.541602304;3.716763648;3.517149184;2.78102016;1.6275578880000001;1.7151057920000001;1.501601792;0.7014809599999999;0.31833292799999996;0.34115584000000004;0.467300352;0.615276544;0.719454208;0.387977216;0.32435814399999996;0.325902336;0.19961036799999998;0.23933747199999997;0.19505152;0.17913446400000002;0.178962432;0.118534144;0.097415168;0.086114304;0.06011699200000001;0.072347648;0.053207040000000004;0.042254336;0.022233087999999998;0.04268032;0.044453888;0.027766784;0.024297471999999997;0.023093248;0.019898368000000003;0.017170432;0.01458176;0.012275712;0.015486976000000001;0.009715712;0.009146368;0.009764864;0.011452416;0.008904704;0.0074874880000000005;0.006832128;0.008359936;0.007688192;0.007839744;0.007237632;0.00669696;0.007356416;0.005021696000000001;0.003473408;0.00339968;0.004169728;0.0047841279999999995;0.003735552;0.0034406400000000005;0.00335872;0.0033546239999999996;0.00413696;0.002441216;0.0028876799999999997;0.004153344;0.002883584;0.00206848;0.00237568;0.00301056;0.002945024;0.002818048
1790604900,hdr,0.0293;0.03906;0.04883;0.05859;0.06836;0.07813;0.08789;0.09766;0.10742;0.11719;0.12695;0.13672;0.14648;0.15625;0.16602;0.17578;0.18555;0.19531;0.20508;0.21484;0.22461;0.23438;0.24414;0.25391;0.26367;0.27344;0.2832;0.29297;0.30273;0.3125;0.32227;0.33203;0.3418;0.35156;0.36133;0.37109;0.38086;0.39063;0.40039;0.41016;0.41992;0.42969;0.43945;0.44922;0.45898;0.46875;0.47852;0.48828;0.49805;0.50781;0.51758;0.52734;0.53711;0.54688;0.55664;0.56641;0.57617;0.58594;0.5957;0.60547;0.61523;0.625;0.63477;0.64453;0.6543;0.66406;0.67383;0.68359;0.69336;0.70313;0.71289;0.72266;0.73242;0.74219;0.75195;0.76172;0.77148;0.78125;0.79102,0.0013639680000000001;0.0018524160000000002;0.008180736;0.014490624;0.013817856000000002;0.026827775999999998;0.23004671999999998;1.2100362240000002;2.1738670079999998;2.6815825920000003;2.7682529280000003;1.5789189119999998;1.104316416;0.679406592;0.48311500799999996;0.323414016;0.23004671999999998;0.26528870400000004;0.371331072;0.54064128;0.44114841600000004;0.331843584;0.23640883199999999;0.227816448;0.33447936;0.24931737599999998;0.155261952;0.09805516800000001;0.08855347200000001;0.109169664;0.115716096;0.124437504;0.09537638400000001;0.11150438400000001;0.07614259200000001;0.0535296;0.050073599999999996;0.030821376;0.028806144;0.035699712;0.02343936;0.025608192;0.021414912;0.011286528;0.015719424;0.0225792;0.026763264;0.020471808;0.015323136000000001;0.012198912;0.006601727999999999;0.009778176;0.010543104000000001;0.0089856;0.009096192000000001;0.007145472;0.006156288;0.005326848;0.005501952;0.0041441279999999995;0.003707904;0.004835328000000001;0.005756928;0.002079744;0.004021248;0.0038860800000000005;0.002638848;0.003692544;0.004125696;0.003459072;0.003922944;0.004058112;0.003495936;0.00250368;0.0019814399999999997;0.00267264;0.002823168;0.00258048;0.0024637440000000004
1790605800,hdr,0.0293;0.03906;0.04883;0.05859;0.06836;0.07813;0.08789;0.09766;0.10742;0.11719;0.12695;0.13672;0.14648;0.15625;0.16602;0.17578;0.18555;0.19531;0.20508;0.21484;0.22461;0.23438;0.24414;0.25391;0.26367;0.27344;0.2832;0.29297;0.30273;0.3125;0.32227;0.33203;0.3418;0.35156;0.36133;0.37109;0.38086;0.39063;0.40039;0.41016;0.41992;0.42969;0.43945;0.44922;0.45898;0.46875;0.47852;0.48828;0.49805;0.50781;0.51758;0.52734;0.53711;0.54688;0.55664;0.56641;0.57617;0.58594;0.5957;0.60547;0.61523;0.625;0.63477;0.64453;0.6543;0.66406;0.67383;0.68359;0.69336;0.70313;0.71289;0.72266;0.73242;0.74219;0.75195;0.76172;0.77148;0.78125;0.79102,0.020930559999999997;0.03698176;0.03859456000000001;0.03448832;0.03204096;0.05201408;0.33104895999999995;1.53657344;4.084864;5.11292416;2.9329356799999995;1.12511488;1.06241024;0.67638784;0.8311756800000001;0.67818496;0.31776768;0.26475008;0.33403392;0.5364838399999999;0.48368128;0.38340096;0.57601024;0.45818368;0.31174656;0.18757120000000002;0.1787392;0.13296128;0.13217791999999998;0.16651776000000001;0.11785216;0.06600191999999999;0.07206912;0.08695296000000001;0.041820159999999995;0.037580800000000004;0.0603392;0.02478592;0.01501184;0.02830848;0.020863999999999997;0.02064384;0.024627200000000002;0.020485120000000002;0.014776319999999999;0.013634559999999999;0.01220608;0.01138176;0.00827904;0.01007616;0.00833024;0.00761856;0.00931328;0.00836608;0.0057344;0.0045312;0.00435712;0.0054937599999999994;0.00351744;0.00349696;0.0031385600000000003;0.00254976;0.00247808;0.00380416;0.0022476799999999997;0.00367104;0.00456704;0.0048384;0.00317952;0.0014336;0.00205312;0.00315392;0.00233472;0.00212992;0.00165376;0.0018483199999999999;0.0026060799999999998;0.00329216;0.00308736
1790606700,hdr,0.0293;0.03906;0.04883;0.05859;0.06836;0.07813;0.08789;0.09766;0.10742;0.11719;0.12695;0.13672;0.14648;0.15625;0.16602;0.17578;0.18555;0.19531;0.20508;0.21484;0.22461;0.23438;0.24414;0.25391;0.26367;0.27344;0.2832;0.29297;0.30273;0.3125;0.32227;0.33203;0.3418;0.35156;0.36133;0.37109;0.38086;0.39063;0.40039;0.41016;0.41992;0.42969;0.43945;0.44922;0.45898;0.46875;0.47852;0.48828;0.49805;0.50781;0.51758;0.52734;0.53711;0.54688;0.55664;0.56641;0.57617;0.58594;0.5957;0.60547;0.61523;0.625;0.63477;0.64453;0.6543;0.66406;0.67383;0.68359;0.69336;0.70313;0.71289;0.72266;0.73242;0.74219;0.75195;0.76172;0.77148;0.78125;0.79102,0.04239872;0.05152768;0.01138176;0.02768896;0.01568256;0.05973504;0.30939136;1.51337472;3.6939622400000003;4.548070399999999;3.8511564800000007;3.27981056;1.76146432;1.13700864;0.8443392;0.6760704000000001;0.58212864;0.5105203199999999;0.43106304000000006;0.20868608;0.41041919999999993;0.34827264;0.2995968;0.23874047999999998;0.27703807999999996;0.20342272;0.24814080000000002;0.19614208000000002;0.13387776;0.08686592;0.09214464;0.07336960000000001;0.0784896;0.061665279999999996;0.04936704;0.0381696;0.04706304;0.038973440000000005;0.02609152;0.02947584;0.034042880000000005;0.0231936;0.01713152;0.01263616;0.01369088;0.016256;0.01238016;0.00877056;0.0090112;0.00856576;0.00644096;0.006635520000000001;0.00845824;0.006430719999999999;0.004244479999999999;0.00398848;0.0034662399999999998;0.0032153599999999996;0.00278016;0.0025702399999999997;0.00381952;0.00311296;0.00290304;0.003584;0.0021504000000000002;0.00151552;0.0018483199999999999;0.00210944;0.00185344;0.00264704;0.00269312;0.0017971200000000001;0.00161792;0.001792;0.0010496;0.0013926400000000001;0.0021606399999999997;0.00105472;0.00149504
1790607600,hdr,0.0293;0.03906;0.04883;0.05859;0.06836;0.07813;0.08789;0.09766;0.10742;0.11719;0.12695;0.13672;0.14648;0.15625;0.16602;0.17578;0.18555;0.19531;0.20508;0.21484;0.22461;0.23438;0.24414;0.25391;0.26367;0.27344;0.2832;0.29297;0.30273;0.3125;0.32227;0.33203;0.3418;0.35156;0.36133;0.37109;0.38086;0.39063;0.40039;0.41016;0.41992;0.42969;0.43945;0.44922;0.45898;0.46875;0.47852;0.48828;0.49805;0.50781;0.51758;0.52734;0.53711;0.54688;0.55664;0.56641;0.57617;0.58594;0.5957;0.60547;0.61523;0.625;0.63477;0.64453;0.6543;0.66406;0.67383;0.68359;0.69336;0.70313;0.71289;0.72266;0.73242;0.74219;0.75195;0.76172;0.77148;0.78125;0.79102,0.037548032;0.08556544;0.038621184;0.030150656;0.050368512000000004;0.040083455999999996;0.16932864;1.372176384;3.542921216;3.503173632;2.151661568;2.5276620800000003;2.096603136;1.009844224;0.978313216;0.634216448;0.6347939840000001;0.787820544;0.5154078719999999;0.5389762560000001;0.31946751999999995;0.20179763199999998;0.24113152;0.200626176;0.19638681600000002;0.188116992;0.169181184;0.18103910400000003;0.16348364799999998;0.08800256;0.0840704;0.073797632;0.042901504;0.04112384;0.04755456;0.032935936;0.025382912;0.0160768;0.01159168;0.010358784;0.01810432;0.018866176;0.014880768;0.018481152;0.015564799999999998;0.006914048;0.007598080000000001;0.006139904;0.007991296;0.011886592000000001;0.007696384;0.0104448;0.008232960000000001;0.007217151999999999;0.006631424;0.004972544;0.00434176;0.005906432;0.005693439999999999;0.005210112;0.003452928;0.002850816;0.001978368;0.0018964479999999998;0.0027852800000000002;0.0033955839999999997;0.004009984;0.004370432;0.002576384;0.002203648;0.0027893759999999997;0.002363392;0.0017121280000000003;0.001875968;0.0019496960000000001;0.0011509760000000002;0.00176128;0.002142208;0.0015687680000000001
1790608500,hdr,0.0293;0.03906;0.04883;0.05859;0.06836;0.07813;0.08789;0.09766;0.10742;0.11719;0.12695;0.13672;0.14648;0.15625;0.16602;0.17578;0.18555;0.19531;0.20508;0.21484;0.22461;0.23438;0.24414;0.25391;0.26367;0.27344;0.2832;0.29297;0.30273;0.3125;0.32227;0.33203;0.3418;0.35156;0.36133;0.37109;0.38086;0.39063;0.40039;0.41016;0.41992;0.42969;0.43945;0.44922;0.45898;0.46875;0.47852;0.48828;0.49805;0.50781;0.51758;0.52734;0.53711;0.54688;0.55664;0.56641;0.57617;0.58594;0.5957;0.60547;0.61523;0.625;0.63477;0.64453;0.6543;0.66406;0.67383;0.68359;0.69336;0.70313;0.71289;0.72266;0.73242;0.74219;0.75195;0.76172;0.77148;0.78125;0.79102,0.005025792;0.0216576;0.026969088;0.025322496;0.029159424000000003;0.050942976;0.24807628800000003;0.720003072;1.468664832;2.834629632;2.5043435520000004;1.428814848;0.972736512;0.759392256;0.584091648;0.63793152;0.33486950400000004;0.246617088;0.230870016;0.33757593599999997;0.438653952;0.35175014400000004;0.362923008;0.322477056;0.22221312;0.26947276800000003;0.16476672;0.091493376;0.095683584;0.055200768;0.047781888;0.071688192;0.05723443200000001;0.046040064;0.048390143999999996;0.035168256;0.04394496;0.025027584;0.023122944;0.019700736;0.014496768;0.018536448;0.013473792000000002;0.010785791999999999;0.011059199999999998;0.008060928;0.007080960000000001;0.009212928;0.00869376;0.008807424000000001;0.008300544;0.007348224;0.0073082880000000005;0.004786176;0.005673983999999999;0.005587968;0.004018176;0.0023101439999999997;0.004442112;0.0041809920000000006;0.003652608;0.0038522879999999997;0.003201024;0.0032071680000000003;0.003741696;0.003428352;0.0041963519999999995;0.0045312;0.0027863040000000003;0.001440768;0.001201152;0.0016404479999999999;0.001618944;0.0022947840000000002;0.0018094080000000002;0.002039808;0.002832384;0.001880064;0.0018432
