Epoch Time,Processing Source,f,varianceDensity
1775174400,hdr,0.0293;0.03906;0.04883;0.05859;0.06836;0.07813;0.08789;0.09766;0.10742;0.11719;0.12695;0.13672;0.14648;0.15625;0.16602;0.17578;0.18555;0.19531;0.20508;0.21484;0.22461;0.23438;0.24414;0.25391;0.26367;0.27344;0.2832;0.29297;0.30273;0.3125;0.32227;0.33203;0.3418;0.35156;0.36133;0.37109;0.38086;0.39063;0.40039;0.41016;0.41992;0.42969;0.43945;0.44922;0.45898;0.46875;0.47852;0.48828;0.49805;0.50781;0.51758;0.52734;0.53711;0.54688;0.55664;0.56641;0.57617;0.58594;0.5957;0.60547;0.61523;0.625;0.63477;0.64453;0.6543;0.66406;0.67383;0.68359;0.69336;0.70313;0.71289;0.72266;0.73242;0.74219;0.75195;0.76172;0.77148;0.78125;0.79102,0.0068157439999999994;0.007583744000000001;0.004855808;0.006591488;0.012936192000000001;0.01697792;0.039609344;0.059597824;0.090057728;0.175488;0.27883008000000004;0.42786099200000005;0.48788070399999994;0.408173568;0.29449523199999994;0.27266048;0.27039334400000004;0.215426048;0.165384192;0.143265792;0.15250534400000001;0.122882048;0.111612928;0.09550336;0.06925824;0.064444416;0.073677824;0.071650304;0.0728064;0.04109824;0.059678720000000005;0.045506559999999995;0.022513663999999996;0.021425152000000003;0.021634048;0.027097088;0.029377536;0.023202815999999998;0.021904384000000002;0.017538048;0.019683327999999996;0.016889856;0.017596416;0.016365568;0.012709887999999999;0.014509056;0.013898752;0.00909824;0.010164224;0.008976384;0.010625024;0.011104256;0.009930752000000001;0.005293056;0.006892544;0.005763072;0.0067553280000000005;0.006785024000000001;0.006368255999999999;0.004901888;0.00545792;0.006483968;0.00582144;0.005008384;0.004363264;0.003756032;0.0027514880000000003;0.00384;0.0046848;0.003393536;0.005462016000000001;0.0055306240000000005;0.003560448;0.0024340480000000003;0.0031559680000000003;0.003493888;0.00307712;0.003237888;0.00236544
1775175300,hdr,0.0293;0.03906;0.04883;0.05859;0.06836;0.07813;0.08789;0.09766;0.10742;0.11719;0.12695;0.13672;0.14648;0.15625;0.16602;0.17578;0.18555;0.19531;0.20508;0.21484;0.22461;0.23438;0.24414;0.25391;0.26367;0.27344;0.2832;0.29297;0.30273;0.3125;0.32227;0.33203;0.3418;0.35156;0.36133;0.37109;0.38086;0.39063;0.40039;0.41016;0.41992;0.42969;0.43945;0.44922;0.45898;0.46875;0.47852;0.48828;0.49805;0.50781;0.51758;0.52734;0.53711;0.54688;0.55664;0.56641;0.57617;0.58594;0.5957;0.60547;0.61523;0.625;0.63477;0.64453;0.6543;0.66406;0.67383;0.68359;0.69336;0.70313;0.71289;0.72266;0.73242;0.74219;0.75195;0.76172;0.77148;0.78125;0.79102,0.006326272;0.016718848;0.011044864;0.008573952000000001;0.011010048;0.004176895999999999;0.018703360000000002;0.051058688;0.074277888;0.082532352;0.200158208;0.29652787199999997;0.37292441600000004;0.42999500799999996;0.356420608;0.27621068800000004;0.194794496;0.177359872;0.131667968;0.122474496;0.087204864;0.09429401600000001;0.08081817599999999;0.090432512;0.0896512;0.080795648;0.050394112;0.049089536;0.055139328;0.08624025600000002;0.059631616;0.047299584000000006;0.045699072;0.040203263999999996;0.030801919999999997;0.020225024;0.026195968;0.029991935999999997;0.024366080000000002;0.022539264;0.012700672;0.01603072;0.014209023999999999;0.017558527999999997;0.016303104000000002;0.015254528;0.008526848;0.00820224;0.007450624;0.005984256;0.008193024;0.012939263999999999;0.009092096;0.009370624;0.009396224;0.0069375999999999995;0.005872639999999999;0.006006783999999999;0.004816895999999999;0.003950592;0.0032460799999999997;0.005289983999999999;0.007170048000000001;0.0035481600000000003;0.0027381760000000006;0.003877888;0.003851264;0.0038256640000000003;0.002997248;0.0029409279999999998;0.003565568;0.002514944;0.001619968;0.002277376;0.0025753599999999996;0.0028538879999999997;0.0031539199999999997;0.003013632;0.002011136
1775176200,hdr,0.0293;0.03906;0.04883;0.05859;0.06836;0.07813;0.08789;0.09766;0.10742;0.11719;0.12695;0.13672;0.14648;0.15625;0.16602;0.17578;0.18555;0.19531;0.20508;0.21484;0.22461;0.23438;0.24414;0.25391;0.26367;0.27344;0.2832;0.29297;0.30273;0.3125;0.32227;0.33203;0.3418;0.35156;0.36133;0.37109;0.38086;0.39063;0.40039;0.41016;0.41992;0.42969;0.43945;0.44922;0.45898;0.46875;0.47852;0.48828;0.49805;0.50781;0.51758;0.52734;0.53711;0.54688;0.55664;0.56641;0.57617;0.58594;0.5957;0.60547;0.61523;0.625;0.63477;0.64453;0.6543;0.66406;0.67383;0.68359;0.69336;0.70313;0.71289;0.72266;0.73242;0.74219;0.75195;0.76172;0.77148;0.78125;0.79102,0.006746112;0.017823744000000002;0.01652736;0.01060352;0.013297663999999999;0.018552832;0.021501951999999998;0.048826368;0.090851328;0.196438016;0.31481958400000004;0.50205696;0.464415744;0.392936448;0.297993216;0.316319744;0.232925184;0.259765248;0.25184768;0.149308416;0.08779775999999999;0.075337728;0.05995827200000001;0.06707097599999999;0.07347711999999999;0.081499136;0.06979891199999999;0.055102464;0.063108096;0.04335718399999999;0.053577728000000005;0.055605248;0.036754432000000004;0.022327296000000003;0.034776063999999995;0.051018752;0.030520320000000004;0.028311552;0.03021824;0.025363456;0.019495936000000002;0.023437312;0.019259392;0.01214976;0.011878399999999999;0.01155584;0.010488832;0.009853952;0.017062912;0.01634816;0.019868671999999997;0.017157119999999998;0.008627200000000002;0.009535488000000002;0.011828224;0.008676351999999998;0.00771072;0.008736768;0.0055582719999999995;0.00610304;0.005403648;0.0041267199999999995;0.004540415999999999;0.00485376;0.004399104;0.003382272;0.0037304319999999997;0.003049472;0.003099648;0.003198976;0.004281344;0.0038932479999999998;0.003658752;0.0028764159999999997;0.0027105280000000002;0.00307712;0.0028620800000000004;0.0030853119999999998;0.00306176
1775177100,hdr,0.0293;0.03906;0.04883;0.05859;0.06836;0.07813;0.08789;0.09766;0.10742;0.11719;0.12695;0.13672;0.14648;0.15625;0.16602;0.17578;0.18555;0.19531;0.20508;0.21484;0.22461;0.23438;0.24414;0.25391;0.26367;0.27344;0.2832;0.29297;0.30273;0.3125;0.32227;0.33203;0.3418;0.35156;0.36133;0.37109;0.38086;0.39063;0.40039;0.41016;0.41992;0.42969;0.43945;0.44922;0.45898;0.46875;0.47852;0.48828;0.49805;0.50781;0.51758;0.52734;0.53711;0.54688;0.55664;0.56641;0.57617;0.58594;0.5957;0.60547;0.61523;0.625;0.63477;0.64453;0.6543;0.66406;0.67383;0.68359;0.69336;0.70313;0.71289;0.72266;0.73242;0.74219;0.75195;0.76172;0.77148;0.78125;0.79102,0.00232448;0.0038307840000000003;0.009271296;0.005481471999999999;0.0080128;0.008824832;0.018081792000000003;0.041358336;0.071627776;0.14933708799999998;0.21062656;0.34496409599999994;0.5758740480000001;0.38801305599999997;0.166075392;0.150050816;0.163469312;0.15263948800000002;0.144115712;0.132027392;0.102555648;0.118047744;0.065007616;0.067781632;0.07298969599999999;0.071646208;0.08738304;0.06576332800000001;0.07421030399999999;0.08099737600000001;0.040168447999999995;0.041868288000000004;0.04211712;0.049181696000000004;0.030142464;0.027933696;0.035683328;0.022690816000000003;0.026222592;0.020969472;0.019206143999999998;0.019803136;0.020269056;0.014410752;0.022361088;0.018799616;0.010898432;0.010702848;0.014323711999999999;0.015817728;0.016953344000000002;0.009508864;0.006990848;0.004872192;0.006310912;0.011450367999999999;0.00811008;0.006528;0.007719935999999999;0.00790016;0.005561344;0.004446208000000001;0.004931584;0.005189632;0.005182464000000001;0.003975168;0.003328;0.003347456;0.004308992;0.004933632;0.004422656;0.00278016;0.0021862400000000003;0.0022712319999999998;0.001774592;0.0019527680000000001;0.0032501760000000005;0.003889152;0.00335872
1775178000,hdr,0.0293;0.03906;0.04883;0.05859;0.06836;0.07813;0.08789;0.09766;0.10742;0.11719;0.12695;0.13672;0.14648;0.15625;0.16602;0.17578;0.18555;0.19531;0.20508;0.21484;0.22461;0.23438;0.24414;0.25391;0.26367;0.27344;0.2832;0.29297;0.30273;0.3125;0.32227;0.33203;0.3418;0.35156;0.36133;0.37109;0.38086;0.39063;0.40039;0.41016;0.41992;0.42969;0.43945;0.44922;0.45898;0.46875;0.47852;0.48828;0.49805;0.50781;0.51758;0.52734;0.53711;0.54688;0.55664;0.56641;0.57617;0.58594;0.5957;0.60547;0.61523;0.625;0.63477;0.64453;0.6543;0.66406;0.67383;0.68359;0.69336;0.70313;0.71289;0.72266;0.73242;0.74219;0.75195;0.76172;0.77148;0.78125;0.79102,0.003414016;0.006510592;0.005938176000000001;0.0041809920000000006;0.002705408;0.005543936;0.015309824000000001;0.049286144;0.096243712;0.115206144;0.215450624;0.33169305600000004;0.23749017599999997;0.34885017599999996;0.22176870400000004;0.127453184;0.14467481599999998;0.136334336;0.11349811200000001;0.08307302400000001;0.09770188799999999;0.090435584;0.10192281599999999;0.085742592;0.064562176;0.044484608;0.072736768;0.073590784;0.053662720000000004;0.063905792;0.050387968;0.043195392;0.047459328;0.029838336000000003;0.024139776;0.03504128;0.038537216;0.024505344000000002;0.021716992;0.017366015999999998;0.012352512000000001;0.015742976000000002;0.01608192;0.015919104;0.019175424;0.017661952;0.014261247999999999;0.010897408;0.009426944000000001;0.010773504000000001;0.012356608;0.007606272;0.008441856;0.007268352;0.005658624;0.004358144;0.005567488000000001;0.006807552000000001;0.005382144;0.004509696;0.004231168;0.0046694399999999995;0.0037304319999999997;0.00359936;0.004903935999999999;0.004007936;0.003764224;0.0031088640000000002;0.002921472;0.002719744;0.0038410239999999997;0.0033740800000000002;0.002761728;0.0021370879999999997;0.0024145919999999997;0.002459648;0.002428928;0.0028047360000000004;0.0014899199999999998
1775178900,hdr,0.0293;0.03906;0.04883;0.05859;0.06836;0.07813;0.08789;0.09766;0.10742;0.11719;0.12695;0.13672;0.14648;0.15625;0.16602;0.17578;0.18555;0.19531;0.20508;0.21484;0.22461;0.23438;0.24414;0.25391;0.26367;0.27344;0.2832;0.29297;0.30273;0.3125;0.32227;0.33203;0.3418;0.35156;0.36133;0.37109;0.38086;0.39063;0.40039;0.41016;0.41992;0.42969;0.43945;0.44922;0.45898;0.46875;0.47852;0.48828;0.49805;0.50781;0.51758;0.52734;0.53711;0.54688;0.55664;0.56641;0.57617;0.58594;0.5957;0.60547;0.61523;0.625;0.63477;0.64453;0.6543;0.66406;0.67383;0.68359;0.69336;0.70313;0.71289;0.72266;0.73242;0.74219;0.75195;0.76172;0.77148;0.78125;0.79102,0.0045424639999999995;0.0054538239999999995;0.003720192;0.0031887359999999997;0.00636416;0.004498432;0.014901248;0.039443456;0.06184447999999999;0.139019264;0.216203264;0.453864448;0.383017984;0.268475392;0.35376844799999996;0.33032704;0.23606067200000003;0.170599424;0.11741081599999999;0.138543104;0.100892672;0.094932992;0.086298624;0.071134208;0.051003392;0.061088768;0.057587712000000006;0.058417152;0.06539673600000001;0.045811712;0.042644480000000005;0.035134464;0.031499264;0.0310272;0.028535808;0.023968768;0.024406016;0.023961600000000003;0.022936575999999997;0.021413888;0.022262784;0.019866624000000003;0.014886912;0.013900800000000001;0.012849152;0.012294143999999998;0.009055232;0.008448;0.011188224;0.012709887999999999;0.009931776;0.010216448;0.006769664;0.012381184;0.008415232;0.007422976;0.008107008;0.004425728;0.0030535679999999996;0.003150848;0.004261888;0.0061532159999999995;0.0058019840000000005;0.003373056;0.004224;0.0038717440000000003;0.00236032;0.003355648;0.0023930880000000002;0.00225792;0.003432448;0.004375552;0.003218432;0.003472384;0.00267264;0.002532352;0.00251904;0.002766848;0.0015452159999999999
1775179800,hdr,0.0293;0.03906;0.04883;0.05859;0.06836;0.07813;0.08789;0.09766;0.10742;0.11719;0.12695;0.13672;0.14648;0.15625;0.16602;0.17578;0.18555;0.19531;0.20508;0.21484;0.22461;0.23438;0.24414;0.25391;0.26367;0.27344;0.2832;0.29297;0.30273;0.3125;0.32227;0.33203;0.3418;0.35156;0.36133;0.37109;0.38086;0.39063;0.40039;0.41016;0.41992;0.42969;0.43945;0.44922;0.45898;0.46875;0.47852;0.48828;0.49805;0.50781;0.51758;0.52734;0.53711;0.54688;0.55664;0.56641;0.57617;0.58594;0.5957;0.60547;0.61523;0.625;0.63477;0.64453;0.6543;0.66406;0.67383;0.68359;0.69336;0.70313;0.71289;0.72266;0.73242;0.74219;0.75195;0.76172;0.77148;0.78125;0.79102,0.006129664;0.006750208;0.009076736;0.011710464;0.017437696;0.020034559999999996;0.028434432;0.024315904;0.035887103999999996;0.09128448;0.228273152;0.472009728;0.45484032;0.290945024;0.27443814400000005;0.226280448;0.130266112;0.111913984;0.14256947199999997;0.119334912;0.07721164800000001;0.063153152;0.071970816;0.05047808;0.040605696000000004;0.058563583999999995;0.051187711999999996;0.037245952000000006;0.033269759999999995;0.025509887999999998;0.022252544000000003;0.028455936;0.02960896;0.03632230400000001;0.029724672;0.01535488;0.015208448000000001;0.02258944;0.023372800000000003;0.012516352;0.013171712;0.017888255999999998;0.015920128000000002;0.011836415999999999;0.010693632;0.012142592;0.011226112000000002;0.010996736;0.009706495999999998;0.008427519999999999;0.008228863999999999;0.007460863999999999;0.004775936;0.0032593920000000003;0.0029788160000000004;0.005210112;0.00474112;0.005424127999999999;0.004575232;0.005033984;0.005374976000000001;0.00512;0.004470783999999999;0.0055306240000000005;0.00298496;0.0031938559999999997;0.005323776;0.004260864;0.0026685439999999997;0.003299328;0.002251776;0.003943424;0.0032020480000000003;0.00238592;0.0032870399999999998;0.0033208319999999997;0.002663424;0.002500608;0.0020981759999999998
1775180700,hdr,0.0293;0.03906;0.04883;0.05859;0.06836;0.07813;0.08789;0.09766;0.10742;0.11719;0.12695;0.13672;0.14648;0.15625;0.16602;0.17578;0.18555;0.19531;0.20508;0.21484;0.22461;0.23438;0.24414;0.25391;0.26367;0.27344;0.2832;0.29297;0.30273;0.3125;0.32227;0.33203;0.3418;0.35156;0.36133;0.37109;0.38086;0.39063;0.40039;0.41016;0.41992;0.42969;0.43945;0.44922;0.45898;0.46875;0.47852;0.48828;0.49805;0.50781;0.51758;0.52734;0.53711;0.54688;0.55664;0.56641;0.57617;0.58594;0.5957;0.60547;0.61523;0.625;0.63477;0.64453;0.6543;0.66406;0.67383;0.68359;0.69336;0.70313;0.71289;0.72266;0.73242;0.74219;0.75195;0.76172;0.77148;0.78125;0.79102,0.00749056;0.009539583999999999;0.012491776;0.006872064000000001;0.00505344;0.006370304;0.017748992;0.066931712;0.07136870399999999;0.104813568;0.193467392;0.509056;0.747674624;0.580366336;0.35412070399999995;0.2744576;0.179264512;0.168051712;0.127353856;0.064987136;0.06348288;0.090023936;0.0721408;0.07262003199999999;0.054936576;0.091053056;0.080733184;0.05818572799999999;0.043884544000000004;0.05669888000000001;0.054349824;0.028376064;0.01819648;0.02070016;0.018593792;0.02220544;0.025222144000000002;0.019220479999999998;0.011767808000000001;0.013338624;0.013727743999999998;0.015332352;0.013679616;0.009111552;0.011195392;0.014152704;0.007270400000000001;0.00977408;0.008495104;0.010903552;0.012362752000000001;0.010861567999999999;0.00900608;0.007548928;0.006416384;0.006060031999999999;0.004740096;0.004909055999999999;0.00476672;0.0076318720000000005;0.006929408;0.00472064;0.004395008;0.006129664;0.003718144;0.003781632;0.002219008;0.0018841600000000002;0.001794048;0.0027351040000000004;0.003612672;0.0038871039999999997;0.0025958400000000003;0.001837056;0.00195584;0.002398208;0.0023470080000000003;0.0023388159999999996;0.001970176
1775181600,hdr,0.0293;0.03906;0.04883;0.05859;0.06836;0.07813;0.08789;0.09766;0.10742;0.11719;0.12695;0.13672;0.14648;0.15625;0.16602;0.17578;0.18555;0.19531;0.20508;0.21484;0.22461;0.23438;0.24414;0.25391;0.26367;0.27344;0.2832;0.29297;0.30273;0.3125;0.32227;0.33203;0.3418;0.35156;0.36133;0.37109;0.38086;0.39063;0.40039;0.41016;0.41992;0.42969;0.43945;0.44922;0.45898;0.46875;0.47852;0.48828;0.49805;0.50781;0.51758;0.52734;0.53711;0.54688;0.55664;0.56641;0.57617;0.58594;0.5957;0.60547;0.61523;0.625;0.63477;0.64453;0.6543;0.66406;0.67383;0.68359;0.69336;0.70313;0.71289;0.72266;0.73242;0.74219;0.75195;0.76172;0.77148;0.78125;0.79102,0.0068229119999999996;0.013259776;0.011727871999999999;0.005229568;0.006614016;0.018006016;0.022158336;0.038082559999999994;0.095828992;0.184373248;0.22549708799999998;0.240135168;0.432720896;0.638966784;0.54939136;0.277855232;0.157612032;0.12201472000000001;0.07041024;0.09468416;0.095717376;0.10075648;0.08270745599999998;0.11787059200000001;0.09752268800000001;0.10976358399999998;0.082929664;0.086377472;0.07736320000000001;0.044908544;0.038493184;0.05018112;0.04396544;0.048871424;0.043552768000000006;0.030200831999999997;0.02628096;0.02126848;0.011066368;0.019381248;0.020959232;0.015898624;0.015235072;0.016747520000000002;0.013668352;0.008158208;0.012587008000000002;0.016851968000000002;0.018424832;0.014299136;0.009783296;0.010396672000000001;0.007826432;0.008784896;0.007846912;0.0071167999999999995;0.008100864;0.0048332800000000006;0.0036403200000000003;0.00565248;0.004942848;0.0035942400000000003;0.005408768;0.003453952;0.0023941119999999995;0.00369152;0.004724736;0.004069376;0.003857408;0.002981888;0.0023429120000000004;0.002373632;0.002767872;0.002783232;0.002587648;0.0021329920000000002;0.001759232;0.001989632;0.001226752
1775182500,hdr,0.0293;0.03906;0.04883;0.05859;0.06836;0.07813;0.08789;0.09766;0.10742;0.11719;0.12695;0.13672;0.14648;0.15625;0.16602;0.17578;0.18555;0.19531;0.20508;0.21484;0.22461;0.23438;0.24414;0.25391;0.26367;0.27344;0.2832;0.29297;0.30273;0.3125;0.32227;0.33203;0.3418;0.35156;0.36133;0.37109;0.38086;0.39063;0.40039;0.41016;0.41992;0.42969;0.43945;0.44922;0.45898;0.46875;0.47852;0.48828;0.49805;0.50781;0.51758;0.52734;0.53711;0.54688;0.55664;0.56641;0.57617;0.58594;0.5957;0.60547;0.61523;0.625;0.63477;0.64453;0.6543;0.66406;0.67383;0.68359;0.69336;0.70313;0.71289;0.72266;0.73242;0.74219;0.75195;0.76172;0.77148;0.78125;0.79102,0.0023459839999999997;0.01437184;0.013080576000000002;0.0049080320000000005;0.0112896;0.011410432;0.018026496000000003;0.057068544;0.09055129599999999;0.157825024;0.221708288;0.45410508800000005;0.57660928;0.441448448;0.39828684799999997;0.23804928;0.15347916799999997;0.12321075199999999;0.126616576;0.109321216;0.09006694400000001;0.07419596799999999;0.07092326400000001;0.082864128;0.089404416;0.09468723199999998;0.084164608;0.056459263999999995;0.04650496;0.056258560000000006;0.05855948800000001;0.050960384;0.039400448;0.030450687999999997;0.032713728000000004;0.022503423999999998;0.024516608;0.023848960000000002;0.0197632;0.017201152;0.019647487999999998;0.020086784000000003;0.026342400000000002;0.013894655999999998;0.009509888000000001;0.009247744;0.009751552;0.010860544000000001;0.008681471999999999;0.008062976000000001;0.007427072;0.006296576;0.010299392;0.012394496000000001;0.008644608;0.005723136;0.006004736;0.008722431999999999;0.010002432;0.005958656;0.0035696639999999997;0.00361472;0.0042936319999999995;0.004651008;0.00493056;0.004931584;0.004317184;0.0038952960000000003;0.003064832;0.0028999679999999997;0.003439616;0.0022712319999999998;0.002502656;0.002654208;0.002799616;0.0025671680000000003;0.001850368;0.001381376;0.001593344
1775183400,hdr,0.0293;0.03906;0.04883;0.05859;0.06836;0.07813;0.08789;0.09766;0.10742;0.11719;0.12695;0.13672;0.14648;0.15625;0.16602;0.17578;0.18555;0.19531;0.20508;0.21484;0.22461;0.23438;0.24414;0.25391;0.26367;0.27344;0.2832;0.29297;0.30273;0.3125;0.32227;0.33203;0.3418;0.35156;0.36133;0.37109;0.38086;0.39063;0.40039;0.41016;0.41992;0.42969;0.43945;0.44922;0.45898;0.46875;0.47852;0.48828;0.49805;0.50781;0.51758;0.52734;0.53711;0.54688;0.55664;0.56641;0.57617;0.58594;0.5957;0.60547;0.61523;0.625;0.63477;0.64453;0.6543;0.66406;0.67383;0.68359;0.69336;0.70313;0.71289;0.72266;0.73242;0.74219;0.75195;0.76172;0.77148;0.78125;0.79102,0.006078464;0.009188352;0.005275648;0.0035471359999999998;0.00807424;0.010571776;0.0181504;0.059423744;0.151896064;0.28155289599999994;0.305721344;0.407683072;0.764317696;0.418601984;0.177686528;0.207781888;0.187640832;0.178899968;0.165512192;0.101076992;0.07004057600000001;0.06366720000000001;0.07168;0.06927052800000001;0.078286848;0.103643136;0.054610944;0.047969279999999996;0.037001216;0.04270592;0.053420032;0.029406208;0.028883968;0.022770687999999997;0.029010944;0.029437951999999996;0.015506432;0.01480192;0.016996352000000003;0.016340992;0.018553856;0.015411199999999998;0.021136383999999998;0.017419264;0.012094464;0.012780544000000001;0.011086848;0.010013696;0.009153536;0.011024384;0.010188800000000001;0.008717312;0.007787519999999999;0.006080512;0.007912448;0.007305216;0.005689344;0.005030912;0.004043776000000001;0.004969472;0.004859904000000001;0.004975616;0.003976192;0.002460672;0.005001216;0.007037951999999999;0.003757056;0.002405376;0.003366912;0.0021504000000000002;0.0019824639999999998;0.003328;0.00249344;0.0028303359999999997;0.0027320319999999997;0.001626112;0.00185344;0.00196096;0.001668096
1775184300,hdr,0.0293;0.03906;0.04883;0.05859;0.06836;0.07813;0.08789;0.09766;0.10742;0.11719;0.12695;0.13672;0.14648;0.15625;0.16602;0.17578;0.18555;0.19531;0.20508;0.21484;0.22461;0.23438;0.24414;0.25391;0.26367;0.27344;0.2832;0.29297;0.30273;0.3125;0.32227;0.33203;0.3418;0.35156;0.36133;0.37109;0.38086;0.39063;0.40039;0.41016;0.41992;0.42969;0.43945;0.44922;0.45898;0.46875;0.47852;0.48828;0.49805;0.50781;0.51758;0.52734;0.53711;0.54688;0.55664;0.56641;0.57617;0.58594;0.5957;0.60547;0.61523;0.625;0.63477;0.64453;0.6543;0.66406;0.67383;0.68359;0.69336;0.70313;0.71289;0.72266;0.73242;0.74219;0.75195;0.76172;0.77148;0.78125;0.79102,0.001206272;0.009311232;0.016611328;0.007803904;0.007382016000000001;0.014030848;0.0169728;0.050388992;0.146900992;0.255593472;0.409307136;0.47750656;0.49260032;0.377947136;0.28449894400000003;0.183805952;0.116803584;0.18651136;0.15839129600000001;0.147126272;0.163100672;0.125051904;0.085100544;0.05403648;0.082306048;0.084958208;0.058677248;0.0506624;0.051822591999999994;0.05249331200000001;0.065798144;0.067721216;0.050576383999999995;0.036344831999999994;0.016659456;0.027517952000000002;0.031396864000000003;0.018988032;0.016171008;0.022552575999999998;0.022750208;0.017272832000000002;0.017544192;0.015055872000000001;0.019335167999999996;0.020385791999999996;0.012176384;0.010366975999999998;0.012760064;0.006496256;0.00459776;0.006201344;0.006784;0.006914048;0.006531072;0.003853312;0.004417536;0.0048209920000000005;0.0034662399999999998;0.004911104;0.0048609280000000005;0.004134912;0.004703232;0.0042383360000000005;0.003065856;0.003422208;0.004559872;0.00290304;0.002424832;0.002269184;0.002089984;0.002161664;0.00339456;0.002455552;0.0014438399999999998;0.001153024;0.001757184;0.0013219840000000002;0.001292288
1775185200,hdr,0.0293;0.03906;0.04883;0.05859;0.06836;0.07813;0.08789;0.09766;0.10742;0.11719;0.12695;0.13672;0.14648;0.15625;0.16602;0.17578;0.18555;0.19531;0.20508;0.21484;0.22461;0.23438;0.24414;0.25391;0.26367;0.27344;0.2832;0.29297;0.30273;0.3125;0.32227;0.33203;0.3418;0.35156;0.36133;0.37109;0.38086;0.39063;0.40039;0.41016;0.41992;0.42969;0.43945;0.44922;0.45898;0.46875;0.47852;0.48828;0.49805;0.50781;0.51758;0.52734;0.53711;0.54688;0.55664;0.56641;0.57617;0.58594;0.5957;0.60547;0.61523;0.625;0.63477;0.64453;0.6543;0.66406;0.67383;0.68359;0.69336;0.70313;0.71289;0.72266;0.73242;0.74219;0.75195;0.76172;0.77148;0.78125;0.79102,0.002581504;0.011866112;0.012007424000000001;0.007360512;0.006703104;0.00948224;0.019085311999999997;0.04476416;0.100996096;0.22608793600000002;0.39421644800000005;0.498542592;0.51373056;0.391482368;0.43977215999999997;0.238360576;0.123803648;0.118556672;0.09536;0.12421631999999999;0.134710272;0.139986944;0.112854016;0.104907776;0.092210176;0.069885952;0.09641983999999999;0.079328256;0.0738048;0.051961856;0.037096448000000004;0.022827008;0.027968511999999997;0.022902784;0.019325952;0.021879808;0.016936959999999997;0.012204032;0.028142592;0.026641408;0.025315328;0.021520383999999997;0.018818048000000004;0.01417216;0.0099584;0.010826752;0.009821184000000002;0.009878528;0.009769983999999999;0.006396928;0.007172095999999999;0.006353919999999999;0.008809472;0.007323648;0.008356864;0.007072768;0.005446656;0.005321728;0.00544768;0.0049008640000000004;0.006747136000000001;0.005009407999999999;0.003446784;0.004610047999999999;0.005705728;0.004406272000000001;0.0027156479999999998;0.001983488;0.0019394560000000002;0.002234368;0.0026296320000000002;0.002589696;0.001451008;0.0017152;0.0021288960000000003;0.002147328;0.002167808;0.001917952;0.0016906239999999997
1775186100,hdr,0.0293;0.03906;0.04883;0.05859;0.06836;0.07813;0.08789;0.09766;0.10742;0.11719;0.12695;0.13672;0.14648;0.15625;0.16602;0.17578;0.18555;0.19531;0.20508;0.21484;0.22461;0.23438;0.24414;0.25391;0.26367;0.27344;0.2832;0.29297;0.30273;0.3125;0.32227;0.33203;0.3418;0.35156;0.36133;0.37109;0.38086;0.39063;0.40039;0.41016;0.41992;0.42969;0.43945;0.44922;0.45898;0.46875;0.47852;0.48828;0.49805;0.50781;0.51758;0.52734;0.53711;0.54688;0.55664;0.56641;0.57617;0.58594;0.5957;0.60547;0.61523;0.625;0.63477;0.64453;0.6543;0.66406;0.67383;0.68359;0.69336;0.70313;0.71289;0.72266;0.73242;0.74219;0.75195;0.76172;0.77148;0.78125;0.79102,0.007299072;0.020397056;0.017510400000000002;0.008990719999999999;0.012886016;0.010648576000000002;0.013941760000000001;0.08463462399999999;0.140529664;0.21562060800000002;0.30488268799999996;0.38209023999999997;0.6334791679999999;0.5195489280000001;0.28693504000000003;0.233448448;0.130300928;0.08719360000000001;0.110891008;0.113247232;0.063535104;0.050032639999999996;0.08389529600000001;0.11575808;0.137887744;0.083315712;0.047449088;0.044177408;0.043722752000000004;0.044361728;0.067938304;0.042370047999999993;0.031277056;0.028621824;0.028959744;0.034495488000000005;0.030972928;0.026235904;0.015345663999999998;0.01503232;0.015913984;0.014009344000000002;0.016638976;0.018463743999999997;0.014434303999999998;0.018264064000000003;0.022634496;0.013125632;0.009156608;0.012531712000000002;0.014728192;0.006772736;0.005510144;0.008639487999999999;0.009842688;0.007414784;0.006846464;0.007638016000000001;0.007975936;0.007117824;0.0046766080000000005;0.0036864000000000003;0.003862528;0.004600831999999999;0.003323904;0.0034078719999999997;0.003707904;0.004884479999999999;0.004829183999999999;0.003649536;0.00187392;0.002637824;0.0033617919999999997;0.003050496;0.0024801280000000003;0.0028149760000000003;0.001805312;0.002173952;0.002258944
1775187000,hdr,0.0293;0.03906;0.04883;0.05859;0.06836;0.07813;0.08789;0.09766;0.10742;0.11719;0.12695;0.13672;0.14648;0.15625;0.16602;0.17578;0.18555;0.19531;0.20508;0.21484;0.22461;0.23438;0.24414;0.25391;0.26367;0.27344;0.2832;0.29297;0.30273;0.3125;0.32227;0.33203;0.3418;0.35156;0.36133;0.37109;0.38086;0.39063;0.40039;0.41016;0.41992;0.42969;0.43945;0.44922;0.45898;0.46875;0.47852;0.48828;0.49805;0.50781;0.51758;0.52734;0.53711;0.54688;0.55664;0.56641;0.57617;0.58594;0.5957;0.60547;0.61523;0.625;0.63477;0.64453;0.6543;0.66406;0.67383;0.68359;0.69336;0.70313;0.71289;0.72266;0.73242;0.74219;0.75195;0.76172;0.77148;0.78125;0.79102,0.005952512;0.004651008;0.01223168;0.015730688;0.018911232;0.016430080000000003;0.030075904000000004;0.062557184;0.13030912;0.295310336;0.532652032;0.5599569919999999;0.547085312;0.534013952;0.40789504;0.33171558399999995;0.212261888;0.118227968;0.150422528;0.122194944;0.087844864;0.078867456;0.070360064;0.06562611200000001;0.06906060800000001;0.07612416000000001;0.10831667199999999;0.08212275200000001;0.055257088;0.060238848;0.062227456;0.049143808;0.030509056;0.035999744;0.032370688;0.036634624000000005;0.023032832;0.01850368;0.013805567999999999;0.018043904000000003;0.019806208000000002;0.01786368;0.018683903999999998;0.018516992;0.011292672;0.011420672;0.009757696;0.008667135999999999;0.007656448000000001;0.014946304;0.017738752;0.014005248;0.011813888000000002;0.013403136000000001;0.006907904;0.005552128;0.005442560000000001;0.003373056;0.005132288;0.008369152;0.005728256;0.003080192;0.0036362239999999995;0.0022896640000000003;0.002514944;0.004605952;0.005180416;0.005578751999999999;0.0034037760000000003;0.002625536;0.0021043200000000002;0.0021032959999999997;0.0024852480000000002;0.0019660800000000003;0.001523712;0.0023203839999999996;0.00203264;0.002077696;0.00242176
1775187900,hdr,0.0293;0.03906;0.04883;0.05859;0.06836;0.07813;0.08789;0.09766;0.10742;0.11719;0.12695;0.13672;0.14648;0.15625;0.16602;0.17578;0.18555;0.19531;0.20508;0.21484;0.22461;0.23438;0.24414;0.25391;0.26367;0.27344;0.2832;0.29297;0.30273;0.3125;0.32227;0.33203;0.3418;0.35156;0.36133;0.37109;0.38086;0.39063;0.40039;0.41016;0.41992;0.42969;0.43945;0.44922;0.45898;0.46875;0.47852;0.48828;0.49805;0.50781;0.51758;0.52734;0.53711;0.54688;0.55664;0.56641;0.57617;0.58594;0.5957;0.60547;0.61523;0.625;0.63477;0.64453;0.6543;0.66406;0.67383;0.68359;0.69336;0.70313;0.71289;0.72266;0.73242;0.74219;0.75195;0.76172;0.77148;0.78125;0.79102,0.009332736000000001;0.014884864;0.017867776;0.016521216000000002;0.012788736;0.015753216;0.017306624;0.051633152;0.09113497599999999;0.227460096;0.351750144;0.38975488;0.589386752;0.393065472;0.39919820800000005;0.179382272;0.118577152;0.135451648;0.06754815999999998;0.084598784;0.072141824;0.07498444800000001;0.127926272;0.131623936;0.06723072000000001;0.052381696;0.074610688;0.06697062399999999;0.037085184;0.038452224;0.057267200000000004;0.03439103999999999;0.02511872;0.01987584;0.017575935999999997;0.030763007999999998;0.03467264;0.023440384;0.012669952000000002;0.019989504;0.019507200000000002;0.013581312;0.020876288;0.02921984;0.019487743999999998;0.015527935999999999;0.015131648000000001;0.01067008;0.00809984;0.009481216;0.009573376;0.005189632;0.006382591999999999;0.004349952;0.004025343999999999;0.00633344;0.006910975999999999;0.006496256;0.004683776;0.0035952639999999995;0.00405504;0.0058245120000000004;0.004909055999999999;0.003554304;0.00345088;0.002813952;0.002322432;0.00270336;0.0034744320000000004;0.0034949119999999998;0.00245248;0.001241088;0.0021288960000000003;0.002823168;0.001652736;0.0018012159999999998;0.0014336;0.0011356159999999999;0.0013322240000000001
1775188800,hdr,0.0293;0.03906;0.04883;0.05859;0.06836;0.07813;0.08789;0.09766;0.10742;0.11719;0.12695;0.13672;0.14648;0.15625;0.16602;0.17578;0.18555;0.19531;0.20508;0.21484;0.22461;0.23438;0.24414;0.25391;0.26367;0.27344;0.2832;0.29297;0.30273;0.3125;0.32227;0.33203;0.3418;0.35156;0.36133;0.37109;0.38086;0.39063;0.40039;0.41016;0.41992;0.42969;0.43945;0.44922;0.45898;0.46875;0.47852;0.48828;0.49805;0.50781;0.51758;0.52734;0.53711;0.54688;0.55664;0.56641;0.57617;0.58594;0.5957;0.60547;0.61523;0.625;0.63477;0.64453;0.6543;0.66406;0.67383;0.68359;0.69336;0.70313;0.71289;0.72266;0.73242;0.74219;0.75195;0.76172;0.77148;0.78125;0.79102,0.011270144000000001;0.02277888;0.01930752;0.01289728;0.012228608;0.016453632;0.024856576000000002;0.049636352;0.109912064;0.29863935999999996;0.724685824;0.9974783999999999;0.5925150720000001;0.606889984;0.33388953600000004;0.140824576;0.13866496000000003;0.14434816;0.12935987200000001;0.12401152;0.16168960000000002;0.092127232;0.085602304;0.10206003200000001;0.088252416;0.080482304;0.08422809599999999;0.077082624;0.05165056;0.03598848;0.030849024000000003;0.028278784000000005;0.033033216;0.031663104;0.04041216;0.037666816;0.02892288;0.016367616;0.018001919999999998;0.023994368000000002;0.018556928;0.0132096;0.01291776;0.014049279999999999;0.018745344;0.012183552000000002;0.006926336;0.009771008;0.011437056000000001;0.009795584000000001;0.010728448;0.01118208;0.009993216000000001;0.009060352;0.007792639999999999;0.006751232;0.00503808;0.0052520959999999995;0.007112704;0.006829056;0.003781632;0.00398848;0.00484352;0.002914304;0.002096128;0.003072;0.0038420480000000003;0.003364864;0.0028395519999999995;0.00234496;0.002277376;0.001917952;0.002274304;0.001678336;0.001462272;0.00141312;0.0015984640000000002;0.001475584;0.001635328
1775189700,hdr,0.0293;0.03906;0.04883;0.05859;0.06836;0.07813;0.08789;0.09766;0.10742;0.11719;0.12695;0.13672;0.14648;0.15625;0.16602;0.17578;0.18555;0.19531;0.20508;0.21484;0.22461;0.23438;0.24414;0.25391;0.26367;0.27344;0.2832;0.29297;0.30273;0.3125;0.32227;0.33203;0.3418;0.35156;0.36133;0.37109;0.38086;0.39063;0.40039;0.41016;0.41992;0.42969;0.43945;0.44922;0.45898;0.46875;0.47852;0.48828;0.49805;0.50781;0.51758;0.52734;0.53711;0.54688;0.55664;0.56641;0.57617;0.58594;0.5957;0.60547;0.61523;0.625;0.63477;0.64453;0.6543;0.66406;0.67383;0.68359;0.69336;0.70313;0.71289;0.72266;0.73242;0.74219;0.75195;0.76172;0.77148;0.78125;0.79102,0.017700863999999997;0.032613376000000006;0.023243776;0.01433088;0.013755392;0.00615424;0.020306944000000004;0.067745792;0.127985664;0.319686656;0.426753024;0.611467264;0.90208256;0.700366848;0.231337984;0.152861696;0.118316032;0.162468864;0.131132416;0.121628672;0.07918387199999999;0.061797375999999994;0.076806144;0.061334528;0.047090688;0.077720576;0.06593740800000002;0.07930367999999999;0.0769536;0.059627519999999996;0.051633152;0.06290432;0.058080256000000004;0.03368448;0.031908864;0.032879616;0.032077824;0.029319168000000003;0.034254848000000004;0.031791104;0.021740544;0.016022528;0.021414912;0.023590912;0.018944;0.012484608;0.012580863999999999;0.016106495999999998;0.012362752000000001;0.020024319999999998;0.016202752;0.009577472;0.007079935999999999;0.005001216;0.006158336;0.006346752000000001;0.0063150079999999996;0.004734975999999999;0.005164032;0.005727232;0.0039772159999999996;0.004356095999999999;0.003315712;0.0029429759999999995;0.002578432;0.002455552;0.003054592;0.004353024;0.002659328;0.002676736;0.00165888;0.001475584;0.003119104;0.001983488;0.001800192;0.002060288;0.002171904;0.002158592;0.001416192
1775190600,hdr,0.0293;0.03906;0.04883;0.05859;0.06836;0.07813;0.08789;0.09766;0.10742;0.11719;0.12695;0.13672;0.14648;0.15625;0.16602;0.17578;0.18555;0.19531;0.20508;0.21484;0.22461;0.23438;0.24414;0.25391;0.26367;0.27344;0.2832;0.29297;0.30273;0.3125;0.32227;0.33203;0.3418;0.35156;0.36133;0.37109;0.38086;0.39063;0.40039;0.41016;0.41992;0.42969;0.43945;0.44922;0.45898;0.46875;0.47852;0.48828;0.49805;0.50781;0.51758;0.52734;0.53711;0.54688;0.55664;0.56641;0.57617;0.58594;0.5957;0.60547;0.61523;0.625;0.63477;0.64453;0.6543;0.66406;0.67383;0.68359;0.69336;0.70313;0.71289;0.72266;0.73242;0.74219;0.75195;0.76172;0.77148;0.78125;0.79102,0.014266368;0.012328960000000002;0.014364672;0.013058048;0.013344768;0.011239424;0.012122111999999999;0.055556096;0.18996224000000003;0.293726208;0.483299328;0.973041664;1.0738647040000002;0.9148088320000001;0.39780352;0.213497856;0.15661260800000001;0.100368384;0.0925184;0.09739468800000001;0.150841344;0.122863616;0.062896128;0.066768896;0.07075635200000001;0.05743616000000001;0.059742208;0.061999104;0.06715391999999999;0.056799232000000005;0.041437184;0.029577216;0.030050304;0.0339456;0.032761856000000006;0.030300160000000003;0.024539136;0.028807168;0.031207423999999997;0.031473664;0.022890496;0.01398784;0.012439552000000001;0.010424319999999999;0.017999872;0.01733632;0.013256704;0.00955392;0.01442816;0.012898304;0.009064448000000001;0.008620032;0.00587776;0.009828352;0.0072314879999999995;0.005036031999999999;0.0076840960000000005;0.0068157439999999994;0.004546560000000001;0.004655103999999999;0.00529408;0.0049602560000000006;0.003958784;0.0029880320000000003;0.002840576;0.00293888;0.0036474880000000004;0.00321536;0.00238592;0.0031375360000000002;0.002514944;0.002717696;0.00200704;0.0019968;0.00226304;0.0020172799999999998;0.001611776;0.0017244159999999999;0.002156544
1775191500,hdr,0.0293;0.03906;0.04883;0.05859;0.06836;0.07813;0.08789;0.09766;0.10742;0.11719;0.12695;0.13672;0.14648;0.15625;0.16602;0.17578;0.18555;0.19531;0.20508;0.21484;0.22461;0.23438;0.24414;0.25391;0.26367;0.27344;0.2832;0.29297;0.30273;0.3125;0.32227;0.33203;0.3418;0.35156;0.36133;0.37109;0.38086;0.39063;0.40039;0.41016;0.41992;0.42969;0.43945;0.44922;0.45898;0.46875;0.47852;0.48828;0.49805;0.50781;0.51758;0.52734;0.53711;0.54688;0.55664;0.56641;0.57617;0.58594;0.5957;0.60547;0.61523;0.625;0.63477;0.64453;0.6543;0.66406;0.67383;0.68359;0.69336;0.70313;0.71289;0.72266;0.73242;0.74219;0.75195;0.76172;0.77148;0.78125;0.79102,0.008671232;0.012044288;0.008075264;0.009175039999999999;0.016631808;0.017793023999999998;0.024971264000000003;0.051290112;0.10166271999999998;0.23265280000000002;0.50136064;0.941498368;1.1569152;0.5372682240000001;0.256362496;0.147177472;0.133255168;0.165341184;0.099948544;0.068421632;0.07405568;0.079548416;0.06962175999999999;0.07806976000000002;0.080969728;0.091865088;0.061706239999999996;0.07415808;0.075368448;0.05215232;0.036470784;0.03206144;0.026750976000000003;0.033288192;0.03823616;0.024449024;0.03982336;0.044179456;0.037586944000000004;0.038121471999999997;0.032512;0.03360358399999999;0.028755968;0.018561024000000002;0.01635328;0.011651072;0.016144383999999998;0.018694144;0.014137344000000001;0.009840640000000001;0.009953279999999998;0.005761024;0.009203712;0.010182655999999998;0.008916992;0.006977536;0.004724736;0.004927488000000001;0.005142528;0.004345856;0.007458816;0.004890624;0.002451456;0.003360768;0.003874816;0.002809856;0.0027893759999999997;0.002543616;0.0032337920000000005;0.002762752;0.0037888;0.003971072;0.003065856;0.0024903679999999997;0.002787328;0.0020398079999999997;0.0019476480000000002;0.001286144;0.0019537919999999998
1775192400,hdr,0.0293;0.03906;0.04883;0.05859;0.06836;0.07813;0.08789;0.09766;0.10742;0.11719;0.12695;0.13672;0.14648;0.15625;0.16602;0.17578;0.18555;0.19531;0.20508;0.21484;0.22461;0.23438;0.24414;0.25391;0.26367;0.27344;0.2832;0.29297;0.30273;0.3125;0.32227;0.33203;0.3418;0.35156;0.36133;0.37109;0.38086;0.39063;0.40039;0.41016;0.41992;0.42969;0.43945;0.44922;0.45898;0.46875;0.47852;0.48828;0.49805;0.50781;0.51758;0.52734;0.53711;0.54688;0.55664;0.56641;0.57617;0.58594;0.5957;0.60547;0.61523;0.625;0.63477;0.64453;0.6543;0.66406;0.67383;0.68359;0.69336;0.70313;0.71289;0.72266;0.73242;0.74219;0.75195;0.76172;0.77148;0.78125;0.79102,0.008808448;0.011839487999999999;0.016608256000000002;0.010118143999999999;0.005982207999999999;0.011447296000000001;0.028812288000000002;0.056252416;0.13721088;0.332433408;0.6389585919999999;0.701476864;0.412096512;0.41355366400000004;0.405088256;0.27349811199999996;0.23424716799999998;0.192652288;0.099762176;0.071180288;0.097069056;0.094246912;0.103062528;0.099030016;0.127230976;0.14120550399999998;0.12397567999999999;0.124575744;0.083259392;0.06621081599999999;0.056220672;0.052969472000000004;0.048301056;0.037967872;0.039425023999999996;0.043653120000000004;0.039575552;0.032154624;0.026103808;0.026677248;0.034057216;0.021766144;0.013303808;0.019600384;0.023810048;0.017238016;0.015602688;0.017800192;0.014384128000000001;0.016013312;0.015991808;0.01503232;0.014434303999999998;0.009187328000000002;0.008316928;0.011538432000000001;0.008936448;0.006614016;0.005445632;0.0028692479999999996;0.003733504;0.007697408;0.008899584;0.004701183999999999;0.004171776000000001;0.004414464;0.0046868479999999995;0.005733376;0.0045875199999999994;0.003666944;0.003072;0.002407424;0.002407424;0.002890752;0.0033208319999999997;0.002195456;0.0013035520000000001;0.0016179200000000001;0.001472512
1775193300,hdr,0.0293;0.03906;0.04883;0.05859;0.06836;0.07813;0.08789;0.09766;0.10742;0.11719;0.12695;0.13672;0.14648;0.15625;0.16602;0.17578;0.18555;0.19531;0.20508;0.21484;0.22461;0.23438;0.24414;0.25391;0.26367;0.27344;0.2832;0.29297;0.30273;0.3125;0.32227;0.33203;0.3418;0.35156;0.36133;0.37109;0.38086;0.39063;0.40039;0.41016;0.41992;0.42969;0.43945;0.44922;0.45898;0.46875;0.47852;0.48828;0.49805;0.50781;0.51758;0.52734;0.53711;0.54688;0.55664;0.56641;0.57617;0.58594;0.5957;0.60547;0.61523;0.625;0.63477;0.64453;0.6543;0.66406;0.67383;0.68359;0.69336;0.70313;0.71289;0.72266;0.73242;0.74219;0.75195;0.76172;0.77148;0.78125;0.79102,0.004595711999999999;0.011773951999999999;0.011710464;0.010348544;0.011235328000000001;0.013123583999999999;0.021452799999999998;0.037228544;0.06919168;0.25097420800000003;0.882550784;1.6617021440000002;1.487497216;0.603959296;0.361043968;0.30132633600000003;0.291524608;0.18826854399999998;0.190263296;0.14792908800000001;0.160354304;0.135264256;0.09866444799999999;0.073746432;0.054480896;0.048726016000000004;0.073664512;0.063227904;0.06281011199999999;0.056315904;0.052011008;0.040988672;0.043829248;0.03598336;0.0322048;0.045713408000000004;0.044118015999999996;0.034584576;0.033400832000000005;0.024864768;0.025593855999999998;0.022659072;0.02105344;0.021035008;0.01850368;0.013750272000000001;0.016769024;0.016254975999999997;0.011624447999999999;0.011638784;0.011010048;0.01642496;0.016754688;0.012648448;0.013414400000000002;0.009416704;0.0056975360000000004;0.006168576;0.005384192;0.00461824;0.004491264;0.004978688;0.00632832;0.004933632;0.002699264;0.003803136;0.002992128;0.003434496;0.003796992;0.0031027200000000002;0.0031027200000000002;0.002512896;0.001529856;0.0023019520000000003;0.002371584;0.001513472;0.0014151679999999999;0.001961984;0.001906688
1775194200,hdr,0.0293;0.03906;0.04883;0.05859;0.06836;0.07813;0.08789;0.09766;0.10742;0.11719;0.12695;0.13672;0.14648;0.15625;0.16602;0.17578;0.18555;0.19531;0.20508;0.21484;0.22461;0.23438;0.24414;0.25391;0.26367;0.27344;0.2832;0.29297;0.30273;0.3125;0.32227;0.33203;0.3418;0.35156;0.36133;0.37109;0.38086;0.39063;0.40039;0.41016;0.41992;0.42969;0.43945;0.44922;0.45898;0.46875;0.47852;0.48828;0.49805;0.50781;0.51758;0.52734;0.53711;0.54688;0.55664;0.56641;0.57617;0.58594;0.5957;0.60547;0.61523;0.625;0.63477;0.64453;0.6543;0.66406;0.67383;0.68359;0.69336;0.70313;0.71289;0.72266;0.73242;0.74219;0.75195;0.76172;0.77148;0.78125;0.79102,0.00690688;0.020995072;0.016785407999999998;0.014128128;0.015691776;0.019474432;0.030114816000000003;0.07995904000000001;0.151597056;0.19733094399999998;0.45836288000000003;0.7068610559999999;0.787781632;0.537566208;0.4577024;0.405910528;0.203208704;0.196361216;0.200830976;0.106976256;0.0678912;0.079373312;0.06858444799999999;0.089230336;0.09110425600000001;0.07133388800000001;0.10031718399999999;0.077454336;0.0527616;0.062531584;0.051411968;0.073385984;0.078329856;0.046880768;0.037169152;0.034428928;0.025595904000000003;0.045506559999999995;0.035556352;0.019506176;0.022211584;0.029443072;0.027040768;0.02310656;0.024792064;0.014845952;0.009962496;0.01480704;0.012109824;0.013372416;0.013696;0.011321343999999999;0.013389824;0.011672575999999999;0.008215552000000001;0.005009407999999999;0.007000064;0.005843968;0.004447232;0.004350976;0.005024768;0.003780608;0.004282368000000001;0.0043929600000000004;0.0032593920000000003;0.003252224;0.0028538879999999997;0.003216384;0.002484224;0.001922048;0.001711104;0.003575808;0.0035583999999999998;0.002885632;0.003902464;0.002226176;0.0027115520000000003;0.002310144;0.0011714560000000002
1775195100,hdr,0.0293;0.03906;0.04883;0.05859;0.06836;0.07813;0.08789;0.09766;0.10742;0.11719;0.12695;0.13672;0.14648;0.15625;0.16602;0.17578;0.18555;0.19531;0.20508;0.21484;0.22461;0.23438;0.24414;0.25391;0.26367;0.27344;0.2832;0.29297;0.30273;0.3125;0.32227;0.33203;0.3418;0.35156;0.36133;0.37109;0.38086;0.39063;0.40039;0.41016;0.41992;0.42969;0.43945;0.44922;0.45898;0.46875;0.47852;0.48828;0.49805;0.50781;0.51758;0.52734;0.53711;0.54688;0.55664;0.56641;0.57617;0.58594;0.5957;0.60547;0.61523;0.625;0.63477;0.64453;0.6543;0.66406;0.67383;0.68359;0.69336;0.70313;0.71289;0.72266;0.73242;0.74219;0.75195;0.76172;0.77148;0.78125;0.79102,0.005180416;0.016854016000000003;0.017083392;0.013287423999999999;0.015975424000000002;0.017961984;0.019741696;0.044041216;0.121810944;0.514861056;0.824039424;0.755422208;0.711928832;0.621109248;0.543653888;0.303065088;0.18666291200000001;0.117809152;0.123067392;0.156567552;0.14324224000000002;0.101144576;0.087262208;0.112388096;0.11369472;0.09091072;0.082405376;0.081992704;0.07304192;0.045774848;0.040530944;0.032077824;0.044281856;0.064214016;0.04112896;0.030132224000000003;0.028914688;0.022710272;0.023131136000000004;0.028796928;0.021998591999999997;0.023231487999999998;0.026819584;0.022303744;0.022795264;0.020707328;0.018753536;0.023180288;0.021599232;0.014956544;0.013755392;0.009730048;0.009529343999999999;0.009842688;0.016666624;0.010265599999999998;0.006585344;0.007998464;0.005441536;0.0050503679999999995;0.005276672;0.0033218559999999998;0.003885056;0.005726208;0.004018176;0.003584;0.0055808;0.003453952;0.0019210240000000001;0.0024381439999999997;0.003422208;0.003073024;0.002824192;0.003122176;0.002302976;0.002418688;0.002752512;0.0022323200000000003;0.0022067199999999997
1775196000,hdr,0.0293;0.03906;0.04883;0.05859;0.06836;0.07813;0.08789;0.09766;0.10742;0.11719;0.12695;0.13672;0.14648;0.15625;0.16602;0.17578;0.18555;0.19531;0.20508;0.21484;0.22461;0.23438;0.24414;0.25391;0.26367;0.27344;0.2832;0.29297;0.30273;0.3125;0.32227;0.33203;0.3418;0.35156;0.36133;0.37109;0.38086;0.39063;0.40039;0.41016;0.41992;0.42969;0.43945;0.44922;0.45898;0.46875;0.47852;0.48828;0.49805;0.50781;0.51758;0.52734;0.53711;0.54688;0.55664;0.56641;0.57617;0.58594;0.5957;0.60547;0.61523;0.625;0.63477;0.64453;0.6543;0.66406;0.67383;0.68359;0.69336;0.70313;0.71289;0.72266;0.73242;0.74219;0.75195;0.76172;0.77148;0.78125;0.79102,0.009184256;0.02198016;0.013202432;0.011713536;0.011379712;0.013723648000000001;0.021293056;0.032258048000000004;0.07456051200000001;0.161281024;0.40948019199999997;0.820738048;0.91730432;0.668051456;0.31841075199999996;0.32638873599999996;0.209010688;0.157484032;0.143632384;0.109162496;0.124996608;0.105083904;0.10404044800000001;0.120864768;0.093351936;0.076404736;0.094877696;0.087168;0.084093952;0.073014272;0.057513984000000004;0.062399487999999996;0.062399487999999996;0.044561408000000004;0.043851775999999995;0.022095872;0.040833024;0.044063744;0.032194560000000004;0.017235968;0.02560512;0.027981824;0.018202624;0.01648128;0.014938112000000002;0.016128;0.014461952;0.010194944;0.012279808;0.016193536;0.01388032;0.008680448;0.007266304;0.006868992;0.010715135999999998;0.009529343999999999;0.004545536;0.006589439999999999;0.00435712;0.004809728;0.0065218559999999995;0.005245952;0.005594112;0.005004288;0.0050155519999999995;0.004031488000000001;0.0054138879999999995;0.005681152;0.003979264;0.002134016;0.0023296;0.0030986240000000003;0.0024811519999999995;0.003339264;0.0033208319999999997;0.002573312;0.002840576;0.001344512;0.0014110720000000002
1775196900,hdr,0.0293;0.03906;0.04883;0.05859;0.06836;0.07813;0.08789;0.09766;0.10742;0.11719;0.12695;0.13672;0.14648;0.15625;0.16602;0.17578;0.18555;0.19531;0.20508;0.21484;0.22461;0.23438;0.24414;0.25391;0.26367;0.27344;0.2832;0.29297;0.30273;0.3125;0.32227;0.33203;0.3418;0.35156;0.36133;0.37109;0.38086;0.39063;0.40039;0.41016;0.41992;0.42969;0.43945;0.44922;0.45898;0.46875;0.47852;0.48828;0.49805;0.50781;0.51758;0.52734;0.53711;0.54688;0.55664;0.56641;0.57617;0.58594;0.5957;0.60547;0.61523;0.625;0.63477;0.64453;0.6543;0.66406;0.67383;0.68359;0.69336;0.70313;0.71289;0.72266;0.73242;0.74219;0.75195;0.76172;0.77148;0.78125;0.79102,0.008516608;0.018681856;0.014314496000000001;0.008463360000000001;0.009261056;0.018853888000000003;0.032868351999999997;0.035227648;0.09053184;0.41687040000000003;0.463872;0.58389504;0.558334976;0.566759424;0.419040256;0.322161664;0.243936256;0.11913318399999999;0.120122368;0.136439808;0.124809216;0.097352704;0.16042905600000001;0.16262553600000001;0.085443584;0.098916352;0.11309055999999999;0.08504832000000001;0.101854208;0.125031424;0.07603404799999999;0.066168832;0.054648832;0.057388032;0.055873536;0.03231232;0.032086016;0.025260031999999998;0.02378752;0.030841856;0.0316416;0.032780288;0.027597824;0.019357696;0.015673344000000002;0.017987583999999997;0.016068608;0.01496576;0.012700672;0.012569599999999998;0.009663488;0.007985152;0.010207232;0.008375296;0.008875008;0.007665664;0.008296448;0.011469823999999998;0.011710464;0.004719616;0.004160512;0.0040366080000000006;0.003856384;0.005182464000000001;0.0050155519999999995;0.0038461439999999997;0.0028999679999999997;0.0045772799999999995;0.004688896;0.004854784000000001;0.003264512;0.002509824;0.0024227840000000003;0.0027095039999999997;0.002280448;0.0025333760000000004;0.00274432;0.002134016;0.001941504
1775197800,hdr,0.0293;0.03906;0.04883;0.05859;0.06836;0.07813;0.08789;0.09766;0.10742;0.11719;0.12695;0.13672;0.14648;0.15625;0.16602;0.17578;0.18555;0.19531;0.20508;0.21484;0.22461;0.23438;0.24414;0.25391;0.26367;0.27344;0.2832;0.29297;0.30273;0.3125;0.32227;0.33203;0.3418;0.35156;0.36133;0.37109;0.38086;0.39063;0.40039;0.41016;0.41992;0.42969;0.43945;0.44922;0.45898;0.46875;0.47852;0.48828;0.49805;0.50781;0.51758;0.52734;0.53711;0.54688;0.55664;0.56641;0.57617;0.58594;0.5957;0.60547;0.61523;0.625;0.63477;0.64453;0.6543;0.66406;0.67383;0.68359;0.69336;0.70313;0.71289;0.72266;0.73242;0.74219;0.75195;0.76172;0.77148;0.78125;0.79102,0.006757376;0.013116415999999999;0.00661504;0.006042624;0.010712064;0.0161536;0.023269376;0.027917312;0.081344512;0.167425024;0.387897344;0.719412224;0.5511229440000001;0.24888832;0.38969036799999995;0.348596224;0.24888217599999998;0.199923712;0.173518848;0.1561344;0.19686092800000002;0.14425292799999997;0.118057984;0.101568512;0.13037056000000002;0.11407974400000001;0.102728704;0.103223296;0.068905984;0.058295296;0.065512448;0.037932032;0.039018496;0.04759552;0.03914752;0.046741504;0.041629696;0.03638784;0.028721152;0.028889088;0.037827584000000004;0.030552064000000004;0.018572288;0.015064064;0.014604288;0.019075072;0.017707007999999996;0.017570816;0.015024128;0.014846976000000001;0.016694272;0.014384128000000001;0.011633663999999998;0.008260608000000001;0.008520704;0.007195648;0.005639168;0.008113151999999998;0.009854976000000001;0.008617984;0.005885951999999999;0.006107135999999999;0.007042048;0.006612992;0.0058368000000000005;0.003065856;0.001846272;0.0030832639999999996;0.0038420480000000003;0.0033044479999999998;0.0037683200000000003;0.004772864000000001;0.003408896;0.002310144;0.001942528;0.0015411200000000002;0.0016916480000000002;0.002551808;0.002919424
1775198700,hdr,0.0293;0.03906;0.04883;0.05859;0.06836;0.07813;0.08789;0.09766;0.10742;0.11719;0.12695;0.13672;0.14648;0.15625;0.16602;0.17578;0.18555;0.19531;0.20508;0.21484;0.22461;0.23438;0.24414;0.25391;0.26367;0.27344;0.2832;0.29297;0.30273;0.3125;0.32227;0.33203;0.3418;0.35156;0.36133;0.37109;0.38086;0.39063;0.40039;0.41016;0.41992;0.42969;0.43945;0.44922;0.45898;0.46875;0.47852;0.48828;0.49805;0.50781;0.51758;0.52734;0.53711;0.54688;0.55664;0.56641;0.57617;0.58594;0.5957;0.60547;0.61523;0.625;0.63477;0.64453;0.6543;0.66406;0.67383;0.68359;0.69336;0.70313;0.71289;0.72266;0.73242;0.74219;0.75195;0.76172;0.77148;0.78125;0.79102,0.005673983999999999;0.020603904;0.014437376;0.00565248;0.012102656;0.012429312;0.017013760000000003;0.037687296;0.068390912;0.15576063999999998;0.590286848;0.722654208;0.599538688;0.788030464;0.544937984;0.374177792;0.26123776;0.21497344000000002;0.194610176;0.14040678399999998;0.111149056;0.11749990399999999;0.081444864;0.129842176;0.17820979199999998;0.152869888;0.12979712000000002;0.08801587200000001;0.070071296;0.083547136;0.075568128;0.076122112;0.075129856;0.06217728000000001;0.044706816;0.055487487999999995;0.076023808;0.044786688;0.045720576;0.035177472;0.030970880000000003;0.036058112;0.024431616000000003;0.018049023999999997;0.020953087999999998;0.020533248;0.019968;0.016834560000000002;0.010062848;0.021320704;0.01151488;0.009961471999999999;0.008970239999999999;0.009851903999999998;0.009267200000000001;0.010396672000000001;0.009368575999999998;0.007844864;0.006281215999999999;0.005646336;0.004396032;0.004837376;0.0048609280000000005;0.004236288;0.004605952;0.003741696;0.0034037760000000003;0.0037048320000000004;0.003103744;0.003298304;0.001850368;0.0033331199999999997;0.0037048320000000004;0.003382272;0.003201024;0.001758208;0.001429504;0.001604608;0.0016220159999999998
1775199600,hdr,0.0293;0.03906;0.04883;0.05859;0.06836;0.07813;0.08789;0.09766;0.10742;0.11719;0.12695;0.13672;0.14648;0.15625;0.16602;0.17578;0.18555;0.19531;0.20508;0.21484;0.22461;0.23438;0.24414;0.25391;0.26367;0.27344;0.2832;0.29297;0.30273;0.3125;0.32227;0.33203;0.3418;0.35156;0.36133;0.37109;0.38086;0.39063;0.40039;0.41016;0.41992;0.42969;0.43945;0.44922;0.45898;0.46875;0.47852;0.48828;0.49805;0.50781;0.51758;0.52734;0.53711;0.54688;0.55664;0.56641;0.57617;0.58594;0.5957;0.60547;0.61523;0.625;0.63477;0.64453;0.6543;0.66406;0.67383;0.68359;0.69336;0.70313;0.71289;0.72266;0.73242;0.74219;0.75195;0.76172;0.77148;0.78125;0.79102,0.004614144;0.01117184;0.013769728;0.005786624;0.008628224;0.011163648000000002;0.021060608;0.037148672;0.111492096;0.25956864;0.353255424;0.558645248;0.6228254719999999;0.6581053439999999;0.5754490879999999;0.301622272;0.136818688;0.11911680000000001;0.11890176;0.12719001600000002;0.16270131200000001;0.12058419199999999;0.10527846399999999;0.09756160000000001;0.100077568;0.135528448;0.08641536;0.11413811200000001;0.136669184;0.07249510399999999;0.057802752;0.078343168;0.097683456;0.06334361599999999;0.054020096000000004;0.040923136;0.02991104;0.03283968;0.033898496;0.039620608;0.023934976;0.017721343999999997;0.015107072000000001;0.021346304;0.025061376;0.01777664;0.016540672000000003;0.014594048;0.015246336;0.011528192000000001;0.00862208;0.008955904;0.01245184;0.010866688;0.008775680000000001;0.008379392;0.007556096000000001;0.008958976;0.008693759999999998;0.0075776;0.006665216000000001;0.004539392000000001;0.004268032;0.003451904;0.002948096;0.003127296;0.004252672;0.005579776;0.0040796159999999995;0.00395264;0.0026398719999999997;0.0025210880000000003;0.0026439680000000004;0.0021227520000000003;0.00158208;0.001736704;0.001509376;0.001313792;0.001805312
1775200500,hdr,0.0293;0.03906;0.04883;0.05859;0.06836;0.07813;0.08789;0.09766;0.10742;0.11719;0.12695;0.13672;0.14648;0.15625;0.16602;0.17578;0.18555;0.19531;0.20508;0.21484;0.22461;0.23438;0.24414;0.25391;0.26367;0.27344;0.2832;0.29297;0.30273;0.3125;0.32227;0.33203;0.3418;0.35156;0.36133;0.37109;0.38086;0.39063;0.40039;0.41016;0.41992;0.42969;0.43945;0.44922;0.45898;0.46875;0.47852;0.48828;0.49805;0.50781;0.51758;0.52734;0.53711;0.54688;0.55664;0.56641;0.57617;0.58594;0.5957;0.60547;0.61523;0.625;0.63477;0.64453;0.6543;0.66406;0.67383;0.68359;0.69336;0.70313;0.71289;0.72266;0.73242;0.74219;0.75195;0.76172;0.77148;0.78125;0.79102,0.007437312000000001;0.012588031999999999;0.012715008;0.00987136;0.012353536;0.01652224;0.019304448000000002;0.054126592;0.09694208;0.445688832;0.680293376;0.8395898879999999;0.6871019519999999;0.48008192000000005;0.437679104;0.307805184;0.18169856;0.163984384;0.24979968;0.20504576000000002;0.178281472;0.196414464;0.13591449600000002;0.17217638400000002;0.14335488000000002;0.113579008;0.075727872;0.06823731200000001;0.10165247999999999;0.062555136;0.058573824000000003;0.076973056;0.057099264;0.054951936;0.051449856;0.034934783999999997;0.044461056;0.027453440000000003;0.023909376;0.038889471999999994;0.031242239999999998;0.031661056;0.023298048000000002;0.026806272000000003;0.017444863999999997;0.017412096;0.010413055999999999;0.011567104000000002;0.016861184;0.018673663999999996;0.007506944;0.008536064;0.009805824;0.009472;0.010870784;0.010616832;0.011121664;0.009734144;0.006994944;0.00565248;0.005627904;0.003900416;0.00413696;0.004325376000000001;0.0038297599999999998;0.0038635519999999997;0.00275456;0.0028927999999999996;0.003400704;0.0029501439999999996;0.004150272;0.003928064;0.0025333760000000004;0.003382272;0.0037601279999999997;0.001624064;0.00188928;0.0026941440000000003;0.002475008
1775201400,hdr,0.0293;0.03906;0.04883;0.05859;0.06836;0.07813;0.08789;0.09766;0.10742;0.11719;0.12695;0.13672;0.14648;0.15625;0.16602;0.17578;0.18555;0.19531;0.20508;0.21484;0.22461;0.23438;0.24414;0.25391;0.26367;0.27344;0.2832;0.29297;0.30273;0.3125;0.32227;0.33203;0.3418;0.35156;0.36133;0.37109;0.38086;0.39063;0.40039;0.41016;0.41992;0.42969;0.43945;0.44922;0.45898;0.46875;0.47852;0.48828;0.49805;0.50781;0.51758;0.52734;0.53711;0.54688;0.55664;0.56641;0.57617;0.58594;0.5957;0.60547;0.61523;0.625;0.63477;0.64453;0.6543;0.66406;0.67383;0.68359;0.69336;0.70313;0.71289;0.72266;0.73242;0.74219;0.75195;0.76172;0.77148;0.78125;0.79102,0.004849664;0.011758592;0.013060096;0.0076820479999999995;0.013192192;0.012649472;0.022330368;0.04035072;0.112466944;0.233668608;0.508665856;0.5765160959999999;0.49256550399999993;0.525656064;0.433816576;0.398934016;0.305708032;0.23826432;0.12326502399999999;0.129441792;0.180704256;0.222121984;0.17061376;0.084813824;0.098235392;0.10455552;0.080452608;0.110043136;0.10518630400000001;0.06664192;0.05909504;0.052732928;0.065462272;0.061174784;0.050479104;0.044860416;0.042142719999999995;0.048467968;0.037215232;0.037093376;0.034519039999999994;0.043548672000000004;0.03278848;0.02466816;0.02210304;0.017409024;0.014448639999999999;0.019501055999999996;0.01946624;0.012751872000000001;0.010006528;0.010858496;0.009291776;0.008986624000000002;0.008534016;0.006135808;0.007314432;0.007310336000000001;0.007128064;0.011507712;0.007432192;0.00566784;0.005521408;0.005225472;0.004160512;0.003700736;0.003478528;0.001963008;0.002148352;0.00300032;0.004508671999999999;0.0051148800000000005;0.0030197759999999996;0.002213888;0.0023275519999999997;0.001850368;0.0017971200000000001;0.002110464;0.001536
1775202300,hdr,0.0293;0.03906;0.04883;0.05859;0.06836;0.07813;0.08789;0.09766;0.10742;0.11719;0.12695;0.13672;0.14648;0.15625;0.16602;0.17578;0.18555;0.19531;0.20508;0.21484;0.22461;0.23438;0.24414;0.25391;0.26367;0.27344;0.2832;0.29297;0.30273;0.3125;0.32227;0.33203;0.3418;0.35156;0.36133;0.37109;0.38086;0.39063;0.40039;0.41016;0.41992;0.42969;0.43945;0.44922;0.45898;0.46875;0.47852;0.48828;0.49805;0.50781;0.51758;0.52734;0.53711;0.54688;0.55664;0.56641;0.57617;0.58594;0.5957;0.60547;0.61523;0.625;0.63477;0.64453;0.6543;0.66406;0.67383;0.68359;0.69336;0.70313;0.71289;0.72266;0.73242;0.74219;0.75195;0.76172;0.77148;0.78125;0.79102,0.004581375999999999;0.018282496;0.020733951999999996;0.007165952000000001;0.005869568;0.006039551999999999;0.014811135999999999;0.052611072;0.084873216;0.219990016;0.35039436799999996;0.5202124800000001;1.014093824;1.166680064;0.443846656;0.298555392;0.258156544;0.121403392;0.102156288;0.118665216;0.108683264;0.19445350400000003;0.19338239999999998;0.21424332799999998;0.17142374400000002;0.174036992;0.1805824;0.082239488;0.117948416;0.11821670399999999;0.066818048;0.038598655999999995;0.046071808;0.03909632;0.035973120000000004;0.040919040000000004;0.020025344;0.028258304;0.022269952000000003;0.025964544000000003;0.025608192;0.0244736;0.030027776;0.026165248;0.021510144000000002;0.01907712;0.020133888;0.015527935999999999;0.009746432000000001;0.01410048;0.0157184;0.012347392;0.012341247999999999;0.0063774719999999995;0.005369856000000001;0.006889472;0.00627712;0.006504448;0.00826368;0.00754688;0.00539648;0.007536640000000001;0.006301696;0.005562368000000001;0.006443008;0.007135232;0.00396288;0.003948544;0.0031068159999999997;0.003049472;0.002435072;0.002349056;0.002516992;0.002514944;0.0022405119999999996;0.0016895999999999999;0.0016404479999999999;0.0011243520000000001;0.0021032959999999997
1775203200,hdr,0.0293;0.03906;0.04883;0.05859;0.06836;0.07813;0.08789;0.09766;0.10742;0.11719;0.12695;0.13672;0.14648;0.15625;0.16602;0.17578;0.18555;0.19531;0.20508;0.21484;0.22461;0.23438;0.24414;0.25391;0.26367;0.27344;0.2832;0.29297;0.30273;0.3125;0.32227;0.33203;0.3418;0.35156;0.36133;0.37109;0.38086;0.39063;0.40039;0.41016;0.41992;0.42969;0.43945;0.44922;0.45898;0.46875;0.47852;0.48828;0.49805;0.50781;0.51758;0.52734;0.53711;0.54688;0.55664;0.56641;0.57617;0.58594;0.5957;0.60547;0.61523;0.625;0.63477;0.64453;0.6543;0.66406;0.67383;0.68359;0.69336;0.70313;0.71289;0.72266;0.73242;0.74219;0.75195;0.76172;0.77148;0.78125;0.79102,0.00950784;0.009037824;0.007693312;0.00729088;0.008079359999999999;0.010955776;0.023116800000000003;0.031679488;0.07757823999999999;0.24303103999999998;0.566331392;0.5285949440000001;0.6071306240000001;0.6083471359999999;0.419683328;0.372366336;0.230703104;0.18550272;0.155154432;0.130110464;0.12554752;0.161605632;0.14174822399999998;0.128580608;0.12201267199999999;0.134033408;0.15610982399999998;0.140307456;0.11260416;0.100773888;0.08356352;0.05105254399999999;0.04903424;0.047301631999999996;0.03161088;0.046659584000000004;0.04017356800000001;0.024588287999999996;0.038334464;0.034226176;0.033466368;0.022931456000000003;0.017918976000000003;0.01412608;0.013983744000000001;0.021116928;0.014709759999999999;0.015548415999999999;0.018849792;0.014889984;0.014316544;0.011448320000000001;0.011813888000000002;0.015328256;0.010377216;0.009391104;0.007171072;0.007846912;0.007892992;0.008221696;0.007506944;0.007124992;0.004557824;0.003195904;0.00341504;0.002905088;0.00407552;0.005008384;0.004117504;0.002435072;0.002080768;0.0019210240000000001;0.002000896;0.0017018880000000001;0.00103424;0.0017192959999999997;0.0018421759999999998;0.001461248;0.001185792
1775204100,hdr,0.0293;0.03906;0.04883;0.05859;0.06836;0.07813;0.08789;0.09766;0.10742;0.11719;0.12695;0.13672;0.14648;0.15625;0.16602;0.17578;0.18555;0.19531;0.20508;0.21484;0.22461;0.23438;0.24414;0.25391;0.26367;0.27344;0.2832;0.29297;0.30273;0.3125;0.32227;0.33203;0.3418;0.35156;0.36133;0.37109;0.38086;0.39063;0.40039;0.41016;0.41992;0.42969;0.43945;0.44922;0.45898;0.46875;0.47852;0.48828;0.49805;0.50781;0.51758;0.52734;0.53711;0.54688;0.55664;0.56641;0.57617;0.58594;0.5957;0.60547;0.61523;0.625;0.63477;0.64453;0.6543;0.66406;0.67383;0.68359;0.69336;0.70313;0.71289;0.72266;0.73242;0.74219;0.75195;0.76172;0.77148;0.78125;0.79102,0.0024340480000000003;0.014513152;0.022919167999999997;0.011626495999999998;0.015486976000000001;0.009174016;0.024553471999999996;0.06899916799999999;0.07029452800000001;0.16647884799999998;0.420015104;0.464718848;0.421977088;0.312398848;0.6300528639999999;0.626822144;0.264072192;0.106699776;0.14943334400000002;0.182177792;0.15219916799999997;0.18993152000000002;0.21575168;0.18491187199999998;0.126280704;0.089407488;0.107702272;0.126655488;0.10500096;0.100467712;0.09330073600000001;0.111289344;0.06528512000000002;0.038515712;0.041064447999999996;0.040313856;0.030424064;0.030843904;0.03968512;0.037526527999999996;0.024454144;0.017703935999999997;0.021250048;0.01626624;0.012638208;0.016012288000000003;0.013751296;0.0110592;0.009360384;0.01132544;0.010913792000000002;0.0077864959999999995;0.010092544;0.012173312;0.010855423999999999;0.01282048;0.013437952;0.009147391999999999;0.00787968;0.0045772799999999995;0.004887552000000001;0.00545792;0.007237632;0.004744192;0.003726336;0.004052992;0.003995648;0.0037724160000000002;0.003293184;0.0024422399999999996;0.002265088;0.001488896;0.00178688;0.001758208;0.001985536;0.0023572479999999997;0.003432448;0.0026705920000000003;0.00193024
1775205000,hdr,0.0293;0.03906;0.04883;0.05859;0.06836;0.07813;0.08789;0.09766;0.10742;0.11719;0.12695;0.13672;0.14648;0.15625;0.16602;0.17578;0.18555;0.19531;0.20508;0.21484;0.22461;0.23438;0.24414;0.25391;0.26367;0.27344;0.2832;0.29297;0.30273;0.3125;0.32227;0.33203;0.3418;0.35156;0.36133;0.37109;0.38086;0.39063;0.40039;0.41016;0.41992;0.42969;0.43945;0.44922;0.45898;0.46875;0.47852;0.48828;0.49805;0.50781;0.51758;0.52734;0.53711;0.54688;0.55664;0.56641;0.57617;0.58594;0.5957;0.60547;0.61523;0.625;0.63477;0.64453;0.6543;0.66406;0.67383;0.68359;0.69336;0.70313;0.71289;0.72266;0.73242;0.74219;0.75195;0.76172;0.77148;0.78125;0.79102,0.006588415999999999;0.017764352;0.028890112;0.025737216;0.011790335999999998;0.010312703999999999;0.018091008;0.058226688;0.11569664;0.24332595199999998;0.480529408;0.7326464;0.48934912;0.407604224;0.38776012800000004;0.24596992;0.412975104;0.243513344;0.15609343999999997;0.136690688;0.139855872;0.161605632;0.188505088;0.178429952;0.10587955200000002;0.106530816;0.157799424;0.10119372799999998;0.05880012800000001;0.06317056;0.034179072;0.053137408000000004;0.047811584000000004;0.029955072;0.050866176;0.05462528;0.04039168;0.038464512;0.042611712;0.03274956799999999;0.013767680000000001;0.018014208;0.024019967999999996;0.017951744000000002;0.016422912;0.013698048;0.011941888000000001;0.016377856000000003;0.020955136;0.01762816;0.014855168000000002;0.009990144;0.009601024000000001;0.009668608;0.00734208;0.008321024;0.00669184;0.0057948159999999995;0.005424127999999999;0.003844096;0.004802559999999999;0.004847616;0.004566016000000001;0.00457216;0.00385536;0.004550656;0.004365312;0.005008384;0.00255488;0.00241152;0.0026296320000000002;0.002637824;0.0030894080000000005;0.003417088;0.002960384;0.0015851519999999998;0.0020633599999999998;0.001875968;0.002530304
1775205900,hdr,0.0293;0.03906;0.04883;0.05859;0.06836;0.07813;0.08789;0.09766;0.10742;0.11719;0.12695;0.13672;0.14648;0.15625;0.16602;0.17578;0.18555;0.19531;0.20508;0.21484;0.22461;0.23438;0.24414;0.25391;0.26367;0.27344;0.2832;0.29297;0.30273;0.3125;0.32227;0.33203;0.3418;0.35156;0.36133;0.37109;0.38086;0.39063;0.40039;0.41016;0.41992;0.42969;0.43945;0.44922;0.45898;0.46875;0.47852;0.48828;0.49805;0.50781;0.51758;0.52734;0.53711;0.54688;0.55664;0.56641;0.57617;0.58594;0.5957;0.60547;0.61523;0.625;0.63477;0.64453;0.6543;0.66406;0.67383;0.68359;0.69336;0.70313;0.71289;0.72266;0.73242;0.74219;0.75195;0.76172;0.77148;0.78125;0.79102,0.007615488;0.009519104;0.015714304;0.012966912;0.011283456;0.0123648;0.021988352;0.049631232;0.173879296;0.43526144;0.45716070400000003;0.614591488;0.6995558399999999;0.5353512960000001;0.396464128;0.47521177600000003;0.434277376;0.36313497599999994;0.33887948799999995;0.20428390400000002;0.22811135999999999;0.20806348800000002;0.15017267199999998;0.109973504;0.05976064;0.085395456;0.14724608000000003;0.08117247999999999;0.09038131199999999;0.07312896;0.057453567999999997;0.068564992;0.069385216;0.060785663999999996;0.032970752;0.017722368;0.018362367999999997;0.034601984;0.034271232;0.025408512;0.02650112;0.019752960000000003;0.020966400000000003;0.020913152;0.014518271999999999;0.015184896;0.019001344;0.022644736000000002;0.0155136;0.014780416000000001;0.013006848;0.010190848;0.00773632;0.007300096;0.008113151999999998;0.010432511999999998;0.009903104000000001;0.010479616;0.008573952000000001;0.0059760640000000005;0.004574208;0.0051251199999999995;0.008415232;0.007339008;0.00514048;0.005879808;0.006955008;0.005977087999999999;0.004327424;0.003991552;0.003104768;0.002596864;0.002275328;0.0029255680000000004;0.002605056;0.00305664;0.002741248;0.0020592640000000003;0.0017408
1775207700,hdr,0.0293;0.03906;0.04883;0.05859;0.06836;0.07813;0.08789;0.09766;0.10742;0.11719;0.12695;0.13672;0.14648;0.15625;0.16602;0.17578;0.18555;0.19531;0.20508;0.21484;0.22461;0.23438;0.24414;0.25391;0.26367;0.27344;0.2832;0.29297;0.30273;0.3125;0.32227;0.33203;0.3418;0.35156;0.36133;0.37109;0.38086;0.39063;0.40039;0.41016;0.41992;0.42969;0.43945;0.44922;0.45898;0.46875;0.47852;0.48828;0.49805;0.50781;0.51758;0.52734;0.53711;0.54688;0.55664;0.56641;0.57617;0.58594;0.5957;0.60547;0.61523;0.625;0.63477;0.64453;0.6543;0.66406;0.67383;0.68359;0.69336;0.70313;0.71289;0.72266;0.73242;0.74219;0.75195;0.76172;0.77148;0.78125;0.79102,0.005689344;0.013126656;0.016098303999999997;0.007784448;0.009034751999999998;0.008196096000000002;0.012639232;0.042868736;0.067786752;0.16768307200000002;0.47479500799999996;0.548891648;0.363631616;0.339356672;0.429243392;0.46714982400000005;0.30594560000000004;0.247161856;0.137806848;0.08447897600000001;0.140823552;0.23913574399999998;0.176464896;0.13730918399999997;0.113251328;0.098855936;0.09647615999999999;0.127875072;0.107753472;0.07112703999999999;0.058053632;0.07540121600000001;0.059572224;0.041028608;0.048262144;0.037028864;0.023205888000000004;0.026344448;0.02397184;0.02578432;0.023458816;0.019282944;0.020912128000000002;0.021809152000000002;0.020983808;0.014926848;0.012611584;0.01236992;0.016336896;0.021362687999999998;0.01626624;0.012814336;0.008452096;0.007712768;0.009028608;0.008241152;0.006706176;0.006634496;0.007969792;0.009008127999999999;0.006460416;0.004356095999999999;0.004573184;0.005354496;0.005039104;0.003084288;0.003678208;0.003214336;0.003262464;0.003661824;0.0022855680000000004;0.001574912;0.001969152;0.00367104;0.0029859840000000006;0.0009287680000000001;0.001106944;0.0013987840000000001;0.0011909120000000001
1775208600,hdr,0.0293;0.03906;0.04883;0.05859;0.06836;0.07813;0.08789;0.09766;0.10742;0.11719;0.12695;0.13672;0.14648;0.15625;0.16602;0.17578;0.18555;0.19531;0.20508;0.21484;0.22461;0.23438;0.24414;0.25391;0.26367;0.27344;0.2832;0.29297;0.30273;0.3125;0.32227;0.33203;0.3418;0.35156;0.36133;0.37109;0.38086;0.39063;0.40039;0.41016;0.41992;0.42969;0.43945;0.44922;0.45898;0.46875;0.47852;0.48828;0.49805;0.50781;0.51758;0.52734;0.53711;0.54688;0.55664;0.56641;0.57617;0.58594;0.5957;0.60547;0.61523;0.625;0.63477;0.64453;0.6543;0.66406;0.67383;0.68359;0.69336;0.70313;0.71289;0.72266;0.73242;0.74219;0.75195;0.76172;0.77148;0.78125;0.79102,0.003832832;0.007839744;0.004861951999999999;0.0054138879999999995;0.005839871999999999;0.005632;0.009841663999999998;0.053951488;0.082985984;0.199350272;0.37581209600000004;0.48035532799999997;0.767674368;0.52854784;0.39333683199999997;0.16534220800000002;0.128548864;0.129215488;0.156939264;0.220452864;0.201971712;0.19601510400000002;0.212993024;0.16522752;0.149249024;0.116540416;0.142974976;0.15136768;0.088486912;0.08853811199999999;0.07349248;0.06374911999999999;0.027392;0.03148288;0.035039232;0.038802432;0.066270208;0.056544255999999994;0.030203904000000004;0.031514624;0.024950784;0.025463808;0.0172288;0.020150272;0.024666111999999997;0.017051648000000003;0.014727168000000002;0.023990272;0.015064064;0.009090047999999998;0.010412032;0.012478464;0.007218176;0.005004288;0.005492736;0.0067481600000000004;0.011461632;0.008946688;0.007382016000000001;0.0053043199999999995;0.003790848;0.008170496;0.006397952;0.0049858559999999994;0.0032430080000000003;0.0031334399999999995;0.003790848;0.0028047360000000004;0.00263168;0.003642368;0.00381952;0.0034078719999999997;0.003347456;0.0027904;0.0022702079999999997;0.002134016;0.00194048;0.002020352;0.002833408
1775209500,hdr,0.0293;0.03906;0.04883;0.05859;0.06836;0.07813;0.08789;0.09766;0.10742;0.11719;0.12695;0.13672;0.14648;0.15625;0.16602;0.17578;0.18555;0.19531;0.20508;0.21484;0.22461;0.23438;0.24414;0.25391;0.26367;0.27344;0.2832;0.29297;0.30273;0.3125;0.32227;0.33203;0.3418;0.35156;0.36133;0.37109;0.38086;0.39063;0.40039;0.41016;0.41992;0.42969;0.43945;0.44922;0.45898;0.46875;0.47852;0.48828;0.49805;0.50781;0.51758;0.52734;0.53711;0.54688;0.55664;0.56641;0.57617;0.58594;0.5957;0.60547;0.61523;0.625;0.63477;0.64453;0.6543;0.66406;0.67383;0.68359;0.69336;0.70313;0.71289;0.72266;0.73242;0.74219;0.75195;0.76172;0.77148;0.78125;0.79102,0.0025937919999999997;0.013008896;0.019686399999999996;0.007462912;0.005588992;0.004827136;0.010360832;0.026930176;0.060554239999999995;0.130405376;0.238004224;0.6149591040000001;0.611487744;0.362793984;0.494533632;0.30724505599999996;0.26563276799999996;0.205687808;0.17717248000000002;0.126695424;0.097753088;0.129214464;0.134532096;0.156792832;0.135020544;0.087232512;0.06657331200000001;0.081569792;0.082618368;0.070114304;0.044167168;0.07274803199999999;0.079700992;0.050263039999999995;0.032845824;0.031434752;0.041233408;0.044681216;0.036999168;0.028980224;0.026209279999999998;0.026357759999999997;0.029897728;0.017446912000000002;0.02313728;0.019552256;0.020661248;0.019857408;0.009427968;0.009509888000000001;0.0105728;0.010166271999999999;0.010924032000000002;0.011505663999999999;0.008601600000000001;0.007153664;0.006929408;0.0063232;0.006879232;0.007552;0.005563392;0.006750208;0.007163904;0.005099520000000001;0.006350848;0.005107712;0.00370688;0.005097472;0.004098048000000001;0.0036823039999999995;0.0026787839999999996;0.003084288;0.003129344;0.003144704;0.003059712;0.001722368;0.001861632;0.002654208;0.0020838399999999996
1775210400,hdr,0.0293;0.03906;0.04883;0.05859;0.06836;0.07813;0.08789;0.09766;0.10742;0.11719;0.12695;0.13672;0.14648;0.15625;0.16602;0.17578;0.18555;0.19531;0.20508;0.21484;0.22461;0.23438;0.24414;0.25391;0.26367;0.27344;0.2832;0.29297;0.30273;0.3125;0.32227;0.33203;0.3418;0.35156;0.36133;0.37109;0.38086;0.39063;0.40039;0.41016;0.41992;0.42969;0.43945;0.44922;0.45898;0.46875;0.47852;0.48828;0.49805;0.50781;0.51758;0.52734;0.53711;0.54688;0.55664;0.56641;0.57617;0.58594;0.5957;0.60547;0.61523;0.625;0.63477;0.64453;0.6543;0.66406;0.67383;0.68359;0.69336;0.70313;0.71289;0.72266;0.73242;0.74219;0.75195;0.76172;0.77148;0.78125;0.79102,0.001824768;0.006859776;0.012055551999999999;0.0113664;0.009860095999999999;0.008221696;0.010655744;0.031719423999999996;0.089402368;0.14979583999999999;0.29574963200000004;0.439742464;0.35653632;0.363998208;0.31334912000000004;0.186819584;0.21122559999999999;0.182841344;0.179218432;0.162940928;0.131126272;0.18237337600000003;0.152239104;0.200223744;0.19469926399999998;0.15709491199999998;0.080258048;0.08469811199999999;0.102208512;0.08728166400000001;0.075702272;0.09072230399999999;0.078640128;0.058686464;0.05484441600000001;0.04221952;0.031980544;0.028914688;0.024006655999999998;0.02199552;0.02213376;0.02226688;0.021773312000000003;0.020712447999999998;0.018770944;0.016545791999999997;0.016526336;0.021429247999999998;0.017117184;0.015962112;0.012362752000000001;0.009273344;0.010037248;0.008578048000000001;0.011145216000000001;0.012814336;0.010663935999999999;0.009522176;0.006096896;0.004182015999999999;0.0042956800000000005;0.008400895999999998;0.005664768;0.005066752000000001;0.005983232;0.004804608;0.0022661120000000002;0.004279296;0.004850688;0.00472064;0.0037427199999999997;0.0037601279999999997;0.0026112;0.002236416;0.001778688;0.00206848;0.001736704;0.001989632;0.002149376
1775211300,hdr,0.0293;0.03906;0.04883;0.05859;0.06836;0.07813;0.08789;0.09766;0.10742;0.11719;0.12695;0.13672;0.14648;0.15625;0.16602;0.17578;0.18555;0.19531;0.20508;0.21484;0.22461;0.23438;0.24414;0.25391;0.26367;0.27344;0.2832;0.29297;0.30273;0.3125;0.32227;0.33203;0.3418;0.35156;0.36133;0.37109;0.38086;0.39063;0.40039;0.41016;0.41992;0.42969;0.43945;0.44922;0.45898;0.46875;0.47852;0.48828;0.49805;0.50781;0.51758;0.52734;0.53711;0.54688;0.55664;0.56641;0.57617;0.58594;0.5957;0.60547;0.61523;0.625;0.63477;0.64453;0.6543;0.66406;0.67383;0.68359;0.69336;0.70313;0.71289;0.72266;0.73242;0.74219;0.75195;0.76172;0.77148;0.78125;0.79102,0.005348352;0.016047104;0.020678656;0.004416512;0.010365952;0.013561856;0.01982464;0.039222271999999996;0.13839052799999998;0.270419968;0.440886272;0.7864442880000001;0.573473792;0.363954176;0.37733785599999997;0.294243328;0.207282176;0.14734847999999998;0.113491968;0.138242048;0.137133056;0.15195648;0.162941952;0.146432;0.16964608;0.18812928;0.1958656;0.11928473599999999;0.05937152;0.088774656;0.09147392000000001;0.038472703999999996;0.060470272000000005;0.04293632;0.03360768;0.029474815999999997;0.054221824;0.067437568;0.045345792;0.0358912;0.02696704;0.025652224;0.020573184;0.014357504;0.016191488;0.022421504;0.01979904;0.020458496;0.020296704;0.013407232;0.011319296;0.013468672000000001;0.012615679999999999;0.01083392;0.011862016000000001;0.009910272000000001;0.007683072;0.007071744;0.0070492160000000005;0.009985023999999999;0.007258112;0.007182336;0.005748736;0.004896768;0.005131264;0.006690816;0.006537216;0.004013055999999999;0.003366912;0.00408064;0.005098496;0.00331776;0.002458624;0.002716672;0.002131968;0.0017735679999999999;0.0017459199999999998;0.0020951040000000004;0.0021196799999999997
1775212200,hdr,0.0293;0.03906;0.04883;0.05859;0.06836;0.07813;0.08789;0.09766;0.10742;0.11719;0.12695;0.13672;0.14648;0.15625;0.16602;0.17578;0.18555;0.19531;0.20508;0.21484;0.22461;0.23438;0.24414;0.25391;0.26367;0.27344;0.2832;0.29297;0.30273;0.3125;0.32227;0.33203;0.3418;0.35156;0.36133;0.37109;0.38086;0.39063;0.40039;0.41016;0.41992;0.42969;0.43945;0.44922;0.45898;0.46875;0.47852;0.48828;0.49805;0.50781;0.51758;0.52734;0.53711;0.54688;0.55664;0.56641;0.57617;0.58594;0.5957;0.60547;0.61523;0.625;0.63477;0.64453;0.6543;0.66406;0.67383;0.68359;0.69336;0.70313;0.71289;0.72266;0.73242;0.74219;0.75195;0.76172;0.77148;0.78125;0.79102,0.006448128;0.021762048;0.022304768;0.014308351999999998;0.005967871999999999;0.0025415679999999997;0.00638976;0.048467968;0.16854220799999997;0.348059648;0.624449536;0.7568609279999999;0.715706368;0.376947712;0.376025088;0.312751104;0.270124032;0.252020736;0.25190809599999997;0.148120576;0.17802547200000002;0.14306508799999998;0.11207168;0.14339481599999998;0.1644032;0.123037696;0.1214464;0.137153536;0.12292505599999999;0.125519872;0.081219584;0.081499136;0.058013696000000003;0.0538112;0.049568768;0.036393984000000004;0.048396288;0.022877184000000002;0.02216448;0.0203008;0.020425728;0.024093696;0.024834047999999997;0.030048256;0.025131008000000003;0.015015936;0.017406975999999998;0.02083328;0.015719424;0.011962368000000001;0.005675008;0.009490432;0.014094335999999999;0.01038848;0.007600127999999999;0.008215552000000001;0.00809472;0.006595584;0.007095296;0.005510144;0.0078110720000000005;0.005096447999999999;0.005700608;0.005277696;0.003678208;0.002904064;0.0037847040000000003;0.004451328;0.003598336;0.0032133120000000003;0.003661824;0.002349056;0.002816;0.00339456;0.0036014080000000004;0.002704384;0.0024883199999999996;0.00300032;0.0017039359999999999
1775213100,hdr,0.0293;0.03906;0.04883;0.05859;0.06836;0.07813;0.08789;0.09766;0.10742;0.11719;0.12695;0.13672;0.14648;0.15625;0.16602;0.17578;0.18555;0.19531;0.20508;0.21484;0.22461;0.23438;0.24414;0.25391;0.26367;0.27344;0.2832;0.29297;0.30273;0.3125;0.32227;0.33203;0.3418;0.35156;0.36133;0.37109;0.38086;0.39063;0.40039;0.41016;0.41992;0.42969;0.43945;0.44922;0.45898;0.46875;0.47852;0.48828;0.49805;0.50781;0.51758;0.52734;0.53711;0.54688;0.55664;0.56641;0.57617;0.58594;0.5957;0.60547;0.61523;0.625;0.63477;0.64453;0.6543;0.66406;0.67383;0.68359;0.69336;0.70313;0.71289;0.72266;0.73242;0.74219;0.75195;0.76172;0.77148;0.78125;0.79102,0.00955904;0.017024;0.02128896;0.007796736;0.009269247999999999;0.008693759999999998;0.018066432;0.04297728;0.09171660799999999;0.258295808;0.668299264;0.521488384;0.27096985599999995;0.5551032320000001;0.454882304;0.319207424;0.275289088;0.195286016;0.10349260800000001;0.183092224;0.20966092800000002;0.13267046400000002;0.107949056;0.08421888000000001;0.125730816;0.12803276800000002;0.081537024;0.08891801599999999;0.09457664;0.08876031999999999;0.11687731200000001;0.09981849599999999;0.050051072;0.035221504;0.047557631999999996;0.03956736;0.037207040000000004;0.026155007999999997;0.028023807999999997;0.02591744;0.024323072;0.033780736;0.028512256;0.01404416;0.021541888;0.029671424;0.021658624;0.010190848;0.010016768;0.01287168;0.008179712;0.00808448;0.010994688;0.0109568;0.007804928;0.00626176;0.00485888;0.0056576000000000005;0.009012224000000001;0.010742784;0.007626752;0.006787072;0.00503296;0.0032593920000000003;0.00426496;0.004168704;0.00490496;0.004366336;0.0033546239999999996;0.003419136;0.003291136;0.00257024;0.003489792;0.00397312;0.003621888;0.0029419520000000003;0.003122176;0.0023296;0.0024832
1775214000,hdr,0.0293;0.03906;0.04883;0.05859;0.06836;0.07813;0.08789;0.09766;0.10742;0.11719;0.12695;0.13672;0.14648;0.15625;0.16602;0.17578;0.18555;0.19531;0.20508;0.21484;0.22461;0.23438;0.24414;0.25391;0.26367;0.27344;0.2832;0.29297;0.30273;0.3125;0.32227;0.33203;0.3418;0.35156;0.36133;0.37109;0.38086;0.39063;0.40039;0.41016;0.41992;0.42969;0.43945;0.44922;0.45898;0.46875;0.47852;0.48828;0.49805;0.50781;0.51758;0.52734;0.53711;0.54688;0.55664;0.56641;0.57617;0.58594;0.5957;0.60547;0.61523;0.625;0.63477;0.64453;0.6543;0.66406;0.67383;0.68359;0.69336;0.70313;0.71289;0.72266;0.73242;0.74219;0.75195;0.76172;0.77148;0.78125;0.79102,0.009611264000000001;0.01591296;0.013927424;0.00953344;0.008653824000000001;0.007458816;0.020708352000000003;0.033386496;0.11333734399999999;0.378008576;0.5368985599999999;0.474842112;0.48087449600000004;0.361217024;0.29249331199999995;0.237915136;0.17712128;0.148132864;0.104312832;0.130866176;0.125331456;0.12477747200000001;0.13812223999999998;0.106856448;0.08774246399999999;0.12325683200000001;0.10708377599999999;0.09034444800000001;0.108832768;0.081067008;0.062117887999999996;0.077707264;0.059437055999999995;0.058161152;0.05424128;0.048421888;0.042949631999999995;0.022711296000000002;0.021267455999999997;0.03887104;0.027899904;0.013536256;0.016182272;0.015479808000000001;0.010372096;0.010689536;0.011350016;0.013000704000000002;0.011739136;0.015065087999999999;0.012050432000000002;0.007558144;0.010179584;0.012674048;0.010859520000000001;0.008897536;0.010114048;0.011057152;0.011634688;0.008201216;0.005512192;0.00708096;0.00651776;0.00517632;0.0052592640000000005;0.003237888;0.003990528;0.0039546880000000005;0.004905984;0.00538624;0.003151872;0.002225152;0.0027842559999999997;0.00231936;0.002021376;0.002130944;0.001467392;0.002084864;0.001503232
1775214900,hdr,0.0293;0.03906;0.04883;0.05859;0.06836;0.07813;0.08789;0.09766;0.10742;0.11719;0.12695;0.13672;0.14648;0.15625;0.16602;0.17578;0.18555;0.19531;0.20508;0.21484;0.22461;0.23438;0.24414;0.25391;0.26367;0.27344;0.2832;0.29297;0.30273;0.3125;0.32227;0.33203;0.3418;0.35156;0.36133;0.37109;0.38086;0.39063;0.40039;0.41016;0.41992;0.42969;0.43945;0.44922;0.45898;0.46875;0.47852;0.48828;0.49805;0.50781;0.51758;0.52734;0.53711;0.54688;0.55664;0.56641;0.57617;0.58594;0.5957;0.60547;0.61523;0.625;0.63477;0.64453;0.6543;0.66406;0.67383;0.68359;0.69336;0.70313;0.71289;0.72266;0.73242;0.74219;0.75195;0.76172;0.77148;0.78125;0.79102,0.007179264;0.012805120000000001;0.014741504;0.007486464;0.009940992000000001;0.009314304;0.019694592;0.050282495999999996;0.17147289599999999;0.435044352;0.599124992;0.695017472;0.687833088;0.68289024;0.5166469120000001;0.32817049600000003;0.213856256;0.200696832;0.18597888;0.28050944;0.27147878400000003;0.157617152;0.20283392;0.1966592;0.160024576;0.148553728;0.11762790399999999;0.087458816;0.088116224;0.09907302400000001;0.055461888;0.036628480000000005;0.062543872;0.043561984000000005;0.034347008;0.033058816;0.02485248;0.020611072;0.02874368;0.032316416;0.027024384000000002;0.02172416;0.024265728;0.024779775999999996;0.01422848;0.016876543999999997;0.015734783999999998;0.0125952;0.012235776;0.010483712000000001;0.0086784;0.007993344;0.006105088000000001;0.005751808;0.007199744;0.008513536;0.0059985920000000005;0.006658048;0.0059760640000000005;0.005906432;0.005210112;0.004827136;0.003816448;0.0051148800000000005;0.006183936;0.003771392;0.004032511999999999;0.002287616;0.0034375680000000002;0.003642368;0.0037222400000000004;0.0031375360000000002;0.003525632;0.0022528;0.001721344;0.0026286079999999997;0.0022272;0.002321408;0.002176
1775215800,hdr,0.0293;0.03906;0.04883;0.05859;0.06836;0.07813;0.08789;0.09766;0.10742;0.11719;0.12695;0.13672;0.14648;0.15625;0.16602;0.17578;0.18555;0.19531;0.20508;0.21484;0.22461;0.23438;0.24414;0.25391;0.26367;0.27344;0.2832;0.29297;0.30273;0.3125;0.32227;0.33203;0.3418;0.35156;0.36133;0.37109;0.38086;0.39063;0.40039;0.41016;0.41992;0.42969;0.43945;0.44922;0.45898;0.46875;0.47852;0.48828;0.49805;0.50781;0.51758;0.52734;0.53711;0.54688;0.55664;0.56641;0.57617;0.58594;0.5957;0.60547;0.61523;0.625;0.63477;0.64453;0.6543;0.66406;0.67383;0.68359;0.69336;0.70313;0.71289;0.72266;0.73242;0.74219;0.75195;0.76172;0.77148;0.78125;0.79102,0.003823616;0.007339008;0.009455616;0.004012032;0.005538816;0.010315776;0.014039040000000001;0.05928755199999999;0.233529344;0.422933504;0.5593323520000001;0.92708352;0.797275136;0.353412096;0.38843903999999996;0.392609792;0.24436531199999997;0.216666112;0.25540608000000004;0.22325452799999998;0.18721689599999997;0.179955712;0.096283648;0.09781862399999999;0.110582784;0.124734464;0.118678528;0.0814592;0.088650752;0.07259033599999999;0.05479936;0.054460416000000005;0.042452991999999995;0.046141440000000006;0.042573824;0.034597888;0.016894976;0.037327872;0.028341248;0.026112;0.017408;0.014060544;0.01814016;0.019392511999999997;0.011082751999999998;0.0105984;0.01373696;0.009285632;0.008448;0.01019392;0.009561088;0.009243648000000002;0.00699392;0.008365056;0.00772096;0.0077465599999999996;0.005578751999999999;0.005237759999999999;0.005272576;0.005523456;0.004355072;0.00546816;0.00614912;0.006313983999999999;0.006133759999999999;0.004204544;0.002989056;0.0025415679999999997;0.0028620800000000004;0.004077568;0.003530752;0.002768896;0.003084288;0.002543616;0.001890304;0.002193408;0.001898496;0.001826816;0.001447936
1775216700,hdr,0.0293;0.03906;0.04883;0.05859;0.06836;0.07813;0.08789;0.09766;0.10742;0.11719;0.12695;0.13672;0.14648;0.15625;0.16602;0.17578;0.18555;0.19531;0.20508;0.21484;0.22461;0.23438;0.24414;0.25391;0.26367;0.27344;0.2832;0.29297;0.30273;0.3125;0.32227;0.33203;0.3418;0.35156;0.36133;0.37109;0.38086;0.39063;0.40039;0.41016;0.41992;0.42969;0.43945;0.44922;0.45898;0.46875;0.47852;0.48828;0.49805;0.50781;0.51758;0.52734;0.53711;0.54688;0.55664;0.56641;0.57617;0.58594;0.5957;0.60547;0.61523;0.625;0.63477;0.64453;0.6543;0.66406;0.67383;0.68359;0.69336;0.70313;0.71289;0.72266;0.73242;0.74219;0.75195;0.76172;0.77148;0.78125;0.79102,0.005229568;0.008587263999999999;0.011281408000000001;0.0067082240000000005;0.009125887999999999;0.014755839999999997;0.023685120000000004;0.068952064;0.15100416;0.33853952;0.511104;0.7486556160000001;0.68985856;0.507756544;0.371531776;0.256206848;0.119282688;0.12321075199999999;0.164498432;0.144468992;0.125952;0.172471296;0.17478144;0.18591539199999998;0.15392460800000002;0.109856768;0.16896921599999998;0.106804224;0.0756736;0.058728447999999996;0.049703936000000004;0.044546048000000005;0.042930176;0.046298112;0.042266624;0.040682496;0.03675648;0.032309248;0.026011648000000002;0.021436416;0.017583104;0.015821823999999998;0.015373312;0.016812031999999998;0.016774144;0.008486912000000001;0.006654976;0.011006976;0.01923584;0.016997376;0.015245312;0.010247168;0.007090175999999999;0.008623104;0.010642431999999999;0.0071167999999999995;0.006145024000000001;0.005897216;0.0035276800000000005;0.003653632;0.004920320000000001;0.004324352;0.003264512;0.003566592;0.004125696;0.004170752000000001;0.0038871039999999997;0.004263936;0.003725312;0.0018923520000000001;0.001277952;0.002397184;0.003267584;0.002953216;0.002859008;0.002172928;0.0020121600000000003;0.001723392;0.0026060799999999998
1775217600,hdr,0.0293;0.03906;0.04883;0.05859;0.06836;0.07813;0.08789;0.09766;0.10742;0.11719;0.12695;0.13672;0.14648;0.15625;0.16602;0.17578;0.18555;0.19531;0.20508;0.21484;0.22461;0.23438;0.24414;0.25391;0.26367;0.27344;0.2832;0.29297;0.30273;0.3125;0.32227;0.33203;0.3418;0.35156;0.36133;0.37109;0.38086;0.39063;0.40039;0.41016;0.41992;0.42969;0.43945;0.44922;0.45898;0.46875;0.47852;0.48828;0.49805;0.50781;0.51758;0.52734;0.53711;0.54688;0.55664;0.56641;0.57617;0.58594;0.5957;0.60547;0.61523;0.625;0.63477;0.64453;0.6543;0.66406;0.67383;0.68359;0.69336;0.70313;0.71289;0.72266;0.73242;0.74219;0.75195;0.76172;0.77148;0.78125;0.79102,0.007731200000000001;0.020505600000000002;0.018650112;0.008584192;0.008305664;0.009479168;0.031601664;0.08283033599999999;0.189157376;0.39411097599999995;0.45123583999999994;0.46327091200000003;0.538057728;0.323641344;0.27636224;0.261054464;0.295522304;0.201056256;0.13753344;0.131280896;0.13448294400000002;0.18983935999999998;0.151576576;0.124662784;0.104728576;0.108809216;0.10059980799999999;0.08656384;0.076838912;0.07841587199999998;0.095587328;0.083637248;0.059600896;0.037274624000000006;0.030695424;0.020646912;0.029952;0.0281088;0.026975232;0.020953087999999998;0.021689343999999996;0.01503232;0.014111744;0.016811008000000002;0.01339392;0.011249664;0.013886464;0.01698816;0.008400895999999998;0.010750975999999999;0.007957504;0.008736768;0.008679424;0.008095744;0.007611392000000001;0.005516288;0.006223872;0.006401023999999999;0.006744063999999999;0.004722688;0.005520384;0.006020096;0.0025108480000000004;0.0031016959999999997;0.0021821440000000004;0.0035645440000000002;0.004159487999999999;0.00331776;0.003423232;0.002468864;0.0026480640000000003;0.00252416;0.002556928;0.002929664;0.003104768;0.0020910079999999997;0.001906688;0.0017971200000000001;0.001468416
1775218500,hdr,0.0293;0.03906;0.04883;0.05859;0.06836;0.07813;0.08789;0.09766;0.10742;0.11719;0.12695;0.13672;0.14648;0.15625;0.16602;0.17578;0.18555;0.19531;0.20508;0.21484;0.22461;0.23438;0.24414;0.25391;0.26367;0.27344;0.2832;0.29297;0.30273;0.3125;0.32227;0.33203;0.3418;0.35156;0.36133;0.37109;0.38086;0.39063;0.40039;0.41016;0.41992;0.42969;0.43945;0.44922;0.45898;0.46875;0.47852;0.48828;0.49805;0.50781;0.51758;0.52734;0.53711;0.54688;0.55664;0.56641;0.57617;0.58594;0.5957;0.60547;0.61523;0.625;0.63477;0.64453;0.6543;0.66406;0.67383;0.68359;0.69336;0.70313;0.71289;0.72266;0.73242;0.74219;0.75195;0.76172;0.77148;0.78125;0.79102,0.013133824;0.02725376;0.040797184;0.018845696;0.013635584;0.01492992;0.027934719999999996;0.051330047999999996;0.142887936;0.419269632;0.757516288;0.6820986880000001;0.47489023999999996;0.302959616;0.29816012799999997;0.322358272;0.15976550399999997;0.095064064;0.203078656;0.117699584;0.081375232;0.12864512;0.142446592;0.17351475199999997;0.12826726400000002;0.12619776000000002;0.103804928;0.082629632;0.083682304;0.09662976000000001;0.050495488000000005;0.040292352;0.061161472;0.04642304;0.045149184;0.03743232;0.029898752;0.023389184;0.01795584;0.023794688;0.022723583999999998;0.022436864;0.025142271999999997;0.020312063999999998;0.01324544;0.018771968;0.016362496;0.01199104;0.008008704;0.008048640000000001;0.011347967999999998;0.009242624;0.006309888;0.010362880000000001;0.007453696;0.006087679999999999;0.008107008;0.009315328;0.009100288;0.00603136;0.005675008;0.005766143999999999;0.007575551999999999;0.005134336000000001;0.0030627840000000003;0.003176448;0.002455552;0.0026808319999999997;0.0033925120000000003;0.003990528;0.002729984;0.00321536;0.002692096;0.0023807999999999998;0.002051072;0.0012441599999999998;0.0017530879999999999;0.00180736;0.0023203839999999996
1775219400,hdr,0.0293;0.03906;0.04883;0.05859;0.06836;0.07813;0.08789;0.09766;0.10742;0.11719;0.12695;0.13672;0.14648;0.15625;0.16602;0.17578;0.18555;0.19531;0.20508;0.21484;0.22461;0.23438;0.24414;0.25391;0.26367;0.27344;0.2832;0.29297;0.30273;0.3125;0.32227;0.33203;0.3418;0.35156;0.36133;0.37109;0.38086;0.39063;0.40039;0.41016;0.41992;0.42969;0.43945;0.44922;0.45898;0.46875;0.47852;0.48828;0.49805;0.50781;0.51758;0.52734;0.53711;0.54688;0.55664;0.56641;0.57617;0.58594;0.5957;0.60547;0.61523;0.625;0.63477;0.64453;0.6543;0.66406;0.67383;0.68359;0.69336;0.70313;0.71289;0.72266;0.73242;0.74219;0.75195;0.76172;0.77148;0.78125;0.79102,0.006382591999999999;0.009708544;0.010162176000000002;0.005608448;0.006426624000000001;0.010403840000000001;0.026054656000000002;0.055323648;0.18774528;0.334436352;0.535835648;0.728402944;0.468041728;0.40246067199999996;0.245454848;0.286600192;0.274642944;0.27947724799999996;0.20745216;0.1611776;0.114980864;0.143147008;0.162410496;0.132466688;0.16281804800000002;0.172720128;0.135412736;0.097516544;0.08897126400000001;0.06906368;0.050330624000000004;0.046553088000000006;0.047323136;0.039077888;0.031143936;0.03611136;0.047671295999999995;0.029342720000000003;0.023199743999999998;0.024211456;0.029949952000000002;0.031345664;0.019991552;0.01974272;0.016165888;0.007829504;0.009810944;0.01289216;0.013531136000000001;0.010435584000000001;0.007113728;0.007696384;0.009086976;0.0071864319999999995;0.006475776;0.0075796480000000005;0.009608192000000002;0.008617984;0.007067648;0.005597184;0.00392192;0.0035348480000000006;0.004678656;0.004608;0.003587072;0.004099072;0.0037375999999999998;0.002878464;0.002418688;0.0045670400000000005;0.0044103680000000004;0.0021606399999999997;0.002077696;0.0023818240000000003;0.002084864;0.0021821440000000004;0.001782784;0.001289216;0.0015431680000000001
1775220300,hdr,0.0293;0.03906;0.04883;0.05859;0.06836;0.07813;0.08789;0.09766;0.10742;0.11719;0.12695;0.13672;0.14648;0.15625;0.16602;0.17578;0.18555;0.19531;0.20508;0.21484;0.22461;0.23438;0.24414;0.25391;0.26367;0.27344;0.2832;0.29297;0.30273;0.3125;0.32227;0.33203;0.3418;0.35156;0.36133;0.37109;0.38086;0.39063;0.40039;0.41016;0.41992;0.42969;0.43945;0.44922;0.45898;0.46875;0.47852;0.48828;0.49805;0.50781;0.51758;0.52734;0.53711;0.54688;0.55664;0.56641;0.57617;0.58594;0.5957;0.60547;0.61523;0.625;0.63477;0.64453;0.6543;0.66406;0.67383;0.68359;0.69336;0.70313;0.71289;0.72266;0.73242;0.74219;0.75195;0.76172;0.77148;0.78125;0.79102,0.006342656;0.010857472;0.012361727999999999;0.016679936000000003;0.011065344;0.009421824;0.017342464;0.08782848;0.21458431999999997;0.41964953600000005;0.543014912;0.50523648;0.4444672;0.514249728;0.46029107199999997;0.272203776;0.21181952;0.221016064;0.26491187200000005;0.19795456;0.118275072;0.123994112;0.190370816;0.14318796800000003;0.15516672;0.123421696;0.10435583999999999;0.08218316799999999;0.046447616;0.034466816;0.050337792;0.05067776;0.030154751999999996;0.041293824;0.028829696;0.029288448;0.041980928;0.028797951999999998;0.032001024;0.035542015999999996;0.022009856;0.02830848;0.01989632;0.016268288;0.017691648;0.01528832;0.01531392;0.009136127999999999;0.010445824000000001;0.01199616;0.008481792000000002;0.011879424000000001;0.010266624;0.010155008;0.01098752;0.009836544;0.009033728;0.007513087999999999;0.008057855999999999;0.0075724799999999995;0.007171072;0.005569536;0.006746112;0.006499328;0.0057098240000000005;0.005307392;0.005791744;0.002742272;0.002807808;0.003161088;0.002931712;0.002163712;0.002627584;0.003273728;0.002052096;0.0011909120000000001;0.002231296;0.002613248;0.00269312
1775221200,hdr,0.0293;0.03906;0.04883;0.05859;0.06836;0.07813;0.08789;0.09766;0.10742;0.11719;0.12695;0.13672;0.14648;0.15625;0.16602;0.17578;0.18555;0.19531;0.20508;0.21484;0.22461;0.23438;0.24414;0.25391;0.26367;0.27344;0.2832;0.29297;0.30273;0.3125;0.32227;0.33203;0.3418;0.35156;0.36133;0.37109;0.38086;0.39063;0.40039;0.41016;0.41992;0.42969;0.43945;0.44922;0.45898;0.46875;0.47852;0.48828;0.49805;0.50781;0.51758;0.52734;0.53711;0.54688;0.55664;0.56641;0.57617;0.58594;0.5957;0.60547;0.61523;0.625;0.63477;0.64453;0.6543;0.66406;0.67383;0.68359;0.69336;0.70313;0.71289;0.72266;0.73242;0.74219;0.75195;0.76172;0.77148;0.78125;0.79102,0.0079872;0.008262655999999998;0.0075796480000000005;0.006766592000000001;0.00884736;0.010334208000000001;0.019170304;0.09142681600000001;0.28254105600000007;0.402889728;0.986672128;0.950073344;0.5710991360000001;0.458368;0.512528384;0.39458611200000004;0.280211456;0.122303488;0.12911513600000002;0.178885632;0.18408959999999996;0.113401856;0.175685632;0.19582976;0.14572544;0.11878195200000001;0.116655104;0.134556672;0.109713408;0.07667712;0.060588032;0.05533696;0.03912704;0.05358796799999999;0.041495552000000005;0.024177664;0.028818432;0.033201152000000005;0.028062719999999996;0.023288832;0.021740544;0.013198336;0.01238528;0.019080192;0.017879040000000002;0.021823488000000002;0.023641088;0.013981696;0.008349696;0.010181632;0.01390592;0.015633407999999998;0.015309824000000001;0.010553344;0.008820736000000001;0.010888192000000001;0.008470528;0.006488063999999999;0.010438656;0.007837696;0.003796992;0.0035010560000000002;0.00532992;0.0048762879999999995;0.0032849919999999996;0.002299904;0.003634176;0.005062656;0.004632576;0.002717696;0.001631232;0.0019189760000000002;0.001985536;0.003111936;0.003391488;0.0025139200000000002;0.002125824;0.0019527680000000001;0.002221056
1775222100,hdr,0.0293;0.03906;0.04883;0.05859;0.06836;0.07813;0.08789;0.09766;0.10742;0.11719;0.12695;0.13672;0.14648;0.15625;0.16602;0.17578;0.18555;0.19531;0.20508;0.21484;0.22461;0.23438;0.24414;0.25391;0.26367;0.27344;0.2832;0.29297;0.30273;0.3125;0.32227;0.33203;0.3418;0.35156;0.36133;0.37109;0.38086;0.39063;0.40039;0.41016;0.41992;0.42969;0.43945;0.44922;0.45898;0.46875;0.47852;0.48828;0.49805;0.50781;0.51758;0.52734;0.53711;0.54688;0.55664;0.56641;0.57617;0.58594;0.5957;0.60547;0.61523;0.625;0.63477;0.64453;0.6543;0.66406;0.67383;0.68359;0.69336;0.70313;0.71289;0.72266;0.73242;0.74219;0.75195;0.76172;0.77148;0.78125;0.79102,0.003963904;0.0062750720000000005;0.0043929600000000004;0.008370176000000002;0.016415744;0.024403968;0.029266944;0.046352383999999996;0.27665408;0.8898744319999999;1.019027456;0.67561984;0.514212864;0.43389235200000004;0.360947712;0.30056345599999995;0.25971097600000004;0.196058112;0.215288832;0.224375808;0.149479424;0.148958208;0.16166502399999996;0.16868761599999998;0.13392384000000002;0.133071872;0.09189683200000001;0.097824768;0.071046144;0.039369728;0.033717248;0.05376;0.06795264;0.055716864000000005;0.052469760000000004;0.039361536;0.048092159999999995;0.029663232;0.015307776;0.025273344;0.019983360000000002;0.023589888;0.027695103999999998;0.017828863999999996;0.017302527999999998;0.023952383999999997;0.012547072;0.009349119999999999;0.011066368;0.012443648;0.011512832;0.008755200000000001;0.00963584;0.01081856;0.012566528;0.007367680000000001;0.00792064;0.006587392000000001;0.0037375999999999998;0.005320704;0.0049582079999999995;0.0036812800000000003;0.002717696;0.0028088320000000003;0.003591168;0.004338688;0.00356352;0.0035860479999999997;0.002960384;0.0032757759999999998;0.003786752;0.0047841279999999995;0.0027822079999999996;0.002149376;0.001726464;0.002004992;0.0014796800000000001;0.0014827520000000002;0.00183808
1775223000,hdr,0.0293;0.03906;0.04883;0.05859;0.06836;0.07813;0.08789;0.09766;0.10742;0.11719;0.12695;0.13672;0.14648;0.15625;0.16602;0.17578;0.18555;0.19531;0.20508;0.21484;0.22461;0.23438;0.24414;0.25391;0.26367;0.27344;0.2832;0.29297;0.30273;0.3125;0.32227;0.33203;0.3418;0.35156;0.36133;0.37109;0.38086;0.39063;0.40039;0.41016;0.41992;0.42969;0.43945;0.44922;0.45898;0.46875;0.47852;0.48828;0.49805;0.50781;0.51758;0.52734;0.53711;0.54688;0.55664;0.56641;0.57617;0.58594;0.5957;0.60547;0.61523;0.625;0.63477;0.64453;0.6543;0.66406;0.67383;0.68359;0.69336;0.70313;0.71289;0.72266;0.73242;0.74219;0.75195;0.76172;0.77148;0.78125;0.79102,0.00459264;0.0120064;0.008836096;0.00628224;0.007584768;0.010490880000000001;0.025056256000000002;0.057294847999999995;0.177661952;0.309835776;0.733065216;0.8852981759999999;0.640743424;0.436733952;0.464685056;0.387631104;0.29837824;0.21650022400000002;0.233536512;0.195766272;0.166050816;0.187644928;0.13617561599999997;0.1160192;0.125100032;0.12140953600000001;0.07852339200000001;0.111956992;0.08364543999999999;0.074348544;0.060254208;0.043387904000000005;0.041060352;0.029002752;0.032351232;0.036734976;0.050787328;0.038899712;0.032777216;0.027941887999999998;0.018019328;0.015218688;0.011085824000000001;0.012598271999999999;0.013676544;0.011469823999999998;0.013618176;0.011635712;0.011315200000000001;0.011318272;0.015852544;0.015198208;0.008882176;0.009014272;0.005670912;0.005006336;0.00409088;0.0053063680000000005;0.006246400000000001;0.0028989440000000005;0.00370688;0.005405696;0.006381567999999999;0.007172095999999999;0.00662016;0.004799488;0.003211264;0.002516992;0.0034990079999999996;0.002205696;0.001929216;0.0023848959999999996;0.0019650559999999997;0.0018288640000000001;0.00270848;0.001972224;0.001220608;0.00160768;0.0019476480000000002
1775223900,hdr,0.0293;0.03906;0.04883;0.05859;0.06836;0.07813;0.08789;0.09766;0.10742;0.11719;0.12695;0.13672;0.14648;0.15625;0.16602;0.17578;0.18555;0.19531;0.20508;0.21484;0.22461;0.23438;0.24414;0.25391;0.26367;0.27344;0.2832;0.29297;0.30273;0.3125;0.32227;0.33203;0.3418;0.35156;0.36133;0.37109;0.38086;0.39063;0.40039;0.41016;0.41992;0.42969;0.43945;0.44922;0.45898;0.46875;0.47852;0.48828;0.49805;0.50781;0.51758;0.52734;0.53711;0.54688;0.55664;0.56641;0.57617;0.58594;0.5957;0.60547;0.61523;0.625;0.63477;0.64453;0.6543;0.66406;0.67383;0.68359;0.69336;0.70313;0.71289;0.72266;0.73242;0.74219;0.75195;0.76172;0.77148;0.78125;0.79102,0.0046919679999999995;0.008056832;0.009957376;0.008433664;0.007069696000000001;0.008976384;0.022675456000000004;0.08545689599999999;0.5653893120000001;1.4443376639999999;1.87339776;1.408657408;0.7629332480000001;0.391555072;0.409264128;0.517187584;0.234801152;0.17743052800000003;0.180430848;0.18338406399999999;0.20910079999999998;0.177145856;0.244772864;0.22293503999999997;0.17394892799999997;0.146194432;0.161277952;0.130756608;0.07932518399999999;0.064487424;0.062947328;0.049405951999999996;0.046954496;0.042911744;0.038307839999999996;0.024313856;0.020609024;0.013457407999999999;0.016975872;0.02294784;0.022239232;0.0245248;0.02117632;0.017805312;0.01533952;0.0153088;0.019853311999999998;0.015943680000000002;0.01115136;0.012994559999999999;0.010174464;0.008814592;0.006201344;0.007772160000000001;0.009084927999999999;0.006121471999999999;0.007419904;0.0049152;0.005060608;0.005382144;0.0062976;0.005505024;0.004417536;0.005298175999999999;0.004071424000000001;0.0034263040000000002;0.004483072;0.003835904;0.0022528;0.002746368;0.0033976320000000003;0.002183168;0.002125824;0.002361344;0.0020582400000000002;0.001110016;0.0008151040000000001;0.001153024;0.0016424959999999998
1775224800,hdr,0.0293;0.03906;0.04883;0.05859;0.06836;0.07813;0.08789;0.09766;0.10742;0.11719;0.12695;0.13672;0.14648;0.15625;0.16602;0.17578;0.18555;0.19531;0.20508;0.21484;0.22461;0.23438;0.24414;0.25391;0.26367;0.27344;0.2832;0.29297;0.30273;0.3125;0.32227;0.33203;0.3418;0.35156;0.36133;0.37109;0.38086;0.39063;0.40039;0.41016;0.41992;0.42969;0.43945;0.44922;0.45898;0.46875;0.47852;0.48828;0.49805;0.50781;0.51758;0.52734;0.53711;0.54688;0.55664;0.56641;0.57617;0.58594;0.5957;0.60547;0.61523;0.625;0.63477;0.64453;0.6543;0.66406;0.67383;0.68359;0.69336;0.70313;0.71289;0.72266;0.73242;0.74219;0.75195;0.76172;0.77148;0.78125;0.79102,0.0036085759999999996;0.01132032;0.012243968000000001;0.004931584;0.008624128;0.021168128;0.058086399999999996;0.121757696;0.271876096;0.726813696;0.976657408;0.676258816;0.78861312;0.47419289600000003;0.618940416;0.592531456;0.308921344;0.181284864;0.18145894399999998;0.217112576;0.23576064;0.16105676800000002;0.11188838400000001;0.105532416;0.15527833600000002;0.141871104;0.098509824;0.109314048;0.095249408;0.07944499199999999;0.062962688;0.059396095999999995;0.048559104;0.058441728;0.038233088000000005;0.027625471999999998;0.02533888;0.030340095999999997;0.024528896;0.02589184;0.037295104;0.023607296000000003;0.019116031999999998;0.017558527999999997;0.013381632;0.015126528;0.017429504000000002;0.013904896;0.008810496000000001;0.008233984;0.007010304;0.004865024;0.006327296;0.005690368;0.004500479999999999;0.005425152;0.004870144;0.005271552;0.008757248000000002;0.005284863999999999;0.005065728;0.005903360000000001;0.004012032;0.003828736;0.004850688;0.004304896000000001;0.003303424;0.003724288;0.001364992;0.0010803199999999998;0.001934336;0.002003968;0.002038784;0.0020756480000000002;0.0016424959999999998;0.001956864;0.0020418560000000003;0.001985536;0.001536
1775225700,hdr,0.0293;0.03906;0.04883;0.05859;0.06836;0.07813;0.08789;0.09766;0.10742;0.11719;0.12695;0.13672;0.14648;0.15625;0.16602;0.17578;0.18555;0.19531;0.20508;0.21484;0.22461;0.23438;0.24414;0.25391;0.26367;0.27344;0.2832;0.29297;0.30273;0.3125;0.32227;0.33203;0.3418;0.35156;0.36133;0.37109;0.38086;0.39063;0.40039;0.41016;0.41992;0.42969;0.43945;0.44922;0.45898;0.46875;0.47852;0.48828;0.49805;0.50781;0.51758;0.52734;0.53711;0.54688;0.55664;0.56641;0.57617;0.58594;0.5957;0.60547;0.61523;0.625;0.63477;0.64453;0.6543;0.66406;0.67383;0.68359;0.69336;0.70313;0.71289;0.72266;0.73242;0.74219;0.75195;0.76172;0.77148;0.78125;0.79102,0.004226048;0.00973312;0.011864064;0.005586944;0.013364224000000001;0.019684352;0.042919936;0.14165504;0.320992256;0.620010496;0.9744742399999999;0.8161105919999999;0.929804288;0.680788992;0.400175104;0.327455744;0.24487936;0.225248256;0.27668992;0.239889408;0.196680704;0.181696512;0.181394432;0.101987328;0.122989568;0.122331136;0.108034048;0.079212544;0.049914879999999995;0.074375168;0.068467712;0.048165888;0.039839744;0.056090624;0.042919936;0.046342144;0.051919872;0.035638272;0.017716224000000003;0.017831935999999996;0.024295424;0.023064575999999996;0.02281984;0.019540992;0.009505791999999999;0.016708608;0.016975872;0.010274815999999999;0.010087424000000001;0.012606464;0.013338624;0.008805376;0.009435136;0.00885248;0.012091392000000001;0.008247296;0.006995968000000001;0.008900608;0.006716416;0.004645888;0.005869568;0.005778432;0.00364544;0.00373248;0.005854208;0.004585472000000001;0.0036843519999999997;0.003065856;0.003032064;0.003273728;0.0036280320000000002;0.0029870079999999998;0.00176128;0.0015964160000000002;0.001840128;0.002207744;0.00159232;0.001717248;0.0018513919999999999
1775226600,hdr,0.0293;0.03906;0.04883;0.05859;0.06836;0.07813;0.08789;0.09766;0.10742;0.11719;0.12695;0.13672;0.14648;0.15625;0.16602;0.17578;0.18555;0.19531;0.20508;0.21484;0.22461;0.23438;0.24414;0.25391;0.26367;0.27344;0.2832;0.29297;0.30273;0.3125;0.32227;0.33203;0.3418;0.35156;0.36133;0.37109;0.38086;0.39063;0.40039;0.41016;0.41992;0.42969;0.43945;0.44922;0.45898;0.46875;0.47852;0.48828;0.49805;0.50781;0.51758;0.52734;0.53711;0.54688;0.55664;0.56641;0.57617;0.58594;0.5957;0.60547;0.61523;0.625;0.63477;0.64453;0.6543;0.66406;0.67383;0.68359;0.69336;0.70313;0.71289;0.72266;0.73242;0.74219;0.75195;0.76172;0.77148;0.78125;0.79102,0.002082816;0.004911104;0.007327744;0.009193472;0.0019128320000000002;0.010969088;0.028862464;0.091129856;0.393433088;1.085806592;1.496311808;1.2011397119999998;0.855369728;0.605519872;0.369199104;0.33831731200000004;0.37539635199999993;0.23373209600000003;0.21272166399999998;0.206036992;0.16969728;0.23549542400000004;0.181204992;0.153102336;0.21466316800000002;0.15682969600000002;0.09584640000000001;0.07130112;0.06607872000000001;0.070893568;0.0756736;0.058636288;0.051275775999999995;0.04282572799999999;0.06763519999999999;0.032745472;0.023496704;0.034902016;0.027676672;0.030640128;0.034660352000000005;0.02203648;0.02820096;0.018819072;0.023277568;0.016291840000000002;0.009070591999999999;0.010752;0.011825152;0.012306431999999999;0.008822784;0.00889856;0.009644031999999999;0.009404415999999999;0.007708672;0.006055936;0.008261632000000001;0.00792576;0.005507072;0.004388863999999999;0.00534528;0.0040366080000000006;0.004141056;0.003868672;0.00549888;0.004859904000000001;0.002717696;0.002514944;0.0031334399999999995;0.004005887999999999;0.0028385280000000003;0.002613248;0.002291712;0.003069952;0.003913728;0.003473408;0.0023203839999999996;0.001705984;0.002054144
1775227500,hdr,0.0293;0.03906;0.04883;0.05859;0.06836;0.07813;0.08789;0.09766;0.10742;0.11719;0.12695;0.13672;0.14648;0.15625;0.16602;0.17578;0.18555;0.19531;0.20508;0.21484;0.22461;0.23438;0.24414;0.25391;0.26367;0.27344;0.2832;0.29297;0.30273;0.3125;0.32227;0.33203;0.3418;0.35156;0.36133;0.37109;0.38086;0.39063;0.40039;0.41016;0.41992;0.42969;0.43945;0.44922;0.45898;0.46875;0.47852;0.48828;0.49805;0.50781;0.51758;0.52734;0.53711;0.54688;0.55664;0.56641;0.57617;0.58594;0.5957;0.60547;0.61523;0.625;0.63477;0.64453;0.6543;0.66406;0.67383;0.68359;0.69336;0.70313;0.71289;0.72266;0.73242;0.74219;0.75195;0.76172;0.77148;0.78125;0.79102,0.001263616;0.008593408;0.013817856000000002;0.004882432;0.0032174079999999997;0.011327488000000002;0.044777472;0.107882496;0.46472192;1.386928128;1.270706176;0.65983488;0.610439168;0.8386682879999999;0.846600192;0.698488832;0.40087756799999996;0.28449177600000003;0.156254208;0.09351782400000001;0.096413696;0.099790848;0.08909824000000001;0.14388838399999998;0.173795328;0.136876032;0.135473152;0.1212416;0.08234188799999999;0.06659481599999999;0.049405951999999996;0.051986432;0.032165888000000004;0.039391232000000005;0.036204544;0.031193088;0.032700415999999996;0.030961664;0.029280256;0.019189759999999997;0.01086464;0.011087872;0.010964992;0.012771328000000002;0.016390144;0.015732736;0.010063872;0.01470464;0.011343872;0.006424576;0.0076840960000000005;0.007540736;0.005093376;0.005777408;0.011010048;0.012494848;0.007782399999999999;0.004919296;0.00512;0.006727680000000001;0.0057794560000000005;0.007479295999999999;0.0066048;0.003207168;0.002619392;0.00183296;0.003356672;0.0049704960000000005;0.002820096;0.0037847040000000003;0.0036474880000000004;0.0019251199999999998;0.0018923520000000001;0.002568192;0.00162816;0.0013864959999999999;0.0016404479999999999;0.0019886079999999998;0.0018698239999999997
1775228400,hdr,0.0293;0.03906;0.04883;0.05859;0.06836;0.07813;0.08789;0.09766;0.10742;0.11719;0.12695;0.13672;0.14648;0.15625;0.16602;0.17578;0.18555;0.19531;0.20508;0.21484;0.22461;0.23438;0.24414;0.25391;0.26367;0.27344;0.2832;0.29297;0.30273;0.3125;0.32227;0.33203;0.3418;0.35156;0.36133;0.37109;0.38086;0.39063;0.40039;0.41016;0.41992;0.42969;0.43945;0.44922;0.45898;0.46875;0.47852;0.48828;0.49805;0.50781;0.51758;0.52734;0.53711;0.54688;0.55664;0.56641;0.57617;0.58594;0.5957;0.60547;0.61523;0.625;0.63477;0.64453;0.6543;0.66406;0.67383;0.68359;0.69336;0.70313;0.71289;0.72266;0.73242;0.74219;0.75195;0.76172;0.77148;0.78125;0.79102,0.005625855999999999;0.006107135999999999;0.008189952;0.011206656;0.010057727999999998;0.011268096;0.037662720000000004;0.162238464;0.536594432;1.2055674879999998;1.730275328;1.082218496;0.935739392;0.780005376;0.581259264;0.42168934399999997;0.29777100799999995;0.316147712;0.16272179199999998;0.17801830400000002;0.162725888;0.09730048;0.11787264;0.221673472;0.17671372800000001;0.11687731200000001;0.08002150399999998;0.08259379199999999;0.08028774400000001;0.061130752000000003;0.036268032;0.043479040000000004;0.033378304;0.030173184;0.039856128;0.031834112;0.028512256;0.034945024;0.028790784;0.021690367999999998;0.015890432;0.02243584;0.021422080000000003;0.017002496;0.011851776;0.0111616;0.013301760000000001;0.015720447999999998;0.013246464;0.011970560000000002;0.010283008;0.0077393919999999995;0.00551936;0.006453248000000001;0.007940095999999999;0.005699584;0.006248447999999999;0.007634943999999999;0.00546816;0.004104192;0.0050155519999999995;0.005775359999999999;0.004050944000000001;0.0037724160000000002;0.003858432;0.0055705600000000004;0.004245504000000001;0.0025456639999999996;0.0016732160000000002;0.0016220159999999998;0.001581056;0.0026296320000000002;0.001794048;0.0020357120000000003;0.00176128;0.0011161600000000002;0.001441792;0.00193536;0.0020172799999999998
1775229300,hdr,0.0293;0.03906;0.04883;0.05859;0.06836;0.07813;0.08789;0.09766;0.10742;0.11719;0.12695;0.13672;0.14648;0.15625;0.16602;0.17578;0.18555;0.19531;0.20508;0.21484;0.22461;0.23438;0.24414;0.25391;0.26367;0.27344;0.2832;0.29297;0.30273;0.3125;0.32227;0.33203;0.3418;0.35156;0.36133;0.37109;0.38086;0.39063;0.40039;0.41016;0.41992;0.42969;0.43945;0.44922;0.45898;0.46875;0.47852;0.48828;0.49805;0.50781;0.51758;0.52734;0.53711;0.54688;0.55664;0.56641;0.57617;0.58594;0.5957;0.60547;0.61523;0.625;0.63477;0.64453;0.6543;0.66406;0.67383;0.68359;0.69336;0.70313;0.71289;0.72266;0.73242;0.74219;0.75195;0.76172;0.77148;0.78125;0.79102,0.001927168;0.006025216000000001;0.008282112;0.00771072;0.009207808000000001;0.01415168;0.019668992;0.09000960000000001;0.451608576;0.9746984959999999;1.3150208;0.984393728;0.693991424;0.464017408;0.47366348799999997;0.6304215040000001;0.535402496;0.290048;0.22771097599999998;0.23690239999999999;0.161437696;0.15593881599999998;0.17103462400000002;0.113025024;0.11360051199999999;0.14026751999999998;0.126765056;0.084385792;0.07457792;0.07518617600000001;0.042651648;0.026451968;0.019908608;0.024127488000000002;0.03176448;0.025389056;0.018698239999999998;0.016158719999999998;0.01634304;0.01885184;0.021354496000000004;0.021796864;0.021579776;0.024336384;0.019554304;0.015872;0.011501568000000002;0.013340672000000001;0.015063040000000001;0.011063295999999999;0.007489536;0.013295616;0.011030528;0.009992191999999999;0.008357888;0.007743488000000001;0.0062976;0.004864;0.005597184;0.006072320000000001;0.005156864;0.00559104;0.004128768;0.0039936;0.004169728;0.0032460799999999997;0.0042905600000000006;0.004124672;0.002818048;0.0021360640000000005;0.001544192;0.002115584;0.0024576;0.001968128;0.0020029439999999996;0.0009318400000000001;0.0014929920000000003;0.001681408;0.001783808
1775230200,hdr,0.0293;0.03906;0.04883;0.05859;0.06836;0.07813;0.08789;0.09766;0.10742;0.11719;0.12695;0.13672;0.14648;0.15625;0.16602;0.17578;0.18555;0.19531;0.20508;0.21484;0.22461;0.23438;0.24414;0.25391;0.26367;0.27344;0.2832;0.29297;0.30273;0.3125;0.32227;0.33203;0.3418;0.35156;0.36133;0.37109;0.38086;0.39063;0.40039;0.41016;0.41992;0.42969;0.43945;0.44922;0.45898;0.46875;0.47852;0.48828;0.49805;0.50781;0.51758;0.52734;0.53711;0.54688;0.55664;0.56641;0.57617;0.58594;0.5957;0.60547;0.61523;0.625;0.63477;0.64453;0.6543;0.66406;0.67383;0.68359;0.69336;0.70313;0.71289;0.72266;0.73242;0.74219;0.75195;0.76172;0.77148;0.78125;0.79102,0.003868672;0.007837696;0.008738816;0.008036352;0.007030784;0.012705792;0.03529728;0.104482816;0.303202304;0.957384704;1.193158656;0.9332224;0.9640898560000001;0.59017216;0.48927744;0.691347456;0.521863168;0.27356159999999996;0.22785024;0.140525568;0.146972672;0.20128768;0.21098496;0.18614067199999998;0.137025536;0.12450201600000001;0.08216166400000001;0.057438208000000004;0.06157312;0.066680832;0.104392704;0.055359488;0.051996672;0.055052288;0.047888384000000006;0.038223872000000006;0.027922432;0.029272063999999997;0.022591487999999996;0.035473408;0.028848128;0.019994624000000003;0.017248256;0.025952255999999996;0.015880191999999998;0.009512959999999999;0.012269568;0.008022016;0.007438335999999999;0.011634688;0.014329856;0.01224704;0.008388608;0.009066496;0.0069222400000000005;0.005761024;0.006797312;0.005122048000000001;0.004259839999999999;0.0029265919999999996;0.00401408;0.006129664;0.004165632;0.002377728;0.004564992;0.0045199360000000004;0.0038338559999999996;0.004296704;0.004390912;0.003674112;0.003446784;0.002514944;0.002420736;0.001783808;0.00177152;0.0016691199999999998;0.001523712;0.001122304;0.000907264
1775231100,hdr,0.0293;0.03906;0.04883;0.05859;0.06836;0.07813;0.08789;0.09766;0.10742;0.11719;0.12695;0.13672;0.14648;0.15625;0.16602;0.17578;0.18555;0.19531;0.20508;0.21484;0.22461;0.23438;0.24414;0.25391;0.26367;0.27344;0.2832;0.29297;0.30273;0.3125;0.32227;0.33203;0.3418;0.35156;0.36133;0.37109;0.38086;0.39063;0.40039;0.41016;0.41992;0.42969;0.43945;0.44922;0.45898;0.46875;0.47852;0.48828;0.49805;0.50781;0.51758;0.52734;0.53711;0.54688;0.55664;0.56641;0.57617;0.58594;0.5957;0.60547;0.61523;0.625;0.63477;0.64453;0.6543;0.66406;0.67383;0.68359;0.69336;0.70313;0.71289;0.72266;0.73242;0.74219;0.75195;0.76172;0.77148;0.78125;0.79102,0.003067904;0.006692864000000001;0.010242048;0.008836096;0.004130816000000001;0.016965631999999998;0.025887744;0.091783168;0.27197644800000004;0.645842944;0.992565248;0.979344384;0.586174464;0.34706432;0.370705408;0.428638208;0.24177254400000003;0.181436416;0.16257024000000003;0.121171968;0.09537024;0.10227712;0.200286208;0.225048576;0.15769907200000002;0.099446784;0.055477248;0.071840768;0.07498239999999999;0.059731968;0.06571724799999999;0.044084224000000005;0.041463808;0.042499072;0.045786112000000004;0.040811520000000004;0.028854272;0.023621632;0.027737088;0.029697024;0.018180095999999996;0.018857983999999998;0.02737152;0.024298496;0.016376832;0.011181056;0.01165824;0.009804799999999999;0.011804672;0.012486656;0.011350016;0.007775232;0.0045844480000000005;0.00790016;0.008470528;0.008122368;0.00777728;0.004655103999999999;0.0051722240000000004;0.004413439999999999;0.002019328;0.003295232;0.003695616;0.003081216;0.003805184;0.003694592;0.003562496;0.003357696;0.0025856;0.0026480640000000003;0.002102272;0.001580032;0.0015185919999999998;0.001519616;0.00200192;0.00141312;0.001302528;0.001271808;0.001238016
1775232000,hdr,0.0293;0.03906;0.04883;0.05859;0.06836;0.07813;0.08789;0.09766;0.10742;0.11719;0.12695;0.13672;0.14648;0.15625;0.16602;0.17578;0.18555;0.19531;0.20508;0.21484;0.22461;0.23438;0.24414;0.25391;0.26367;0.27344;0.2832;0.29297;0.30273;0.3125;0.32227;0.33203;0.3418;0.35156;0.36133;0.37109;0.38086;0.39063;0.40039;0.41016;0.41992;0.42969;0.43945;0.44922;0.45898;0.46875;0.47852;0.48828;0.49805;0.50781;0.51758;0.52734;0.53711;0.54688;0.55664;0.56641;0.57617;0.58594;0.5957;0.60547;0.61523;0.625;0.63477;0.64453;0.6543;0.66406;0.67383;0.68359;0.69336;0.70313;0.71289;0.72266;0.73242;0.74219;0.75195;0.76172;0.77148;0.78125;0.79102,0.003885056;0.006846464;0.007286783999999999;0.00676864;0.0077189120000000005;0.014936064;0.052174847999999996;0.14608179200000002;0.38199500799999997;0.6427115520000001;1.2957777920000002;1.3570519039999998;0.849657856;0.469716992;0.43072512;0.36408319999999994;0.334616576;0.20280320000000002;0.10683801600000001;0.1388544;0.18796544;0.20794368;0.184338432;0.126736384;0.102596608;0.123140096;0.149643264;0.07174144;0.045987839999999995;0.06765568000000001;0.08146739200000001;0.052606976;0.057038847999999996;0.050409472000000004;0.046454784;0.026560511999999998;0.024836096000000002;0.036325376;0.023662592;0.020500479999999998;0.020185088;0.016840703999999998;0.029837312;0.031850496;0.020320256000000002;0.017958912;0.013600768;0.009938944;0.013899775999999999;0.014915584;0.011907072;0.01077248;0.008636416000000001;0.009887743999999999;0.008679424;0.004950016;0.004745216;0.004573184;0.004517888;0.00544768;0.004845568000000001;0.004818944;0.005058559999999999;0.004087808;0.0029061119999999998;0.002895872;0.002486272;0.002291712;0.003487744;0.0031784960000000003;0.0033976320000000003;0.0023408640000000002;0.0014704639999999999;0.001861632;0.0015872;0.001349632;0.001542144;0.001452032;0.001634304
1775232900,hdr,0.0293;0.03906;0.04883;0.05859;0.06836;0.07813;0.08789;0.09766;0.10742;0.11719;0.12695;0.13672;0.14648;0.15625;0.16602;0.17578;0.18555;0.19531;0.20508;0.21484;0.22461;0.23438;0.24414;0.25391;0.26367;0.27344;0.2832;0.29297;0.30273;0.3125;0.32227;0.33203;0.3418;0.35156;0.36133;0.37109;0.38086;0.39063;0.40039;0.41016;0.41992;0.42969;0.43945;0.44922;0.45898;0.46875;0.47852;0.48828;0.49805;0.50781;0.51758;0.52734;0.53711;0.54688;0.55664;0.56641;0.57617;0.58594;0.5957;0.60547;0.61523;0.625;0.63477;0.64453;0.6543;0.66406;0.67383;0.68359;0.69336;0.70313;0.71289;0.72266;0.73242;0.74219;0.75195;0.76172;0.77148;0.78125;0.79102,0.0038082560000000003;0.012420096;0.010679296;0.0059965439999999995;0.00722944;0.018040832000000003;0.057111552;0.087627776;0.15374233599999998;0.490089472;0.8692848639999999;0.942204928;0.635569152;0.622747648;0.707549184;0.47138099199999994;0.246651904;0.13391872;0.15635968;0.131236864;0.157718528;0.13999923200000003;0.175511552;0.172986368;0.10200576;0.07054233600000001;0.067334144;0.073104384;0.055304192;0.0629504;0.05937254399999999;0.04296703999999999;0.041178112;0.045810688;0.046800896;0.03204096;0.035420160000000006;0.036697088;0.030953472000000003;0.026719232;0.02176;0.012829696;0.018481152;0.019784704;0.010711040000000002;0.008446975999999998;0.010686464;0.011159552;0.009307136;0.009678848;0.008527872;0.00610816;0.006874112;0.007906304;0.006670336000000001;0.005272576;0.0067082240000000005;0.00489472;0.00489984;0.0046714880000000005;0.004046848;0.005177344;0.00414208;0.0036648960000000004;0.00242176;0.00255488;0.0024504320000000002;0.003216384;0.002386944;0.001180672;0.002613248;0.002043904;0.002038784;0.001666048;0.001794048;0.001861632;0.0018524160000000002;0.001289216;0.001371136
1775233800,hdr,0.0293;0.03906;0.04883;0.05859;0.06836;0.07813;0.08789;0.09766;0.10742;0.11719;0.12695;0.13672;0.14648;0.15625;0.16602;0.17578;0.18555;0.19531;0.20508;0.21484;0.22461;0.23438;0.24414;0.25391;0.26367;0.27344;0.2832;0.29297;0.30273;0.3125;0.32227;0.33203;0.3418;0.35156;0.36133;0.37109;0.38086;0.39063;0.40039;0.41016;0.41992;0.42969;0.43945;0.44922;0.45898;0.46875;0.47852;0.48828;0.49805;0.50781;0.51758;0.52734;0.53711;0.54688;0.55664;0.56641;0.57617;0.58594;0.5957;0.60547;0.61523;0.625;0.63477;0.64453;0.6543;0.66406;0.67383;0.68359;0.69336;0.70313;0.71289;0.72266;0.73242;0.74219;0.75195;0.76172;0.77148;0.78125;0.79102,0.002197504;0.0066437119999999995;0.005724160000000001;0.002762752;0.002031616;0.007673856;0.027039743999999998;0.152551424;0.439390208;1.057656832;1.496358912;1.0784051199999998;0.637714432;0.780351488;0.632297472;0.34433024;0.31410380800000004;0.225011712;0.22552166399999998;0.20639539199999998;0.184643584;0.142733312;0.111931392;0.108101632;0.153040896;0.141234176;0.08707072;0.07429939199999999;0.08365056;0.064002048;0.058451968;0.050018304000000006;0.037937151999999995;0.033538048;0.026494976000000003;0.02706432;0.023652351999999998;0.02601984;0.017774591999999995;0.015714304;0.013729792;0.013023232;0.014477311999999999;0.015826944;0.010754047999999999;0.013447167999999999;0.013361152;0.013062144;0.011819008;0.008617984;0.006176768;0.005658624;0.006189055999999999;0.005029888;0.006242304;0.005586944;0.004407296;0.003592192;0.0027729919999999997;0.0034918399999999995;0.00418816;0.00472064;0.003774464;0.002048;0.0022097920000000004;0.002824192;0.0022466560000000005;0.0022978559999999996;0.001959936;0.002179072;0.002236416;0.0022302719999999997;0.0023674879999999996;0.0028057599999999996;0.002082816;0.00187392;0.001353728;0.001234944;0.001212416
1775234700,hdr,0.0293;0.03906;0.04883;0.05859;0.06836;0.07813;0.08789;0.09766;0.10742;0.11719;0.12695;0.13672;0.14648;0.15625;0.16602;0.17578;0.18555;0.19531;0.20508;0.21484;0.22461;0.23438;0.24414;0.25391;0.26367;0.27344;0.2832;0.29297;0.30273;0.3125;0.32227;0.33203;0.3418;0.35156;0.36133;0.37109;0.38086;0.39063;0.40039;0.41016;0.41992;0.42969;0.43945;0.44922;0.45898;0.46875;0.47852;0.48828;0.49805;0.50781;0.51758;0.52734;0.53711;0.54688;0.55664;0.56641;0.57617;0.58594;0.5957;0.60547;0.61523;0.625;0.63477;0.64453;0.6543;0.66406;0.67383;0.68359;0.69336;0.70313;0.71289;0.72266;0.73242;0.74219;0.75195;0.76172;0.77148;0.78125;0.79102,0.006510592;0.016427008000000003;0.02048;0.0070144000000000005;0.010862591999999999;0.024414208;0.044529664;0.12104704;0.36937728;0.7442186239999999;1.1798978560000002;1.31462144;0.869902336;0.78219264;0.598812672;0.35453747199999996;0.19428352000000002;0.19170918399999998;0.12996608;0.110565376;0.10686464;0.12257075199999999;0.14441676799999997;0.11998003199999999;0.127588352;0.144738304;0.11506688000000001;0.076556288;0.065564672;0.053833728000000004;0.058372096;0.042692608;0.038547456;0.035035136;0.033036288000000004;0.033427456;0.016879615999999997;0.016482304;0.024840192;0.013361152;0.015652864;0.02115584;0.013983744000000001;0.01307648;0.007356416;0.0064593919999999996;0.00565248;0.009216;0.007792639999999999;0.005953536;0.006240256;0.005019648;0.005085184;0.0062627839999999995;0.008468479999999999;0.005863424;0.0039075839999999995;0.0053043199999999995;0.005619712;0.004644864;0.004651008;0.0034242560000000005;0.0028999679999999997;0.003151872;0.002910208;0.0035778560000000004;0.00371712;0.0032358400000000002;0.002807808;0.0025047039999999995;0.001820672;0.0011366400000000002;0.001091584;0.0016895999999999999;0.002199552;0.002443264;0.0019947520000000002;0.00123904;0.0011366400000000002
1775235600,hdr,0.0293;0.03906;0.04883;0.05859;0.06836;0.07813;0.08789;0.09766;0.10742;0.11719;0.12695;0.13672;0.14648;0.15625;0.16602;0.17578;0.18555;0.19531;0.20508;0.21484;0.22461;0.23438;0.24414;0.25391;0.26367;0.27344;0.2832;0.29297;0.30273;0.3125;0.32227;0.33203;0.3418;0.35156;0.36133;0.37109;0.38086;0.39063;0.40039;0.41016;0.41992;0.42969;0.43945;0.44922;0.45898;0.46875;0.47852;0.48828;0.49805;0.50781;0.51758;0.52734;0.53711;0.54688;0.55664;0.56641;0.57617;0.58594;0.5957;0.60547;0.61523;0.625;0.63477;0.64453;0.6543;0.66406;0.67383;0.68359;0.69336;0.70313;0.71289;0.72266;0.73242;0.74219;0.75195;0.76172;0.77148;0.78125;0.79102,0.005103616;0.013070336;0.013940735999999999;0.009740288;0.009605119999999998;0.00971776;0.026959872;0.11799961600000002;0.265793536;0.5463551999999999;1.1981230079999998;1.2832768;1.13872896;0.664487936;0.38907494400000003;0.322838528;0.265283584;0.19338239999999998;0.255676416;0.18245017600000002;0.093001728;0.065964032;0.076460032;0.113727488;0.068550656;0.060788735999999996;0.052226048;0.060915712;0.06019891199999999;0.057131008000000004;0.040892416;0.044589055999999995;0.057008128;0.041312256;0.020850688000000003;0.018776064000000002;0.026302464;0.025167872;0.018425856;0.018837504;0.025696256;0.022624256;0.018307072;0.015788032;0.011290623999999999;0.01559552;0.018716672;0.012025856;0.008564736000000002;0.008220672;0.009203712;0.008757248000000002;0.00836608;0.004442112;0.004042752;0.006492159999999999;0.0047104;0.00555008;0.004552704;0.00524288;0.006682624;0.005036031999999999;0.004687871999999999;0.00453632;0.00415744;0.006193152;0.003991552;0.002310144;0.0036433919999999996;0.002199552;0.0019824639999999998;0.0021524480000000004;0.001462272;0.002164736;0.002578432;0.001695744;0.001789952;0.001486848;0.001591296
1775236500,hdr,0.0293;0.03906;0.04883;0.05859;0.06836;0.07813;0.08789;0.09766;0.10742;0.11719;0.12695;0.13672;0.14648;0.15625;0.16602;0.17578;0.18555;0.19531;0.20508;0.21484;0.22461;0.23438;0.24414;0.25391;0.26367;0.27344;0.2832;0.29297;0.30273;0.3125;0.32227;0.33203;0.3418;0.35156;0.36133;0.37109;0.38086;0.39063;0.40039;0.41016;0.41992;0.42969;0.43945;0.44922;0.45898;0.46875;0.47852;0.48828;0.49805;0.50781;0.51758;0.52734;0.53711;0.54688;0.55664;0.56641;0.57617;0.58594;0.5957;0.60547;0.61523;0.625;0.63477;0.64453;0.6543;0.66406;0.67383;0.68359;0.69336;0.70313;0.71289;0.72266;0.73242;0.74219;0.75195;0.76172;0.77148;0.78125;0.79102,0.006555648;0.014051328;0.010786816000000001;0.006207488;0.009631744;0.011419648000000001;0.018671616000000002;0.067637248;0.25501491200000004;0.447100928;1.12535552;1.2866048;1.086347264;0.52182016;0.297781248;0.38009241600000004;0.34788761599999996;0.233947136;0.21629952;0.146382848;0.12928409600000002;0.15151308800000002;0.1614336;0.16412262400000002;0.08671641599999999;0.07476633599999999;0.09000960000000001;0.094466048;0.077568;0.06881075199999999;0.048869376000000006;0.04207616;0.046180352;0.035100672000000006;0.025694208;0.028092416000000002;0.02991104;0.0286208;0.020633600000000002;0.020361216;0.02151424;0.022648831999999997;0.022798336;0.015536128000000001;0.009199616;0.008626176;0.011907072;0.009592832;0.007815167999999999;0.00904192;0.008585216;0.006920192;0.00699392;0.00451584;0.006881280000000001;0.00652288;0.005216255999999999;0.004700160000000001;0.004737024;0.00354304;0.004155392;0.003422208;0.002748416;0.003411968;0.004964352;0.003731456;0.003786752;0.003559424;0.003313664;0.002879488;0.0036515840000000003;0.002551808;0.001775616;0.00303104;0.003510272;0.002594816;0.00242688;0.002021376;0.00185344
1775237400,hdr,0.0293;0.03906;0.04883;0.05859;0.06836;0.07813;0.08789;0.09766;0.10742;0.11719;0.12695;0.13672;0.14648;0.15625;0.16602;0.17578;0.18555;0.19531;0.20508;0.21484;0.22461;0.23438;0.24414;0.25391;0.26367;0.27344;0.2832;0.29297;0.30273;0.3125;0.32227;0.33203;0.3418;0.35156;0.36133;0.37109;0.38086;0.39063;0.40039;0.41016;0.41992;0.42969;0.43945;0.44922;0.45898;0.46875;0.47852;0.48828;0.49805;0.50781;0.51758;0.52734;0.53711;0.54688;0.55664;0.56641;0.57617;0.58594;0.5957;0.60547;0.61523;0.625;0.63477;0.64453;0.6543;0.66406;0.67383;0.68359;0.69336;0.70313;0.71289;0.72266;0.73242;0.74219;0.75195;0.76172;0.77148;0.78125;0.79102,0.004013055999999999;0.010010624;0.009659392;0.00925184;0.011997184000000001;0.017547264;0.049325056;0.10406502399999999;0.14052147199999998;0.5284321280000001;0.811505664;0.843606016;0.7425372159999999;0.615296;0.534089728;0.40547020800000005;0.257076224;0.224791552;0.185075712;0.12706304000000002;0.185822208;0.19531263999999998;0.203697152;0.18566656;0.11511603200000001;0.109841408;0.12689203200000002;0.08340787200000001;0.062465024;0.059070464;0.070734848;0.047012864;0.031076351999999998;0.036196352;0.051587072;0.048674815999999996;0.030572544;0.025240576;0.022875136;0.013229056000000001;0.012357632000000002;0.01185792;0.006816768;0.009928704;0.009877504;0.013323264;0.014594048;0.008346624;0.006595584;0.007404544;0.009711616;0.010888192000000001;0.007787519999999999;0.008797184;0.007911424;0.008808448;0.005952512;0.006440959999999999;0.0030914560000000002;0.003883008;0.003803136;0.0061777920000000005;0.005671936;0.0028426239999999998;0.002651136;0.003209216;0.002424832;0.0027965439999999998;0.003054592;0.002183168;0.002030592;0.002200576;0.002188288;0.002183168;0.001632256;0.002331648;0.002992128;0.00208896;0.0009482239999999999
1775238300,hdr,0.0293;0.03906;0.04883;0.05859;0.06836;0.07813;0.08789;0.09766;0.10742;0.11719;0.12695;0.13672;0.14648;0.15625;0.16602;0.17578;0.18555;0.19531;0.20508;0.21484;0.22461;0.23438;0.24414;0.25391;0.26367;0.27344;0.2832;0.29297;0.30273;0.3125;0.32227;0.33203;0.3418;0.35156;0.36133;0.37109;0.38086;0.39063;0.40039;0.41016;0.41992;0.42969;0.43945;0.44922;0.45898;0.46875;0.47852;0.48828;0.49805;0.50781;0.51758;0.52734;0.53711;0.54688;0.55664;0.56641;0.57617;0.58594;0.5957;0.60547;0.61523;0.625;0.63477;0.64453;0.6543;0.66406;0.67383;0.68359;0.69336;0.70313;0.71289;0.72266;0.73242;0.74219;0.75195;0.76172;0.77148;0.78125;0.79102,0.0057896959999999996;0.01544192;0.011661312;0.006500352000000001;0.007194624;0.016082944000000002;0.039929856;0.099446784;0.312918016;0.6245826560000001;1.474336768;1.37112576;0.739459072;0.428705792;0.42935296;0.384034816;0.2317824;0.266870784;0.13899161599999998;0.137127936;0.116086784;0.156655616;0.174604288;0.177383424;0.10686054400000002;0.092973056;0.09917440000000001;0.06851788800000001;0.053764096000000004;0.047880192;0.051066879999999995;0.049874944;0.04158464;0.035102720000000004;0.035411968;0.031328256;0.027084800000000003;0.022941696;0.021446655999999998;0.03485696;0.026032128;0.016242688;0.014186496;0.016328704;0.014178304000000001;0.014106624;0.012896256;0.009074688000000001;0.00754688;0.008339456;0.009943039999999998;0.014616576000000001;0.011102207999999999;0.006930431999999999;0.0047636480000000005;0.005644288000000001;0.004616192;0.006176768;0.006973440000000001;0.00516096;0.0054435840000000004;0.0042496;0.0026624;0.0025579519999999996;0.003080192;0.004608;0.004907008;0.0042659840000000004;0.002592768;0.0031334399999999995;0.003362816;0.002676736;0.002572288;0.002674688;0.0025907200000000003;0.001929216;0.0019251199999999998;0.0017121280000000003;0.00118784
1775239200,hdr,0.0293;0.03906;0.04883;0.05859;0.06836;0.07813;0.08789;0.09766;0.10742;0.11719;0.12695;0.13672;0.14648;0.15625;0.16602;0.17578;0.18555;0.19531;0.20508;0.21484;0.22461;0.23438;0.24414;0.25391;0.26367;0.27344;0.2832;0.29297;0.30273;0.3125;0.32227;0.33203;0.3418;0.35156;0.36133;0.37109;0.38086;0.39063;0.40039;0.41016;0.41992;0.42969;0.43945;0.44922;0.45898;0.46875;0.47852;0.48828;0.49805;0.50781;0.51758;0.52734;0.53711;0.54688;0.55664;0.56641;0.57617;0.58594;0.5957;0.60547;0.61523;0.625;0.63477;0.64453;0.6543;0.66406;0.67383;0.68359;0.69336;0.70313;0.71289;0.72266;0.73242;0.74219;0.75195;0.76172;0.77148;0.78125;0.79102,0.010479616;0.011917312;0.0050176;0.004198400000000001;0.00514048;0.016572416;0.0387072;0.08894873599999999;0.25387622400000004;0.56513536;1.1711569919999998;1.01938176;0.611264512;0.693415936;0.407435264;0.36216832;0.33038335999999996;0.21476761600000002;0.177256448;0.16653312;0.19164364800000003;0.13780992;0.15353241600000003;0.13252608000000002;0.108763136;0.08618803200000001;0.049737727999999995;0.048351232;0.059457536;0.050538496;0.040235008;0.049143808;0.05175500799999999;0.043466752;0.039749632;0.024010752;0.027060224;0.024487936000000002;0.017737727999999998;0.027170816;0.0253952;0.01153024;0.019664896;0.020058112;0.01193984;0.012670975999999999;0.012009472;0.009560064;0.007794688;0.011743232;0.012535807999999999;0.007032832;0.010123264000000002;0.010551296;0.008542208;0.007108608;0.006402048;0.005033984;0.004601856;0.006164480000000001;0.004788223999999999;0.004050944000000001;0.003928064;0.005535744;0.003555328;0.006131712;0.005044224;0.004104192;0.004421632;0.004073472;0.0035327999999999996;0.003241984;0.003055616;0.0030207999999999997;0.0034242560000000005;0.00206848;0.0016138239999999998;0.002811904;0.0025251839999999998
1775240100,hdr,0.0293;0.03906;0.04883;0.05859;0.06836;0.07813;0.08789;0.09766;0.10742;0.11719;0.12695;0.13672;0.14648;0.15625;0.16602;0.17578;0.18555;0.19531;0.20508;0.21484;0.22461;0.23438;0.24414;0.25391;0.26367;0.27344;0.2832;0.29297;0.30273;0.3125;0.32227;0.33203;0.3418;0.35156;0.36133;0.37109;0.38086;0.39063;0.40039;0.41016;0.41992;0.42969;0.43945;0.44922;0.45898;0.46875;0.47852;0.48828;0.49805;0.50781;0.51758;0.52734;0.53711;0.54688;0.55664;0.56641;0.57617;0.58594;0.5957;0.60547;0.61523;0.625;0.63477;0.64453;0.6543;0.66406;0.67383;0.68359;0.69336;0.70313;0.71289;0.72266;0.73242;0.74219;0.75195;0.76172;0.77148;0.78125;0.79102,0.00722944;0.015616;0.01268736;0.015007744;0.014714880000000001;0.012201984;0.021929984;0.08478105600000001;0.260513792;0.5816360959999999;1.058686976;1.337829376;1.112682496;0.5239377919999999;0.359391232;0.366014464;0.28499968;0.211666944;0.22738944;0.176461824;0.08563097600000001;0.056397824;0.101595136;0.18028544;0.144433152;0.09937305600000002;0.082538496;0.065722368;0.07843225599999999;0.06185984;0.041697279999999996;0.037861375999999995;0.029100031999999998;0.03747430399999999;0.033933312;0.03554918399999999;0.028776447999999996;0.031277056;0.021620736;0.021792768;0.022474752;0.018937856;0.013932544;0.018849792;0.016625664000000002;0.015812608;0.013441024000000001;0.01343488;0.01267712;0.01435648;0.008124416;0.007632896;0.009150464;0.008534016;0.009383935999999999;0.014043136000000001;0.012660736;0.01052672;0.008927232;0.006365184;0.007725056;0.007180288;0.006397952;0.005496832;0.005058559999999999;0.005273600000000001;0.004775936;0.0048312319999999995;0.0034652159999999997;0.003340288;0.003868672;0.0032890880000000003;0.001593344;0.00167936;0.0021217280000000002;0.00197632;0.002260992;0.002770944;0.00270336
1775241000,hdr,0.0293;0.03906;0.04883;0.05859;0.06836;0.07813;0.08789;0.09766;0.10742;0.11719;0.12695;0.13672;0.14648;0.15625;0.16602;0.17578;0.18555;0.19531;0.20508;0.21484;0.22461;0.23438;0.24414;0.25391;0.26367;0.27344;0.2832;0.29297;0.30273;0.3125;0.32227;0.33203;0.3418;0.35156;0.36133;0.37109;0.38086;0.39063;0.40039;0.41016;0.41992;0.42969;0.43945;0.44922;0.45898;0.46875;0.47852;0.48828;0.49805;0.50781;0.51758;0.52734;0.53711;0.54688;0.55664;0.56641;0.57617;0.58594;0.5957;0.60547;0.61523;0.625;0.63477;0.64453;0.6543;0.66406;0.67383;0.68359;0.69336;0.70313;0.71289;0.72266;0.73242;0.74219;0.75195;0.76172;0.77148;0.78125;0.79102,0.0053616639999999995;0.0060682240000000005;0.006006783999999999;0.006707200000000001;0.006301696;0.021991424;0.026980352;0.065732608;0.28860006399999993;1.029525504;1.5024025600000002;0.66914304;0.558153728;0.730570752;0.571629568;0.33753702399999996;0.276682752;0.26102374400000006;0.169445376;0.07260774399999999;0.08904704;0.117315584;0.112502784;0.109656064;0.10908057599999998;0.106293248;0.074033152;0.054579199999999994;0.05142528;0.046788608;0.053501952000000005;0.066398208;0.065366016;0.046333952;0.031135744;0.034742272;0.02545664;0.031854592;0.021469184;0.025184256000000002;0.020832256;0.020068352;0.019810304;0.017211392;0.023248895999999998;0.019556352;0.016709632;0.012746752;0.007983104;0.012212224;0.015753216;0.013856768;0.01324032;0.010756096;0.004411392;0.00628736;0.0078336;0.005531647999999999;0.005158912;0.00758784;0.009515008;0.007172095999999999;0.003862528;0.00342016;0.0031539199999999997;0.0027402240000000003;0.0028549120000000002;0.0034406400000000005;0.004020223999999999;0.0047144959999999994;0.004163584;0.0029122560000000002;0.00326656;0.003385344;0.002801664;0.002586624;0.002760704;0.002883584;0.0022568959999999996
1775241900,hdr,0.0293;0.03906;0.04883;0.05859;0.06836;0.07813;0.08789;0.09766;0.10742;0.11719;0.12695;0.13672;0.14648;0.15625;0.16602;0.17578;0.18555;0.19531;0.20508;0.21484;0.22461;0.23438;0.24414;0.25391;0.26367;0.27344;0.2832;0.29297;0.30273;0.3125;0.32227;0.33203;0.3418;0.35156;0.36133;0.37109;0.38086;0.39063;0.40039;0.41016;0.41992;0.42969;0.43945;0.44922;0.45898;0.46875;0.47852;0.48828;0.49805;0.50781;0.51758;0.52734;0.53711;0.54688;0.55664;0.56641;0.57617;0.58594;0.5957;0.60547;0.61523;0.625;0.63477;0.64453;0.6543;0.66406;0.67383;0.68359;0.69336;0.70313;0.71289;0.72266;0.73242;0.74219;0.75195;0.76172;0.77148;0.78125;0.79102,0.003708928;0.009253887999999998;0.0178432;0.015665152;0.013257728000000002;0.008247296;0.023811072;0.066985984;0.256270336;0.37440204799999993;0.633334784;0.891259904;0.57370112;0.5305477120000001;0.455510016;0.447115264;0.33119641600000005;0.170867712;0.19401932800000002;0.147524608;0.15462604800000002;0.199223296;0.129292288;0.093329408;0.099505152;0.109111296;0.09818419199999999;0.07447552;0.0596224;0.05124608;0.044966912000000005;0.043651072;0.032888832;0.031868928;0.023160832;0.03051008;0.050565120000000005;0.0433152;0.03510784;0.02699776;0.027239423999999998;0.028226559999999998;0.030645248;0.02382848;0.027224064;0.022602752;0.019217408;0.010710016;0.011671552;0.013664256;0.015412224;0.00925696;0.0053391359999999995;0.004211712;0.007074815999999999;0.010707967999999998;0.008968192000000002;0.0050350080000000005;0.0037693439999999996;0.005265407999999999;0.006444032000000001;0.005100544;0.004170752000000001;0.0038062079999999997;0.0045823999999999995;0.005792768;0.006255616;0.005297152;0.0033341440000000003;0.00238592;0.0034662399999999998;0.0028897280000000003;0.0015144960000000002;0.002436096;0.0033832960000000005;0.001870848;0.00108544;0.0013506560000000002;0.0012789759999999998
1775242800,hdr,0.0293;0.03906;0.04883;0.05859;0.06836;0.07813;0.08789;0.09766;0.10742;0.11719;0.12695;0.13672;0.14648;0.15625;0.16602;0.17578;0.18555;0.19531;0.20508;0.21484;0.22461;0.23438;0.24414;0.25391;0.26367;0.27344;0.2832;0.29297;0.30273;0.3125;0.32227;0.33203;0.3418;0.35156;0.36133;0.37109;0.38086;0.39063;0.40039;0.41016;0.41992;0.42969;0.43945;0.44922;0.45898;0.46875;0.47852;0.48828;0.49805;0.50781;0.51758;0.52734;0.53711;0.54688;0.55664;0.56641;0.57617;0.58594;0.5957;0.60547;0.61523;0.625;0.63477;0.64453;0.6543;0.66406;0.67383;0.68359;0.69336;0.70313;0.71289;0.72266;0.73242;0.74219;0.75195;0.76172;0.77148;0.78125;0.79102,0.001650688;0.003851264;0.0033464320000000003;0.005234688;0.004652032;0.009206784;0.0217088;0.09088102399999999;0.17587712;0.31193088;0.629076992;0.681145344;0.704601088;0.668960768;0.489950208;0.39466700800000004;0.32582451200000007;0.228371456;0.175986688;0.12673126399999998;0.12139008;0.069522432;0.089331712;0.08496435199999999;0.10485760000000001;0.11212902400000001;0.07620608;0.101241856;0.080751616;0.047950848;0.046368768000000005;0.027964416000000002;0.035779584;0.02927104;0.034331648;0.021588992;0.020366336;0.029038592000000002;0.022982656;0.018203648;0.017711104;0.023694336;0.017972224000000002;0.017455104;0.015235072;0.012047359999999998;0.009181183999999998;0.021574656;0.015076352000000001;0.010151936;0.011648;0.008612864;0.010685440000000001;0.006411264;0.006750208;0.009565184000000001;0.007401472;0.007056384;0.0069222400000000005;0.006685696;0.006884352;0.005312512;0.006583296;0.0057149440000000004;0.0032573439999999997;0.004054016;0.003668992;0.003423232;0.004233216;0.004038656;0.00384;0.0027648;0.0019773440000000002;0.0024924160000000003;0.0025835520000000002;0.0038911999999999996;0.002962432;0.002857984;0.002523136
1775243700,hdr,0.0293;0.03906;0.04883;0.05859;0.06836;0.07813;0.08789;0.09766;0.10742;0.11719;0.12695;0.13672;0.14648;0.15625;0.16602;0.17578;0.18555;0.19531;0.20508;0.21484;0.22461;0.23438;0.24414;0.25391;0.26367;0.27344;0.2832;0.29297;0.30273;0.3125;0.32227;0.33203;0.3418;0.35156;0.36133;0.37109;0.38086;0.39063;0.40039;0.41016;0.41992;0.42969;0.43945;0.44922;0.45898;0.46875;0.47852;0.48828;0.49805;0.50781;0.51758;0.52734;0.53711;0.54688;0.55664;0.56641;0.57617;0.58594;0.5957;0.60547;0.61523;0.625;0.63477;0.64453;0.6543;0.66406;0.67383;0.68359;0.69336;0.70313;0.71289;0.72266;0.73242;0.74219;0.75195;0.76172;0.77148;0.78125;0.79102,0.002604032;0.010600448;0.016899072;0.007489536;0.009597952;0.017688576;0.032388096;0.078171136;0.15741952;0.32982732800000003;0.684079104;0.429710336;0.5717882879999999;0.6313093120000001;0.574647296;0.301555712;0.21705113600000003;0.215343104;0.25404518400000003;0.15529472;0.121795584;0.136343552;0.1585664;0.07184486400000001;0.073761792;0.070273024;0.10292735999999998;0.085696512;0.063110144;0.06665215999999999;0.063792128;0.05761536;0.041860096;0.029044736;0.030237696;0.034295808000000004;0.041874432;0.035462144;0.018440191999999998;0.036808704;0.032428032;0.034159616000000004;0.02535424;0.017144832000000002;0.020661248;0.014671872;0.012544;0.009628672000000001;0.008530943999999999;0.009563136;0.00764416;0.009638912;0.009437184000000001;0.004667392000000001;0.009480192;0.009261056;0.0056801279999999996;0.0054016;0.007498751999999999;0.009501696;0.005945344;0.0031354879999999996;0.00341504;0.0023552;0.0021329920000000002;0.00298496;0.003093504;0.002468864;0.0025139200000000002;0.001867776;0.002813952;0.0024903679999999997;0.0023173119999999998;0.0023807999999999998;0.0025856;0.0028672;0.002004992;0.0015851519999999998;0.0016250880000000002
1775244600,hdr,0.0293;0.03906;0.04883;0.05859;0.06836;0.07813;0.08789;0.09766;0.10742;0.11719;0.12695;0.13672;0.14648;0.15625;0.16602;0.17578;0.18555;0.19531;0.20508;0.21484;0.22461;0.23438;0.24414;0.25391;0.26367;0.27344;0.2832;0.29297;0.30273;0.3125;0.32227;0.33203;0.3418;0.35156;0.36133;0.37109;0.38086;0.39063;0.40039;0.41016;0.41992;0.42969;0.43945;0.44922;0.45898;0.46875;0.47852;0.48828;0.49805;0.50781;0.51758;0.52734;0.53711;0.54688;0.55664;0.56641;0.57617;0.58594;0.5957;0.60547;0.61523;0.625;0.63477;0.64453;0.6543;0.66406;0.67383;0.68359;0.69336;0.70313;0.71289;0.72266;0.73242;0.74219;0.75195;0.76172;0.77148;0.78125;0.79102,0.0033617919999999997;0.007213056;0.010335232;0.00419328;0.005968896;0.010354688;0.030513152;0.12852121600000002;0.255425536;0.415427584;0.710843392;0.6156247039999999;0.49930444799999996;0.448145408;0.40071475199999995;0.27508531199999997;0.16484761599999997;0.09127526400000001;0.14752768;0.140530688;0.10168832000000001;0.09226854400000001;0.09594368;0.07501824;0.046577664;0.055916544;0.08008601600000001;0.055118848;0.054573056;0.052213760000000005;0.0483072;0.07072972799999999;0.062851072;0.047700992;0.053066752;0.042208256;0.023847936;0.030373888;0.028755968;0.024569856;0.016207871999999998;0.013754367999999998;0.010269696;0.012030976;0.016002047999999998;0.014667776;0.017410047999999997;0.008387584;0.008245248;0.0118272;0.010534912;0.006030336;0.004135936;0.0054784;0.0041144319999999995;0.005753856;0.006510592;0.007003135999999999;0.0049408;0.005230592;0.005198848;0.003909632;0.00319488;0.003378176;0.002945024;0.004393983999999999;0.004580352000000001;0.003373056;0.002267136;0.002158592;0.002286592;0.002441216;0.002276352;0.002835456;0.002494464;0.001618944;0.001119232;0.002441216;0.0020981759999999998
1775245500,hdr,0.0293;0.03906;0.04883;0.05859;0.06836;0.07813;0.08789;0.09766;0.10742;0.11719;0.12695;0.13672;0.14648;0.15625;0.16602;0.17578;0.18555;0.19531;0.20508;0.21484;0.22461;0.23438;0.24414;0.25391;0.26367;0.27344;0.2832;0.29297;0.30273;0.3125;0.32227;0.33203;0.3418;0.35156;0.36133;0.37109;0.38086;0.39063;0.40039;0.41016;0.41992;0.42969;0.43945;0.44922;0.45898;0.46875;0.47852;0.48828;0.49805;0.50781;0.51758;0.52734;0.53711;0.54688;0.55664;0.56641;0.57617;0.58594;0.5957;0.60547;0.61523;0.625;0.63477;0.64453;0.6543;0.66406;0.67383;0.68359;0.69336;0.70313;0.71289;0.72266;0.73242;0.74219;0.75195;0.76172;0.77148;0.78125;0.79102,0.006519808;0.020350976;0.015842304;0.006792192;0.008027136;0.010011648;0.032799744;0.12956672;0.22577663999999997;0.35267379200000004;0.662848512;0.968321024;0.6105866240000001;0.473063424;0.349361152;0.22154752;0.25772134399999996;0.14062592000000002;0.113325056;0.13485465600000002;0.16631910400000002;0.13810688;0.078102528;0.077943808;0.11058176000000002;0.10432102399999998;0.1057536;0.092945408;0.058532864;0.05092864;0.044218367999999994;0.028351488;0.0353792;0.029034496;0.026365952;0.0238592;0.017144832000000002;0.014881792000000001;0.019289088;0.015582207999999998;0.018462720000000002;0.021774336000000002;0.022326272;0.016232448000000003;0.009890815999999998;0.009674752;0.009163776;0.007647232;0.00679936;0.00513536;0.005965824;0.006303744;0.006849536;0.007328768;0.005733376;0.00570368;0.004247552;0.003798016;0.003848192;0.003554304;0.0029061119999999998;0.002696192;0.0028989440000000005;0.003771392;0.0036894719999999996;0.0028538879999999997;0.0021227520000000003;0.002787328;0.0031488;0.002578432;0.001662976;0.0010803199999999998;0.002077696;0.002760704;0.0014786559999999999;0.0012195840000000001;0.002127872;0.0020254720000000004;0.002210816
1775246400,hdr,0.0293;0.03906;0.04883;0.05859;0.06836;0.07813;0.08789;0.09766;0.10742;0.11719;0.12695;0.13672;0.14648;0.15625;0.16602;0.17578;0.18555;0.19531;0.20508;0.21484;0.22461;0.23438;0.24414;0.25391;0.26367;0.27344;0.2832;0.29297;0.30273;0.3125;0.32227;0.33203;0.3418;0.35156;0.36133;0.37109;0.38086;0.39063;0.40039;0.41016;0.41992;0.42969;0.43945;0.44922;0.45898;0.46875;0.47852;0.48828;0.49805;0.50781;0.51758;0.52734;0.53711;0.54688;0.55664;0.56641;0.57617;0.58594;0.5957;0.60547;0.61523;0.625;0.63477;0.64453;0.6543;0.66406;0.67383;0.68359;0.69336;0.70313;0.71289;0.72266;0.73242;0.74219;0.75195;0.76172;0.77148;0.78125;0.79102,0.0056330239999999995;0.019633151999999997;0.023174143999999997;0.008834047999999999;0.011891711999999999;0.007425024;0.015818752000000002;0.03453235200000001;0.143927296;0.31652352;0.497677312;0.49294643200000005;0.429244416;0.48669081599999997;0.428541952;0.23207321600000003;0.221807616;0.15053312;0.110613504;0.147980288;0.11790233600000001;0.129335296;0.102069248;0.12256665599999998;0.10356838399999999;0.078010368;0.06997708799999999;0.081951744;0.060213248;0.04312064;0.042904576;0.037886975999999996;0.030885888000000004;0.02256384;0.033155072;0.024819712;0.028296192;0.030725119999999998;0.026982399999999997;0.02199552;0.01145856;0.011091967999999999;0.010764288;0.012785664;0.012407808;0.008221696;0.009125887999999999;0.01110016;0.008384512;0.007663616;0.007725056;0.005937152;0.003945472;0.00408064;0.004399104;0.005955584;0.0043304960000000005;0.0028753920000000005;0.00387072;0.00406528;0.0031969280000000004;0.0025907200000000003;0.0029911039999999996;0.003707904;0.001816576;0.001659904;0.002767872;0.003753984;0.0030126080000000004;0.0022323200000000003;0.0015206400000000002;0.002064384;0.0018442240000000002;0.0013056;0.0014213119999999999;0.001414144;0.0016977919999999998;0.001615872;0.0009697280000000001
1775247300,hdr,0.0293;0.03906;0.04883;0.05859;0.06836;0.07813;0.08789;0.09766;0.10742;0.11719;0.12695;0.13672;0.14648;0.15625;0.16602;0.17578;0.18555;0.19531;0.20508;0.21484;0.22461;0.23438;0.24414;0.25391;0.26367;0.27344;0.2832;0.29297;0.30273;0.3125;0.32227;0.33203;0.3418;0.35156;0.36133;0.37109;0.38086;0.39063;0.40039;0.41016;0.41992;0.42969;0.43945;0.44922;0.45898;0.46875;0.47852;0.48828;0.49805;0.50781;0.51758;0.52734;0.53711;0.54688;0.55664;0.56641;0.57617;0.58594;0.5957;0.60547;0.61523;0.625;0.63477;0.64453;0.6543;0.66406;0.67383;0.68359;0.69336;0.70313;0.71289;0.72266;0.73242;0.74219;0.75195;0.76172;0.77148;0.78125;0.79102,0.004690944000000001;0.008126464;0.006575103999999999;0.00545792;0.006701056;0.010845183999999999;0.025057279999999998;0.07312384;0.22763007999999998;0.29331558399999996;0.49250816;0.643828736;0.37939507200000006;0.392941568;0.283938816;0.27006464;0.194707456;0.18550067200000003;0.20653568000000003;0.095239168;0.086114304;0.079853568;0.09140633599999999;0.105788416;0.07989350399999999;0.090487808;0.100191232;0.06616576;0.037611519999999996;0.03492044800000001;0.041576447999999995;0.04497100799999999;0.029618176;0.04780032;0.046821376000000005;0.032001024;0.028167168000000003;0.019693567999999998;0.024899584000000002;0.031696896;0.023745536;0.016529408;0.013633536;0.010696704;0.009091072;0.010210304;0.007593984;0.003975168;0.005986304;0.010349568;0.0075100160000000004;0.006162432;0.00580096;0.0033720319999999996;0.004216832;0.005352448;0.004384768;0.0041564160000000005;0.0042885119999999995;0.00335872;0.0032921599999999997;0.003868672;0.003493888;0.003237888;0.0025958400000000003;0.002395136;0.0028876799999999997;0.003823616;0.002523136;0.001656832;0.00230912;0.002096128;0.0014448640000000001;0.0017039359999999999;0.00167424;0.001337344;0.0019476480000000002;0.00200704;0.001728512
1775248200,hdr,0.0293;0.03906;0.04883;0.05859;0.06836;0.07813;0.08789;0.09766;0.10742;0.11719;0.12695;0.13672;0.14648;0.15625;0.16602;0.17578;0.18555;0.19531;0.20508;0.21484;0.22461;0.23438;0.24414;0.25391;0.26367;0.27344;0.2832;0.29297;0.30273;0.3125;0.32227;0.33203;0.3418;0.35156;0.36133;0.37109;0.38086;0.39063;0.40039;0.41016;0.41992;0.42969;0.43945;0.44922;0.45898;0.46875;0.47852;0.48828;0.49805;0.50781;0.51758;0.52734;0.53711;0.54688;0.55664;0.56641;0.57617;0.58594;0.5957;0.60547;0.61523;0.625;0.63477;0.64453;0.6543;0.66406;0.67383;0.68359;0.69336;0.70313;0.71289;0.72266;0.73242;0.74219;0.75195;0.76172;0.77148;0.78125;0.79102,0.000966656;0.001707008;0.0032471040000000002;0.004144128;0.007294976000000001;0.009906176;0.034701312;0.106036224;0.293500928;0.389000192;0.355755008;0.41636044800000005;0.49523712;0.404895744;0.346369024;0.234617856;0.153985024;0.159992832;0.102832128;0.089598976;0.052267008;0.06272;0.0614144;0.055542784;0.05599641600000001;0.05953740799999999;0.044836864000000004;0.038369280000000006;0.029827072;0.03411968;0.0319488;0.032380927999999996;0.029375488;0.029418496000000002;0.03380326399999999;0.023544831999999998;0.015237120000000002;0.018136064000000004;0.019622912;0.015446016;0.013344768;0.016257024000000002;0.013043711999999999;0.012786688000000001;0.011084799999999999;0.011199488;0.008656895999999999;0.007742464;0.009096192000000001;0.009831424;0.00809984;0.007088128000000001;0.00663552;0.007731200000000001;0.00602112;0.005183487999999999;0.00470528;0.0037191679999999997;0.004026368;0.005219328;0.003909632;0.004430848;0.0043929600000000004;0.0038307840000000003;0.004434944;0.002919424;0.002733056;0.0028620800000000004;0.0018411519999999998;0.0012554240000000002;0.0012871680000000002;0.001619968;0.0016138239999999998;0.0028672;0.003040256;0.002417664;0.0017121280000000003;0.0015779840000000002;0.001312768
1775249100,hdr,0.0293;0.03906;0.04883;0.05859;0.06836;0.07813;0.08789;0.09766;0.10742;0.11719;0.12695;0.13672;0.14648;0.15625;0.16602;0.17578;0.18555;0.19531;0.20508;0.21484;0.22461;0.23438;0.24414;0.25391;0.26367;0.27344;0.2832;0.29297;0.30273;0.3125;0.32227;0.33203;0.3418;0.35156;0.36133;0.37109;0.38086;0.39063;0.40039;0.41016;0.41992;0.42969;0.43945;0.44922;0.45898;0.46875;0.47852;0.48828;0.49805;0.50781;0.51758;0.52734;0.53711;0.54688;0.55664;0.56641;0.57617;0.58594;0.5957;0.60547;0.61523;0.625;0.63477;0.64453;0.6543;0.66406;0.67383;0.68359;0.69336;0.70313;0.71289;0.72266;0.73242;0.74219;0.75195;0.76172;0.77148;0.78125;0.79102,0.001702912;0.004415488;0.008522752;0.0062750720000000005;0.003067904;0.004458496;0.011943936000000002;0.07499673600000001;0.22702080000000002;0.5465559040000001;0.7400540160000001;0.5892065280000001;0.297331712;0.30548275199999997;0.173679616;0.23560499199999999;0.224864256;0.20208537599999998;0.143323136;0.08052838400000001;0.06764646399999999;0.07543091200000002;0.09236992;0.07766528;0.07512166399999999;0.060447744;0.048572416;0.046418944000000004;0.037249024;0.03177472;0.048580608;0.03674624;0.023960576;0.027700224;0.022116352;0.015003648;0.018199552;0.016445440000000002;0.019569664;0.015394816;0.012125184;0.011373568;0.011383808;0.014379008;0.010443776;0.009908224;0.0074332159999999994;0.008257536;0.0049285119999999995;0.005384192;0.007468032;0.005999616;0.004872192;0.004228096;0.003731456;0.006081536;0.006054912;0.003827712;0.0027740160000000002;0.004544512;0.0042035200000000005;0.002464768;0.002870272;0.003674112;0.00276992;0.001922048;0.001289216;0.001420288;0.001376256;0.002003968;0.0019712;0.00282624;0.0018687999999999999;0.0012871680000000002;0.0016128;0.0007936;0.001082368;0.0012994559999999998;0.0017848319999999999
1775250900,hdr,0.0293;0.03906;0.04883;0.05859;0.06836;0.07813;0.08789;0.09766;0.10742;0.11719;0.12695;0.13672;0.14648;0.15625;0.16602;0.17578;0.18555;0.19531;0.20508;0.21484;0.22461;0.23438;0.24414;0.25391;0.26367;0.27344;0.2832;0.29297;0.30273;0.3125;0.32227;0.33203;0.3418;0.35156;0.36133;0.37109;0.38086;0.39063;0.40039;0.41016;0.41992;0.42969;0.43945;0.44922;0.45898;0.46875;0.47852;0.48828;0.49805;0.50781;0.51758;0.52734;0.53711;0.54688;0.55664;0.56641;0.57617;0.58594;0.5957;0.60547;0.61523;0.625;0.63477;0.64453;0.6543;0.66406;0.67383;0.68359;0.69336;0.70313;0.71289;0.72266;0.73242;0.74219;0.75195;0.76172;0.77148;0.78125;0.79102,0.004205568;0.014489599999999998;0.007549952;0.002217984;0.004170752000000001;0.010233856;0.017571840000000002;0.046235648000000004;0.169725952;0.317147136;0.3561728;0.39858585599999996;0.3368704;0.274270208;0.270355456;0.238934016;0.22105190400000002;0.191634432;0.10803712;0.08873472;0.10029568000000001;0.13212979200000002;0.10061516799999999;0.06557900800000001;0.05200281600000001;0.057942016000000006;0.065542144;0.030114816000000003;0.03920384;0.047456256;0.021465088;0.02116608;0.025238528;0.022924288;0.027995136;0.020323328;0.016462848000000002;0.01637888;0.020246528000000003;0.016018432;0.009305088;0.014541824;0.015388672;0.009818111999999999;0.012379136;0.011464704;0.007573504;0.006319104;0.009321471999999999;0.008946688;0.008875008;0.006295551999999999;0.005797888000000001;0.005586944;0.00435712;0.005505024;0.0037345280000000004;0.0033464320000000003;0.004347904;0.004355072;0.0037611520000000002;0.00453632;0.004687871999999999;0.004690944000000001;0.0033351680000000003;0.002982912;0.002566144;0.0026398719999999997;0.0016650240000000002;0.0024104960000000003;0.0027156479999999998;0.003877888;0.0033105920000000002;0.0018442240000000002;0.00144896;0.0012001280000000002;0.0013117439999999999;0.001835008;0.002618368
1775251800,hdr,0.0293;0.03906;0.04883;0.05859;0.06836;0.07813;0.08789;0.09766;0.10742;0.11719;0.12695;0.13672;0.14648;0.15625;0.16602;0.17578;0.18555;0.19531;0.20508;0.21484;0.22461;0.23438;0.24414;0.25391;0.26367;0.27344;0.2832;0.29297;0.30273;0.3125;0.32227;0.33203;0.3418;0.35156;0.36133;0.37109;0.38086;0.39063;0.40039;0.41016;0.41992;0.42969;0.43945;0.44922;0.45898;0.46875;0.47852;0.48828;0.49805;0.50781;0.51758;0.52734;0.53711;0.54688;0.55664;0.56641;0.57617;0.58594;0.5957;0.60547;0.61523;0.625;0.63477;0.64453;0.6543;0.66406;0.67383;0.68359;0.69336;0.70313;0.71289;0.72266;0.73242;0.74219;0.75195;0.76172;0.77148;0.78125;0.79102,0.006811648;0.013366272;0.012780544000000001;0.007591936;0.006408192;0.009805824;0.0217344;0.073240576;0.20736716800000002;0.312088576;0.40446156800000005;0.42362777599999996;0.32293990400000006;0.35378176;0.31458816;0.191290368;0.169885696;0.101415936;0.072981504;0.088763392;0.079302656;0.051733504;0.045897728000000006;0.058288127999999995;0.06633472;0.07069696;0.063183872;0.040696832;0.046127104;0.047466496;0.051102720000000004;0.043159552;0.03493888;0.030450687999999997;0.023387136000000003;0.022183935999999998;0.020230144;0.018072576;0.014467072000000001;0.010713088;0.011315200000000001;0.015663104;0.011167744;0.013600768;0.00997376;0.00767488;0.010095616;0.007602176;0.007563264;0.007864320000000001;0.006037504;0.00683008;0.010014720000000001;0.008608768;0.005929984;0.005832703999999999;0.006864896;0.004939776;0.0035942400000000003;0.0028692479999999996;0.002236416;0.0031897600000000003;0.00319488;0.0026787839999999996;0.003713024;0.004231168;0.003457024;0.0035645440000000002;0.003427328;0.00226304;0.0017530879999999999;0.00192;0.001736704;0.002082816;0.0020029439999999996;0.0014653440000000002;0.001523712;0.001635328;0.001103872
1775252700,hdr,0.0293;0.03906;0.04883;0.05859;0.06836;0.07813;0.08789;0.09766;0.10742;0.11719;0.12695;0.13672;0.14648;0.15625;0.16602;0.17578;0.18555;0.19531;0.20508;0.21484;0.22461;0.23438;0.24414;0.25391;0.26367;0.27344;0.2832;0.29297;0.30273;0.3125;0.32227;0.33203;0.3418;0.35156;0.36133;0.37109;0.38086;0.39063;0.40039;0.41016;0.41992;0.42969;0.43945;0.44922;0.45898;0.46875;0.47852;0.48828;0.49805;0.50781;0.51758;0.52734;0.53711;0.54688;0.55664;0.56641;0.57617;0.58594;0.5957;0.60547;0.61523;0.625;0.63477;0.64453;0.6543;0.66406;0.67383;0.68359;0.69336;0.70313;0.71289;0.72266;0.73242;0.74219;0.75195;0.76172;0.77148;0.78125;0.79102,0.002778112;0.004919296;0.006392832;0.006863871999999999;0.008452096;0.011037696;0.022649856;0.048749568;0.158726144;0.303803392;0.6377533439999999;0.592802816;0.348020736;0.34078617600000005;0.252650496;0.219636736;0.2470144;0.19690291199999999;0.107185152;0.07670681600000001;0.06120448;0.092596224;0.10126848;0.145086464;0.11069440000000001;0.06276915200000001;0.068050944;0.053346304000000004;0.025785343999999998;0.025245696;0.026009599999999997;0.030874624;0.026188799999999998;0.020599808;0.014014464;0.022168576000000002;0.028599296;0.026172415999999997;0.019456;0.018873344;0.011036671999999999;0.014106624;0.013294592000000001;0.016594944000000004;0.011227136;0.006433792000000001;0.0062699520000000005;0.009380864000000001;0.009712640000000002;0.008271872;0.0089344;0.007380992;0.0058920959999999994;0.00390656;0.006293504000000001;0.006603776;0.005036031999999999;0.005612544;0.003508224;0.004702207999999999;0.007157759999999999;0.0069396480000000005;0.005337087999999999;0.004379648;0.002746368;0.003421184;0.004393983999999999;0.004261888;0.00334848;0.0021872639999999995;0.0011909120000000001;0.002356224;0.0025333760000000004;0.0024012799999999996;0.0024719359999999997;0.001726464;0.002486272;0.00193536;0.001593344
1775253600,hdr,0.0293;0.03906;0.04883;0.05859;0.06836;0.07813;0.08789;0.09766;0.10742;0.11719;0.12695;0.13672;0.14648;0.15625;0.16602;0.17578;0.18555;0.19531;0.20508;0.21484;0.22461;0.23438;0.24414;0.25391;0.26367;0.27344;0.2832;0.29297;0.30273;0.3125;0.32227;0.33203;0.3418;0.35156;0.36133;0.37109;0.38086;0.39063;0.40039;0.41016;0.41992;0.42969;0.43945;0.44922;0.45898;0.46875;0.47852;0.48828;0.49805;0.50781;0.51758;0.52734;0.53711;0.54688;0.55664;0.56641;0.57617;0.58594;0.5957;0.60547;0.61523;0.625;0.63477;0.64453;0.6543;0.66406;0.67383;0.68359;0.69336;0.70313;0.71289;0.72266;0.73242;0.74219;0.75195;0.76172;0.77148;0.78125;0.79102,0.002980864;0.0022814719999999997;0.009150464;0.010619904000000001;0.0085504;0.0071915519999999995;0.015086592;0.057793536;0.11419340800000001;0.346394624;0.6371368959999999;0.5316392959999999;0.415396864;0.39127449599999997;0.28778496000000003;0.17437184;0.188929024;0.16944742399999999;0.155255808;0.127971328;0.097721344;0.08140288;0.087713792;0.077827072;0.053187584;0.05318144;0.073266176;0.055416832;0.036248576;0.029915136;0.04184576;0.04678144;0.040092671999999996;0.039894016000000004;0.037245952000000006;0.023811072;0.023510015999999998;0.022089728;0.024855552;0.020028416;0.016047104;0.013249536;0.012116992;0.014362624;0.014534656000000002;0.011666432000000001;0.016008192;0.019382272000000002;0.013865983999999998;0.007404544;0.007070719999999999;0.010689536;0.007361536;0.00387584;0.005783552000000001;0.0062054400000000004;0.003504128;0.00614912;0.00630272;0.008384512;0.007379968;0.0074803199999999995;0.006589439999999999;0.004349952;0.003067904;0.002509824;0.0036024319999999996;0.003786752;0.0037754880000000005;0.0034048;0.002967552;0.002302976;0.0026900479999999996;0.004627455999999999;0.003929088;0.0019046400000000002;0.00118784;0.00103936;0.001447936
1775254500,hdr,0.0293;0.03906;0.04883;0.05859;0.06836;0.07813;0.08789;0.09766;0.10742;0.11719;0.12695;0.13672;0.14648;0.15625;0.16602;0.17578;0.18555;0.19531;0.20508;0.21484;0.22461;0.23438;0.24414;0.25391;0.26367;0.27344;0.2832;0.29297;0.30273;0.3125;0.32227;0.33203;0.3418;0.35156;0.36133;0.37109;0.38086;0.39063;0.40039;0.41016;0.41992;0.42969;0.43945;0.44922;0.45898;0.46875;0.47852;0.48828;0.49805;0.50781;0.51758;0.52734;0.53711;0.54688;0.55664;0.56641;0.57617;0.58594;0.5957;0.60547;0.61523;0.625;0.63477;0.64453;0.6543;0.66406;0.67383;0.68359;0.69336;0.70313;0.71289;0.72266;0.73242;0.74219;0.75195;0.76172;0.77148;0.78125;0.79102,0.0027361279999999996;0.011271168;0.013559808000000001;0.005968896;0.006251520000000001;0.006583296;0.018584576;0.062332928;0.10857984000000001;0.327246848;0.508225536;0.277015552;0.22904217600000001;0.307352576;0.20676608;0.211700736;0.24009216;0.14719897599999998;0.11621683199999999;0.120024064;0.14730752000000003;0.10782720000000001;0.11254067200000001;0.12795392;0.10699468799999999;0.07373209600000001;0.07415910399999999;0.047384576;0.03193344;0.029753343999999998;0.039369728;0.027469824;0.030654464;0.038866943999999994;0.030333952;0.0302848;0.036324352;0.024784896;0.014149631999999999;0.016542719999999997;0.018372608;0.017825792;0.012395519999999998;0.012222464;0.017897472;0.01163776;0.008658944;0.00980992;0.009805824;0.009152512;0.010520576;0.006754304;0.005123071999999999;0.004503552;0.00406528;0.004422656;0.00510976;0.004880384;0.0038840320000000004;0.004921344;0.0037898240000000002;0.005187583999999999;0.00572928;0.004675584;0.0051302399999999995;0.004466688;0.002837504;0.0015697920000000002;0.0015534079999999998;0.0031733760000000003;0.004452352;0.003668992;0.003591168;0.00170496;0.001683456;0.001922048;0.002337792;0.001631232;0.0015544320000000001
1775255400,hdr,0.0293;0.03906;0.04883;0.05859;0.06836;0.07813;0.08789;0.09766;0.10742;0.11719;0.12695;0.13672;0.14648;0.15625;0.16602;0.17578;0.18555;0.19531;0.20508;0.21484;0.22461;0.23438;0.24414;0.25391;0.26367;0.27344;0.2832;0.29297;0.30273;0.3125;0.32227;0.33203;0.3418;0.35156;0.36133;0.37109;0.38086;0.39063;0.40039;0.41016;0.41992;0.42969;0.43945;0.44922;0.45898;0.46875;0.47852;0.48828;0.49805;0.50781;0.51758;0.52734;0.53711;0.54688;0.55664;0.56641;0.57617;0.58594;0.5957;0.60547;0.61523;0.625;0.63477;0.64453;0.6543;0.66406;0.67383;0.68359;0.69336;0.70313;0.71289;0.72266;0.73242;0.74219;0.75195;0.76172;0.77148;0.78125;0.79102,0.0026112;0.007960576;0.008612864;0.005520384;0.0072806400000000005;0.010569727999999999;0.018230272000000002;0.045468672;0.18505932799999997;0.40693759999999995;0.569590784;0.546793472;0.42681958400000003;0.31199846400000003;0.23910707199999998;0.13092864;0.112330752;0.112246784;0.10991923199999999;0.15003033600000001;0.111177728;0.062060544;0.07781376000000001;0.115938304;0.11162931200000001;0.07594495999999999;0.071974912;0.04655616;0.053682176;0.032391168000000005;0.057261056000000005;0.046670848;0.021777407999999998;0.024851455999999997;0.018393088;0.019611648;0.022165503999999996;0.016871424000000003;0.01484288;0.011970560000000002;0.013421568000000002;0.011309056000000001;0.007561216;0.012811264;0.015818752000000002;0.012171264000000001;0.010943488000000001;0.011787264;0.006672384;0.007057407999999999;0.007866368;0.006278144;0.004856831999999999;0.005526528;0.00576;0.0062279679999999995;0.0053667839999999994;0.005684224;0.004994048000000001;0.005047296000000001;0.005426176;0.005696512000000001;0.004429824;0.003163136;0.003446784;0.003232768;0.0026245120000000003;0.002418688;0.0033638400000000003;0.00257024;0.002455552;0.002177024;0.0016906239999999997;0.0019712;0.002154496;0.002250752;0.001605632;0.001362944;0.001941504
1775256300,hdr,0.0293;0.03906;0.04883;0.05859;0.06836;0.07813;0.08789;0.09766;0.10742;0.11719;0.12695;0.13672;0.14648;0.15625;0.16602;0.17578;0.18555;0.19531;0.20508;0.21484;0.22461;0.23438;0.24414;0.25391;0.26367;0.27344;0.2832;0.29297;0.30273;0.3125;0.32227;0.33203;0.3418;0.35156;0.36133;0.37109;0.38086;0.39063;0.40039;0.41016;0.41992;0.42969;0.43945;0.44922;0.45898;0.46875;0.47852;0.48828;0.49805;0.50781;0.51758;0.52734;0.53711;0.54688;0.55664;0.56641;0.57617;0.58594;0.5957;0.60547;0.61523;0.625;0.63477;0.64453;0.6543;0.66406;0.67383;0.68359;0.69336;0.70313;0.71289;0.72266;0.73242;0.74219;0.75195;0.76172;0.77148;0.78125;0.79102,0.005736448;0.009209855999999999;0.006448128;0.004952064;0.013682688;0.016089088;0.022634496;0.055518208;0.143744;0.389354496;0.6757099520000001;0.6793175039999999;0.423788544;0.198831104;0.12499967999999999;0.167627776;0.16282316800000002;0.11192524799999999;0.09163366399999999;0.074805248;0.104942592;0.09418752000000001;0.056136704;0.073069568;0.08309248;0.087180288;0.075508736;0.06572851199999999;0.050797568;0.04680704;0.049229824;0.051910656;0.031403008;0.021265408;0.033185792;0.022336512;0.009641984000000001;0.020202496;0.020500479999999998;0.019137536;0.015941632;0.01705984;0.014518271999999999;0.012519424000000001;0.009852928;0.008807424;0.009133056;0.011355136;0.008699904;0.006924288;0.008539136;0.008356864;0.0098816;0.008390656;0.004204544;0.005199872;0.005261312;0.003798016;0.004551680000000001;0.003546112;0.003274752;0.004012032;0.0037468159999999996;0.002577408;0.002691072;0.002674688;0.001714176;0.0018442240000000002;0.002354176;0.00222208;0.0019496960000000001;0.001783808;0.001532928;0.001534976;0.002096128;0.0022394880000000004;0.0017018880000000001;0.001734656;0.0018360320000000002
1775257200,hdr,0.0293;0.03906;0.04883;0.05859;0.06836;0.07813;0.08789;0.09766;0.10742;0.11719;0.12695;0.13672;0.14648;0.15625;0.16602;0.17578;0.18555;0.19531;0.20508;0.21484;0.22461;0.23438;0.24414;0.25391;0.26367;0.27344;0.2832;0.29297;0.30273;0.3125;0.32227;0.33203;0.3418;0.35156;0.36133;0.37109;0.38086;0.39063;0.40039;0.41016;0.41992;0.42969;0.43945;0.44922;0.45898;0.46875;0.47852;0.48828;0.49805;0.50781;0.51758;0.52734;0.53711;0.54688;0.55664;0.56641;0.57617;0.58594;0.5957;0.60547;0.61523;0.625;0.63477;0.64453;0.6543;0.66406;0.67383;0.68359;0.69336;0.70313;0.71289;0.72266;0.73242;0.74219;0.75195;0.76172;0.77148;0.78125;0.79102,0.012210176000000001;0.022577152000000003;0.011794432;0.004335616;0.008178688;0.009203712;0.015739904;0.058606592;0.187672576;0.398342144;0.573878272;0.498847744;0.416738304;0.235606016;0.131889152;0.114087936;0.13724364800000002;0.160468992;0.068652032;0.06807859200000001;0.07241625600000001;0.07451955200000002;0.069623808;0.078359552;0.060831744;0.054813696;0.08761344;0.070948864;0.031468544;0.028940288;0.035382272;0.034665472;0.04335718399999999;0.034136064;0.032770048;0.02617344;0.018322432;0.023066624;0.019278848;0.015266816;0.011380736;0.006586368;0.011071488;0.013433856;0.011751424000000002;0.011493376;0.010989568000000002;0.008800256;0.008517632;0.0049479680000000005;0.0030986240000000003;0.004487168;0.0037662719999999998;0.004886528;0.0057794560000000005;0.008991744000000001;0.008923135999999998;0.0027883520000000005;0.0036843519999999997;0.004815872;0.004179968;0.002441216;0.002348032;0.00280064;0.002666496;0.00251904;0.0035276800000000005;0.002766848;0.002272256;0.00331264;0.00326144;0.001983488;0.002111488;0.0015431680000000001;0.001308672;0.00146944;0.001736704;0.001074176;0.0017858560000000002
1775258100,hdr,0.0293;0.03906;0.04883;0.05859;0.06836;0.07813;0.08789;0.09766;0.10742;0.11719;0.12695;0.13672;0.14648;0.15625;0.16602;0.17578;0.18555;0.19531;0.20508;0.21484;0.22461;0.23438;0.24414;0.25391;0.26367;0.27344;0.2832;0.29297;0.30273;0.3125;0.32227;0.33203;0.3418;0.35156;0.36133;0.37109;0.38086;0.39063;0.40039;0.41016;0.41992;0.42969;0.43945;0.44922;0.45898;0.46875;0.47852;0.48828;0.49805;0.50781;0.51758;0.52734;0.53711;0.54688;0.55664;0.56641;0.57617;0.58594;0.5957;0.60547;0.61523;0.625;0.63477;0.64453;0.6543;0.66406;0.67383;0.68359;0.69336;0.70313;0.71289;0.72266;0.73242;0.74219;0.75195;0.76172;0.77148;0.78125;0.79102,0.004719616;0.00734208;0.0075776;0.007803904;0.010309632;0.012649472;0.030578688;0.072833024;0.174451712;0.46832844799999995;0.623812608;0.433200128;0.306014208;0.254830592;0.0873216;0.07477555200000001;0.13618176;0.189237248;0.16658944;0.14155161600000002;0.11349504;0.068711424;0.07986380800000001;0.057067520000000004;0.06673408;0.07286988800000001;0.09073152000000001;0.062959616;0.052059136000000006;0.039790592;0.02108416;0.026906624;0.033246208000000006;0.026658816000000002;0.018189312000000003;0.017888255999999998;0.021203968;0.023370752;0.016406528000000004;0.01469952;0.011998208;0.010601471999999999;0.013084671999999999;0.010059776;0.008563712000000001;0.006332416;0.006063104000000001;0.004672512;0.005957632000000001;0.005907456;0.005869568;0.006226944;0.005661696;0.0037662719999999998;0.004813824;0.0035471359999999998;0.003369984;0.003047424;0.0030361600000000004;0.0030914560000000002;0.0039936;0.002792448;0.00273408;0.002802688;0.0026531840000000003;0.002763776;0.0027392;0.002276352;0.001759232;0.00165376;0.0022855680000000004;0.002214912;0.001508352;0.001294336;0.0013905920000000002;0.0019650559999999997;0.00185856;0.0012288;0.0012001280000000002
1775259000,hdr,0.0293;0.03906;0.04883;0.05859;0.06836;0.07813;0.08789;0.09766;0.10742;0.11719;0.12695;0.13672;0.14648;0.15625;0.16602;0.17578;0.18555;0.19531;0.20508;0.21484;0.22461;0.23438;0.24414;0.25391;0.26367;0.27344;0.2832;0.29297;0.30273;0.3125;0.32227;0.33203;0.3418;0.35156;0.36133;0.37109;0.38086;0.39063;0.40039;0.41016;0.41992;0.42969;0.43945;0.44922;0.45898;0.46875;0.47852;0.48828;0.49805;0.50781;0.51758;0.52734;0.53711;0.54688;0.55664;0.56641;0.57617;0.58594;0.5957;0.60547;0.61523;0.625;0.63477;0.64453;0.6543;0.66406;0.67383;0.68359;0.69336;0.70313;0.71289;0.72266;0.73242;0.74219;0.75195;0.76172;0.77148;0.78125;0.79102,0.000726016;0.0035522559999999997;0.006201344;0.007581696;0.009739264000000001;0.012528639999999999;0.031855616;0.082188288;0.16710860800000002;0.349356032;0.562545664;0.401467392;0.38456217600000003;0.191744;0.11362815999999999;0.17492480000000002;0.213906432;0.15843123199999998;0.099267584;0.082859008;0.096372736;0.101474304;0.08487526399999999;0.085649408;0.090986496;0.060143616000000004;0.06420070400000001;0.067120128;0.043867136;0.036156416;0.044567551999999996;0.043760639999999996;0.031476736;0.04281344;0.030225408000000002;0.027258880000000003;0.025286655999999998;0.014568448;0.011433984000000001;0.012802047999999998;0.009248768;0.007227392;0.010113024;0.010159103999999999;0.012311552000000002;0.010293248;0.006893568;0.005940224;0.006107135999999999;0.00548352;0.006454272;0.009401343999999999;0.007542784;0.004422656;0.003059712;0.00406528;0.005450752;0.003150848;0.004150272;0.0058890240000000005;0.004540415999999999;0.00363008;0.003382272;0.003867648;0.0026705920000000003;0.002627584;0.003779584;0.003212288;0.002000896;0.002040832;0.00221184;0.0014929920000000003;0.000779264;0.001118208;0.001472512;0.000768;0.001065984;0.0013987840000000001;0.001313792
1775259900,hdr,0.0293;0.03906;0.04883;0.05859;0.06836;0.07813;0.08789;0.09766;0.10742;0.11719;0.12695;0.13672;0.14648;0.15625;0.16602;0.17578;0.18555;0.19531;0.20508;0.21484;0.22461;0.23438;0.24414;0.25391;0.26367;0.27344;0.2832;0.29297;0.30273;0.3125;0.32227;0.33203;0.3418;0.35156;0.36133;0.37109;0.38086;0.39063;0.40039;0.41016;0.41992;0.42969;0.43945;0.44922;0.45898;0.46875;0.47852;0.48828;0.49805;0.50781;0.51758;0.52734;0.53711;0.54688;0.55664;0.56641;0.57617;0.58594;0.5957;0.60547;0.61523;0.625;0.63477;0.64453;0.6543;0.66406;0.67383;0.68359;0.69336;0.70313;0.71289;0.72266;0.73242;0.74219;0.75195;0.76172;0.77148;0.78125;0.79102,0.002886656;0.009153536;0.006255616;0.003018752;0.0036352000000000003;0.005608448;0.029912064000000002;0.046741504;0.130584576;0.34370867199999994;0.42368204800000003;0.351937536;0.24589721599999997;0.20338176000000002;0.144677888;0.12948377600000002;0.110103552;0.106986496;0.095448064;0.093073408;0.116196352;0.104167424;0.059976704;0.046913536;0.07607603199999999;0.09644953599999999;0.076003328;0.07042252800000001;0.07390924800000001;0.051421183999999995;0.03817984;0.036994048;0.040923136;0.039573504;0.035365888;0.026642432;0.01070592;0.009847808000000001;0.011810816;0.013643776000000002;0.014716928;0.010392576;0.009946112;0.009802752;0.009595904;0.011587584;0.010721280000000001;0.007607296;0.008251392;0.011777024;0.008146944;0.006766592000000001;0.004356095999999999;0.004610047999999999;0.007864320000000001;0.00561664;0.00682496;0.006201344;0.005184512;0.0036433919999999996;0.003269632;0.002813952;0.003313664;0.004345856;0.003270656;0.004366336;0.003298304;0.00267264;0.002210816;0.0022937599999999997;0.002262016;0.00164864;0.00164864;0.001934336;0.002055168;0.001865728;0.001374208;0.0019046400000000002;0.001675264
