Epoch Time,Processing Source,f,varianceDensity
1772582400,hdr,0.0293;0.03906;0.04883;0.05859;0.06836;0.07813;0.08789;0.09766;0.10742;0.11719;0.12695;0.13672;0.14648;0.15625;0.16602;0.17578;0.18555;0.19531;0.20508;0.21484;0.22461;0.23438;0.24414;0.25391;0.26367;0.27344;0.2832;0.29297;0.30273;0.3125;0.32227;0.33203;0.3418;0.35156;0.36133;0.37109;0.38086;0.39063;0.40039;0.41016;0.41992;0.42969;0.43945;0.44922;0.45898;0.46875;0.47852;0.48828;0.49805;0.50781;0.51758;0.52734;0.53711;0.54688;0.55664;0.56641;0.57617;0.58594;0.5957;0.60547;0.61523;0.625;0.63477;0.64453;0.6543;0.66406;0.67383;0.68359;0.69336;0.70313;0.71289;0.72266;0.73242;0.74219;0.75195;0.76172;0.77148;0.78125;0.79102,0.001978368;0.007232512;0.008193024;0.004852736;0.015089664000000001;0.015481856;0.0251904;0.042821632;0.065195008;0.07839744;0.06403993599999999;0.031490048;0.029266944;0.027081728;0.036549632000000006;0.053595136;0.15443968000000002;0.30191923200000004;0.210281472;0.13122252800000003;0.13275750400000003;0.171840512;0.12334796799999999;0.088292352;0.12524032;0.073459712;0.07119462400000001;0.059244543999999996;0.06211072;0.065422336;0.070796288;0.061930496;0.051702784;0.030943232;0.029008896;0.024136704000000002;0.024901631999999996;0.020374528000000003;0.018863104;0.01533952;0.016936959999999997;0.015932415999999998;0.019482624;0.015128576000000001;0.013131776;0.017472512;0.010259456;0.012100608;0.011447296000000001;0.021040128;0.012972032000000001;0.008787967999999998;0.007197696;0.007814143999999999;0.005547008;0.004802559999999999;0.00829952;0.008963072;0.005780479999999999;0.006626304;0.0089344;0.0059238400000000005;0.006523904;0.005147648;0.004283392;0.00499712;0.0037754880000000005;0.002816;0.0016128;0.0037662719999999998;0.003488768;0.00203264;0.001783808;0.0021196799999999997;0.002272256;0.001999872;0.001714176;0.001743872;0.001989632
1772583300,hdr,0.0293;0.03906;0.04883;0.05859;0.06836;0.07813;0.08789;0.09766;0.10742;0.11719;0.12695;0.13672;0.14648;0.15625;0.16602;0.17578;0.18555;0.19531;0.20508;0.21484;0.22461;0.23438;0.24414;0.25391;0.26367;0.27344;0.2832;0.29297;0.30273;0.3125;0.32227;0.33203;0.3418;0.35156;0.36133;0.37109;0.38086;0.39063;0.40039;0.41016;0.41992;0.42969;0.43945;0.44922;0.45898;0.46875;0.47852;0.48828;0.49805;0.50781;0.51758;0.52734;0.53711;0.54688;0.55664;0.56641;0.57617;0.58594;0.5957;0.60547;0.61523;0.625;0.63477;0.64453;0.6543;0.66406;0.67383;0.68359;0.69336;0.70313;0.71289;0.72266;0.73242;0.74219;0.75195;0.76172;0.77148;0.78125;0.79102,0.001809408;0.00818176;0.013566976000000001;0.009776128;0.011639808000000001;0.012183552000000002;0.010190848;0.01302016;0.042652672;0.066163712;0.061250559999999996;0.054484991999999996;0.032270336;0.012275712;0.018689024000000002;0.05953740799999999;0.11210444800000001;0.150525952;0.193652736;0.213873664;0.21085183999999998;0.22660403199999998;0.134802432;0.07915724799999999;0.132696064;0.08507904000000001;0.06379520000000001;0.051460096;0.038797312;0.0406784;0.047864832;0.04609433599999999;0.047673344;0.019726336;0.02761216;0.027071487999999998;0.030441472;0.025268224;0.028150784;0.016862208;0.013528064000000001;0.01332736;0.011552768;0.012852224;0.01494016;0.013519871999999999;0.011723776000000002;0.009009152;0.005571584;0.007498751999999999;0.01212928;0.010586112;0.012273664;0.012295168;0.010071040000000002;0.007164928;0.004282368000000001;0.007460863999999999;0.006578176000000001;0.00354304;0.004137984000000001;0.0034488319999999998;0.004573184;0.005197823999999999;0.007028736;0.0046745599999999995;0.004491264;0.00415744;0.002992128;0.002697216;0.00262144;0.00193024;0.0019128320000000002;0.0013322240000000001;0.002707456;0.002881536;0.002330624;0.002484224;0.0024381439999999997
1772584200,hdr,0.0293;0.03906;0.04883;0.05859;0.06836;0.07813;0.08789;0.09766;0.10742;0.11719;0.12695;0.13672;0.14648;0.15625;0.16602;0.17578;0.18555;0.19531;0.20508;0.21484;0.22461;0.23438;0.24414;0.25391;0.26367;0.27344;0.2832;0.29297;0.30273;0.3125;0.32227;0.33203;0.3418;0.35156;0.36133;0.37109;0.38086;0.39063;0.40039;0.41016;0.41992;0.42969;0.43945;0.44922;0.45898;0.46875;0.47852;0.48828;0.49805;0.50781;0.51758;0.52734;0.53711;0.54688;0.55664;0.56641;0.57617;0.58594;0.5957;0.60547;0.61523;0.625;0.63477;0.64453;0.6543;0.66406;0.67383;0.68359;0.69336;0.70313;0.71289;0.72266;0.73242;0.74219;0.75195;0.76172;0.77148;0.78125;0.79102,0.00428032;0.0048332800000000006;0.005480448000000001;0.0051599359999999995;0.00628224;0.007312384;0.021105664;0.058254336000000004;0.06736384;0.074858496;0.06926336;0.037369856;0.027978752;0.027498496;0.036123648;0.06766592;0.11472896;0.214505472;0.278857728;0.166790144;0.095804416;0.126283776;0.132132864;0.121873408;0.088364032;0.0898048;0.08057344;0.073731072;0.0864;0.062007295999999996;0.044466175999999996;0.025270271999999996;0.04461568;0.068194304;0.047988736000000004;0.020484096;0.02201088;0.02116608;0.0204288;0.015522816;0.009949184000000002;0.009772032;0.013050879999999999;0.011261952;0.010604544;0.012051456;0.010334208000000001;0.010676224;0.009864191999999999;0.011589631999999999;0.011205632;0.008353791999999999;0.00680448;0.00522752;0.00431104;0.0037150720000000003;0.005916672;0.0076840960000000005;0.005620736;0.003270656;0.003934208;0.005499904;0.005046272;0.003618816;0.002989056;0.002613248;0.0028416;0.003345408;0.003554304;0.0027904;0.002824192;0.003163136;0.002441216;0.0031744;0.0022568959999999996;0.0016097280000000002;0.001451008;0.0018810880000000002;0.001757184
1772585100,hdr,0.0293;0.03906;0.04883;0.05859;0.06836;0.07813;0.08789;0.09766;0.10742;0.11719;0.12695;0.13672;0.14648;0.15625;0.16602;0.17578;0.18555;0.19531;0.20508;0.21484;0.22461;0.23438;0.24414;0.25391;0.26367;0.27344;0.2832;0.29297;0.30273;0.3125;0.32227;0.33203;0.3418;0.35156;0.36133;0.37109;0.38086;0.39063;0.40039;0.41016;0.41992;0.42969;0.43945;0.44922;0.45898;0.46875;0.47852;0.48828;0.49805;0.50781;0.51758;0.52734;0.53711;0.54688;0.55664;0.56641;0.57617;0.58594;0.5957;0.60547;0.61523;0.625;0.63477;0.64453;0.6543;0.66406;0.67383;0.68359;0.69336;0.70313;0.71289;0.72266;0.73242;0.74219;0.75195;0.76172;0.77148;0.78125;0.79102,0.00367104;0.009304064;0.008385536;0.00436224;0.007230464;0.009807871999999999;0.0207104;0.035045375999999996;0.065685504;0.06855372800000001;0.056559616;0.04908339200000001;0.04828774400000001;0.031650816;0.021183488;0.055225343999999996;0.16412979200000002;0.29908787200000003;0.20129075200000002;0.162748416;0.18314137600000002;0.17866752;0.091639808;0.14930227199999999;0.126424064;0.08752230400000001;0.055325696;0.053793792;0.064228352;0.05216256;0.03566592;0.039541759999999995;0.035421183999999994;0.034610176;0.02656768;0.016362496;0.0237824;0.020514815999999998;0.022643712;0.02115584;0.012064768;0.012841984;0.016138239999999998;0.011636736;0.008684544;0.009699328;0.009321471999999999;0.011687936;0.009986048;0.006050816;0.007488512;0.006534144;0.004501504;0.004834304;0.004711424;0.005004288;0.003325952;0.0038256640000000003;0.003922944;0.0028989440000000005;0.0029952000000000004;0.003677184;0.0030033919999999997;0.002241536;0.002009088;0.002138112;0.002086912;0.00211456;0.002658304;0.001948672;0.0018882559999999998;0.00199168;0.00141824;0.000847872;0.001537024;0.001647616;0.0016097280000000002;0.0014243840000000001;0.0008622079999999999
1772586000,hdr,0.0293;0.03906;0.04883;0.05859;0.06836;0.07813;0.08789;0.09766;0.10742;0.11719;0.12695;0.13672;0.14648;0.15625;0.16602;0.17578;0.18555;0.19531;0.20508;0.21484;0.22461;0.23438;0.24414;0.25391;0.26367;0.27344;0.2832;0.29297;0.30273;0.3125;0.32227;0.33203;0.3418;0.35156;0.36133;0.37109;0.38086;0.39063;0.40039;0.41016;0.41992;0.42969;0.43945;0.44922;0.45898;0.46875;0.47852;0.48828;0.49805;0.50781;0.51758;0.52734;0.53711;0.54688;0.55664;0.56641;0.57617;0.58594;0.5957;0.60547;0.61523;0.625;0.63477;0.64453;0.6543;0.66406;0.67383;0.68359;0.69336;0.70313;0.71289;0.72266;0.73242;0.74219;0.75195;0.76172;0.77148;0.78125;0.79102,0.00270336;0.007131136;0.004729856;0.00621568;0.008968192000000002;0.003204096;0.013319168;0.037950464;0.051176448000000006;0.06476083199999999;0.078319616;0.048370688;0.033589248;0.031433728;0.027606016;0.035638272;0.07492096;0.180658176;0.242926592;0.231437312;0.22287872;0.113002496;0.16295219200000002;0.105785344;0.068632576;0.108384256;0.061241343999999996;0.044884992;0.058093568;0.054126592;0.03705651199999999;0.028633088;0.020704256;0.024089600000000003;0.019473408;0.028058624;0.035177472;0.025934847999999996;0.015939584;0.016939008000000002;0.014005248;0.00997376;0.012208128;0.013225984;0.012507135999999999;0.010625024;0.008443904;0.007565312;0.009113600000000001;0.008699904;0.005774336000000001;0.007369728;0.006460416;0.0044288;0.00339968;0.003587072;0.004558848;0.003510272;0.002304;0.003807232;0.004487168;0.003584;0.003014656;0.0024371200000000005;0.003362816;0.0037273600000000003;0.0024371200000000005;0.0016291839999999999;0.002139136;0.0014919679999999998;0.000945152;0.001855488;0.002033664;0.001452032;0.00126976;0.001750016;0.001682432;0.001548288;0.0010936319999999998
1772586900,hdr,0.0293;0.03906;0.04883;0.05859;0.06836;0.07813;0.08789;0.09766;0.10742;0.11719;0.12695;0.13672;0.14648;0.15625;0.16602;0.17578;0.18555;0.19531;0.20508;0.21484;0.22461;0.23438;0.24414;0.25391;0.26367;0.27344;0.2832;0.29297;0.30273;0.3125;0.32227;0.33203;0.3418;0.35156;0.36133;0.37109;0.38086;0.39063;0.40039;0.41016;0.41992;0.42969;0.43945;0.44922;0.45898;0.46875;0.47852;0.48828;0.49805;0.50781;0.51758;0.52734;0.53711;0.54688;0.55664;0.56641;0.57617;0.58594;0.5957;0.60547;0.61523;0.625;0.63477;0.64453;0.6543;0.66406;0.67383;0.68359;0.69336;0.70313;0.71289;0.72266;0.73242;0.74219;0.75195;0.76172;0.77148;0.78125;0.79102,0.0015063040000000002;0.004641792;0.003634176;0.001399808;0.004216832;0.005805056;0.023226368;0.040667136;0.060263423999999996;0.05640704;0.035610624;0.052004864000000005;0.040511488;0.028063743999999998;0.02213888;0.04803072;0.093006848;0.146697216;0.186605568;0.23751475199999997;0.16193536000000003;0.10353664;0.137546752;0.100893696;0.105023488;0.11059712000000001;0.07543296;0.073836544;0.042685440000000005;0.026049536;0.048779263999999996;0.044603392;0.034190336;0.025259008000000003;0.024193024;0.021249024;0.018820095999999998;0.020025344;0.015177728000000001;0.011716608;0.012119040000000001;0.014245888000000002;0.010532864;0.010130432;0.010055680000000001;0.008010752000000001;0.009055232;0.006851584;0.008242176000000002;0.006020096;0.0064942080000000004;0.007431168;0.005906432;0.0032296959999999998;0.00306176;0.002176;0.002997248;0.003373056;0.00364544;0.003339264;0.00361472;0.002746368;0.002214912;0.001984512;0.002040832;0.001641472;0.00180224;0.0017182719999999999;0.002127872;0.001523712;0.002671616;0.0015851519999999998;0.001159168;0.0011735040000000001;0.001199104;0.001385472;0.001435648;0.000893952;0.000751616
1772587800,hdr,0.0293;0.03906;0.04883;0.05859;0.06836;0.07813;0.08789;0.09766;0.10742;0.11719;0.12695;0.13672;0.14648;0.15625;0.16602;0.17578;0.18555;0.19531;0.20508;0.21484;0.22461;0.23438;0.24414;0.25391;0.26367;0.27344;0.2832;0.29297;0.30273;0.3125;0.32227;0.33203;0.3418;0.35156;0.36133;0.37109;0.38086;0.39063;0.40039;0.41016;0.41992;0.42969;0.43945;0.44922;0.45898;0.46875;0.47852;0.48828;0.49805;0.50781;0.51758;0.52734;0.53711;0.54688;0.55664;0.56641;0.57617;0.58594;0.5957;0.60547;0.61523;0.625;0.63477;0.64453;0.6543;0.66406;0.67383;0.68359;0.69336;0.70313;0.71289;0.72266;0.73242;0.74219;0.75195;0.76172;0.77148;0.78125;0.79102,0.001229824;0.001431552;0.0023941119999999995;0.0021903359999999998;0.005740544;0.013128704000000001;0.030520320000000004;0.07186841599999999;0.061933568;0.045340672;0.048665599999999996;0.057870336;0.049055744;0.036855808000000004;0.047007744000000004;0.05025792;0.06206464;0.133805056;0.22223769599999998;0.14866636800000002;0.16496230399999998;0.136972288;0.090318848;0.07889612800000001;0.064023552;0.08061951999999999;0.070311936;0.043005952;0.034485247999999996;0.05178163200000001;0.063152128;0.027347968;0.020385791999999996;0.018774016;0.024444928;0.024694784;0.016523264000000003;0.015168512;0.016047104;0.010336256000000002;0.010532864;0.011853823999999999;0.00991232;0.012533759999999998;0.009447424;0.007780352;0.006559744;0.005531647999999999;0.0061409279999999995;0.005815296;0.005310464;0.004830208;0.00549376;0.004231168;0.0034263040000000002;0.004603904000000001;0.004002816;0.00225792;0.002043904;0.00198656;0.00180224;0.00222208;0.0015144960000000002;0.0016936960000000002;0.002499584;0.001860608;0.0023674879999999996;0.002072576;0.001734656;0.001409024;0.001030144;0.000831488;0.0005683200000000001;0.0005847039999999999;0.000970752;0.001174528;0.000719872;0.000723968;0.000780288
1772588700,hdr,0.0293;0.03906;0.04883;0.05859;0.06836;0.07813;0.08789;0.09766;0.10742;0.11719;0.12695;0.13672;0.14648;0.15625;0.16602;0.17578;0.18555;0.19531;0.20508;0.21484;0.22461;0.23438;0.24414;0.25391;0.26367;0.27344;0.2832;0.29297;0.30273;0.3125;0.32227;0.33203;0.3418;0.35156;0.36133;0.37109;0.38086;0.39063;0.40039;0.41016;0.41992;0.42969;0.43945;0.44922;0.45898;0.46875;0.47852;0.48828;0.49805;0.50781;0.51758;0.52734;0.53711;0.54688;0.55664;0.56641;0.57617;0.58594;0.5957;0.60547;0.61523;0.625;0.63477;0.64453;0.6543;0.66406;0.67383;0.68359;0.69336;0.70313;0.71289;0.72266;0.73242;0.74219;0.75195;0.76172;0.77148;0.78125;0.79102,0.0012523519999999998;0.001970176;0.004514816;0.0029992960000000003;0.00797696;0.009191423999999998;0.032254976;0.055037951999999994;0.081379328;0.066569216;0.07070208;0.058832896;0.041776127999999996;0.060362752;0.066945024;0.107912192;0.09874944000000001;0.118326272;0.16546304;0.16303104;0.14299852799999999;0.11631616;0.15823052799999998;0.144487424;0.07779327999999999;0.07093452800000001;0.05186048;0.061210624000000005;0.054259712;0.03920896;0.043350016;0.03257344;0.032299008000000004;0.025997312;0.019710975999999998;0.023491584;0.016472063999999998;0.016183296;0.020583424;0.017885184;0.010919936;0.010699776;0.01680384;0.016080895999999997;0.008691712;0.008129536;0.0104192;0.008896511999999999;0.004811776;0.007899136000000001;0.006834176;0.00485888;0.002325504;0.00300032;0.002874368;0.0017725439999999998;0.001903616;0.002586624;0.0026695679999999998;0.0022732800000000004;0.003013632;0.00377344;0.00246272;0.0018995200000000002;0.0025251839999999998;0.003336192;0.001729536;0.0018595839999999998;0.002046976;0.0017018880000000001;0.001395712;0.000964608;0.001632256;0.0009523200000000001;0.0005621760000000001;0.000434176;0.000459776;0.000561152;0.0008151040000000001
1772589600,hdr,0.0293;0.03906;0.04883;0.05859;0.06836;0.07813;0.08789;0.09766;0.10742;0.11719;0.12695;0.13672;0.14648;0.15625;0.16602;0.17578;0.18555;0.19531;0.20508;0.21484;0.22461;0.23438;0.24414;0.25391;0.26367;0.27344;0.2832;0.29297;0.30273;0.3125;0.32227;0.33203;0.3418;0.35156;0.36133;0.37109;0.38086;0.39063;0.40039;0.41016;0.41992;0.42969;0.43945;0.44922;0.45898;0.46875;0.47852;0.48828;0.49805;0.50781;0.51758;0.52734;0.53711;0.54688;0.55664;0.56641;0.57617;0.58594;0.5957;0.60547;0.61523;0.625;0.63477;0.64453;0.6543;0.66406;0.67383;0.68359;0.69336;0.70313;0.71289;0.72266;0.73242;0.74219;0.75195;0.76172;0.77148;0.78125;0.79102,0.00092672;0.003050496;0.006274048;0.005736448;0.009040896000000001;0.008328192;0.018463743999999997;0.047665152;0.07273574399999999;0.054575104000000006;0.034479104;0.046893056;0.06605823999999999;0.067115008;0.051398656;0.079847424;0.125408256;0.156945408;0.222139392;0.313732096;0.200892416;0.132187136;0.0600064;0.057863168000000006;0.056525824;0.066680832;0.064384;0.06492979200000001;0.060649472;0.046910464;0.03142144;0.0263936;0.033641472;0.035121152;0.029290496;0.026220544000000002;0.029344768;0.021256192;0.011587584;0.011563008;0.011248639999999999;0.009347072;0.007708672;0.006677504;0.0060887039999999995;0.011875328;0.01061888;0.005611519999999999;0.003262464;0.004893696;0.0036280320000000002;0.0022568959999999996;0.003468288;0.0033791999999999997;0.002587648;0.002737152;0.002482176;0.002558976;0.0026449919999999997;0.0010946560000000003;0.001936384;0.002033664;0.00155648;0.001830912;0.0016445440000000002;0.00134656;0.0013864959999999999;0.001563648;0.0013312;0.001227776;0.001583104;0.0014448640000000001;0.001750016;0.001220608;0.0006789119999999999;0.0010649599999999998;0.001079296;0.00091136;0.0009738240000000001
1772590500,hdr,0.0293;0.03906;0.04883;0.05859;0.06836;0.07813;0.08789;0.09766;0.10742;0.11719;0.12695;0.13672;0.14648;0.15625;0.16602;0.17578;0.18555;0.19531;0.20508;0.21484;0.22461;0.23438;0.24414;0.25391;0.26367;0.27344;0.2832;0.29297;0.30273;0.3125;0.32227;0.33203;0.3418;0.35156;0.36133;0.37109;0.38086;0.39063;0.40039;0.41016;0.41992;0.42969;0.43945;0.44922;0.45898;0.46875;0.47852;0.48828;0.49805;0.50781;0.51758;0.52734;0.53711;0.54688;0.55664;0.56641;0.57617;0.58594;0.5957;0.60547;0.61523;0.625;0.63477;0.64453;0.6543;0.66406;0.67383;0.68359;0.69336;0.70313;0.71289;0.72266;0.73242;0.74219;0.75195;0.76172;0.77148;0.78125;0.79102,0.0015534079999999998;0.008627200000000002;0.008815616;0.005988352;0.017562624;0.014232575999999999;0.014258176000000001;0.039221248;0.04295884800000001;0.047879168;0.053523456000000004;0.057611263999999995;0.051617792;0.065022976;0.071897088;0.0940544;0.10899967999999999;0.17650892799999998;0.15305215999999996;0.20508672;0.19988582400000002;0.13365350399999998;0.15266304;0.08528691199999999;0.04241203200000001;0.058159103999999996;0.048760832000000004;0.030681088;0.05462528;0.06718361599999999;0.042862592;0.023595008;0.02706432;0.021569536;0.026392575999999997;0.027148288;0.022324224000000004;0.017913856;0.015777792;0.015898624;0.011020288;0.012068864;0.009780224;0.008973312;0.008594431999999999;0.007131136;0.005867519999999999;0.00539648;0.0064645119999999995;0.006234112;0.0046848;0.004377600000000001;0.0035522559999999997;0.002578432;0.004257792000000001;0.002432;0.002768896;0.0023572479999999997;0.0025333760000000004;0.0018278399999999998;0.002241536;0.001900544;0.001746944;0.002302976;0.0019537919999999998;0.001496064;0.001432576;0.001404928;0.001184768;0.0008652800000000001;0.000933888;0.001125376;0.0009943039999999999;0.000889856;0.0010475520000000002;0.000826368;0.0006041600000000001;0.00104448;0.001220608
1772591400,hdr,0.0293;0.03906;0.04883;0.05859;0.06836;0.07813;0.08789;0.09766;0.10742;0.11719;0.12695;0.13672;0.14648;0.15625;0.16602;0.17578;0.18555;0.19531;0.20508;0.21484;0.22461;0.23438;0.24414;0.25391;0.26367;0.27344;0.2832;0.29297;0.30273;0.3125;0.32227;0.33203;0.3418;0.35156;0.36133;0.37109;0.38086;0.39063;0.40039;0.41016;0.41992;0.42969;0.43945;0.44922;0.45898;0.46875;0.47852;0.48828;0.49805;0.50781;0.51758;0.52734;0.53711;0.54688;0.55664;0.56641;0.57617;0.58594;0.5957;0.60547;0.61523;0.625;0.63477;0.64453;0.6543;0.66406;0.67383;0.68359;0.69336;0.70313;0.71289;0.72266;0.73242;0.74219;0.75195;0.76172;0.77148;0.78125;0.79102,0.0034252799999999997;0.00605696;0.006786047999999999;0.008806399999999999;0.006995968000000001;0.007337984;0.021794816;0.046785536;0.029305855999999998;0.030015488;0.0420608;0.056424447999999995;0.056482816;0.057736192000000006;0.062405631999999996;0.08318668800000001;0.15640985599999999;0.149213184;0.14592;0.18323148800000003;0.159971328;0.13510144;0.12823552;0.128595968;0.11311616;0.073295872;0.060019712;0.044084224000000005;0.037171199999999995;0.045216768000000004;0.03244544;0.038534144;0.03244032;0.034506752;0.02702848;0.02712064;0.020420608;0.016622592000000002;0.015251456;0.014003199999999999;0.017270784;0.010914816;0.0075202559999999995;0.007719935999999999;0.0079104;0.005573631999999999;0.00462336;0.004545536;0.00461312;0.0050104319999999996;0.003710976;0.0048762879999999995;0.003462144;0.0036730879999999997;0.0025856;0.00225792;0.003166208;0.0030207999999999997;0.001987584;0.001755136;0.002413568;0.001632256;0.001591296;0.0011243520000000001;0.001106944;0.002115584;0.001670144;0.0015534079999999998;0.001497088;0.00123904;0.0011601919999999998;0.001114112;0.0009830400000000001;0.0009584639999999999;0.001152;0.0010496000000000001;0.0005621760000000001;0.0006184960000000001;0.00044544
1772592300,hdr,0.0293;0.03906;0.04883;0.05859;0.06836;0.07813;0.08789;0.09766;0.10742;0.11719;0.12695;0.13672;0.14648;0.15625;0.16602;0.17578;0.18555;0.19531;0.20508;0.21484;0.22461;0.23438;0.24414;0.25391;0.26367;0.27344;0.2832;0.29297;0.30273;0.3125;0.32227;0.33203;0.3418;0.35156;0.36133;0.37109;0.38086;0.39063;0.40039;0.41016;0.41992;0.42969;0.43945;0.44922;0.45898;0.46875;0.47852;0.48828;0.49805;0.50781;0.51758;0.52734;0.53711;0.54688;0.55664;0.56641;0.57617;0.58594;0.5957;0.60547;0.61523;0.625;0.63477;0.64453;0.6543;0.66406;0.67383;0.68359;0.69336;0.70313;0.71289;0.72266;0.73242;0.74219;0.75195;0.76172;0.77148;0.78125;0.79102,0.00082432;0.001086464;0.002362368;0.0034304;0.005994496;0.0028989440000000005;0.023296;0.05092864;0.04523008;0.045532159999999995;0.059703296;0.045984768;0.049405951999999996;0.077263872;0.108693504;0.126629888;0.15278899199999998;0.200075264;0.23204864;0.280065024;0.20921241599999998;0.125615104;0.11136512000000001;0.08566067200000001;0.07256064;0.062328831999999994;0.05685657599999999;0.043922432;0.047141888;0.072159232;0.048883712;0.040100864;0.026525696;0.025160704;0.019773440000000003;0.019369984;0.018765823999999997;0.00974336;0.012306431999999999;0.017657856;0.016195584000000002;0.013203455999999999;0.009352192;0.008377344;0.011316224;0.009434112000000001;0.006769664;0.0069847039999999996;0.009192448;0.007677952;0.00482304;0.002573312;0.0026419199999999994;0.00247808;0.004525056;0.0035205120000000004;0.003115008;0.002045952;0.001688576;0.0017674240000000003;0.002105344;0.002207744;0.0014336;0.0013905920000000002;0.0007936;0.0006993920000000001;0.0012288;0.001137664;0.001461248;0.001316864;0.001294336;0.000909312;0.0007936;0.0007557120000000001;0.0008765439999999999;0.0008069119999999999;0.000515072;0.0005468159999999999;0.00043110399999999997
1772593200,hdr,0.0293;0.03906;0.04883;0.05859;0.06836;0.07813;0.08789;0.09766;0.10742;0.11719;0.12695;0.13672;0.14648;0.15625;0.16602;0.17578;0.18555;0.19531;0.20508;0.21484;0.22461;0.23438;0.24414;0.25391;0.26367;0.27344;0.2832;0.29297;0.30273;0.3125;0.32227;0.33203;0.3418;0.35156;0.36133;0.37109;0.38086;0.39063;0.40039;0.41016;0.41992;0.42969;0.43945;0.44922;0.45898;0.46875;0.47852;0.48828;0.49805;0.50781;0.51758;0.52734;0.53711;0.54688;0.55664;0.56641;0.57617;0.58594;0.5957;0.60547;0.61523;0.625;0.63477;0.64453;0.6543;0.66406;0.67383;0.68359;0.69336;0.70313;0.71289;0.72266;0.73242;0.74219;0.75195;0.76172;0.77148;0.78125;0.79102,0.002096128;0.004665344;0.0064942080000000004;0.003286016;0.005070848;0.00503808;0.016172032;0.068543488;0.066988032;0.039365632;0.030348288;0.03751936;0.037495808;0.064316416;0.15136768;0.221683712;0.16448716800000002;0.14551552;0.30926336;0.34750054399999997;0.185583616;0.114107392;0.133184512;0.111735808;0.085814272;0.058368;0.04366131200000001;0.034885632;0.031235072;0.060284928;0.043859968;0.020781056;0.013502464;0.022086656000000003;0.026483712;0.02305536;0.021803008;0.019773440000000003;0.016940032;0.010722304;0.012657664;0.010518528000000001;0.009519104;0.011157503999999999;0.00715264;0.005417984;0.003644416;0.003779584;0.002956288;0.004478976000000001;0.0045076479999999995;0.003633152;0.003556352;0.002603008;0.002809856;0.003378176;0.0020930559999999994;0.001931264;0.002418688;0.002052096;0.00126976;0.0013547519999999999;0.0013639680000000001;0.0013568;0.00123392;0.00124928;0.0011632640000000002;0.0006912;0.000654336;0.000649216;0.000779264;0.0013987840000000001;0.0010752000000000001;0.0008519679999999999;0.000905216;0.000576512;0.000539648;0.000499712;0.00043827199999999997
1772594100,hdr,0.0293;0.03906;0.04883;0.05859;0.06836;0.07813;0.08789;0.09766;0.10742;0.11719;0.12695;0.13672;0.14648;0.15625;0.16602;0.17578;0.18555;0.19531;0.20508;0.21484;0.22461;0.23438;0.24414;0.25391;0.26367;0.27344;0.2832;0.29297;0.30273;0.3125;0.32227;0.33203;0.3418;0.35156;0.36133;0.37109;0.38086;0.39063;0.40039;0.41016;0.41992;0.42969;0.43945;0.44922;0.45898;0.46875;0.47852;0.48828;0.49805;0.50781;0.51758;0.52734;0.53711;0.54688;0.55664;0.56641;0.57617;0.58594;0.5957;0.60547;0.61523;0.625;0.63477;0.64453;0.6543;0.66406;0.67383;0.68359;0.69336;0.70313;0.71289;0.72266;0.73242;0.74219;0.75195;0.76172;0.77148;0.78125;0.79102,0.00096768;0.003134464;0.00299008;0.001572864;0.008452096;0.009332736000000001;0.012306431999999999;0.041995264;0.044507136;0.026828800000000003;0.05372415999999999;0.050482176;0.04196864;0.07175680000000001;0.07125196800000001;0.09177190400000002;0.14999449599999998;0.275953664;0.209395712;0.155585536;0.189531136;0.138652672;0.066787328;0.078420992;0.056158208;0.035770368;0.028338176;0.031921152;0.045108224;0.028940288;0.029514752000000002;0.016119808;0.020804608;0.025881599999999998;0.028729344;0.015302656000000001;0.017831935999999996;0.011077632;0.010815488;0.011249664;0.00790016;0.007804928;0.006397952;0.004182015999999999;0.005081088000000001;0.004246527999999999;0.005482496;0.004440064;0.003325952;0.002958336;0.0031539199999999997;0.0020992000000000003;0.002029568;0.0024340480000000003;0.002046976;0.002546688;0.0032337920000000005;0.00278016;0.0022968320000000004;0.0015616000000000002;0.001555456;0.001906688;0.001103872;0.0013312;0.00188928;0.00185344;0.0014796800000000001;0.0015769599999999999;0.001161216;0.00085504;0.0009482239999999999;0.000658432;0.001002496;0.0011120639999999998;0.000858112;0.000955392;0.0007290879999999999;0.000516096;0.000454656
1772595000,hdr,0.0293;0.03906;0.04883;0.05859;0.06836;0.07813;0.08789;0.09766;0.10742;0.11719;0.12695;0.13672;0.14648;0.15625;0.16602;0.17578;0.18555;0.19531;0.20508;0.21484;0.22461;0.23438;0.24414;0.25391;0.26367;0.27344;0.2832;0.29297;0.30273;0.3125;0.32227;0.33203;0.3418;0.35156;0.36133;0.37109;0.38086;0.39063;0.40039;0.41016;0.41992;0.42969;0.43945;0.44922;0.45898;0.46875;0.47852;0.48828;0.49805;0.50781;0.51758;0.52734;0.53711;0.54688;0.55664;0.56641;0.57617;0.58594;0.5957;0.60547;0.61523;0.625;0.63477;0.64453;0.6543;0.66406;0.67383;0.68359;0.69336;0.70313;0.71289;0.72266;0.73242;0.74219;0.75195;0.76172;0.77148;0.78125;0.79102,0.0030330879999999998;0.004585472000000001;0.0042434560000000005;0.0039168;0.008788992;0.01091584;0.013069312;0.044630015999999995;0.036854784;0.040522752;0.050309120000000006;0.030487552;0.03556864;0.050660352000000006;0.10891264;0.20895334399999999;0.24894566399999998;0.21662822399999998;0.24707072;0.172725248;0.125596672;0.10353664;0.11662336;0.10343424000000001;0.08561766400000001;0.05828096;0.062432256;0.043291648;0.046105600000000004;0.027524096;0.018199552;0.020100096;0.032186368;0.020449280000000004;0.015562752000000001;0.018441216;0.013766655999999999;0.008341504000000001;0.003447808;0.006463488;0.008097792000000001;0.006763519999999999;0.007011328;0.0054435840000000004;0.007170048000000001;0.00775168;0.007053312;0.005203968;0.003058688;0.0025651199999999997;0.004103168000000001;0.0028723200000000003;0.00177152;0.0030412800000000004;0.003150848;0.00216576;0.002584576;0.002304;0.002151424;0.001503232;0.0012687360000000001;0.0017408;0.001214464;0.001035264;0.0016302080000000002;0.001702912;0.0014110720000000002;0.001168384;0.0008345599999999999;0.00075776;0.000873472;0.000637952;0.0007925759999999999;0.0009441279999999999;0.000891904;0.000733184;0.000690176;0.0006000640000000001;0.000505856
1772595900,hdr,0.0293;0.03906;0.04883;0.05859;0.06836;0.07813;0.08789;0.09766;0.10742;0.11719;0.12695;0.13672;0.14648;0.15625;0.16602;0.17578;0.18555;0.19531;0.20508;0.21484;0.22461;0.23438;0.24414;0.25391;0.26367;0.27344;0.2832;0.29297;0.30273;0.3125;0.32227;0.33203;0.3418;0.35156;0.36133;0.37109;0.38086;0.39063;0.40039;0.41016;0.41992;0.42969;0.43945;0.44922;0.45898;0.46875;0.47852;0.48828;0.49805;0.50781;0.51758;0.52734;0.53711;0.54688;0.55664;0.56641;0.57617;0.58594;0.5957;0.60547;0.61523;0.625;0.63477;0.64453;0.6543;0.66406;0.67383;0.68359;0.69336;0.70313;0.71289;0.72266;0.73242;0.74219;0.75195;0.76172;0.77148;0.78125;0.79102,0.0031784960000000003;0.00758784;0.007706624;0.004571136000000001;0.009393152;0.012417023999999999;0.011158528000000001;0.05138432;0.048904192000000006;0.029124608;0.025294848;0.031464448;0.041368576000000004;0.070153216;0.13263872;0.17944780800000001;0.22583091200000002;0.261039104;0.23814451199999997;0.25703936;0.247158784;0.11141632;0.07138611199999999;0.078424064;0.080273408;0.048738303999999996;0.038517760000000005;0.05070848;0.04676608;0.025030656;0.020895743999999997;0.023730176;0.02522624;0.02592256;0.016320512000000002;0.01368576;0.014968832;0.014414848;0.015464448;0.01546752;0.010493951999999999;0.005116928;0.005818368;0.006880256;0.006071296;0.003431424;0.003340288;0.003054592;0.003100672;0.001948672;0.0030832639999999996;0.002861056;0.002700288;0.003262464;0.002302976;0.002149376;0.002130944;0.0014581759999999998;0.0013240320000000002;0.0019537919999999998;0.00143872;0.001289216;0.0013660159999999998;0.001119232;0.00101376;0.001371136;0.0011509760000000002;0.000842752;0.0009625599999999999;0.0009441279999999999;0.000623616;0.0005099519999999999;0.000648192;0.000868352;0.0009758719999999999;0.00068096;0.000551936;0.000647168;0.00047411199999999995
1772596800,hdr,0.0293;0.03906;0.04883;0.05859;0.06836;0.07813;0.08789;0.09766;0.10742;0.11719;0.12695;0.13672;0.14648;0.15625;0.16602;0.17578;0.18555;0.19531;0.20508;0.21484;0.22461;0.23438;0.24414;0.25391;0.26367;0.27344;0.2832;0.29297;0.30273;0.3125;0.32227;0.33203;0.3418;0.35156;0.36133;0.37109;0.38086;0.39063;0.40039;0.41016;0.41992;0.42969;0.43945;0.44922;0.45898;0.46875;0.47852;0.48828;0.49805;0.50781;0.51758;0.52734;0.53711;0.54688;0.55664;0.56641;0.57617;0.58594;0.5957;0.60547;0.61523;0.625;0.63477;0.64453;0.6543;0.66406;0.67383;0.68359;0.69336;0.70313;0.71289;0.72266;0.73242;0.74219;0.75195;0.76172;0.77148;0.78125;0.79102,0.001086464;0.008505344;0.011869184000000001;0.009115648;0.014907392;0.019616768;0.017041408;0.042520576000000004;0.042144768;0.03188224;0.040297472;0.039154688;0.06092288;0.104589312;0.12113203199999999;0.14971392;0.168578048;0.179314688;0.234068992;0.217097216;0.116289536;0.12022067199999999;0.168735744;0.0996608;0.052759551999999994;0.039510016;0.048937984;0.047286272;0.04125388800000001;0.032320512;0.023153664;0.015019008;0.01437184;0.017475584000000002;0.016569344;0.010391552000000002;0.011234304;0.01370624;0.012485632000000002;0.01010688;0.011472896;0.006304768;0.006752256;0.00582144;0.00452608;0.005177344;0.004344832000000001;0.00442368;0.0033955839999999997;0.0027320319999999997;0.003074048;0.003064832;0.002980864;0.002177024;0.002033664;0.001750016;0.00183808;0.00129024;0.00096768;0.0011755519999999998;0.001661952;0.001789952;0.001705984;0.0013608960000000001;0.000986112;0.0009605120000000001;0.0009574399999999999;0.0010516479999999999;0.001057792;0.001098752;0.001035264;0.000889856;0.0008069119999999999;0.0007014399999999999;0.000617472;0.000539648;0.000366592;0.000269312;0.000644096
1772597700,hdr,0.0293;0.03906;0.04883;0.05859;0.06836;0.07813;0.08789;0.09766;0.10742;0.11719;0.12695;0.13672;0.14648;0.15625;0.16602;0.17578;0.18555;0.19531;0.20508;0.21484;0.22461;0.23438;0.24414;0.25391;0.26367;0.27344;0.2832;0.29297;0.30273;0.3125;0.32227;0.33203;0.3418;0.35156;0.36133;0.37109;0.38086;0.39063;0.40039;0.41016;0.41992;0.42969;0.43945;0.44922;0.45898;0.46875;0.47852;0.48828;0.49805;0.50781;0.51758;0.52734;0.53711;0.54688;0.55664;0.56641;0.57617;0.58594;0.5957;0.60547;0.61523;0.625;0.63477;0.64453;0.6543;0.66406;0.67383;0.68359;0.69336;0.70313;0.71289;0.72266;0.73242;0.74219;0.75195;0.76172;0.77148;0.78125;0.79102,0.003125248;0.0051671040000000005;0.002287616;0.00387072;0.011118591999999998;0.012058624;0.010560512;0.029336576;0.037691392;0.028505088;0.029578240000000002;0.023245824000000002;0.025552896000000002;0.054872064;0.080789504;0.139319296;0.247400448;0.341276672;0.32204288000000003;0.22910054400000002;0.175043584;0.121058304;0.079740928;0.088090624;0.07415091200000001;0.052931584000000004;0.039953408;0.04268032;0.038098944;0.035355648;0.02259968;0.0182784;0.020523008000000002;0.016992256;0.015544320000000002;0.009454592000000001;0.009105408;0.011377664;0.011241472;0.006964224;0.004829183999999999;0.003861504;0.004102144;0.004315136;0.005297152;0.004118528000000001;0.002475008;0.0031907839999999995;0.00232448;0.002020352;0.001957888;0.0018288640000000001;0.001727488;0.001980416;0.0014028799999999998;0.001079296;0.0010833919999999999;0.0014745600000000002;0.0014847999999999999;0.001460224;0.0012288;0.000980992;0.0006993920000000001;0.000799744;0.000905216;0.000847872;0.0010127360000000002;0.000987136;0.000648192;0.00046796800000000003;0.00047206399999999996;0.000559104;0.000466944;0.00030924800000000003;0.000233472;0.000283648;0.000315392;0.000381952;0.00046592000000000004
1772598600,hdr,0.0293;0.03906;0.04883;0.05859;0.06836;0.07813;0.08789;0.09766;0.10742;0.11719;0.12695;0.13672;0.14648;0.15625;0.16602;0.17578;0.18555;0.19531;0.20508;0.21484;0.22461;0.23438;0.24414;0.25391;0.26367;0.27344;0.2832;0.29297;0.30273;0.3125;0.32227;0.33203;0.3418;0.35156;0.36133;0.37109;0.38086;0.39063;0.40039;0.41016;0.41992;0.42969;0.43945;0.44922;0.45898;0.46875;0.47852;0.48828;0.49805;0.50781;0.51758;0.52734;0.53711;0.54688;0.55664;0.56641;0.57617;0.58594;0.5957;0.60547;0.61523;0.625;0.63477;0.64453;0.6543;0.66406;0.67383;0.68359;0.69336;0.70313;0.71289;0.72266;0.73242;0.74219;0.75195;0.76172;0.77148;0.78125;0.79102,0.0031928320000000005;0.00822784;0.007543808;0.006542335999999999;0.009229312;0.01366016;0.0141568;0.081067008;0.08232140800000001;0.03345408;0.018116608;0.01913856;0.022027263999999998;0.049503231999999994;0.151332864;0.158702592;0.202545152;0.17003520000000003;0.218887168;0.164881408;0.09076633599999999;0.100025344;0.0917504;0.061595647999999996;0.041001984;0.044248064;0.042814463999999997;0.039641088000000005;0.028121088;0.027329536;0.014765055999999999;0.008475647999999999;0.008015872;0.012312575999999999;0.01468928;0.010377216;0.007785472000000001;0.0076666880000000005;0.006584319999999999;0.005830656;0.006479872;0.005371903999999999;0.004852736;0.003359744;0.002725888;0.00193536;0.00171008;0.0021862400000000003;0.002127872;0.0017121280000000003;0.0018012159999999998;0.00190976;0.0021360640000000005;0.001738752;0.00168448;0.001353728;0.001119232;0.001212416;0.001317888;0.0011202559999999998;0.00074752;0.001209344;0.000995328;0.0006092800000000001;0.0005621760000000001;0.000550912;0.000520192;0.000653312;0.000769024;0.0006778880000000001;0.0005621760000000001;0.000423936;0.000229376;0.000267264;0.00027648;0.00034816000000000003;0.000436224;0.000429056;0.000319488
1772599500,hdr,0.0293;0.03906;0.04883;0.05859;0.06836;0.07813;0.08789;0.09766;0.10742;0.11719;0.12695;0.13672;0.14648;0.15625;0.16602;0.17578;0.18555;0.19531;0.20508;0.21484;0.22461;0.23438;0.24414;0.25391;0.26367;0.27344;0.2832;0.29297;0.30273;0.3125;0.32227;0.33203;0.3418;0.35156;0.36133;0.37109;0.38086;0.39063;0.40039;0.41016;0.41992;0.42969;0.43945;0.44922;0.45898;0.46875;0.47852;0.48828;0.49805;0.50781;0.51758;0.52734;0.53711;0.54688;0.55664;0.56641;0.57617;0.58594;0.5957;0.60547;0.61523;0.625;0.63477;0.64453;0.6543;0.66406;0.67383;0.68359;0.69336;0.70313;0.71289;0.72266;0.73242;0.74219;0.75195;0.76172;0.77148;0.78125;0.79102,0.008830976;0.009365503999999998;0.010308608;0.014231552000000001;0.017096703999999997;0.018612224000000004;0.017708032;0.030220288;0.033207296000000004;0.030375936;0.026369024;0.020750335999999998;0.035322879999999994;0.043311103999999996;0.113534976;0.263692288;0.300854272;0.27620249599999996;0.223650816;0.20312576000000002;0.162804736;0.116585472;0.09435648;0.06914969600000001;0.050601984;0.047138816;0.033115135999999996;0.023946239999999997;0.017038335999999998;0.017181696;0.01099776;0.012102656;0.014734336;0.014948351999999998;0.010007552;0.007948288;0.01272832;0.011676672;0.010016768;0.00674304;0.007493631999999999;0.006843392;0.004195328;0.001856512;0.002658304;0.00210944;0.002475008;0.0028764159999999997;0.0031815679999999996;0.0024227840000000003;0.001967104;0.0013690880000000003;0.001065984;0.001276928;0.0012308479999999999;0.0013864959999999999;0.0010649599999999998;0.001063936;0.000996352;0.0005601279999999999;0.000765952;0.000771072;0.001027072;0.001062912;0.001222656;0.000666624;0.000630784;0.0008110079999999999;0.0006604799999999999;0.0007055360000000001;0.000505856;0.000249856;0.000325632;0.000432128;0.000490496;0.000401408;0.000380928;0.000401408;0.000557056
1772600400,hdr,0.0293;0.03906;0.04883;0.05859;0.06836;0.07813;0.08789;0.09766;0.10742;0.11719;0.12695;0.13672;0.14648;0.15625;0.16602;0.17578;0.18555;0.19531;0.20508;0.21484;0.22461;0.23438;0.24414;0.25391;0.26367;0.27344;0.2832;0.29297;0.30273;0.3125;0.32227;0.33203;0.3418;0.35156;0.36133;0.37109;0.38086;0.39063;0.40039;0.41016;0.41992;0.42969;0.43945;0.44922;0.45898;0.46875;0.47852;0.48828;0.49805;0.50781;0.51758;0.52734;0.53711;0.54688;0.55664;0.56641;0.57617;0.58594;0.5957;0.60547;0.61523;0.625;0.63477;0.64453;0.6543;0.66406;0.67383;0.68359;0.69336;0.70313;0.71289;0.72266;0.73242;0.74219;0.75195;0.76172;0.77148;0.78125;0.79102,0.008933376;0.023376895999999998;0.018836480000000003;0.010322943999999999;0.027375616000000002;0.033197056;0.01469952;0.033731583999999995;0.057472;0.039215104;0.013995008;0.017268736;0.021818367999999998;0.042381312;0.113258496;0.175207424;0.142215168;0.15658598399999998;0.177160192;0.17195724799999998;0.151289856;0.0755968;0.07216639999999999;0.060551167999999995;0.0411136;0.038182912000000006;0.041824256000000004;0.026103808;0.019473408;0.028881920000000002;0.021796864;0.01793536;0.021695488000000002;0.015116288;0.012348416000000001;0.015489024;0.012756992;0.007668736;0.004030464;0.003054592;0.004722688;0.005006336;0.004967424;0.004169728;0.003058688;0.00237568;0.0022353919999999997;0.002363392;0.002423808;0.001604608;0.001534976;0.0015892480000000001;0.001803264;0.0018360320000000002;0.001353728;0.001452032;0.001425408;0.00108544;0.001082368;0.000636928;0.000489472;0.00077312;0.000984064;0.001082368;0.0008386559999999999;0.000723968;0.00091648;0.0008929280000000001;0.0008089600000000001;0.0005816320000000001;0.00041984;0.000637952;0.0004915200000000001;0.0005232639999999998;0.00065536;0.000651264;0.0004915200000000001;0.00035328;0.000313344
1772601300,hdr,0.0293;0.03906;0.04883;0.05859;0.06836;0.07813;0.08789;0.09766;0.10742;0.11719;0.12695;0.13672;0.14648;0.15625;0.16602;0.17578;0.18555;0.19531;0.20508;0.21484;0.22461;0.23438;0.24414;0.25391;0.26367;0.27344;0.2832;0.29297;0.30273;0.3125;0.32227;0.33203;0.3418;0.35156;0.36133;0.37109;0.38086;0.39063;0.40039;0.41016;0.41992;0.42969;0.43945;0.44922;0.45898;0.46875;0.47852;0.48828;0.49805;0.50781;0.51758;0.52734;0.53711;0.54688;0.55664;0.56641;0.57617;0.58594;0.5957;0.60547;0.61523;0.625;0.63477;0.64453;0.6543;0.66406;0.67383;0.68359;0.69336;0.70313;0.71289;0.72266;0.73242;0.74219;0.75195;0.76172;0.77148;0.78125;0.79102,0.00543744;0.017482752;0.016911359999999997;0.015079424;0.02220544;0.027144191999999998;0.020182016;0.030432255999999998;0.043854847999999995;0.037040128000000005;0.022933504;0.011138048;0.030173184;0.046672896;0.058433536;0.151259136;0.2235136;0.280569856;0.149067776;0.17189375999999998;0.16178278399999999;0.127946752;0.097074176;0.06726860800000001;0.052944896;0.031832064;0.025105408;0.025967616;0.023876608;0.020662272000000002;0.017635328000000002;0.00933376;0.012674048;0.012705792;0.012362752000000001;0.011384832;0.008710144;0.004153344;0.004825088;0.005673983999999999;0.005025792;0.004753408000000001;0.002542592;0.0029880320000000003;0.004322304;0.00239616;0.00188928;0.001792;0.002101248;0.0023388159999999996;0.001789952;0.001078272;0.0008151040000000001;0.00083968;0.0009738240000000001;0.000923648;0.000748544;0.000641024;0.0005632;0.0005099519999999999;0.0006952960000000001;0.0009625599999999999;0.000826368;0.000592896;0.000912384;0.0006973439999999999;0.000388096;0.000582656;0.00063488;0.000607232;0.000628736;0.0005304320000000001;0.00046489599999999996;0.000535552;0.000454656;0.00047104000000000004;0.000442368;0.000525312;0.000439296
1772602200,hdr,0.0293;0.03906;0.04883;0.05859;0.06836;0.07813;0.08789;0.09766;0.10742;0.11719;0.12695;0.13672;0.14648;0.15625;0.16602;0.17578;0.18555;0.19531;0.20508;0.21484;0.22461;0.23438;0.24414;0.25391;0.26367;0.27344;0.2832;0.29297;0.30273;0.3125;0.32227;0.33203;0.3418;0.35156;0.36133;0.37109;0.38086;0.39063;0.40039;0.41016;0.41992;0.42969;0.43945;0.44922;0.45898;0.46875;0.47852;0.48828;0.49805;0.50781;0.51758;0.52734;0.53711;0.54688;0.55664;0.56641;0.57617;0.58594;0.5957;0.60547;0.61523;0.625;0.63477;0.64453;0.6543;0.66406;0.67383;0.68359;0.69336;0.70313;0.71289;0.72266;0.73242;0.74219;0.75195;0.76172;0.77148;0.78125;0.79102,0.007861248;0.014118912;0.00868864;0.008472576;0.017631232;0.02504704;0.018009088;0.051907584;0.05764096;0.024569856;0.018556928;0.013776896;0.0325376;0.08017510400000001;0.097542144;0.259479552;0.355350528;0.24731545600000002;0.17355468799999998;0.16474624;0.12310528;0.052882432;0.048697344000000004;0.037323776;0.035552256000000004;0.04541747199999999;0.04356608;0.030934015999999998;0.015762432;0.020358144;0.018571264;0.010451968;0.01145856;0.008600576;0.005251072;0.00462848;0.00866816;0.005903360000000001;0.0023941119999999995;0.0036392959999999998;0.003832832;0.0040867839999999996;0.002767872;0.0026941440000000003;0.002486272;0.00182272;0.001225728;0.0014847999999999999;0.001451008;0.00101376;0.0007772160000000001;0.000782336;0.0011407359999999998;0.001189888;0.0005980159999999999;0.000630784;0.00073216;0.000603136;0.0008366080000000001;0.000649216;0.0008151040000000001;0.000687104;0.0007055360000000001;0.000482304;0.000379904;0.000482304;0.000492544;0.000497664;0.000485376;0.000505856;0.00054272;0.000510976;0.000448512;0.00052736;0.000539648;0.000579584;0.000454656;0.000582656;0.000561152
1772603100,hdr,0.0293;0.03906;0.04883;0.05859;0.06836;0.07813;0.08789;0.09766;0.10742;0.11719;0.12695;0.13672;0.14648;0.15625;0.16602;0.17578;0.18555;0.19531;0.20508;0.21484;0.22461;0.23438;0.24414;0.25391;0.26367;0.27344;0.2832;0.29297;0.30273;0.3125;0.32227;0.33203;0.3418;0.35156;0.36133;0.37109;0.38086;0.39063;0.40039;0.41016;0.41992;0.42969;0.43945;0.44922;0.45898;0.46875;0.47852;0.48828;0.49805;0.50781;0.51758;0.52734;0.53711;0.54688;0.55664;0.56641;0.57617;0.58594;0.5957;0.60547;0.61523;0.625;0.63477;0.64453;0.6543;0.66406;0.67383;0.68359;0.69336;0.70313;0.71289;0.72266;0.73242;0.74219;0.75195;0.76172;0.77148;0.78125;0.79102,0.006491136000000001;0.012679168000000001;0.016072704;0.009791488;0.016902144;0.030403583999999997;0.020463615999999997;0.03719168;0.040619008000000005;0.0209152;0.015411199999999998;0.021502976;0.026232831999999998;0.04859392;0.10721792000000001;0.19856793600000003;0.285519872;0.24337510399999998;0.17914777599999998;0.127335424;0.10956390399999999;0.080393216;0.09154559999999999;0.042605567999999996;0.025014271999999997;0.048960512000000005;0.025903104;0.026574847999999998;0.027213824;0.013430784;0.01390592;0.009602048;0.00858624;0.007799808;0.010553344;0.007635968;0.006499328;0.005270527999999999;0.004696064;0.003924992;0.004171776000000001;0.004692992;0.00292864;0.0026368000000000003;0.002139136;0.002419712;0.001599488;0.001345536;0.0009584639999999999;0.000980992;0.001108992;0.001158144;0.001021952;0.0013608960000000001;0.001050624;0.000415744;0.0006778880000000001;0.000968704;0.000917504;0.00067072;0.0005007359999999999;0.000576512;0.000538624;0.00040960000000000004;0.000463872;0.000596992;0.000528384;0.00047923199999999995;0.000457728;0.000415744;0.000623616;0.000565248;0.0005232639999999998;0.0004986880000000001;0.00031129599999999997;0.0003328;0.00030208000000000004;0.000316416;0.00031129599999999997
1772604000,hdr,0.0293;0.03906;0.04883;0.05859;0.06836;0.07813;0.08789;0.09766;0.10742;0.11719;0.12695;0.13672;0.14648;0.15625;0.16602;0.17578;0.18555;0.19531;0.20508;0.21484;0.22461;0.23438;0.24414;0.25391;0.26367;0.27344;0.2832;0.29297;0.30273;0.3125;0.32227;0.33203;0.3418;0.35156;0.36133;0.37109;0.38086;0.39063;0.40039;0.41016;0.41992;0.42969;0.43945;0.44922;0.45898;0.46875;0.47852;0.48828;0.49805;0.50781;0.51758;0.52734;0.53711;0.54688;0.55664;0.56641;0.57617;0.58594;0.5957;0.60547;0.61523;0.625;0.63477;0.64453;0.6543;0.66406;0.67383;0.68359;0.69336;0.70313;0.71289;0.72266;0.73242;0.74219;0.75195;0.76172;0.77148;0.78125;0.79102,0.021223424;0.028850175999999998;0.023274496;0.022919167999999997;0.03628032;0.036068352;0.024938495999999997;0.03856179199999999;0.028771328000000002;0.024503295999999997;0.020862976;0.014042111999999999;0.020200448;0.029926400000000002;0.069366784;0.074339328;0.151753728;0.241376256;0.15287296;0.12463616000000001;0.10177945599999999;0.119712768;0.080780288;0.04583424;0.04593664;0.041873407999999994;0.021222400000000002;0.016038912;0.011795456;0.009421824;0.008069119999999999;0.013885439999999999;0.014256128;0.009594879999999998;0.005776384;0.006127616;0.00557568;0.004262912000000001;0.005394432;0.005850112;0.005220352;0.002531328;0.0019947520000000002;0.001995776;0.002310144;0.001970176;0.00154624;0.000949248;0.001381376;0.0015206400000000002;0.000984064;0.001185792;0.0008929280000000001;0.000668672;0.0005754880000000001;0.00039219200000000003;0.00037888;0.000840704;0.000781312;0.000888832;0.0009748480000000001;0.00068608;0.000671744;0.00047616000000000005;0.000349184;0.000497664;0.000349184;0.00050176;0.000736256;0.000538624;0.000561152;0.000628736;0.00040755200000000004;0.000339968;0.00040448000000000003;0.00037376;0.00040243200000000004;0.000617472;0.000376832
1772604900,hdr,0.0293;0.03906;0.04883;0.05859;0.06836;0.07813;0.08789;0.09766;0.10742;0.11719;0.12695;0.13672;0.14648;0.15625;0.16602;0.17578;0.18555;0.19531;0.20508;0.21484;0.22461;0.23438;0.24414;0.25391;0.26367;0.27344;0.2832;0.29297;0.30273;0.3125;0.32227;0.33203;0.3418;0.35156;0.36133;0.37109;0.38086;0.39063;0.40039;0.41016;0.41992;0.42969;0.43945;0.44922;0.45898;0.46875;0.47852;0.48828;0.49805;0.50781;0.51758;0.52734;0.53711;0.54688;0.55664;0.56641;0.57617;0.58594;0.5957;0.60547;0.61523;0.625;0.63477;0.64453;0.6543;0.66406;0.67383;0.68359;0.69336;0.70313;0.71289;0.72266;0.73242;0.74219;0.75195;0.76172;0.77148;0.78125;0.79102,0.02481152;0.045693952;0.025263103999999998;0.020867072;0.022649856;0.032579583999999995;0.03354624;0.037055488;0.057832447999999995;0.046368768000000005;0.025742336000000005;0.008992768;0.014906368;0.034840576;0.0568832;0.13459046400000002;0.171708416;0.207033344;0.201801728;0.144909312;0.09412095999999999;0.061686784;0.065163264;0.077329408;0.063962112;0.043230208;0.035605504;0.033779712;0.010099712;0.008093696;0.007302144;0.007912448;0.008925184;0.007933952;0.006914048;0.006376448000000001;0.005355520000000001;0.005103616;0.00362496;0.001847296;0.0016936960000000002;0.001932288;0.0021002239999999995;0.0020490240000000004;0.0012605440000000002;0.0012154879999999998;0.000955392;0.0014274560000000001;0.0017152;0.001055744;0.000719872;0.0008151040000000001;0.00063488;0.000644096;0.000590848;0.0006676480000000001;0.000561152;0.0004884479999999999;0.000454656;0.000485376;0.0005980159999999999;0.000692224;0.000642048;0.000917504;0.000740352;0.000628736;0.000756736;0.000401408;0.000497664;0.0005478400000000001;0.000514048;0.000447488;0.000444416;0.000439296;0.00037376;0.000262144;0.00029286400000000005;0.000386048;0.000356352
1772605800,hdr,0.0293;0.03906;0.04883;0.05859;0.06836;0.07813;0.08789;0.09766;0.10742;0.11719;0.12695;0.13672;0.14648;0.15625;0.16602;0.17578;0.18555;0.19531;0.20508;0.21484;0.22461;0.23438;0.24414;0.25391;0.26367;0.27344;0.2832;0.29297;0.30273;0.3125;0.32227;0.33203;0.3418;0.35156;0.36133;0.37109;0.38086;0.39063;0.40039;0.41016;0.41992;0.42969;0.43945;0.44922;0.45898;0.46875;0.47852;0.48828;0.49805;0.50781;0.51758;0.52734;0.53711;0.54688;0.55664;0.56641;0.57617;0.58594;0.5957;0.60547;0.61523;0.625;0.63477;0.64453;0.6543;0.66406;0.67383;0.68359;0.69336;0.70313;0.71289;0.72266;0.73242;0.74219;0.75195;0.76172;0.77148;0.78125;0.79102,0.013115392;0.023829504;0.021026816;0.016919552;0.022501376;0.026560511999999998;0.012956671999999999;0.029505536;0.050806784;0.038714368;0.02041344;0.016175104000000003;0.022834176;0.028611584;0.091921408;0.14308864;0.218210304;0.201314304;0.13161164800000003;0.119575552;0.108839936;0.051410944;0.029946880000000002;0.04353024;0.05269504;0.035659776;0.020717568;0.014701568;0.010985472;0.0088832;0.014737407999999999;0.009306112000000002;0.006257664;0.005476352000000001;0.0066713599999999994;0.004656128;0.002720768;0.0030873599999999995;0.002603008;0.002674688;0.003485696;0.0031098880000000003;0.00249856;0.001726464;0.001790976;0.00146944;0.00167936;0.00136704;0.0008386559999999999;0.000662528;0.000791552;0.000903168;0.0009349119999999999;0.000896;0.000812032;0.0006840319999999999;0.000526336;0.00032256;0.000648192;0.000549888;0.0006850560000000001;0.00077312;0.00039731200000000003;0.00034201599999999995;0.0005847039999999999;0.00070656;0.000654336;0.0008212479999999999;0.00075264;0.00041676800000000003;0.00033894400000000004;0.000356352;0.000350208;0.000372736;0.00040448000000000003;0.00040550399999999994;0.000260096;0.00030412799999999997;0.000349184
1772606700,hdr,0.0293;0.03906;0.04883;0.05859;0.06836;0.07813;0.08789;0.09766;0.10742;0.11719;0.12695;0.13672;0.14648;0.15625;0.16602;0.17578;0.18555;0.19531;0.20508;0.21484;0.22461;0.23438;0.24414;0.25391;0.26367;0.27344;0.2832;0.29297;0.30273;0.3125;0.32227;0.33203;0.3418;0.35156;0.36133;0.37109;0.38086;0.39063;0.40039;0.41016;0.41992;0.42969;0.43945;0.44922;0.45898;0.46875;0.47852;0.48828;0.49805;0.50781;0.51758;0.52734;0.53711;0.54688;0.55664;0.56641;0.57617;0.58594;0.5957;0.60547;0.61523;0.625;0.63477;0.64453;0.6543;0.66406;0.67383;0.68359;0.69336;0.70313;0.71289;0.72266;0.73242;0.74219;0.75195;0.76172;0.77148;0.78125;0.79102,0.00601088;0.013170688;0.01598976;0.012921855999999999;0.01829888;0.025042944;0.023753727999999998;0.026423296000000002;0.028406784;0.01927168;0.01151488;0.008195072;0.013334528;0.03106304;0.063300608;0.15384678400000001;0.220924928;0.21511475200000002;0.143577088;0.10677555200000001;0.097651712;0.053387264000000004;0.053386239999999995;0.03751219199999999;0.026095616;0.02048512;0.016731135999999997;0.011713536;0.014110720000000002;0.011776;0.007329792000000001;0.005475328000000001;0.00381952;0.0059514880000000004;0.0063078399999999995;0.008370176000000002;0.005215232;0.0031426559999999997;0.003104768;0.0026787839999999996;0.0014346239999999998;0.001110016;0.0014448640000000001;0.0016773119999999998;0.0023848959999999996;0.001829888;0.001716224;0.000941056;0.0008867839999999999;0.0006973439999999999;0.000766976;0.000932864;0.0007290879999999999;0.0004915200000000001;0.00048127999999999995;0.000489472;0.000712704;0.000745472;0.0007219199999999999;0.000447488;0.00049664;0.0006082559999999999;0.000569344;0.000386048;0.00039423999999999997;0.0005324799999999999;0.000643072;0.000641024;0.0009912319999999999;0.000800768;0.000475136;0.000613376;0.000398336;0.00044646400000000004;0.00033689599999999994;0.00043724800000000005;0.000413696;0.000382976;0.000456704
1772607600,hdr,0.0293;0.03906;0.04883;0.05859;0.06836;0.07813;0.08789;0.09766;0.10742;0.11719;0.12695;0.13672;0.14648;0.15625;0.16602;0.17578;0.18555;0.19531;0.20508;0.21484;0.22461;0.23438;0.24414;0.25391;0.26367;0.27344;0.2832;0.29297;0.30273;0.3125;0.32227;0.33203;0.3418;0.35156;0.36133;0.37109;0.38086;0.39063;0.40039;0.41016;0.41992;0.42969;0.43945;0.44922;0.45898;0.46875;0.47852;0.48828;0.49805;0.50781;0.51758;0.52734;0.53711;0.54688;0.55664;0.56641;0.57617;0.58594;0.5957;0.60547;0.61523;0.625;0.63477;0.64453;0.6543;0.66406;0.67383;0.68359;0.69336;0.70313;0.71289;0.72266;0.73242;0.74219;0.75195;0.76172;0.77148;0.78125;0.79102,0.00787456;0.012237824000000001;0.010692608000000001;0.007538687999999999;0.02139136;0.03558912;0.018045952;0.022216704;0.04324864;0.02876416;0.014637055999999999;0.007643136;0.012739584;0.034402304;0.03720192;0.092634112;0.157293568;0.19296563200000003;0.12777984;0.070385664;0.035542015999999996;0.040126464;0.042323968000000003;0.036759551999999994;0.020604928;0.025103359999999998;0.028744704;0.020024319999999998;0.016661504;0.014606336000000001;0.01543168;0.012816384;0.008152063999999999;0.006836223999999999;0.0037345280000000004;0.0043407359999999996;0.0030832639999999996;0.003308544;0.003376128;0.0030873599999999995;0.003223552;0.0020418560000000003;0.0022538239999999998;0.002029568;0.002176;0.001796096;0.001404928;0.00182272;0.00134144;0.0006932479999999999;0.00080384;0.0010813440000000001;0.000605184;0.000351232;0.000459776;0.0005734399999999999;0.000463872;0.000592896;0.001114112;0.000927744;0.0006082559999999999;0.000365568;0.000280576;0.00042803200000000007;0.000441344;0.000381952;0.000318464;0.000344064;0.00036352;0.00054272;0.0006041600000000001;0.00040448000000000003;0.000305152;0.00036864000000000005;0.00046284799999999997;0.0005857280000000001;0.000676864;0.000625664;0.00043724800000000005
1772608500,hdr,0.0293;0.03906;0.04883;0.05859;0.06836;0.07813;0.08789;0.09766;0.10742;0.11719;0.12695;0.13672;0.14648;0.15625;0.16602;0.17578;0.18555;0.19531;0.20508;0.21484;0.22461;0.23438;0.24414;0.25391;0.26367;0.27344;0.2832;0.29297;0.30273;0.3125;0.32227;0.33203;0.3418;0.35156;0.36133;0.37109;0.38086;0.39063;0.40039;0.41016;0.41992;0.42969;0.43945;0.44922;0.45898;0.46875;0.47852;0.48828;0.49805;0.50781;0.51758;0.52734;0.53711;0.54688;0.55664;0.56641;0.57617;0.58594;0.5957;0.60547;0.61523;0.625;0.63477;0.64453;0.6543;0.66406;0.67383;0.68359;0.69336;0.70313;0.71289;0.72266;0.73242;0.74219;0.75195;0.76172;0.77148;0.78125;0.79102,0.006874112;0.010399744;0.010984448;0.011980800000000002;0.025664512;0.031694848000000005;0.025046016000000004;0.026293247999999998;0.055985152;0.039888896;0.013370367999999999;0.008052736;0.014930944;0.019280895999999995;0.061392896;0.144054272;0.277132288;0.286066688;0.19869695999999998;0.06564147199999999;0.051667968;0.049399807999999996;0.041469952;0.0192256;0.024592384;0.036293632000000006;0.02488832;0.015105024;0.012780544000000001;0.011075584;0.008958976;0.008645632000000002;0.005215232;0.006497279999999999;0.005549056;0.0033146879999999997;0.0037386240000000003;0.00350208;0.003329024;0.0020172799999999998;0.0011970559999999997;0.001460224;0.0020418560000000003;0.00128512;0.000761856;0.000805888;0.000816128;0.000628736;0.000661504;0.0006819840000000001;0.0005857280000000001;0.000521216;0.0007116799999999999;0.00088576;0.000790528;0.0005754880000000001;0.0006041600000000001;0.00031129599999999997;0.00033689599999999994;0.00044646400000000004;0.00041472;0.000350208;0.000390144;0.000507904;0.000557056;0.000503808;0.000544768;0.00027340799999999994;0.000249856;0.000321536;0.000444416;0.00046284799999999997;0.000233472;0.00040550399999999994;0.00044339199999999997;0.000226304;0.000401408;0.00036147200000000005;0.00038912
1772609400,hdr,0.0293;0.03906;0.04883;0.05859;0.06836;0.07813;0.08789;0.09766;0.10742;0.11719;0.12695;0.13672;0.14648;0.15625;0.16602;0.17578;0.18555;0.19531;0.20508;0.21484;0.22461;0.23438;0.24414;0.25391;0.26367;0.27344;0.2832;0.29297;0.30273;0.3125;0.32227;0.33203;0.3418;0.35156;0.36133;0.37109;0.38086;0.39063;0.40039;0.41016;0.41992;0.42969;0.43945;0.44922;0.45898;0.46875;0.47852;0.48828;0.49805;0.50781;0.51758;0.52734;0.53711;0.54688;0.55664;0.56641;0.57617;0.58594;0.5957;0.60547;0.61523;0.625;0.63477;0.64453;0.6543;0.66406;0.67383;0.68359;0.69336;0.70313;0.71289;0.72266;0.73242;0.74219;0.75195;0.76172;0.77148;0.78125;0.79102,0.007349248000000001;0.011425791999999999;0.013007872000000002;0.008766464;0.014387200000000001;0.017178624;0.014144512000000001;0.026359808000000002;0.041500671999999995;0.026683392;0.01302016;0.011905024;0.011487232;0.02681856;0.1056;0.17508864;0.24304025599999998;0.215279616;0.13787136000000003;0.101379072;0.07830630400000001;0.053598208;0.032961536;0.031015936;0.025127935999999997;0.020609024;0.020014079999999997;0.018653184;0.016236544;0.011049984;0.00890368;0.009729024000000001;0.008158208;0.007648256;0.006048768;0.0065638400000000005;0.00550912;0.00319488;0.00269824;0.0022466560000000005;0.001637376;0.002008064;0.001900544;0.001122304;0.000922624;0.000917504;0.0006963200000000001;0.0009441279999999999;0.0009584639999999999;0.000770048;0.000823296;0.000781312;0.0008458240000000001;0.000748544;0.000638976;0.0005744639999999999;0.00042803200000000007;0.000386048;0.000580608;0.0005099519999999999;0.0005847039999999999;0.00048127999999999995;0.000605184;0.0006973439999999999;0.00057856;0.000449536;0.000352256;0.000456704;0.000406528;0.000401408;0.00035532799999999997;0.000413696;0.000380928;0.00044032;0.00033689599999999994;0.000268288;0.000252928;0.00026521600000000003;0.00029900799999999997
1772610300,hdr,0.0293;0.03906;0.04883;0.05859;0.06836;0.07813;0.08789;0.09766;0.10742;0.11719;0.12695;0.13672;0.14648;0.15625;0.16602;0.17578;0.18555;0.19531;0.20508;0.21484;0.22461;0.23438;0.24414;0.25391;0.26367;0.27344;0.2832;0.29297;0.30273;0.3125;0.32227;0.33203;0.3418;0.35156;0.36133;0.37109;0.38086;0.39063;0.40039;0.41016;0.41992;0.42969;0.43945;0.44922;0.45898;0.46875;0.47852;0.48828;0.49805;0.50781;0.51758;0.52734;0.53711;0.54688;0.55664;0.56641;0.57617;0.58594;0.5957;0.60547;0.61523;0.625;0.63477;0.64453;0.6543;0.66406;0.67383;0.68359;0.69336;0.70313;0.71289;0.72266;0.73242;0.74219;0.75195;0.76172;0.77148;0.78125;0.79102,0.004261888;0.00733184;0.011364352000000001;0.009522176;0.01129984;0.013933567999999999;0.008700928;0.027231232;0.049229824;0.036081664000000006;0.018338816;0.009551872;0.0075673599999999995;0.020706304000000002;0.047332352;0.09776025599999999;0.131290112;0.164473856;0.117886976;0.09612288;0.061053952;0.06843392;0.047906816;0.032026624;0.028608512000000003;0.025661439999999997;0.018785279999999998;0.018264064000000003;0.015548415999999999;0.013612032;0.010932224;0.009946112;0.009047040000000001;0.006492159999999999;0.004166656;0.004722688;0.003186688;0.0017889280000000002;0.001672192;0.00137216;0.001480704;0.0013506560000000002;0.000990208;0.0009041920000000001;0.0012605440000000002;0.0014376960000000002;0.0014438399999999998;0.0008386559999999999;0.000813056;0.000658432;0.00067072;0.000463872;0.000318464;0.00039731200000000003;0.000228352;0.00044032;0.000700416;0.00072704;0.0008509440000000001;0.000676864;0.000692224;0.0005601279999999999;0.000278528;0.00038912;0.00039423999999999997;0.00046796800000000003;0.00067584;0.000774144;0.00039219200000000003;0.000289792;0.00036249599999999997;0.000381952;0.00036454399999999996;0.00047820800000000004;0.000262144;0.00040550399999999994;0.000513024;0.000439296;0.000489472
1772611200,hdr,0.0293;0.03906;0.04883;0.05859;0.06836;0.07813;0.08789;0.09766;0.10742;0.11719;0.12695;0.13672;0.14648;0.15625;0.16602;0.17578;0.18555;0.19531;0.20508;0.21484;0.22461;0.23438;0.24414;0.25391;0.26367;0.27344;0.2832;0.29297;0.30273;0.3125;0.32227;0.33203;0.3418;0.35156;0.36133;0.37109;0.38086;0.39063;0.40039;0.41016;0.41992;0.42969;0.43945;0.44922;0.45898;0.46875;0.47852;0.48828;0.49805;0.50781;0.51758;0.52734;0.53711;0.54688;0.55664;0.56641;0.57617;0.58594;0.5957;0.60547;0.61523;0.625;0.63477;0.64453;0.6543;0.66406;0.67383;0.68359;0.69336;0.70313;0.71289;0.72266;0.73242;0.74219;0.75195;0.76172;0.77148;0.78125;0.79102,0.00341504;0.011941888000000001;0.015209472;0.0034027519999999998;0.013452287999999998;0.020126719999999997;0.013616128;0.027700224;0.061623296;0.058520576;0.016710655999999997;0.009140224;0.007268352;0.013553663999999998;0.034910208;0.10752;0.20732825600000002;0.157056;0.090564608;0.062217216;0.048028672;0.036542464;0.041729024;0.026586112000000002;0.016694272;0.0169728;0.009213952000000001;0.006254592;0.01285632;0.012911616;0.007417856;0.004921344;0.006858752;0.006458368000000001;0.00245248;0.0014448640000000001;0.0028917760000000004;0.00282112;0.00142848;0.001656832;0.0018800639999999999;0.0013946879999999998;0.00101376;0.000795648;0.0008069119999999999;0.0007249919999999999;0.0006840319999999999;0.000903168;0.001042432;0.0008744960000000001;0.000671744;0.000521216;0.0005621760000000001;0.000712704;0.000553984;0.0006656;0.00040448000000000003;0.00051712;0.0005980159999999999;0.000531456;0.000521216;0.000515072;0.000415744;0.000289792;0.000372736;0.00050176;0.00044032;0.00040345599999999995;0.00034816000000000003;0.000366592;0.00041984;0.00036864000000000005;0.00034304;0.00039731200000000003;0.000331776;0.00030924800000000003;0.00024780799999999997;0.00023654400000000002;0.00028569600000000005
1772612100,hdr,0.0293;0.03906;0.04883;0.05859;0.06836;0.07813;0.08789;0.09766;0.10742;0.11719;0.12695;0.13672;0.14648;0.15625;0.16602;0.17578;0.18555;0.19531;0.20508;0.21484;0.22461;0.23438;0.24414;0.25391;0.26367;0.27344;0.2832;0.29297;0.30273;0.3125;0.32227;0.33203;0.3418;0.35156;0.36133;0.37109;0.38086;0.39063;0.40039;0.41016;0.41992;0.42969;0.43945;0.44922;0.45898;0.46875;0.47852;0.48828;0.49805;0.50781;0.51758;0.52734;0.53711;0.54688;0.55664;0.56641;0.57617;0.58594;0.5957;0.60547;0.61523;0.625;0.63477;0.64453;0.6543;0.66406;0.67383;0.68359;0.69336;0.70313;0.71289;0.72266;0.73242;0.74219;0.75195;0.76172;0.77148;0.78125;0.79102,0.004040704;0.008710144;0.008164352;0.008233984;0.022751232;0.020179967999999996;0.008759296;0.018748415999999997;0.020671488000000002;0.029743104;0.022018048;0.007713792;0.005272576;0.013934592;0.032965631999999995;0.062850048;0.18065510399999998;0.187524096;0.139026432;0.08282521600000001;0.06906982399999999;0.055829504;0.060485632000000004;0.04079104;0.029942784;0.019515392;0.012506112;0.012925952000000001;0.013861888000000001;0.008744960000000001;0.005320704;0.0031703039999999997;0.00461312;0.004132864;0.004234239999999999;0.003001344;0.002760704;0.0028303359999999997;0.0024064;0.001980416;0.001575936;0.001959936;0.0009400319999999999;0.0008591359999999999;0.000698368;0.000635904;0.0009041920000000001;0.000941056;0.000887808;0.000795648;0.0005867520000000001;0.000766976;0.0006123519999999999;0.0004986880000000001;0.000360448;0.000461824;0.00045056;0.00087552;0.0009984;0.000499712;0.000603136;0.000743424;0.000515072;0.000413696;0.00040448000000000003;0.0003584;0.00029491200000000004;0.00047001599999999997;0.000325632;0.0003072;0.00039936;0.000444416;0.00036966399999999996;0.000535552;0.00054272;0.00033484799999999995;0.000366592;0.00046489599999999996;0.00044032
1772613000,hdr,0.0293;0.03906;0.04883;0.05859;0.06836;0.07813;0.08789;0.09766;0.10742;0.11719;0.12695;0.13672;0.14648;0.15625;0.16602;0.17578;0.18555;0.19531;0.20508;0.21484;0.22461;0.23438;0.24414;0.25391;0.26367;0.27344;0.2832;0.29297;0.30273;0.3125;0.32227;0.33203;0.3418;0.35156;0.36133;0.37109;0.38086;0.39063;0.40039;0.41016;0.41992;0.42969;0.43945;0.44922;0.45898;0.46875;0.47852;0.48828;0.49805;0.50781;0.51758;0.52734;0.53711;0.54688;0.55664;0.56641;0.57617;0.58594;0.5957;0.60547;0.61523;0.625;0.63477;0.64453;0.6543;0.66406;0.67383;0.68359;0.69336;0.70313;0.71289;0.72266;0.73242;0.74219;0.75195;0.76172;0.77148;0.78125;0.79102,0.00351744;0.004596736;0.007156736000000001;0.005007360000000001;0.017217536;0.03156992;0.006142976;0.016089088;0.034335744;0.037747712;0.022709248;0.007283712;0.011511808;0.018424832;0.029980672;0.07891046400000001;0.092802048;0.11730944;0.152723456;0.09876479999999999;0.053832703999999995;0.041945088;0.036263936000000004;0.0344832;0.029472768;0.017511424;0.01811968;0.013625344000000001;0.012639232;0.014554112;0.011676672;0.008456192;0.007028736;0.005668864000000001;0.003398656;0.002304;0.0024422399999999996;0.002299904;0.0014991359999999999;0.002138112;0.001759232;0.001436672;0.0011796480000000002;0.000787456;0.001537024;0.001558528;0.001118208;0.00088064;0.0006778880000000001;0.00068096;0.0005847039999999999;0.0005857280000000001;0.001015808;0.00109056;0.0007188480000000001;0.000779264;0.000761856;0.000466944;0.000528384;0.000743424;0.000715776;0.000698368;0.0006154239999999999;0.000505856;0.000461824;0.000628736;0.000521216;0.000436224;0.000432128;0.000504832;0.00047308800000000003;0.00040550399999999994;0.000543744;0.0004956159999999999;0.000632832;0.0004352;0.00052224;0.00037785600000000004;0.00047001599999999997
1772613900,hdr,0.0293;0.03906;0.04883;0.05859;0.06836;0.07813;0.08789;0.09766;0.10742;0.11719;0.12695;0.13672;0.14648;0.15625;0.16602;0.17578;0.18555;0.19531;0.20508;0.21484;0.22461;0.23438;0.24414;0.25391;0.26367;0.27344;0.2832;0.29297;0.30273;0.3125;0.32227;0.33203;0.3418;0.35156;0.36133;0.37109;0.38086;0.39063;0.40039;0.41016;0.41992;0.42969;0.43945;0.44922;0.45898;0.46875;0.47852;0.48828;0.49805;0.50781;0.51758;0.52734;0.53711;0.54688;0.55664;0.56641;0.57617;0.58594;0.5957;0.60547;0.61523;0.625;0.63477;0.64453;0.6543;0.66406;0.67383;0.68359;0.69336;0.70313;0.71289;0.72266;0.73242;0.74219;0.75195;0.76172;0.77148;0.78125;0.79102,0.002972672;0.0074854399999999995;0.008829952;0.00776704;0.017513472000000002;0.023613440000000003;0.006831104;0.015978496;0.046603264000000005;0.048847872;0.03268096;0.014026752;0.008656895999999999;0.013401088;0.031096831999999998;0.078613504;0.17255936;0.14365696;0.085190656;0.060406784;0.061933568;0.045915135999999995;0.02879488;0.031634432000000004;0.023824383999999997;0.022726655999999998;0.015617024000000002;0.017207295999999997;0.015756288;0.012896256;0.010662912;0.0068864;0.00559616;0.003311616;0.003551232;0.003946496;0.004002816;0.002817024;0.002523136;0.0024872960000000004;0.001907712;0.00128;0.0010209280000000002;0.000868352;0.0009830400000000001;0.0008601600000000001;0.00064;0.0009830400000000001;0.000837632;0.0012288;0.001293312;0.000764928;0.000592896;0.000864256;0.00055296;0.00029081600000000006;0.000350208;0.00067584;0.001011712;0.000915456;0.0006676480000000001;0.0008704;0.000782336;0.0012462080000000002;0.0014243840000000001;0.0008744960000000001;0.000891904;0.0011161600000000002;0.0008335360000000001;0.0006850560000000001;0.0008325120000000001;0.000764928;0.0010250239999999998;0.0006021119999999999;0.000518144;0.00048639999999999995;0.0005816320000000001;0.0008110079999999999;0.001181696
1772615700,hdr,0.0293;0.03906;0.04883;0.05859;0.06836;0.07813;0.08789;0.09766;0.10742;0.11719;0.12695;0.13672;0.14648;0.15625;0.16602;0.17578;0.18555;0.19531;0.20508;0.21484;0.22461;0.23438;0.24414;0.25391;0.26367;0.27344;0.2832;0.29297;0.30273;0.3125;0.32227;0.33203;0.3418;0.35156;0.36133;0.37109;0.38086;0.39063;0.40039;0.41016;0.41992;0.42969;0.43945;0.44922;0.45898;0.46875;0.47852;0.48828;0.49805;0.50781;0.51758;0.52734;0.53711;0.54688;0.55664;0.56641;0.57617;0.58594;0.5957;0.60547;0.61523;0.625;0.63477;0.64453;0.6543;0.66406;0.67383;0.68359;0.69336;0.70313;0.71289;0.72266;0.73242;0.74219;0.75195;0.76172;0.77148;0.78125;0.79102,0.0006778880000000001;0.001275904;0.001165312;0.002026496;0.008846336000000002;0.005070848;0.003434496;0.021395455999999997;0.057532415999999996;0.076516352;0.032167936;0.007921664;0.004722688;0.006349824;0.021301248;0.06226432;0.08986726400000002;0.109569024;0.069244928;0.092531712;0.076843008;0.055806976;0.040290304;0.034624512;0.03424972799999999;0.02960384;0.017243136;0.013263872;0.011728896;0.012114943999999999;0.012189696;0.007737344;0.004124672;0.005693439999999999;0.004353024;0.0026081279999999995;0.002280448;0.0017377279999999998;0.0018042879999999998;0.0018012159999999998;0.001782784;0.001409024;0.0008704;0.00070656;0.000745472;0.001149952;0.000802816;0.001056768;0.0013680639999999998;0.000950272;0.000828416;0.000671744;0.000828416;0.000909312;0.0011356159999999999;0.001158144;0.0009984;0.00067584;0.000863232;0.001005568;0.001000448;0.001022976;0.001069056;0.001333248;0.00137216;0.000823296;0.0006840319999999999;0.0005754880000000001;0.000676864;0.000882688;0.0009523200000000001;0.001092608;0.0011694079999999998;0.0012359679999999998;0.0009431040000000001;0.000871424;0.0008366080000000001;0.0007219199999999999;0.000864256
1772616600,hdr,0.0293;0.03906;0.04883;0.05859;0.06836;0.07813;0.08789;0.09766;0.10742;0.11719;0.12695;0.13672;0.14648;0.15625;0.16602;0.17578;0.18555;0.19531;0.20508;0.21484;0.22461;0.23438;0.24414;0.25391;0.26367;0.27344;0.2832;0.29297;0.30273;0.3125;0.32227;0.33203;0.3418;0.35156;0.36133;0.37109;0.38086;0.39063;0.40039;0.41016;0.41992;0.42969;0.43945;0.44922;0.45898;0.46875;0.47852;0.48828;0.49805;0.50781;0.51758;0.52734;0.53711;0.54688;0.55664;0.56641;0.57617;0.58594;0.5957;0.60547;0.61523;0.625;0.63477;0.64453;0.6543;0.66406;0.67383;0.68359;0.69336;0.70313;0.71289;0.72266;0.73242;0.74219;0.75195;0.76172;0.77148;0.78125;0.79102,0.000596992;0.0012359679999999998;0.004148224;0.0034744320000000004;0.011971584;0.00945152;0.003874816;0.013840384;0.033422336000000004;0.046147584000000005;0.026416128;0.014251007999999999;0.007071744;0.004829183999999999;0.014071808000000002;0.040986624;0.083259392;0.08321331200000001;0.10166067200000001;0.09188761599999999;0.043592703999999996;0.025483264;0.01772032;0.024757248;0.027902976;0.021134336;0.020976639999999998;0.018675712;0.015076352000000001;0.013516799999999999;0.0066816;0.00715264;0.006900736;0.005531647999999999;0.00339968;0.002578432;0.0028927999999999996;0.0024422399999999996;0.001850368;0.001627136;0.0016916480000000002;0.000840704;0.0011212799999999999;0.0016711679999999998;0.001343488;0.0011704320000000001;0.0013148160000000001;0.0011007999999999999;0.000842752;0.0005877759999999999;0.00035430400000000006;0.00046284799999999997;0.000688128;0.0007188480000000001;0.0008151040000000001;0.0009697280000000001;0.000779264;0.00065536;0.000910336;0.000919552;0.0008386559999999999;0.000857088;0.000802816;0.0012032;0.001143808;0.0010086399999999999;0.001056768;0.00093696;0.0010291200000000001;0.0008929280000000001;0.0008110079999999999;0.0008048640000000001;0.001099776;0.000668672;0.00037785600000000004;0.000442368;0.00072704;0.000630784;0.000324608
1772617500,hdr,0.0293;0.03906;0.04883;0.05859;0.06836;0.07813;0.08789;0.09766;0.10742;0.11719;0.12695;0.13672;0.14648;0.15625;0.16602;0.17578;0.18555;0.19531;0.20508;0.21484;0.22461;0.23438;0.24414;0.25391;0.26367;0.27344;0.2832;0.29297;0.30273;0.3125;0.32227;0.33203;0.3418;0.35156;0.36133;0.37109;0.38086;0.39063;0.40039;0.41016;0.41992;0.42969;0.43945;0.44922;0.45898;0.46875;0.47852;0.48828;0.49805;0.50781;0.51758;0.52734;0.53711;0.54688;0.55664;0.56641;0.57617;0.58594;0.5957;0.60547;0.61523;0.625;0.63477;0.64453;0.6543;0.66406;0.67383;0.68359;0.69336;0.70313;0.71289;0.72266;0.73242;0.74219;0.75195;0.76172;0.77148;0.78125;0.79102,0.000253952;0.000191488;0.00048127999999999995;0.00272896;0.01635328;0.009929728;0.003557376;0.013618176;0.04033024;0.060603392;0.035916800000000006;0.0120064;0.006171648;0.008963072;0.022705152;0.035150848000000005;0.062880768;0.10956390399999999;0.13210009600000003;0.08271974400000001;0.038907904;0.031601664;0.026212351999999998;0.02112;0.022394880000000002;0.015443968;0.010229760000000001;0.009623552;0.012136448000000001;0.010910719999999999;0.008249344;0.006483968;0.00408064;0.005111808;0.00405504;0.0024012799999999996;0.0022394880000000004;0.0031488;0.002637824;0.002006016;0.0017971200000000001;0.0015103999999999999;0.0016291839999999999;0.001048576;0.0009041920000000001;0.0011919360000000002;0.001234944;0.00101888;0.000817152;0.000919552;0.000939008;0.0011909120000000001;0.000871424;0.000637952;0.000653312;0.0006656;0.000642048;0.000551936;0.0006041600000000001;0.000772096;0.000764928;0.0007393279999999999;0.000772096;0.000772096;0.000882688;0.0009594880000000001;0.00076288;0.000772096;0.0008458240000000001;0.00039936;0.000421888;0.000434176;0.000664576;0.0006225919999999999;0.000559104;0.000513024;0.000510976;0.00035328;0.000347136
1772618400,hdr,0.0293;0.03906;0.04883;0.05859;0.06836;0.07813;0.08789;0.09766;0.10742;0.11719;0.12695;0.13672;0.14648;0.15625;0.16602;0.17578;0.18555;0.19531;0.20508;0.21484;0.22461;0.23438;0.24414;0.25391;0.26367;0.27344;0.2832;0.29297;0.30273;0.3125;0.32227;0.33203;0.3418;0.35156;0.36133;0.37109;0.38086;0.39063;0.40039;0.41016;0.41992;0.42969;0.43945;0.44922;0.45898;0.46875;0.47852;0.48828;0.49805;0.50781;0.51758;0.52734;0.53711;0.54688;0.55664;0.56641;0.57617;0.58594;0.5957;0.60547;0.61523;0.625;0.63477;0.64453;0.6543;0.66406;0.67383;0.68359;0.69336;0.70313;0.71289;0.72266;0.73242;0.74219;0.75195;0.76172;0.77148;0.78125;0.79102,0.000922624;0.008174592000000001;0.010469376;0.004475903999999999;0.009921536;0.010205183999999999;0.00618496;0.017601536;0.056068096;0.091297792;0.053165055999999995;0.014967807999999999;0.006316032;0.004271104;0.010831872000000001;0.032829439999999994;0.043701248;0.063756288;0.06898790399999999;0.055072768;0.033366016000000005;0.021133312;0.026586112000000002;0.033912832000000004;0.027444224;0.023699456;0.015217663999999999;0.011162624;0.008416256;0.008806399999999999;0.008764416;0.004278272;0.005532672;0.005590016000000001;0.002332672;0.0016424959999999998;0.001792;0.0022374400000000003;0.001961984;0.00097792;0.0016906239999999997;0.0018944;0.0016906239999999997;0.00129024;0.001174528;0.001329152;0.000915456;0.0008110079999999999;0.0006502400000000001;0.000656384;0.000776192;0.000796672;0.000626688;0.000456704;0.0005478400000000001;0.0006789119999999999;0.000873472;0.000620544;0.00043008000000000006;0.000623616;0.000817152;0.000606208;0.00041676800000000003;0.0005468159999999999;0.000672768;0.000451584;0.000454656;0.00048639999999999995;0.0008212479999999999;0.000813056;0.000628736;0.00046796800000000003;0.000436224;0.000412672;0.00033792;0.000360448;0.0004352;0.00044646400000000004;0.000376832
1772619300,hdr,0.0293;0.03906;0.04883;0.05859;0.06836;0.07813;0.08789;0.09766;0.10742;0.11719;0.12695;0.13672;0.14648;0.15625;0.16602;0.17578;0.18555;0.19531;0.20508;0.21484;0.22461;0.23438;0.24414;0.25391;0.26367;0.27344;0.2832;0.29297;0.30273;0.3125;0.32227;0.33203;0.3418;0.35156;0.36133;0.37109;0.38086;0.39063;0.40039;0.41016;0.41992;0.42969;0.43945;0.44922;0.45898;0.46875;0.47852;0.48828;0.49805;0.50781;0.51758;0.52734;0.53711;0.54688;0.55664;0.56641;0.57617;0.58594;0.5957;0.60547;0.61523;0.625;0.63477;0.64453;0.6543;0.66406;0.67383;0.68359;0.69336;0.70313;0.71289;0.72266;0.73242;0.74219;0.75195;0.76172;0.77148;0.78125;0.79102,0.000165888;0.000603136;0.0028948479999999998;0.0024391680000000002;0.017909759999999997;0.014625792000000002;0.00853504;0.024743936;0.061032448;0.063896576;0.031290368;0.014623744000000001;0.006107135999999999;0.007768064000000001;0.011117568000000001;0.024643584;0.056403968;0.104783872;0.07745843200000001;0.043910144;0.03488768;0.037627904000000004;0.022808575999999997;0.025532416000000002;0.02898944;0.026255360000000002;0.01903616;0.016653311999999997;0.012169216;0.009534464;0.006150144000000001;0.005020672;0.005810176;0.0034385919999999994;0.0031068159999999997;0.0038174719999999997;0.0025825279999999997;0.00278016;0.003268608;0.001824768;0.001670144;0.0017305600000000001;0.0016609279999999999;0.001426432;0.001180672;0.0007352319999999999;0.0008560640000000001;0.001004544;0.001432576;0.001202176;0.00118784;0.000970752;0.000535552;0.00050176;0.0008458240000000001;0.0009543679999999999;0.00062976;0.00062976;0.0005918719999999999;0.000565248;0.000577536;0.000515072;0.000805888;0.001317888;0.001011712;0.0007096320000000001;0.00048025600000000003;0.0005007359999999999;0.00077824;0.000688128;0.000611328;0.0005847039999999999;0.000391168;0.00033382400000000003;0.00059904;0.0005642239999999999;0.000387072;0.000164864;0.000251904
1772620200,hdr,0.0293;0.03906;0.04883;0.05859;0.06836;0.07813;0.08789;0.09766;0.10742;0.11719;0.12695;0.13672;0.14648;0.15625;0.16602;0.17578;0.18555;0.19531;0.20508;0.21484;0.22461;0.23438;0.24414;0.25391;0.26367;0.27344;0.2832;0.29297;0.30273;0.3125;0.32227;0.33203;0.3418;0.35156;0.36133;0.37109;0.38086;0.39063;0.40039;0.41016;0.41992;0.42969;0.43945;0.44922;0.45898;0.46875;0.47852;0.48828;0.49805;0.50781;0.51758;0.52734;0.53711;0.54688;0.55664;0.56641;0.57617;0.58594;0.5957;0.60547;0.61523;0.625;0.63477;0.64453;0.6543;0.66406;0.67383;0.68359;0.69336;0.70313;0.71289;0.72266;0.73242;0.74219;0.75195;0.76172;0.77148;0.78125;0.79102,0.0009256959999999999;0.006680576;0.006675455999999999;0.003853312;0.016663551999999998;0.012906496000000002;0.008900608;0.035539968;0.07756288;0.076773376;0.036547584;0.016930815999999998;0.008370176000000002;0.006598656;0.013342719999999999;0.024625151999999997;0.061918207999999995;0.09165824;0.048519167999999994;0.035810304;0.0300032;0.023195647999999996;0.021448704;0.018089984;0.023555072;0.013943808;0.0080384;0.013205504;0.01033216;0.008884224;0.008565759999999999;0.007728128;0.005322752;0.00494592;0.0036812800000000003;0.001560576;0.003443712;0.0035850240000000005;0.003239936;0.002578432;0.002097152;0.002349056;0.00187392;0.0017203200000000002;0.0017244159999999999;0.001898496;0.0014786559999999999;0.00129024;0.001015808;0.000774144;0.001004544;0.001497088;0.00121344;0.001139712;0.001161216;0.001063936;0.0009738240000000001;0.000863232;0.000877568;0.000779264;0.000641024;0.000802816;0.0014817279999999999;0.00146432;0.0007290879999999999;0.0008837120000000001;0.000702464;0.000759808;0.000828416;0.001053696;0.000734208;0.000569344;0.000454656;0.0005642239999999999;0.000625664;0.00029798400000000005;0.000269312;0.000233472;0.000260096
1772621100,hdr,0.0293;0.03906;0.04883;0.05859;0.06836;0.07813;0.08789;0.09766;0.10742;0.11719;0.12695;0.13672;0.14648;0.15625;0.16602;0.17578;0.18555;0.19531;0.20508;0.21484;0.22461;0.23438;0.24414;0.25391;0.26367;0.27344;0.2832;0.29297;0.30273;0.3125;0.32227;0.33203;0.3418;0.35156;0.36133;0.37109;0.38086;0.39063;0.40039;0.41016;0.41992;0.42969;0.43945;0.44922;0.45898;0.46875;0.47852;0.48828;0.49805;0.50781;0.51758;0.52734;0.53711;0.54688;0.55664;0.56641;0.57617;0.58594;0.5957;0.60547;0.61523;0.625;0.63477;0.64453;0.6543;0.66406;0.67383;0.68359;0.69336;0.70313;0.71289;0.72266;0.73242;0.74219;0.75195;0.76172;0.77148;0.78125;0.79102,0.001327104;0.006082560000000001;0.003043328;0.004426751999999999;0.014564352;0.011342847999999999;0.007425024;0.014518271999999999;0.052947968;0.07472230399999999;0.045045760000000004;0.02296832;0.007896064;0.007822336000000001;0.016038912;0.014570496;0.037690368;0.100629504;0.09115648;0.044794879999999995;0.026231808000000002;0.033118208;0.020045824;0.01253888;0.013549568000000001;0.010721280000000001;0.008200191999999999;0.007036928;0.008547328;0.00899584;0.007866368;0.005482496;0.005244928;0.0029880320000000003;0.0027136;0.003273728;0.0026286079999999997;0.002813952;0.0027269119999999997;0.0027310080000000005;0.00289792;0.0023848959999999996;0.001876992;0.002363392;0.001810432;0.001678336;0.00203264;0.0017725439999999998;0.0014899199999999998;0.001241088;0.001348608;0.00150528;0.001777664;0.001408;0.001480704;0.0008765439999999999;0.000932864;0.0012707839999999998;0.001973248;0.0013824;0.0005683200000000001;0.001004544;0.001790976;0.00145408;0.000867328;0.00083968;0.0007075839999999999;0.000772096;0.000672768;0.000676864;0.000360448;0.00029798400000000005;0.00040345599999999995;0.000679936;0.0005836799999999999;0.000566272;0.000375808;0.000262144;0.000449536
1772622000,hdr,0.0293;0.03906;0.04883;0.05859;0.06836;0.07813;0.08789;0.09766;0.10742;0.11719;0.12695;0.13672;0.14648;0.15625;0.16602;0.17578;0.18555;0.19531;0.20508;0.21484;0.22461;0.23438;0.24414;0.25391;0.26367;0.27344;0.2832;0.29297;0.30273;0.3125;0.32227;0.33203;0.3418;0.35156;0.36133;0.37109;0.38086;0.39063;0.40039;0.41016;0.41992;0.42969;0.43945;0.44922;0.45898;0.46875;0.47852;0.48828;0.49805;0.50781;0.51758;0.52734;0.53711;0.54688;0.55664;0.56641;0.57617;0.58594;0.5957;0.60547;0.61523;0.625;0.63477;0.64453;0.6543;0.66406;0.67383;0.68359;0.69336;0.70313;0.71289;0.72266;0.73242;0.74219;0.75195;0.76172;0.77148;0.78125;0.79102,0.00142848;0.00553984;0.007499776;0.005312512;0.005297152;0.00523264;0.00858624;0.01956352;0.031292416;0.05778432;0.044903424;0.015674367999999998;0.008077312;0.006887424;0.008735744;0.025432064;0.045576191999999995;0.047891456;0.038216704;0.037260288;0.036885504;0.020913152;0.009917439999999998;0.013504512;0.010999808;0.014722048;0.016760832000000003;0.013198336;0.008027136;0.0071065600000000005;0.006682624;0.004745216;0.004883456;0.003854336;0.004018176;0.004165632;0.0032348159999999997;0.0027555839999999997;0.002861056;0.001975296;0.001330176;0.001964032;0.00197632;0.001586176;0.000826368;0.0013660159999999998;0.00149504;0.001004544;0.0011284479999999998;0.001734656;0.0014827520000000002;0.0015616000000000002;0.001527808;0.00075264;0.0007884799999999999;0.001250304;0.001349632;0.001253376;0.001393664;0.001393664;0.000996352;0.0008447999999999999;0.000790528;0.001031168;0.00097792;0.000782336;0.0005744639999999999;0.000720896;0.000893952;0.0007557120000000001;0.000882688;0.00074752;0.0005376000000000001;0.0008048640000000001;0.000825344;0.00062464;0.000626688;0.000579584;0.00047718399999999996
1772622900,hdr,0.0293;0.03906;0.04883;0.05859;0.06836;0.07813;0.08789;0.09766;0.10742;0.11719;0.12695;0.13672;0.14648;0.15625;0.16602;0.17578;0.18555;0.19531;0.20508;0.21484;0.22461;0.23438;0.24414;0.25391;0.26367;0.27344;0.2832;0.29297;0.30273;0.3125;0.32227;0.33203;0.3418;0.35156;0.36133;0.37109;0.38086;0.39063;0.40039;0.41016;0.41992;0.42969;0.43945;0.44922;0.45898;0.46875;0.47852;0.48828;0.49805;0.50781;0.51758;0.52734;0.53711;0.54688;0.55664;0.56641;0.57617;0.58594;0.5957;0.60547;0.61523;0.625;0.63477;0.64453;0.6543;0.66406;0.67383;0.68359;0.69336;0.70313;0.71289;0.72266;0.73242;0.74219;0.75195;0.76172;0.77148;0.78125;0.79102,0.000545792;0.004313088;0.005343232;0.0034990079999999996;0.009723903999999998;0.009250816;0.014290944;0.02244096;0.05815808;0.07716864;0.044804095999999995;0.026003455999999998;0.00679936;0.007221248;0.013279232;0.032786432;0.067168256;0.101414912;0.1031424;0.066931712;0.046024704;0.029700096;0.017975295999999998;0.017631232;0.020964352000000002;0.012532736000000001;0.012617728;0.01150464;0.009942016000000001;0.008599552;0.004234239999999999;0.004865024;0.005088256;0.0039424;0.004363264;0.004534272;0.002919424;0.0027115520000000003;0.001590272;0.0016977919999999998;0.002325504;0.001910784;0.001893376;0.001980416;0.0021626880000000003;0.001529856;0.000816128;0.0010752000000000001;0.001426432;0.0016732160000000002;0.000970752;0.0008069119999999999;0.0009738240000000001;0.001057792;0.001337344;0.001077248;0.001166336;0.001139712;0.0009205759999999999;0.0005416959999999999;0.000494592;0.000825344;0.000700416;0.000734208;0.00075264;0.000561152;0.00059392;0.0005324799999999999;0.000429056;0.000485376;0.000283648;0.00025088;0.00043827199999999997;0.00047616000000000005;0.00040448000000000003;0.000553984;0.0006604799999999999;0.000375808;0.00030003200000000004
1772623800,hdr,0.0293;0.03906;0.04883;0.05859;0.06836;0.07813;0.08789;0.09766;0.10742;0.11719;0.12695;0.13672;0.14648;0.15625;0.16602;0.17578;0.18555;0.19531;0.20508;0.21484;0.22461;0.23438;0.24414;0.25391;0.26367;0.27344;0.2832;0.29297;0.30273;0.3125;0.32227;0.33203;0.3418;0.35156;0.36133;0.37109;0.38086;0.39063;0.40039;0.41016;0.41992;0.42969;0.43945;0.44922;0.45898;0.46875;0.47852;0.48828;0.49805;0.50781;0.51758;0.52734;0.53711;0.54688;0.55664;0.56641;0.57617;0.58594;0.5957;0.60547;0.61523;0.625;0.63477;0.64453;0.6543;0.66406;0.67383;0.68359;0.69336;0.70313;0.71289;0.72266;0.73242;0.74219;0.75195;0.76172;0.77148;0.78125;0.79102,0.000183296;0.002861056;0.005730304;0.006332416;0.029552639999999998;0.017441792;0.006406144;0.022846464;0.046570495999999996;0.061755392;0.034910208;0.021259264000000003;0.010493951999999999;0.005972991999999999;0.009298944000000002;0.020094975999999997;0.037240831999999995;0.098644992;0.08442368;0.064995328;0.043485183999999996;0.023884799999999998;0.018857983999999998;0.015700992;0.011165696;0.013672447999999999;0.011077632;0.01101824;0.01146368;0.00890368;0.0065638400000000005;0.005441536;0.003203072;0.0033003520000000003;0.003873792;0.002768896;0.002220032;0.00290304;0.00416256;0.0038502399999999996;0.0027013120000000004;0.001409024;0.0016128;0.001850368;0.001519616;0.00118784;0.0012871680000000002;0.0012042239999999998;0.00099328;0.000842752;0.0009943039999999999;0.001165312;0.00096768;0.0010752000000000001;0.0008151040000000001;0.0008151040000000001;0.0009441279999999999;0.000884736;0.000801792;0.0007495679999999999;0.000984064;0.001118208;0.000775168;0.00039628799999999996;0.000310272;0.00055296;0.000630784;0.000557056;0.00039628799999999996;0.000448512;0.000596992;0.00054272;0.00040448000000000003;0.000521216;0.000646144;0.000507904;0.00037376;0.000251904;0.000452608
1772624700,hdr,0.0293;0.03906;0.04883;0.05859;0.06836;0.07813;0.08789;0.09766;0.10742;0.11719;0.12695;0.13672;0.14648;0.15625;0.16602;0.17578;0.18555;0.19531;0.20508;0.21484;0.22461;0.23438;0.24414;0.25391;0.26367;0.27344;0.2832;0.29297;0.30273;0.3125;0.32227;0.33203;0.3418;0.35156;0.36133;0.37109;0.38086;0.39063;0.40039;0.41016;0.41992;0.42969;0.43945;0.44922;0.45898;0.46875;0.47852;0.48828;0.49805;0.50781;0.51758;0.52734;0.53711;0.54688;0.55664;0.56641;0.57617;0.58594;0.5957;0.60547;0.61523;0.625;0.63477;0.64453;0.6543;0.66406;0.67383;0.68359;0.69336;0.70313;0.71289;0.72266;0.73242;0.74219;0.75195;0.76172;0.77148;0.78125;0.79102,0.000349184;0.0022067199999999997;0.004260864;0.0066437119999999995;0.020425728;0.01158144;0.008092672;0.019712;0.051507199999999996;0.07658496;0.04712960000000001;0.0314112;0.01483776;0.009624576;0.01325056;0.023862272;0.08385433600000002;0.15852953600000003;0.09135616;0.04587008;0.034649087999999995;0.022157312000000002;0.0178176;0.020329471999999998;0.014759936;0.010379264;0.013092864000000001;0.016311296;0.010088448;0.010288128;0.005956608;0.004785152;0.0036157439999999997;0.002615296;0.002084864;0.002512896;0.00367616;0.002553856;0.001496064;0.00193536;0.0023408640000000002;0.002157568;0.0023203839999999996;0.00218112;0.0009564160000000001;0.000893952;0.00124928;0.001125376;0.000913408;0.000644096;0.000756736;0.000873472;0.00109056;0.0009461760000000001;0.000800768;0.0007229440000000001;0.000539648;0.000641024;0.0006154239999999999;0.000559104;0.000799744;0.0006154239999999999;0.000658432;0.000733184;0.0006737919999999999;0.000750592;0.0007423999999999999;0.000567296;0.00029593599999999995;0.00046284799999999997;0.000566272;0.00041779199999999995;0.00041984;0.00047206399999999996;0.000631808;0.00064512;0.00044339199999999997;0.00023961599999999998;0.00030924800000000003
1772625600,hdr,0.0293;0.03906;0.04883;0.05859;0.06836;0.07813;0.08789;0.09766;0.10742;0.11719;0.12695;0.13672;0.14648;0.15625;0.16602;0.17578;0.18555;0.19531;0.20508;0.21484;0.22461;0.23438;0.24414;0.25391;0.26367;0.27344;0.2832;0.29297;0.30273;0.3125;0.32227;0.33203;0.3418;0.35156;0.36133;0.37109;0.38086;0.39063;0.40039;0.41016;0.41992;0.42969;0.43945;0.44922;0.45898;0.46875;0.47852;0.48828;0.49805;0.50781;0.51758;0.52734;0.53711;0.54688;0.55664;0.56641;0.57617;0.58594;0.5957;0.60547;0.61523;0.625;0.63477;0.64453;0.6543;0.66406;0.67383;0.68359;0.69336;0.70313;0.71289;0.72266;0.73242;0.74219;0.75195;0.76172;0.77148;0.78125;0.79102,0.00046796800000000003;0.0014827520000000002;0.002225152;0.0023767040000000003;0.008426496;0.006134784;0.003039232;0.031601664;0.077321216;0.07432396799999999;0.044770304000000004;0.021234687999999998;0.012650496;0.009222144;0.011691008;0.031297536;0.07285145600000001;0.10519244800000001;0.092084224;0.056871936000000005;0.035395584;0.012627967999999998;0.012880896000000001;0.017941503999999997;0.016239616000000002;0.012424191999999999;0.012054528;0.008434688000000001;0.008329216;0.003055616;0.005153792000000001;0.005907456;0.00426496;0.002936832;0.0024903679999999997;0.0023357440000000003;0.0020582400000000002;0.002352128;0.001800192;0.002205696;0.002770944;0.001666048;0.00091648;0.00146944;0.0025917439999999996;0.001995776;0.001778688;0.00208896;0.001931264;0.001283072;0.0010833919999999999;0.0009697280000000001;0.000887808;0.000964608;0.000884736;0.0006840319999999999;0.000771072;0.0006184960000000001;0.000504832;0.000550912;0.0005703679999999999;0.000596992;0.000576512;0.00047411199999999995;0.000384;0.000538624;0.0006840319999999999;0.000644096;0.0004915200000000001;0.00052736;0.000365568;0.000324608;0.000545792;0.0005980159999999999;0.0007495679999999999;0.00085504;0.00045568;0.00043008000000000006;0.000315392
1772626500,hdr,0.0293;0.03906;0.04883;0.05859;0.06836;0.07813;0.08789;0.09766;0.10742;0.11719;0.12695;0.13672;0.14648;0.15625;0.16602;0.17578;0.18555;0.19531;0.20508;0.21484;0.22461;0.23438;0.24414;0.25391;0.26367;0.27344;0.2832;0.29297;0.30273;0.3125;0.32227;0.33203;0.3418;0.35156;0.36133;0.37109;0.38086;0.39063;0.40039;0.41016;0.41992;0.42969;0.43945;0.44922;0.45898;0.46875;0.47852;0.48828;0.49805;0.50781;0.51758;0.52734;0.53711;0.54688;0.55664;0.56641;0.57617;0.58594;0.5957;0.60547;0.61523;0.625;0.63477;0.64453;0.6543;0.66406;0.67383;0.68359;0.69336;0.70313;0.71289;0.72266;0.73242;0.74219;0.75195;0.76172;0.77148;0.78125;0.79102,0.000172032;0.002568192;0.0045373440000000004;0.00400896;0.008615936;0.006194175999999999;0.016781312;0.054790144;0.06657536;0.101019648;0.06649241600000001;0.022861823999999996;0.01251328;0.009126912000000001;0.015038464;0.031505408;0.04014592;0.041998336000000004;0.047553536;0.046778368;0.038336512;0.039197696000000004;0.033857536;0.016900096;0.011086848;0.010386432;0.008427519999999999;0.006974464;0.009247744;0.008185856;0.0056801279999999996;0.005106688;0.004954112;0.00457216;0.003796992;0.0036270079999999997;0.0036648960000000004;0.00221184;0.001108992;0.0013557760000000002;0.001241088;0.001015808;0.001006592;0.001344512;0.0016302080000000002;0.00159744;0.000992256;0.000978944;0.0012523519999999998;0.000939008;0.000908288;0.001145856;0.000995328;0.00070656;0.000867328;0.001180672;0.0013209599999999997;0.00085504;0.001282048;0.000908288;0.000555008;0.00059392;0.0006144;0.000649216;0.000648192;0.000352256;0.00048742400000000003;0.000514048;0.000659456;0.0006041600000000001;0.0004915200000000001;0.0005007359999999999;0.000610304;0.000754688;0.000561152;0.000415744;0.00031232;0.00035942400000000006;0.0006502400000000001
1772627400,hdr,0.0293;0.03906;0.04883;0.05859;0.06836;0.07813;0.08789;0.09766;0.10742;0.11719;0.12695;0.13672;0.14648;0.15625;0.16602;0.17578;0.18555;0.19531;0.20508;0.21484;0.22461;0.23438;0.24414;0.25391;0.26367;0.27344;0.2832;0.29297;0.30273;0.3125;0.32227;0.33203;0.3418;0.35156;0.36133;0.37109;0.38086;0.39063;0.40039;0.41016;0.41992;0.42969;0.43945;0.44922;0.45898;0.46875;0.47852;0.48828;0.49805;0.50781;0.51758;0.52734;0.53711;0.54688;0.55664;0.56641;0.57617;0.58594;0.5957;0.60547;0.61523;0.625;0.63477;0.64453;0.6543;0.66406;0.67383;0.68359;0.69336;0.70313;0.71289;0.72266;0.73242;0.74219;0.75195;0.76172;0.77148;0.78125;0.79102,0.0006932479999999999;0.0046848;0.008045568;0.005608448;0.016176127999999998;0.010636288;0.011907072;0.047239168;0.055045119999999996;0.089458688;0.080813056;0.031478784;0.016585727999999998;0.014582784;0.018916351999999997;0.05403136;0.061832192;0.06611456;0.076082176;0.06702079999999999;0.04416512;0.029090816;0.018077696;0.017378304;0.015659008;0.016144383999999998;0.017729536;0.008905728;0.005756928;0.0068997120000000006;0.005859328;0.004862976;0.004234239999999999;0.00229888;0.0021268479999999998;0.003750912;0.0029952000000000004;0.0025200640000000002;0.002244608;0.002356224;0.002655232;0.001476608;0.002125824;0.002188288;0.001572864;0.001967104;0.001409024;0.001250304;0.001475584;0.001313792;0.001153024;0.001031168;0.0008192000000000001;0.0005816320000000001;0.000603136;0.000643072;0.000607232;0.0007075839999999999;0.0006656;0.00082944;0.0008048640000000001;0.000858112;0.0009594880000000001;0.00062976;0.000754688;0.000720896;0.0006993920000000001;0.000489472;0.000339968;0.00016384;0.00029491200000000004;0.0005877759999999999;0.000444416;0.000576512;0.000528384;0.000505856;0.000375808;0.000366592;0.00043827199999999997
1772628300,hdr,0.0293;0.03906;0.04883;0.05859;0.06836;0.07813;0.08789;0.09766;0.10742;0.11719;0.12695;0.13672;0.14648;0.15625;0.16602;0.17578;0.18555;0.19531;0.20508;0.21484;0.22461;0.23438;0.24414;0.25391;0.26367;0.27344;0.2832;0.29297;0.30273;0.3125;0.32227;0.33203;0.3418;0.35156;0.36133;0.37109;0.38086;0.39063;0.40039;0.41016;0.41992;0.42969;0.43945;0.44922;0.45898;0.46875;0.47852;0.48828;0.49805;0.50781;0.51758;0.52734;0.53711;0.54688;0.55664;0.56641;0.57617;0.58594;0.5957;0.60547;0.61523;0.625;0.63477;0.64453;0.6543;0.66406;0.67383;0.68359;0.69336;0.70313;0.71289;0.72266;0.73242;0.74219;0.75195;0.76172;0.77148;0.78125;0.79102,0.00052736;0.00230912;0.0039495680000000005;0.002021376;0.010887168000000001;0.009541632;0.015797248;0.0577792;0.055648256;0.059897856;0.055682048000000005;0.03656192;0.028649472;0.017820672;0.025897984;0.046811135999999996;0.10990284800000001;0.138284032;0.07068569599999999;0.044582912;0.037823487999999995;0.03060736;0.025732096;0.015326208;0.014872576;0.012797952000000001;0.010735616;0.008854528;0.006018048000000001;0.007792639999999999;0.006081536;0.0045322240000000005;0.005170175999999999;0.006738944;0.00410624;0.0024299520000000004;0.001627136;0.0011264;0.0013639680000000001;0.00164864;0.001702912;0.002399232;0.002123776;0.0016404479999999999;0.001504256;0.001750016;0.001586176;0.001091584;0.001232896;0.001214464;0.000867328;0.00099328;0.001036288;0.001110016;0.0006952960000000001;0.000800768;0.000992256;0.0013752319999999999;0.0009748480000000001;0.00105472;0.001181696;0.0008089600000000001;0.0006000640000000001;0.000765952;0.000847872;0.0007833599999999999;0.000633856;0.00064;0.00047718399999999996;0.0005232639999999998;0.0005406720000000001;0.000456704;0.00046284799999999997;0.00034099200000000003;0.000391168;0.000288768;0.000237568;0.000258048;0.00035430400000000006
1772629200,hdr,0.0293;0.03906;0.04883;0.05859;0.06836;0.07813;0.08789;0.09766;0.10742;0.11719;0.12695;0.13672;0.14648;0.15625;0.16602;0.17578;0.18555;0.19531;0.20508;0.21484;0.22461;0.23438;0.24414;0.25391;0.26367;0.27344;0.2832;0.29297;0.30273;0.3125;0.32227;0.33203;0.3418;0.35156;0.36133;0.37109;0.38086;0.39063;0.40039;0.41016;0.41992;0.42969;0.43945;0.44922;0.45898;0.46875;0.47852;0.48828;0.49805;0.50781;0.51758;0.52734;0.53711;0.54688;0.55664;0.56641;0.57617;0.58594;0.5957;0.60547;0.61523;0.625;0.63477;0.64453;0.6543;0.66406;0.67383;0.68359;0.69336;0.70313;0.71289;0.72266;0.73242;0.74219;0.75195;0.76172;0.77148;0.78125;0.79102,0.00282624;0.017411072;0.019172352;0.006112256;0.016323584000000002;0.01116672;0.014433280000000001;0.040823807999999996;0.07822438400000001;0.06911488;0.045160448000000006;0.038644736000000006;0.026012671999999997;0.012761088000000002;0.026404864;0.053506048;0.10442137599999998;0.174195712;0.10315264;0.045903872000000005;0.022367232;0.018768896;0.022047744;0.009377792;0.007469056000000001;0.009183232;0.010118143999999999;0.006396928;0.0055009279999999995;0.008506368;0.006677504;0.005248;0.006047744;0.004663296;0.005804032;0.003055616;0.003063808;0.0028764159999999997;0.003209216;0.003035136;0.002051072;0.001388544;0.001509376;0.00124928;0.0013393919999999998;0.000985088;0.0007772160000000001;0.0009943039999999999;0.001214464;0.001307648;0.000945152;0.000985088;0.001251328;0.001323008;0.001161216;0.00077824;0.0006952960000000001;0.000787456;0.000898048;0.000917504;0.000652288;0.00076288;0.0009359360000000001;0.000644096;0.00037888;0.000420864;0.00047411199999999995;0.00043827199999999997;0.000448512;0.000515072;0.000559104;0.0005980159999999999;0.000566272;0.00040960000000000004;0.0005406720000000001;0.000449536;0.0003584;0.000504832;0.000466944
1772630100,hdr,0.0293;0.03906;0.04883;0.05859;0.06836;0.07813;0.08789;0.09766;0.10742;0.11719;0.12695;0.13672;0.14648;0.15625;0.16602;0.17578;0.18555;0.19531;0.20508;0.21484;0.22461;0.23438;0.24414;0.25391;0.26367;0.27344;0.2832;0.29297;0.30273;0.3125;0.32227;0.33203;0.3418;0.35156;0.36133;0.37109;0.38086;0.39063;0.40039;0.41016;0.41992;0.42969;0.43945;0.44922;0.45898;0.46875;0.47852;0.48828;0.49805;0.50781;0.51758;0.52734;0.53711;0.54688;0.55664;0.56641;0.57617;0.58594;0.5957;0.60547;0.61523;0.625;0.63477;0.64453;0.6543;0.66406;0.67383;0.68359;0.69336;0.70313;0.71289;0.72266;0.73242;0.74219;0.75195;0.76172;0.77148;0.78125;0.79102,0.0030822400000000004;0.011870208;0.00886784;0.003728384;0.013402112;0.015363072;0.022546432;0.034512896;0.052704256;0.08163840000000001;0.04205670400000001;0.024477696;0.021026816;0.021607424000000004;0.020907008;0.049226752;0.08736358400000001;0.085584896;0.097946624;0.047496192;0.029067264000000002;0.029067264000000002;0.011396096;0.014482431999999998;0.010859520000000001;0.006745088;0.007479295999999999;0.010273791999999999;0.008427519999999999;0.004672512;0.003941376;0.0054528;0.003943424;0.003460096;0.004456448;0.002817024;0.004062208;0.0032870399999999998;0.002993152;0.002671616;0.0031313919999999998;0.003668992;0.002231296;0.001130496;0.001102848;0.001876992;0.001153024;0.00141824;0.00119296;0.000698368;0.000607232;0.00044646400000000004;0.000963584;0.00122368;0.0009144320000000001;0.00062464;0.000802816;0.000807936;0.0006041600000000001;0.000415744;0.000636928;0.000516096;0.00039219200000000003;0.000539648;0.000690176;0.00041984;0.0007884799999999999;0.0008458240000000001;0.000515072;0.000577536;0.000580608;0.0006144;0.0006277120000000001;0.000371712;0.000390144;0.000303104;0.00049664;0.00046284799999999997;0.000260096
1772631000,hdr,0.0293;0.03906;0.04883;0.05859;0.06836;0.07813;0.08789;0.09766;0.10742;0.11719;0.12695;0.13672;0.14648;0.15625;0.16602;0.17578;0.18555;0.19531;0.20508;0.21484;0.22461;0.23438;0.24414;0.25391;0.26367;0.27344;0.2832;0.29297;0.30273;0.3125;0.32227;0.33203;0.3418;0.35156;0.36133;0.37109;0.38086;0.39063;0.40039;0.41016;0.41992;0.42969;0.43945;0.44922;0.45898;0.46875;0.47852;0.48828;0.49805;0.50781;0.51758;0.52734;0.53711;0.54688;0.55664;0.56641;0.57617;0.58594;0.5957;0.60547;0.61523;0.625;0.63477;0.64453;0.6543;0.66406;0.67383;0.68359;0.69336;0.70313;0.71289;0.72266;0.73242;0.74219;0.75195;0.76172;0.77148;0.78125;0.79102,0.0027658239999999996;0.005023743999999999;0.002696192;0.004146176;0.017963008;0.010139648;0.020530176;0.038457344;0.070580224;0.061006847999999995;0.043935744;0.032899072;0.019275776;0.02473984;0.027013119999999998;0.047738880000000004;0.07125503999999999;0.108254208;0.112991232;0.035177472;0.021450752;0.014849023999999999;0.010995712;0.010405887999999999;0.008772608;0.009579520000000001;0.007700479999999999;0.005988352;0.006032384;0.0043878400000000005;0.0040448;0.005189632;0.006782976;0.003597312;0.004478976000000001;0.005620736;0.003360768;0.001901568;0.003519488;0.0040519679999999995;0.001845248;0.00238592;0.003125248;0.002752512;0.001708032;0.002213888;0.0017807360000000002;0.002134016;0.0020592640000000003;0.0016220159999999998;0.000871424;0.0009758719999999999;0.001103872;0.000917504;0.000802816;0.000877568;0.000730112;0.0007055360000000001;0.001062912;0.000812032;0.000889856;0.000780288;0.000687104;0.0006912;0.00081408;0.001154048;0.000807936;0.000577536;0.000499712;0.000668672;0.000375808;0.00028569600000000005;0.0005816320000000001;0.000576512;0.00045056;0.00039423999999999997;0.000303104;0.00032870400000000003;0.00047616000000000005
1772631900,hdr,0.0293;0.03906;0.04883;0.05859;0.06836;0.07813;0.08789;0.09766;0.10742;0.11719;0.12695;0.13672;0.14648;0.15625;0.16602;0.17578;0.18555;0.19531;0.20508;0.21484;0.22461;0.23438;0.24414;0.25391;0.26367;0.27344;0.2832;0.29297;0.30273;0.3125;0.32227;0.33203;0.3418;0.35156;0.36133;0.37109;0.38086;0.39063;0.40039;0.41016;0.41992;0.42969;0.43945;0.44922;0.45898;0.46875;0.47852;0.48828;0.49805;0.50781;0.51758;0.52734;0.53711;0.54688;0.55664;0.56641;0.57617;0.58594;0.5957;0.60547;0.61523;0.625;0.63477;0.64453;0.6543;0.66406;0.67383;0.68359;0.69336;0.70313;0.71289;0.72266;0.73242;0.74219;0.75195;0.76172;0.77148;0.78125;0.79102,0.0045772799999999995;0.0033791999999999997;0.0028620800000000004;0.0028538879999999997;0.007030784;0.009875456;0.01076736;0.026927104;0.028233728;0.035586047999999995;0.054604799999999995;0.041931776;0.017722368;0.007697408;0.023529472;0.053070848;0.064268288;0.118829056;0.143737856;0.057030656000000006;0.040041472;0.022161408000000004;0.017745920000000002;0.015561728;0.012824576;0.009831424;0.009377792;0.009221120000000001;0.006404096000000001;0.004015104;0.005047296000000001;0.00398336;0.001783808;0.0034263040000000002;0.0039874559999999995;0.003509248;0.0036864000000000003;0.0026951679999999995;0.0023203839999999996;0.003364864;0.003119104;0.001426432;0.001513472;0.0014192640000000002;0.0016066560000000001;0.0013690880000000003;0.001040384;0.000765952;0.0013035520000000001;0.001523712;0.00125952;0.001043456;0.000900096;0.00083968;0.000802816;0.001027072;0.0007884799999999999;0.000565248;0.000545792;0.0006676480000000001;0.00052736;0.0006574080000000001;0.00064;0.00030924800000000003;0.000483328;0.0008601600000000001;0.000663552;0.000485376;0.000376832;0.00026521600000000003;0.000339968;0.00030105599999999996;0.000371712;0.000458752;0.00037478399999999997;0.00041779199999999995;0.00042496;0.00035532799999999997;0.00021401600000000003
1772632800,hdr,0.0293;0.03906;0.04883;0.05859;0.06836;0.07813;0.08789;0.09766;0.10742;0.11719;0.12695;0.13672;0.14648;0.15625;0.16602;0.17578;0.18555;0.19531;0.20508;0.21484;0.22461;0.23438;0.24414;0.25391;0.26367;0.27344;0.2832;0.29297;0.30273;0.3125;0.32227;0.33203;0.3418;0.35156;0.36133;0.37109;0.38086;0.39063;0.40039;0.41016;0.41992;0.42969;0.43945;0.44922;0.45898;0.46875;0.47852;0.48828;0.49805;0.50781;0.51758;0.52734;0.53711;0.54688;0.55664;0.56641;0.57617;0.58594;0.5957;0.60547;0.61523;0.625;0.63477;0.64453;0.6543;0.66406;0.67383;0.68359;0.69336;0.70313;0.71289;0.72266;0.73242;0.74219;0.75195;0.76172;0.77148;0.78125;0.79102,14.20179456;30.036418559999998;24.46061568;15.03418368;9.32097024;8.11763712;8.9247744;8.141568;5.83412736;3.9245107200000002;2.42193408;1.9968614400000002;1.60518144;1.26253056;0.9508761600000001;0.81389568;0.66763776;0.5147750400000001;0.36781056;0.31405056;0.22093823999999998;0.16253952;0.0712704;0.04349952;0.03096576;0.022241280000000002;0.01575936;0.01815552;0.017633279999999998;0.01216512;0.016127999999999997;0.012503040000000002;0.008232960000000001;0.008325119999999998;0.0075571200000000005;0.00712704;0.00768;0.0075264;0.005498879999999999;0.00866304;0.00731136;0.0042086400000000005;0.00531456;0.00451584;0.00362496;0.0069427199999999994;0.00669696;0.00531456;0.0044851199999999996;0.00519168;0.0059904;0.00408576;0.00196608;0.0021504;0.00344064;0.00273408;0.00181248;0.001536;0.00125952;0.00165888;0.0012288000000000002;0.00058368;0.00089088;0.00101376;0.00101376;0.00110592;0.00073728;0.00067584;0.00086016;0.0009523200000000001;0.0010752;0.00116736;0.00119808;0.00070656;0.0006144000000000001;0.00089088;0.0010752;0.00104448;0.0009523200000000001
1772633700,hdr,0.0293;0.03906;0.04883;0.05859;0.06836;0.07813;0.08789;0.09766;0.10742;0.11719;0.12695;0.13672;0.14648;0.15625;0.16602;0.17578;0.18555;0.19531;0.20508;0.21484;0.22461;0.23438;0.24414;0.25391;0.26367;0.27344;0.2832;0.29297;0.30273;0.3125;0.32227;0.33203;0.3418;0.35156;0.36133;0.37109;0.38086;0.39063;0.40039;0.41016;0.41992;0.42969;0.43945;0.44922;0.45898;0.46875;0.47852;0.48828;0.49805;0.50781;0.51758;0.52734;0.53711;0.54688;0.55664;0.56641;0.57617;0.58594;0.5957;0.60547;0.61523;0.625;0.63477;0.64453;0.6543;0.66406;0.67383;0.68359;0.69336;0.70313;0.71289;0.72266;0.73242;0.74219;0.75195;0.76172;0.77148;0.78125;0.79102,13.34117376;18.248103936;6.037420032;7.13438208;5.871126528;2.264666112;3.25628928;2.9529169919999996;1.1999416320000003;1.04979456;1.9332956159999999;1.318791168;0.480964608;0.722829312;0.497350656;0.411604992;0.7310499840000001;0.51111936;0.331941888;0.269531136;0.24604876799999997;0.207433728;0.17128857599999997;0.190052352;0.102500352;0.071202816;0.092657664;0.090980352;0.06165504;0.059129856;0.07090790400000001;0.052125696;0.025952255999999996;0.059830272000000004;0.074059776;0.05142528;0.035518464;0.034891776;0.019630079999999998;0.02239488;0.02276352;0.015648768;0.009768959999999998;0.007114752;0.0101376;0.013842432;0.015132672;0.01907712;0.015187968;0.012994559999999999;0.0082944;0.007999487999999999;0.0057323520000000005;0.00534528;0.0036495359999999997;0.006967296;0.0055480320000000005;0.002377728;0.003667968;0.004386816;0.0032440319999999996;0.001990656;0.001400832;0.002267136;0.00396288;0.003373056;0.00221184;0.00202752;0.001234944;0.000995328;0.001345536;0.000755712;0.001363968;0.0018247679999999998;0.001032192;0.000700416;0.001069056;0.0008294400000000001;0.0008294400000000001
1772634600,hdr,0.0293;0.03906;0.04883;0.05859;0.06836;0.07813;0.08789;0.09766;0.10742;0.11719;0.12695;0.13672;0.14648;0.15625;0.16602;0.17578;0.18555;0.19531;0.20508;0.21484;0.22461;0.23438;0.24414;0.25391;0.26367;0.27344;0.2832;0.29297;0.30273;0.3125;0.32227;0.33203;0.3418;0.35156;0.36133;0.37109;0.38086;0.39063;0.40039;0.41016;0.41992;0.42969;0.43945;0.44922;0.45898;0.46875;0.47852;0.48828;0.49805;0.50781;0.51758;0.52734;0.53711;0.54688;0.55664;0.56641;0.57617;0.58594;0.5957;0.60547;0.61523;0.625;0.63477;0.64453;0.6543;0.66406;0.67383;0.68359;0.69336;0.70313;0.71289;0.72266;0.73242;0.74219;0.75195;0.76172;0.77148;0.78125;0.79102,0.44305408;0.330876928;0.13891583999999998;0.26493132799999997;0.14048870400000002;0.163438592;0.17115340800000003;0.096776192;0.116498432;0.154826752;0.13731123199999998;0.10988236800000001;0.11745075199999999;0.105484288;0.092015616;0.087595008;0.12376064;0.159240192;0.105091072;0.064356352;0.037460992;0.025417728;0.025046016000000004;0.01876992;0.016036864;0.00802816;0.010180608;0.010637312;0.009187328000000002;0.012793856;0.013882368;0.013294592000000001;0.008846336000000002;0.006583296;0.007660544;0.0058992639999999995;0.0050176;0.006096896;0.005142528;0.005583872;0.004393983999999999;0.002200576;0.00180736;0.0020398079999999997;0.0019087359999999999;0.001999872;0.002030592;0.001683456;0.001188864;0.001014784;0.000771072;0.0009144320000000001;0.000884736;0.000754688;0.000754688;0.000656384;0.000672768;0.000987136;0.00075264;0.0006963200000000001;0.0007249919999999999;0.0005734399999999999;0.000607232;0.000765952;0.0006830079999999999;0.000569344;0.0005089280000000001;0.000569344;0.000524288;0.00029696;0.000263168;0.000210944;0.000289792;0.000375808;0.00034304;0.00037888;0.000381952;0.000366592;0.00026521600000000003
1772635500,hdr,0.0293;0.03906;0.04883;0.05859;0.06836;0.07813;0.08789;0.09766;0.10742;0.11719;0.12695;0.13672;0.14648;0.15625;0.16602;0.17578;0.18555;0.19531;0.20508;0.21484;0.22461;0.23438;0.24414;0.25391;0.26367;0.27344;0.2832;0.29297;0.30273;0.3125;0.32227;0.33203;0.3418;0.35156;0.36133;0.37109;0.38086;0.39063;0.40039;0.41016;0.41992;0.42969;0.43945;0.44922;0.45898;0.46875;0.47852;0.48828;0.49805;0.50781;0.51758;0.52734;0.53711;0.54688;0.55664;0.56641;0.57617;0.58594;0.5957;0.60547;0.61523;0.625;0.63477;0.64453;0.6543;0.66406;0.67383;0.68359;0.69336;0.70313;0.71289;0.72266;0.73242;0.74219;0.75195;0.76172;0.77148;0.78125;0.79102,0.004590591999999999;0.00288256;0.004406272000000001;0.004740096;0.005044224;0.003575808;0.029130752;0.055518208;0.0420096;0.047654912;0.037741567999999996;0.043185152000000004;0.028479488;0.042535936;0.042355712;0.04650496;0.06551552;0.06683340800000001;0.060345343999999995;0.043158528;0.039305216;0.024346624;0.011467776;0.007513087999999999;0.009238528000000001;0.012302336;0.007681024;0.006881280000000001;0.008989696;0.0073472;0.006081536;0.005715968;0.006099968;0.003997696;0.0023511039999999997;0.0028190719999999997;0.002436096;0.0024719359999999997;0.002312192;0.0025978880000000005;0.00314368;0.002766848;0.002696192;0.00200704;0.0021002239999999995;0.001655808;0.00116224;0.001432576;0.0012994559999999998;0.0013926400000000001;0.0008929280000000001;0.000515072;0.000503808;0.000569344;0.000453632;0.00034201599999999995;0.000321536;0.000275456;0.000264192;0.000497664;0.000408576;0.000458752;0.00033894400000000004;0.00040345599999999995;0.00036352;0.000321536;0.00047206399999999996;0.00032256;0.00024780799999999997;0.000303104;0.00030003200000000004;0.00028774400000000004;0.000326656;0.000323584;0.000268288;0.000186368;0.00013824;0.00019865600000000002;0.000249856
1772636400,hdr,0.0293;0.03906;0.04883;0.05859;0.06836;0.07813;0.08789;0.09766;0.10742;0.11719;0.12695;0.13672;0.14648;0.15625;0.16602;0.17578;0.18555;0.19531;0.20508;0.21484;0.22461;0.23438;0.24414;0.25391;0.26367;0.27344;0.2832;0.29297;0.30273;0.3125;0.32227;0.33203;0.3418;0.35156;0.36133;0.37109;0.38086;0.39063;0.40039;0.41016;0.41992;0.42969;0.43945;0.44922;0.45898;0.46875;0.47852;0.48828;0.49805;0.50781;0.51758;0.52734;0.53711;0.54688;0.55664;0.56641;0.57617;0.58594;0.5957;0.60547;0.61523;0.625;0.63477;0.64453;0.6543;0.66406;0.67383;0.68359;0.69336;0.70313;0.71289;0.72266;0.73242;0.74219;0.75195;0.76172;0.77148;0.78125;0.79102,0.001736704;0.0068976639999999995;0.006440959999999999;0.002072576;0.011676672;0.022224896;0.038106112;0.03941888;0.027034624;0.029301760000000003;0.050374656000000004;0.04865024;0.034726912;0.050329599999999995;0.077970432;0.06870016000000001;0.10863104;0.11141324799999999;0.067298304;0.028346368;0.021727232;0.01578496;0.011285503999999998;0.012874752;0.012164096000000001;0.012750848;0.009652224000000001;0.006086656;0.0062627839999999995;0.0042536959999999995;0.007864320000000001;0.006194175999999999;0.004948991999999999;0.0031334399999999995;0.00343552;0.003364864;0.0026234879999999998;0.0016384000000000001;0.0020746239999999997;0.002353152;0.002276352;0.0025835520000000002;0.0024012799999999996;0.001787904;0.0008622079999999999;0.001015808;0.000864256;0.000915456;0.000899072;0.001041408;0.001078272;0.000905216;0.0009768959999999999;0.001154048;0.000756736;0.00052736;0.0006041600000000001;0.0005867520000000001;0.000638976;0.0005376000000000001;0.000432128;0.000331776;0.00030208000000000004;0.00040550399999999994;0.000380928;0.000224256;0.000313344;0.00044339199999999997;0.000386048;0.000228352;0.00030003200000000004;0.000197632;0.000180224;0.00023142399999999999;0.000151552;9.6256e-05;7.8848e-05;0.000124928;0.00017408000000000001
1772637300,hdr,0.0293;0.03906;0.04883;0.05859;0.06836;0.07813;0.08789;0.09766;0.10742;0.11719;0.12695;0.13672;0.14648;0.15625;0.16602;0.17578;0.18555;0.19531;0.20508;0.21484;0.22461;0.23438;0.24414;0.25391;0.26367;0.27344;0.2832;0.29297;0.30273;0.3125;0.32227;0.33203;0.3418;0.35156;0.36133;0.37109;0.38086;0.39063;0.40039;0.41016;0.41992;0.42969;0.43945;0.44922;0.45898;0.46875;0.47852;0.48828;0.49805;0.50781;0.51758;0.52734;0.53711;0.54688;0.55664;0.56641;0.57617;0.58594;0.5957;0.60547;0.61523;0.625;0.63477;0.64453;0.6543;0.66406;0.67383;0.68359;0.69336;0.70313;0.71289;0.72266;0.73242;0.74219;0.75195;0.76172;0.77148;0.78125;0.79102,0.0013352960000000001;0.0058368000000000005;0.006247424;0.004370432;0.019084288;0.020415488000000002;0.019108864;0.077339648;0.060570624;0.04625408;0.031417344;0.016442368;0.018076672;0.032374784;0.053161983999999995;0.062072831999999994;0.07121510399999999;0.085291008;0.072421376;0.052716544000000004;0.047890432;0.028517376;0.017924095999999997;0.011163648000000002;0.010365952;0.011388928;0.010673152;0.008046592;0.005828608;0.005587968;0.006016;0.005879808;0.006310912;0.005705728;0.004564992;0.0028190719999999997;0.002857984;0.0026777600000000004;0.002019328;0.001655808;0.0022272;0.002665472;0.0022906879999999995;0.001385472;0.0018513919999999999;0.00159744;0.0021268479999999998;0.0012523519999999998;0.000661504;0.000475136;0.000648192;0.0009441279999999999;0.000818176;0.001031168;0.001088512;0.00068608;0.0005734399999999999;0.000703488;0.0006092800000000001;0.0005580800000000001;0.00041779199999999995;0.00047616000000000005;0.0005304320000000001;0.000516096;0.000702464;0.000666624;0.0005703679999999999;0.00035328;0.000269312;0.000395264;0.000345088;0.00036761599999999997;0.000371712;0.000313344;0.000319488;0.000314368;0.00028774400000000004;0.00022528;0.00023040000000000002
1772638200,hdr,0.0293;0.03906;0.04883;0.05859;0.06836;0.07813;0.08789;0.09766;0.10742;0.11719;0.12695;0.13672;0.14648;0.15625;0.16602;0.17578;0.18555;0.19531;0.20508;0.21484;0.22461;0.23438;0.24414;0.25391;0.26367;0.27344;0.2832;0.29297;0.30273;0.3125;0.32227;0.33203;0.3418;0.35156;0.36133;0.37109;0.38086;0.39063;0.40039;0.41016;0.41992;0.42969;0.43945;0.44922;0.45898;0.46875;0.47852;0.48828;0.49805;0.50781;0.51758;0.52734;0.53711;0.54688;0.55664;0.56641;0.57617;0.58594;0.5957;0.60547;0.61523;0.625;0.63477;0.64453;0.6543;0.66406;0.67383;0.68359;0.69336;0.70313;0.71289;0.72266;0.73242;0.74219;0.75195;0.76172;0.77148;0.78125;0.79102,0.00043315199999999996;0.001534976;0.002130944;0.0028149760000000003;0.015332352;0.018946048000000004;0.031478784;0.04885708799999999;0.049374208;0.049125376000000005;0.03743744;0.043198464;0.039484416;0.042114047999999994;0.05863424;0.10042060800000001;0.13186047999999997;0.08047923199999998;0.04577996799999999;0.031469567999999996;0.02140672;0.02308608;0.01874432;0.019248128;0.013976576;0.009847808000000001;0.009135104;0.007683072;0.005203968;0.005069824;0.004381696;0.002676736;0.0038819839999999998;0.0038410239999999997;0.005281792;0.00493056;0.004811776;0.0048015359999999995;0.003867648;0.00195584;0.001396736;0.0018944;0.0017971200000000001;0.0013260799999999999;0.001149952;0.00119808;0.0012083200000000001;0.001074176;0.001056768;0.001114112;0.00082432;0.00081408;0.0010250239999999998;0.000881664;0.000730112;0.000891904;0.000795648;0.0005304320000000001;0.00051712;0.0004986880000000001;0.00062464;0.0005406720000000001;0.000605184;0.00068608;0.000550912;0.000318464;0.000180224;0.00024576000000000003;0.00034099200000000003;0.00047411199999999995;0.00036352;0.000268288;0.000193536;0.000413696;0.000456704;0.000339968;0.000252928;0.00023040000000000002;0.000258048
1772639100,hdr,0.0293;0.03906;0.04883;0.05859;0.06836;0.07813;0.08789;0.09766;0.10742;0.11719;0.12695;0.13672;0.14648;0.15625;0.16602;0.17578;0.18555;0.19531;0.20508;0.21484;0.22461;0.23438;0.24414;0.25391;0.26367;0.27344;0.2832;0.29297;0.30273;0.3125;0.32227;0.33203;0.3418;0.35156;0.36133;0.37109;0.38086;0.39063;0.40039;0.41016;0.41992;0.42969;0.43945;0.44922;0.45898;0.46875;0.47852;0.48828;0.49805;0.50781;0.51758;0.52734;0.53711;0.54688;0.55664;0.56641;0.57617;0.58594;0.5957;0.60547;0.61523;0.625;0.63477;0.64453;0.6543;0.66406;0.67383;0.68359;0.69336;0.70313;0.71289;0.72266;0.73242;0.74219;0.75195;0.76172;0.77148;0.78125;0.79102,0.0007884799999999999;0.002486272;0.004407296;0.003329024;0.011242496;0.014476288;0.016823295999999998;0.043091968;0.036539392;0.021745664;0.019203072;0.018610176;0.025829376;0.044811264;0.056242176;0.067761152;0.116038656;0.104215552;0.060145663999999995;0.034635776;0.02020864;0.018048;0.01588736;0.013423616;0.015584256;0.014512128000000001;0.012979200000000001;0.008418303999999998;0.004911104;0.003777536;0.005091327999999999;0.004426751999999999;0.004635648;0.004993024;0.003027968;0.0028221440000000004;0.002881536;0.003944448;0.0025384959999999995;0.002015232;0.0017643519999999998;0.00151552;0.0016435199999999999;0.0017152;0.00193536;0.0011837439999999998;0.001030144;0.001199104;0.000659456;0.000889856;0.000799744;0.000979968;0.000990208;0.000413696;0.0006021119999999999;0.000559104;0.0005232639999999998;0.00063488;0.0009400319999999999;0.000871424;0.0006225919999999999;0.0005877759999999999;0.0006277120000000001;0.0005713920000000001;0.000692224;0.00064;0.0005816320000000001;0.000513024;0.000519168;0.00042496;0.000390144;0.000436224;0.000391168;0.00040960000000000004;0.00043315199999999996;0.00042803200000000007;0.00026112;0.00019456;0.000288768
1772640000,hdr,0.0293;0.03906;0.04883;0.05859;0.06836;0.07813;0.08789;0.09766;0.10742;0.11719;0.12695;0.13672;0.14648;0.15625;0.16602;0.17578;0.18555;0.19531;0.20508;0.21484;0.22461;0.23438;0.24414;0.25391;0.26367;0.27344;0.2832;0.29297;0.30273;0.3125;0.32227;0.33203;0.3418;0.35156;0.36133;0.37109;0.38086;0.39063;0.40039;0.41016;0.41992;0.42969;0.43945;0.44922;0.45898;0.46875;0.47852;0.48828;0.49805;0.50781;0.51758;0.52734;0.53711;0.54688;0.55664;0.56641;0.57617;0.58594;0.5957;0.60547;0.61523;0.625;0.63477;0.64453;0.6543;0.66406;0.67383;0.68359;0.69336;0.70313;0.71289;0.72266;0.73242;0.74219;0.75195;0.76172;0.77148;0.78125;0.79102,0.002214912;0.006915072;0.010631168000000002;0.008700928;0.027283456;0.029003776;0.015992832000000002;0.042473472;0.055550975999999995;0.025757696;0.020155392;0.01686528;0.021051392;0.042256384;0.057963520000000004;0.114158592;0.108342272;0.055997439999999996;0.044770304000000004;0.048194560000000004;0.026130432000000002;0.018568192;0.019684352;0.016542719999999997;0.01409024;0.008126464;0.005920768;0.007022592;0.005471232;0.004486144;0.006233088;0.008041472000000001;0.007713792;0.00594432;0.004096;0.004072447999999999;0.003750912;0.0028149760000000003;0.0028620800000000004;0.002071552;0.00119808;0.0021524480000000004;0.00222208;0.001917952;0.001033216;0.0014530559999999999;0.001906688;0.001217536;0.001307648;0.0014438399999999998;0.0013312;0.0011970559999999997;0.000653312;0.000816128;0.0011601919999999998;0.001099776;0.0011264;0.000577536;0.00043008000000000006;0.000611328;0.0006184960000000001;0.00043724800000000005;0.0005836799999999999;0.000764928;0.000616448;0.00042598399999999997;0.00029798400000000005;0.000356352;0.000408576;0.00048025600000000003;0.000536576;0.000550912;0.00061952;0.000536576;0.000339968;0.000339968;0.000313344;0.000197632;0.00021299199999999998
1772640900,hdr,0.0293;0.03906;0.04883;0.05859;0.06836;0.07813;0.08789;0.09766;0.10742;0.11719;0.12695;0.13672;0.14648;0.15625;0.16602;0.17578;0.18555;0.19531;0.20508;0.21484;0.22461;0.23438;0.24414;0.25391;0.26367;0.27344;0.2832;0.29297;0.30273;0.3125;0.32227;0.33203;0.3418;0.35156;0.36133;0.37109;0.38086;0.39063;0.40039;0.41016;0.41992;0.42969;0.43945;0.44922;0.45898;0.46875;0.47852;0.48828;0.49805;0.50781;0.51758;0.52734;0.53711;0.54688;0.55664;0.56641;0.57617;0.58594;0.5957;0.60547;0.61523;0.625;0.63477;0.64453;0.6543;0.66406;0.67383;0.68359;0.69336;0.70313;0.71289;0.72266;0.73242;0.74219;0.75195;0.76172;0.77148;0.78125;0.79102,0.008610815999999999;0.02479616;0.015905792;0.008409088;0.018046976000000003;0.03751936;0.025979904;0.036048896000000004;0.038280192000000005;0.028839936;0.035192832;0.025367551999999998;0.04122112;0.06107136;0.061459456;0.065512448;0.076435456;0.08284262399999999;0.05953536;0.061765632;0.052789248;0.025360384;0.010722304;0.012547072;0.012228608;0.00686592;0.006266879999999999;0.00482816;0.006654976;0.006662143999999999;0.004504576;0.003940352;0.00566272;0.007007232;0.006100992;0.0058019840000000005;0.0053504;0.005872639999999999;0.003675136;0.00277504;0.002907136;0.002164736;0.002310144;0.0019537919999999998;0.00164864;0.001864704;0.001222656;0.001030144;0.000999424;0.000805888;0.001253376;0.0013352960000000001;0.001139712;0.000979968;0.000968704;0.0009482239999999999;0.0008765439999999999;0.0007772160000000001;0.001016832;0.001057792;0.0008458240000000001;0.0006676480000000001;0.000489472;0.000652288;0.0004352;0.00034304;0.0006184960000000001;0.000561152;0.0007249919999999999;0.00043008000000000006;0.000406528;0.00029696;0.0005642239999999999;0.000345088;0.00043008000000000006;0.000490496;0.00026521600000000003;0.00027648;0.000319488
1772641800,hdr,0.0293;0.03906;0.04883;0.05859;0.06836;0.07813;0.08789;0.09766;0.10742;0.11719;0.12695;0.13672;0.14648;0.15625;0.16602;0.17578;0.18555;0.19531;0.20508;0.21484;0.22461;0.23438;0.24414;0.25391;0.26367;0.27344;0.2832;0.29297;0.30273;0.3125;0.32227;0.33203;0.3418;0.35156;0.36133;0.37109;0.38086;0.39063;0.40039;0.41016;0.41992;0.42969;0.43945;0.44922;0.45898;0.46875;0.47852;0.48828;0.49805;0.50781;0.51758;0.52734;0.53711;0.54688;0.55664;0.56641;0.57617;0.58594;0.5957;0.60547;0.61523;0.625;0.63477;0.64453;0.6543;0.66406;0.67383;0.68359;0.69336;0.70313;0.71289;0.72266;0.73242;0.74219;0.75195;0.76172;0.77148;0.78125;0.79102,0.007207936;0.035131392;0.033560576;0.012985344;0.022387712;0.03280998399999999;0.026363904000000004;0.059561984000000005;0.078076928;0.030128128;0.023146496;0.015239167999999999;0.039153664;0.07662899199999999;0.11033087999999999;0.11722239999999999;0.13578137599999998;0.092872704;0.05117952;0.026078208;0.016206848;0.02115072;0.014593024;0.009911296;0.00951808;0.008123392;0.008639487999999999;0.008240128000000001;0.005830656;0.004764671999999999;0.00729088;0.0066682880000000005;0.005782528;0.007275520000000001;0.006488063999999999;0.003876864;0.0032921599999999997;0.001874944;0.003004416;0.0034498560000000003;0.002885632;0.0027361279999999996;0.00215552;0.001893376;0.001870848;0.001548288;0.0014172160000000002;0.0020592640000000003;0.0015943679999999999;0.0009574399999999999;0.0008110079999999999;0.001147904;0.001097728;0.00062464;0.000674816;0.0006082559999999999;0.0006778880000000001;0.00081408;0.0006932479999999999;0.0007219199999999999;0.0008222720000000001;0.0007843840000000001;0.0006789119999999999;0.000497664;0.0004352;0.00030003200000000004;0.00042291200000000006;0.000715776;0.000799744;0.0006021119999999999;0.0005724160000000001;0.000761856;0.000782336;0.0007557120000000001;0.00101888;0.000891904;0.000800768;0.001022976;0.0009420800000000001
1772642700,hdr,0.0293;0.03906;0.04883;0.05859;0.06836;0.07813;0.08789;0.09766;0.10742;0.11719;0.12695;0.13672;0.14648;0.15625;0.16602;0.17578;0.18555;0.19531;0.20508;0.21484;0.22461;0.23438;0.24414;0.25391;0.26367;0.27344;0.2832;0.29297;0.30273;0.3125;0.32227;0.33203;0.3418;0.35156;0.36133;0.37109;0.38086;0.39063;0.40039;0.41016;0.41992;0.42969;0.43945;0.44922;0.45898;0.46875;0.47852;0.48828;0.49805;0.50781;0.51758;0.52734;0.53711;0.54688;0.55664;0.56641;0.57617;0.58594;0.5957;0.60547;0.61523;0.625;0.63477;0.64453;0.6543;0.66406;0.67383;0.68359;0.69336;0.70313;0.71289;0.72266;0.73242;0.74219;0.75195;0.76172;0.77148;0.78125;0.79102,0.006736896;0.011967488;0.014195712;0.012987392;0.026841088;0.029302784;0.023389184;0.034622464;0.054363136;0.039568384;0.026633216;0.0300032;0.039590912000000006;0.09842380799999999;0.111401984;0.073044992;0.07781887999999999;0.07458816;0.049738752;0.022697984;0.02485248;0.028085248;0.018553856;0.00599552;0.007640063999999999;0.00845824;0.005945344;0.008217599999999999;0.006896639999999999;0.006100992;0.006610944;0.009950208;0.010498048000000001;0.007552;0.0052224;0.003890176;0.003444736;0.0035614720000000004;0.0030832639999999996;0.002794496;0.0031938559999999997;0.003729408;0.0024637440000000004;0.001915904;0.002023424;0.0021862400000000003;0.001600512;0.001575936;0.0014653440000000002;0.001325056;0.001796096;0.001364992;0.000894976;0.0011356159999999999;0.0008560640000000001;0.001004544;0.0009625599999999999;0.000782336;0.0011202559999999998;0.001005568;0.000909312;0.0009461760000000001;0.0009564160000000001;0.000999424;0.00149504;0.00125952;0.00199168;0.0020654080000000003;0.0018698239999999997;0.001783808;0.001316864;0.001728512;0.0025753599999999996;0.003398656;0.002436096;0.002184192;0.0023439359999999996;0.002729984;0.002719744
1772643600,hdr,0.0293;0.03906;0.04883;0.05859;0.06836;0.07813;0.08789;0.09766;0.10742;0.11719;0.12695;0.13672;0.14648;0.15625;0.16602;0.17578;0.18555;0.19531;0.20508;0.21484;0.22461;0.23438;0.24414;0.25391;0.26367;0.27344;0.2832;0.29297;0.30273;0.3125;0.32227;0.33203;0.3418;0.35156;0.36133;0.37109;0.38086;0.39063;0.40039;0.41016;0.41992;0.42969;0.43945;0.44922;0.45898;0.46875;0.47852;0.48828;0.49805;0.50781;0.51758;0.52734;0.53711;0.54688;0.55664;0.56641;0.57617;0.58594;0.5957;0.60547;0.61523;0.625;0.63477;0.64453;0.6543;0.66406;0.67383;0.68359;0.69336;0.70313;0.71289;0.72266;0.73242;0.74219;0.75195;0.76172;0.77148;0.78125;0.79102,0.00254464;0.011676672;0.022374400000000003;0.008334336000000001;0.02131968;0.062033920000000006;0.052946944;0.051808256000000004;0.070872064;0.075757568;0.040834048000000005;0.022053888;0.019878912;0.043967488000000006;0.106843136;0.145117184;0.137862144;0.093497344;0.063422464;0.025696256;0.020005888;0.017060864;0.012503040000000002;0.009046016;0.006652928;0.013167616;0.013218816000000001;0.009678848;0.007529472;0.007271424;0.006919168;0.005896192;0.0039649279999999995;0.004884479999999999;0.00790528;0.00695296;0.005837824;0.005210112;0.0043304960000000005;0.0034713599999999997;0.0031907839999999995;0.003504128;0.003559424;0.00433664;0.004475903999999999;0.0027115520000000003;0.002149376;0.0025989119999999997;0.001770496;0.0016895999999999999;0.0030863360000000003;0.0023296;0.001999872;0.0018718720000000001;0.0024872960000000004;0.00349696;0.0035123199999999998;0.002818048;0.003439616;0.002972672;0.003521536;0.005336064000000001;0.0054210560000000005;0.0036362239999999995;0.004856831999999999;0.006535168;0.007609344;0.006174719999999999;0.002945024;0.002589696;0.003714048;0.00360448;0.003934208;0.003663872;0.003339264;0.002225152;0.001154048;0.00169472;0.0018411519999999998
1772644500,hdr,0.0293;0.03906;0.04883;0.05859;0.06836;0.07813;0.08789;0.09766;0.10742;0.11719;0.12695;0.13672;0.14648;0.15625;0.16602;0.17578;0.18555;0.19531;0.20508;0.21484;0.22461;0.23438;0.24414;0.25391;0.26367;0.27344;0.2832;0.29297;0.30273;0.3125;0.32227;0.33203;0.3418;0.35156;0.36133;0.37109;0.38086;0.39063;0.40039;0.41016;0.41992;0.42969;0.43945;0.44922;0.45898;0.46875;0.47852;0.48828;0.49805;0.50781;0.51758;0.52734;0.53711;0.54688;0.55664;0.56641;0.57617;0.58594;0.5957;0.60547;0.61523;0.625;0.63477;0.64453;0.6543;0.66406;0.67383;0.68359;0.69336;0.70313;0.71289;0.72266;0.73242;0.74219;0.75195;0.76172;0.77148;0.78125;0.79102,0.003707904;0.013606912;0.017366015999999998;0.010749952000000002;0.010501120000000001;0.024706047999999998;0.027127808;0.09611776000000001;0.13277184;0.08008601600000001;0.044064768000000004;0.02976768;0.034994176;0.049507328;0.05191168;0.080256;0.108705792;0.07234969599999999;0.044806144;0.034519039999999994;0.017651712;0.019635200000000002;0.014951424;0.014507008000000002;0.013467648;0.009361408000000002;0.007356416;0.007360512;0.00766464;0.005990400000000001;0.007025664;0.01081856;0.007986176000000001;0.005496832;0.007578624;0.008056832;0.005348352;0.0037437440000000002;0.004413439999999999;0.004424704000000001;0.004504576;0.004018176;0.004017152;0.004854784000000001;0.003574784;0.00433152;0.005132288;0.0035235839999999997;0.0026644480000000003;0.0027965439999999998;0.005426176;0.00845824;0.007683072;0.006638592;0.005970944000000001;0.008268800000000001;0.00722944;0.008570880000000001;0.007432192;0.010585088000000001;0.011090944;0.006539264;0.0042496;0.0055132160000000005;0.005331967999999999;0.006311936000000001;0.005849088;0.003161088;0.003427328;0.003421184;0.0033802240000000002;0.00413184;0.002768896;0.002460672;0.002308096;0.0011776;0.001850368;0.0023838720000000004;0.002244608
1772645400,hdr,0.0293;0.03906;0.04883;0.05859;0.06836;0.07813;0.08789;0.09766;0.10742;0.11719;0.12695;0.13672;0.14648;0.15625;0.16602;0.17578;0.18555;0.19531;0.20508;0.21484;0.22461;0.23438;0.24414;0.25391;0.26367;0.27344;0.2832;0.29297;0.30273;0.3125;0.32227;0.33203;0.3418;0.35156;0.36133;0.37109;0.38086;0.39063;0.40039;0.41016;0.41992;0.42969;0.43945;0.44922;0.45898;0.46875;0.47852;0.48828;0.49805;0.50781;0.51758;0.52734;0.53711;0.54688;0.55664;0.56641;0.57617;0.58594;0.5957;0.60547;0.61523;0.625;0.63477;0.64453;0.6543;0.66406;0.67383;0.68359;0.69336;0.70313;0.71289;0.72266;0.73242;0.74219;0.75195;0.76172;0.77148;0.78125;0.79102,0.008613887999999998;0.018345984;0.015830016;0.01302528;0.019117056;0.04081664;0.02797568;0.07299583999999999;0.080571392;0.06147584;0.031691776000000005;0.019608576000000003;0.026172415999999997;0.05154816;0.088810496;0.07585894399999998;0.063291392;0.058124288;0.038468608;0.020096;0.020302848000000002;0.020180992;0.0163584;0.008868863999999999;0.006731776;0.0034949119999999998;0.0054609920000000005;0.006590464;0.005669888;0.007414784;0.007454720000000001;0.004649983999999999;0.0072314879999999995;0.008208384;0.005183487999999999;0.004545536;0.0043407359999999996;0.005265407999999999;0.006316032;0.00656896;0.00472576;0.004141056;0.002911232;0.003074048;0.004709376;0.006555648;0.006864896;0.008016895999999999;0.008681471999999999;0.012158975999999998;0.009473024000000002;0.008354816;0.013584384;0.010182655999999998;0.012349439999999998;0.010057727999999998;0.008451072;0.011410432;0.010561536;0.004847616;0.004626432000000001;0.00999424;0.006232064000000001;0.0042414079999999995;0.004795392;0.0038062079999999997;0.00246784;0.0013004800000000001;0.0029798399999999997;0.003847168;0.002458624;0.00253952;0.002494464;0.0015953919999999997;0.001442816;0.0015452159999999999;0.0015943679999999999;0.00160256;0.001826816
1772646300,hdr,0.0293;0.03906;0.04883;0.05859;0.06836;0.07813;0.08789;0.09766;0.10742;0.11719;0.12695;0.13672;0.14648;0.15625;0.16602;0.17578;0.18555;0.19531;0.20508;0.21484;0.22461;0.23438;0.24414;0.25391;0.26367;0.27344;0.2832;0.29297;0.30273;0.3125;0.32227;0.33203;0.3418;0.35156;0.36133;0.37109;0.38086;0.39063;0.40039;0.41016;0.41992;0.42969;0.43945;0.44922;0.45898;0.46875;0.47852;0.48828;0.49805;0.50781;0.51758;0.52734;0.53711;0.54688;0.55664;0.56641;0.57617;0.58594;0.5957;0.60547;0.61523;0.625;0.63477;0.64453;0.6543;0.66406;0.67383;0.68359;0.69336;0.70313;0.71289;0.72266;0.73242;0.74219;0.75195;0.76172;0.77148;0.78125;0.79102,0.0075264;0.019132415999999996;0.01053184;0.009848832;0.017258495999999998;0.041935872000000006;0.04015616;0.056667136;0.099275776;0.095136768;0.065325056;0.026116096;0.029820928;0.053520384;0.078629888;0.115982336;0.08935936;0.037540864;0.033446911999999995;0.022280192;0.020823039999999998;0.014408704;0.006381567999999999;0.004521984;0.00668672;0.008199168;0.008421376;0.00871936;0.005937152;0.005524479999999999;0.004627455999999999;0.004256768;0.0050749440000000005;0.006299648;0.00565248;0.005088256;0.00567296;0.005351424;0.005094400000000001;0.005942272;0.008590336;0.004383743999999999;0.008211456;0.010274815999999999;0.008993791999999999;0.009528320000000002;0.01058816;0.013775872;0.01976832;0.024967168;0.01810432;0.007657472;0.010366975999999998;0.016202752;0.015222784000000001;0.011753472;0.008994816000000001;0.005907456;0.005764096000000001;0.00761344;0.006628352;0.009686016;0.0073031680000000005;0.004621312;0.006037504;0.004773888;0.004130816000000001;0.002675712;0.003832832;0.003690496;0.003002368;0.002920448;0.004562943999999999;0.00292864;0.0027740160000000002;0.002763776;0.002214912;0.001548288;0.001700864
1772647200,hdr,0.0293;0.03906;0.04883;0.05859;0.06836;0.07813;0.08789;0.09766;0.10742;0.11719;0.12695;0.13672;0.14648;0.15625;0.16602;0.17578;0.18555;0.19531;0.20508;0.21484;0.22461;0.23438;0.24414;0.25391;0.26367;0.27344;0.2832;0.29297;0.30273;0.3125;0.32227;0.33203;0.3418;0.35156;0.36133;0.37109;0.38086;0.39063;0.40039;0.41016;0.41992;0.42969;0.43945;0.44922;0.45898;0.46875;0.47852;0.48828;0.49805;0.50781;0.51758;0.52734;0.53711;0.54688;0.55664;0.56641;0.57617;0.58594;0.5957;0.60547;0.61523;0.625;0.63477;0.64453;0.6543;0.66406;0.67383;0.68359;0.69336;0.70313;0.71289;0.72266;0.73242;0.74219;0.75195;0.76172;0.77148;0.78125;0.79102,0.0014028799999999998;0.005690368;0.010625024;0.005731328000000001;0.008582144;0.020132864;0.030071808000000002;0.052012032;0.08896;0.13392588799999997;0.064149504;0.035608576;0.032913408;0.032132096;0.072829952;0.077477888;0.066781184;0.055779328;0.05208166400000001;0.03234304;0.014941184;0.012337152;0.009650176;0.011497472;0.010567679999999998;0.008352768;0.005272576;0.008184832;0.00772608;0.0057200639999999995;0.008187904;0.013416448000000001;0.010773504000000001;0.00860672;0.019042304;0.024701951999999996;0.015618048;0.02479616;0.042727424;0.03764736;0.02985984;0.02193408;0.02547712;0.024828928;0.021076992000000003;0.016449536;0.017871872;0.012302336;0.015299584;0.019922943999999998;0.015238144;0.014743552;0.007977984;0.006916095999999999;0.012416;0.01065984;0.013554688;0.01212928;0.01029632;0.010724352;0.006468607999999999;0.005676032;0.006234112;0.004620288;0.005599232;0.006347775999999999;0.004862976;0.0046694399999999995;0.0031703039999999997;0.003145728;0.003790848;0.005064704;0.006304768;0.004586496;0.0024391680000000002;0.001480704;0.00176128;0.001717248;0.002212864
1772648100,hdr,0.0293;0.03906;0.04883;0.05859;0.06836;0.07813;0.08789;0.09766;0.10742;0.11719;0.12695;0.13672;0.14648;0.15625;0.16602;0.17578;0.18555;0.19531;0.20508;0.21484;0.22461;0.23438;0.24414;0.25391;0.26367;0.27344;0.2832;0.29297;0.30273;0.3125;0.32227;0.33203;0.3418;0.35156;0.36133;0.37109;0.38086;0.39063;0.40039;0.41016;0.41992;0.42969;0.43945;0.44922;0.45898;0.46875;0.47852;0.48828;0.49805;0.50781;0.51758;0.52734;0.53711;0.54688;0.55664;0.56641;0.57617;0.58594;0.5957;0.60547;0.61523;0.625;0.63477;0.64453;0.6543;0.66406;0.67383;0.68359;0.69336;0.70313;0.71289;0.72266;0.73242;0.74219;0.75195;0.76172;0.77148;0.78125;0.79102,0.003598336;0.011231232;0.014410752;0.009382911999999998;0.013900800000000001;0.028162048;0.02232832;0.032420864;0.106617856;0.20112998399999998;0.151179264;0.05699072;0.03444736;0.057300991999999995;0.09807052799999999;0.13354393600000003;0.079089664;0.03018752;0.03652608;0.030398464;0.019166208000000004;0.011754496;0.013390848;0.006971392;0.00603648;0.00579072;0.007629824;0.013526016;0.012788736;0.01115648;0.005701632;0.008955904;0.016726016;0.038524928;0.06090752;0.059725824000000004;0.051679232;0.044022784;0.042624;0.05091737599999999;0.039964672;0.026211328000000002;0.017760256;0.016979968;0.015991808;0.013406208;0.012086271999999999;0.013369343999999998;0.011614208;0.011001855999999999;0.009084927999999999;0.012754943999999999;0.011098112;0.014983168;0.011982848;0.008413183999999999;0.009419776;0.011789312;0.011536384;0.008798208;0.006592512;0.007257088000000001;0.005962752;0.005224448;0.0053391359999999995;0.005623808;0.0033351680000000003;0.0033218559999999998;0.0041492479999999995;0.004194304;0.002845696;0.003566592;0.00370688;0.0038881280000000002;0.0032133120000000003;0.0038963199999999996;0.003923968;0.003313664;0.002254848
1772649000,hdr,0.0293;0.03906;0.04883;0.05859;0.06836;0.07813;0.08789;0.09766;0.10742;0.11719;0.12695;0.13672;0.14648;0.15625;0.16602;0.17578;0.18555;0.19531;0.20508;0.21484;0.22461;0.23438;0.24414;0.25391;0.26367;0.27344;0.2832;0.29297;0.30273;0.3125;0.32227;0.33203;0.3418;0.35156;0.36133;0.37109;0.38086;0.39063;0.40039;0.41016;0.41992;0.42969;0.43945;0.44922;0.45898;0.46875;0.47852;0.48828;0.49805;0.50781;0.51758;0.52734;0.53711;0.54688;0.55664;0.56641;0.57617;0.58594;0.5957;0.60547;0.61523;0.625;0.63477;0.64453;0.6543;0.66406;0.67383;0.68359;0.69336;0.70313;0.71289;0.72266;0.73242;0.74219;0.75195;0.76172;0.77148;0.78125;0.79102,0.003667968;0.00540672;0.007240704;0.006028288;0.015081472;0.020654080000000002;0.020965376;0.060827648;0.107541504;0.15639039999999998;0.110215168;0.059373568;0.040002560000000006;0.049210368000000004;0.089490432;0.16643584000000003;0.121505792;0.051441664000000005;0.033878016000000004;0.02358784;0.022342656000000002;0.017979392;0.013543423999999998;0.011041792;0.009575423999999999;0.007952384;0.008702976;0.007503872;0.010779648;0.01291264;0.0146432;0.014552064;0.029531136;0.047142912;0.03731456;0.085991424;0.079019008;0.059953152;0.040501248;0.033695744;0.03536998400000001;0.033656832000000005;0.028343295999999997;0.02141696;0.022396928;0.021582847999999998;0.022218751999999998;0.017525759999999998;0.01150464;0.010484736;0.01503232;0.012084224;0.0099584;0.006559744;0.009403392;0.009938944;0.012506112;0.012032;0.011010048;0.008442880000000002;0.0066734080000000005;0.004424704000000001;0.00482304;0.005169152;0.00695808;0.005055488;0.002868224;0.003064832;0.00272896;0.0031467520000000005;0.005031936;0.006818816;0.004335616;0.003590144;0.00406528;0.004874240000000001;0.004376576;0.001846272;0.001870848
1772649900,hdr,0.0293;0.03906;0.04883;0.05859;0.06836;0.07813;0.08789;0.09766;0.10742;0.11719;0.12695;0.13672;0.14648;0.15625;0.16602;0.17578;0.18555;0.19531;0.20508;0.21484;0.22461;0.23438;0.24414;0.25391;0.26367;0.27344;0.2832;0.29297;0.30273;0.3125;0.32227;0.33203;0.3418;0.35156;0.36133;0.37109;0.38086;0.39063;0.40039;0.41016;0.41992;0.42969;0.43945;0.44922;0.45898;0.46875;0.47852;0.48828;0.49805;0.50781;0.51758;0.52734;0.53711;0.54688;0.55664;0.56641;0.57617;0.58594;0.5957;0.60547;0.61523;0.625;0.63477;0.64453;0.6543;0.66406;0.67383;0.68359;0.69336;0.70313;0.71289;0.72266;0.73242;0.74219;0.75195;0.76172;0.77148;0.78125;0.79102,0.010937344;0.025428992;0.025387008000000003;0.004294656;0.005665791999999999;0.03270144;0.043160576;0.06802432000000001;0.13839564799999998;0.187962368;0.192093184;0.154372096;0.1034496;0.060043264000000006;0.061904896;0.064282624;0.066651136;0.038944768000000005;0.037783552000000005;0.027725824;0.017242111999999997;0.014911488;0.009418752;0.006209536;0.007283712;0.010684416;0.016402432;0.015870976000000002;0.015768576;0.014064640000000002;0.014430208;0.017313791999999998;0.020830208;0.033676288;0.042871808000000004;0.046861311999999995;0.045661184;0.039426048000000005;0.056409087999999996;0.049685504;0.04682342400000001;0.03639296;0.0175872;0.017371136;0.018202624;0.009834496;0.013279232;0.010474496000000002;0.015045632;0.012542975999999999;0.008378368;0.009757696;0.011027456;0.006293504000000001;0.007277567999999999;0.006904832;0.008295424000000001;0.011404287999999999;0.010954751999999998;0.007527424;0.007442432;0.006475776;0.0036321279999999997;0.0033146879999999997;0.00369152;0.0051722240000000004;0.003955712;0.003574784;0.004514816;0.003606528;0.003600384;0.003757056;0.002993152;0.004312064;0.0037693439999999996;0.002363392;0.002040832;0.003182592;0.0032276479999999996
1772650800,hdr,0.0293;0.03906;0.04883;0.05859;0.06836;0.07813;0.08789;0.09766;0.10742;0.11719;0.12695;0.13672;0.14648;0.15625;0.16602;0.17578;0.18555;0.19531;0.20508;0.21484;0.22461;0.23438;0.24414;0.25391;0.26367;0.27344;0.2832;0.29297;0.30273;0.3125;0.32227;0.33203;0.3418;0.35156;0.36133;0.37109;0.38086;0.39063;0.40039;0.41016;0.41992;0.42969;0.43945;0.44922;0.45898;0.46875;0.47852;0.48828;0.49805;0.50781;0.51758;0.52734;0.53711;0.54688;0.55664;0.56641;0.57617;0.58594;0.5957;0.60547;0.61523;0.625;0.63477;0.64453;0.6543;0.66406;0.67383;0.68359;0.69336;0.70313;0.71289;0.72266;0.73242;0.74219;0.75195;0.76172;0.77148;0.78125;0.79102,0.013638655999999999;0.026326016;0.023595008;0.012985344;0.01951232;0.021108736;0.024311808;0.060985344;0.109283328;0.115625984;0.179418112;0.15851008;0.081277952;0.08472064;0.150616064;0.106560512;0.068450304;0.056709119999999995;0.030196736000000002;0.023999488000000003;0.017710080000000003;0.011029503999999999;0.012337152;0.009920512000000001;0.010164224;0.007184384;0.004651008;0.005619712;0.008072191999999999;0.015458304;0.023629824;0.031372288;0.041481216;0.047978496;0.047574016000000004;0.04683264;0.041010176;0.035772415999999994;0.04759142400000001;0.031305728;0.030467072;0.027620351999999997;0.015960064;0.015228928;0.020186112000000003;0.012688384;0.009481216;0.014693376000000001;0.010507263999999999;0.012864511999999998;0.015388672;0.012075008;0.014002176000000002;0.007361536;0.004198400000000001;0.005323776;0.009008127999999999;0.00832512;0.003724288;0.005408768;0.0051968;0.007227392;0.006664192;0.0063549439999999995;0.005423104000000001;0.006014976;0.004942848;0.004540415999999999;0.0029952000000000004;0.002603008;0.0034037760000000003;0.003470336;0.003303424;0.0027586560000000004;0.0023920639999999997;0.002952192;0.0030033919999999997;0.002837504;0.002676736
1772651700,hdr,0.0293;0.03906;0.04883;0.05859;0.06836;0.07813;0.08789;0.09766;0.10742;0.11719;0.12695;0.13672;0.14648;0.15625;0.16602;0.17578;0.18555;0.19531;0.20508;0.21484;0.22461;0.23438;0.24414;0.25391;0.26367;0.27344;0.2832;0.29297;0.30273;0.3125;0.32227;0.33203;0.3418;0.35156;0.36133;0.37109;0.38086;0.39063;0.40039;0.41016;0.41992;0.42969;0.43945;0.44922;0.45898;0.46875;0.47852;0.48828;0.49805;0.50781;0.51758;0.52734;0.53711;0.54688;0.55664;0.56641;0.57617;0.58594;0.5957;0.60547;0.61523;0.625;0.63477;0.64453;0.6543;0.66406;0.67383;0.68359;0.69336;0.70313;0.71289;0.72266;0.73242;0.74219;0.75195;0.76172;0.77148;0.78125;0.79102,0.01116672;0.022862847999999998;0.023305216;0.012015616;0.008525824000000001;0.015447039999999999;0.039612416000000004;0.065887232;0.083130368;0.23526502400000002;0.41218047999999996;0.242279424;0.10125312;0.068447232;0.066393088;0.10301439999999999;0.083355648;0.037736448000000006;0.027746304;0.018494464;0.026226687999999998;0.026519552;0.013297663999999999;0.011987968000000002;0.010243072;0.009405440000000001;0.008228863999999999;0.007284736;0.014258176000000001;0.017758207999999998;0.012265472000000001;0.031100928;0.033830912;0.021036032;0.03273728;0.05961318399999999;0.053986304;0.042031104;0.03631923199999999;0.029169664;0.024833024000000002;0.013405184;0.023602176;0.025494528;0.01480704;0.014688256000000002;0.019901440000000003;0.016202752;0.00997376;0.007309312;0.004518912;0.007525375999999999;0.01132032;0.011906048;0.008625152;0.006273024;0.007351295999999999;0.005753856;0.005486591999999999;0.003950592;0.0052746239999999995;0.006363135999999999;0.004591616;0.0042485760000000004;0.005835776;0.0047636480000000005;0.0046192640000000005;0.003741696;0.003017728;0.003182592;0.0032511999999999997;0.00296448;0.002428928;0.002163712;0.0016220159999999998;0.0010178560000000001;0.0014233599999999998;0.001288192;0.001414144
1772652600,hdr,0.0293;0.03906;0.04883;0.05859;0.06836;0.07813;0.08789;0.09766;0.10742;0.11719;0.12695;0.13672;0.14648;0.15625;0.16602;0.17578;0.18555;0.19531;0.20508;0.21484;0.22461;0.23438;0.24414;0.25391;0.26367;0.27344;0.2832;0.29297;0.30273;0.3125;0.32227;0.33203;0.3418;0.35156;0.36133;0.37109;0.38086;0.39063;0.40039;0.41016;0.41992;0.42969;0.43945;0.44922;0.45898;0.46875;0.47852;0.48828;0.49805;0.50781;0.51758;0.52734;0.53711;0.54688;0.55664;0.56641;0.57617;0.58594;0.5957;0.60547;0.61523;0.625;0.63477;0.64453;0.6543;0.66406;0.67383;0.68359;0.69336;0.70313;0.71289;0.72266;0.73242;0.74219;0.75195;0.76172;0.77148;0.78125;0.79102,0.006351872000000001;0.011670527999999998;0.010656768;0.006117376;0.012715008;0.032001024;0.0530432;0.06613811200000001;0.159123456;0.31110553599999996;0.452571136;0.335665152;0.19584204800000002;0.12191231999999999;0.05716992;0.08794726400000001;0.077330432;0.051877888;0.03833856;0.019088384000000003;0.01751552;0.015002624;0.021770240000000003;0.015040511999999999;0.011052032000000002;0.01095168;0.014839808;0.017701888;0.012408832;0.015276032000000002;0.020257791999999997;0.042791936;0.04970496;0.03216384;0.036342784;0.044889088;0.035481599999999995;0.025383936;0.019654656;0.029074432;0.02110464;0.022147072;0.014489599999999998;0.017175552;0.016338944;0.009462784;0.011886592000000001;0.010087424000000001;0.008473599999999998;0.006071296;0.011046912;0.012131328;0.010533887999999998;0.007164928;0.005240832;0.005354496;0.006268928;0.003986432;0.0050728959999999995;0.004683776;0.004995072;0.004018176;0.004383743999999999;0.00398848;0.003487744;0.004834304;0.003652608;0.0032430080000000003;0.003149824;0.004191232;0.002929664;0.003680256;0.00251904;0.00200192;0.002577408;0.002865152;0.00231936;0.001985536;0.001779712
1772653500,hdr,0.0293;0.03906;0.04883;0.05859;0.06836;0.07813;0.08789;0.09766;0.10742;0.11719;0.12695;0.13672;0.14648;0.15625;0.16602;0.17578;0.18555;0.19531;0.20508;0.21484;0.22461;0.23438;0.24414;0.25391;0.26367;0.27344;0.2832;0.29297;0.30273;0.3125;0.32227;0.33203;0.3418;0.35156;0.36133;0.37109;0.38086;0.39063;0.40039;0.41016;0.41992;0.42969;0.43945;0.44922;0.45898;0.46875;0.47852;0.48828;0.49805;0.50781;0.51758;0.52734;0.53711;0.54688;0.55664;0.56641;0.57617;0.58594;0.5957;0.60547;0.61523;0.625;0.63477;0.64453;0.6543;0.66406;0.67383;0.68359;0.69336;0.70313;0.71289;0.72266;0.73242;0.74219;0.75195;0.76172;0.77148;0.78125;0.79102,0.004530176;0.010752;0.01295872;0.007134208;0.01342464;0.024638464;0.037805056;0.083386368;0.11992064;0.17096704000000001;0.309141504;0.32111616;0.17251020800000003;0.102764544;0.104179712;0.07391129599999999;0.060347392;0.037665792000000003;0.0372992;0.028827648;0.024664064;0.021350400000000002;0.028420096000000002;0.020746240000000003;0.014202880000000001;0.015140864000000002;0.020174848000000002;0.025911295999999997;0.047601663999999995;0.070387712;0.06938009599999999;0.06475878400000001;0.081296384;0.06445056;0.07003033600000001;0.063872;0.040552448;0.030649344000000002;0.024776703999999997;0.031040512;0.026979327999999997;0.014133248;0.020786176;0.016956416000000002;0.011614208;0.008643584000000001;0.008236031999999999;0.011814912;0.015295488000000001;0.009969664000000001;0.007809024;0.007891968000000001;0.01238528;0.012706816000000001;0.010246143999999999;0.007909376000000001;0.007155712000000001;0.007759871999999999;0.008932352;0.006656;0.0054609920000000005;0.0048128;0.004416512;0.004509696;0.0038789120000000004;0.003745792;0.003805184;0.003451904;0.003618816;0.0032337920000000005;0.00301056;0.003634176;0.0037345280000000004;0.0027904;0.002435072;0.001989632;0.002033664;0.0020029439999999996;0.002052096
1772654400,hdr,0.0293;0.03906;0.04883;0.05859;0.06836;0.07813;0.08789;0.09766;0.10742;0.11719;0.12695;0.13672;0.14648;0.15625;0.16602;0.17578;0.18555;0.19531;0.20508;0.21484;0.22461;0.23438;0.24414;0.25391;0.26367;0.27344;0.2832;0.29297;0.30273;0.3125;0.32227;0.33203;0.3418;0.35156;0.36133;0.37109;0.38086;0.39063;0.40039;0.41016;0.41992;0.42969;0.43945;0.44922;0.45898;0.46875;0.47852;0.48828;0.49805;0.50781;0.51758;0.52734;0.53711;0.54688;0.55664;0.56641;0.57617;0.58594;0.5957;0.60547;0.61523;0.625;0.63477;0.64453;0.6543;0.66406;0.67383;0.68359;0.69336;0.70313;0.71289;0.72266;0.73242;0.74219;0.75195;0.76172;0.77148;0.78125;0.79102,0.0012789759999999998;0.009457664;0.010850304;0.007107584;0.013251583999999999;0.02138112;0.01815552;0.06881177599999999;0.10078617599999999;0.178788352;0.270503936;0.31833088;0.233971712;0.13665587199999998;0.07935180800000001;0.07634432;0.064256;0.031050752;0.023519232;0.021221376;0.026648575999999997;0.024567808;0.019311616;0.024141824;0.028553216;0.031053824;0.036418559999999996;0.06625996799999999;0.10501017600000001;0.109714432;0.17605427199999998;0.155384832;0.09141452800000001;0.061747199999999995;0.028194815999999998;0.037891072;0.034103296000000005;0.025143296;0.027834368;0.022885376;0.014921727999999999;0.022165503999999996;0.019658752;0.016283647999999998;0.01377792;0.014238720000000002;0.016965631999999998;0.01593856;0.016119808;0.015833088;0.01857024;0.01229824;0.010050560000000002;0.007998464;0.008642559999999999;0.011266047999999999;0.007923712000000001;0.007030784;0.006904832;0.00638976;0.004662272;0.005005312;0.005860352;0.0051302399999999995;0.0036812800000000003;0.00474112;0.003462144;0.0026327039999999996;0.0036014080000000004;0.004347904;0.00370176;0.00413184;0.004544512;0.00351744;0.0019476480000000002;0.001941504;0.0016148479999999999;0.0017489920000000002;0.002466816
1772655300,hdr,0.0293;0.03906;0.04883;0.05859;0.06836;0.07813;0.08789;0.09766;0.10742;0.11719;0.12695;0.13672;0.14648;0.15625;0.16602;0.17578;0.18555;0.19531;0.20508;0.21484;0.22461;0.23438;0.24414;0.25391;0.26367;0.27344;0.2832;0.29297;0.30273;0.3125;0.32227;0.33203;0.3418;0.35156;0.36133;0.37109;0.38086;0.39063;0.40039;0.41016;0.41992;0.42969;0.43945;0.44922;0.45898;0.46875;0.47852;0.48828;0.49805;0.50781;0.51758;0.52734;0.53711;0.54688;0.55664;0.56641;0.57617;0.58594;0.5957;0.60547;0.61523;0.625;0.63477;0.64453;0.6543;0.66406;0.67383;0.68359;0.69336;0.70313;0.71289;0.72266;0.73242;0.74219;0.75195;0.76172;0.77148;0.78125;0.79102,0.005270527999999999;0.010535936;0.009221120000000001;0.007796736;0.012512256000000001;0.030802944;0.043686911999999994;0.07087001600000001;0.11287040000000001;0.16411033599999997;0.256653312;0.185294848;0.19286937599999998;0.16963788800000001;0.130373632;0.06976409599999998;0.06574079999999999;0.049465344;0.036688896;0.023726079999999997;0.019163136;0.017709056;0.020447232;0.017361920000000003;0.02000384;0.039332864;0.042976256000000004;0.046574592000000005;0.071584768;0.101348352;0.08423936;0.075282432;0.07543808;0.056502272;0.054771712;0.050591744;0.030701568000000002;0.026499072;0.026570752;0.031008768;0.029390847999999997;0.016758784;0.016992256;0.019091456000000003;0.018931712;0.017148928;0.02184704;0.0253184;0.012641280000000001;0.015772672;0.013846527999999999;0.008595456;0.005809152;0.006808576;0.007382016000000001;0.008826879999999999;0.01044992;0.005428224000000001;0.005563392;0.004452352;0.004271104;0.004921344;0.00484352;0.006110208000000001;0.006233088;0.003576832;0.003492864;0.00258048;0.0035932159999999998;0.004041728;0.004416512;0.00452096;0.003096576;0.0024227840000000003;0.002716672;0.001636352;0.0023429120000000004;0.0018862080000000001;0.00117248
1772656200,hdr,0.0293;0.03906;0.04883;0.05859;0.06836;0.07813;0.08789;0.09766;0.10742;0.11719;0.12695;0.13672;0.14648;0.15625;0.16602;0.17578;0.18555;0.19531;0.20508;0.21484;0.22461;0.23438;0.24414;0.25391;0.26367;0.27344;0.2832;0.29297;0.30273;0.3125;0.32227;0.33203;0.3418;0.35156;0.36133;0.37109;0.38086;0.39063;0.40039;0.41016;0.41992;0.42969;0.43945;0.44922;0.45898;0.46875;0.47852;0.48828;0.49805;0.50781;0.51758;0.52734;0.53711;0.54688;0.55664;0.56641;0.57617;0.58594;0.5957;0.60547;0.61523;0.625;0.63477;0.64453;0.6543;0.66406;0.67383;0.68359;0.69336;0.70313;0.71289;0.72266;0.73242;0.74219;0.75195;0.76172;0.77148;0.78125;0.79102,0.006411264;0.009490432;0.0074352640000000005;0.006272;0.011096064000000001;0.024312832;0.012480512;0.037344256;0.08118784;0.13803520000000002;0.264134656;0.227868672;0.12507648000000002;0.14183219199999997;0.08967270399999999;0.080228352;0.089544704;0.053711872;0.019646464;0.012009472;0.021188608;0.026422272;0.02631168;0.035474432;0.048665599999999996;0.038115328000000004;0.067720192;0.09163776;0.09982566400000001;0.106899456;0.137153536;0.064003072;0.056659968;0.047192064;0.03936768;0.05623705600000001;0.04116992;0.023052288;0.03204710399999999;0.035352576000000004;0.022428672;0.017452032;0.028307455999999998;0.029080576;0.021426176;0.024678400000000003;0.020619264;0.01632256;0.011357184;0.013645823999999999;0.011995136;0.01044992;0.010500095999999999;0.010765311999999999;0.00907264;0.011465728000000001;0.010237952;0.006126591999999999;0.004790272;0.00668672;0.007555072;0.007149568;0.004905984;0.00507392;0.003918848;0.003074048;0.0036362239999999995;0.004094976;0.003439616;0.002659328;0.0025047039999999995;0.0042086400000000005;0.0038819839999999998;0.0019650559999999997;0.002146304;0.0031313919999999998;0.002543616;0.0023265280000000004;0.0021913600000000003
1772657100,hdr,0.0293;0.03906;0.04883;0.05859;0.06836;0.07813;0.08789;0.09766;0.10742;0.11719;0.12695;0.13672;0.14648;0.15625;0.16602;0.17578;0.18555;0.19531;0.20508;0.21484;0.22461;0.23438;0.24414;0.25391;0.26367;0.27344;0.2832;0.29297;0.30273;0.3125;0.32227;0.33203;0.3418;0.35156;0.36133;0.37109;0.38086;0.39063;0.40039;0.41016;0.41992;0.42969;0.43945;0.44922;0.45898;0.46875;0.47852;0.48828;0.49805;0.50781;0.51758;0.52734;0.53711;0.54688;0.55664;0.56641;0.57617;0.58594;0.5957;0.60547;0.61523;0.625;0.63477;0.64453;0.6543;0.66406;0.67383;0.68359;0.69336;0.70313;0.71289;0.72266;0.73242;0.74219;0.75195;0.76172;0.77148;0.78125;0.79102,0.004395008;0.008100864;0.009005056;0.005124096;0.009577472;0.025032704;0.033169408;0.08222515199999998;0.167156736;0.26248294399999994;0.27605708800000006;0.24327680000000002;0.198530048;0.144474112;0.10629529599999998;0.061369344;0.047905792;0.032075776;0.021815295999999998;0.018852864;0.016514048;0.013257728000000002;0.01711616;0.02233856;0.020846592;0.0379392;0.08191283199999999;0.07391129599999999;0.082857984;0.07131648;0.071130112;0.074166272;0.05846528;0.039894016000000004;0.045582335999999994;0.035960832000000005;0.030478335999999998;0.028115967999999998;0.031143936;0.029468672;0.023741440000000003;0.023857152;0.016563199999999997;0.011892736;0.011963392;0.015565823999999999;0.019895296;0.019131392000000004;0.008265728;0.012566528;0.011247616;0.009275392;0.008482815999999999;0.012203008;0.012120063999999998;0.006018048000000001;0.010123264000000002;0.007296;0.007456768;0.006982656000000001;0.005665791999999999;0.005170175999999999;0.00630272;0.004852736;0.0031406079999999996;0.003175424;0.0028723200000000003;0.0032583679999999998;0.003237888;0.003421184;0.0032870399999999998;0.002847744;0.002663424;0.002828288;0.002282496;0.002651136;0.0031088640000000002;0.001775616;0.0017244159999999999
1772658900,hdr,0.0293;0.03906;0.04883;0.05859;0.06836;0.07813;0.08789;0.09766;0.10742;0.11719;0.12695;0.13672;0.14648;0.15625;0.16602;0.17578;0.18555;0.19531;0.20508;0.21484;0.22461;0.23438;0.24414;0.25391;0.26367;0.27344;0.2832;0.29297;0.30273;0.3125;0.32227;0.33203;0.3418;0.35156;0.36133;0.37109;0.38086;0.39063;0.40039;0.41016;0.41992;0.42969;0.43945;0.44922;0.45898;0.46875;0.47852;0.48828;0.49805;0.50781;0.51758;0.52734;0.53711;0.54688;0.55664;0.56641;0.57617;0.58594;0.5957;0.60547;0.61523;0.625;0.63477;0.64453;0.6543;0.66406;0.67383;0.68359;0.69336;0.70313;0.71289;0.72266;0.73242;0.74219;0.75195;0.76172;0.77148;0.78125;0.79102,0.003224576;0.0050749440000000005;0.007153664;0.008681471999999999;0.016507904;0.035552256000000004;0.026759167999999996;0.054595584;0.10135654399999999;0.148105216;0.265474048;0.14623129599999998;0.14965248;0.10743603199999999;0.069945344;0.057414656;0.060187648;0.0425472;0.02283008;0.023473151999999997;0.019990528;0.015073280000000001;0.012534784;0.018184192;0.034686976;0.041044991999999995;0.052599808000000005;0.057990144;0.075409408;0.062748672;0.07895244800000001;0.056640512000000004;0.04020224000000001;0.028518400000000003;0.027921407999999998;0.03132928;0.019528704;0.018029568000000003;0.024715264000000004;0.03090944;0.025576448;0.016098303999999997;0.019995647999999998;0.02222592;0.014350336000000002;0.011559936;0.012956671999999999;0.013154304;0.011009024;0.01086464;0.007605247999999999;0.00820224;0.007558144;0.006418432;0.00653824;0.005203968;0.007398399999999999;0.007257088000000001;0.008165376;0.006606848;0.006206464000000001;0.0026951679999999995;0.004084736;0.005664768;0.004974592000000001;0.005105663999999999;0.004525056;0.0048384;0.003912704;0.0034037760000000003;0.002506752;0.0027432959999999997;0.0033341440000000003;0.0033003520000000003;0.002425856;0.0024545279999999997;0.0013117439999999999;0.00178176;0.0028385280000000003
1772659800,hdr,0.0293;0.03906;0.04883;0.05859;0.06836;0.07813;0.08789;0.09766;0.10742;0.11719;0.12695;0.13672;0.14648;0.15625;0.16602;0.17578;0.18555;0.19531;0.20508;0.21484;0.22461;0.23438;0.24414;0.25391;0.26367;0.27344;0.2832;0.29297;0.30273;0.3125;0.32227;0.33203;0.3418;0.35156;0.36133;0.37109;0.38086;0.39063;0.40039;0.41016;0.41992;0.42969;0.43945;0.44922;0.45898;0.46875;0.47852;0.48828;0.49805;0.50781;0.51758;0.52734;0.53711;0.54688;0.55664;0.56641;0.57617;0.58594;0.5957;0.60547;0.61523;0.625;0.63477;0.64453;0.6543;0.66406;0.67383;0.68359;0.69336;0.70313;0.71289;0.72266;0.73242;0.74219;0.75195;0.76172;0.77148;0.78125;0.79102,0.0035348480000000006;0.005081088000000001;0.010683392;0.00916992;0.022270976;0.019800064;0.0221952;0.11542016;0.196032512;0.198429696;0.289369088;0.264448;0.17324646400000002;0.11090944;0.11112345600000001;0.076080128;0.044818432;0.035666944000000006;0.020665344000000002;0.01426944;0.013457407999999999;0.015229952000000001;0.026481664;0.03083776;0.021407744000000003;0.037935104;0.056370176;0.08905216;0.071588864;0.071948288;0.06726143999999999;0.030011392;0.018162688;0.021164032;0.024957952;0.020698111999999998;0.018791423999999998;0.01912832;0.019704832;0.019400704;0.017045504;0.014692351999999999;0.017795072;0.018003968000000002;0.019846144;0.017582080000000003;0.018827264;0.0111104;0.00866304;0.005938176000000001;0.006672384;0.009194496;0.009438207999999998;0.008836096;0.009400320000000002;0.006920192;0.006265856000000001;0.00768;0.0073656319999999996;0.00800768;0.005211136;0.0027740160000000002;0.004887552000000001;0.006023168;0.00405504;0.0024637440000000004;0.00275456;0.003347456;0.002424832;0.0013680639999999998;0.0015513600000000001;0.001746944;0.0026480640000000003;0.002062336;0.0019773440000000002;0.002030592;0.001692672;0.001752064;0.001426432
1772660700,hdr,0.0293;0.03906;0.04883;0.05859;0.06836;0.07813;0.08789;0.09766;0.10742;0.11719;0.12695;0.13672;0.14648;0.15625;0.16602;0.17578;0.18555;0.19531;0.20508;0.21484;0.22461;0.23438;0.24414;0.25391;0.26367;0.27344;0.2832;0.29297;0.30273;0.3125;0.32227;0.33203;0.3418;0.35156;0.36133;0.37109;0.38086;0.39063;0.40039;0.41016;0.41992;0.42969;0.43945;0.44922;0.45898;0.46875;0.47852;0.48828;0.49805;0.50781;0.51758;0.52734;0.53711;0.54688;0.55664;0.56641;0.57617;0.58594;0.5957;0.60547;0.61523;0.625;0.63477;0.64453;0.6543;0.66406;0.67383;0.68359;0.69336;0.70313;0.71289;0.72266;0.73242;0.74219;0.75195;0.76172;0.77148;0.78125;0.79102,0.0066457600000000006;0.019167232;0.016423936;0.012172288;0.015153152;0.023325696;0.051800064;0.099136512;0.1836032;0.202226688;0.20652236799999998;0.219556864;0.157646848;0.089649152;0.08763699200000001;0.08523264;0.058192896;0.040563712;0.0381952;0.024458240000000003;0.011611136000000001;0.01770496;0.012186624;0.019617792000000002;0.035730432;0.049510399999999996;0.062498816;0.08348467200000001;0.060450816000000004;0.057653248;0.056336384;0.04098048000000001;0.028316672;0.028346368;0.036120576;0.025449472;0.016011264;0.019185664;0.018180095999999996;0.023207936000000002;0.027825152;0.013775872;0.010907647999999999;0.008779776;0.016053248;0.016060416;0.009510912;0.01004032;0.007571456;0.0071393279999999995;0.008733695999999999;0.0093696;0.008156159999999999;0.0068229119999999996;0.004174848;0.004216832;0.0037437440000000002;0.00381952;0.006281215999999999;0.005444607999999999;0.006814720000000001;0.006531072;0.003492864;0.002386944;0.00467968;0.0040796159999999995;0.0019650559999999997;0.002254848;0.00276992;0.0024545279999999997;0.003366912;0.0030904319999999997;0.002505728;0.002527232;0.002052096;0.002762752;0.00230912;0.0017725439999999998;0.001436672
1772661600,hdr,0.0293;0.03906;0.04883;0.05859;0.06836;0.07813;0.08789;0.09766;0.10742;0.11719;0.12695;0.13672;0.14648;0.15625;0.16602;0.17578;0.18555;0.19531;0.20508;0.21484;0.22461;0.23438;0.24414;0.25391;0.26367;0.27344;0.2832;0.29297;0.30273;0.3125;0.32227;0.33203;0.3418;0.35156;0.36133;0.37109;0.38086;0.39063;0.40039;0.41016;0.41992;0.42969;0.43945;0.44922;0.45898;0.46875;0.47852;0.48828;0.49805;0.50781;0.51758;0.52734;0.53711;0.54688;0.55664;0.56641;0.57617;0.58594;0.5957;0.60547;0.61523;0.625;0.63477;0.64453;0.6543;0.66406;0.67383;0.68359;0.69336;0.70313;0.71289;0.72266;0.73242;0.74219;0.75195;0.76172;0.77148;0.78125;0.79102,0.004435968;0.01626112;0.019655680000000002;0.0062126080000000005;0.018281472;0.017790976000000003;0.026049536;0.06111744;0.15768780799999998;0.216276992;0.292467712;0.365309952;0.199400448;0.11465728;0.08416768000000001;0.07279718400000001;0.04337664;0.022284288;0.013423616;0.017866752;0.023181312;0.029126656;0.023962624000000002;0.036129792;0.035439616;0.05249536;0.046015488;0.053378048000000004;0.066134016;0.077268992;0.045418496;0.056090624;0.032673792;0.021952512;0.027878399999999998;0.020944896;0.015048704000000001;0.013420544;0.016202752;0.013168639999999999;0.016487424;0.018521087999999998;0.014646271999999998;0.011552768;0.01103872;0.01416192;0.012234752;0.0070768639999999996;0.011145216000000001;0.011689984;0.008278016;0.00605696;0.007313408;0.008414208000000001;0.005822464;0.0038952960000000003;0.005061632000000001;0.003729408;0.0045056;0.005188608;0.004251648;0.002770944;0.003456;0.00280064;0.003347456;0.00371712;0.002962432;0.0036403200000000003;0.002542592;0.0028876799999999997;0.00253952;0.002185216;0.0027863040000000003;0.003017728;0.0018862080000000001;0.00229888;0.0024391680000000002;0.001650688;0.002448384
1772662500,hdr,0.0293;0.03906;0.04883;0.05859;0.06836;0.07813;0.08789;0.09766;0.10742;0.11719;0.12695;0.13672;0.14648;0.15625;0.16602;0.17578;0.18555;0.19531;0.20508;0.21484;0.22461;0.23438;0.24414;0.25391;0.26367;0.27344;0.2832;0.29297;0.30273;0.3125;0.32227;0.33203;0.3418;0.35156;0.36133;0.37109;0.38086;0.39063;0.40039;0.41016;0.41992;0.42969;0.43945;0.44922;0.45898;0.46875;0.47852;0.48828;0.49805;0.50781;0.51758;0.52734;0.53711;0.54688;0.55664;0.56641;0.57617;0.58594;0.5957;0.60547;0.61523;0.625;0.63477;0.64453;0.6543;0.66406;0.67383;0.68359;0.69336;0.70313;0.71289;0.72266;0.73242;0.74219;0.75195;0.76172;0.77148;0.78125;0.79102,0.0005560319999999999;0.00339968;0.004499456;0.005438464;0.014178304000000001;0.017585152000000003;0.0350976;0.058125312;0.15456767999999999;0.227941376;0.289416192;0.325607424;0.267044864;0.180854784;0.138339328;0.08949760000000001;0.055293952;0.048581632;0.029140992;0.023827456;0.023601151999999997;0.015346688;0.019210239999999996;0.026573823999999996;0.059845632;0.08435712;0.056910848;0.082103296;0.090738688;0.06866534400000002;0.042110976;0.027802624;0.02446336;0.024167424;0.023696383999999997;0.018248704;0.018629632;0.021431296;0.018722816000000003;0.018075648;0.014621696;0.014465024;0.01351168;0.011538432000000001;0.011594752;0.009346048;0.011303936;0.011144192;0.015835136;0.012209152000000001;0.009616384;0.009665536;0.00950784;0.007457792;0.007124992;0.005618688;0.005562368000000001;0.004512768;0.003718144;0.00316416;0.005311488;0.005879808;0.004359168000000001;0.003801088;0.00336896;0.004160512;0.002622464;0.002067456;0.0018442240000000002;0.002496512;0.0030228480000000003;0.001902592;0.00187904;0.0018360320000000002;0.001702912;0.0021043200000000002;0.0011243520000000001;0.000913408;0.0013578239999999999
1772663400,hdr,0.0293;0.03906;0.04883;0.05859;0.06836;0.07813;0.08789;0.09766;0.10742;0.11719;0.12695;0.13672;0.14648;0.15625;0.16602;0.17578;0.18555;0.19531;0.20508;0.21484;0.22461;0.23438;0.24414;0.25391;0.26367;0.27344;0.2832;0.29297;0.30273;0.3125;0.32227;0.33203;0.3418;0.35156;0.36133;0.37109;0.38086;0.39063;0.40039;0.41016;0.41992;0.42969;0.43945;0.44922;0.45898;0.46875;0.47852;0.48828;0.49805;0.50781;0.51758;0.52734;0.53711;0.54688;0.55664;0.56641;0.57617;0.58594;0.5957;0.60547;0.61523;0.625;0.63477;0.64453;0.6543;0.66406;0.67383;0.68359;0.69336;0.70313;0.71289;0.72266;0.73242;0.74219;0.75195;0.76172;0.77148;0.78125;0.79102,0.00398848;0.009944063999999999;0.012450815999999998;0.004758528000000001;0.008247296;0.016192512;0.026667008;0.09107456000000001;0.17304166399999998;0.25869516800000003;0.367443968;0.25653043200000003;0.254732288;0.166303744;0.090975232;0.06128332799999999;0.041337856;0.04128768;0.024720383999999998;0.014203904;0.014946304;0.015532032;0.022781952;0.035166208;0.037249024;0.057860096;0.087790592;0.06411776;0.06319206399999999;0.06251519999999999;0.052971519999999994;0.06288384;0.041308160000000003;0.020113408;0.014655488;0.014472191999999998;0.024367104000000004;0.019776512;0.016099328;0.0120576;0.014308351999999998;0.016882688000000003;0.013591552;0.005255168;0.013553663999999998;0.013256704;0.011160576;0.010500095999999999;0.011068416;0.010463232;0.008634368;0.00799232;0.005850112;0.005588992;0.004943871999999999;0.004452352;0.0037396479999999995;0.0036864000000000003;0.002284544;0.0050749440000000005;0.005233664;0.0036608;0.003428352;0.0031979519999999996;0.002837504;0.003457024;0.0029173759999999997;0.001811456;0.002589696;0.002828288;0.001942528;0.0022405119999999996;0.0015493120000000002;0.0015769599999999999;0.0020398079999999997;0.0019773440000000002;0.002275328;0.001486848;0.001217536
1772664300,hdr,0.0293;0.03906;0.04883;0.05859;0.06836;0.07813;0.08789;0.09766;0.10742;0.11719;0.12695;0.13672;0.14648;0.15625;0.16602;0.17578;0.18555;0.19531;0.20508;0.21484;0.22461;0.23438;0.24414;0.25391;0.26367;0.27344;0.2832;0.29297;0.30273;0.3125;0.32227;0.33203;0.3418;0.35156;0.36133;0.37109;0.38086;0.39063;0.40039;0.41016;0.41992;0.42969;0.43945;0.44922;0.45898;0.46875;0.47852;0.48828;0.49805;0.50781;0.51758;0.52734;0.53711;0.54688;0.55664;0.56641;0.57617;0.58594;0.5957;0.60547;0.61523;0.625;0.63477;0.64453;0.6543;0.66406;0.67383;0.68359;0.69336;0.70313;0.71289;0.72266;0.73242;0.74219;0.75195;0.76172;0.77148;0.78125;0.79102,0.004829183999999999;0.007719935999999999;0.012311552000000002;0.005833728;0.012881919999999998;0.013802496;0.030211072;0.09459916800000001;0.242188288;0.34945536;0.351060992;0.33047039999999994;0.157641728;0.103860224;0.058701824;0.065850368;0.05172736;0.032379904;0.021495808;0.019124224000000002;0.018632704;0.019775487999999997;0.019201024;0.016795648;0.022649856;0.0315904;0.066146304;0.058375168000000005;0.04986368;0.061590528;0.047166464;0.033199104;0.019928064;0.026625024;0.023658495999999998;0.019837952000000002;0.022088704;0.01633792;0.011506688;0.014389248;0.015440896;0.014337024;0.010544128;0.010089472000000002;0.011609088;0.010404864;0.0072284160000000005;0.008927232;0.007446528;0.005608448;0.00478208;0.0049664;0.006651904;0.0052746239999999995;0.00695296;0.007865344;0.0046592;0.0037693439999999996;0.005420032;0.004649983999999999;0.003344384;0.001746944;0.002418688;0.0027555839999999997;0.002692096;0.0022538239999999998;0.0018421759999999998;0.0024903679999999997;0.002464768;0.002514944;0.002142208;0.001890304;0.001435648;0.00121344;0.0012113920000000002;0.0014899199999999998;0.001903616;0.001490944;0.001065984
1772665200,hdr,0.0293;0.03906;0.04883;0.05859;0.06836;0.07813;0.08789;0.09766;0.10742;0.11719;0.12695;0.13672;0.14648;0.15625;0.16602;0.17578;0.18555;0.19531;0.20508;0.21484;0.22461;0.23438;0.24414;0.25391;0.26367;0.27344;0.2832;0.29297;0.30273;0.3125;0.32227;0.33203;0.3418;0.35156;0.36133;0.37109;0.38086;0.39063;0.40039;0.41016;0.41992;0.42969;0.43945;0.44922;0.45898;0.46875;0.47852;0.48828;0.49805;0.50781;0.51758;0.52734;0.53711;0.54688;0.55664;0.56641;0.57617;0.58594;0.5957;0.60547;0.61523;0.625;0.63477;0.64453;0.6543;0.66406;0.67383;0.68359;0.69336;0.70313;0.71289;0.72266;0.73242;0.74219;0.75195;0.76172;0.77148;0.78125;0.79102,0.002673664;0.0058419200000000004;0.020163584;0.008087552000000001;0.014708736;0.040655872;0.088794112;0.10834944;0.105805824;0.149226496;0.33370931200000004;0.28762624;0.146233344;0.112243712;0.110244864;0.062788608;0.042474496;0.033400832000000005;0.015471616;0.019575807999999997;0.017654784;0.014775296;0.022301696;0.023411712000000005;0.022750208;0.042656768;0.072777728;0.064943104;0.070576128;0.047958016000000006;0.048340992;0.06788198399999999;0.044022784;0.028747776000000003;0.02139136;0.02637824;0.024700928;0.021801984;0.016926720000000003;0.017867776;0.014774272;0.010244096000000001;0.015489024;0.011368448;0.007271424;0.006873087999999999;0.011063295999999999;0.010315776;0.010091519999999998;0.01392128;0.009879552;0.005233664;0.008073216000000001;0.0069621760000000005;0.0053411840000000006;0.0055080960000000005;0.00545792;0.0060610559999999996;0.005157888;0.004472832;0.006586368;0.005099520000000001;0.00601088;0.00503808;0.003574784;0.00377856;0.003152896;0.003264512;0.0026060799999999998;0.0021299199999999996;0.002220032;0.002348032;0.002428928;0.001711104;0.0013475839999999998;0.001723392;0.002372608;0.001956864;0.0016087039999999999
1772666100,hdr,0.0293;0.03906;0.04883;0.05859;0.06836;0.07813;0.08789;0.09766;0.10742;0.11719;0.12695;0.13672;0.14648;0.15625;0.16602;0.17578;0.18555;0.19531;0.20508;0.21484;0.22461;0.23438;0.24414;0.25391;0.26367;0.27344;0.2832;0.29297;0.30273;0.3125;0.32227;0.33203;0.3418;0.35156;0.36133;0.37109;0.38086;0.39063;0.40039;0.41016;0.41992;0.42969;0.43945;0.44922;0.45898;0.46875;0.47852;0.48828;0.49805;0.50781;0.51758;0.52734;0.53711;0.54688;0.55664;0.56641;0.57617;0.58594;0.5957;0.60547;0.61523;0.625;0.63477;0.64453;0.6543;0.66406;0.67383;0.68359;0.69336;0.70313;0.71289;0.72266;0.73242;0.74219;0.75195;0.76172;0.77148;0.78125;0.79102,0.0027361279999999996;0.005671936;0.006794240000000001;0.0058941440000000005;0.025878527999999998;0.047867904;0.050387968;0.1480448;0.36389273600000005;0.24622694400000003;0.226316288;0.29285888;0.299307008;0.14404608;0.057100288;0.052082687999999995;0.032622592;0.021167104;0.036621312;0.025627648;0.023650304;0.020238336;0.018975744;0.022605823999999997;0.041052160000000004;0.049195008;0.058642432;0.06801305600000002;0.054142975999999995;0.041240575999999994;0.03634176;0.03222016;0.026569728000000004;0.022851583999999998;0.013051904;0.016769024;0.017232896;0.012447744;0.015625216;0.013840384;0.014389248;0.012664832;0.015172608;0.013268992;0.011313152;0.008615936;0.00894464;0.007097344;0.005918720000000001;0.006589439999999999;0.004353024;0.004259839999999999;0.005859328;0.006413312;0.007204863999999999;0.003914752;0.0031897600000000003;0.005099520000000001;0.007476224;0.005606399999999999;0.0049285119999999995;0.004284416;0.0032471040000000002;0.0036474880000000004;0.0031068159999999997;0.001426432;0.001263616;0.002469888;0.003055616;0.00300544;0.001727488;0.001867776;0.0016179200000000001;0.001383424;0.0009461760000000001;0.0013056;0.0023552;0.0022241279999999997;0.001696768
1772667000,hdr,0.0293;0.03906;0.04883;0.05859;0.06836;0.07813;0.08789;0.09766;0.10742;0.11719;0.12695;0.13672;0.14648;0.15625;0.16602;0.17578;0.18555;0.19531;0.20508;0.21484;0.22461;0.23438;0.24414;0.25391;0.26367;0.27344;0.2832;0.29297;0.30273;0.3125;0.32227;0.33203;0.3418;0.35156;0.36133;0.37109;0.38086;0.39063;0.40039;0.41016;0.41992;0.42969;0.43945;0.44922;0.45898;0.46875;0.47852;0.48828;0.49805;0.50781;0.51758;0.52734;0.53711;0.54688;0.55664;0.56641;0.57617;0.58594;0.5957;0.60547;0.61523;0.625;0.63477;0.64453;0.6543;0.66406;0.67383;0.68359;0.69336;0.70313;0.71289;0.72266;0.73242;0.74219;0.75195;0.76172;0.77148;0.78125;0.79102,0.006079487999999999;0.012410880000000001;0.010177536000000001;0.0068526080000000005;0.032031744;0.048273408000000004;0.05794304;0.272642048;0.478614528;0.35412070399999995;0.275295232;0.390088704;0.3110912;0.212921344;0.150273024;0.08511180799999998;0.058673152;0.032313344;0.013376512;0.0264192;0.018475007999999998;0.020068352;0.019222528000000003;0.019545088;0.024864768;0.049308672;0.05656575999999999;0.06435328;0.093761536;0.050539520000000004;0.033741824000000004;0.020697088;0.014997503999999998;0.023182335999999998;0.019085311999999997;0.021105664;0.010510336;0.009856;0.010527744;0.012942335999999999;0.013329408000000001;0.013589503999999999;0.015465472;0.014302208;0.010237952;0.010890239999999999;0.009127936;0.009751552;0.0068157439999999994;0.00751616;0.005970944000000001;0.004513791999999999;0.004783103999999999;0.0031928320000000005;0.002956288;0.002514944;0.003812352;0.0047339520000000005;0.004504576;0.003874816;0.0029634559999999997;0.002706432;0.003451904;0.0028620800000000004;0.003057664;0.003104768;0.003274752;0.0025917439999999996;0.00236544;0.001887232;0.0017725439999999998;0.0015534079999999998;0.001631232;0.0012912639999999999;0.001533952;0.0016670720000000001;0.00139776;0.00169984;0.0014847999999999999
1772667900,hdr,0.0293;0.03906;0.04883;0.05859;0.06836;0.07813;0.08789;0.09766;0.10742;0.11719;0.12695;0.13672;0.14648;0.15625;0.16602;0.17578;0.18555;0.19531;0.20508;0.21484;0.22461;0.23438;0.24414;0.25391;0.26367;0.27344;0.2832;0.29297;0.30273;0.3125;0.32227;0.33203;0.3418;0.35156;0.36133;0.37109;0.38086;0.39063;0.40039;0.41016;0.41992;0.42969;0.43945;0.44922;0.45898;0.46875;0.47852;0.48828;0.49805;0.50781;0.51758;0.52734;0.53711;0.54688;0.55664;0.56641;0.57617;0.58594;0.5957;0.60547;0.61523;0.625;0.63477;0.64453;0.6543;0.66406;0.67383;0.68359;0.69336;0.70313;0.71289;0.72266;0.73242;0.74219;0.75195;0.76172;0.77148;0.78125;0.79102,0.0011366400000000002;0.001910784;0.002044928;0.004234239999999999;0.015442944000000002;0.025166848000000002;0.049171455999999995;0.11502489599999999;0.282724352;0.265563136;0.24361472;0.279313408;0.22591180800000002;0.136290304;0.09476403200000001;0.036192256;0.036884480000000004;0.049126399999999994;0.036482048;0.021854208;0.022427648;0.026448896;0.026346496;0.013095935999999999;0.011062272000000001;0.035659776;0.05438976;0.072993792;0.071304192;0.038969343999999996;0.025904128000000002;0.029558784;0.019474432;0.012584960000000001;0.01293824;0.01133568;0.015835136;0.015532032;0.01655296;0.009462784;0.007655424;0.012648448;0.014374912;0.010752;0.012399616;0.0063723519999999995;0.005780479999999999;0.006242304;0.0060856320000000005;0.005562368000000001;0.005950464;0.006557696;0.00648192;0.004927488000000001;0.0043929600000000004;0.005043199999999999;0.00253952;0.002484224;0.0029009920000000002;0.005276672;0.005382144;0.003596288;0.0033300480000000004;0.003264512;0.0035471359999999998;0.001308672;0.001258496;0.002794496;0.0019517439999999998;0.0014899199999999998;0.002506752;0.00183296;0.0016168960000000003;0.001664;0.0012789759999999998;0.001540096;0.001467392;0.001156096;0.0011786239999999999
