Epoch Time,Processing Source,f,varianceDensity
1777852800,hdr,0.0293;0.03906;0.04883;0.05859;0.06836;0.07813;0.08789;0.09766;0.10742;0.11719;0.12695;0.13672;0.14648;0.15625;0.16602;0.17578;0.18555;0.19531;0.20508;0.21484;0.22461;0.23438;0.24414;0.25391;0.26367;0.27344;0.2832;0.29297;0.30273;0.3125;0.32227;0.33203;0.3418;0.35156;0.36133;0.37109;0.38086;0.39063;0.40039;0.41016;0.41992;0.42969;0.43945;0.44922;0.45898;0.46875;0.47852;0.48828;0.49805;0.50781;0.51758;0.52734;0.53711;0.54688;0.55664;0.56641;0.57617;0.58594;0.5957;0.60547;0.61523;0.625;0.63477;0.64453;0.6543;0.66406;0.67383;0.68359;0.69336;0.70313;0.71289;0.72266;0.73242;0.74219;0.75195;0.76172;0.77148;0.78125;0.79102,0.006049792;0.01033216;0.013018112000000002;0.04335104;0.056757247999999996;0.02660864;0.051955712;0.127205376;0.172648448;0.128297984;0.08122368;0.025285632000000002;0.009541632;0.007065599999999999;0.00714752;0.007860223999999999;0.005384192;0.008641536;0.015070207999999998;0.014950399999999999;0.01148416;0.008290304;0.004885504;0.003288064;0.0027473920000000004;0.002829312;0.002193408;0.001754112;0.002500608;0.004122624;0.005101568;0.0014561280000000001;0.002316288;0.0017018880000000001;0.0016291839999999999;0.0016230399999999999;0.000816128;0.000881664;0.001600512;0.0014858240000000002;0.001221632;0.0019773440000000002;0.0017684480000000002;0.0008151040000000001;0.000714752;0.000637952;0.0007075839999999999;0.0007946240000000001;0.000621568;0.000734208;0.000668672;0.0005089280000000001;0.000429056;0.00048639999999999995;0.0008929280000000001;0.000937984;0.000626688;0.000607232;0.000643072;0.0005324799999999999;0.00068608;0.000756736;0.000630784;0.00038912;0.00032256;0.00049664;0.000633856;0.000329728;0.000565248;0.000881664;0.0006963200000000001;0.000642048;0.000879616;0.001036288;0.0009472;0.001222656;0.0016988160000000001;0.001127424;0.0013608960000000001
1777853700,hdr,0.0293;0.03906;0.04883;0.05859;0.06836;0.07813;0.08789;0.09766;0.10742;0.11719;0.12695;0.13672;0.14648;0.15625;0.16602;0.17578;0.18555;0.19531;0.20508;0.21484;0.22461;0.23438;0.24414;0.25391;0.26367;0.27344;0.2832;0.29297;0.30273;0.3125;0.32227;0.33203;0.3418;0.35156;0.36133;0.37109;0.38086;0.39063;0.40039;0.41016;0.41992;0.42969;0.43945;0.44922;0.45898;0.46875;0.47852;0.48828;0.49805;0.50781;0.51758;0.52734;0.53711;0.54688;0.55664;0.56641;0.57617;0.58594;0.5957;0.60547;0.61523;0.625;0.63477;0.64453;0.6543;0.66406;0.67383;0.68359;0.69336;0.70313;0.71289;0.72266;0.73242;0.74219;0.75195;0.76172;0.77148;0.78125;0.79102,0.003953664;0.008834047999999999;0.012519424000000001;0.03198976;0.041905152;0.028459008;0.079350784;0.18851840000000003;0.229710848;0.18204364799999997;0.107298816;0.040578048000000005;0.014360576;0.005236736;0.007660544;0.00600064;0.005954559999999999;0.008092672;0.009754624;0.009999359999999999;0.006907904;0.008641536;0.007634943999999999;0.0035348480000000006;0.002354176;0.00291328;0.002968576;0.004337664;0.0034252799999999997;0.002516992;0.001696768;0.002269184;0.00164864;0.0012605440000000002;0.000786432;0.00090112;0.0012994559999999998;0.001016832;0.001092608;0.000894976;0.0012441599999999998;0.0009625599999999999;0.000676864;0.000818176;0.000544768;0.000550912;0.0006840319999999999;0.0007168;0.000679936;0.000518144;0.000449536;0.000489472;0.00054272;0.0006676480000000001;0.000717824;0.0006082559999999999;0.000672768;0.0005918719999999999;0.00046284799999999997;0.00043827199999999997;0.000828416;0.000502784;0.0005847039999999999;0.000662528;0.0007055360000000001;0.0006656;0.00039628799999999996;0.000325632;0.00040960000000000004;0.000303104;0.000191488;0.0003584;0.00021504000000000003;0.0005580800000000001;0.000503808;0.000395264;0.000366592;0.000323584;0.00027033600000000004
1777854600,hdr,0.0293;0.03906;0.04883;0.05859;0.06836;0.07813;0.08789;0.09766;0.10742;0.11719;0.12695;0.13672;0.14648;0.15625;0.16602;0.17578;0.18555;0.19531;0.20508;0.21484;0.22461;0.23438;0.24414;0.25391;0.26367;0.27344;0.2832;0.29297;0.30273;0.3125;0.32227;0.33203;0.3418;0.35156;0.36133;0.37109;0.38086;0.39063;0.40039;0.41016;0.41992;0.42969;0.43945;0.44922;0.45898;0.46875;0.47852;0.48828;0.49805;0.50781;0.51758;0.52734;0.53711;0.54688;0.55664;0.56641;0.57617;0.58594;0.5957;0.60547;0.61523;0.625;0.63477;0.64453;0.6543;0.66406;0.67383;0.68359;0.69336;0.70313;0.71289;0.72266;0.73242;0.74219;0.75195;0.76172;0.77148;0.78125;0.79102,0.005256192;0.013907968000000001;0.019049472;0.022052864000000002;0.019306496;0.019056640000000003;0.069215232;0.176162816;0.357549056;0.28508672;0.109947904;0.036885504;0.011483136;0.006651904;0.004889599999999999;0.0034048;0.00255488;0.005701632;0.007609344;0.010677248000000002;0.011385856;0.009381888000000001;0.006046719999999999;0.0038789120000000004;0.003065856;0.0023265280000000004;0.002573312;0.002364416;0.002658304;0.003351552;0.003621888;0.002142208;0.002791424;0.001957888;0.000802816;0.000800768;0.001084416;0.001181696;0.0009605120000000001;0.0010813440000000001;0.001118208;0.000980992;0.000796672;0.000566272;0.000638976;0.00028569600000000005;0.000442368;0.000567296;0.0006850560000000001;0.0006574080000000001;0.000884736;0.000889856;0.000606208;0.000351232;0.000484352;0.00039423999999999997;0.000494592;0.000524288;0.000466944;0.000490496;0.000553984;0.000385024;0.000736256;0.000626688;0.000577536;0.000475136;0.0007014399999999999;0.00050688;0.000545792;0.00041984;0.00045056;0.00043724800000000005;0.000335872;0.00023552000000000002;0.000319488;0.000360448;0.000253952;0.000453632;0.00062464
1777855500,hdr,0.0293;0.03906;0.04883;0.05859;0.06836;0.07813;0.08789;0.09766;0.10742;0.11719;0.12695;0.13672;0.14648;0.15625;0.16602;0.17578;0.18555;0.19531;0.20508;0.21484;0.22461;0.23438;0.24414;0.25391;0.26367;0.27344;0.2832;0.29297;0.30273;0.3125;0.32227;0.33203;0.3418;0.35156;0.36133;0.37109;0.38086;0.39063;0.40039;0.41016;0.41992;0.42969;0.43945;0.44922;0.45898;0.46875;0.47852;0.48828;0.49805;0.50781;0.51758;0.52734;0.53711;0.54688;0.55664;0.56641;0.57617;0.58594;0.5957;0.60547;0.61523;0.625;0.63477;0.64453;0.6543;0.66406;0.67383;0.68359;0.69336;0.70313;0.71289;0.72266;0.73242;0.74219;0.75195;0.76172;0.77148;0.78125;0.79102,0.005099520000000001;0.008174592000000001;0.007972864;0.014301184;0.01945088;0.023244800000000003;0.086433792;0.31108096;0.283569152;0.140916736;0.09398272;0.035184639999999996;0.009244671999999999;0.006995968000000001;0.007545856;0.007503872;0.007079935999999999;0.005618688;0.006885376;0.00942592;0.008530943999999999;0.009701376;0.007211008;0.003026944;0.003057664;0.002110464;0.003117056;0.002428928;0.001528832;0.0015738879999999998;0.00247296;0.0018636800000000002;0.00182272;0.00197632;0.001181696;0.0014243840000000001;0.001253376;0.001399808;0.0014448640000000001;0.0016138239999999998;0.001033216;0.000894976;0.000896;0.000745472;0.0006656;0.00048742400000000003;0.0008212479999999999;0.000818176;0.000745472;0.000791552;0.0006819840000000001;0.000873472;0.000714752;0.000544768;0.00067072;0.000484352;0.00047001599999999997;0.0006184960000000001;0.00077312;0.0009216000000000001;0.000719872;0.0005232639999999998;0.00028774400000000004;0.0004986880000000001;0.000775168;0.000579584;0.00031232;0.00070656;0.0006000640000000001;0.000507904;0.000241664;0.00037888;0.000280576;0.000356352;0.00034304;0.000458752;0.000454656;0.000427008;0.000400384
1777856400,hdr,0.0293;0.03906;0.04883;0.05859;0.06836;0.07813;0.08789;0.09766;0.10742;0.11719;0.12695;0.13672;0.14648;0.15625;0.16602;0.17578;0.18555;0.19531;0.20508;0.21484;0.22461;0.23438;0.24414;0.25391;0.26367;0.27344;0.2832;0.29297;0.30273;0.3125;0.32227;0.33203;0.3418;0.35156;0.36133;0.37109;0.38086;0.39063;0.40039;0.41016;0.41992;0.42969;0.43945;0.44922;0.45898;0.46875;0.47852;0.48828;0.49805;0.50781;0.51758;0.52734;0.53711;0.54688;0.55664;0.56641;0.57617;0.58594;0.5957;0.60547;0.61523;0.625;0.63477;0.64453;0.6543;0.66406;0.67383;0.68359;0.69336;0.70313;0.71289;0.72266;0.73242;0.74219;0.75195;0.76172;0.77148;0.78125;0.79102,0.014265344000000001;0.019528704;0.021931008;0.028949504;0.018957312;0.018233344;0.07404544;0.209907712;0.251375616;0.151535616;0.09131417600000001;0.057417727999999994;0.029121536;0.010031103999999999;0.003876864;0.005438464;0.00829952;0.009191423999999998;0.007358464;0.009109504;0.00793088;0.005517312000000001;0.005058559999999999;0.003278848;0.002193408;0.00137216;0.003111936;0.003073024;0.003531776;0.003488768;0.0022026240000000002;0.0022231040000000005;0.001826816;0.0020418560000000003;0.0021903359999999998;0.00084992;0.00103424;0.001618944;0.001468416;0.00117248;0.000922624;0.001113088;0.000985088;0.0005918719999999999;0.00068608;0.0008601600000000001;0.000779264;0.0009564160000000001;0.0008601600000000001;0.0007096320000000001;0.000652288;0.000641024;0.000538624;0.000545792;0.000646144;0.000643072;0.00043827199999999997;0.00079872;0.000827392;0.000781312;0.000825344;0.000744448;0.0005898240000000001;0.0007249919999999999;0.0004956159999999999;0.000279552;0.000310272;0.00038912;0.000427008;0.00036761599999999997;0.000326656;0.000344064;0.000393216;0.000577536;0.000740352;0.000436224;0.000335872;0.000346112;0.000356352
1777857300,hdr,0.0293;0.03906;0.04883;0.05859;0.06836;0.07813;0.08789;0.09766;0.10742;0.11719;0.12695;0.13672;0.14648;0.15625;0.16602;0.17578;0.18555;0.19531;0.20508;0.21484;0.22461;0.23438;0.24414;0.25391;0.26367;0.27344;0.2832;0.29297;0.30273;0.3125;0.32227;0.33203;0.3418;0.35156;0.36133;0.37109;0.38086;0.39063;0.40039;0.41016;0.41992;0.42969;0.43945;0.44922;0.45898;0.46875;0.47852;0.48828;0.49805;0.50781;0.51758;0.52734;0.53711;0.54688;0.55664;0.56641;0.57617;0.58594;0.5957;0.60547;0.61523;0.625;0.63477;0.64453;0.6543;0.66406;0.67383;0.68359;0.69336;0.70313;0.71289;0.72266;0.73242;0.74219;0.75195;0.76172;0.77148;0.78125;0.79102,0.006029312;0.004145152;0.011309056000000001;0.032591872;0.029375488;0.0150528;0.0838912;0.279877632;0.343077888;0.152252416;0.1221888;0.082033664;0.017982464;0.00733696;0.00564224;0.003974144;0.0036864000000000003;0.0057968640000000005;0.007087104;0.007762944000000001;0.008993791999999999;0.008915967999999998;0.004384768;0.003356672;0.002332672;0.0023296;0.0021217280000000002;0.002832384;0.002111488;0.0027361279999999996;0.003997696;0.00311296;0.0018012159999999998;0.001381376;0.0011776;0.001271808;0.001265664;0.001323008;0.0015165439999999999;0.00247808;0.00196096;0.001226752;0.000968704;0.0009144320000000001;0.001015808;0.001462272;0.001130496;0.0008345599999999999;0.000873472;0.001006592;0.0011694079999999998;0.0011960319999999999;0.0008447999999999999;0.0007168;0.000756736;0.000781312;0.0005857280000000001;0.000553984;0.00075264;0.000493568;0.000325632;0.000533504;0.00050176;0.0006696959999999999;0.0005468159999999999;0.000420864;0.000605184;0.000499712;0.000448512;0.000533504;0.00029491200000000004;0.00041676800000000003;0.0006952960000000001;0.0005099519999999999;0.000521216;0.000535552;0.00047923199999999995;0.000335872;0.000318464
1777858200,hdr,0.0293;0.03906;0.04883;0.05859;0.06836;0.07813;0.08789;0.09766;0.10742;0.11719;0.12695;0.13672;0.14648;0.15625;0.16602;0.17578;0.18555;0.19531;0.20508;0.21484;0.22461;0.23438;0.24414;0.25391;0.26367;0.27344;0.2832;0.29297;0.30273;0.3125;0.32227;0.33203;0.3418;0.35156;0.36133;0.37109;0.38086;0.39063;0.40039;0.41016;0.41992;0.42969;0.43945;0.44922;0.45898;0.46875;0.47852;0.48828;0.49805;0.50781;0.51758;0.52734;0.53711;0.54688;0.55664;0.56641;0.57617;0.58594;0.5957;0.60547;0.61523;0.625;0.63477;0.64453;0.6543;0.66406;0.67383;0.68359;0.69336;0.70313;0.71289;0.72266;0.73242;0.74219;0.75195;0.76172;0.77148;0.78125;0.79102,0.008163328;0.011274240000000001;0.010974208000000001;0.031634432000000004;0.03368448;0.027531264;0.065789952;0.19486310399999998;0.385301504;0.22362419199999997;0.15356518399999997;0.076106752;0.018989056;0.00651264;0.006243328;0.008783872000000002;0.007330816;0.004846592;0.011045887999999998;0.014650368;0.009582592000000001;0.00498176;0.0031354879999999996;0.00167424;0.0027351040000000004;0.003328;0.0029460479999999997;0.002362368;0.002368512;0.002395136;0.0013342719999999998;0.002009088;0.0016384000000000001;0.001304576;0.001425408;0.0015165439999999999;0.0015267839999999998;0.00119296;0.000868352;0.000658432;0.001011712;0.0013475839999999998;0.001538048;0.001533952;0.001071104;0.0007557120000000001;0.00133632;0.00142848;0.0011837439999999998;0.001362944;0.0010946560000000003;0.000663552;0.0007137280000000001;0.001000448;0.0011243520000000001;0.000687104;0.000781312;0.00092672;0.0010127360000000002;0.0008048640000000001;0.000458752;0.0007290879999999999;0.000772096;0.00054272;0.000715776;0.000730112;0.00033689599999999994;0.000365568;0.000513024;0.0004915200000000001;0.0006184960000000001;0.000688128;0.00047104000000000004;0.000429056;0.000492544;0.000432128;0.00049664;0.000386048;0.00036147200000000005
1777859100,hdr,0.0293;0.03906;0.04883;0.05859;0.06836;0.07813;0.08789;0.09766;0.10742;0.11719;0.12695;0.13672;0.14648;0.15625;0.16602;0.17578;0.18555;0.19531;0.20508;0.21484;0.22461;0.23438;0.24414;0.25391;0.26367;0.27344;0.2832;0.29297;0.30273;0.3125;0.32227;0.33203;0.3418;0.35156;0.36133;0.37109;0.38086;0.39063;0.40039;0.41016;0.41992;0.42969;0.43945;0.44922;0.45898;0.46875;0.47852;0.48828;0.49805;0.50781;0.51758;0.52734;0.53711;0.54688;0.55664;0.56641;0.57617;0.58594;0.5957;0.60547;0.61523;0.625;0.63477;0.64453;0.6543;0.66406;0.67383;0.68359;0.69336;0.70313;0.71289;0.72266;0.73242;0.74219;0.75195;0.76172;0.77148;0.78125;0.79102,0.004273152;0.019633151999999997;0.020567039999999998;0.010950656000000001;0.014252032;0.015875072;0.09345945600000001;0.217407488;0.24586239999999998;0.16841728;0.12890623999999998;0.059521024;0.014923776;0.004230144;0.0034713599999999997;0.004068352;0.0059136;0.006740992;0.006360064;0.007700479999999999;0.006070272;0.0069273600000000005;0.005897216;0.0029184000000000002;0.001581056;0.0026449919999999997;0.002725888;0.002208768;0.001447936;0.0015544320000000001;0.001902592;0.002515968;0.0021196799999999997;0.0020951040000000004;0.001575936;0.001106944;0.00175104;0.001206272;0.000881664;0.000656384;0.000785408;0.000842752;0.001345536;0.001432576;0.0011694079999999998;0.001101824;0.000805888;0.000617472;0.0006502400000000001;0.0005857280000000001;0.00059392;0.000666624;0.00091136;0.0009420800000000001;0.000796672;0.000898048;0.001158144;0.0006993920000000001;0.0008202239999999999;0.00083968;0.000754688;0.0005621760000000001;0.0005621760000000001;0.000621568;0.0007884799999999999;0.0005713920000000001;0.000432128;0.00036761599999999997;0.000457728;0.0006154239999999999;0.0006082559999999999;0.0006502400000000001;0.00040550399999999994;0.0005959680000000001;0.000601088;0.0005918719999999999;0.00044544;0.00029183999999999997;0.0003328
1777860000,hdr,0.0293;0.03906;0.04883;0.05859;0.06836;0.07813;0.08789;0.09766;0.10742;0.11719;0.12695;0.13672;0.14648;0.15625;0.16602;0.17578;0.18555;0.19531;0.20508;0.21484;0.22461;0.23438;0.24414;0.25391;0.26367;0.27344;0.2832;0.29297;0.30273;0.3125;0.32227;0.33203;0.3418;0.35156;0.36133;0.37109;0.38086;0.39063;0.40039;0.41016;0.41992;0.42969;0.43945;0.44922;0.45898;0.46875;0.47852;0.48828;0.49805;0.50781;0.51758;0.52734;0.53711;0.54688;0.55664;0.56641;0.57617;0.58594;0.5957;0.60547;0.61523;0.625;0.63477;0.64453;0.6543;0.66406;0.67383;0.68359;0.69336;0.70313;0.71289;0.72266;0.73242;0.74219;0.75195;0.76172;0.77148;0.78125;0.79102,0.005942272;0.013023232;0.013877248;0.021931008;0.024064;0.02793984;0.091423744;0.207661056;0.174877696;0.15624704;0.167553024;0.07471616;0.021743615999999997;0.009674752;0.006040576;0.006713344;0.004992;0.008517632;0.007547903999999999;0.008433664;0.012338176000000001;0.006232064000000001;0.003546112;0.002548736;0.0026624;0.003340288;0.0027975680000000003;0.001973248;0.0019886079999999998;0.002563072;0.00238592;0.002299904;0.00279552;0.001942528;0.001362944;0.002486272;0.002658304;0.001289216;0.001416192;0.00178176;0.0014243840000000001;0.001503232;0.001241088;0.001528832;0.001384448;0.00077824;0.000878592;0.001188864;0.001275904;0.000907264;0.0006604799999999999;0.0007772160000000001;0.000857088;0.000893952;0.000456704;0.000826368;0.000908288;0.001002496;0.000826368;0.0008345599999999999;0.00080384;0.000692224;0.0006277120000000001;0.0009441279999999999;0.0009564160000000001;0.0005703679999999999;0.00044646400000000004;0.0005632;0.00039731200000000003;0.0005959680000000001;0.00057856;0.000544768;0.000679936;0.000649216;0.00051712;0.000631808;0.0005304320000000001;0.0005478400000000001;0.000690176
1777860900,hdr,0.0293;0.03906;0.04883;0.05859;0.06836;0.07813;0.08789;0.09766;0.10742;0.11719;0.12695;0.13672;0.14648;0.15625;0.16602;0.17578;0.18555;0.19531;0.20508;0.21484;0.22461;0.23438;0.24414;0.25391;0.26367;0.27344;0.2832;0.29297;0.30273;0.3125;0.32227;0.33203;0.3418;0.35156;0.36133;0.37109;0.38086;0.39063;0.40039;0.41016;0.41992;0.42969;0.43945;0.44922;0.45898;0.46875;0.47852;0.48828;0.49805;0.50781;0.51758;0.52734;0.53711;0.54688;0.55664;0.56641;0.57617;0.58594;0.5957;0.60547;0.61523;0.625;0.63477;0.64453;0.6543;0.66406;0.67383;0.68359;0.69336;0.70313;0.71289;0.72266;0.73242;0.74219;0.75195;0.76172;0.77148;0.78125;0.79102,0.013267968;0.026672128;0.032191488000000004;0.035349504000000004;0.026018816000000004;0.014065664;0.067386368;0.226444288;0.27833856;0.17553817600000002;0.145301504;0.08479436800000001;0.032043008000000005;0.010614784;0.008290304;0.004596736;0.007274496;0.008593408;0.009895936000000001;0.010888192000000001;0.01163264;0.008421376;0.0039546880000000005;0.0038021120000000003;0.003959808;0.003419136;0.002968576;0.002107392;0.0022978559999999996;0.002418688;0.001393664;0.001686528;0.001816576;0.002118656;0.0026521599999999998;0.00316416;0.001984512;0.00196096;0.00193024;0.002665472;0.002835456;0.002689024;0.002069504;0.002048;0.00226816;0.0019169279999999998;0.001774592;0.002277376;0.001572864;0.002125824;0.001406976;0.000801792;0.001384448;0.0009717759999999999;0.000965632;0.0009441279999999999;0.001241088;0.001651712;0.0012165119999999999;0.0013240320000000002;0.001271808;0.000661504;0.001050624;0.0010250239999999998;0.001161216;0.001154048;0.0007557120000000001;0.00063488;0.0007843840000000001;0.0008867839999999999;0.000644096;0.0007249919999999999;0.000652288;0.000897024;0.0007495679999999999;0.0006963200000000001;0.0008663039999999999;0.000995328;0.001329152
1777861800,hdr,0.0293;0.03906;0.04883;0.05859;0.06836;0.07813;0.08789;0.09766;0.10742;0.11719;0.12695;0.13672;0.14648;0.15625;0.16602;0.17578;0.18555;0.19531;0.20508;0.21484;0.22461;0.23438;0.24414;0.25391;0.26367;0.27344;0.2832;0.29297;0.30273;0.3125;0.32227;0.33203;0.3418;0.35156;0.36133;0.37109;0.38086;0.39063;0.40039;0.41016;0.41992;0.42969;0.43945;0.44922;0.45898;0.46875;0.47852;0.48828;0.49805;0.50781;0.51758;0.52734;0.53711;0.54688;0.55664;0.56641;0.57617;0.58594;0.5957;0.60547;0.61523;0.625;0.63477;0.64453;0.6543;0.66406;0.67383;0.68359;0.69336;0.70313;0.71289;0.72266;0.73242;0.74219;0.75195;0.76172;0.77148;0.78125;0.79102,0.006566912;0.012430336000000002;0.010334208000000001;0.019540992;0.021492736000000002;0.019892224;0.081644544;0.178430976;0.15885312;0.14512025600000003;0.163438592;0.068289536;0.03387904;0.00758784;0.005442560000000001;0.005291008;0.002532352;0.0032276479999999996;0.008697856;0.013389824;0.011731968;0.005471232;0.002705408;0.0024637440000000004;0.003063808;0.003767296;0.0045199360000000004;0.0040765440000000005;0.004417536;0.003212288;0.003692544;0.0035706880000000002;0.003890176;0.002748416;0.001792;0.002003968;0.0029634559999999997;0.002847744;0.002349056;0.002113536;0.001523712;0.001410048;0.001406976;0.00165376;0.00104448;0.000843776;0.0009318400000000001;0.001153024;0.000893952;0.000616448;0.00101376;0.001065984;0.0009564160000000001;0.000843776;0.0009748480000000001;0.0011120639999999998;0.000869376;0.001050624;0.000955392;0.0008663039999999999;0.000951296;0.0009697280000000001;0.0009216000000000001;0.000951296;0.0007137280000000001;0.0009943039999999999;0.0008601600000000001;0.000825344;0.000930816;0.0008622079999999999;0.000772096;0.00087552;0.0007833599999999999;0.000893952;0.00144896;0.0017684480000000002;0.0017930239999999998;0.0015452159999999999;0.0014827520000000002
1777862700,hdr,0.0293;0.03906;0.04883;0.05859;0.06836;0.07813;0.08789;0.09766;0.10742;0.11719;0.12695;0.13672;0.14648;0.15625;0.16602;0.17578;0.18555;0.19531;0.20508;0.21484;0.22461;0.23438;0.24414;0.25391;0.26367;0.27344;0.2832;0.29297;0.30273;0.3125;0.32227;0.33203;0.3418;0.35156;0.36133;0.37109;0.38086;0.39063;0.40039;0.41016;0.41992;0.42969;0.43945;0.44922;0.45898;0.46875;0.47852;0.48828;0.49805;0.50781;0.51758;0.52734;0.53711;0.54688;0.55664;0.56641;0.57617;0.58594;0.5957;0.60547;0.61523;0.625;0.63477;0.64453;0.6543;0.66406;0.67383;0.68359;0.69336;0.70313;0.71289;0.72266;0.73242;0.74219;0.75195;0.76172;0.77148;0.78125;0.79102,0.009153536;0.019631104;0.019236864000000003;0.014522368;0.01296896;0.01849344;0.098675712;0.194451456;0.24288460799999997;0.17561395200000002;0.138592256;0.087670784;0.046631936;0.013545472;0.006756352;0.004573184;0.004514816;0.00695296;0.005641216;0.004810752;0.007851008;0.005646336;0.005700608;0.00484352;0.0036270079999999997;0.0029952000000000004;0.0017858560000000002;0.00134656;0.002070528;0.003007488;0.0030525440000000004;0.0031539199999999997;0.002123776;0.001905664;0.001746944;0.001938432;0.0015206400000000002;0.001666048;0.002231296;0.0017356799999999999;0.001164288;0.00103936;0.00107008;0.000953344;0.000827392;0.0013783040000000001;0.001426432;0.001273856;0.0009615359999999999;0.001086464;0.0012247039999999999;0.0007372800000000001;0.0007106559999999999;0.000580608;0.000521216;0.000781312;0.000966656;0.000649216;0.0005980159999999999;0.00075776;0.00070656;0.0006830079999999999;0.0006144;0.000429056;0.000484352;0.00051712;0.000412672;0.000621568;0.000909312;0.000864256;0.000816128;0.0007280640000000001;0.000984064;0.001152;0.001312768;0.00119296;0.000999424;0.001283072;0.0024145919999999997
1777863600,hdr,0.0293;0.03906;0.04883;0.05859;0.06836;0.07813;0.08789;0.09766;0.10742;0.11719;0.12695;0.13672;0.14648;0.15625;0.16602;0.17578;0.18555;0.19531;0.20508;0.21484;0.22461;0.23438;0.24414;0.25391;0.26367;0.27344;0.2832;0.29297;0.30273;0.3125;0.32227;0.33203;0.3418;0.35156;0.36133;0.37109;0.38086;0.39063;0.40039;0.41016;0.41992;0.42969;0.43945;0.44922;0.45898;0.46875;0.47852;0.48828;0.49805;0.50781;0.51758;0.52734;0.53711;0.54688;0.55664;0.56641;0.57617;0.58594;0.5957;0.60547;0.61523;0.625;0.63477;0.64453;0.6543;0.66406;0.67383;0.68359;0.69336;0.70313;0.71289;0.72266;0.73242;0.74219;0.75195;0.76172;0.77148;0.78125;0.79102,0.0031569919999999995;0.007348224;0.01107968;0.022940672;0.027815936000000003;0.0267008;0.061010944000000004;0.102176768;0.17392128;0.1452032;0.105776128;0.07708057599999998;0.029778943999999998;0.011620352;0.009039872000000001;0.005057536;0.003191808;0.006158336;0.006437888;0.005640192;0.0047564799999999996;0.0038819839999999998;0.003488768;0.0022476799999999997;0.00241152;0.0020121600000000003;0.00162816;0.0046868479999999995;0.003720192;0.002564096;0.003525632;0.00392192;0.003765248;0.002453504;0.0029163519999999997;0.0028344320000000004;0.0029460479999999997;0.001850368;0.00200704;0.002092032;0.001931264;0.0011755519999999998;0.001214464;0.001811456;0.00144896;0.001523712;0.001744896;0.001209344;0.0012185600000000003;0.0011786239999999999;0.000963584;0.000653312;0.001166336;0.0011356159999999999;0.000758784;0.0010291200000000001;0.001062912;0.00080384;0.00076288;0.0007096320000000001;0.0005754880000000001;0.00044646400000000004;0.00047001599999999997;0.0005642239999999999;0.0006000640000000001;0.00046080000000000003;0.00054272;0.000750592;0.00067072;0.00067584;0.000694272;0.000720896;0.000760832;0.0007413760000000001;0.0012441599999999998;0.001243136;0.0009697280000000001;0.0011284479999999998;0.001637376
1777864500,hdr,0.0293;0.03906;0.04883;0.05859;0.06836;0.07813;0.08789;0.09766;0.10742;0.11719;0.12695;0.13672;0.14648;0.15625;0.16602;0.17578;0.18555;0.19531;0.20508;0.21484;0.22461;0.23438;0.24414;0.25391;0.26367;0.27344;0.2832;0.29297;0.30273;0.3125;0.32227;0.33203;0.3418;0.35156;0.36133;0.37109;0.38086;0.39063;0.40039;0.41016;0.41992;0.42969;0.43945;0.44922;0.45898;0.46875;0.47852;0.48828;0.49805;0.50781;0.51758;0.52734;0.53711;0.54688;0.55664;0.56641;0.57617;0.58594;0.5957;0.60547;0.61523;0.625;0.63477;0.64453;0.6543;0.66406;0.67383;0.68359;0.69336;0.70313;0.71289;0.72266;0.73242;0.74219;0.75195;0.76172;0.77148;0.78125;0.79102,0.00732672;0.020164608;0.027938815999999998;0.017598464;0.018907136;0.023563264;0.049784832;0.124414976;0.23097958400000002;0.194777088;0.14565376000000002;0.089298944;0.025212928;0.009505791999999999;0.005547008;0.005107712;0.005475328000000001;0.005148672000000001;0.004442112;0.0043827200000000005;0.006829056;0.004944896;0.003237888;0.004096;0.00594944;0.00523264;0.0038420480000000003;0.004175872000000001;0.005083135999999999;0.00656896;0.006207488;0.003414016;0.00194048;0.0017807360000000002;0.001849344;0.002571264;0.001537024;0.0018012159999999998;0.0022732800000000004;0.00289792;0.0020224;0.000888832;0.000745472;0.001548288;0.0017356799999999999;0.0014110720000000002;0.0007116799999999999;0.000919552;0.001289216;0.0012369920000000001;0.0013506560000000002;0.001420288;0.0007495679999999999;0.00097792;0.0008488959999999999;0.000941056;0.0009287680000000001;0.00082944;0.000569344;0.0005867520000000001;0.0007976959999999999;0.000613376;0.0005304320000000001;0.000516096;0.000770048;0.000638976;0.0006502400000000001;0.00050688;0.00047104000000000004;0.000510976;0.000529408;0.0007014399999999999;0.000647168;0.0005857280000000001;0.000666624;0.000807936;0.0008355839999999999;0.0007946240000000001;0.0011243520000000001
1777865400,hdr,0.0293;0.03906;0.04883;0.05859;0.06836;0.07813;0.08789;0.09766;0.10742;0.11719;0.12695;0.13672;0.14648;0.15625;0.16602;0.17578;0.18555;0.19531;0.20508;0.21484;0.22461;0.23438;0.24414;0.25391;0.26367;0.27344;0.2832;0.29297;0.30273;0.3125;0.32227;0.33203;0.3418;0.35156;0.36133;0.37109;0.38086;0.39063;0.40039;0.41016;0.41992;0.42969;0.43945;0.44922;0.45898;0.46875;0.47852;0.48828;0.49805;0.50781;0.51758;0.52734;0.53711;0.54688;0.55664;0.56641;0.57617;0.58594;0.5957;0.60547;0.61523;0.625;0.63477;0.64453;0.6543;0.66406;0.67383;0.68359;0.69336;0.70313;0.71289;0.72266;0.73242;0.74219;0.75195;0.76172;0.77148;0.78125;0.79102,0.008808448;0.015752192;0.017893376;0.020888576000000002;0.030066687999999998;0.016304127999999998;0.03347456;0.10122342399999999;0.134959104;0.146806784;0.096222208;0.070694912;0.031604736;0.016173055999999998;0.007902207999999999;0.0044031999999999995;0.004630528;0.005738495999999999;0.00413696;0.0060385280000000005;0.006306816000000001;0.005178367999999999;0.00452096;0.003751936;0.003319808;0.002378752;0.00193024;0.001961984;0.003678208;0.0030525440000000004;0.002006016;0.0027013120000000004;0.0018800639999999999;0.0015984640000000002;0.00193024;0.00150016;0.00188928;0.0012462080000000002;0.001275904;0.001452032;0.001384448;0.0012871680000000002;0.00105472;0.000910336;0.0008386559999999999;0.000978944;0.0009287680000000001;0.001181696;0.0007557120000000001;0.000748544;0.000688128;0.0005683200000000001;0.0005642239999999999;0.000611328;0.000719872;0.000754688;0.0005376000000000001;0.0006840319999999999;0.0005918719999999999;0.00046080000000000003;0.000371712;0.000611328;0.00079872;0.000720896;0.0005560319999999999;0.000632832;0.000679936;0.0008192000000000001;0.001217536;0.001225728;0.0010803199999999998;0.0017930239999999998;0.001540096;0.00169984;0.001973248;0.0018810880000000002;0.002509824;0.002850816;0.00115712
1777866300,hdr,0.0293;0.03906;0.04883;0.05859;0.06836;0.07813;0.08789;0.09766;0.10742;0.11719;0.12695;0.13672;0.14648;0.15625;0.16602;0.17578;0.18555;0.19531;0.20508;0.21484;0.22461;0.23438;0.24414;0.25391;0.26367;0.27344;0.2832;0.29297;0.30273;0.3125;0.32227;0.33203;0.3418;0.35156;0.36133;0.37109;0.38086;0.39063;0.40039;0.41016;0.41992;0.42969;0.43945;0.44922;0.45898;0.46875;0.47852;0.48828;0.49805;0.50781;0.51758;0.52734;0.53711;0.54688;0.55664;0.56641;0.57617;0.58594;0.5957;0.60547;0.61523;0.625;0.63477;0.64453;0.6543;0.66406;0.67383;0.68359;0.69336;0.70313;0.71289;0.72266;0.73242;0.74219;0.75195;0.76172;0.77148;0.78125;0.79102,0.008715263999999999;0.01052672;0.011422719999999999;0.023583744;0.036969472;0.024776703999999997;0.071179264;0.11431424000000001;0.141623296;0.13494886399999997;0.11995647999999999;0.099721216;0.062639104;0.027310079999999997;0.012243968000000001;0.006557696;0.007340032;0.004944896;0.005112832;0.0056975360000000004;0.007273472;0.006879232;0.0057794560000000005;0.003877888;0.002787328;0.004078592000000001;0.0044544;0.003996672;0.002968576;0.0030750720000000003;0.0024852480000000002;0.003521536;0.002497536;0.00198656;0.001941504;0.001746944;0.00136192;0.0013117439999999999;0.0014991359999999999;0.001649664;0.0012288;0.000791552;0.0014499839999999999;0.001358848;0.0008212479999999999;0.0006676480000000001;0.0009256959999999999;0.000978944;0.0009318400000000001;0.000951296;0.0006819840000000001;0.000654336;0.001125376;0.000492544;0.000375808;0.000579584;0.000679936;0.000955392;0.001149952;0.001052672;0.00099328;0.0005642239999999999;0.001132544;0.0013475839999999998;0.0023265280000000004;0.0017930239999999998;0.0015953919999999997;0.001741824;0.00222208;0.001980416;0.001261568;0.0025671680000000003;0.002378752;0.002028544;0.0025364479999999997;0.002603008;0.002169856;0.002188288;0.00237568
1777867200,hdr,0.0293;0.03906;0.04883;0.05859;0.06836;0.07813;0.08789;0.09766;0.10742;0.11719;0.12695;0.13672;0.14648;0.15625;0.16602;0.17578;0.18555;0.19531;0.20508;0.21484;0.22461;0.23438;0.24414;0.25391;0.26367;0.27344;0.2832;0.29297;0.30273;0.3125;0.32227;0.33203;0.3418;0.35156;0.36133;0.37109;0.38086;0.39063;0.40039;0.41016;0.41992;0.42969;0.43945;0.44922;0.45898;0.46875;0.47852;0.48828;0.49805;0.50781;0.51758;0.52734;0.53711;0.54688;0.55664;0.56641;0.57617;0.58594;0.5957;0.60547;0.61523;0.625;0.63477;0.64453;0.6543;0.66406;0.67383;0.68359;0.69336;0.70313;0.71289;0.72266;0.73242;0.74219;0.75195;0.76172;0.77148;0.78125;0.79102,0.00452608;0.006470656;0.003634176;0.012410880000000001;0.02569216;0.01398272;0.056609792;0.158903296;0.211549184;0.11980595200000001;0.069303296;0.054151168;0.040141824;0.020415488000000002;0.007339008;0.004356095999999999;0.0052592640000000005;0.005809152;0.006330368;0.009116672;0.009784319999999999;0.009426944000000001;0.0064348159999999995;0.006580224;0.0046592;0.003378176;0.005430272000000001;0.0048486399999999995;0.003411968;0.002997248;0.002130944;0.002228224;0.00289792;0.0027648;0.00230912;0.002072576;0.0014581759999999998;0.001563648;0.001455104;0.002008064;0.001517568;0.001542144;0.00128;0.000953344;0.0009216000000000001;0.0011212799999999999;0.0009523200000000001;0.00123904;0.001210368;0.0008212479999999999;0.000937984;0.00048742400000000003;0.0005232639999999998;0.00072704;0.001122304;0.0008704;0.000877568;0.0006952960000000001;0.00103936;0.0009472;0.00134656;0.0015534079999999998;0.001284096;0.001876992;0.003054592;0.0024309759999999996;0.001963008;0.001874944;0.003542016;0.002972672;0.003439616;0.002622464;0.0021903359999999998;0.0020101119999999997;0.001134592;0.0018257920000000001;0.0022702079999999997;0.002172928;0.00146944
1777868100,hdr,0.0293;0.03906;0.04883;0.05859;0.06836;0.07813;0.08789;0.09766;0.10742;0.11719;0.12695;0.13672;0.14648;0.15625;0.16602;0.17578;0.18555;0.19531;0.20508;0.21484;0.22461;0.23438;0.24414;0.25391;0.26367;0.27344;0.2832;0.29297;0.30273;0.3125;0.32227;0.33203;0.3418;0.35156;0.36133;0.37109;0.38086;0.39063;0.40039;0.41016;0.41992;0.42969;0.43945;0.44922;0.45898;0.46875;0.47852;0.48828;0.49805;0.50781;0.51758;0.52734;0.53711;0.54688;0.55664;0.56641;0.57617;0.58594;0.5957;0.60547;0.61523;0.625;0.63477;0.64453;0.6543;0.66406;0.67383;0.68359;0.69336;0.70313;0.71289;0.72266;0.73242;0.74219;0.75195;0.76172;0.77148;0.78125;0.79102,0.004321279999999999;0.005764096000000001;0.006351872000000001;0.01236992;0.022602752;0.013666304;0.054764544;0.1534976;0.096523264;0.124960768;0.1067264;0.045988864000000004;0.028937216;0.016471039999999996;0.010135551999999999;0.005292032;0.005985280000000001;0.006341632;0.006554624;0.004127744;0.004799488;0.004837376;0.0043407359999999996;0.004483072;0.003612672;0.003456;0.003472384;0.004349952;0.004174848;0.003165184;0.0026419199999999994;0.002328576;0.0022978559999999996;0.002322432;0.001593344;0.0015738879999999998;0.0014561280000000001;0.0012400640000000001;0.001353728;0.0013987840000000001;0.00093696;0.000779264;0.000770048;0.000939008;0.0009758719999999999;0.00082432;0.0008212479999999999;0.000843776;0.000754688;0.000966656;0.001026048;0.0009287680000000001;0.00080384;0.00097792;0.001137664;0.001250304;0.001229824;0.001292288;0.001534976;0.0012359679999999998;0.002086912;0.002619392;0.0022568959999999996;0.0021606399999999997;0.004015104;0.005751808;0.00370176;0.001959936;0.0020357120000000003;0.002627584;0.003149824;0.002251776;0.002096128;0.002811904;0.00203264;0.001759232;0.001517568;0.001461248;0.001461248
1777869000,hdr,0.0293;0.03906;0.04883;0.05859;0.06836;0.07813;0.08789;0.09766;0.10742;0.11719;0.12695;0.13672;0.14648;0.15625;0.16602;0.17578;0.18555;0.19531;0.20508;0.21484;0.22461;0.23438;0.24414;0.25391;0.26367;0.27344;0.2832;0.29297;0.30273;0.3125;0.32227;0.33203;0.3418;0.35156;0.36133;0.37109;0.38086;0.39063;0.40039;0.41016;0.41992;0.42969;0.43945;0.44922;0.45898;0.46875;0.47852;0.48828;0.49805;0.50781;0.51758;0.52734;0.53711;0.54688;0.55664;0.56641;0.57617;0.58594;0.5957;0.60547;0.61523;0.625;0.63477;0.64453;0.6543;0.66406;0.67383;0.68359;0.69336;0.70313;0.71289;0.72266;0.73242;0.74219;0.75195;0.76172;0.77148;0.78125;0.79102,0.002811904;0.012804096;0.016001024000000003;0.010693632;0.017721343999999997;0.027534336;0.056459263999999995;0.078251008;0.122840064;0.156604416;0.16711167999999998;0.10346598400000001;0.032253951999999995;0.019871744;0.014142464;0.008604672;0.004952064;0.003070976;0.005450752;0.0069427199999999994;0.004015104;0.004895744;0.005147648;0.0051650559999999995;0.0039546880000000005;0.003980288;0.003492864;0.00405504;0.00491008;0.004038656;0.003729408;0.002180096;0.0018524160000000002;0.00193536;0.001385472;0.0014592000000000001;0.0025200640000000002;0.0022640639999999997;0.001586176;0.0013342719999999998;0.0017039359999999999;0.001281024;0.0011601919999999998;0.001174528;0.0006604799999999999;0.000873472;0.001349632;0.001212416;0.0012554240000000002;0.0011407359999999998;0.00083968;0.000809984;0.0010250239999999998;0.001031168;0.00117248;0.001861632;0.0015063040000000002;0.0015267839999999998;0.0018841600000000002;0.001820672;0.0028897280000000003;0.0027514880000000003;0.003572736;0.0035942400000000003;0.004373504;0.004961280000000001;0.003224576;0.003315712;0.0033791999999999997;0.002945024;0.002558976;0.0030976;0.003908608;0.0030668799999999997;0.002110464;0.002451456;0.0024494079999999997;0.0013824;0.001436672
1777869900,hdr,0.0293;0.03906;0.04883;0.05859;0.06836;0.07813;0.08789;0.09766;0.10742;0.11719;0.12695;0.13672;0.14648;0.15625;0.16602;0.17578;0.18555;0.19531;0.20508;0.21484;0.22461;0.23438;0.24414;0.25391;0.26367;0.27344;0.2832;0.29297;0.30273;0.3125;0.32227;0.33203;0.3418;0.35156;0.36133;0.37109;0.38086;0.39063;0.40039;0.41016;0.41992;0.42969;0.43945;0.44922;0.45898;0.46875;0.47852;0.48828;0.49805;0.50781;0.51758;0.52734;0.53711;0.54688;0.55664;0.56641;0.57617;0.58594;0.5957;0.60547;0.61523;0.625;0.63477;0.64453;0.6543;0.66406;0.67383;0.68359;0.69336;0.70313;0.71289;0.72266;0.73242;0.74219;0.75195;0.76172;0.77148;0.78125;0.79102,0.003369984;0.0046745599999999995;0.0024104960000000003;0.010949631999999999;0.025197568;0.015469568000000001;0.050188288;0.145186816;0.152726528;0.162804736;0.15461888000000001;0.108849152;0.055192576;0.023581696;0.009993216000000001;0.006478848;0.00523264;0.0066211840000000004;0.005144576;0.004364288000000001;0.006411264;0.008069119999999999;0.005898240000000001;0.004605952;0.0040243200000000005;0.0038860800000000005;0.0026787839999999996;0.0025364479999999997;0.002864128;0.001650688;0.002443264;0.002427904;0.002044928;0.0023347199999999998;0.0023111679999999997;0.0018595839999999998;0.001457152;0.001429504;0.002142208;0.0017326079999999998;0.0012523519999999998;0.001349632;0.001174528;0.0011489279999999998;0.000995328;0.001125376;0.000786432;0.000900096;0.000923648;0.000772096;0.0007075839999999999;0.000771072;0.001134592;0.001209344;0.001294336;0.00118784;0.00099328;0.0020930559999999994;0.003162112;0.0028344320000000004;0.002231296;0.002092032;0.003364864;0.00375808;0.003171328;0.004755456;0.002673664;0.002176;0.00336896;0.00253952;0.002070528;0.002625536;0.002382848;0.003065856;0.0035696639999999997;0.0024811519999999995;0.001601536;0.0018012159999999998;0.0015103999999999999
1777870800,hdr,0.0293;0.03906;0.04883;0.05859;0.06836;0.07813;0.08789;0.09766;0.10742;0.11719;0.12695;0.13672;0.14648;0.15625;0.16602;0.17578;0.18555;0.19531;0.20508;0.21484;0.22461;0.23438;0.24414;0.25391;0.26367;0.27344;0.2832;0.29297;0.30273;0.3125;0.32227;0.33203;0.3418;0.35156;0.36133;0.37109;0.38086;0.39063;0.40039;0.41016;0.41992;0.42969;0.43945;0.44922;0.45898;0.46875;0.47852;0.48828;0.49805;0.50781;0.51758;0.52734;0.53711;0.54688;0.55664;0.56641;0.57617;0.58594;0.5957;0.60547;0.61523;0.625;0.63477;0.64453;0.6543;0.66406;0.67383;0.68359;0.69336;0.70313;0.71289;0.72266;0.73242;0.74219;0.75195;0.76172;0.77148;0.78125;0.79102,0.008756224;0.030442496;0.032311295999999996;0.014972928;0.028242944000000002;0.028172288;0.077843456;0.09987481599999999;0.093942784;0.118148096;0.065718272;0.054525951999999996;0.04076543999999999;0.016940032;0.004942848;0.005864448;0.008183808;0.0055111679999999994;0.005924864;0.0071464960000000004;0.007097344;0.006151168;0.003796992;0.003516416;0.003099648;0.004493312000000001;0.0041164800000000005;0.0038174719999999997;0.0031774719999999998;0.0026644480000000003;0.0030289920000000003;0.003069952;0.0027904;0.001989632;0.0020572159999999997;0.002468864;0.0019476480000000002;0.001989632;0.0013680639999999998;0.00077312;0.0009441279999999999;0.00103424;0.000802816;0.00089088;0.000805888;0.000637952;0.0006144;0.000933888;0.0010608640000000001;0.000986112;0.000748544;0.00043724800000000005;0.000551936;0.0009021439999999999;0.001212416;0.001002496;0.000717824;0.001103872;0.0015165439999999999;0.001999872;0.0019476480000000002;0.00149504;0.00275456;0.003282944;0.004146176;0.004979712000000001;0.004371456;0.0037662719999999998;0.004234239999999999;0.004924416;0.003900416;0.0025374720000000003;0.003187712;0.002896896;0.002890752;0.002123776;0.0029009920000000002;0.0028600319999999998;0.00135168
1777871700,hdr,0.0293;0.03906;0.04883;0.05859;0.06836;0.07813;0.08789;0.09766;0.10742;0.11719;0.12695;0.13672;0.14648;0.15625;0.16602;0.17578;0.18555;0.19531;0.20508;0.21484;0.22461;0.23438;0.24414;0.25391;0.26367;0.27344;0.2832;0.29297;0.30273;0.3125;0.32227;0.33203;0.3418;0.35156;0.36133;0.37109;0.38086;0.39063;0.40039;0.41016;0.41992;0.42969;0.43945;0.44922;0.45898;0.46875;0.47852;0.48828;0.49805;0.50781;0.51758;0.52734;0.53711;0.54688;0.55664;0.56641;0.57617;0.58594;0.5957;0.60547;0.61523;0.625;0.63477;0.64453;0.6543;0.66406;0.67383;0.68359;0.69336;0.70313;0.71289;0.72266;0.73242;0.74219;0.75195;0.76172;0.77148;0.78125;0.79102,0.002635776;0.014020608;0.013316096;0.034018304000000006;0.056264704000000006;0.051260415999999996;0.062788608;0.106283008;0.142144512;0.17114112;0.13231104;0.08003584;0.024952832;0.017446912000000002;0.007954431999999999;0.008665088000000001;0.007819264;0.006250496;0.0073728000000000005;0.00719872;0.006529024;0.006368255999999999;0.004399104;0.004416512;0.003953664;0.003473408;0.0033925120000000003;0.002886656;0.003753984;0.0035327999999999996;0.0028927999999999996;0.002935808;0.002650112;0.002142208;0.0036024319999999996;0.002879488;0.001523712;0.00143872;0.0015114240000000001;0.0026060799999999998;0.0024463360000000003;0.002547712;0.001431552;0.0014735360000000001;0.001055744;0.0009615359999999999;0.0011243520000000001;0.001636352;0.0010178560000000001;0.000879616;0.000518144;0.00074752;0.001006592;0.00118784;0.0010762240000000002;0.00101376;0.001159168;0.0013312;0.0017602560000000002;0.0021299199999999996;0.0019435519999999999;0.00172544;0.003439616;0.005305344;0.005733376;0.006248447999999999;0.00615424;0.006547456;0.005924864;0.004840448000000001;0.003960832;0.003663872;0.0038338559999999996;0.003851264;0.002729984;0.001978368;0.001650688;0.0025405440000000005;0.0025456639999999996
1777872600,hdr,0.0293;0.03906;0.04883;0.05859;0.06836;0.07813;0.08789;0.09766;0.10742;0.11719;0.12695;0.13672;0.14648;0.15625;0.16602;0.17578;0.18555;0.19531;0.20508;0.21484;0.22461;0.23438;0.24414;0.25391;0.26367;0.27344;0.2832;0.29297;0.30273;0.3125;0.32227;0.33203;0.3418;0.35156;0.36133;0.37109;0.38086;0.39063;0.40039;0.41016;0.41992;0.42969;0.43945;0.44922;0.45898;0.46875;0.47852;0.48828;0.49805;0.50781;0.51758;0.52734;0.53711;0.54688;0.55664;0.56641;0.57617;0.58594;0.5957;0.60547;0.61523;0.625;0.63477;0.64453;0.6543;0.66406;0.67383;0.68359;0.69336;0.70313;0.71289;0.72266;0.73242;0.74219;0.75195;0.76172;0.77148;0.78125;0.79102,0.005318656;0.015212544;0.012529664000000001;0.0230912;0.059200512000000004;0.032340992;0.072957952;0.14034739200000002;0.110567424;0.10864127999999999;0.102915072;0.087670784;0.042679296000000005;0.01256448;0.009699328;0.006073344;0.003902464;0.005607424;0.006248447999999999;0.006151168;0.0073082880000000005;0.005469184;0.007209984;0.005061632000000001;0.00474112;0.00442368;0.0029982719999999997;0.002993152;0.002523136;0.003150848;0.003308544;0.00232448;0.003378176;0.004027391999999999;0.00232448;0.002234368;0.0017663999999999998;0.001296384;0.00105472;0.002127872;0.002902016;0.0027842559999999997;0.001682432;0.0018135039999999999;0.0015063040000000002;0.001381376;0.0007772160000000001;0.000945152;0.0010813440000000001;0.000635904;0.0008222720000000001;0.001062912;0.0012052480000000001;0.0008867839999999999;0.000761856;0.00092672;0.001222656;0.0011243520000000001;0.0017858560000000002;0.001941504;0.001734656;0.002742272;0.00252416;0.0030197759999999996;0.0024872960000000004;0.001845248;0.0023592960000000003;0.0040345599999999995;0.00327168;0.002180096;0.002494464;0.003004416;0.001856512;0.0020172799999999998;0.001496064;0.001412096;0.001758208;0.002214912;0.0018257920000000001
1777873500,hdr,0.0293;0.03906;0.04883;0.05859;0.06836;0.07813;0.08789;0.09766;0.10742;0.11719;0.12695;0.13672;0.14648;0.15625;0.16602;0.17578;0.18555;0.19531;0.20508;0.21484;0.22461;0.23438;0.24414;0.25391;0.26367;0.27344;0.2832;0.29297;0.30273;0.3125;0.32227;0.33203;0.3418;0.35156;0.36133;0.37109;0.38086;0.39063;0.40039;0.41016;0.41992;0.42969;0.43945;0.44922;0.45898;0.46875;0.47852;0.48828;0.49805;0.50781;0.51758;0.52734;0.53711;0.54688;0.55664;0.56641;0.57617;0.58594;0.5957;0.60547;0.61523;0.625;0.63477;0.64453;0.6543;0.66406;0.67383;0.68359;0.69336;0.70313;0.71289;0.72266;0.73242;0.74219;0.75195;0.76172;0.77148;0.78125;0.79102,0.013472768;0.020303872;0.014593024;0.022409216;0.046665728000000004;0.04653568;0.08707174399999999;0.11310796799999999;0.20191846400000002;0.147948544;0.12599808;0.111881216;0.052028415999999994;0.028633088;0.018305024;0.009346048;0.007053312;0.0054016;0.006931456;0.00517632;0.005961728;0.004764671999999999;0.005112832;0.006005760000000001;0.006069247999999999;0.008676351999999998;0.005740544;0.003154944;0.003136512;0.0056002560000000005;0.003749888;0.0046970879999999994;0.005567488000000001;0.0035348480000000006;0.00247808;0.002705408;0.001826816;0.001626112;0.0015206400000000002;0.001521664;0.001307648;0.0014858240000000002;0.0017674240000000003;0.0018841600000000002;0.0015656959999999999;0.0012032;0.0014827520000000002;0.0012072959999999998;0.001736704;0.00126976;0.001692672;0.001307648;0.001186816;0.000801792;0.00062464;0.000704512;0.0007495679999999999;0.000852992;0.0010608640000000001;0.001298432;0.001593344;0.0024791039999999998;0.0032501760000000005;0.003203072;0.004081664;0.004168704;0.002573312;0.002961408;0.002874368;0.003518464;0.00341504;0.002587648;0.0037724160000000002;0.003067904;0.0035276800000000005;0.004100095999999999;0.003708928;0.0032942079999999994;0.002910208
1777874400,hdr,0.0293;0.03906;0.04883;0.05859;0.06836;0.07813;0.08789;0.09766;0.10742;0.11719;0.12695;0.13672;0.14648;0.15625;0.16602;0.17578;0.18555;0.19531;0.20508;0.21484;0.22461;0.23438;0.24414;0.25391;0.26367;0.27344;0.2832;0.29297;0.30273;0.3125;0.32227;0.33203;0.3418;0.35156;0.36133;0.37109;0.38086;0.39063;0.40039;0.41016;0.41992;0.42969;0.43945;0.44922;0.45898;0.46875;0.47852;0.48828;0.49805;0.50781;0.51758;0.52734;0.53711;0.54688;0.55664;0.56641;0.57617;0.58594;0.5957;0.60547;0.61523;0.625;0.63477;0.64453;0.6543;0.66406;0.67383;0.68359;0.69336;0.70313;0.71289;0.72266;0.73242;0.74219;0.75195;0.76172;0.77148;0.78125;0.79102,0.009688064;0.015268864000000002;0.011076608;0.015831039999999998;0.03288575999999999;0.025404416000000003;0.086982656;0.15775744;0.10852556800000002;0.104572928;0.09836339200000001;0.11657216000000001;0.07730073600000001;0.022329343999999997;0.008252416;0.009019392;0.006986752000000001;0.008230912;0.006728703999999999;0.004890624;0.003894272;0.004054016;0.003741696;0.003703808;0.0035010560000000002;0.0036280320000000002;0.004175872000000001;0.005436416;0.004601856;0.0034242560000000005;0.0042956800000000005;0.0037222400000000004;0.002972672;0.002547712;0.001692672;0.0017674240000000003;0.0033351680000000003;0.0036843519999999997;0.0022947840000000002;0.002832384;0.0025344;0.001206272;0.001282048;0.001152;0.0011427840000000002;0.001318912;0.001103872;0.0011755519999999998;0.0010680320000000002;0.000785408;0.001253376;0.0008345599999999999;0.0008867839999999999;0.000704512;0.000950272;0.001353728;0.001238016;0.001564672;0.000898048;0.000894976;0.001359872;0.001043456;0.001102848;0.0020930559999999994;0.002530304;0.001645568;0.0018636800000000002;0.002528256;0.0023203839999999996;0.0016773119999999998;0.001973248;0.002161664;0.002115584;0.001975296;0.002656256;0.003182592;0.003055616;0.003149824;0.0033382399999999997
1777875300,hdr,0.0293;0.03906;0.04883;0.05859;0.06836;0.07813;0.08789;0.09766;0.10742;0.11719;0.12695;0.13672;0.14648;0.15625;0.16602;0.17578;0.18555;0.19531;0.20508;0.21484;0.22461;0.23438;0.24414;0.25391;0.26367;0.27344;0.2832;0.29297;0.30273;0.3125;0.32227;0.33203;0.3418;0.35156;0.36133;0.37109;0.38086;0.39063;0.40039;0.41016;0.41992;0.42969;0.43945;0.44922;0.45898;0.46875;0.47852;0.48828;0.49805;0.50781;0.51758;0.52734;0.53711;0.54688;0.55664;0.56641;0.57617;0.58594;0.5957;0.60547;0.61523;0.625;0.63477;0.64453;0.6543;0.66406;0.67383;0.68359;0.69336;0.70313;0.71289;0.72266;0.73242;0.74219;0.75195;0.76172;0.77148;0.78125;0.79102,0.008486912000000001;0.024514559999999998;0.032310271999999994;0.017272832000000002;0.030661632;0.035237888;0.07457792;0.141750272;0.15003238400000002;0.17721241599999998;0.13838438400000003;0.08584908799999999;0.058652672;0.031901696;0.019397632;0.009207808000000001;0.006233088;0.007560192;0.007351295999999999;0.0054272;0.004022272;0.004089856;0.002753536;0.0032348159999999997;0.0029593600000000003;0.0020029439999999996;0.0036505599999999997;0.005675008;0.004211712;0.002737152;0.002981888;0.00262656;0.002716672;0.0024709120000000005;0.0024012799999999996;0.002341888;0.002127872;0.00242176;0.001615872;0.001708032;0.001304576;0.000888832;0.00103424;0.0009748480000000001;0.001248256;0.001472512;0.001750016;0.001754112;0.000982016;0.0007393279999999999;0.0006000640000000001;0.0009615359999999999;0.001061888;0.0007772160000000001;0.000984064;0.0010936319999999998;0.0011120639999999998;0.00122368;0.001619968;0.001685504;0.0020244480000000003;0.001647616;0.001634304;0.001580032;0.0006789119999999999;0.000888832;0.0015411200000000002;0.002045952;0.002348032;0.0026296320000000002;0.0023111679999999997;0.0021370879999999997;0.003032064;0.00329728;0.002146304;0.002729984;0.003375104;0.0023511039999999997;0.0022947840000000002
1777876200,hdr,0.0293;0.03906;0.04883;0.05859;0.06836;0.07813;0.08789;0.09766;0.10742;0.11719;0.12695;0.13672;0.14648;0.15625;0.16602;0.17578;0.18555;0.19531;0.20508;0.21484;0.22461;0.23438;0.24414;0.25391;0.26367;0.27344;0.2832;0.29297;0.30273;0.3125;0.32227;0.33203;0.3418;0.35156;0.36133;0.37109;0.38086;0.39063;0.40039;0.41016;0.41992;0.42969;0.43945;0.44922;0.45898;0.46875;0.47852;0.48828;0.49805;0.50781;0.51758;0.52734;0.53711;0.54688;0.55664;0.56641;0.57617;0.58594;0.5957;0.60547;0.61523;0.625;0.63477;0.64453;0.6543;0.66406;0.67383;0.68359;0.69336;0.70313;0.71289;0.72266;0.73242;0.74219;0.75195;0.76172;0.77148;0.78125;0.79102,0.003274752;0.005967871999999999;0.009593856;0.01462784;0.042645504;0.02817536;0.0631552;0.125522944;0.145273856;0.12440063999999999;0.08414822400000001;0.062162944000000005;0.09370624;0.046400512000000005;0.0111616;0.006872064000000001;0.007747584;0.009469951999999998;0.007826432;0.007701504;0.005016576;0.003373056;0.003692544;0.004366336;0.004072447999999999;0.004414464;0.0047339520000000005;0.004729856;0.004819968;0.0021207039999999997;0.003515392;0.002802688;0.00302592;0.004868096000000001;0.002864128;0.001304576;0.001247232;0.001800192;0.001931264;0.001497088;0.002045952;0.0023019520000000003;0.0021268479999999998;0.0017530879999999999;0.0012544;0.001318912;0.001133568;0.001226752;0.0013547519999999999;0.000989184;0.000605184;0.001202176;0.0009482239999999999;0.00160256;0.001636352;0.0014336;0.000939008;0.0009625599999999999;0.001581056;0.0025415679999999997;0.002475008;0.001281024;0.0014592000000000001;0.001574912;0.001915904;0.004155392;0.00555008;0.002456576;0.002586624;0.0026449919999999997;0.003992576;0.0036321279999999997;0.0045475839999999995;0.006042624;0.00336896;0.002886656;0.003692544;0.002757632;0.0023388159999999996
1777877100,hdr,0.0293;0.03906;0.04883;0.05859;0.06836;0.07813;0.08789;0.09766;0.10742;0.11719;0.12695;0.13672;0.14648;0.15625;0.16602;0.17578;0.18555;0.19531;0.20508;0.21484;0.22461;0.23438;0.24414;0.25391;0.26367;0.27344;0.2832;0.29297;0.30273;0.3125;0.32227;0.33203;0.3418;0.35156;0.36133;0.37109;0.38086;0.39063;0.40039;0.41016;0.41992;0.42969;0.43945;0.44922;0.45898;0.46875;0.47852;0.48828;0.49805;0.50781;0.51758;0.52734;0.53711;0.54688;0.55664;0.56641;0.57617;0.58594;0.5957;0.60547;0.61523;0.625;0.63477;0.64453;0.6543;0.66406;0.67383;0.68359;0.69336;0.70313;0.71289;0.72266;0.73242;0.74219;0.75195;0.76172;0.77148;0.78125;0.79102,0.0008355839999999999;0.001932288;0.0049633279999999995;0.017819648;0.032539648000000004;0.026689536;0.08160768;0.09021747199999999;0.10633728000000002;0.10475519999999999;0.086014976;0.0676608;0.044042239999999996;0.025262080000000003;0.020724736;0.012971008;0.005665791999999999;0.0047615999999999995;0.010614784;0.009695232;0.008353791999999999;0.007257088000000001;0.003950592;0.00341504;0.004313088;0.004897792000000001;0.00462848;0.0042086400000000005;0.003023872;0.003926016;0.004153344;0.004620288;0.0035645440000000002;0.0030781439999999997;0.002241536;0.002566144;0.00314368;0.001936384;0.00216576;0.001512448;0.001422336;0.001301504;0.001323008;0.0013905920000000002;0.0009297919999999999;0.001055744;0.001348608;0.000927744;0.001106944;0.001558528;0.0015063040000000002;0.000927744;0.0012953600000000002;0.0012605440000000002;0.00136192;0.001529856;0.001651712;0.0015697920000000002;0.0030453760000000002;0.003308544;0.0043008000000000005;0.004251648;0.005061632000000001;0.00682496;0.00393728;0.00414208;0.005773312;0.006349824;0.006071296;0.006157312;0.00330752;0.00309248;0.00392704;0.004219903999999999;0.005384192;0.00671232;0.003366912;0.0024811519999999995;0.003058688
1777878000,hdr,0.0293;0.03906;0.04883;0.05859;0.06836;0.07813;0.08789;0.09766;0.10742;0.11719;0.12695;0.13672;0.14648;0.15625;0.16602;0.17578;0.18555;0.19531;0.20508;0.21484;0.22461;0.23438;0.24414;0.25391;0.26367;0.27344;0.2832;0.29297;0.30273;0.3125;0.32227;0.33203;0.3418;0.35156;0.36133;0.37109;0.38086;0.39063;0.40039;0.41016;0.41992;0.42969;0.43945;0.44922;0.45898;0.46875;0.47852;0.48828;0.49805;0.50781;0.51758;0.52734;0.53711;0.54688;0.55664;0.56641;0.57617;0.58594;0.5957;0.60547;0.61523;0.625;0.63477;0.64453;0.6543;0.66406;0.67383;0.68359;0.69336;0.70313;0.71289;0.72266;0.73242;0.74219;0.75195;0.76172;0.77148;0.78125;0.79102,0.0041216000000000004;0.008534016;0.009704448;0.009238528000000001;0.03521024;0.02477056;0.084467712;0.17026560000000002;0.221498368;0.125275136;0.070150144;0.08439910399999999;0.063010816;0.03482624;0.016354303999999997;0.009263104;0.007875584;0.0072857600000000005;0.007501824;0.007609344;0.007449600000000001;0.005440512;0.0060262399999999995;0.005599232;0.003365888;0.0027555839999999997;0.00331264;0.005456896000000001;0.006265856000000001;0.005219328;0.003668992;0.0032460799999999997;0.002563072;0.002020352;0.002445312;0.002096128;0.0024002560000000004;0.002101248;0.002601984;0.002277376;0.00160256;0.002045952;0.000858112;0.001014784;0.0014991359999999999;0.0011786239999999999;0.0014561280000000001;0.0019650559999999997;0.001798144;0.00134656;0.0012072959999999998;0.0025835520000000002;0.003483648;0.001688576;0.0015472639999999998;0.002757632;0.0036270079999999997;0.003130368;0.004847616;0.004199424;0.005348352;0.007323648;0.0049807359999999995;0.004447232;0.0042659840000000004;0.0033228800000000003;0.003542016;0.004668415999999999;0.0047615999999999995;0.0042752;0.005178367999999999;0.00431104;0.0034375680000000002;0.0026245120000000003;0.002486272;0.002308096;0.0027729919999999997;0.00283648;0.0027402240000000003
1777878900,hdr,0.0293;0.03906;0.04883;0.05859;0.06836;0.07813;0.08789;0.09766;0.10742;0.11719;0.12695;0.13672;0.14648;0.15625;0.16602;0.17578;0.18555;0.19531;0.20508;0.21484;0.22461;0.23438;0.24414;0.25391;0.26367;0.27344;0.2832;0.29297;0.30273;0.3125;0.32227;0.33203;0.3418;0.35156;0.36133;0.37109;0.38086;0.39063;0.40039;0.41016;0.41992;0.42969;0.43945;0.44922;0.45898;0.46875;0.47852;0.48828;0.49805;0.50781;0.51758;0.52734;0.53711;0.54688;0.55664;0.56641;0.57617;0.58594;0.5957;0.60547;0.61523;0.625;0.63477;0.64453;0.6543;0.66406;0.67383;0.68359;0.69336;0.70313;0.71289;0.72266;0.73242;0.74219;0.75195;0.76172;0.77148;0.78125;0.79102,0.0033423359999999996;0.01087488;0.007708672;0.019898368000000003;0.067116032;0.046517248;0.08412876799999999;0.184658944;0.151702528;0.12322303999999999;0.156818432;0.11293798399999999;0.048113664;0.042079231999999994;0.019273728;0.011291648000000001;0.006767616;0.009785344000000001;0.009112576;0.008531968000000001;0.009053183999999999;0.006335487999999999;0.0035829760000000003;0.006985728;0.007701504;0.006813696;0.006566912;0.008767487999999999;0.008999936;0.008081408;0.009023488000000001;0.005527552;0.002475008;0.003744768;0.004919296;0.004097024;0.003513344;0.0040519679999999995;0.004678656;0.003017728;0.001564672;0.001380352;0.001403904;0.0015185919999999998;0.001610752;0.001309696;0.001702912;0.002111488;0.001837056;0.002113536;0.0024883199999999996;0.002163712;0.0016384000000000001;0.0028149760000000003;0.002849792;0.003451904;0.0034109440000000004;0.003621888;0.003511296;0.003985408;0.003195904;0.003566592;0.005475328000000001;0.00380416;0.00268288;0.0024719359999999997;0.0030832639999999996;0.004289536;0.004246527999999999;0.002824192;0.0028436480000000003;0.004317184;0.004688896;0.0055552;0.004754432;0.003063808;0.0042885119999999995;0.003822592;0.001845248
1777879800,hdr,0.0293;0.03906;0.04883;0.05859;0.06836;0.07813;0.08789;0.09766;0.10742;0.11719;0.12695;0.13672;0.14648;0.15625;0.16602;0.17578;0.18555;0.19531;0.20508;0.21484;0.22461;0.23438;0.24414;0.25391;0.26367;0.27344;0.2832;0.29297;0.30273;0.3125;0.32227;0.33203;0.3418;0.35156;0.36133;0.37109;0.38086;0.39063;0.40039;0.41016;0.41992;0.42969;0.43945;0.44922;0.45898;0.46875;0.47852;0.48828;0.49805;0.50781;0.51758;0.52734;0.53711;0.54688;0.55664;0.56641;0.57617;0.58594;0.5957;0.60547;0.61523;0.625;0.63477;0.64453;0.6543;0.66406;0.67383;0.68359;0.69336;0.70313;0.71289;0.72266;0.73242;0.74219;0.75195;0.76172;0.77148;0.78125;0.79102,0.001618944;0.006221824;0.009001984000000001;0.00797696;0.019864576000000002;0.029422592;0.105034752;0.17325363200000002;0.201233408;0.19027148800000002;0.113053696;0.056465407999999995;0.046902272;0.028416;0.016919552;0.011341824;0.011198464;0.011218944000000002;0.009614336;0.013180928;0.010605568;0.005992448;0.005271552;0.007424;0.007028736;0.00570368;0.007757824000000001;0.007523328;0.010292223999999999;0.010642431999999999;0.008396800000000001;0.006447104;0.006235136;0.004167679999999999;0.00310784;0.003214336;0.00245248;0.0029409279999999998;0.002824192;0.002601984;0.002352128;0.00258048;0.0029409279999999998;0.002514944;0.003158016;0.0037048320000000004;0.0022937599999999997;0.003134464;0.0027156479999999998;0.001936384;0.001475584;0.0016916480000000002;0.002250752;0.001538048;0.002404352;0.003293184;0.0027791359999999998;0.0022640639999999997;0.002569216;0.0038379520000000004;0.004989951999999999;0.003966976;0.003161088;0.00312832;0.004262912000000001;0.004343808;0.003212288;0.0030361600000000004;0.002225152;0.002619392;0.002491392;0.0029061119999999998;0.0025036800000000003;0.001854464;0.0025210880000000003;0.001967104;0.0022538239999999998;0.001662976;0.0015769599999999999
1777880700,hdr,0.0293;0.03906;0.04883;0.05859;0.06836;0.07813;0.08789;0.09766;0.10742;0.11719;0.12695;0.13672;0.14648;0.15625;0.16602;0.17578;0.18555;0.19531;0.20508;0.21484;0.22461;0.23438;0.24414;0.25391;0.26367;0.27344;0.2832;0.29297;0.30273;0.3125;0.32227;0.33203;0.3418;0.35156;0.36133;0.37109;0.38086;0.39063;0.40039;0.41016;0.41992;0.42969;0.43945;0.44922;0.45898;0.46875;0.47852;0.48828;0.49805;0.50781;0.51758;0.52734;0.53711;0.54688;0.55664;0.56641;0.57617;0.58594;0.5957;0.60547;0.61523;0.625;0.63477;0.64453;0.6543;0.66406;0.67383;0.68359;0.69336;0.70313;0.71289;0.72266;0.73242;0.74219;0.75195;0.76172;0.77148;0.78125;0.79102,0.00011264;0.001905664;0.0063078399999999995;0.008594431999999999;0.021442560000000003;0.041568256;0.13142528;0.27120639999999996;0.249977856;0.16760012800000001;0.115049472;0.07395430399999998;0.043981824;0.022288384;0.014595072;0.009170944000000002;0.009885696;0.013899775999999999;0.010807296;0.009391104;0.00899584;0.010504191999999999;0.008889343999999999;0.005576704000000001;0.00633344;0.007332864;0.006023168;0.0060958720000000004;0.007389184;0.007122944000000001;0.008242176000000002;0.008493055999999999;0.007766016;0.005592063999999999;0.0029952000000000004;0.0022640639999999997;0.003654656;0.006724608;0.004496384;0.0037601279999999997;0.003119104;0.0015226880000000001;0.001490944;0.00336896;0.003460096;0.002011136;0.002700288;0.0037468159999999996;0.0026900479999999996;0.0014858240000000002;0.001405952;0.001678336;0.001796096;0.001406976;0.0020992000000000003;0.0014561280000000001;0.0023234560000000002;0.00274432;0.002476032;0.0031467520000000005;0.0054538239999999995;0.003913728;0.003510272;0.004061184;0.00306176;0.0023429120000000004;0.0023889920000000004;0.002651136;0.0027320319999999997;0.004127744;0.004271104;0.002161664;0.002215936;0.003707904;0.0028989440000000005;0.002817024;0.003477504;0.002859008;0.002791424
1777881600,hdr,0.0293;0.03906;0.04883;0.05859;0.06836;0.07813;0.08789;0.09766;0.10742;0.11719;0.12695;0.13672;0.14648;0.15625;0.16602;0.17578;0.18555;0.19531;0.20508;0.21484;0.22461;0.23438;0.24414;0.25391;0.26367;0.27344;0.2832;0.29297;0.30273;0.3125;0.32227;0.33203;0.3418;0.35156;0.36133;0.37109;0.38086;0.39063;0.40039;0.41016;0.41992;0.42969;0.43945;0.44922;0.45898;0.46875;0.47852;0.48828;0.49805;0.50781;0.51758;0.52734;0.53711;0.54688;0.55664;0.56641;0.57617;0.58594;0.5957;0.60547;0.61523;0.625;0.63477;0.64453;0.6543;0.66406;0.67383;0.68359;0.69336;0.70313;0.71289;0.72266;0.73242;0.74219;0.75195;0.76172;0.77148;0.78125;0.79102,0.0027013120000000004;0.010830848;0.009225216;0.004795392;0.021750784;0.047861759999999996;0.137294848;0.24066150400000003;0.20640460800000002;0.12115967999999999;0.10144972799999999;0.08235315199999999;0.052424703999999996;0.02708992;0.021988352;0.019278848;0.014851072;0.015123455999999999;0.013581312;0.011594752;0.008890368000000001;0.009400320000000002;0.007401472;0.006767616;0.009299967999999999;0.011712512000000001;0.010292223999999999;0.011756544;0.007953407999999999;0.004259839999999999;0.004161536;0.00617984;0.005410816;0.004344832000000001;0.004317184;0.003048448;0.0035850240000000005;0.0038963199999999996;0.0030668799999999997;0.003592192;0.003641344;0.00409088;0.005033984;0.00413184;0.00334848;0.003876864;0.002896896;0.002509824;0.0029982719999999997;0.00382464;0.0032020480000000003;0.00352256;0.0024002560000000004;0.0032337920000000005;0.0026849280000000005;0.002308096;0.001759232;0.001850368;0.002106368;0.002932736;0.0031088640000000002;0.00245248;0.0029419520000000003;0.003279872;0.002013184;0.0019148799999999999;0.0036433919999999996;0.003785728;0.002469888;0.0015114240000000001;0.001954816;0.00168448;0.002048;0.0027115520000000003;0.002482176;0.00285184;0.00406528;0.0030986240000000003;0.001882112
1777882500,hdr,0.0293;0.03906;0.04883;0.05859;0.06836;0.07813;0.08789;0.09766;0.10742;0.11719;0.12695;0.13672;0.14648;0.15625;0.16602;0.17578;0.18555;0.19531;0.20508;0.21484;0.22461;0.23438;0.24414;0.25391;0.26367;0.27344;0.2832;0.29297;0.30273;0.3125;0.32227;0.33203;0.3418;0.35156;0.36133;0.37109;0.38086;0.39063;0.40039;0.41016;0.41992;0.42969;0.43945;0.44922;0.45898;0.46875;0.47852;0.48828;0.49805;0.50781;0.51758;0.52734;0.53711;0.54688;0.55664;0.56641;0.57617;0.58594;0.5957;0.60547;0.61523;0.625;0.63477;0.64453;0.6543;0.66406;0.67383;0.68359;0.69336;0.70313;0.71289;0.72266;0.73242;0.74219;0.75195;0.76172;0.77148;0.78125;0.79102,0.002741248;0.01538048;0.024466432;0.02116608;0.044801023999999995;0.07082803199999999;0.15043276800000002;0.239952896;0.26432819199999996;0.14646579199999998;0.102311936;0.080728064;0.055571456;0.037414912;0.016963584000000004;0.007183360000000001;0.010125312;0.009860095999999999;0.010724352;0.013283327999999999;0.010899456;0.006505472;0.005815296;0.010230784;0.011370495999999999;0.013833216;0.0137472;0.011491328;0.012015616;0.009189376;0.009198592;0.004877312;0.003519488;0.0047912960000000004;0.003961856000000001;0.003228672;0.003478528;0.0036556799999999997;0.004141056;0.004375552;0.0060037120000000005;0.004559872;0.00384512;0.0034826239999999997;0.0022302719999999997;0.00300544;0.004209664;0.002398208;0.0022394880000000004;0.002184192;0.0018524160000000002;0.003100672;0.0030453760000000002;0.0024545279999999997;0.00246272;0.0029009920000000002;0.001968128;0.001579008;0.0014796800000000001;0.002592768;0.00245248;0.0020183040000000003;0.0024227840000000003;0.003212288;0.0038594560000000003;0.00404992;0.002817024;0.001789952;0.0027975680000000003;0.0017930239999999998;0.0016148479999999999;0.0022026240000000002;0.001206272;0.001700864;0.002791424;0.0039424;0.0030453760000000002;0.001820672;0.001742848
1777883400,hdr,0.0293;0.03906;0.04883;0.05859;0.06836;0.07813;0.08789;0.09766;0.10742;0.11719;0.12695;0.13672;0.14648;0.15625;0.16602;0.17578;0.18555;0.19531;0.20508;0.21484;0.22461;0.23438;0.24414;0.25391;0.26367;0.27344;0.2832;0.29297;0.30273;0.3125;0.32227;0.33203;0.3418;0.35156;0.36133;0.37109;0.38086;0.39063;0.40039;0.41016;0.41992;0.42969;0.43945;0.44922;0.45898;0.46875;0.47852;0.48828;0.49805;0.50781;0.51758;0.52734;0.53711;0.54688;0.55664;0.56641;0.57617;0.58594;0.5957;0.60547;0.61523;0.625;0.63477;0.64453;0.6543;0.66406;0.67383;0.68359;0.69336;0.70313;0.71289;0.72266;0.73242;0.74219;0.75195;0.76172;0.77148;0.78125;0.79102,0.00948736;0.016940032;0.015526912;0.024073216;0.037913600000000006;0.036046848;0.07797555199999999;0.151391232;0.16325631999999998;0.186522624;0.09404211200000001;0.049221631999999994;0.044572672;0.026207232;0.014749696;0.009595904;0.010171392000000001;0.009988096000000002;0.009541632;0.007095296;0.008590336;0.006115328;0.005200896000000001;0.0029306880000000003;0.009223168;0.01265664;0.011317248;0.01769472;0.014592;0.016543744;0.012882944;0.008695808;0.006497279999999999;0.005987327999999999;0.0045793280000000006;0.00381952;0.003982336;0.003373056;0.0040366080000000006;0.004605952;0.00301568;0.002640896;0.004897792000000001;0.004462592;0.003444736;0.0032296959999999998;0.005780479999999999;0.003904512;0.0032808959999999997;0.003344384;0.0033955839999999997;0.002620416;0.003422208;0.003328;0.003364864;0.0039075839999999995;0.006730752;0.005062656;0.0032819200000000002;0.003661824;0.0046540800000000005;0.0056227840000000005;0.005665791999999999;0.0060262399999999995;0.004058112000000001;0.003206144;0.002361344;0.003214336;0.0037396479999999995;0.002823168;0.002981888;0.002752512;0.00236032;0.002315264;0.00221696;0.0026327039999999996;0.002863104;0.00265728;0.00272384
1777884300,hdr,0.0293;0.03906;0.04883;0.05859;0.06836;0.07813;0.08789;0.09766;0.10742;0.11719;0.12695;0.13672;0.14648;0.15625;0.16602;0.17578;0.18555;0.19531;0.20508;0.21484;0.22461;0.23438;0.24414;0.25391;0.26367;0.27344;0.2832;0.29297;0.30273;0.3125;0.32227;0.33203;0.3418;0.35156;0.36133;0.37109;0.38086;0.39063;0.40039;0.41016;0.41992;0.42969;0.43945;0.44922;0.45898;0.46875;0.47852;0.48828;0.49805;0.50781;0.51758;0.52734;0.53711;0.54688;0.55664;0.56641;0.57617;0.58594;0.5957;0.60547;0.61523;0.625;0.63477;0.64453;0.6543;0.66406;0.67383;0.68359;0.69336;0.70313;0.71289;0.72266;0.73242;0.74219;0.75195;0.76172;0.77148;0.78125;0.79102,0.001349632;0.005868544;0.00654336;0.011812864;0.021056512000000003;0.042139648;0.17922662399999997;0.304493568;0.286651392;0.14511308800000003;0.044851199999999994;0.023041024;0.026434560000000003;0.03322368;0.015988736;0.010684416;0.008184832;0.009979903999999998;0.009750527999999998;0.008351744000000001;0.007353344;0.008015872;0.005312512;0.006654976;0.008522752;0.005450752;0.008474624;0.010369024;0.016405504;0.014946304;0.008210432;0.00491008;0.00486912;0.0042383360000000005;0.0036433919999999996;0.0069898239999999995;0.007424;0.002973696;0.003429376;0.003447808;0.0025989119999999997;0.0030668799999999997;0.003443712;0.0038021120000000003;0.003443712;0.0035327999999999996;0.00394752;0.003864576;0.003900416;0.003723264;0.00310784;0.00344576;0.006237184;0.005952512;0.006482943999999999;0.00597504;0.005426176;0.00489984;0.005860352;0.004663296;0.004498432;0.003659776;0.003953664;0.004620288;0.004324352;0.003612672;0.004750336;0.00513536;0.004732928;0.0038789120000000004;0.00398848;0.002482176;0.00266752;0.003900416;0.0032471040000000002;0.002363392;0.003268608;0.0024227840000000003;0.0023439359999999996
1777886100,hdr,0.0293;0.03906;0.04883;0.05859;0.06836;0.07813;0.08789;0.09766;0.10742;0.11719;0.12695;0.13672;0.14648;0.15625;0.16602;0.17578;0.18555;0.19531;0.20508;0.21484;0.22461;0.23438;0.24414;0.25391;0.26367;0.27344;0.2832;0.29297;0.30273;0.3125;0.32227;0.33203;0.3418;0.35156;0.36133;0.37109;0.38086;0.39063;0.40039;0.41016;0.41992;0.42969;0.43945;0.44922;0.45898;0.46875;0.47852;0.48828;0.49805;0.50781;0.51758;0.52734;0.53711;0.54688;0.55664;0.56641;0.57617;0.58594;0.5957;0.60547;0.61523;0.625;0.63477;0.64453;0.6543;0.66406;0.67383;0.68359;0.69336;0.70313;0.71289;0.72266;0.73242;0.74219;0.75195;0.76172;0.77148;0.78125;0.79102,0.009365503999999998;0.014693376000000001;0.006509568;0.010838015999999999;0.048241664;0.096894976;0.188158976;0.323479552;0.305851392;0.11152896;0.044694528;0.02242048;0.025868288;0.027773952;0.026370048;0.013088768;0.012265472000000001;0.014101504;0.018487296000000004;0.011846655999999999;0.008929280000000001;0.007640063999999999;0.004617216;0.005472255999999999;0.00551936;0.008268800000000001;0.013883392;0.018947072;0.01957888;0.01445376;0.01323008;0.011111423999999998;0.008092672;0.006585344;0.00931328;0.006242304;0.0046745599999999995;0.004164608;0.00479232;0.003446784;0.002486272;0.00383488;0.00312832;0.00256;0.0025835520000000002;0.003121152;0.0048609280000000005;0.003556352;0.0024719359999999997;0.002724864;0.002366464;0.002679808;0.0031027200000000002;0.002402304;0.002402304;0.002110464;0.002067456;0.001736704;0.00237056;0.00168448;0.00134144;0.001517568;0.001201152;0.00136704;0.0016066560000000001;0.001682432;0.0024463360000000003;0.0022466560000000005;0.001999872;0.001900544;0.0015534079999999998;0.0015892480000000001;0.001206272;0.001337344;0.0024811519999999995;0.002720768;0.00208896;0.0014929920000000003;0.001544192
1777887000,hdr,0.0293;0.03906;0.04883;0.05859;0.06836;0.07813;0.08789;0.09766;0.10742;0.11719;0.12695;0.13672;0.14648;0.15625;0.16602;0.17578;0.18555;0.19531;0.20508;0.21484;0.22461;0.23438;0.24414;0.25391;0.26367;0.27344;0.2832;0.29297;0.30273;0.3125;0.32227;0.33203;0.3418;0.35156;0.36133;0.37109;0.38086;0.39063;0.40039;0.41016;0.41992;0.42969;0.43945;0.44922;0.45898;0.46875;0.47852;0.48828;0.49805;0.50781;0.51758;0.52734;0.53711;0.54688;0.55664;0.56641;0.57617;0.58594;0.5957;0.60547;0.61523;0.625;0.63477;0.64453;0.6543;0.66406;0.67383;0.68359;0.69336;0.70313;0.71289;0.72266;0.73242;0.74219;0.75195;0.76172;0.77148;0.78125;0.79102,0.002741248;0.008743935999999999;0.009029632;0.01233408;0.03729715199999999;0.11700633600000002;0.20525977599999998;0.22586879999999998;0.41451520000000003;0.213289984;0.05915135999999999;0.023640064;0.028316672;0.032137216;0.020918272;0.01211392;0.010032128000000001;0.010218495999999999;0.011010048;0.019085311999999997;0.0138496;0.008931328;0.007704576;0.006284288000000001;0.004704256;0.006619136;0.009050112;0.012889088;0.020381696;0.016096256;0.012402688;0.00813056;0.009952256;0.0070297599999999995;0.006247424;0.006111232;0.004731904;0.004115456;0.0050503679999999995;0.003341312;0.003141632;0.003059712;0.003858432;0.0032337920000000005;0.002660352;0.0022896640000000003;0.002123776;0.001380352;0.002733056;0.001309696;0.001903616;0.002550784;0.002300928;0.001840128;0.0021504000000000002;0.0023265280000000004;0.002349056;0.0018831359999999999;0.0010455039999999998;0.001659904;0.0014714879999999997;0.001429504;0.0016168960000000003;0.001865728;0.001803264;0.001393664;0.0016732160000000002;0.002011136;0.001634304;0.001672192;0.0015452159999999999;0.0015063040000000002;0.0012441599999999998;0.0011243520000000001;0.001348608;0.001312768;0.001611776;0.001631232;0.001957888
1777887900,hdr,0.0293;0.03906;0.04883;0.05859;0.06836;0.07813;0.08789;0.09766;0.10742;0.11719;0.12695;0.13672;0.14648;0.15625;0.16602;0.17578;0.18555;0.19531;0.20508;0.21484;0.22461;0.23438;0.24414;0.25391;0.26367;0.27344;0.2832;0.29297;0.30273;0.3125;0.32227;0.33203;0.3418;0.35156;0.36133;0.37109;0.38086;0.39063;0.40039;0.41016;0.41992;0.42969;0.43945;0.44922;0.45898;0.46875;0.47852;0.48828;0.49805;0.50781;0.51758;0.52734;0.53711;0.54688;0.55664;0.56641;0.57617;0.58594;0.5957;0.60547;0.61523;0.625;0.63477;0.64453;0.6543;0.66406;0.67383;0.68359;0.69336;0.70313;0.71289;0.72266;0.73242;0.74219;0.75195;0.76172;0.77148;0.78125;0.79102,0.002562048;0.009761792;0.012142592;0.010053632;0.039949312;0.058809344000000006;0.135266304;0.391785472;0.34953216;0.166188032;0.061248512;0.040008704000000006;0.02136064;0.021633023999999997;0.020832256;0.013044736000000001;0.011518976;0.01598976;0.017429504000000002;0.017060864;0.008930304;0.006649856;0.005462016000000001;0.005096447999999999;0.005764096000000001;0.007917568;0.011423744;0.012086271999999999;0.009831424;0.008712191999999999;0.012660736;0.010421248;0.006928384;0.005332992;0.003782656;0.004799488;0.007171072;0.006168576;0.004081664;0.005088256;0.005369856000000001;0.003526656;0.0033925120000000003;0.004456448;0.0034242560000000005;0.0029952000000000004;0.0032204799999999995;0.003835904;0.003059712;0.0018442240000000002;0.0022784000000000003;0.002527232;0.001675264;0.0021893120000000005;0.002962432;0.002436096;0.0018944;0.0016291839999999999;0.0013578239999999999;0.00167936;0.001668096;0.002148352;0.0014929920000000003;0.0009584639999999999;0.00119296;0.00143872;0.00185344;0.002331648;0.001512448;0.001009664;0.001199104;0.001281024;0.0006082559999999999;0.000912384;0.001014784;0.0009349119999999999;0.001016832;0.0009768959999999999;0.0006973439999999999
1777888800,hdr,0.0293;0.03906;0.04883;0.05859;0.06836;0.07813;0.08789;0.09766;0.10742;0.11719;0.12695;0.13672;0.14648;0.15625;0.16602;0.17578;0.18555;0.19531;0.20508;0.21484;0.22461;0.23438;0.24414;0.25391;0.26367;0.27344;0.2832;0.29297;0.30273;0.3125;0.32227;0.33203;0.3418;0.35156;0.36133;0.37109;0.38086;0.39063;0.40039;0.41016;0.41992;0.42969;0.43945;0.44922;0.45898;0.46875;0.47852;0.48828;0.49805;0.50781;0.51758;0.52734;0.53711;0.54688;0.55664;0.56641;0.57617;0.58594;0.5957;0.60547;0.61523;0.625;0.63477;0.64453;0.6543;0.66406;0.67383;0.68359;0.69336;0.70313;0.71289;0.72266;0.73242;0.74219;0.75195;0.76172;0.77148;0.78125;0.79102,0.015121408000000001;0.02531328;0.021397504;0.023555072;0.032982016;0.07136460800000001;0.143494144;0.30588211200000004;0.36892569599999997;0.15859097600000002;0.099684352;0.047755264;0.019812352;0.013370367999999999;0.013633536;0.0173312;0.018352128000000002;0.024741888;0.021013504000000002;0.013099008;0.013075456000000001;0.006883327999999999;0.006653952;0.010211327999999999;0.008946688;0.007585791999999999;0.008765440000000001;0.01153024;0.01479168;0.011435008;0.010003456;0.00848384;0.009324544;0.0093696;0.006931456;0.00643584;0.0043182080000000005;0.00249344;0.003417088;0.0041564160000000005;0.00298496;0.001405952;0.001705984;0.002127872;0.00268288;0.002569216;0.0025200640000000002;0.002382848;0.00193024;0.0018257920000000001;0.001388544;0.001605632;0.0019251199999999998;0.002274304;0.002134016;0.0016179200000000001;0.001242112;0.0016936960000000002;0.0020121600000000003;0.0014458880000000002;0.001113088;0.0019527680000000001;0.001995776;0.0018944;0.001513472;0.0008212479999999999;0.0010209280000000002;0.001193984;0.0015779840000000002;0.00142848;0.001032192;0.001089536;0.001102848;0.000903168;0.000802816;0.000945152;0.000908288;0.000949248;0.0007976959999999999
1777889700,hdr,0.0293;0.03906;0.04883;0.05859;0.06836;0.07813;0.08789;0.09766;0.10742;0.11719;0.12695;0.13672;0.14648;0.15625;0.16602;0.17578;0.18555;0.19531;0.20508;0.21484;0.22461;0.23438;0.24414;0.25391;0.26367;0.27344;0.2832;0.29297;0.30273;0.3125;0.32227;0.33203;0.3418;0.35156;0.36133;0.37109;0.38086;0.39063;0.40039;0.41016;0.41992;0.42969;0.43945;0.44922;0.45898;0.46875;0.47852;0.48828;0.49805;0.50781;0.51758;0.52734;0.53711;0.54688;0.55664;0.56641;0.57617;0.58594;0.5957;0.60547;0.61523;0.625;0.63477;0.64453;0.6543;0.66406;0.67383;0.68359;0.69336;0.70313;0.71289;0.72266;0.73242;0.74219;0.75195;0.76172;0.77148;0.78125;0.79102,0.009244671999999999;0.031022079999999997;0.032313344;0.03470848;0.063587328;0.113548288;0.20571545599999996;0.42437632000000003;0.463176704;0.182268928;0.075707392;0.039345152;0.027401216;0.018422784;0.016811008000000002;0.015802368;0.017658880000000002;0.016867328;0.018378752;0.008757248000000002;0.004879360000000001;0.006380544000000001;0.006763519999999999;0.008342528;0.009084927999999999;0.01480704;0.012107776;0.007775232;0.007584768;0.009862144;0.010215424;0.00783872;0.005454848;0.009470976;0.0075008;0.005919743999999999;0.005978112;0.006436864;0.007686143999999999;0.004898815999999999;0.0028600319999999998;0.0030914560000000002;0.002448384;0.0022855680000000004;0.002390016;0.002325504;0.0023818240000000003;0.001636352;0.0019148799999999999;0.0034754559999999996;0.0032921599999999997;0.001775616;0.001343488;0.001238016;0.0019046400000000002;0.0021452800000000003;0.001503232;0.001779712;0.002486272;0.001824768;0.0013701120000000002;0.0020183040000000003;0.001542144;0.0018196479999999999;0.0019537919999999998;0.0017663999999999998;0.0018042879999999998;0.001344512;0.001107968;0.001035264;0.001345536;0.00118784;0.0014632959999999998;0.001558528;0.000963584;0.0009523200000000001;0.0008202239999999999;0.000852992;0.0008744960000000001
1777890600,hdr,0.0293;0.03906;0.04883;0.05859;0.06836;0.07813;0.08789;0.09766;0.10742;0.11719;0.12695;0.13672;0.14648;0.15625;0.16602;0.17578;0.18555;0.19531;0.20508;0.21484;0.22461;0.23438;0.24414;0.25391;0.26367;0.27344;0.2832;0.29297;0.30273;0.3125;0.32227;0.33203;0.3418;0.35156;0.36133;0.37109;0.38086;0.39063;0.40039;0.41016;0.41992;0.42969;0.43945;0.44922;0.45898;0.46875;0.47852;0.48828;0.49805;0.50781;0.51758;0.52734;0.53711;0.54688;0.55664;0.56641;0.57617;0.58594;0.5957;0.60547;0.61523;0.625;0.63477;0.64453;0.6543;0.66406;0.67383;0.68359;0.69336;0.70313;0.71289;0.72266;0.73242;0.74219;0.75195;0.76172;0.77148;0.78125;0.79102,0.006896639999999999;0.013201408000000001;0.01102848;0.018957312;0.036284416;0.11642470400000002;0.234937344;0.32070041600000004;0.43096576000000003;0.294223872;0.090037248;0.034269184;0.022327296000000003;0.021430271999999997;0.019905536;0.019661824;0.030070784;0.027142143999999997;0.014473216;0.014241792;0.012171264000000001;0.007032832;0.00533504;0.005358592;0.005853183999999999;0.010725376;0.0132608;0.015435776;0.017265664;0.020797440000000004;0.012798976;0.008609792000000002;0.007008256;0.005409792;0.007683072;0.006759424;0.006110208000000001;0.005209088000000001;0.006833152;0.007174144;0.005833728;0.0038717440000000003;0.0033802240000000002;0.0031559680000000003;0.0026777600000000004;0.0032194560000000003;0.002824192;0.003549184;0.004194304;0.0037150720000000003;0.0026480640000000003;0.0020746239999999997;0.002134016;0.002217984;0.0026480640000000003;0.002040832;0.002428928;0.002989056;0.0018042879999999998;0.001580032;0.001826816;0.0016988160000000001;0.001538048;0.001425408;0.0013824;0.001503232;0.001242112;0.0014991359999999999;0.000791552;0.000630784;0.0008192000000000001;0.0014376960000000002;0.0015687680000000001;0.00115712;0.0015667199999999997;0.001026048;0.000951296;0.000816128;0.001275904
1777891500,hdr,0.0293;0.03906;0.04883;0.05859;0.06836;0.07813;0.08789;0.09766;0.10742;0.11719;0.12695;0.13672;0.14648;0.15625;0.16602;0.17578;0.18555;0.19531;0.20508;0.21484;0.22461;0.23438;0.24414;0.25391;0.26367;0.27344;0.2832;0.29297;0.30273;0.3125;0.32227;0.33203;0.3418;0.35156;0.36133;0.37109;0.38086;0.39063;0.40039;0.41016;0.41992;0.42969;0.43945;0.44922;0.45898;0.46875;0.47852;0.48828;0.49805;0.50781;0.51758;0.52734;0.53711;0.54688;0.55664;0.56641;0.57617;0.58594;0.5957;0.60547;0.61523;0.625;0.63477;0.64453;0.6543;0.66406;0.67383;0.68359;0.69336;0.70313;0.71289;0.72266;0.73242;0.74219;0.75195;0.76172;0.77148;0.78125;0.79102,0.018771968;0.022334464;0.015904768;0.024560639999999998;0.041585664;0.125196288;0.29190553599999997;0.38257356800000003;0.335149056;0.211181568;0.095333376;0.035584;0.022941696;0.021116928;0.014361599999999999;0.011570176;0.019644416;0.0313856;0.03775897599999999;0.022991872;0.009605119999999998;0.0098304;0.009731072;0.008044544;0.011705344000000001;0.01957888;0.020736;0.022180864;0.016479232;0.0155392;0.018403327999999997;0.018275327999999997;0.009167871999999999;0.005768192;0.004560896;0.0069888;0.007410688;0.005724160000000001;0.004406272000000001;0.006980608;0.007168;0.004640767999999999;0.0036474880000000004;0.003076096;0.003936256;0.0028927999999999996;0.002671616;0.0032296959999999998;0.003953664;0.0034334720000000003;0.00314368;0.003741696;0.003252224;0.0031907839999999995;0.00302592;0.0025579519999999996;0.0030197759999999996;0.0017561599999999999;0.002164736;0.0025856;0.001861632;0.0017203200000000002;0.001860608;0.0025180159999999997;0.0019210240000000001;0.002092032;0.003026944;0.00128512;0.002000896;0.002003968;0.001352704;0.001610752;0.0018882559999999998;0.001329152;0.0016066560000000001;0.0013987840000000001;0.001129472;0.001092608;0.00099328
1777892400,hdr,0.0293;0.03906;0.04883;0.05859;0.06836;0.07813;0.08789;0.09766;0.10742;0.11719;0.12695;0.13672;0.14648;0.15625;0.16602;0.17578;0.18555;0.19531;0.20508;0.21484;0.22461;0.23438;0.24414;0.25391;0.26367;0.27344;0.2832;0.29297;0.30273;0.3125;0.32227;0.33203;0.3418;0.35156;0.36133;0.37109;0.38086;0.39063;0.40039;0.41016;0.41992;0.42969;0.43945;0.44922;0.45898;0.46875;0.47852;0.48828;0.49805;0.50781;0.51758;0.52734;0.53711;0.54688;0.55664;0.56641;0.57617;0.58594;0.5957;0.60547;0.61523;0.625;0.63477;0.64453;0.6543;0.66406;0.67383;0.68359;0.69336;0.70313;0.71289;0.72266;0.73242;0.74219;0.75195;0.76172;0.77148;0.78125;0.79102,0.010255359999999998;0.017433599999999997;0.011710464;0.035490816;0.064300032;0.128553984;0.26239590399999996;0.5979002880000001;0.539298816;0.204020736;0.065281024;0.022301696;0.016414719999999997;0.020402176;0.027999232;0.027423744;0.034207744;0.03326464;0.026638336;0.016438272;0.017909759999999997;0.013329408000000001;0.0061286399999999994;0.004755456;0.005741568;0.011651072;0.014324736;0.020129791999999997;0.018534400000000003;0.01297408;0.011564031999999998;0.010277888;0.007919616;0.004530176;0.004685824000000001;0.005901312;0.006283264;0.003575808;0.00459264;0.00430592;0.0055808;0.005408768;0.004575232;0.002994176;0.002753536;0.0032256;0.0045424639999999995;0.0037888;0.0036352000000000003;0.003274752;0.001906688;0.002395136;0.00300544;0.0027648;0.0023408640000000002;0.0030535679999999996;0.003218432;0.00404992;0.002282496;0.001714176;0.002818048;0.0023132160000000003;0.001318912;0.00128512;0.0023500800000000005;0.00215552;0.002028544;0.0024719359999999997;0.00211456;0.002569216;0.00316928;0.0030330879999999998;0.002208768;0.002110464;0.0027842559999999997;0.002026496;0.0019937279999999997;0.001746944;0.001878016
1777893300,hdr,0.0293;0.03906;0.04883;0.05859;0.06836;0.07813;0.08789;0.09766;0.10742;0.11719;0.12695;0.13672;0.14648;0.15625;0.16602;0.17578;0.18555;0.19531;0.20508;0.21484;0.22461;0.23438;0.24414;0.25391;0.26367;0.27344;0.2832;0.29297;0.30273;0.3125;0.32227;0.33203;0.3418;0.35156;0.36133;0.37109;0.38086;0.39063;0.40039;0.41016;0.41992;0.42969;0.43945;0.44922;0.45898;0.46875;0.47852;0.48828;0.49805;0.50781;0.51758;0.52734;0.53711;0.54688;0.55664;0.56641;0.57617;0.58594;0.5957;0.60547;0.61523;0.625;0.63477;0.64453;0.6543;0.66406;0.67383;0.68359;0.69336;0.70313;0.71289;0.72266;0.73242;0.74219;0.75195;0.76172;0.77148;0.78125;0.79102,0.002787328;0.0036433919999999996;0.010464256000000002;0.011199488;0.036338687999999994;0.097323008;0.19764838399999998;0.32623616;0.31314534400000005;0.172036096;0.078797824;0.043844608;0.017348608;0.015465472;0.030282751999999996;0.019050496;0.02187264;0.033569792;0.044539904000000005;0.035500032;0.024806400000000003;0.014011392;0.010728448;0.008779776;0.009689088;0.013161472;0.020554752;0.017046528;0.017518592;0.017022976;0.016111616000000002;0.009831424;0.005279743999999999;0.005007360000000001;0.006351872000000001;0.007250944;0.005620736;0.005587968;0.006877183999999999;0.003597312;0.0022702079999999997;0.004465664;0.005618688;0.004168704;0.0020981759999999998;0.002374656;0.003009536;0.004043776000000001;0.0032;0.0027740160000000002;0.003262464;0.0029306880000000003;0.003125248;0.0025364479999999997;0.0029798399999999997;0.0025118719999999996;0.0024340480000000003;0.0027013120000000004;0.002794496;0.0026009600000000003;0.002250752;0.0025456639999999996;0.003298304;0.0036321279999999997;0.0031334399999999995;0.003731456;0.0035778560000000004;0.00325632;0.003780608;0.0036515840000000003;0.003154944;0.002402304;0.003305472;0.0026644480000000003;0.002307072;0.002386944;0.002865152;0.002364416;0.002183168
1777894200,hdr,0.0293;0.03906;0.04883;0.05859;0.06836;0.07813;0.08789;0.09766;0.10742;0.11719;0.12695;0.13672;0.14648;0.15625;0.16602;0.17578;0.18555;0.19531;0.20508;0.21484;0.22461;0.23438;0.24414;0.25391;0.26367;0.27344;0.2832;0.29297;0.30273;0.3125;0.32227;0.33203;0.3418;0.35156;0.36133;0.37109;0.38086;0.39063;0.40039;0.41016;0.41992;0.42969;0.43945;0.44922;0.45898;0.46875;0.47852;0.48828;0.49805;0.50781;0.51758;0.52734;0.53711;0.54688;0.55664;0.56641;0.57617;0.58594;0.5957;0.60547;0.61523;0.625;0.63477;0.64453;0.6543;0.66406;0.67383;0.68359;0.69336;0.70313;0.71289;0.72266;0.73242;0.74219;0.75195;0.76172;0.77148;0.78125;0.79102,0.008118272;0.013985791999999999;0.00875008;0.014045184;0.053618688000000005;0.104242176;0.333543424;0.72336384;0.567240704;0.22654566399999998;0.08251289599999999;0.040612864;0.031547392;0.012193792;0.015991808;0.023172096;0.025662464;0.022689792;0.02638848;0.034393087999999995;0.018783232;0.008732672;0.008201216;0.005605376;0.005866496;0.015803392;0.01474048;0.017742848;0.019969024000000002;0.016219136;0.019642368000000004;0.011867136;0.005818368;0.005538816;0.0060907520000000005;0.007926784;0.006413312;0.00759296;0.008342528;0.008050687999999999;0.004139008;0.004867072;0.0050401280000000005;0.004731904;0.005656576;0.0063569920000000005;0.0040642560000000005;0.002354176;0.003352576;0.0034713599999999997;0.002767872;0.0033146879999999997;0.003158016;0.004512768;0.005267456;0.004072447999999999;0.002924544;0.003489792;0.004864;0.003405824;0.003171328;0.005134336000000001;0.0046848;0.0021534719999999996;0.00273408;0.002828288;0.00350208;0.004827136;0.006078464;0.003913728;0.002477056;0.002791424;0.002850816;0.003303424;0.00280064;0.002619392;0.00216576;0.002117632;0.002300928
1777895100,hdr,0.0293;0.03906;0.04883;0.05859;0.06836;0.07813;0.08789;0.09766;0.10742;0.11719;0.12695;0.13672;0.14648;0.15625;0.16602;0.17578;0.18555;0.19531;0.20508;0.21484;0.22461;0.23438;0.24414;0.25391;0.26367;0.27344;0.2832;0.29297;0.30273;0.3125;0.32227;0.33203;0.3418;0.35156;0.36133;0.37109;0.38086;0.39063;0.40039;0.41016;0.41992;0.42969;0.43945;0.44922;0.45898;0.46875;0.47852;0.48828;0.49805;0.50781;0.51758;0.52734;0.53711;0.54688;0.55664;0.56641;0.57617;0.58594;0.5957;0.60547;0.61523;0.625;0.63477;0.64453;0.6543;0.66406;0.67383;0.68359;0.69336;0.70313;0.71289;0.72266;0.73242;0.74219;0.75195;0.76172;0.77148;0.78125;0.79102,0.004713472000000001;0.007940095999999999;0.012829696;0.027886592;0.034997248;0.10198937599999999;0.39539916799999997;0.6411448319999999;0.690596864;0.306217984;0.100622336;0.050690047999999994;0.022037503999999996;0.012839936;0.015797248;0.020528128;0.022972416;0.031617024;0.03572736;0.024431616000000003;0.020242432;0.01934336;0.012855295999999999;0.010545152;0.013637632;0.012649472;0.013340672000000001;0.016573440000000002;0.011371520000000001;0.01430528;0.011912191999999999;0.009875456;0.008336384;0.0068577280000000004;0.0072038399999999995;0.005472255999999999;0.004303872;0.006495232;0.006676479999999999;0.0060016639999999994;0.005614592;0.00543744;0.008055808000000001;0.006641663999999999;0.007898112;0.010159103999999999;0.009670656;0.011441152;0.013355008;0.011787264;0.008961024;0.009858048000000001;0.008423424;0.008802304;0.011760640000000001;0.008414208000000001;0.005182464000000001;0.006263808;0.004538368;0.0038993920000000002;0.0052121599999999995;0.006571008;0.007379968;0.006105088000000001;0.004325376000000001;0.004502528;0.002679808;0.00187392;0.0023572479999999997;0.0029716480000000003;0.0029798399999999997;0.0030412800000000004;0.003004416;0.0027361279999999996;0.0027361279999999996;0.002231296;0.002444288;0.0024084479999999997;0.0018237440000000002
1777896000,hdr,0.0293;0.03906;0.04883;0.05859;0.06836;0.07813;0.08789;0.09766;0.10742;0.11719;0.12695;0.13672;0.14648;0.15625;0.16602;0.17578;0.18555;0.19531;0.20508;0.21484;0.22461;0.23438;0.24414;0.25391;0.26367;0.27344;0.2832;0.29297;0.30273;0.3125;0.32227;0.33203;0.3418;0.35156;0.36133;0.37109;0.38086;0.39063;0.40039;0.41016;0.41992;0.42969;0.43945;0.44922;0.45898;0.46875;0.47852;0.48828;0.49805;0.50781;0.51758;0.52734;0.53711;0.54688;0.55664;0.56641;0.57617;0.58594;0.5957;0.60547;0.61523;0.625;0.63477;0.64453;0.6543;0.66406;0.67383;0.68359;0.69336;0.70313;0.71289;0.72266;0.73242;0.74219;0.75195;0.76172;0.77148;0.78125;0.79102,0.001872896;0.012092416;0.019431424;0.013621247999999999;0.016436224;0.13234688;0.43844608;0.5449236479999999;0.46054809599999996;0.28090368;0.13349683200000004;0.07160319999999999;0.031639552;0.027845632;0.029024256000000002;0.023041024;0.03259392;0.041214976;0.037685248;0.031926272;0.0201984;0.01403392;0.014966784;0.0115456;0.01116672;0.015255552;0.016244736;0.018630656;0.013801472;0.014043136000000001;0.0146432;0.018158591999999998;0.006924288;0.008249344;0.007196672;0.007611392000000001;0.008864768;0.009340928;0.006909952;0.007578624;0.005967871999999999;0.005069824;0.006397952;0.007760896;0.008674304;0.009454592000000001;0.0078592;0.011023360000000001;0.0110592;0.014502912;0.0102912;0.01058816;0.009513984;0.0079872;0.004004864;0.0047861760000000005;0.009385984;0.006754304;0.007197696;0.007204863999999999;0.00451072;0.00671232;0.005872639999999999;0.00327168;0.003666944;0.004399104;0.003232768;0.003549184;0.00451584;0.003008512;0.0021196799999999997;0.002844672;0.002282496;0.002322432;0.002321408;0.0025671680000000003;0.002696192;0.00160256;0.00206848
1777896900,hdr,0.0293;0.03906;0.04883;0.05859;0.06836;0.07813;0.08789;0.09766;0.10742;0.11719;0.12695;0.13672;0.14648;0.15625;0.16602;0.17578;0.18555;0.19531;0.20508;0.21484;0.22461;0.23438;0.24414;0.25391;0.26367;0.27344;0.2832;0.29297;0.30273;0.3125;0.32227;0.33203;0.3418;0.35156;0.36133;0.37109;0.38086;0.39063;0.40039;0.41016;0.41992;0.42969;0.43945;0.44922;0.45898;0.46875;0.47852;0.48828;0.49805;0.50781;0.51758;0.52734;0.53711;0.54688;0.55664;0.56641;0.57617;0.58594;0.5957;0.60547;0.61523;0.625;0.63477;0.64453;0.6543;0.66406;0.67383;0.68359;0.69336;0.70313;0.71289;0.72266;0.73242;0.74219;0.75195;0.76172;0.77148;0.78125;0.79102,0.009178112;0.024054784000000003;0.023999488000000003;0.018455552;0.0519424;0.155604992;0.44477235200000004;0.665004032;0.43296460800000003;0.26851635199999996;0.12124364799999998;0.072060928;0.037832703999999995;0.024637440000000004;0.028414975999999998;0.022377472000000002;0.02366464;0.042348543999999995;0.057224192;0.042867712;0.021680128;0.016956416000000002;0.013184;0.017368064000000003;0.017329152;0.024044543999999998;0.022057984;0.018308096;0.019398656;0.016802815999999998;0.013596672;0.010832896;0.012105728;0.00862208;0.006317056;0.0074055679999999995;0.008737792000000001;0.008441856;0.00477696;0.00549376;0.00796672;0.007991296;0.0070492160000000005;0.0067655680000000004;0.006457344;0.007174144;0.008591360000000001;0.007345152;0.00845824;0.008279040000000001;0.008420351999999999;0.009383935999999999;0.006803456;0.006730752;0.007221248;0.007035904000000001;0.0064593919999999996;0.00461312;0.004279296;0.003613696;0.004143104;0.005783552000000001;0.005379072;0.005099520000000001;0.004808704;0.0032256;0.0045875199999999994;0.004173824;0.0022394880000000004;0.001929216;0.0021288960000000003;0.003456;0.003130368;0.002717696;0.00300032;0.002514944;0.002697216;0.00230912;0.002023424
1777897800,hdr,0.0293;0.03906;0.04883;0.05859;0.06836;0.07813;0.08789;0.09766;0.10742;0.11719;0.12695;0.13672;0.14648;0.15625;0.16602;0.17578;0.18555;0.19531;0.20508;0.21484;0.22461;0.23438;0.24414;0.25391;0.26367;0.27344;0.2832;0.29297;0.30273;0.3125;0.32227;0.33203;0.3418;0.35156;0.36133;0.37109;0.38086;0.39063;0.40039;0.41016;0.41992;0.42969;0.43945;0.44922;0.45898;0.46875;0.47852;0.48828;0.49805;0.50781;0.51758;0.52734;0.53711;0.54688;0.55664;0.56641;0.57617;0.58594;0.5957;0.60547;0.61523;0.625;0.63477;0.64453;0.6543;0.66406;0.67383;0.68359;0.69336;0.70313;0.71289;0.72266;0.73242;0.74219;0.75195;0.76172;0.77148;0.78125;0.79102,0.0075264;0.013094912;0.012140544;0.012295168;0.034639871999999995;0.15217663999999997;0.438068224;0.567968768;0.554082304;0.252914688;0.125146112;0.060082176;0.023581696;0.01756672;0.02445312;0.031113216;0.035243008;0.041327616000000005;0.029643775999999997;0.024052736;0.019726336;0.012514304;0.007386112;0.0146176;0.030925823999999998;0.027378688;0.01872384;0.013920255999999999;0.012413951999999999;0.020800512000000004;0.016069631999999997;0.019365888;0.016918528;0.01152512;0.006751232;0.009399296;0.008141823999999999;0.008127487999999999;0.009544704;0.00850432;0.005480448000000001;0.00732672;0.006612992;0.006597632;0.0076666880000000005;0.010157056000000001;0.011256831999999998;0.008287232;0.009550848;0.008136704;0.007826432;0.006744063999999999;0.006183936;0.006201344;0.005090304;0.004937728;0.005533696;0.0065464320000000005;0.006383616;0.004319232;0.006934528000000001;0.006504448;0.0056227840000000005;0.00504832;0.0035778560000000004;0.0049664;0.00613888;0.0027105280000000002;0.0032358400000000002;0.0027023359999999996;0.003298304;0.0026419199999999994;0.0020654080000000003;0.002244608;0.0021524480000000004;0.001835008;0.000907264;0.00180224;0.0030453760000000002
1777898700,hdr,0.0293;0.03906;0.04883;0.05859;0.06836;0.07813;0.08789;0.09766;0.10742;0.11719;0.12695;0.13672;0.14648;0.15625;0.16602;0.17578;0.18555;0.19531;0.20508;0.21484;0.22461;0.23438;0.24414;0.25391;0.26367;0.27344;0.2832;0.29297;0.30273;0.3125;0.32227;0.33203;0.3418;0.35156;0.36133;0.37109;0.38086;0.39063;0.40039;0.41016;0.41992;0.42969;0.43945;0.44922;0.45898;0.46875;0.47852;0.48828;0.49805;0.50781;0.51758;0.52734;0.53711;0.54688;0.55664;0.56641;0.57617;0.58594;0.5957;0.60547;0.61523;0.625;0.63477;0.64453;0.6543;0.66406;0.67383;0.68359;0.69336;0.70313;0.71289;0.72266;0.73242;0.74219;0.75195;0.76172;0.77148;0.78125;0.79102,0.004268032;0.016055296;0.020612096;0.022426624;0.03932672;0.168588288;0.491761664;0.394939392;0.303504384;0.443406336;0.22994739200000003;0.07061606399999999;0.023325696;0.016231424;0.019186688;0.032411648;0.032818176;0.037280768000000006;0.031803392;0.019226624;0.018680831999999998;0.01895936;0.021725183999999998;0.017819648;0.026440704000000002;0.032167936;0.020864;0.021795839999999997;0.026616832;0.022839296000000002;0.023651328;0.020278272;0.015930368;0.012365824000000001;0.011797504;0.020274175999999998;0.019007487999999996;0.013487104000000001;0.011379712;0.012849152;0.00843264;0.01118208;0.013533184000000002;0.009029632;0.011010048;0.007883776;0.010735616;0.009085952000000001;0.007856128;0.007951360000000001;0.009260032000000001;0.013136896;0.012064768;0.010206208000000001;0.008235008;0.00836608;0.006381567999999999;0.007528448;0.005313536;0.004640767999999999;0.005267456;0.0052746239999999995;0.00596992;0.00524288;0.003026944;0.00399872;0.005291008;0.0031938559999999997;0.0027658239999999996;0.0034242560000000005;0.0030822400000000004;0.0023500800000000005;0.002612224;0.0043304960000000005;0.004672512;0.003803136;0.002397184;0.002229248;0.0024739840000000003
1777899600,hdr,0.0293;0.03906;0.04883;0.05859;0.06836;0.07813;0.08789;0.09766;0.10742;0.11719;0.12695;0.13672;0.14648;0.15625;0.16602;0.17578;0.18555;0.19531;0.20508;0.21484;0.22461;0.23438;0.24414;0.25391;0.26367;0.27344;0.2832;0.29297;0.30273;0.3125;0.32227;0.33203;0.3418;0.35156;0.36133;0.37109;0.38086;0.39063;0.40039;0.41016;0.41992;0.42969;0.43945;0.44922;0.45898;0.46875;0.47852;0.48828;0.49805;0.50781;0.51758;0.52734;0.53711;0.54688;0.55664;0.56641;0.57617;0.58594;0.5957;0.60547;0.61523;0.625;0.63477;0.64453;0.6543;0.66406;0.67383;0.68359;0.69336;0.70313;0.71289;0.72266;0.73242;0.74219;0.75195;0.76172;0.77148;0.78125;0.79102,0.009583616;0.014824448;0.017569792;0.014567424;0.06575001600000001;0.20043878399999998;0.38693888;0.427932672;0.346973184;0.42117017600000006;0.26365644800000004;0.10230784;0.030745599999999998;0.01639936;0.01819136;0.021889023999999997;0.025176063999999998;0.041504768;0.045237248;0.03447296;0.022514687999999998;0.011981823999999999;0.02684928;0.043091968;0.030565376000000002;0.02342912;0.026878976000000002;0.039924736;0.029703168000000002;0.011533312;0.00799232;0.010260479999999999;0.01086464;0.010085376;0.01355264;0.011119616;0.008625152;0.007868416;0.007871488000000001;0.010039296;0.01098752;0.012481536;0.009572352000000001;0.009715712;0.00951808;0.007093248;0.0066488319999999995;0.01077248;0.009018368;0.006547456;0.008604672;0.008209408;0.007037951999999999;0.007570432000000001;0.005962752;0.006414336;0.0066662399999999995;0.007074815999999999;0.006279168000000001;0.00443392;0.0068106239999999995;0.006245376;0.0041512960000000005;0.005009407999999999;0.003975168;0.0038656000000000003;0.003023872;0.00283136;0.00347648;0.002962432;0.0025364479999999997;0.001775616;0.0021872639999999995;0.002688;0.001999872;0.0019128320000000002;0.00226304;0.002003968;0.0015411200000000002
1777900500,hdr,0.0293;0.03906;0.04883;0.05859;0.06836;0.07813;0.08789;0.09766;0.10742;0.11719;0.12695;0.13672;0.14648;0.15625;0.16602;0.17578;0.18555;0.19531;0.20508;0.21484;0.22461;0.23438;0.24414;0.25391;0.26367;0.27344;0.2832;0.29297;0.30273;0.3125;0.32227;0.33203;0.3418;0.35156;0.36133;0.37109;0.38086;0.39063;0.40039;0.41016;0.41992;0.42969;0.43945;0.44922;0.45898;0.46875;0.47852;0.48828;0.49805;0.50781;0.51758;0.52734;0.53711;0.54688;0.55664;0.56641;0.57617;0.58594;0.5957;0.60547;0.61523;0.625;0.63477;0.64453;0.6543;0.66406;0.67383;0.68359;0.69336;0.70313;0.71289;0.72266;0.73242;0.74219;0.75195;0.76172;0.77148;0.78125;0.79102,0.005561344;0.009759743999999999;0.017470464;0.01308672;0.030595071999999997;0.10273792;0.26361856;0.30668902400000003;0.246986752;0.22117888;0.149915648;0.06650777600000002;0.024704;0.016906240000000003;0.015404032000000002;0.017514496000000004;0.018987008;0.036191232;0.045154304000000006;0.041982976000000005;0.030379008;0.016744447999999995;0.01491456;0.031775744;0.042102784;0.062491648000000004;0.048866304;0.036380671999999996;0.020164608;0.019380223999999998;0.016760832000000003;0.013900800000000001;0.014654464;0.011649024000000001;0.010496;0.008779776;0.007246848;0.011934720000000001;0.008697856;0.008697856;0.008982528;0.006197248000000001;0.006368255999999999;0.00835584;0.009242624;0.006940672;0.00810496;0.00545792;0.0037990400000000005;0.005059584;0.0053288960000000005;0.0036505599999999997;0.0034826239999999997;0.005302272;0.006796287999999999;0.006028288;0.004588544;0.0054016;0.006250496;0.00454144;0.004435968;0.0024371200000000005;0.002630656;0.002436096;0.001810432;0.0038502399999999996;0.004992;0.002378752;0.002803712;0.0025917439999999996;0.0038410239999999997;0.0031979519999999996;0.002420736;0.0017530879999999999;0.0012308479999999999;0.0014899199999999998;0.0017848319999999999;0.00160768;0.00157184
1777901400,hdr,0.0293;0.03906;0.04883;0.05859;0.06836;0.07813;0.08789;0.09766;0.10742;0.11719;0.12695;0.13672;0.14648;0.15625;0.16602;0.17578;0.18555;0.19531;0.20508;0.21484;0.22461;0.23438;0.24414;0.25391;0.26367;0.27344;0.2832;0.29297;0.30273;0.3125;0.32227;0.33203;0.3418;0.35156;0.36133;0.37109;0.38086;0.39063;0.40039;0.41016;0.41992;0.42969;0.43945;0.44922;0.45898;0.46875;0.47852;0.48828;0.49805;0.50781;0.51758;0.52734;0.53711;0.54688;0.55664;0.56641;0.57617;0.58594;0.5957;0.60547;0.61523;0.625;0.63477;0.64453;0.6543;0.66406;0.67383;0.68359;0.69336;0.70313;0.71289;0.72266;0.73242;0.74219;0.75195;0.76172;0.77148;0.78125;0.79102,0.004337664;0.009690111999999999;0.019506176;0.01680384;0.029316096;0.104922112;0.39088639999999997;0.626852864;0.41760665599999997;0.25848217599999995;0.130330624;0.063449088;0.031049728000000002;0.020468736;0.018093056;0.013576192;0.020786176;0.027157504000000002;0.026833919999999997;0.023614464;0.030236672;0.047446016;0.060406784;0.069265408;0.08081817599999999;0.055247872;0.038633471999999995;0.036332544;0.03218432;0.036207616000000005;0.025125888;0.020893696;0.009474048;0.008391679999999999;0.011890688;0.010100735999999999;0.009551872;0.00669696;0.007043072;0.0115456;0.011907072;0.006868992;0.005357567999999999;0.00585728;0.008031232;0.008060928;0.006444032000000001;0.004738048;0.006208511999999999;0.0068126720000000005;0.004399104;0.006011904;0.0077639679999999996;0.006493184;0.008124416;0.004407296;0.0036864000000000003;0.00584704;0.005476352000000001;0.004620288;0.004457472;0.003917824;0.003990528;0.004298752;0.003982336;0.0026685439999999997;0.003099648;0.004251648;0.003508224;0.0031815679999999996;0.003946496;0.003263488;0.002997248;0.002029568;0.004072447999999999;0.002760704;0.002572288;0.002951168;0.0024104960000000003
1777902300,hdr,0.0293;0.03906;0.04883;0.05859;0.06836;0.07813;0.08789;0.09766;0.10742;0.11719;0.12695;0.13672;0.14648;0.15625;0.16602;0.17578;0.18555;0.19531;0.20508;0.21484;0.22461;0.23438;0.24414;0.25391;0.26367;0.27344;0.2832;0.29297;0.30273;0.3125;0.32227;0.33203;0.3418;0.35156;0.36133;0.37109;0.38086;0.39063;0.40039;0.41016;0.41992;0.42969;0.43945;0.44922;0.45898;0.46875;0.47852;0.48828;0.49805;0.50781;0.51758;0.52734;0.53711;0.54688;0.55664;0.56641;0.57617;0.58594;0.5957;0.60547;0.61523;0.625;0.63477;0.64453;0.6543;0.66406;0.67383;0.68359;0.69336;0.70313;0.71289;0.72266;0.73242;0.74219;0.75195;0.76172;0.77148;0.78125;0.79102,0.0033791999999999997;0.005289983999999999;0.007525375999999999;0.007927808;0.034562048;0.172401664;0.434727936;0.580366336;0.42860032000000003;0.220120064;0.153729024;0.07791411200000001;0.043141120000000005;0.014112768;0.016120832;0.019631104;0.034545664000000004;0.029658111999999997;0.028366848;0.022478848;0.025211904000000004;0.041619456;0.08565247999999999;0.11210956799999999;0.076460032;0.055875584000000006;0.059474944;0.036220928;0.036862976000000006;0.033565696000000006;0.019095552;0.015045632;0.013943808;0.011925504;0.012870656000000001;0.011997184000000001;0.013967359999999998;0.011359232;0.00978944;0.0060139519999999995;0.008326144;0.009222144;0.009474048;0.011931648;0.009641984000000001;0.0056453119999999996;0.007583744000000001;0.013216768;0.009677823999999998;0.009208831999999998;0.009921536;0.008701952;0.011140096;0.009122816;0.0076032;0.010852352;0.006910975999999999;0.008068096;0.007307264;0.004912128;0.006679552000000001;0.005081088000000001;0.004554752;0.00459776;0.0052418560000000005;0.00482304;0.0049602560000000006;0.004895744;0.003434496;0.0037048320000000004;0.0034498560000000003;0.00385536;0.003050496;0.0021411840000000004;0.002832384;0.0024791039999999998;0.00193024;0.001062912;0.0013393919999999998
1777903200,hdr,0.0293;0.03906;0.04883;0.05859;0.06836;0.07813;0.08789;0.09766;0.10742;0.11719;0.12695;0.13672;0.14648;0.15625;0.16602;0.17578;0.18555;0.19531;0.20508;0.21484;0.22461;0.23438;0.24414;0.25391;0.26367;0.27344;0.2832;0.29297;0.30273;0.3125;0.32227;0.33203;0.3418;0.35156;0.36133;0.37109;0.38086;0.39063;0.40039;0.41016;0.41992;0.42969;0.43945;0.44922;0.45898;0.46875;0.47852;0.48828;0.49805;0.50781;0.51758;0.52734;0.53711;0.54688;0.55664;0.56641;0.57617;0.58594;0.5957;0.60547;0.61523;0.625;0.63477;0.64453;0.6543;0.66406;0.67383;0.68359;0.69336;0.70313;0.71289;0.72266;0.73242;0.74219;0.75195;0.76172;0.77148;0.78125;0.79102,0.005901312;0.011723776000000002;0.015525888000000002;0.015671296;0.051186687999999994;0.248374272;0.439648256;0.313921536;0.31777689600000003;0.188505088;0.176016384;0.099577856;0.036975616;0.017123328;0.021026816;0.018962432;0.018138112;0.025090048;0.027846655999999997;0.037763072;0.0279552;0.031781888;0.048836608000000004;0.06737305600000001;0.059492352;0.044362752;0.041851903999999995;0.045746176;0.035139584;0.021987328;0.016227328;0.019293184;0.019419136000000004;0.013290495999999999;0.011244544;0.011395072000000001;0.010790912;0.009698304;0.011119616;0.015941632;0.009787392;0.006980608;0.008232960000000001;0.010293248;0.009690111999999999;0.009857023999999999;0.006234112;0.006437888;0.0075898879999999995;0.009229312;0.009985023999999999;0.011153408000000002;0.011656192000000001;0.009954304;0.007222272;0.006774784000000001;0.006821888000000001;0.008290304;0.006838272;0.00816128;0.007989248;0.0062627839999999995;0.00610304;0.0069427199999999994;0.00749056;0.006632448;0.004400128;0.004937728;0.002823168;0.003605504;0.0055705600000000004;0.0034109440000000004;0.00215552;0.001902592;0.0033464320000000003;0.002548736;0.0017766400000000001;0.001159168;0.001261568
1777904100,hdr,0.0293;0.03906;0.04883;0.05859;0.06836;0.07813;0.08789;0.09766;0.10742;0.11719;0.12695;0.13672;0.14648;0.15625;0.16602;0.17578;0.18555;0.19531;0.20508;0.21484;0.22461;0.23438;0.24414;0.25391;0.26367;0.27344;0.2832;0.29297;0.30273;0.3125;0.32227;0.33203;0.3418;0.35156;0.36133;0.37109;0.38086;0.39063;0.40039;0.41016;0.41992;0.42969;0.43945;0.44922;0.45898;0.46875;0.47852;0.48828;0.49805;0.50781;0.51758;0.52734;0.53711;0.54688;0.55664;0.56641;0.57617;0.58594;0.5957;0.60547;0.61523;0.625;0.63477;0.64453;0.6543;0.66406;0.67383;0.68359;0.69336;0.70313;0.71289;0.72266;0.73242;0.74219;0.75195;0.76172;0.77148;0.78125;0.79102,0.0027095039999999997;0.009403392;0.018507775999999997;0.013596672;0.021049344;0.11980288;0.371818496;0.349836288;0.300827648;0.22595276799999997;0.161534976;0.045474816;0.030053376;0.027203584;0.018026496000000003;0.014317568;0.02304512;0.028521472;0.024747008;0.019081216;0.016155647999999998;0.019538944;0.037182464;0.058845184;0.091342848;0.118990848;0.060135424;0.026171391999999998;0.028189696;0.029105152000000002;0.030977024000000002;0.019461120000000002;0.012663807999999999;0.012358655999999999;0.015632384;0.019572736;0.015653888;0.014560256;0.011314175999999999;0.012841984;0.012542975999999999;0.009946112;0.008390656;0.011467776;0.013049856;0.010765311999999999;0.011188224;0.012477440000000001;0.010580992000000001;0.015241216;0.016149504000000002;0.012868608;0.015900672;0.010968064;0.006202368;0.011013120000000001;0.011782144;0.009889792;0.009731072;0.0069918720000000005;0.007117824;0.007640063999999999;0.009358336;0.0079872;0.005200896000000001;0.005093376;0.005289983999999999;0.004639744;0.0025528319999999997;0.0035072000000000002;0.0034979840000000004;0.003315712;0.003549184;0.0040243200000000005;0.002992128;0.00272384;0.002019328;0.000979968;0.0017152
1777905000,hdr,0.0293;0.03906;0.04883;0.05859;0.06836;0.07813;0.08789;0.09766;0.10742;0.11719;0.12695;0.13672;0.14648;0.15625;0.16602;0.17578;0.18555;0.19531;0.20508;0.21484;0.22461;0.23438;0.24414;0.25391;0.26367;0.27344;0.2832;0.29297;0.30273;0.3125;0.32227;0.33203;0.3418;0.35156;0.36133;0.37109;0.38086;0.39063;0.40039;0.41016;0.41992;0.42969;0.43945;0.44922;0.45898;0.46875;0.47852;0.48828;0.49805;0.50781;0.51758;0.52734;0.53711;0.54688;0.55664;0.56641;0.57617;0.58594;0.5957;0.60547;0.61523;0.625;0.63477;0.64453;0.6543;0.66406;0.67383;0.68359;0.69336;0.70313;0.71289;0.72266;0.73242;0.74219;0.75195;0.76172;0.77148;0.78125;0.79102,0.0031559680000000003;0.008201216;0.009984;0.014830591999999998;0.03659776;0.170655744;0.337553408;0.28516044799999996;0.220162048;0.21875507200000002;0.19732889599999998;0.089357312;0.041078784;0.027932672;0.029049856;0.03560448;0.03454464;0.030673919999999997;0.029224959999999998;0.020927488;0.015276032000000002;0.027457536;0.047013888;0.07226777599999999;0.1067776;0.08469708799999999;0.072409088;0.04691968;0.033075200000000006;0.034077696000000005;0.023780351999999998;0.011197440000000001;0.019862528;0.025593855999999998;0.026674176;0.025147392;0.016523264000000003;0.01614336;0.017901568;0.011078656000000001;0.007376896000000001;0.0068229119999999996;0.016233472;0.017291264000000004;0.021508095999999997;0.013967359999999998;0.011574272;0.012702719999999999;0.011713536;0.012607488;0.016149504000000002;0.01970688;0.014349312;0.011777024;0.01147392;0.008620032;0.004916224;0.008976384;0.009437184000000001;0.00669184;0.007122944000000001;0.005900287999999999;0.0052572159999999995;0.0039936;0.0057098240000000005;0.00687616;0.0046991360000000005;0.004360192;0.00392192;0.0021329920000000002;0.002361344;0.002676736;0.002097152;0.00192;0.002505728;0.002130944;0.002051072;0.002036736;0.00283136
1777905900,hdr,0.0293;0.03906;0.04883;0.05859;0.06836;0.07813;0.08789;0.09766;0.10742;0.11719;0.12695;0.13672;0.14648;0.15625;0.16602;0.17578;0.18555;0.19531;0.20508;0.21484;0.22461;0.23438;0.24414;0.25391;0.26367;0.27344;0.2832;0.29297;0.30273;0.3125;0.32227;0.33203;0.3418;0.35156;0.36133;0.37109;0.38086;0.39063;0.40039;0.41016;0.41992;0.42969;0.43945;0.44922;0.45898;0.46875;0.47852;0.48828;0.49805;0.50781;0.51758;0.52734;0.53711;0.54688;0.55664;0.56641;0.57617;0.58594;0.5957;0.60547;0.61523;0.625;0.63477;0.64453;0.6543;0.66406;0.67383;0.68359;0.69336;0.70313;0.71289;0.72266;0.73242;0.74219;0.75195;0.76172;0.77148;0.78125;0.79102,0.0042086400000000005;0.015002624;0.01973248;0.020317184000000002;0.039283712;0.125161472;0.31686144;0.331194368;0.470692864;0.30015795200000006;0.16438476800000001;0.09138483200000001;0.03230208;0.026396672;0.023229439999999997;0.01148416;0.013077503999999998;0.011967488;0.014732288;0.014078976;0.016980992;0.025053184000000003;0.031104;0.064851968;0.139792384;0.14285209599999998;0.079442944;0.04876288;0.03909632;0.036833279999999996;0.03185664;0.020990975999999998;0.021605376;0.021801984;0.019979264;0.023874559999999996;0.019610624;0.021092352;0.030671872;0.022915072;0.013392896000000001;0.021773312000000003;0.02471936;0.023068672;0.017552383999999997;0.016223232;0.009053183999999999;0.008602624;0.011037696;0.011106304000000001;0.011949056000000001;0.01481728;0.015055872000000001;0.011728896;0.00974336;0.010819584;0.009897983999999999;0.008706048;0.007585791999999999;0.009344;0.007702528;0.0049807359999999995;0.005859328;0.0031395840000000004;0.002921472;0.003815424;0.004360192;0.004011008;0.00350208;0.0029491200000000004;0.002491392;0.003567616;0.0029798399999999997;0.001985536;0.002203648;0.0014991359999999999;0.001504256;0.0018083840000000001;0.0017090559999999998
1777906800,hdr,0.0293;0.03906;0.04883;0.05859;0.06836;0.07813;0.08789;0.09766;0.10742;0.11719;0.12695;0.13672;0.14648;0.15625;0.16602;0.17578;0.18555;0.19531;0.20508;0.21484;0.22461;0.23438;0.24414;0.25391;0.26367;0.27344;0.2832;0.29297;0.30273;0.3125;0.32227;0.33203;0.3418;0.35156;0.36133;0.37109;0.38086;0.39063;0.40039;0.41016;0.41992;0.42969;0.43945;0.44922;0.45898;0.46875;0.47852;0.48828;0.49805;0.50781;0.51758;0.52734;0.53711;0.54688;0.55664;0.56641;0.57617;0.58594;0.5957;0.60547;0.61523;0.625;0.63477;0.64453;0.6543;0.66406;0.67383;0.68359;0.69336;0.70313;0.71289;0.72266;0.73242;0.74219;0.75195;0.76172;0.77148;0.78125;0.79102,0.0030341120000000003;0.00758784;0.014790656000000001;0.01655296;0.03019264;0.12581683200000002;0.42025676800000006;0.443222016;0.27847475200000005;0.208086016;0.130367488;0.058661888;0.0181248;0.011539456;0.012792832;0.019943423999999998;0.013426688;0.019872768;0.030370816000000002;0.034748416;0.023916543999999998;0.017268736;0.022290432000000002;0.0492032;0.086115328;0.103487488;0.094098432;0.067008512;0.07157145599999999;0.048419840000000006;0.034510848000000004;0.028204032000000004;0.023400448;0.018919424;0.041289728;0.04187648;0.038652928;0.042088447999999994;0.038802432;0.02937856;0.021054464;0.031646719999999996;0.035828736;0.030979072;0.023396352;0.022808575999999997;0.021433344;0.016490496;0.015450112;0.013295616;0.010504191999999999;0.010203136;0.01238016;0.012883967999999999;0.0126464;0.014541824;0.013169664;0.008113151999999998;0.009523199999999999;0.005477375999999999;0.004667392000000001;0.006762495999999999;0.008485887999999999;0.00766976;0.006254592;0.0034078719999999997;0.003576832;0.003110912;0.0022466560000000005;0.003026944;0.002183168;0.003531776;0.00388096;0.0031938559999999997;0.0036823039999999995;0.002258944;0.003362816;0.002614272;0.001457152
1777907700,hdr,0.0293;0.03906;0.04883;0.05859;0.06836;0.07813;0.08789;0.09766;0.10742;0.11719;0.12695;0.13672;0.14648;0.15625;0.16602;0.17578;0.18555;0.19531;0.20508;0.21484;0.22461;0.23438;0.24414;0.25391;0.26367;0.27344;0.2832;0.29297;0.30273;0.3125;0.32227;0.33203;0.3418;0.35156;0.36133;0.37109;0.38086;0.39063;0.40039;0.41016;0.41992;0.42969;0.43945;0.44922;0.45898;0.46875;0.47852;0.48828;0.49805;0.50781;0.51758;0.52734;0.53711;0.54688;0.55664;0.56641;0.57617;0.58594;0.5957;0.60547;0.61523;0.625;0.63477;0.64453;0.6543;0.66406;0.67383;0.68359;0.69336;0.70313;0.71289;0.72266;0.73242;0.74219;0.75195;0.76172;0.77148;0.78125;0.79102,0.005768192;0.008297472000000002;0.00903168;0.007617536;0.038569983999999995;0.153161728;0.27646259199999995;0.381304832;0.3622656;0.223616;0.11356672;0.083050496;0.054744063999999995;0.024484864000000002;0.014882816;0.017141760000000002;0.019166208000000004;0.022543360000000002;0.019831807999999996;0.010935295999999999;0.00974336;0.017939456;0.030767104;0.05789696;0.11156582400000001;0.102418432;0.07216332800000001;0.077996032;0.07775846400000001;0.049178624;0.038474752;0.054652927999999996;0.057654272;0.057355263999999996;0.052265984;0.04345548800000001;0.045636608;0.029433856;0.037803008;0.03718656;0.039926784;0.041018368;0.022469632;0.014939136;0.018332671999999998;0.019391488;0.01874944;0.021209088;0.013714432;0.016052223999999997;0.012223488;0.011592704;0.009504768;0.011663360000000001;0.010788864;0.006813696;0.007007232;0.007800832;0.005929984;0.005833728;0.006987776;0.005946368;0.005007360000000001;0.006531072;0.0069847039999999996;0.006412288;0.005472255999999999;0.003443712;0.0024156159999999998;0.0026480640000000003;0.0028303359999999997;0.0022599680000000002;0.002183168;0.0017039359999999999;0.002172928;0.0028897280000000003;0.002436096;0.0022732800000000004;0.0018800639999999999
1777908600,hdr,0.0293;0.03906;0.04883;0.05859;0.06836;0.07813;0.08789;0.09766;0.10742;0.11719;0.12695;0.13672;0.14648;0.15625;0.16602;0.17578;0.18555;0.19531;0.20508;0.21484;0.22461;0.23438;0.24414;0.25391;0.26367;0.27344;0.2832;0.29297;0.30273;0.3125;0.32227;0.33203;0.3418;0.35156;0.36133;0.37109;0.38086;0.39063;0.40039;0.41016;0.41992;0.42969;0.43945;0.44922;0.45898;0.46875;0.47852;0.48828;0.49805;0.50781;0.51758;0.52734;0.53711;0.54688;0.55664;0.56641;0.57617;0.58594;0.5957;0.60547;0.61523;0.625;0.63477;0.64453;0.6543;0.66406;0.67383;0.68359;0.69336;0.70313;0.71289;0.72266;0.73242;0.74219;0.75195;0.76172;0.77148;0.78125;0.79102,0.0038174719999999997;0.005844992;0.0059269119999999995;0.004803584;0.020819968;0.07161548799999999;0.32633344;0.44302745599999993;0.266058752;0.23183052799999998;0.106648576;0.063488;0.053365760000000005;0.018526208;0.018865152;0.021069824;0.033970176;0.025591808;0.023121919999999997;0.02360832;0.032903167999999997;0.024864768;0.04580864;0.077976576;0.10709708800000001;0.07702528;0.065700864;0.085532672;0.060265472;0.038463488;0.053850112;0.075262976;0.07429632;0.054843392;0.0365568;0.044675072;0.046359552000000005;0.038792192;0.031879168;0.036662272;0.024153088;0.018975744;0.021113856;0.026944512;0.020882432;0.017385472000000003;0.019008511999999998;0.007457792;0.009711616;0.014280704;0.011220992;0.01216;0.011027456;0.010513408;0.006513664000000001;0.009546752;0.011995136;0.006813696;0.008584192;0.00912384;0.006980608;0.004911104;0.005320704;0.006537216;0.00700416;0.004144128;0.00444928;0.004891648;0.004847616;0.004346879999999999;0.003555328;0.004598784000000001;0.00327168;0.002464768;0.0024309759999999996;0.0023408640000000002;0.004262912000000001;0.003026944;0.0026787839999999996
1777909500,hdr,0.0293;0.03906;0.04883;0.05859;0.06836;0.07813;0.08789;0.09766;0.10742;0.11719;0.12695;0.13672;0.14648;0.15625;0.16602;0.17578;0.18555;0.19531;0.20508;0.21484;0.22461;0.23438;0.24414;0.25391;0.26367;0.27344;0.2832;0.29297;0.30273;0.3125;0.32227;0.33203;0.3418;0.35156;0.36133;0.37109;0.38086;0.39063;0.40039;0.41016;0.41992;0.42969;0.43945;0.44922;0.45898;0.46875;0.47852;0.48828;0.49805;0.50781;0.51758;0.52734;0.53711;0.54688;0.55664;0.56641;0.57617;0.58594;0.5957;0.60547;0.61523;0.625;0.63477;0.64453;0.6543;0.66406;0.67383;0.68359;0.69336;0.70313;0.71289;0.72266;0.73242;0.74219;0.75195;0.76172;0.77148;0.78125;0.79102,0.003162112;0.014010368;0.015071232;0.011598848;0.019859456;0.107876352;0.293267456;0.3224576;0.269469696;0.21248819200000002;0.11075584000000001;0.102879232;0.058194944000000005;0.020450304;0.0206848;0.023189504;0.03826278400000001;0.037861375999999995;0.024406016;0.032843776;0.035773440000000004;0.025995264;0.05033267200000001;0.07781887999999999;0.101008384;0.110778368;0.113626112;0.06547456;0.046517248;0.037214208;0.031565824;0.021204992000000002;0.031107072;0.039171072;0.039547904;0.032272384;0.045374464;0.0500992;0.045108224;0.051508224000000005;0.035679232;0.02569216;0.02303488;0.03587072;0.0433664;0.031777792;0.018872319999999998;0.015919104;0.016129024000000002;0.020059135999999998;0.013493248;0.009838592;0.011157503999999999;0.015937536;0.018857983999999998;0.009947136;0.008585216;0.0071884800000000006;0.00632832;0.007894016;0.007277567999999999;0.010184704;0.008962047999999999;0.004924416;0.0056832;0.00549888;0.006978559999999999;0.005237759999999999;0.004012032;0.003985408;0.003708928;0.0031467520000000005;0.002336768;0.0025671680000000003;0.00231936;0.002299904;0.002674688;0.00292864;0.0022599680000000002
1777910400,hdr,0.0293;0.03906;0.04883;0.05859;0.06836;0.07813;0.08789;0.09766;0.10742;0.11719;0.12695;0.13672;0.14648;0.15625;0.16602;0.17578;0.18555;0.19531;0.20508;0.21484;0.22461;0.23438;0.24414;0.25391;0.26367;0.27344;0.2832;0.29297;0.30273;0.3125;0.32227;0.33203;0.3418;0.35156;0.36133;0.37109;0.38086;0.39063;0.40039;0.41016;0.41992;0.42969;0.43945;0.44922;0.45898;0.46875;0.47852;0.48828;0.49805;0.50781;0.51758;0.52734;0.53711;0.54688;0.55664;0.56641;0.57617;0.58594;0.5957;0.60547;0.61523;0.625;0.63477;0.64453;0.6543;0.66406;0.67383;0.68359;0.69336;0.70313;0.71289;0.72266;0.73242;0.74219;0.75195;0.76172;0.77148;0.78125;0.79102,0.0050401280000000005;0.007541760000000001;0.01040896;0.012739584;0.05877248;0.1391616;0.380008448;0.487135232;0.35399782399999996;0.163971072;0.066883584;0.037811199999999996;0.03749888;0.025347072000000002;0.024316928;0.020952064;0.017922048;0.021769216;0.021864448;0.018187263999999998;0.01639936;0.015668224;0.037215232;0.060991487999999996;0.046942208;0.061747199999999995;0.048356352;0.066359296;0.044990464;0.027296768;0.021431296;0.034371584;0.030137343999999996;0.035779584;0.037402624;0.026506239999999997;0.034870271999999994;0.028526592;0.020968448;0.018649088;0.028781568;0.046978048;0.030210048;0.022121472000000003;0.022395904;0.025909248000000003;0.018569216;0.022469632;0.022804480000000002;0.025652224;0.019416063999999997;0.013702144;0.011780096;0.00671744;0.007044096;0.00942592;0.008132608;0.007792639999999999;0.0069918720000000005;0.008835072;0.008585216;0.006408192;0.007540736;0.0057047040000000005;0.0032133120000000003;0.007955456;0.0068526080000000005;0.005458943999999999;0.005448704;0.002833408;0.002306048;0.004907008;0.005293056;0.004182015999999999;0.0034385919999999994;0.001743872;0.001999872;0.001864704;0.0018411519999999998
1777911300,hdr,0.0293;0.03906;0.04883;0.05859;0.06836;0.07813;0.08789;0.09766;0.10742;0.11719;0.12695;0.13672;0.14648;0.15625;0.16602;0.17578;0.18555;0.19531;0.20508;0.21484;0.22461;0.23438;0.24414;0.25391;0.26367;0.27344;0.2832;0.29297;0.30273;0.3125;0.32227;0.33203;0.3418;0.35156;0.36133;0.37109;0.38086;0.39063;0.40039;0.41016;0.41992;0.42969;0.43945;0.44922;0.45898;0.46875;0.47852;0.48828;0.49805;0.50781;0.51758;0.52734;0.53711;0.54688;0.55664;0.56641;0.57617;0.58594;0.5957;0.60547;0.61523;0.625;0.63477;0.64453;0.6543;0.66406;0.67383;0.68359;0.69336;0.70313;0.71289;0.72266;0.73242;0.74219;0.75195;0.76172;0.77148;0.78125;0.79102,0.0038000639999999997;0.008666111999999998;0.007531520000000001;0.007291903999999999;0.023056384000000003;0.132339712;0.362404864;0.429238272;0.31943987199999996;0.129891328;0.096728064;0.066075648;0.031388672;0.024945664;0.014215168;0.019918848000000003;0.02036224;0.013963264000000001;0.015067136;0.025809920000000004;0.019229696;0.020918272;0.019048448;0.042343424;0.07997849600000001;0.13554687999999998;0.14049689599999998;0.066362368;0.043736064;0.049902591999999996;0.025982976;0.029898752;0.037766144;0.05014835200000001;0.04312268799999999;0.024193024;0.030281728000000004;0.05104128;0.03707904;0.04930662399999999;0.054313983999999996;0.038393856;0.025895935999999998;0.020318207999999997;0.016537600000000003;0.022144;0.027392;0.019038208;0.01225216;0.019890176;0.018939903999999997;0.006713344;0.015873024;0.019347456000000002;0.010990591999999999;0.013726720000000001;0.011710464;0.007431168;0.0088832;0.006670336000000001;0.007078912000000001;0.009393152;0.009005056;0.005342208;0.00617984;0.006910975999999999;0.005459968;0.003835904;0.0035809279999999997;0.00456192;0.00510464;0.004408319999999999;0.0023050239999999997;0.002286592;0.002354176;0.0028753920000000005;0.002697216;0.00169472;0.0017152
1777912200,hdr,0.0293;0.03906;0.04883;0.05859;0.06836;0.07813;0.08789;0.09766;0.10742;0.11719;0.12695;0.13672;0.14648;0.15625;0.16602;0.17578;0.18555;0.19531;0.20508;0.21484;0.22461;0.23438;0.24414;0.25391;0.26367;0.27344;0.2832;0.29297;0.30273;0.3125;0.32227;0.33203;0.3418;0.35156;0.36133;0.37109;0.38086;0.39063;0.40039;0.41016;0.41992;0.42969;0.43945;0.44922;0.45898;0.46875;0.47852;0.48828;0.49805;0.50781;0.51758;0.52734;0.53711;0.54688;0.55664;0.56641;0.57617;0.58594;0.5957;0.60547;0.61523;0.625;0.63477;0.64453;0.6543;0.66406;0.67383;0.68359;0.69336;0.70313;0.71289;0.72266;0.73242;0.74219;0.75195;0.76172;0.77148;0.78125;0.79102,0.004299776;0.018235392;0.020779008;0.014194688;0.022920192;0.141991936;0.28701593599999997;0.405861376;0.34875904;0.173709312;0.05891072;0.057211903999999994;0.043182080000000005;0.022684672;0.020289536;0.01731584;0.018803712;0.01754112;0.016978944;0.014358528;0.022361088;0.020416512;0.025397248;0.034098176;0.085174272;0.125483008;0.09294848000000001;0.077357056;0.069374976;0.06852096;0.08814489600000001;0.06514176;0.042747903999999996;0.047855616;0.043577344;0.038199295999999994;0.048376832;0.057739264;0.054571008000000004;0.02537472;0.017671168;0.03372544;0.04208128;0.036446208;0.023808;0.018285568000000002;0.018174976000000002;0.028676096;0.015199232;0.01618944;0.017532928;0.013811712;0.015429632;0.011398144;0.013773823999999999;0.01272832;0.011267072;0.012822528;0.009720832;0.008574975999999998;0.00812544;0.008260608000000001;0.005850112;0.0059514880000000004;0.009546752;0.009791488;0.006595584;0.005029888;0.004493312000000001;0.005100544;0.0032471040000000002;0.005141504;0.004145152;0.0029337599999999997;0.00390144;0.00397312;0.003013632;0.002722816;0.0020101119999999997
1777913100,hdr,0.0293;0.03906;0.04883;0.05859;0.06836;0.07813;0.08789;0.09766;0.10742;0.11719;0.12695;0.13672;0.14648;0.15625;0.16602;0.17578;0.18555;0.19531;0.20508;0.21484;0.22461;0.23438;0.24414;0.25391;0.26367;0.27344;0.2832;0.29297;0.30273;0.3125;0.32227;0.33203;0.3418;0.35156;0.36133;0.37109;0.38086;0.39063;0.40039;0.41016;0.41992;0.42969;0.43945;0.44922;0.45898;0.46875;0.47852;0.48828;0.49805;0.50781;0.51758;0.52734;0.53711;0.54688;0.55664;0.56641;0.57617;0.58594;0.5957;0.60547;0.61523;0.625;0.63477;0.64453;0.6543;0.66406;0.67383;0.68359;0.69336;0.70313;0.71289;0.72266;0.73242;0.74219;0.75195;0.76172;0.77148;0.78125;0.79102,0.004551680000000001;0.009332736000000001;0.009408512;0.008109056;0.030040064000000002;0.093853696;0.367451136;0.38573977600000003;0.27427328;0.145562624;0.07881625599999999;0.052195328;0.041496576;0.018797568;0.025282560000000003;0.032308224;0.033953792000000003;0.028439552;0.020299776000000002;0.014252032;0.013197312;0.016783359999999997;0.0155392;0.033114112;0.071246848;0.118889472;0.113304576;0.10968064;0.09618739200000001;0.058157056;0.06308864;0.061560831999999996;0.047208448;0.044087296000000005;0.045690879999999996;0.059877375999999996;0.059037695999999994;0.040382464;0.041971712;0.047204352;0.040247296;0.028612608;0.021242880000000002;0.022959104;0.025696256;0.0272384;0.019387392;0.017872896;0.025838591999999997;0.019400704;0.021133312;0.021403648;0.011580416;0.011573248;0.011707392;0.007277567999999999;0.009539583999999999;0.011584512;0.008363008;0.008787967999999998;0.007330816;0.004205568;0.005902336;0.004815872;0.005122048000000001;0.0057446400000000005;0.006301696;0.008372223999999998;0.0058818559999999995;0.003726336;0.004859904000000001;0.00523264;0.005797888000000001;0.004484096000000001;0.0038420480000000003;0.003612672;0.004954112;0.0028426239999999998;0.003605504
1777914000,hdr,0.0293;0.03906;0.04883;0.05859;0.06836;0.07813;0.08789;0.09766;0.10742;0.11719;0.12695;0.13672;0.14648;0.15625;0.16602;0.17578;0.18555;0.19531;0.20508;0.21484;0.22461;0.23438;0.24414;0.25391;0.26367;0.27344;0.2832;0.29297;0.30273;0.3125;0.32227;0.33203;0.3418;0.35156;0.36133;0.37109;0.38086;0.39063;0.40039;0.41016;0.41992;0.42969;0.43945;0.44922;0.45898;0.46875;0.47852;0.48828;0.49805;0.50781;0.51758;0.52734;0.53711;0.54688;0.55664;0.56641;0.57617;0.58594;0.5957;0.60547;0.61523;0.625;0.63477;0.64453;0.6543;0.66406;0.67383;0.68359;0.69336;0.70313;0.71289;0.72266;0.73242;0.74219;0.75195;0.76172;0.77148;0.78125;0.79102,0.004615167999999999;0.009404415999999999;0.010719232;0.009477119999999999;0.018210816;0.09028608;0.27877580799999996;0.422012928;0.34198527999999995;0.133497856;0.071258112;0.040178688000000004;0.018741248;0.017592319999999998;0.020772864;0.028515328000000003;0.047746048;0.039012352;0.02068992;0.0155904;0.016427008000000003;0.021937152;0.028135424;0.048277504;0.076468224;0.05784576;0.038522879999999995;0.07902208000000001;0.092668928;0.062015488;0.0683008;0.072090624;0.04250112;0.045576191999999995;0.08183296000000001;0.063997952;0.040229888;0.032060415999999994;0.033304576;0.041496576;0.03276288;0.02481664;0.024475648000000003;0.036107264;0.029517824;0.020726783999999998;0.022008832000000002;0.016120832;0.016551936000000003;0.015098879999999999;0.01202176;0.012442624;0.018061312000000003;0.014958591999999998;0.013417472;0.01513984;0.013165568;0.013258751999999999;0.013181952000000002;0.011045887999999998;0.007453696;0.006054912;0.00899584;0.0062177280000000005;0.004475903999999999;0.00515584;0.004861951999999999;0.00430592;0.0025456639999999996;0.0026286079999999997;0.005013504;0.00453632;0.001885184;0.00215552;0.002675712;0.002436096;0.0033382399999999997;0.002440192;0.001455104
1777914900,hdr,0.0293;0.03906;0.04883;0.05859;0.06836;0.07813;0.08789;0.09766;0.10742;0.11719;0.12695;0.13672;0.14648;0.15625;0.16602;0.17578;0.18555;0.19531;0.20508;0.21484;0.22461;0.23438;0.24414;0.25391;0.26367;0.27344;0.2832;0.29297;0.30273;0.3125;0.32227;0.33203;0.3418;0.35156;0.36133;0.37109;0.38086;0.39063;0.40039;0.41016;0.41992;0.42969;0.43945;0.44922;0.45898;0.46875;0.47852;0.48828;0.49805;0.50781;0.51758;0.52734;0.53711;0.54688;0.55664;0.56641;0.57617;0.58594;0.5957;0.60547;0.61523;0.625;0.63477;0.64453;0.6543;0.66406;0.67383;0.68359;0.69336;0.70313;0.71289;0.72266;0.73242;0.74219;0.75195;0.76172;0.77148;0.78125;0.79102,0.003509248;0.010022912;0.014618624;0.01302016;0.030078976000000004;0.10839552000000001;0.286848;0.513929216;0.341445632;0.082526208;0.028571648;0.01598464;0.017171455999999998;0.019134464;0.01536512;0.019308544;0.025470976;0.019912704;0.01463296;0.012749824;0.012735488;0.017269760000000002;0.01862656;0.017685504;0.038076416;0.0841216;0.11014041599999999;0.10080256;0.11656806400000001;0.097127424;0.06769152;0.067035136;0.039908352;0.039885824;0.094577664;0.060371968;0.033169408;0.04241408;0.037001216;0.031330304;0.028991488000000003;0.036170752;0.037742592000000005;0.029192192;0.031598592;0.030724096;0.02804736;0.025322496;0.016661504;0.015126528;0.009008127999999999;0.015179775999999999;0.020530176;0.015154176;0.011663360000000001;0.009300992000000001;0.008894464;0.007252992;0.007398399999999999;0.006531072;0.006736896;0.005486591999999999;0.004168704;0.00605696;0.008256512;0.004633600000000001;0.003720192;0.004569088;0.004774911999999999;0.00564736;0.003489792;0.00408576;0.004581375999999999;0.0033812479999999995;0.0024463360000000003;0.002966528;0.002857984;0.0026296320000000002;0.002143232
1777915800,hdr,0.0293;0.03906;0.04883;0.05859;0.06836;0.07813;0.08789;0.09766;0.10742;0.11719;0.12695;0.13672;0.14648;0.15625;0.16602;0.17578;0.18555;0.19531;0.20508;0.21484;0.22461;0.23438;0.24414;0.25391;0.26367;0.27344;0.2832;0.29297;0.30273;0.3125;0.32227;0.33203;0.3418;0.35156;0.36133;0.37109;0.38086;0.39063;0.40039;0.41016;0.41992;0.42969;0.43945;0.44922;0.45898;0.46875;0.47852;0.48828;0.49805;0.50781;0.51758;0.52734;0.53711;0.54688;0.55664;0.56641;0.57617;0.58594;0.5957;0.60547;0.61523;0.625;0.63477;0.64453;0.6543;0.66406;0.67383;0.68359;0.69336;0.70313;0.71289;0.72266;0.73242;0.74219;0.75195;0.76172;0.77148;0.78125;0.79102,0.005276672;0.010319871999999999;0.013335552;0.023887872000000004;0.070262784;0.07554048;0.184121344;0.380091392;0.29386239999999997;0.18733568;0.05543936;0.040930303999999994;0.029258752;0.022794239999999997;0.024479743999999998;0.016551936000000003;0.018000896000000002;0.020320256000000002;0.015082496;0.021467135999999998;0.02341888;0.025086976;0.034384896;0.043452416;0.047226880000000006;0.0689152;0.053111808;0.072654848;0.06003712;0.061641728;0.0786688;0.07490252800000001;0.049581056;0.038882304;0.047338496;0.048931840000000004;0.038317056;0.042377216;0.060737536;0.045609984;0.040102912000000004;0.035801088;0.037061632000000004;0.050629632;0.048546816;0.030992384;0.028997632;0.038633471999999995;0.036258816000000006;0.029379584000000004;0.02370048;0.022004736;0.018768896;0.022024191999999998;0.015437824000000001;0.013012992000000001;0.010452992;0.013366272;0.015879168;0.011599871999999999;0.00865792;0.0064768000000000004;0.008237056000000001;0.007275520000000001;0.0070123519999999995;0.007447552;0.009184256;0.009664512;0.007334912;0.006082560000000001;0.005289983999999999;0.005651455999999999;0.004933632;0.003995648;0.00262656;0.003567616;0.0027975680000000003;0.0025989119999999997;0.0022015999999999997
1777916700,hdr,0.0293;0.03906;0.04883;0.05859;0.06836;0.07813;0.08789;0.09766;0.10742;0.11719;0.12695;0.13672;0.14648;0.15625;0.16602;0.17578;0.18555;0.19531;0.20508;0.21484;0.22461;0.23438;0.24414;0.25391;0.26367;0.27344;0.2832;0.29297;0.30273;0.3125;0.32227;0.33203;0.3418;0.35156;0.36133;0.37109;0.38086;0.39063;0.40039;0.41016;0.41992;0.42969;0.43945;0.44922;0.45898;0.46875;0.47852;0.48828;0.49805;0.50781;0.51758;0.52734;0.53711;0.54688;0.55664;0.56641;0.57617;0.58594;0.5957;0.60547;0.61523;0.625;0.63477;0.64453;0.6543;0.66406;0.67383;0.68359;0.69336;0.70313;0.71289;0.72266;0.73242;0.74219;0.75195;0.76172;0.77148;0.78125;0.79102,0.011174912;0.010024960000000001;0.006732800000000001;0.015025152;0.040612864;0.09829068800000001;0.25909248;0.3826944;0.215862272;0.098144256;0.082214912;0.030941184;0.015422464;0.014687232;0.022341632;0.03324416;0.024030207999999997;0.025675775999999997;0.022441984;0.020155392;0.020502528000000003;0.026225663999999996;0.027231232;0.033022976;0.04995072;0.080630784;0.07446118400000001;0.11159347200000001;0.129646592;0.101056512;0.06857625599999999;0.059886591999999995;0.048894976;0.049297407999999994;0.048222207999999996;0.056086528;0.08304128;0.077120512;0.050989056;0.044324864;0.07095398400000001;0.053439488;0.036846592000000004;0.033754112;0.041236480000000006;0.029903871999999998;0.025346048;0.026994688;0.025396224;0.024180736;0.018152448;0.016338944;0.015549440000000001;0.014609407999999999;0.012041216;0.009129984;0.01115136;0.01033728;0.00850944;0.008487936;0.007100416;0.01171968;0.008370176000000002;0.007804928;0.004214784;0.005495808;0.00650752;0.006174719999999999;0.005782528;0.00680448;0.006736896;0.0036116480000000003;0.00261632;0.002564096;0.002893824;0.0034252799999999997;0.00236032;0.0032020480000000003;0.003103744
1777917600,hdr,0.0293;0.03906;0.04883;0.05859;0.06836;0.07813;0.08789;0.09766;0.10742;0.11719;0.12695;0.13672;0.14648;0.15625;0.16602;0.17578;0.18555;0.19531;0.20508;0.21484;0.22461;0.23438;0.24414;0.25391;0.26367;0.27344;0.2832;0.29297;0.30273;0.3125;0.32227;0.33203;0.3418;0.35156;0.36133;0.37109;0.38086;0.39063;0.40039;0.41016;0.41992;0.42969;0.43945;0.44922;0.45898;0.46875;0.47852;0.48828;0.49805;0.50781;0.51758;0.52734;0.53711;0.54688;0.55664;0.56641;0.57617;0.58594;0.5957;0.60547;0.61523;0.625;0.63477;0.64453;0.6543;0.66406;0.67383;0.68359;0.69336;0.70313;0.71289;0.72266;0.73242;0.74219;0.75195;0.76172;0.77148;0.78125;0.79102,0.012536832;0.024139776;0.027487232;0.022439935999999997;0.06482432;0.10664448;0.2682214399999999;0.44703436799999996;0.249808896;0.057255936;0.042715136;0.028290047999999998;0.027666432;0.01936384;0.018500608;0.016980992;0.015997952;0.020764672;0.016256;0.021628928;0.023952383999999997;0.026095616;0.041644032;0.082367488;0.073962496;0.102268928;0.131352576;0.078365696;0.057447424;0.12291993600000001;0.055469056;0.044099584000000004;0.06806527999999999;0.06897049599999999;0.05270732799999999;0.046915584;0.0365568;0.024004608;0.022269952000000003;0.027296768;0.032351232;0.026248192;0.020688896000000002;0.031515648;0.031150079999999997;0.032446464;0.031707136;0.026329088;0.025020416;0.018081792000000003;0.01327104;0.019850239999999998;0.018865152;0.014485504000000001;0.012624895999999998;0.01113088;0.006838272;0.010559487999999999;0.010687488;0.007117824;0.008306688;0.01196032;0.01110016;0.008275968000000002;0.007497728;0.005220352;0.006238208;0.005859328;0.006135808;0.0032511999999999997;0.003642368;0.004517888;0.0043929600000000004;0.0025743360000000004;0.003596288;0.002528256;0.0019251199999999998;0.002824192;0.002436096
1777918500,hdr,0.0293;0.03906;0.04883;0.05859;0.06836;0.07813;0.08789;0.09766;0.10742;0.11719;0.12695;0.13672;0.14648;0.15625;0.16602;0.17578;0.18555;0.19531;0.20508;0.21484;0.22461;0.23438;0.24414;0.25391;0.26367;0.27344;0.2832;0.29297;0.30273;0.3125;0.32227;0.33203;0.3418;0.35156;0.36133;0.37109;0.38086;0.39063;0.40039;0.41016;0.41992;0.42969;0.43945;0.44922;0.45898;0.46875;0.47852;0.48828;0.49805;0.50781;0.51758;0.52734;0.53711;0.54688;0.55664;0.56641;0.57617;0.58594;0.5957;0.60547;0.61523;0.625;0.63477;0.64453;0.6543;0.66406;0.67383;0.68359;0.69336;0.70313;0.71289;0.72266;0.73242;0.74219;0.75195;0.76172;0.77148;0.78125;0.79102,0.003803136;0.008389632000000001;0.02098688;0.019470335999999998;0.036273152;0.072421376;0.26650931200000005;0.400695296;0.25438310399999997;0.107527168;0.073993216;0.039755776;0.024817664;0.026961919999999997;0.032623616;0.031209472000000002;0.030892032;0.019986432000000002;0.0178944;0.026612736;0.030554112;0.047177728;0.047497216;0.040089599999999996;0.075930624;0.058364927999999996;0.07197900799999998;0.074544128;0.10114867200000001;0.08789299200000002;0.038526976;0.040748032;0.056940544;0.059559936;0.049587200000000005;0.026682367999999998;0.041950208;0.039852032;0.034663424;0.03234816;0.035470336000000005;0.036885504;0.03973632;0.032289792;0.031731712;0.028758016;0.030502912;0.0224;0.01872384;0.014159871999999999;0.010287104;0.010512384;0.012454912;0.008649727999999999;0.00635904;0.007242752000000001;0.009509888000000001;0.010450944;0.007887871999999999;0.007508992;0.006825984;0.007144447999999999;0.004222976;0.004322304;0.003779584;0.003428352;0.004901888;0.006832128;0.0065167359999999995;0.0027863040000000003;0.0031098880000000003;0.0033167360000000002;0.0029655040000000003;0.002655232;0.002475008;0.0030228480000000003;0.002569216;0.0022425599999999998;0.003504128
1777919400,hdr,0.0293;0.03906;0.04883;0.05859;0.06836;0.07813;0.08789;0.09766;0.10742;0.11719;0.12695;0.13672;0.14648;0.15625;0.16602;0.17578;0.18555;0.19531;0.20508;0.21484;0.22461;0.23438;0.24414;0.25391;0.26367;0.27344;0.2832;0.29297;0.30273;0.3125;0.32227;0.33203;0.3418;0.35156;0.36133;0.37109;0.38086;0.39063;0.40039;0.41016;0.41992;0.42969;0.43945;0.44922;0.45898;0.46875;0.47852;0.48828;0.49805;0.50781;0.51758;0.52734;0.53711;0.54688;0.55664;0.56641;0.57617;0.58594;0.5957;0.60547;0.61523;0.625;0.63477;0.64453;0.6543;0.66406;0.67383;0.68359;0.69336;0.70313;0.71289;0.72266;0.73242;0.74219;0.75195;0.76172;0.77148;0.78125;0.79102,0.007923712000000001;0.006644736;0.013110272000000001;0.008323072;0.019275776;0.047337472;0.184495104;0.21393920000000002;0.20655411199999998;0.09762304000000001;0.051928063999999996;0.04886016000000001;0.028379136;0.022222847999999996;0.018485248;0.023241728;0.030198784;0.024684544;0.018294783999999998;0.027720704000000002;0.034633727999999996;0.043245568;0.050569216;0.074368;0.07136460800000001;0.0655104;0.096418816;0.091734016;0.048619520000000006;0.059814912;0.068598784;0.05697740799999999;0.041767936;0.037487616;0.032063488;0.023817215999999995;0.01746432;0.02896896;0.035220480000000005;0.022865919999999998;0.020962304;0.020578304;0.020252672;0.02152448;0.020557824;0.011684864;0.01383424;0.012660736;0.015127551999999999;0.0108544;0.008777727999999999;0.0045373440000000004;0.005573631999999999;0.008283136;0.008538111999999999;0.007875584;0.011375616;0.010930176;0.00722944;0.007865344;0.0065740799999999995;0.007686143999999999;0.009171967999999999;0.008382464;0.005430272000000001;0.003709952;0.006412288;0.004783103999999999;0.00426496;0.003919872;0.0048128;0.005323776;0.00471552;0.0021944319999999996;0.002625536;0.0022947840000000002;0.002395136;0.0022702079999999997;0.001755136
1777920300,hdr,0.0293;0.03906;0.04883;0.05859;0.06836;0.07813;0.08789;0.09766;0.10742;0.11719;0.12695;0.13672;0.14648;0.15625;0.16602;0.17578;0.18555;0.19531;0.20508;0.21484;0.22461;0.23438;0.24414;0.25391;0.26367;0.27344;0.2832;0.29297;0.30273;0.3125;0.32227;0.33203;0.3418;0.35156;0.36133;0.37109;0.38086;0.39063;0.40039;0.41016;0.41992;0.42969;0.43945;0.44922;0.45898;0.46875;0.47852;0.48828;0.49805;0.50781;0.51758;0.52734;0.53711;0.54688;0.55664;0.56641;0.57617;0.58594;0.5957;0.60547;0.61523;0.625;0.63477;0.64453;0.6543;0.66406;0.67383;0.68359;0.69336;0.70313;0.71289;0.72266;0.73242;0.74219;0.75195;0.76172;0.77148;0.78125;0.79102,0.003186688;0.005193728;0.008347648;0.012096512;0.023855104;0.06569984;0.270304256;0.465982464;0.209736704;0.10155110399999999;0.03722444800000001;0.015968256;0.011821056;0.020036608;0.020472832000000003;0.020972544;0.021057536;0.021376;0.025623552;0.031118336;0.059602944000000005;0.061023232000000004;0.061651967999999994;0.060594176;0.04458496;0.073355264;0.0758016;0.045956096;0.041250815999999996;0.052876288;0.038355968000000004;0.032651264;0.030584832;0.02084352;0.023110656;0.024985600000000004;0.024737791999999998;0.020410367999999998;0.018506752;0.019714047999999998;0.024662016;0.027648;0.014526464;0.014841856;0.016135168;0.014147584000000001;0.015451136;0.012164096000000001;0.011695104000000001;0.012106752;0.00954368;0.016098303999999997;0.013854720000000001;0.008858624000000002;0.011238399999999999;0.008853503999999998;0.010222592;0.007007232;0.0055060479999999995;0.008782848;0.007113728;0.006216704;0.005496832;0.006016;0.006082560000000001;0.007270400000000001;0.00772608;0.007043072;0.006145024000000001;0.006787072;0.006578176000000001;0.0044974080000000005;0.005245952;0.003365888;0.003741696;0.004150272;0.0038635519999999997;0.0031232000000000005;0.001645568
1777921200,hdr,0.0293;0.03906;0.04883;0.05859;0.06836;0.07813;0.08789;0.09766;0.10742;0.11719;0.12695;0.13672;0.14648;0.15625;0.16602;0.17578;0.18555;0.19531;0.20508;0.21484;0.22461;0.23438;0.24414;0.25391;0.26367;0.27344;0.2832;0.29297;0.30273;0.3125;0.32227;0.33203;0.3418;0.35156;0.36133;0.37109;0.38086;0.39063;0.40039;0.41016;0.41992;0.42969;0.43945;0.44922;0.45898;0.46875;0.47852;0.48828;0.49805;0.50781;0.51758;0.52734;0.53711;0.54688;0.55664;0.56641;0.57617;0.58594;0.5957;0.60547;0.61523;0.625;0.63477;0.64453;0.6543;0.66406;0.67383;0.68359;0.69336;0.70313;0.71289;0.72266;0.73242;0.74219;0.75195;0.76172;0.77148;0.78125;0.79102,0.008402943999999999;0.017292288;0.020791295999999997;0.011778048000000001;0.029316096;0.06652415999999998;0.2094336;0.31186329599999996;0.248162304;0.088835072;0.030759936;0.026203136000000002;0.025370624;0.021996544000000003;0.02075648;0.023688192;0.030774272000000002;0.030795776;0.031000576;0.03033088;0.03706265599999999;0.04178432;0.060670976;0.10059264;0.10739609600000001;0.053240831999999995;0.05847654399999999;0.04217958399999999;0.030874624;0.043400192;0.041567231999999996;0.037657600000000006;0.031218688;0.020749312;0.021475328000000002;0.023385088;0.017936384000000003;0.021244928;0.0122368;0.014168064;0.019126272;0.01489408;0.0066682880000000005;0.007396352;0.010056704;0.013919232;0.014574592;0.012183552000000002;0.011643903999999998;0.008328192;0.008348672;0.006839296;0.006361088;0.009322496;0.007151616;0.005054464;0.004886528;0.0055552;0.010381312;0.011447296000000001;0.007236608;0.004158464;0.006234112;0.005774336000000001;0.005268480000000001;0.005769216000000001;0.004879360000000001;0.004630528;0.003172352;0.002532352;0.0026398719999999997;0.001741824;0.0025036800000000003;0.002184192;0.0025088;0.0029839359999999995;0.0036474880000000004;0.004667392000000001;0.003590144
1777922100,hdr,0.0293;0.03906;0.04883;0.05859;0.06836;0.07813;0.08789;0.09766;0.10742;0.11719;0.12695;0.13672;0.14648;0.15625;0.16602;0.17578;0.18555;0.19531;0.20508;0.21484;0.22461;0.23438;0.24414;0.25391;0.26367;0.27344;0.2832;0.29297;0.30273;0.3125;0.32227;0.33203;0.3418;0.35156;0.36133;0.37109;0.38086;0.39063;0.40039;0.41016;0.41992;0.42969;0.43945;0.44922;0.45898;0.46875;0.47852;0.48828;0.49805;0.50781;0.51758;0.52734;0.53711;0.54688;0.55664;0.56641;0.57617;0.58594;0.5957;0.60547;0.61523;0.625;0.63477;0.64453;0.6543;0.66406;0.67383;0.68359;0.69336;0.70313;0.71289;0.72266;0.73242;0.74219;0.75195;0.76172;0.77148;0.78125;0.79102,0.004072447999999999;0.006345728;0.010071040000000002;0.015386624;0.028834816;0.080602112;0.262115328;0.41777868799999995;0.14978867199999998;0.06413004800000001;0.03298816;0.025147392;0.023657472;0.022424575999999998;0.020957184;0.027764736;0.0321024;0.03383807999999999;0.041972736;0.06057472;0.104411136;0.089877504;0.058479616000000005;0.053876736;0.06791782399999999;0.099490816;0.06433689599999999;0.0372736;0.038995968;0.041245696000000005;0.028701696;0.031208448;0.033318912;0.025293824;0.017575935999999997;0.016868352000000003;0.021511168;0.0228352;0.018942976000000004;0.013995008;0.015620096;0.015041536;0.011741184000000002;0.007512064;0.008880128;0.010329088;0.013667328;0.012353536;0.015201280000000001;0.014997503999999998;0.009524224;0.008451072;0.006716416;0.007122944000000001;0.006378496;0.007361536;0.006564863999999999;0.004396032;0.004922368;0.004422656;0.003429376;0.005359616;0.004528127999999999;0.002654208;0.0032768000000000003;0.003790848;0.003472384;0.002719744;0.003375104;0.002919424;0.003677184;0.0032296959999999998;0.0028395519999999995;0.001975296;0.002579456;0.002596864;0.002489344;0.0023511039999999997;0.0025251839999999998
1777923000,hdr,0.0293;0.03906;0.04883;0.05859;0.06836;0.07813;0.08789;0.09766;0.10742;0.11719;0.12695;0.13672;0.14648;0.15625;0.16602;0.17578;0.18555;0.19531;0.20508;0.21484;0.22461;0.23438;0.24414;0.25391;0.26367;0.27344;0.2832;0.29297;0.30273;0.3125;0.32227;0.33203;0.3418;0.35156;0.36133;0.37109;0.38086;0.39063;0.40039;0.41016;0.41992;0.42969;0.43945;0.44922;0.45898;0.46875;0.47852;0.48828;0.49805;0.50781;0.51758;0.52734;0.53711;0.54688;0.55664;0.56641;0.57617;0.58594;0.5957;0.60547;0.61523;0.625;0.63477;0.64453;0.6543;0.66406;0.67383;0.68359;0.69336;0.70313;0.71289;0.72266;0.73242;0.74219;0.75195;0.76172;0.77148;0.78125;0.79102,0.008938496;0.015014912;0.005742592;0.011956224;0.032970752;0.07352832;0.33444556799999997;0.652132352;0.330200064;0.060843008;0.030984192;0.019268608;0.017092608;0.015314944;0.013676544;0.022245376;0.046019584;0.065631232;0.084754432;0.08689561600000001;0.123196416;0.119043072;0.09685913600000001;0.124372992;0.107193344;0.095512576;0.08937267199999999;0.055959552;0.046065664;0.040414208;0.044653568;0.035229696;0.024105984;0.021466112;0.027101184;0.028701696;0.017838080000000003;0.013463552;0.014400512;0.018805759999999998;0.01513984;0.011315200000000001;0.015134719999999999;0.013215744;0.010699776;0.008250368000000001;0.010318848;0.009373695999999999;0.008307712;0.006849536;0.005387264;0.0062904319999999994;0.005408768;0.005602304;0.004706304;0.005451776;0.004770816;0.00444928;0.005994496;0.005740544;0.004717568;0.004594688;0.004593664000000001;0.00321536;0.002904064;0.003201024;0.003982336;0.0035809279999999997;0.003432448;0.003456;0.003144704;0.0031928320000000005;0.002883584;0.002031616;0.0024309759999999996;0.0029992960000000003;0.00254464;0.002484224;0.001978368
1777923900,hdr,0.0293;0.03906;0.04883;0.05859;0.06836;0.07813;0.08789;0.09766;0.10742;0.11719;0.12695;0.13672;0.14648;0.15625;0.16602;0.17578;0.18555;0.19531;0.20508;0.21484;0.22461;0.23438;0.24414;0.25391;0.26367;0.27344;0.2832;0.29297;0.30273;0.3125;0.32227;0.33203;0.3418;0.35156;0.36133;0.37109;0.38086;0.39063;0.40039;0.41016;0.41992;0.42969;0.43945;0.44922;0.45898;0.46875;0.47852;0.48828;0.49805;0.50781;0.51758;0.52734;0.53711;0.54688;0.55664;0.56641;0.57617;0.58594;0.5957;0.60547;0.61523;0.625;0.63477;0.64453;0.6543;0.66406;0.67383;0.68359;0.69336;0.70313;0.71289;0.72266;0.73242;0.74219;0.75195;0.76172;0.77148;0.78125;0.79102,0.005823488;0.008987647999999999;0.008372223999999998;0.008242176000000002;0.03665100799999999;0.053426176;0.13975654399999998;0.210310144;0.206702592;0.09252966399999998;0.026978304;0.025398271999999996;0.025423872;0.02281472;0.021495808;0.022800384000000003;0.022584320000000005;0.039345152;0.06642073600000001;0.102341632;0.089416704;0.067462144;0.110839808;0.11481395200000001;0.128776192;0.07189401599999999;0.051026944000000005;0.053766144;0.04520448;0.043003903999999996;0.045817856;0.03628748800000001;0.015881216;0.013448192000000001;0.018275327999999997;0.023103488;0.02149888;0.016595968;0.020999168000000002;0.01637376;0.011784191999999999;0.017188863999999998;0.013743104;0.011723776000000002;0.012683264;0.014117888;0.010179584;0.010990591999999999;0.006923263999999999;0.006045696000000001;0.005864448;0.004808704;0.004488192;0.0033024;0.004938752;0.00397824;0.003728384;0.005047296000000001;0.003721216;0.004160512;0.0028549120000000002;0.002502656;0.003724288;0.0034304;0.003710976;0.004412416;0.00305664;0.0017479680000000001;0.002501632;0.0032471040000000002;0.004297728;0.003198976;0.00269824;0.002844672;0.002952192;0.0023111679999999997;0.001306624;0.0023296;0.002407424
1777924800,hdr,0.0293;0.03906;0.04883;0.05859;0.06836;0.07813;0.08789;0.09766;0.10742;0.11719;0.12695;0.13672;0.14648;0.15625;0.16602;0.17578;0.18555;0.19531;0.20508;0.21484;0.22461;0.23438;0.24414;0.25391;0.26367;0.27344;0.2832;0.29297;0.30273;0.3125;0.32227;0.33203;0.3418;0.35156;0.36133;0.37109;0.38086;0.39063;0.40039;0.41016;0.41992;0.42969;0.43945;0.44922;0.45898;0.46875;0.47852;0.48828;0.49805;0.50781;0.51758;0.52734;0.53711;0.54688;0.55664;0.56641;0.57617;0.58594;0.5957;0.60547;0.61523;0.625;0.63477;0.64453;0.6543;0.66406;0.67383;0.68359;0.69336;0.70313;0.71289;0.72266;0.73242;0.74219;0.75195;0.76172;0.77148;0.78125;0.79102,0.007140352;0.011708416;0.010472448;0.004553728;0.02074112;0.035220480000000005;0.11037081600000001;0.21856768;0.220514304;0.064960512;0.0324608;0.026541056;0.020983808;0.019494912;0.023937024;0.028064768;0.034545664000000004;0.076573696;0.10689433599999999;0.11438796799999999;0.06253363199999999;0.109838336;0.118966272;0.062727168;0.07890431999999999;0.096169984;0.056070144;0.034361344;0.02799616;0.05439488;0.062615552;0.02430464;0.025457664;0.02121216;0.02110976;0.015601664;0.013272064;0.015291392;0.01125376;0.004942848;0.00762368;0.011966464;0.016653311999999997;0.01473024;0.01035776;0.012641280000000001;0.009302016;0.008834047999999999;0.009742335999999999;0.007721984;0.004440064;0.005101568;0.006280192;0.005240832;0.005701632;0.006837248;0.007590912;0.005780479999999999;0.004235264;0.005107712;0.0046970879999999994;0.00306176;0.0028467199999999996;0.00375296;0.002551808;0.003341312;0.003305472;0.003207168;0.00367104;0.0033536000000000004;0.003315712;0.0019947520000000002;0.002436096;0.004830208;0.0036884480000000004;0.0025108480000000004;0.0023275519999999997;0.00324096;0.003356672
1777925700,hdr,0.0293;0.03906;0.04883;0.05859;0.06836;0.07813;0.08789;0.09766;0.10742;0.11719;0.12695;0.13672;0.14648;0.15625;0.16602;0.17578;0.18555;0.19531;0.20508;0.21484;0.22461;0.23438;0.24414;0.25391;0.26367;0.27344;0.2832;0.29297;0.30273;0.3125;0.32227;0.33203;0.3418;0.35156;0.36133;0.37109;0.38086;0.39063;0.40039;0.41016;0.41992;0.42969;0.43945;0.44922;0.45898;0.46875;0.47852;0.48828;0.49805;0.50781;0.51758;0.52734;0.53711;0.54688;0.55664;0.56641;0.57617;0.58594;0.5957;0.60547;0.61523;0.625;0.63477;0.64453;0.6543;0.66406;0.67383;0.68359;0.69336;0.70313;0.71289;0.72266;0.73242;0.74219;0.75195;0.76172;0.77148;0.78125;0.79102,0.004772864000000001;0.009517056000000001;0.015971328;0.019288063999999997;0.033993727999999994;0.057946112;0.220064768;0.509101056;0.325435392;0.110285824;0.038065152;0.015194112000000001;0.018368512;0.018471935999999998;0.013305856;0.022810623999999998;0.038270976;0.06176256;0.074279936;0.10752102399999999;0.163359744;0.083356672;0.09315839999999999;0.08329728;0.087484416;0.07493529599999998;0.043506687999999995;0.037869568;0.05013503999999999;0.044524544;0.029768703999999997;0.018257919999999997;0.020683776;0.019877888;0.01531392;0.013854720000000001;0.017897472;0.013531136000000001;0.007883776;0.011103232;0.01268736;0.01368576;0.014133248;0.00836096;0.00888832;0.0157952;0.014467072000000001;0.01202688;0.016034816;0.009603071999999999;0.009356287999999999;0.010433536;0.014266368;0.01286144;0.009459712;0.009708544;0.007939072;0.007847936;0.006313983999999999;0.005756928;0.006470656;0.0061829120000000005;0.003480576;0.0028917760000000004;0.0045823999999999995;0.005006336;0.004413439999999999;0.0047339520000000005;0.0053913599999999996;0.004554752;0.00339968;0.00222208;0.002286592;0.0020797439999999997;0.002069504;0.0022538239999999998;0.00302592;0.002873344;0.002086912
1777926600,hdr,0.0293;0.03906;0.04883;0.05859;0.06836;0.07813;0.08789;0.09766;0.10742;0.11719;0.12695;0.13672;0.14648;0.15625;0.16602;0.17578;0.18555;0.19531;0.20508;0.21484;0.22461;0.23438;0.24414;0.25391;0.26367;0.27344;0.2832;0.29297;0.30273;0.3125;0.32227;0.33203;0.3418;0.35156;0.36133;0.37109;0.38086;0.39063;0.40039;0.41016;0.41992;0.42969;0.43945;0.44922;0.45898;0.46875;0.47852;0.48828;0.49805;0.50781;0.51758;0.52734;0.53711;0.54688;0.55664;0.56641;0.57617;0.58594;0.5957;0.60547;0.61523;0.625;0.63477;0.64453;0.6543;0.66406;0.67383;0.68359;0.69336;0.70313;0.71289;0.72266;0.73242;0.74219;0.75195;0.76172;0.77148;0.78125;0.79102,0.004073472;0.016842752;0.025162752;0.013310976;0.011564031999999998;0.026562560000000002;0.102750208;0.29504;0.22201651200000003;0.104841216;0.033483776;0.019214336;0.0167424;0.020499456;0.016601088;0.017873919999999998;0.037458944;0.047014912000000006;0.071548928;0.11015884800000002;0.09488076799999999;0.077945856;0.10337587200000001;0.1035776;0.06838988800000001;0.0602624;0.0363264;0.060617728;0.031565824;0.02993664;0.048354303999999994;0.036108288;0.030049279999999998;0.033395712;0.034112512000000005;0.022250495999999998;0.015564799999999998;0.016031744;0.015822848;0.018973695999999998;0.025889792000000002;0.014809088;0.010052608;0.012819456;0.011948031999999999;0.010308608;0.011650048000000001;0.00932864;0.011604992;0.009928704;0.00758272;0.010445824000000001;0.011452416;0.008081408;0.006576128;0.006274048;0.00685568;0.006611968;0.007107584;0.005950464;0.00452096;0.0073953280000000005;0.005264384;0.002864128;0.004214784;0.004381696;0.0033925120000000003;0.0030904319999999997;0.0027514880000000003;0.0036515840000000003;0.004056064000000001;0.003554304;0.003554304;0.00236032;0.0030126080000000004;0.002362368;0.0024002560000000004;0.0026060799999999998;0.002373632
1777927500,hdr,0.0293;0.03906;0.04883;0.05859;0.06836;0.07813;0.08789;0.09766;0.10742;0.11719;0.12695;0.13672;0.14648;0.15625;0.16602;0.17578;0.18555;0.19531;0.20508;0.21484;0.22461;0.23438;0.24414;0.25391;0.26367;0.27344;0.2832;0.29297;0.30273;0.3125;0.32227;0.33203;0.3418;0.35156;0.36133;0.37109;0.38086;0.39063;0.40039;0.41016;0.41992;0.42969;0.43945;0.44922;0.45898;0.46875;0.47852;0.48828;0.49805;0.50781;0.51758;0.52734;0.53711;0.54688;0.55664;0.56641;0.57617;0.58594;0.5957;0.60547;0.61523;0.625;0.63477;0.64453;0.6543;0.66406;0.67383;0.68359;0.69336;0.70313;0.71289;0.72266;0.73242;0.74219;0.75195;0.76172;0.77148;0.78125;0.79102,0.009179136000000001;0.016528383999999997;0.015622144000000001;0.012184575999999999;0.025493504;0.052232192;0.163999744;0.36469555200000003;0.183124992;0.088658944;0.053359616;0.018345984;0.015369216;0.016857088;0.019111936000000003;0.019749888;0.032980992;0.07081267200000001;0.06914047999999999;0.08600780799999999;0.10400256;0.11143167999999999;0.118807552;0.087981056;0.06281215999999999;0.048003072;0.041573376;0.047720448;0.051390464;0.043643904000000004;0.031153152;0.025332736;0.025781248000000003;0.027698175999999998;0.023571456;0.024964096;0.023592960000000003;0.019323904;0.022493184;0.015678464;0.017727488;0.017169408;0.015464448;0.018460671999999997;0.013315072;0.013958144;0.016951295999999998;0.022631424;0.018468864;0.011732992;0.01826304;0.011809792;0.007242752000000001;0.008973312;0.008813567999999999;0.010010624;0.009852928;0.0045199360000000004;0.004450304;0.00504832;0.0057999359999999995;0.004287487999999999;0.004166656;0.004794368;0.004744192;0.002596864;0.002586624;0.004046848;0.0046868479999999995;0.0069324799999999995;0.004696064;0.004415488;0.003158016;0.001872896;0.0020357120000000003;0.001714176;0.001754112;0.001362944;0.0016097280000000002
1777929300,hdr,0.0293;0.03906;0.04883;0.05859;0.06836;0.07813;0.08789;0.09766;0.10742;0.11719;0.12695;0.13672;0.14648;0.15625;0.16602;0.17578;0.18555;0.19531;0.20508;0.21484;0.22461;0.23438;0.24414;0.25391;0.26367;0.27344;0.2832;0.29297;0.30273;0.3125;0.32227;0.33203;0.3418;0.35156;0.36133;0.37109;0.38086;0.39063;0.40039;0.41016;0.41992;0.42969;0.43945;0.44922;0.45898;0.46875;0.47852;0.48828;0.49805;0.50781;0.51758;0.52734;0.53711;0.54688;0.55664;0.56641;0.57617;0.58594;0.5957;0.60547;0.61523;0.625;0.63477;0.64453;0.6543;0.66406;0.67383;0.68359;0.69336;0.70313;0.71289;0.72266;0.73242;0.74219;0.75195;0.76172;0.77148;0.78125;0.79102,0.004446208000000001;0.009294848;0.010510336;0.008361984000000001;0.016995328;0.039845887999999996;0.10132889599999999;0.423368704;0.652603392;0.23373619199999998;0.063909888;0.019765248;0.01682944;0.021553152000000003;0.019590144;0.01905152;0.026711040000000002;0.037233664;0.054679552000000006;0.051971072;0.075680768;0.07832883200000001;0.09140633599999999;0.06664089599999999;0.04612915199999999;0.039723008000000004;0.040286208;0.039190527999999995;0.02632192;0.0264704;0.023868416;0.015366144;0.016514048;0.019144704000000002;0.018095104;0.012450815999999998;0.017400832;0.015864832;0.012010495999999999;0.013449216;0.012193792;0.013474816;0.019193856;0.022331392;0.017203200000000002;0.013147136;0.010490880000000001;0.010221567999999999;0.009910272000000001;0.006624256;0.009079807999999998;0.006706176;0.006191104;0.008442880000000002;0.008641536;0.006536192;0.005735424;0.0046049279999999995;0.004025343999999999;0.005353472;0.006197248000000001;0.005681152;0.00463872;0.00366592;0.003278848;0.0027320319999999997;0.002617344;0.0030033919999999997;0.004110336;0.005206016;0.003391488;0.0021821440000000004;0.0027136;0.0027453439999999994;0.0019527680000000001;0.0019251199999999998;0.00160256;0.0014827520000000002;0.00181248
1777930200,hdr,0.0293;0.03906;0.04883;0.05859;0.06836;0.07813;0.08789;0.09766;0.10742;0.11719;0.12695;0.13672;0.14648;0.15625;0.16602;0.17578;0.18555;0.19531;0.20508;0.21484;0.22461;0.23438;0.24414;0.25391;0.26367;0.27344;0.2832;0.29297;0.30273;0.3125;0.32227;0.33203;0.3418;0.35156;0.36133;0.37109;0.38086;0.39063;0.40039;0.41016;0.41992;0.42969;0.43945;0.44922;0.45898;0.46875;0.47852;0.48828;0.49805;0.50781;0.51758;0.52734;0.53711;0.54688;0.55664;0.56641;0.57617;0.58594;0.5957;0.60547;0.61523;0.625;0.63477;0.64453;0.6543;0.66406;0.67383;0.68359;0.69336;0.70313;0.71289;0.72266;0.73242;0.74219;0.75195;0.76172;0.77148;0.78125;0.79102,0.007108608;0.012855295999999999;0.013945856;0.008278016;0.019387392;0.024794111999999997;0.073381888;0.252717056;0.327128064;0.15175577599999998;0.038787072;0.014035968000000001;0.013970432000000001;0.013919232;0.008803328000000001;0.019529728;0.023194624;0.038643712;0.0807936;0.138108928;0.145615872;0.0974592;0.076814336;0.056013824000000004;0.05186969599999999;0.039812096;0.034365440000000004;0.037269504;0.037343232000000004;0.028133375999999998;0.02240512;0.027240448;0.021999616;0.02257408;0.016797696;0.008034304;0.013495296;0.014178304000000001;0.021922816;0.019487743999999998;0.016470016;0.009361408000000002;0.00832;0.014415872;0.011280384;0.00991232;0.010300416000000001;0.013368320000000001;0.013474816;0.016132096000000002;0.009238528000000001;0.007118848;0.007894016;0.006260736;0.006663168;0.009133056;0.007733248;0.0066048;0.004129792;0.003576832;0.0035287039999999997;0.0031744;0.003513344;0.00494592;0.003447808;0.0035932159999999998;0.0031426559999999997;0.001934336;0.0019496960000000001;0.0014172160000000002;0.0024504320000000002;0.003736576;0.002605056;0.001381376;0.0010178560000000001;0.001021952;0.001253376;0.0018360320000000002;0.0021360640000000005
1777931100,hdr,0.0293;0.03906;0.04883;0.05859;0.06836;0.07813;0.08789;0.09766;0.10742;0.11719;0.12695;0.13672;0.14648;0.15625;0.16602;0.17578;0.18555;0.19531;0.20508;0.21484;0.22461;0.23438;0.24414;0.25391;0.26367;0.27344;0.2832;0.29297;0.30273;0.3125;0.32227;0.33203;0.3418;0.35156;0.36133;0.37109;0.38086;0.39063;0.40039;0.41016;0.41992;0.42969;0.43945;0.44922;0.45898;0.46875;0.47852;0.48828;0.49805;0.50781;0.51758;0.52734;0.53711;0.54688;0.55664;0.56641;0.57617;0.58594;0.5957;0.60547;0.61523;0.625;0.63477;0.64453;0.6543;0.66406;0.67383;0.68359;0.69336;0.70313;0.71289;0.72266;0.73242;0.74219;0.75195;0.76172;0.77148;0.78125;0.79102,0.005971968000000001;0.013714432;0.015096832;0.013956096000000001;0.030391296;0.018988032;0.09750118399999999;0.24134144;0.25773567999999997;0.135180288;0.05761024;0.024324096;0.01399808;0.014245888000000002;0.017200128000000002;0.019072;0.026037248000000002;0.03335168;0.051853312000000006;0.07011123200000001;0.12393062399999999;0.111582208;0.062974976;0.062553088;0.038483968;0.043394048;0.051888128000000006;0.037733376;0.027703296000000002;0.028145664;0.030129152000000003;0.02523648;0.020873216;0.015258624;0.01308672;0.016241664;0.022731776000000002;0.017021951999999996;0.015294464;0.014461952;0.014465024;0.008192;0.007862272;0.008988671999999998;0.009598976;0.008406015999999999;0.009371648000000002;0.008639487999999999;0.009651199999999999;0.011511808;0.010890239999999999;0.007205888;0.006347775999999999;0.005405696;0.004749312;0.005409792;0.005093376;0.005434368;0.007617536;0.006957056;0.0032501760000000005;0.0029337599999999997;0.003909632;0.003117056;0.001657856;0.0023265280000000004;0.002236416;0.0020633599999999998;0.0024391680000000002;0.002102272;0.002829312;0.002864128;0.002914304;0.002174976;0.0008386559999999999;0.001306624;0.001891328;0.0013209599999999997;0.001711104
1777932000,hdr,0.0293;0.03906;0.04883;0.05859;0.06836;0.07813;0.08789;0.09766;0.10742;0.11719;0.12695;0.13672;0.14648;0.15625;0.16602;0.17578;0.18555;0.19531;0.20508;0.21484;0.22461;0.23438;0.24414;0.25391;0.26367;0.27344;0.2832;0.29297;0.30273;0.3125;0.32227;0.33203;0.3418;0.35156;0.36133;0.37109;0.38086;0.39063;0.40039;0.41016;0.41992;0.42969;0.43945;0.44922;0.45898;0.46875;0.47852;0.48828;0.49805;0.50781;0.51758;0.52734;0.53711;0.54688;0.55664;0.56641;0.57617;0.58594;0.5957;0.60547;0.61523;0.625;0.63477;0.64453;0.6543;0.66406;0.67383;0.68359;0.69336;0.70313;0.71289;0.72266;0.73242;0.74219;0.75195;0.76172;0.77148;0.78125;0.79102,0.006677504;0.008552448;0.0094464;0.01705984;0.043935744;0.027476992;0.07348838399999999;0.277947392;0.358203392;0.15807795200000002;0.031295487999999996;0.015600639999999999;0.011285503999999998;0.022850560000000002;0.016550912;0.017741824;0.026661888;0.035861503999999995;0.12565811200000002;0.18232934399999998;0.18351616;0.122121216;0.087972864;0.087752704;0.037055488;0.026620928;0.022277119999999997;0.022032384000000002;0.035919872;0.039023616;0.027247616000000002;0.020156416;0.014443519999999998;0.014795776;0.012895232;0.011800575999999998;0.00832;0.014043136000000001;0.017179648000000002;0.014688256000000002;0.01265664;0.010556416;0.00566784;0.009840640000000001;0.009703424;0.009477119999999999;0.01069056;0.00950784;0.006417408;0.007067648;0.005117952;0.005962752;0.007281664;0.00644608;0.006573056000000001;0.006169600000000001;0.005106688;0.006493184;0.007463936000000001;0.0042014719999999995;0.004819968;0.0038932479999999998;0.004924416;0.0039700479999999995;0.0026419199999999994;0.0019476480000000002;0.002377728;0.003359744;0.002936832;0.002131968;0.001796096;0.001969152;0.001999872;0.0015687680000000001;0.002424832;0.0022405119999999996;0.001646592;0.001460224;0.001337344
1777932900,hdr,0.0293;0.03906;0.04883;0.05859;0.06836;0.07813;0.08789;0.09766;0.10742;0.11719;0.12695;0.13672;0.14648;0.15625;0.16602;0.17578;0.18555;0.19531;0.20508;0.21484;0.22461;0.23438;0.24414;0.25391;0.26367;0.27344;0.2832;0.29297;0.30273;0.3125;0.32227;0.33203;0.3418;0.35156;0.36133;0.37109;0.38086;0.39063;0.40039;0.41016;0.41992;0.42969;0.43945;0.44922;0.45898;0.46875;0.47852;0.48828;0.49805;0.50781;0.51758;0.52734;0.53711;0.54688;0.55664;0.56641;0.57617;0.58594;0.5957;0.60547;0.61523;0.625;0.63477;0.64453;0.6543;0.66406;0.67383;0.68359;0.69336;0.70313;0.71289;0.72266;0.73242;0.74219;0.75195;0.76172;0.77148;0.78125;0.79102,0.009580544;0.01341952;0.019398656;0.012960768;0.022021119999999998;0.026365952;0.09080217600000001;0.284868608;0.265005056;0.15470592;0.05538816;0.033499136;0.011726848;0.009465856;0.017359872;0.034296832;0.036668415999999995;0.055630848;0.077456384;0.09086976;0.14029516799999997;0.134385664;0.073810944;0.039448576;0.032976896;0.032958464;0.03014144;0.037694464;0.033678336;0.02766336;0.025930751999999998;0.02341888;0.024612863999999998;0.02433536;0.019276800000000004;0.010952704000000002;0.014241792;0.013912064;0.01060352;0.011399168;0.020105216;0.013268992;0.008219648;0.015202304;0.01417216;0.010441727999999999;0.007617536;0.007863296;0.008521728;0.007867391999999999;0.007555072;0.005693439999999999;0.009954304;0.0108544;0.00773632;0.006632448;0.0071393279999999995;0.005950464;0.005925888;0.006041599999999999;0.003820544;0.002254848;0.003503104;0.0041216000000000004;0.004722688;0.005244928;0.003867648;0.0022026240000000002;0.002118656;0.002486272;0.0028385280000000003;0.0024883199999999996;0.002445312;0.0015779840000000002;0.0021442559999999998;0.00195072;0.001583104;0.002661376;0.0022097920000000004
1777933800,hdr,0.0293;0.03906;0.04883;0.05859;0.06836;0.07813;0.08789;0.09766;0.10742;0.11719;0.12695;0.13672;0.14648;0.15625;0.16602;0.17578;0.18555;0.19531;0.20508;0.21484;0.22461;0.23438;0.24414;0.25391;0.26367;0.27344;0.2832;0.29297;0.30273;0.3125;0.32227;0.33203;0.3418;0.35156;0.36133;0.37109;0.38086;0.39063;0.40039;0.41016;0.41992;0.42969;0.43945;0.44922;0.45898;0.46875;0.47852;0.48828;0.49805;0.50781;0.51758;0.52734;0.53711;0.54688;0.55664;0.56641;0.57617;0.58594;0.5957;0.60547;0.61523;0.625;0.63477;0.64453;0.6543;0.66406;0.67383;0.68359;0.69336;0.70313;0.71289;0.72266;0.73242;0.74219;0.75195;0.76172;0.77148;0.78125;0.79102,0.004973568;0.015652864;0.013339648;0.007672831999999999;0.017386496;0.029513728;0.07095193600000001;0.259049472;0.511323136;0.256975872;0.07954944;0.025837567999999998;0.013281280000000001;0.0074301440000000005;0.007441408;0.015807487999999998;0.032475136;0.049006591999999995;0.101198848;0.12033331200000001;0.197741568;0.180916224;0.14334976000000002;0.07690752000000001;0.066891776;0.070006784;0.048138240000000006;0.035212288;0.03690700799999999;0.028844032;0.021907456;0.028527616;0.025037824;0.016921600000000002;0.014256128;0.011282432;0.012397568;0.009421824;0.009150464;0.015525888000000002;0.017960959999999998;0.020243456;0.012393471999999999;0.005813247999999999;0.00648192;0.007892992;0.009408512;0.012770304;0.010954751999999998;0.006667264;0.006657023999999999;0.0039424;0.0035471359999999998;0.005213184;0.0075223040000000005;0.006774784000000001;0.004175872000000001;0.004920320000000001;0.004103168000000001;0.004548608;0.005522432;0.005484544;0.0044902399999999995;0.005087232;0.002880512;0.001765376;0.00180736;0.0023265280000000004;0.0029716480000000003;0.002241536;0.0011776;0.001512448;0.001974272;0.00285696;0.0025937919999999997;0.001672192;0.00137216;0.001284096;0.001662976
1777934700,hdr,0.0293;0.03906;0.04883;0.05859;0.06836;0.07813;0.08789;0.09766;0.10742;0.11719;0.12695;0.13672;0.14648;0.15625;0.16602;0.17578;0.18555;0.19531;0.20508;0.21484;0.22461;0.23438;0.24414;0.25391;0.26367;0.27344;0.2832;0.29297;0.30273;0.3125;0.32227;0.33203;0.3418;0.35156;0.36133;0.37109;0.38086;0.39063;0.40039;0.41016;0.41992;0.42969;0.43945;0.44922;0.45898;0.46875;0.47852;0.48828;0.49805;0.50781;0.51758;0.52734;0.53711;0.54688;0.55664;0.56641;0.57617;0.58594;0.5957;0.60547;0.61523;0.625;0.63477;0.64453;0.6543;0.66406;0.67383;0.68359;0.69336;0.70313;0.71289;0.72266;0.73242;0.74219;0.75195;0.76172;0.77148;0.78125;0.79102,0.0026112;0.0077568;0.010365952;0.009859072;0.025958400000000003;0.039043072;0.120700928;0.254467072;0.268079104;0.14824755200000003;0.057680896;0.017655808000000002;0.009999359999999999;0.009719808000000002;0.013762560000000002;0.015691776;0.022980608;0.056693759999999996;0.119770112;0.178987008;0.172526592;0.15317606399999997;0.111094784;0.07283711999999999;0.060382208;0.042360832;0.044086272;0.047567872000000004;0.04655104;0.027872256;0.018429952;0.022003711999999998;0.021782528;0.018225152;0.013208576000000001;0.017844224000000002;0.015190015999999999;0.009282559999999999;0.00781312;0.011971584;0.010416128;0.007501824;0.011347967999999998;0.013945856;0.009330688;0.00634368;0.0061952;0.008270848000000003;0.005629952000000001;0.00460288;0.004190208000000001;0.0044677119999999996;0.0043284479999999995;0.00489984;0.0049704960000000005;0.006187008;0.004789247999999999;0.0035010560000000002;0.0032204799999999995;0.00208896;0.0024002560000000004;0.003555328;0.005107712;0.002857984;0.003714048;0.003889152;0.002828288;0.0024852480000000002;0.0027893759999999997;0.002468864;0.002325504;0.001467392;0.0011601919999999998;0.000927744;0.001007616;0.002028544;0.001352704;0.001284096;0.00118784
1777935600,hdr,0.0293;0.03906;0.04883;0.05859;0.06836;0.07813;0.08789;0.09766;0.10742;0.11719;0.12695;0.13672;0.14648;0.15625;0.16602;0.17578;0.18555;0.19531;0.20508;0.21484;0.22461;0.23438;0.24414;0.25391;0.26367;0.27344;0.2832;0.29297;0.30273;0.3125;0.32227;0.33203;0.3418;0.35156;0.36133;0.37109;0.38086;0.39063;0.40039;0.41016;0.41992;0.42969;0.43945;0.44922;0.45898;0.46875;0.47852;0.48828;0.49805;0.50781;0.51758;0.52734;0.53711;0.54688;0.55664;0.56641;0.57617;0.58594;0.5957;0.60547;0.61523;0.625;0.63477;0.64453;0.6543;0.66406;0.67383;0.68359;0.69336;0.70313;0.71289;0.72266;0.73242;0.74219;0.75195;0.76172;0.77148;0.78125;0.79102,0.00405504;0.010558464;0.010740736;0.013661184000000002;0.027020288;0.021778431999999997;0.087199744;0.31616102399999996;0.47625420799999996;0.26199654399999994;0.09190502399999999;0.03821056;0.017050624;0.01257472;0.015067136;0.011766783999999999;0.021413888;0.04543488;0.055939072;0.14229504;0.1380096;0.095029248;0.06444032;0.05651968;0.04811264;0.048212991999999996;0.046357504;0.031005696;0.031648768;0.026720255999999998;0.024110080000000002;0.015681536;0.018015232;0.021948416000000002;0.02013184;0.01602048;0.012488704;0.010437632000000002;0.009684992;0.012402688;0.008293376;0.007282688;0.011042816;0.017526784;0.009240576;0.005783552000000001;0.007875584;0.007775232;0.005158912;0.0046069760000000005;0.004198400000000001;0.00422912;0.00508416;0.005325824;0.004806656;0.0055060479999999995;0.004335616;0.003508224;0.0038881280000000002;0.00406528;0.0026705920000000003;0.003674112;0.0036515840000000003;0.00266752;0.00367104;0.0039034879999999997;0.00287744;0.002741248;0.0019210240000000001;0.0017530879999999999;0.002176;0.00204288;0.001166336;0.00097792;0.001675264;0.00167936;0.001936384;0.001302528;0.00107008
1777936500,hdr,0.0293;0.03906;0.04883;0.05859;0.06836;0.07813;0.08789;0.09766;0.10742;0.11719;0.12695;0.13672;0.14648;0.15625;0.16602;0.17578;0.18555;0.19531;0.20508;0.21484;0.22461;0.23438;0.24414;0.25391;0.26367;0.27344;0.2832;0.29297;0.30273;0.3125;0.32227;0.33203;0.3418;0.35156;0.36133;0.37109;0.38086;0.39063;0.40039;0.41016;0.41992;0.42969;0.43945;0.44922;0.45898;0.46875;0.47852;0.48828;0.49805;0.50781;0.51758;0.52734;0.53711;0.54688;0.55664;0.56641;0.57617;0.58594;0.5957;0.60547;0.61523;0.625;0.63477;0.64453;0.6543;0.66406;0.67383;0.68359;0.69336;0.70313;0.71289;0.72266;0.73242;0.74219;0.75195;0.76172;0.77148;0.78125;0.79102,0.0024903679999999997;0.007849984;0.009998336;0.011411456;0.032536576;0.043032576;0.092263424;0.112313344;0.173228032;0.136373248;0.075428864;0.025726976;0.01546752;0.01568256;0.01290752;0.017507328000000003;0.017330176000000003;0.021809152000000002;0.061902847999999996;0.158603264;0.19632537600000002;0.132905984;0.12817920000000002;0.09183539199999999;0.058687488;0.034495488000000005;0.030615552;0.023574528;0.029955072;0.025483264;0.019629055999999995;0.012809215999999998;0.011569152;0.016713728;0.016395264;0.017537024;0.016734208;0.012290048000000001;0.010023936;0.018454527999999998;0.018747391999999998;0.008563712000000001;0.0065587200000000005;0.01417216;0.007727103999999999;0.005943296000000001;0.005322752;0.0045895680000000005;0.0037437440000000002;0.005433344;0.004334592;0.004016128;0.0057968640000000005;0.004550656;0.005793792;0.005592063999999999;0.005465088;0.005054464;0.00517632;0.004225024;0.0033218559999999998;0.00375296;0.002348032;0.003117056;0.003386368;0.0025671680000000003;0.002177024;0.0026081279999999995;0.002180096;0.00153088;0.0014899199999999998;0.002089984;0.001538048;0.0013752319999999999;0.001599488;0.001972224;0.0030853119999999998;0.001954816;0.000985088
1777937400,hdr,0.0293;0.03906;0.04883;0.05859;0.06836;0.07813;0.08789;0.09766;0.10742;0.11719;0.12695;0.13672;0.14648;0.15625;0.16602;0.17578;0.18555;0.19531;0.20508;0.21484;0.22461;0.23438;0.24414;0.25391;0.26367;0.27344;0.2832;0.29297;0.30273;0.3125;0.32227;0.33203;0.3418;0.35156;0.36133;0.37109;0.38086;0.39063;0.40039;0.41016;0.41992;0.42969;0.43945;0.44922;0.45898;0.46875;0.47852;0.48828;0.49805;0.50781;0.51758;0.52734;0.53711;0.54688;0.55664;0.56641;0.57617;0.58594;0.5957;0.60547;0.61523;0.625;0.63477;0.64453;0.6543;0.66406;0.67383;0.68359;0.69336;0.70313;0.71289;0.72266;0.73242;0.74219;0.75195;0.76172;0.77148;0.78125;0.79102,0.009202688;0.008943616;0.011879424000000001;0.02024448;0.035019775999999996;0.0278272;0.071846912;0.186857472;0.262718464;0.22213734400000001;0.13694976;0.032514048000000004;0.016750592;0.020067328000000002;0.01811968;0.015306751999999998;0.027696128;0.036411392;0.056494079999999995;0.1129728;0.127133696;0.106719232;0.10397900799999998;0.099378176;0.06935552;0.062353408000000006;0.057969664000000004;0.03995238400000001;0.025142271999999997;0.022068224;0.024000511999999998;0.020777984;0.015589376;0.017095680000000002;0.014696448;0.015586304;0.016282624;0.014641152;0.008868863999999999;0.0163072;0.015134719999999999;0.009211904;0.013114368000000001;0.013300736;0.009961471999999999;0.004983808;0.006926336;0.010613759999999998;0.006257664;0.010469376;0.008876032;0.004491264;0.0059648;0.006564863999999999;0.005349376;0.005066752000000001;0.00393728;0.0029009920000000002;0.004242432;0.003269632;0.003023872;0.005150719999999999;0.005497856;0.005286912;0.004386816;0.0029491200000000004;0.002241536;0.001865728;0.002192384;0.003103744;0.00326144;0.0030607359999999997;0.002353152;0.001826816;0.0016732160000000002;0.00141824;0.001681408;0.002850816;0.002619392
1777938300,hdr,0.0293;0.03906;0.04883;0.05859;0.06836;0.07813;0.08789;0.09766;0.10742;0.11719;0.12695;0.13672;0.14648;0.15625;0.16602;0.17578;0.18555;0.19531;0.20508;0.21484;0.22461;0.23438;0.24414;0.25391;0.26367;0.27344;0.2832;0.29297;0.30273;0.3125;0.32227;0.33203;0.3418;0.35156;0.36133;0.37109;0.38086;0.39063;0.40039;0.41016;0.41992;0.42969;0.43945;0.44922;0.45898;0.46875;0.47852;0.48828;0.49805;0.50781;0.51758;0.52734;0.53711;0.54688;0.55664;0.56641;0.57617;0.58594;0.5957;0.60547;0.61523;0.625;0.63477;0.64453;0.6543;0.66406;0.67383;0.68359;0.69336;0.70313;0.71289;0.72266;0.73242;0.74219;0.75195;0.76172;0.77148;0.78125;0.79102,0.00452608;0.008433664;0.014403584;0.012466176;0.011645952;0.018538495999999998;0.066287616;0.154689536;0.343293952;0.292772864;0.08219033599999999;0.022208512;0.01454592;0.012235776;0.014906368;0.020907008;0.02584576;0.037266432;0.063524864;0.138358784;0.16372019200000001;0.11293695999999999;0.100491264;0.07033344;0.05398016;0.046703615999999996;0.024803328000000003;0.020103168;0.022791167999999997;0.031347712;0.023342079999999998;0.028765184000000003;0.028772352;0.018864128;0.01897472;0.017709056;0.017199104;0.021628928;0.013315072;0.010929152;0.007808;0.005906432;0.00662016;0.009179136000000001;0.012429312;0.006761472000000001;0.0058818559999999995;0.006440959999999999;0.007345152;0.007794688;0.007415808;0.00886272;0.007591936;0.00868352;0.008230912;0.007279616;0.005791744;0.006959104000000001;0.007909376000000001;0.008765440000000001;0.008296448;0.006529024;0.00477696;0.003729408;0.00398336;0.006347775999999999;0.007115776000000001;0.005444607999999999;0.0027105280000000002;0.0036608;0.00410624;0.002287616;0.003756032;0.004145152;0.003904512;0.0020756480000000002;0.001974272;0.0029306880000000003;0.0023807999999999998
