Epoch Time,Processing Source,f,varianceDensity
1782691200,hdr,0.0293;0.03906;0.04883;0.05859;0.06836;0.07813;0.08789;0.09766;0.10742;0.11719;0.12695;0.13672;0.14648;0.15625;0.16602;0.17578;0.18555;0.19531;0.20508;0.21484;0.22461;0.23438;0.24414;0.25391;0.26367;0.27344;0.2832;0.29297;0.30273;0.3125;0.32227;0.33203;0.3418;0.35156;0.36133;0.37109;0.38086;0.39063;0.40039;0.41016;0.41992;0.42969;0.43945;0.44922;0.45898;0.46875;0.47852;0.48828;0.49805;0.50781;0.51758;0.52734;0.53711;0.54688;0.55664;0.56641;0.57617;0.58594;0.5957;0.60547;0.61523;0.625;0.63477;0.64453;0.6543;0.66406;0.67383;0.68359;0.69336;0.70313;0.71289;0.72266;0.73242;0.74219;0.75195;0.76172;0.77148;0.78125;0.79102,0.0058368000000000005;0.009119744;0.008639487999999999;0.004421632;0.007498751999999999;0.030185472;0.043720704;0.054009856;0.066125824;0.06533632;0.061425664;0.057832447999999995;0.03867136;0.042203135999999995;0.047121408000000004;0.023997440000000002;0.020799488;0.019809280000000002;0.014104575999999999;0.010944511999999998;0.019542016;0.018571264;0.012131328;0.006629375999999999;0.005752831999999999;0.004840448000000001;0.003658752;0.003068928;0.003480576;0.003944448;0.0034037760000000003;0.0033382399999999997;0.007090175999999999;0.007126016;0.009874432;0.013948928;0.017201152;0.015218688;0.01363968;0.014112768;0.013200384;0.013809664;0.013094912;0.009503743999999998;0.00720896;0.0077711360000000005;0.004506624000000001;0.006344704;0.008974336;0.009071616;0.008286208;0.004048896000000001;0.0044052480000000005;0.005112832;0.00525824;0.004072447999999999;0.004999168;0.006513664000000001;0.005798911999999999;0.004645888;0.004785152;0.004455424;0.0027351040000000004;0.002989056;0.002953216;0.002547712;0.0028723200000000003;0.003827712;0.0038881280000000002;0.00302592;0.002980864;0.0024381439999999997;0.002154496;0.001619968;0.002879488;0.002982912;0.0026787839999999996;0.001678336;0.0011755519999999998
1782692100,hdr,0.0293;0.03906;0.04883;0.05859;0.06836;0.07813;0.08789;0.09766;0.10742;0.11719;0.12695;0.13672;0.14648;0.15625;0.16602;0.17578;0.18555;0.19531;0.20508;0.21484;0.22461;0.23438;0.24414;0.25391;0.26367;0.27344;0.2832;0.29297;0.30273;0.3125;0.32227;0.33203;0.3418;0.35156;0.36133;0.37109;0.38086;0.39063;0.40039;0.41016;0.41992;0.42969;0.43945;0.44922;0.45898;0.46875;0.47852;0.48828;0.49805;0.50781;0.51758;0.52734;0.53711;0.54688;0.55664;0.56641;0.57617;0.58594;0.5957;0.60547;0.61523;0.625;0.63477;0.64453;0.6543;0.66406;0.67383;0.68359;0.69336;0.70313;0.71289;0.72266;0.73242;0.74219;0.75195;0.76172;0.77148;0.78125;0.79102,0.0095488;0.00743936;0.006017024;0.008353791999999999;0.023743487999999997;0.045753343999999994;0.07545344;0.06635110400000001;0.050975743999999996;0.04400128;0.068611072;0.091273216;0.090740736;0.073966592;0.040571904;0.03302502400000001;0.021151744000000004;0.013809664;0.011630592;0.016744447999999995;0.020886527999999998;0.016791552;0.013841408;0.012224512;0.008962047999999999;0.008286208;0.005093376;0.0034048;0.004202496;0.005116928;0.005018624;0.0038717440000000003;0.005825536;0.007163904;0.0103936;0.013756415999999999;0.024038399999999998;0.02865152;0.04091392;0.022505472000000002;0.01654784;0.01627648;0.017911808;0.014561280000000001;0.00883712;0.009244671999999999;0.008695808;0.009378816;0.008214528;0.009191423999999998;0.009753600000000001;0.007714816;0.00808448;0.010550272;0.008775680000000001;0.008062976000000001;0.008979456;0.00985088;0.005412864;0.0027658239999999996;0.004409344;0.003290112;0.0026439680000000004;0.0026449919999999997;0.00377344;0.0037304319999999997;0.0035348480000000006;0.003535872;0.004959232;0.004633600000000001;0.003237888;0.0029798399999999997;0.003290112;0.0026245120000000003;0.0021288960000000003;0.001878016;0.001662976;0.001845248;0.001686528
1782693000,hdr,0.0293;0.03906;0.04883;0.05859;0.06836;0.07813;0.08789;0.09766;0.10742;0.11719;0.12695;0.13672;0.14648;0.15625;0.16602;0.17578;0.18555;0.19531;0.20508;0.21484;0.22461;0.23438;0.24414;0.25391;0.26367;0.27344;0.2832;0.29297;0.30273;0.3125;0.32227;0.33203;0.3418;0.35156;0.36133;0.37109;0.38086;0.39063;0.40039;0.41016;0.41992;0.42969;0.43945;0.44922;0.45898;0.46875;0.47852;0.48828;0.49805;0.50781;0.51758;0.52734;0.53711;0.54688;0.55664;0.56641;0.57617;0.58594;0.5957;0.60547;0.61523;0.625;0.63477;0.64453;0.6543;0.66406;0.67383;0.68359;0.69336;0.70313;0.71289;0.72266;0.73242;0.74219;0.75195;0.76172;0.77148;0.78125;0.79102,0.003023872;0.005003264;0.005491711999999999;0.004242432;0.009201663999999998;0.04530176;0.053866496;0.059564031999999996;0.0598784;0.04975104;0.049910784;0.072451072;0.06197760000000001;0.049598464;0.036066304;0.032940032;0.023557120000000004;0.018884608;0.014834688;0.011894784;0.015877119999999998;0.015142912;0.009131008;0.007298048;0.005023743999999999;0.0067532799999999995;0.003551232;0.003559424;0.004596736;0.004799488;0.006714368;0.007601152;0.007449600000000001;0.011000832;0.011033600000000001;0.019265536;0.021341184;0.015855616;0.017234944;0.019915776000000003;0.020749312;0.013996031999999999;0.014016512;0.017913856;0.007792639999999999;0.006027264;0.012575744;0.013282304;0.008815616;0.007502848;0.007632896;0.005918720000000001;0.005351424;0.005925888;0.0041113600000000005;0.008599552;0.009724928;0.006221824;0.005465088;0.006388736;0.007010304;0.0052520959999999995;0.0034713599999999997;0.004440064;0.00479232;0.004400128;0.003912704;0.002612224;0.003408896;0.004005887999999999;0.0035327999999999996;0.00329728;0.003299328;0.0033873920000000004;0.00305152;0.002931712;0.002486272;0.001792;0.0013424640000000002
1782693900,hdr,0.0293;0.03906;0.04883;0.05859;0.06836;0.07813;0.08789;0.09766;0.10742;0.11719;0.12695;0.13672;0.14648;0.15625;0.16602;0.17578;0.18555;0.19531;0.20508;0.21484;0.22461;0.23438;0.24414;0.25391;0.26367;0.27344;0.2832;0.29297;0.30273;0.3125;0.32227;0.33203;0.3418;0.35156;0.36133;0.37109;0.38086;0.39063;0.40039;0.41016;0.41992;0.42969;0.43945;0.44922;0.45898;0.46875;0.47852;0.48828;0.49805;0.50781;0.51758;0.52734;0.53711;0.54688;0.55664;0.56641;0.57617;0.58594;0.5957;0.60547;0.61523;0.625;0.63477;0.64453;0.6543;0.66406;0.67383;0.68359;0.69336;0.70313;0.71289;0.72266;0.73242;0.74219;0.75195;0.76172;0.77148;0.78125;0.79102,0.003847168;0.00792576;0.009112576;0.009138176;0.013432832;0.034766848;0.07961497599999999;0.08844595200000001;0.081283072;0.074372096;0.057416704000000006;0.066760704;0.08681472;0.063642624;0.050417664;0.032764928;0.018820095999999998;0.019391488;0.0180992;0.011445248;0.014199808000000001;0.01568256;0.01832448;0.013843456;0.011316224;0.006454272;0.004632576;0.003451904;0.002878464;0.0025456639999999996;0.0058316800000000005;0.0077711360000000005;0.009100288;0.009621504;0.014524416000000002;0.014045184;0.021598207999999997;0.024169471999999997;0.024386559999999998;0.01961984;0.025865216;0.028115967999999998;0.015325183999999999;0.01635328;0.012674048;0.012708864;0.014687232;0.012341247999999999;0.00726016;0.0052746239999999995;0.0055480320000000005;0.00599552;0.006701056;0.003828736;0.005952512;0.0065638400000000005;0.005618688;0.007573504;0.00532992;0.004952064;0.004337664;0.005327872;0.0044605439999999994;0.00503296;0.005609472000000001;0.004347904;0.002972672;0.002706432;0.002448384;0.0037693439999999996;0.0044052480000000005;0.00249856;0.0020756480000000002;0.0014991359999999999;0.002233344;0.001931264;0.001580032;0.001509376;0.001005568
1782694800,hdr,0.0293;0.03906;0.04883;0.05859;0.06836;0.07813;0.08789;0.09766;0.10742;0.11719;0.12695;0.13672;0.14648;0.15625;0.16602;0.17578;0.18555;0.19531;0.20508;0.21484;0.22461;0.23438;0.24414;0.25391;0.26367;0.27344;0.2832;0.29297;0.30273;0.3125;0.32227;0.33203;0.3418;0.35156;0.36133;0.37109;0.38086;0.39063;0.40039;0.41016;0.41992;0.42969;0.43945;0.44922;0.45898;0.46875;0.47852;0.48828;0.49805;0.50781;0.51758;0.52734;0.53711;0.54688;0.55664;0.56641;0.57617;0.58594;0.5957;0.60547;0.61523;0.625;0.63477;0.64453;0.6543;0.66406;0.67383;0.68359;0.69336;0.70313;0.71289;0.72266;0.73242;0.74219;0.75195;0.76172;0.77148;0.78125;0.79102,0.005143552;0.01768448;0.010916864;0.0073472;0.013540352;0.031603712000000006;0.05955072;0.061450239999999996;0.051140608;0.04559872;0.047250432;0.042986496;0.0707072;0.061357056;0.063162368;0.025457664;0.019704832;0.013026304;0.018188288;0.019596288;0.010497023999999999;0.011754496;0.017692672000000003;0.010575872000000002;0.008457216;0.006580224;0.007380992;0.0048486399999999995;0.004089856;0.005315584000000001;0.005211136;0.009345024;0.016006144;0.021264383999999997;0.014271487999999999;0.017316863999999998;0.02448896;0.024472576;0.027174912;0.019454976;0.016940032;0.014076928;0.010969088;0.010796032;0.012660736;0.010368;0.011359232;0.008901632;0.005904384;0.007990272;0.009741312;0.008740864;0.008727552;0.005848064;0.0058941440000000005;0.006150144000000001;0.007033856;0.0054528;0.004350976;0.0074455039999999995;0.003935232;0.003222528;0.003648512;0.0032296959999999998;0.002768896;0.0018862080000000001;0.001864704;0.0016435199999999999;0.002244608;0.0029952000000000004;0.0027320319999999997;0.002069504;0.001846272;0.00169984;0.001666048;0.001800192;0.00171008;0.00134656;0.001406976
1782695700,hdr,0.0293;0.03906;0.04883;0.05859;0.06836;0.07813;0.08789;0.09766;0.10742;0.11719;0.12695;0.13672;0.14648;0.15625;0.16602;0.17578;0.18555;0.19531;0.20508;0.21484;0.22461;0.23438;0.24414;0.25391;0.26367;0.27344;0.2832;0.29297;0.30273;0.3125;0.32227;0.33203;0.3418;0.35156;0.36133;0.37109;0.38086;0.39063;0.40039;0.41016;0.41992;0.42969;0.43945;0.44922;0.45898;0.46875;0.47852;0.48828;0.49805;0.50781;0.51758;0.52734;0.53711;0.54688;0.55664;0.56641;0.57617;0.58594;0.5957;0.60547;0.61523;0.625;0.63477;0.64453;0.6543;0.66406;0.67383;0.68359;0.69336;0.70313;0.71289;0.72266;0.73242;0.74219;0.75195;0.76172;0.77148;0.78125;0.79102,0.003323904;0.005994496;0.01198592;0.01193984;0.014419968;0.030277632000000002;0.061807616;0.05568512;0.045344768;0.037909504000000004;0.03428864;0.042656768;0.04324966400000001;0.046222335999999996;0.027168768;0.031353856;0.029730816000000004;0.016826367999999998;0.019542016;0.026304512;0.022368255999999996;0.012033024;0.005843968;0.006052864;0.00763904;0.010524672;0.00636416;0.004993024;0.003175424;0.005469184;0.007585791999999999;0.011526144;0.015029248000000002;0.017348608;0.017205248;0.014412800000000002;0.024126464;0.034230272;0.029942784;0.019315712;0.012294143999999998;0.01262592;0.013221888;0.010935295999999999;0.009542655999999998;0.006042624;0.0072386559999999996;0.012923904;0.009915392;0.004974592000000001;0.003741696;0.0037273600000000003;0.002864128;0.004538368;0.005322752;0.00584704;0.005230592;0.005173248;0.002486272;0.003889152;0.003505152;0.002945024;0.002783232;0.001905664;0.002241536;0.00226816;0.0017377279999999998;0.00242688;0.0016087039999999999;0.001721344;0.002081792;0.0017479680000000001;0.0014991359999999999;0.0012462080000000002;0.001133568;0.0013660159999999998;0.00101888;0.000982016;0.001741824
1782696600,hdr,0.0293;0.03906;0.04883;0.05859;0.06836;0.07813;0.08789;0.09766;0.10742;0.11719;0.12695;0.13672;0.14648;0.15625;0.16602;0.17578;0.18555;0.19531;0.20508;0.21484;0.22461;0.23438;0.24414;0.25391;0.26367;0.27344;0.2832;0.29297;0.30273;0.3125;0.32227;0.33203;0.3418;0.35156;0.36133;0.37109;0.38086;0.39063;0.40039;0.41016;0.41992;0.42969;0.43945;0.44922;0.45898;0.46875;0.47852;0.48828;0.49805;0.50781;0.51758;0.52734;0.53711;0.54688;0.55664;0.56641;0.57617;0.58594;0.5957;0.60547;0.61523;0.625;0.63477;0.64453;0.6543;0.66406;0.67383;0.68359;0.69336;0.70313;0.71289;0.72266;0.73242;0.74219;0.75195;0.76172;0.77148;0.78125;0.79102,0.00515584;0.011207680000000001;0.013504512;0.011771903999999998;0.013713408;0.015490048000000001;0.02858496;0.044674048;0.06889881599999999;0.066538496;0.10254848;0.08547225600000001;0.060382208;0.08007168;0.07928422399999999;0.033692672;0.016055296;0.01614336;0.020149247999999998;0.015368192000000001;0.014257152;0.011783168;0.014495744000000001;0.015720447999999998;0.010025983999999998;0.006526976;0.006232064000000001;0.004856831999999999;0.003831808;0.005012480000000001;0.006889472;0.012829696;0.015065087999999999;0.015157248;0.02199552;0.029211648;0.018885632000000003;0.0205824;0.025309184;0.014153727999999999;0.01272832;0.016450559999999996;0.021840896000000002;0.014849023999999999;0.0100352;0.010316800000000001;0.007977984;0.007367680000000001;0.009755648;0.008338431999999998;0.00561664;0.005424127999999999;0.004716544;0.004590591999999999;0.003535872;0.0034949119999999998;0.004324352;0.003130368;0.004170752000000001;0.0042905600000000006;0.0029265919999999996;0.003067904;0.002961408;0.0033341440000000003;0.001928192;0.0017090559999999998;0.001932288;0.001672192;0.0020029439999999996;0.002395136;0.001944576;0.001376256;0.001147904;0.001467392;0.0013690880000000003;0.001750016;0.0011632640000000002;0.000780288;0.0013322240000000001
1782697500,hdr,0.0293;0.03906;0.04883;0.05859;0.06836;0.07813;0.08789;0.09766;0.10742;0.11719;0.12695;0.13672;0.14648;0.15625;0.16602;0.17578;0.18555;0.19531;0.20508;0.21484;0.22461;0.23438;0.24414;0.25391;0.26367;0.27344;0.2832;0.29297;0.30273;0.3125;0.32227;0.33203;0.3418;0.35156;0.36133;0.37109;0.38086;0.39063;0.40039;0.41016;0.41992;0.42969;0.43945;0.44922;0.45898;0.46875;0.47852;0.48828;0.49805;0.50781;0.51758;0.52734;0.53711;0.54688;0.55664;0.56641;0.57617;0.58594;0.5957;0.60547;0.61523;0.625;0.63477;0.64453;0.6543;0.66406;0.67383;0.68359;0.69336;0.70313;0.71289;0.72266;0.73242;0.74219;0.75195;0.76172;0.77148;0.78125;0.79102,0.0027852800000000002;0.0048486399999999995;0.006391808;0.008562688;0.007967743999999999;0.049398784;0.10692403199999999;0.08593407999999998;0.07056384;0.059994112;0.057234432;0.079031296;0.056863744;0.066828288;0.07587430399999999;0.048943104;0.024532992;0.018122751999999995;0.018081792000000003;0.018881536;0.021977088;0.015982592;0.011559936;0.01460736;0.012783616;0.010008576;0.011716608;0.008565759999999999;0.006395903999999999;0.005092352;0.006042624;0.01272832;0.020851711999999998;0.021748736;0.017055744;0.022283264;0.03627212800000001;0.029206528;0.01916416;0.014373888000000001;0.012081152;0.013541376;0.009284608;0.008250368000000001;0.007247872000000001;0.009059328000000002;0.008292352;0.00853504;0.007963648;0.0052142080000000006;0.006381567999999999;0.007600127999999999;0.0049653760000000005;0.0022937599999999997;0.0041512960000000005;0.00652288;0.004996095999999999;0.0025917439999999996;0.002371584;0.0024330239999999998;0.002325504;0.0021248;0.002399232;0.0029911039999999996;0.003175424;0.0021207039999999997;0.0018595839999999998;0.00136704;0.001263616;0.001974272;0.00204288;0.0027555839999999997;0.0024145919999999997;0.001700864;0.00103936;0.000807936;0.0011243520000000001;0.00121344;0.000714752
1782698400,hdr,0.0293;0.03906;0.04883;0.05859;0.06836;0.07813;0.08789;0.09766;0.10742;0.11719;0.12695;0.13672;0.14648;0.15625;0.16602;0.17578;0.18555;0.19531;0.20508;0.21484;0.22461;0.23438;0.24414;0.25391;0.26367;0.27344;0.2832;0.29297;0.30273;0.3125;0.32227;0.33203;0.3418;0.35156;0.36133;0.37109;0.38086;0.39063;0.40039;0.41016;0.41992;0.42969;0.43945;0.44922;0.45898;0.46875;0.47852;0.48828;0.49805;0.50781;0.51758;0.52734;0.53711;0.54688;0.55664;0.56641;0.57617;0.58594;0.5957;0.60547;0.61523;0.625;0.63477;0.64453;0.6543;0.66406;0.67383;0.68359;0.69336;0.70313;0.71289;0.72266;0.73242;0.74219;0.75195;0.76172;0.77148;0.78125;0.79102,0.006693888;0.011369472;0.013988864;0.009964544;0.014225408;0.031341568;0.049835008;0.05413888;0.053819392;0.07563776;0.074215424;0.070793216;0.07039897600000002;0.079628288;0.071716864;0.045708288;0.029140992;0.023342079999999998;0.028850175999999998;0.022189056000000002;0.012919808;0.011854848;0.011912191999999999;0.008531968000000001;0.008098815999999998;0.009612287999999998;0.008930304;0.006757376;0.006044672;0.009985023999999999;0.010213376;0.009562112000000001;0.009876480000000002;0.01689088;0.023703552;0.020151296;0.021310464;0.028045312;0.025172992;0.012464128000000001;0.010732544;0.009874432;0.011583488;0.00882176;0.008891392;0.008031232;0.007728128;0.007068672000000001;0.004824064;0.003431424;0.004159487999999999;0.004303872;0.0039301119999999995;0.00321536;0.003323904;0.004933632;0.0047564799999999996;0.003653632;0.004874240000000001;0.004299776;0.002676736;0.0020029439999999996;0.00247808;0.0017039359999999999;0.0012042239999999998;0.0011120639999999998;0.0013680639999999998;0.0017152;0.0017643519999999998;0.002210816;0.002353152;0.0024504320000000002;0.001970176;0.001992704;0.00172544;0.0012165119999999999;0.000945152;0.0013926400000000001;0.0012001280000000002
1782699300,hdr,0.0293;0.03906;0.04883;0.05859;0.06836;0.07813;0.08789;0.09766;0.10742;0.11719;0.12695;0.13672;0.14648;0.15625;0.16602;0.17578;0.18555;0.19531;0.20508;0.21484;0.22461;0.23438;0.24414;0.25391;0.26367;0.27344;0.2832;0.29297;0.30273;0.3125;0.32227;0.33203;0.3418;0.35156;0.36133;0.37109;0.38086;0.39063;0.40039;0.41016;0.41992;0.42969;0.43945;0.44922;0.45898;0.46875;0.47852;0.48828;0.49805;0.50781;0.51758;0.52734;0.53711;0.54688;0.55664;0.56641;0.57617;0.58594;0.5957;0.60547;0.61523;0.625;0.63477;0.64453;0.6543;0.66406;0.67383;0.68359;0.69336;0.70313;0.71289;0.72266;0.73242;0.74219;0.75195;0.76172;0.77148;0.78125;0.79102,0.00576;0.012141568;0.020200448;0.013556736000000002;0.013107200000000001;0.047524864;0.097000448;0.078287872;0.052659199999999996;0.065734656;0.062147584000000006;0.055892991999999996;0.058407936;0.042978304;0.050993152;0.04366131200000001;0.025538560000000002;0.015980544;0.007955456;0.007855104;0.011259904000000001;0.010164224;0.007662591999999999;0.014630912000000001;0.01551872;0.009442304;0.009675776000000002;0.007840768;0.005780479999999999;0.008561664;0.012560384;0.014142464;0.018413568;0.013264896;0.012911616;0.02181632;0.01581568;0.014113792;0.015430656000000001;0.014578688;0.009780224;0.007876608;0.005997568;0.007165952000000001;0.00605696;0.004712448;0.006674432000000001;0.007559168;0.004633600000000001;0.003597312;0.004313088;0.003720192;0.0034662399999999998;0.0037724160000000002;0.004267008;0.00553984;0.004919296;0.0029061119999999998;0.002040832;0.002697216;0.001893376;0.0028467199999999996;0.0030341120000000003;0.00229888;0.002972672;0.003018752;0.0022855680000000004;0.0025917439999999996;0.00213504;0.001979392;0.001529856;0.0018421759999999998;0.001410048;0.0012083200000000001;0.001009664;0.0008366080000000001;0.000858112;0.000873472;0.00103936
1782700200,hdr,0.0293;0.03906;0.04883;0.05859;0.06836;0.07813;0.08789;0.09766;0.10742;0.11719;0.12695;0.13672;0.14648;0.15625;0.16602;0.17578;0.18555;0.19531;0.20508;0.21484;0.22461;0.23438;0.24414;0.25391;0.26367;0.27344;0.2832;0.29297;0.30273;0.3125;0.32227;0.33203;0.3418;0.35156;0.36133;0.37109;0.38086;0.39063;0.40039;0.41016;0.41992;0.42969;0.43945;0.44922;0.45898;0.46875;0.47852;0.48828;0.49805;0.50781;0.51758;0.52734;0.53711;0.54688;0.55664;0.56641;0.57617;0.58594;0.5957;0.60547;0.61523;0.625;0.63477;0.64453;0.6543;0.66406;0.67383;0.68359;0.69336;0.70313;0.71289;0.72266;0.73242;0.74219;0.75195;0.76172;0.77148;0.78125;0.79102,0.006033408;0.014528511999999999;0.017732608;0.012828672;0.019406848;0.034502656;0.05711872;0.042167296;0.038529023999999995;0.037700608000000004;0.051105792000000004;0.074889216;0.075032576;0.080237568;0.109426688;0.078372864;0.030712832;0.019693567999999998;0.014949376;0.018997248;0.012401664000000001;0.012782591999999999;0.009353216000000001;0.006371328000000001;0.009148416;0.004886528;0.0054784;0.005384192;0.00622592;0.006145024000000001;0.009759743999999999;0.008528896;0.011317248;0.021065728;0.014681088000000002;0.010662912;0.00712192;0.011806720000000001;0.009967616;0.009610239999999999;0.0075171840000000005;0.005967871999999999;0.008201216;0.007281664;0.0072284160000000005;0.006654976;0.004013055999999999;0.003245056;0.002888704;0.003120128;0.00262144;0.003176448;0.003483648;0.00433152;0.005664768;0.00339456;0.003391488;0.0029982719999999997;0.002330624;0.002661376;0.002725888;0.00388096;0.004731904;0.003265536;0.0028692479999999996;0.002980864;0.0019824639999999998;0.002576384;0.0024637440000000004;0.0021227520000000003;0.00167424;0.00170496;0.0011837439999999998;0.00103424;0.001199104;0.00170496;0.001180672;0.000933888;0.0009472
1782701100,hdr,0.0293;0.03906;0.04883;0.05859;0.06836;0.07813;0.08789;0.09766;0.10742;0.11719;0.12695;0.13672;0.14648;0.15625;0.16602;0.17578;0.18555;0.19531;0.20508;0.21484;0.22461;0.23438;0.24414;0.25391;0.26367;0.27344;0.2832;0.29297;0.30273;0.3125;0.32227;0.33203;0.3418;0.35156;0.36133;0.37109;0.38086;0.39063;0.40039;0.41016;0.41992;0.42969;0.43945;0.44922;0.45898;0.46875;0.47852;0.48828;0.49805;0.50781;0.51758;0.52734;0.53711;0.54688;0.55664;0.56641;0.57617;0.58594;0.5957;0.60547;0.61523;0.625;0.63477;0.64453;0.6543;0.66406;0.67383;0.68359;0.69336;0.70313;0.71289;0.72266;0.73242;0.74219;0.75195;0.76172;0.77148;0.78125;0.79102,0.002571264;0.008869888;0.009644031999999999;0.008417280000000001;0.017683455999999997;0.049747968000000004;0.07072256;0.05424128;0.05528064;0.064995328;0.06645145599999999;0.06450278400000001;0.059891712;0.048441344;0.050862080000000004;0.033716223999999996;0.019531776;0.019995647999999998;0.016275455999999997;0.017159168000000002;0.013000704000000002;0.009981951999999999;0.011619328;0.009213952000000001;0.0069396480000000005;0.008419328;0.007945216;0.004952064;0.003163136;0.007622656;0.009976832;0.010715135999999998;0.01885696;0.01854464;0.020763648000000003;0.018622464;0.013626367999999998;0.010561536;0.010217472000000002;0.007617536;0.005922816;0.004798464;0.004491264;0.005669888;0.004938752;0.00611328;0.006135808;0.006076416;0.00478208;0.003975168;0.0032921599999999997;0.003405824;0.004298752;0.003613696;0.0030781439999999997;0.0032348159999999997;0.0034580479999999996;0.0025200640000000002;0.00258048;0.003810304;0.003350528;0.003063808;0.00387072;0.0034304;0.002260992;0.002019328;0.00325632;0.002646016;0.00152576;0.00209408;0.002603008;0.0010373119999999999;0.0007833599999999999;0.0011448320000000001;0.0013608960000000001;0.00103424;0.001000448;0.000927744;0.0009943039999999999
1782702000,hdr,0.0293;0.03906;0.04883;0.05859;0.06836;0.07813;0.08789;0.09766;0.10742;0.11719;0.12695;0.13672;0.14648;0.15625;0.16602;0.17578;0.18555;0.19531;0.20508;0.21484;0.22461;0.23438;0.24414;0.25391;0.26367;0.27344;0.2832;0.29297;0.30273;0.3125;0.32227;0.33203;0.3418;0.35156;0.36133;0.37109;0.38086;0.39063;0.40039;0.41016;0.41992;0.42969;0.43945;0.44922;0.45898;0.46875;0.47852;0.48828;0.49805;0.50781;0.51758;0.52734;0.53711;0.54688;0.55664;0.56641;0.57617;0.58594;0.5957;0.60547;0.61523;0.625;0.63477;0.64453;0.6543;0.66406;0.67383;0.68359;0.69336;0.70313;0.71289;0.72266;0.73242;0.74219;0.75195;0.76172;0.77148;0.78125;0.79102,0.000888832;0.002712576;0.003831808;0.0036505599999999997;0.009239552;0.034274304000000005;0.063479808;0.050345984;0.052673536;0.0432896;0.029990912;0.048083968;0.07043071999999999;0.05438464;0.063915008;0.04605952;0.031912960000000004;0.04052479999999999;0.030725119999999998;0.015118336;0.012347392;0.016600063999999998;0.011332608000000001;0.01133056;0.00677888;0.004700160000000001;0.0047841279999999995;0.006019072;0.0076892160000000005;0.009351168;0.011062272000000001;0.008825856;0.006992895999999999;0.012863488;0.018118656000000004;0.020347904;0.009641984000000001;0.0099584;0.009894912;0.006160384;0.0037632;0.00433152;0.0058941440000000005;0.003622912;0.00269824;0.002363392;0.00180224;0.002072576;0.0018964479999999998;0.002225152;0.002592768;0.0038492160000000004;0.003158016;0.0025917439999999996;0.002076672;0.001915904;0.0022405119999999996;0.001645568;0.001809408;0.00195072;0.001393664;0.0011007999999999999;0.001323008;0.001668096;0.002172928;0.0024299520000000004;0.0030904319999999997;0.00247296;0.0032870399999999998;0.002494464;0.001265664;0.001590272;0.0014499839999999999;0.001583104;0.001325056;0.0010086399999999999;0.0008355839999999999;0.000726016;0.00072704
1782702900,hdr,0.0293;0.03906;0.04883;0.05859;0.06836;0.07813;0.08789;0.09766;0.10742;0.11719;0.12695;0.13672;0.14648;0.15625;0.16602;0.17578;0.18555;0.19531;0.20508;0.21484;0.22461;0.23438;0.24414;0.25391;0.26367;0.27344;0.2832;0.29297;0.30273;0.3125;0.32227;0.33203;0.3418;0.35156;0.36133;0.37109;0.38086;0.39063;0.40039;0.41016;0.41992;0.42969;0.43945;0.44922;0.45898;0.46875;0.47852;0.48828;0.49805;0.50781;0.51758;0.52734;0.53711;0.54688;0.55664;0.56641;0.57617;0.58594;0.5957;0.60547;0.61523;0.625;0.63477;0.64453;0.6543;0.66406;0.67383;0.68359;0.69336;0.70313;0.71289;0.72266;0.73242;0.74219;0.75195;0.76172;0.77148;0.78125;0.79102,0.001307648;0.007795712;0.007247872000000001;0.002722816;0.009779199999999998;0.029365248;0.073146368;0.08330137600000001;0.061472768000000004;0.042842112;0.037388288;0.052748288;0.065550336;0.0694272;0.058781695999999994;0.060872704;0.048637952;0.025894912;0.018785279999999998;0.012954624000000001;0.01198592;0.011435008;0.010389504;0.006836223999999999;0.008981504;0.008201216;0.004972544;0.007452672;0.006172672000000001;0.006037504;0.007449600000000001;0.012151808;0.011746304;0.017850368;0.015574016;0.010090496;0.011697152;0.009485312;0.004558848;0.006586368;0.008165376;0.004509696;0.003877888;0.00283648;0.00256;0.00282624;0.0036362239999999995;0.003858432;0.003352576;0.003122176;0.003121152;0.002234368;0.0020879360000000003;0.00217088;0.001792;0.002852864;0.003187712;0.0019886079999999998;0.0019773440000000002;0.002362368;0.0027351040000000004;0.002665472;0.0022835200000000003;0.003699712;0.00324096;0.001774592;0.00146944;0.001540096;0.001026048;0.001649664;0.001907712;0.001752064;0.0015656959999999999;0.001572864;0.000909312;0.0011509760000000002;0.0012042239999999998;0.001061888;0.00093696
1782703800,hdr,0.0293;0.03906;0.04883;0.05859;0.06836;0.07813;0.08789;0.09766;0.10742;0.11719;0.12695;0.13672;0.14648;0.15625;0.16602;0.17578;0.18555;0.19531;0.20508;0.21484;0.22461;0.23438;0.24414;0.25391;0.26367;0.27344;0.2832;0.29297;0.30273;0.3125;0.32227;0.33203;0.3418;0.35156;0.36133;0.37109;0.38086;0.39063;0.40039;0.41016;0.41992;0.42969;0.43945;0.44922;0.45898;0.46875;0.47852;0.48828;0.49805;0.50781;0.51758;0.52734;0.53711;0.54688;0.55664;0.56641;0.57617;0.58594;0.5957;0.60547;0.61523;0.625;0.63477;0.64453;0.6543;0.66406;0.67383;0.68359;0.69336;0.70313;0.71289;0.72266;0.73242;0.74219;0.75195;0.76172;0.77148;0.78125;0.79102,0.00031129599999999997;0.003511296;0.004122624;0.00163328;0.0035246080000000003;0.02331648;0.0567296;0.055615488;0.05983436799999999;0.057531392;0.060717056;0.06749696000000001;0.062633984;0.05757439999999999;0.0464128;0.042460160000000004;0.035346432000000004;0.01978368;0.011063295999999999;0.01457664;0.015145984000000001;0.008704;0.008790016;0.0067532799999999995;0.007670784000000001;0.006404096000000001;0.005343232;0.005562368000000001;0.005866496;0.006030336;0.006675455999999999;0.009530367999999999;0.013415423999999999;0.012118016000000002;0.009345024;0.009291776;0.008233984;0.005898240000000001;0.004172799999999999;0.004252672;0.004968448;0.004317184;0.004155392;0.003889152;0.003472384;0.0027105280000000002;0.002458624;0.0022487040000000002;0.0012308479999999999;0.0017326079999999998;0.0024391680000000002;0.002562048;0.002720768;0.002566144;0.001723392;0.001651712;0.0023500800000000005;0.002004992;0.001632256;0.002084864;0.0018810880000000002;0.001907712;0.001590272;0.001564672;0.00181248;0.0013148160000000001;0.001057792;0.001212416;0.00082944;0.000346112;0.000449536;0.00075264;0.0005632;0.00047206399999999996;0.0006021119999999999;0.0006123519999999999;0.00059392;0.0005324799999999999;0.000504832
1782704700,hdr,0.0293;0.03906;0.04883;0.05859;0.06836;0.07813;0.08789;0.09766;0.10742;0.11719;0.12695;0.13672;0.14648;0.15625;0.16602;0.17578;0.18555;0.19531;0.20508;0.21484;0.22461;0.23438;0.24414;0.25391;0.26367;0.27344;0.2832;0.29297;0.30273;0.3125;0.32227;0.33203;0.3418;0.35156;0.36133;0.37109;0.38086;0.39063;0.40039;0.41016;0.41992;0.42969;0.43945;0.44922;0.45898;0.46875;0.47852;0.48828;0.49805;0.50781;0.51758;0.52734;0.53711;0.54688;0.55664;0.56641;0.57617;0.58594;0.5957;0.60547;0.61523;0.625;0.63477;0.64453;0.6543;0.66406;0.67383;0.68359;0.69336;0.70313;0.71289;0.72266;0.73242;0.74219;0.75195;0.76172;0.77148;0.78125;0.79102,0.001854464;0.003282944;0.0031907839999999995;0.004617216;0.00907264;0.017818623999999998;0.068002816;0.10158182399999999;0.046152703999999996;0.032349184;0.048416768;0.044693504;0.057969664000000004;0.07000268800000001;0.048047104;0.048620544;0.033337344000000005;0.021367808000000002;0.014786559999999999;0.008426496;0.00731648;0.008452096;0.009659392;0.00762368;0.0046223359999999995;0.006631424;0.008817664000000001;0.004523008;0.004231168;0.0042086400000000005;0.006910975999999999;0.009984;0.011856896;0.010230784;0.008267776;0.007856128;0.008329216;0.006029312;0.003567616;0.002512896;0.002704384;0.002663424;0.00274432;0.00209408;0.0016895999999999999;0.0017643519999999998;0.000847872;0.001741824;0.002157568;0.002193408;0.0027791359999999998;0.0017326079999999998;0.00128;0.00154624;0.00175104;0.001283072;0.0015984640000000002;0.0017858560000000002;0.002034688;0.001866752;0.0017807360000000002;0.001528832;0.001512448;0.001071104;0.0012441599999999998;0.00137216;0.00131072;0.001405952;0.00138752;0.001071104;0.0010475520000000002;0.000995328;0.0009441279999999999;0.000932864;0.000785408;0.000561152;0.000521216;0.000513024;0.00067584
1782705600,hdr,0.0293;0.03906;0.04883;0.05859;0.06836;0.07813;0.08789;0.09766;0.10742;0.11719;0.12695;0.13672;0.14648;0.15625;0.16602;0.17578;0.18555;0.19531;0.20508;0.21484;0.22461;0.23438;0.24414;0.25391;0.26367;0.27344;0.2832;0.29297;0.30273;0.3125;0.32227;0.33203;0.3418;0.35156;0.36133;0.37109;0.38086;0.39063;0.40039;0.41016;0.41992;0.42969;0.43945;0.44922;0.45898;0.46875;0.47852;0.48828;0.49805;0.50781;0.51758;0.52734;0.53711;0.54688;0.55664;0.56641;0.57617;0.58594;0.5957;0.60547;0.61523;0.625;0.63477;0.64453;0.6543;0.66406;0.67383;0.68359;0.69336;0.70313;0.71289;0.72266;0.73242;0.74219;0.75195;0.76172;0.77148;0.78125;0.79102,0.0011837439999999998;0.004400128;0.004302848;0.0022466560000000005;0.007560192;0.017866752;0.053041151999999994;0.073044992;0.05497344;0.047415295999999996;0.066056192;0.082599936;0.038237184;0.031749120000000006;0.054916096000000005;0.064024576;0.05835776;0.03418624;0.025085951999999998;0.015220736;0.008808448;0.009069568000000002;0.013243392;0.008346624;0.003620864;0.004406272000000001;0.008511488;0.008462336;0.008653824000000001;0.009255936;0.00973824;0.008579072;0.016630784;0.014364672;0.007277567999999999;0.006827008;0.005959679999999999;0.005302272;0.004942848;0.0034908160000000003;0.002213888;0.0029306880000000003;0.003513344;0.0027842559999999997;0.002337792;0.003344384;0.003764224;0.002837504;0.002935808;0.0027105280000000002;0.001758208;0.0019527680000000001;0.00138752;0.001782784;0.0024637440000000004;0.001380352;0.00096768;0.000861184;0.00155648;0.0016711679999999998;0.00124928;0.000664576;0.0005642239999999999;0.0009297919999999999;0.001276928;0.001358848;0.001441792;0.00126976;0.000953344;0.0009564160000000001;0.001220608;0.0010127360000000002;0.000763904;0.000690176;0.000596992;0.000458752;0.000503808;0.000484352;0.000395264
1782706500,hdr,0.0293;0.03906;0.04883;0.05859;0.06836;0.07813;0.08789;0.09766;0.10742;0.11719;0.12695;0.13672;0.14648;0.15625;0.16602;0.17578;0.18555;0.19531;0.20508;0.21484;0.22461;0.23438;0.24414;0.25391;0.26367;0.27344;0.2832;0.29297;0.30273;0.3125;0.32227;0.33203;0.3418;0.35156;0.36133;0.37109;0.38086;0.39063;0.40039;0.41016;0.41992;0.42969;0.43945;0.44922;0.45898;0.46875;0.47852;0.48828;0.49805;0.50781;0.51758;0.52734;0.53711;0.54688;0.55664;0.56641;0.57617;0.58594;0.5957;0.60547;0.61523;0.625;0.63477;0.64453;0.6543;0.66406;0.67383;0.68359;0.69336;0.70313;0.71289;0.72266;0.73242;0.74219;0.75195;0.76172;0.77148;0.78125;0.79102,0.001521664;0.006946816;0.00746496;0.005588992;0.016580608;0.033985536;0.040433663999999994;0.06513561600000001;0.084793344;0.071630848;0.054734847999999996;0.061138944;0.047750144;0.048;0.053421055999999995;0.06636953599999999;0.06428057599999999;0.036073472;0.021168128;0.018338816;0.012491776;0.010116096000000002;0.006656;0.006943744;0.006336512;0.007653375999999999;0.009890815999999998;0.012080128;0.010073088;0.012005376;0.012822528;0.013088768;0.011774976000000001;0.013795327999999999;0.011013120000000001;0.0090112;0.008129536;0.0054190079999999995;0.00351744;0.004770816;0.004242432;0.002354176;0.0017326079999999998;0.0020183040000000003;0.001752064;0.0017602560000000002;0.000924672;0.0012605440000000002;0.001304576;0.001079296;0.00118272;0.0011714560000000002;0.001743872;0.0012451839999999999;0.0008591359999999999;0.0011673599999999999;0.0012308479999999999;0.0021944319999999996;0.0015493120000000002;0.00210944;0.002528256;0.00175104;0.0019230719999999998;0.001708032;0.0013209599999999997;0.001309696;0.0020500479999999996;0.0015943679999999999;0.0014438399999999998;0.001527808;0.0015984640000000002;0.00141312;0.001108992;0.0010833919999999999;0.0013690880000000003;0.001461248;0.00126976;0.001521664;0.0014110720000000002
1782707400,hdr,0.0293;0.03906;0.04883;0.05859;0.06836;0.07813;0.08789;0.09766;0.10742;0.11719;0.12695;0.13672;0.14648;0.15625;0.16602;0.17578;0.18555;0.19531;0.20508;0.21484;0.22461;0.23438;0.24414;0.25391;0.26367;0.27344;0.2832;0.29297;0.30273;0.3125;0.32227;0.33203;0.3418;0.35156;0.36133;0.37109;0.38086;0.39063;0.40039;0.41016;0.41992;0.42969;0.43945;0.44922;0.45898;0.46875;0.47852;0.48828;0.49805;0.50781;0.51758;0.52734;0.53711;0.54688;0.55664;0.56641;0.57617;0.58594;0.5957;0.60547;0.61523;0.625;0.63477;0.64453;0.6543;0.66406;0.67383;0.68359;0.69336;0.70313;0.71289;0.72266;0.73242;0.74219;0.75195;0.76172;0.77148;0.78125;0.79102,0.005183487999999999;0.012058624;0.018853888000000003;0.007687167999999999;0.009771008;0.023634943999999998;0.049835008;0.073304064;0.063592448;0.047696896;0.042699775999999995;0.048108544;0.053594112;0.069403648;0.067436544;0.061488128;0.06423449599999999;0.03473408;0.015848448;0.017934336;0.011639808000000001;0.008747008;0.008588288000000001;0.00538112;0.0074854399999999995;0.006330368;0.004757504;0.00758272;0.009598976;0.011891711999999999;0.01273344;0.012357632000000002;0.01435136;0.011874304;0.010113024;0.008881152;0.0044748800000000005;0.002117632;0.003009536;0.002691072;0.00234496;0.0016988160000000001;0.0016988160000000001;0.0010516479999999999;0.0009482239999999999;0.001107968;0.0015513600000000001;0.002028544;0.001563648;0.0014213119999999999;0.00180224;0.002064384;0.001130496;0.0014919679999999998;0.0020500479999999996;0.001903616;0.0022661120000000002;0.0022487040000000002;0.0013209599999999997;0.0014172160000000002;0.001316864;0.002070528;0.002455552;0.002274304;0.002019328;0.001395712;0.002675712;0.0016988160000000001;0.001599488;0.001978368;0.0019476480000000002;0.0021872639999999995;0.001426432;0.001820672;0.001498112;0.001537024;0.0014028799999999998;0.001509376;0.0011509760000000002
1782708300,hdr,0.0293;0.03906;0.04883;0.05859;0.06836;0.07813;0.08789;0.09766;0.10742;0.11719;0.12695;0.13672;0.14648;0.15625;0.16602;0.17578;0.18555;0.19531;0.20508;0.21484;0.22461;0.23438;0.24414;0.25391;0.26367;0.27344;0.2832;0.29297;0.30273;0.3125;0.32227;0.33203;0.3418;0.35156;0.36133;0.37109;0.38086;0.39063;0.40039;0.41016;0.41992;0.42969;0.43945;0.44922;0.45898;0.46875;0.47852;0.48828;0.49805;0.50781;0.51758;0.52734;0.53711;0.54688;0.55664;0.56641;0.57617;0.58594;0.5957;0.60547;0.61523;0.625;0.63477;0.64453;0.6543;0.66406;0.67383;0.68359;0.69336;0.70313;0.71289;0.72266;0.73242;0.74219;0.75195;0.76172;0.77148;0.78125;0.79102,0.006583296;0.021892095999999996;0.027510784;0.010094592000000001;0.012409856;0.018415616000000003;0.035639296;0.0434688;0.051320832000000004;0.050553856;0.038372352;0.038304768;0.042816512;0.041777152000000005;0.056296448;0.081586176;0.100831232;0.052486144;0.02118656;0.014970879999999999;0.016932864;0.012676096;0.008157184000000001;0.007087104;0.004726784;0.008469504000000001;0.009126912000000001;0.008193024;0.006817792;0.010784768;0.01465856;0.018233344;0.014265344000000001;0.010202112;0.008753152;0.007436288;0.006232064000000001;0.005129216000000001;0.0036976640000000002;0.003339264;0.0027729919999999997;0.001865728;0.002353152;0.002180096;0.0018841600000000002;0.0015687680000000001;0.0014704639999999999;0.0026900479999999996;0.002424832;0.001885184;0.0018176000000000002;0.002373632;0.0017971200000000001;0.001544192;0.0019476480000000002;0.001388544;0.0014704639999999999;0.001926144;0.0019496960000000001;0.002390016;0.0015493120000000002;0.0017244159999999999;0.0017858560000000002;0.0022067199999999997;0.002101248;0.00154624;0.00154624;0.0015872;0.0014458880000000002;0.001391616;0.001757184;0.001432576;0.0012441599999999998;0.000996352;0.000970752;0.0010086399999999999;0.001014784;0.001604608;0.001381376
1782709200,hdr,0.0293;0.03906;0.04883;0.05859;0.06836;0.07813;0.08789;0.09766;0.10742;0.11719;0.12695;0.13672;0.14648;0.15625;0.16602;0.17578;0.18555;0.19531;0.20508;0.21484;0.22461;0.23438;0.24414;0.25391;0.26367;0.27344;0.2832;0.29297;0.30273;0.3125;0.32227;0.33203;0.3418;0.35156;0.36133;0.37109;0.38086;0.39063;0.40039;0.41016;0.41992;0.42969;0.43945;0.44922;0.45898;0.46875;0.47852;0.48828;0.49805;0.50781;0.51758;0.52734;0.53711;0.54688;0.55664;0.56641;0.57617;0.58594;0.5957;0.60547;0.61523;0.625;0.63477;0.64453;0.6543;0.66406;0.67383;0.68359;0.69336;0.70313;0.71289;0.72266;0.73242;0.74219;0.75195;0.76172;0.77148;0.78125;0.79102,0.008672256000000001;0.020481024;0.014548992;0.003724288;0.008128512000000001;0.031054848;0.060601343999999994;0.07584256000000002;0.060351488;0.036620288;0.034987008;0.058729472000000005;0.03543552;0.055981056;0.072882176;0.060025856;0.063430656;0.030931968;0.015944704;0.012081152;0.008574975999999998;0.012378111999999998;0.0167168;0.010517504;0.009208831999999998;0.007251968;0.006482943999999999;0.008841215999999999;0.019490815999999998;0.023604224;0.021252096;0.020133888;0.011823104000000001;0.008209408;0.008418303999999998;0.007954431999999999;0.007201792;0.006181888;0.004097024;0.00466432;0.00475136;0.002586624;0.002300928;0.0024227840000000003;0.001782784;0.001942528;0.0024709120000000005;0.0025671680000000003;0.002587648;0.0018636800000000002;0.0020398079999999997;0.002108416;0.0028190719999999997;0.002589696;0.002044928;0.002767872;0.00239104;0.001586176;0.001983488;0.0017684480000000002;0.0014530559999999999;0.001540096;0.001936384;0.001792;0.00146944;0.001668096;0.0014376960000000002;0.001149952;0.001027072;0.00085504;0.001296384;0.001830912;0.00124928;0.000871424;0.000698368;0.001088512;0.001258496;0.000995328;0.00065536
1782710100,hdr,0.0293;0.03906;0.04883;0.05859;0.06836;0.07813;0.08789;0.09766;0.10742;0.11719;0.12695;0.13672;0.14648;0.15625;0.16602;0.17578;0.18555;0.19531;0.20508;0.21484;0.22461;0.23438;0.24414;0.25391;0.26367;0.27344;0.2832;0.29297;0.30273;0.3125;0.32227;0.33203;0.3418;0.35156;0.36133;0.37109;0.38086;0.39063;0.40039;0.41016;0.41992;0.42969;0.43945;0.44922;0.45898;0.46875;0.47852;0.48828;0.49805;0.50781;0.51758;0.52734;0.53711;0.54688;0.55664;0.56641;0.57617;0.58594;0.5957;0.60547;0.61523;0.625;0.63477;0.64453;0.6543;0.66406;0.67383;0.68359;0.69336;0.70313;0.71289;0.72266;0.73242;0.74219;0.75195;0.76172;0.77148;0.78125;0.79102,0.00233984;0.008039424;0.006201344;0.0052541440000000005;0.007245824;0.020058112;0.079647744;0.109509632;0.06598246399999999;0.047791104;0.044870655999999995;0.0362752;0.04468633599999999;0.033086464;0.032075776;0.055189504;0.06657331200000001;0.034689024000000006;0.015558655999999999;0.010677248000000002;0.009148416;0.010365952;0.011569152;0.00961536;0.008079359999999999;0.011138048;0.013539328;0.016410624;0.015237120000000002;0.013735935999999999;0.015106047999999999;0.018418688;0.0141568;0.011278336;0.0078592;0.009479168;0.007021568000000001;0.003703808;0.003644416;0.0036976640000000002;0.0028426239999999998;0.0022231040000000005;0.002280448;0.0030873599999999995;0.0028467199999999996;0.00221184;0.002107392;0.002295808;0.002673664;0.0029859840000000006;0.0030330879999999998;0.003309568;0.002551808;0.002451456;0.00298496;0.0029911039999999996;0.002205696;0.0027269119999999997;0.0019210240000000001;0.001053696;0.001388544;0.0012369920000000001;0.001384448;0.000889856;0.0008468480000000001;0.001114112;0.0011161600000000002;0.000881664;0.0005601279999999999;0.001155072;0.0009615359999999999;0.000807936;0.000772096;0.000801792;0.0005898240000000001;0.00040448000000000003;0.0005406720000000001;0.0006123519999999999;0.000759808
1782711000,hdr,0.0293;0.03906;0.04883;0.05859;0.06836;0.07813;0.08789;0.09766;0.10742;0.11719;0.12695;0.13672;0.14648;0.15625;0.16602;0.17578;0.18555;0.19531;0.20508;0.21484;0.22461;0.23438;0.24414;0.25391;0.26367;0.27344;0.2832;0.29297;0.30273;0.3125;0.32227;0.33203;0.3418;0.35156;0.36133;0.37109;0.38086;0.39063;0.40039;0.41016;0.41992;0.42969;0.43945;0.44922;0.45898;0.46875;0.47852;0.48828;0.49805;0.50781;0.51758;0.52734;0.53711;0.54688;0.55664;0.56641;0.57617;0.58594;0.5957;0.60547;0.61523;0.625;0.63477;0.64453;0.6543;0.66406;0.67383;0.68359;0.69336;0.70313;0.71289;0.72266;0.73242;0.74219;0.75195;0.76172;0.77148;0.78125;0.79102,0.0025937919999999997;0.0050350080000000005;0.0076595199999999995;0.008255488;0.010382336;0.03134976;0.099354624;0.07443865599999999;0.0597248;0.083912704;0.072890368;0.051431423999999996;0.056596480000000005;0.076056576;0.071438336;0.060479488000000005;0.056690688;0.04464128;0.022901759999999997;0.021031936;0.018711552;0.010166271999999999;0.007870464;0.006448128;0.005524479999999999;0.010742784;0.014374912;0.015083520000000001;0.017910784;0.015363072;0.018606079999999997;0.019444735999999997;0.013658112;0.011220992;0.008305664;0.006295551999999999;0.005041152;0.005521408;0.004012032;0.0035850240000000005;0.0023203839999999996;0.003641344;0.003172352;0.002307072;0.0022886399999999998;0.002909184;0.003386368;0.00278016;0.0021227520000000003;0.0022855680000000004;0.0019087359999999999;0.00160256;0.0018083840000000001;0.002249728;0.0025907200000000003;0.001277952;0.0014530559999999999;0.001651712;0.001738752;0.0009400319999999999;0.001388544;0.001062912;0.001265664;0.001227776;0.0008663039999999999;0.000730112;0.0005877759999999999;0.0005601279999999999;0.0005744639999999999;0.0006041600000000001;0.0005416959999999999;0.00047411199999999995;0.00035328;0.00043315199999999996;0.000458752;0.000388096;0.000217088;0.000196608;0.00018739199999999998
1782711900,hdr,0.0293;0.03906;0.04883;0.05859;0.06836;0.07813;0.08789;0.09766;0.10742;0.11719;0.12695;0.13672;0.14648;0.15625;0.16602;0.17578;0.18555;0.19531;0.20508;0.21484;0.22461;0.23438;0.24414;0.25391;0.26367;0.27344;0.2832;0.29297;0.30273;0.3125;0.32227;0.33203;0.3418;0.35156;0.36133;0.37109;0.38086;0.39063;0.40039;0.41016;0.41992;0.42969;0.43945;0.44922;0.45898;0.46875;0.47852;0.48828;0.49805;0.50781;0.51758;0.52734;0.53711;0.54688;0.55664;0.56641;0.57617;0.58594;0.5957;0.60547;0.61523;0.625;0.63477;0.64453;0.6543;0.66406;0.67383;0.68359;0.69336;0.70313;0.71289;0.72266;0.73242;0.74219;0.75195;0.76172;0.77148;0.78125;0.79102,0.003656704;0.0057896959999999996;0.004022272;0.0024391680000000002;0.004303872;0.029121536;0.08102912000000001;0.093973504;0.06826905600000001;0.052842495999999996;0.044576768;0.028914688;0.031131647999999998;0.033549312;0.0407296;0.053011456000000005;0.040757248;0.034365440000000004;0.021165056;0.021016576000000002;0.017729536;0.013344768;0.009680896000000001;0.011449343999999998;0.009519104;0.007339008;0.011387904;0.014602239999999999;0.012295168;0.014971904000000001;0.023467008;0.021699584;0.014855168000000002;0.012479487999999999;0.00463872;0.005100544;0.005245952;0.0029265919999999996;0.002783232;0.002712576;0.004173824;0.0028764159999999997;0.002696192;0.0026480640000000003;0.002275328;0.0015943679999999999;0.001583104;0.003163136;0.003017728;0.0024494079999999997;0.002076672;0.001826816;0.001353728;0.001517568;0.0022599680000000002;0.001811456;0.001412096;0.0011960319999999999;0.001132544;0.001323008;0.00144896;0.001201152;0.001033216;0.0008089600000000001;0.000750592;0.000765952;0.0006021119999999999;0.000668672;0.0007086080000000001;0.000559104;0.00039423999999999997;0.000390144;0.00030003200000000004;0.00019865600000000002;0.000252928;0.000350208;0.000314368;0.000289792;0.000229376
1782712800,hdr,0.0293;0.03906;0.04883;0.05859;0.06836;0.07813;0.08789;0.09766;0.10742;0.11719;0.12695;0.13672;0.14648;0.15625;0.16602;0.17578;0.18555;0.19531;0.20508;0.21484;0.22461;0.23438;0.24414;0.25391;0.26367;0.27344;0.2832;0.29297;0.30273;0.3125;0.32227;0.33203;0.3418;0.35156;0.36133;0.37109;0.38086;0.39063;0.40039;0.41016;0.41992;0.42969;0.43945;0.44922;0.45898;0.46875;0.47852;0.48828;0.49805;0.50781;0.51758;0.52734;0.53711;0.54688;0.55664;0.56641;0.57617;0.58594;0.5957;0.60547;0.61523;0.625;0.63477;0.64453;0.6543;0.66406;0.67383;0.68359;0.69336;0.70313;0.71289;0.72266;0.73242;0.74219;0.75195;0.76172;0.77148;0.78125;0.79102,0.003264512;0.00520704;0.005592063999999999;0.0033331199999999997;0.00999424;0.012925952000000001;0.04984832;0.07487590400000001;0.05216768;0.042546176;0.058821632;0.05199872;0.035511296000000005;0.038340608;0.037671936;0.037004288;0.034333696000000004;0.027739135999999998;0.021158912000000002;0.01555456;0.015578112000000002;0.017965056;0.014048255999999999;0.011292672;0.009576447999999998;0.008900608;0.010366975999999998;0.01014784;0.008604672;0.014092288;0.011085824000000001;0.013051904;0.01374208;0.01202176;0.007524352000000001;0.0057497600000000005;0.004744192;0.0071116799999999996;0.00481792;0.00352256;0.003765248;0.003741696;0.003408896;0.0036474880000000004;0.002464768;0.0025415679999999997;0.001870848;0.002015232;0.001537024;0.0014110720000000002;0.0020633599999999998;0.002792448;0.0024791039999999998;0.0018862080000000001;0.0014858240000000002;0.001769472;0.002000896;0.0013793280000000002;0.001202176;0.000917504;0.0006154239999999999;0.000386048;0.00043827199999999997;0.0006850560000000001;0.0005478400000000001;0.000521216;0.000492544;0.0005642239999999999;0.00057856;0.0006144;0.000447488;0.00034816000000000003;0.00034099200000000003;0.00034099200000000003;0.00030208000000000004;0.000288768;0.0003328;0.00033484799999999995;0.000365568
1782713700,hdr,0.0293;0.03906;0.04883;0.05859;0.06836;0.07813;0.08789;0.09766;0.10742;0.11719;0.12695;0.13672;0.14648;0.15625;0.16602;0.17578;0.18555;0.19531;0.20508;0.21484;0.22461;0.23438;0.24414;0.25391;0.26367;0.27344;0.2832;0.29297;0.30273;0.3125;0.32227;0.33203;0.3418;0.35156;0.36133;0.37109;0.38086;0.39063;0.40039;0.41016;0.41992;0.42969;0.43945;0.44922;0.45898;0.46875;0.47852;0.48828;0.49805;0.50781;0.51758;0.52734;0.53711;0.54688;0.55664;0.56641;0.57617;0.58594;0.5957;0.60547;0.61523;0.625;0.63477;0.64453;0.6543;0.66406;0.67383;0.68359;0.69336;0.70313;0.71289;0.72266;0.73242;0.74219;0.75195;0.76172;0.77148;0.78125;0.79102,0.002719744;0.009777152;0.010355712000000001;0.006692864000000001;0.011374592000000001;0.016904192;0.043905024;0.078034944;0.068165632;0.033349632;0.023018496;0.025097216000000002;0.04301824;0.043440128;0.042075136;0.046654464;0.059071488000000005;0.05702758399999999;0.024334335999999998;0.01206784;0.021541888;0.016976896000000002;0.01015808;0.007008256;0.014271487999999999;0.01389568;0.007768064000000001;0.007914496;0.011877376;0.00843264;0.009385984;0.009890815999999998;0.010103808;0.007145472;0.006250496;0.005832703999999999;0.0047636480000000005;0.004738048;0.003853312;0.004067328;0.002584576;0.002157568;0.0019537919999999998;0.0029470720000000002;0.00264704;0.0023173119999999998;0.0016087039999999999;0.0018411519999999998;0.0015534079999999998;0.001457152;0.001265664;0.002791424;0.0022702079999999997;0.001247232;0.0012247039999999999;0.0014028799999999998;0.001154048;0.000864256;0.0009420800000000001;0.000932864;0.0007280640000000001;0.000613376;0.000659456;0.0005089280000000001;0.0005754880000000001;0.000631808;0.000712704;0.000632832;0.000780288;0.000656384;0.000524288;0.00047104000000000004;0.00017715200000000003;0.000156672;0.000248832;0.000315392;0.000423936;0.000489472;0.00024780799999999997
1782714600,hdr,0.0293;0.03906;0.04883;0.05859;0.06836;0.07813;0.08789;0.09766;0.10742;0.11719;0.12695;0.13672;0.14648;0.15625;0.16602;0.17578;0.18555;0.19531;0.20508;0.21484;0.22461;0.23438;0.24414;0.25391;0.26367;0.27344;0.2832;0.29297;0.30273;0.3125;0.32227;0.33203;0.3418;0.35156;0.36133;0.37109;0.38086;0.39063;0.40039;0.41016;0.41992;0.42969;0.43945;0.44922;0.45898;0.46875;0.47852;0.48828;0.49805;0.50781;0.51758;0.52734;0.53711;0.54688;0.55664;0.56641;0.57617;0.58594;0.5957;0.60547;0.61523;0.625;0.63477;0.64453;0.6543;0.66406;0.67383;0.68359;0.69336;0.70313;0.71289;0.72266;0.73242;0.74219;0.75195;0.76172;0.77148;0.78125;0.79102,0.005370879999999999;0.010604544;0.005869568;0.004355072;0.007728128;0.020911104000000003;0.055254016;0.100620288;0.083508224;0.06474444800000001;0.06037504;0.039789568;0.030002176;0.02599936;0.05129318399999999;0.076368896;0.066031616;0.04284928;0.024452096000000003;0.010184704;0.010901504;0.00925696;0.009562112000000001;0.011385856;0.008194048;0.007135232;0.006600704000000001;0.009214976;0.01490432;0.016840703999999998;0.01107968;0.012772351999999999;0.0113664;0.0089856;0.006856704;0.006879232;0.004846592;0.0030668799999999997;0.003567616;0.003067904;0.002395136;0.002456576;0.0026624;0.0021862400000000003;0.0028538879999999997;0.0022937599999999997;0.0015851519999999998;0.001726464;0.0024330239999999998;0.001659904;0.0013219840000000002;0.0013987840000000001;0.001661952;0.001384448;0.001600512;0.001666048;0.00135168;0.000766976;0.000646144;0.0009758719999999999;0.000841728;0.000807936;0.001119232;0.0009973760000000001;0.0009717759999999999;0.0009318400000000001;0.0006277120000000001;0.000621568;0.0006830079999999999;0.000555008;0.00047820800000000004;0.00041779199999999995;0.000390144;0.000398336;0.000272384;0.00021299199999999998;0.00030003200000000004;0.00032870400000000003;0.00020889599999999997
1782715500,hdr,0.0293;0.03906;0.04883;0.05859;0.06836;0.07813;0.08789;0.09766;0.10742;0.11719;0.12695;0.13672;0.14648;0.15625;0.16602;0.17578;0.18555;0.19531;0.20508;0.21484;0.22461;0.23438;0.24414;0.25391;0.26367;0.27344;0.2832;0.29297;0.30273;0.3125;0.32227;0.33203;0.3418;0.35156;0.36133;0.37109;0.38086;0.39063;0.40039;0.41016;0.41992;0.42969;0.43945;0.44922;0.45898;0.46875;0.47852;0.48828;0.49805;0.50781;0.51758;0.52734;0.53711;0.54688;0.55664;0.56641;0.57617;0.58594;0.5957;0.60547;0.61523;0.625;0.63477;0.64453;0.6543;0.66406;0.67383;0.68359;0.69336;0.70313;0.71289;0.72266;0.73242;0.74219;0.75195;0.76172;0.77148;0.78125;0.79102,0.00131584;0.004665344;0.0060887039999999995;0.0036352000000000003;0.004829183999999999;0.019945472;0.07054233600000001;0.079673344;0.059942911999999994;0.03813888;0.033793024000000005;0.044894208;0.035008512000000006;0.037415936000000004;0.028428287999999996;0.030938112;0.033350656;0.030047232;0.032773119999999996;0.022262784;0.0096768;0.010171392000000001;0.010698752;0.010953728;0.005572608000000001;0.0068126720000000005;0.009554944000000001;0.012619776;0.009084927999999999;0.008696832;0.014924799999999998;0.014861312;0.013315072;0.011418624;0.007652352;0.007170048000000001;0.0036270079999999997;0.002424832;0.003864576;0.003981312;0.003629056;0.002909184;0.00234496;0.002532352;0.00307712;0.0017489920000000002;0.0013506560000000002;0.001970176;0.00168448;0.001590272;0.001016832;0.000864256;0.001557504;0.00137728;0.0006574080000000001;0.000679936;0.000910336;0.0011735040000000001;0.0008089600000000001;0.000525312;0.00039936;0.0006502400000000001;0.000611328;0.000719872;0.00049664;0.000350208;0.000549888;0.000631808;0.000387072;0.000269312;0.000228352;0.00034304;0.00045056;0.00034816000000000003;0.000207872;0.0003584;0.000448512;0.000234496;0.00021299199999999998
1782716400,hdr,0.0293;0.03906;0.04883;0.05859;0.06836;0.07813;0.08789;0.09766;0.10742;0.11719;0.12695;0.13672;0.14648;0.15625;0.16602;0.17578;0.18555;0.19531;0.20508;0.21484;0.22461;0.23438;0.24414;0.25391;0.26367;0.27344;0.2832;0.29297;0.30273;0.3125;0.32227;0.33203;0.3418;0.35156;0.36133;0.37109;0.38086;0.39063;0.40039;0.41016;0.41992;0.42969;0.43945;0.44922;0.45898;0.46875;0.47852;0.48828;0.49805;0.50781;0.51758;0.52734;0.53711;0.54688;0.55664;0.56641;0.57617;0.58594;0.5957;0.60547;0.61523;0.625;0.63477;0.64453;0.6543;0.66406;0.67383;0.68359;0.69336;0.70313;0.71289;0.72266;0.73242;0.74219;0.75195;0.76172;0.77148;0.78125;0.79102,0.000489472;0.00045568;0.000766976;0.00068608;0.001615872;0.010534912;0.02222592;0.044099584000000004;0.049470464;0.042863616;0.047571968;0.03577856;0.03863552;0.026747904;0.036591616;0.04623360000000001;0.036124672;0.031036415999999997;0.019977216;0.018113536;0.01412608;0.015684608;0.012423168;0.009288704;0.006270975999999999;0.006492159999999999;0.009558015999999999;0.00659456;0.007896064;0.012162048;0.013833216;0.0130304;0.012376064;0.0076666880000000005;0.004407296;0.004416512;0.004182015999999999;0.003267584;0.003511296;0.002806784;0.002234368;0.003530752;0.003110912;0.00218112;0.0025989119999999997;0.001581056;0.001563648;0.0011407359999999998;0.0010373119999999999;0.0009748480000000001;0.000490496;0.0008591359999999999;0.001210368;0.001078272;0.001193984;0.001103872;0.00087552;0.000795648;0.0008202239999999999;0.0008386559999999999;0.000483328;0.00034304;0.00043110399999999997;0.000406528;0.00040960000000000004;0.000277504;0.000439296;0.000275456;0.000282624;0.000288768;0.00035328;0.00033894400000000004;0.000206848;0.00020172799999999998;0.000324608;0.00036249599999999997;0.00028671999999999997;0.000277504;0.000251904
1782717300,hdr,0.0293;0.03906;0.04883;0.05859;0.06836;0.07813;0.08789;0.09766;0.10742;0.11719;0.12695;0.13672;0.14648;0.15625;0.16602;0.17578;0.18555;0.19531;0.20508;0.21484;0.22461;0.23438;0.24414;0.25391;0.26367;0.27344;0.2832;0.29297;0.30273;0.3125;0.32227;0.33203;0.3418;0.35156;0.36133;0.37109;0.38086;0.39063;0.40039;0.41016;0.41992;0.42969;0.43945;0.44922;0.45898;0.46875;0.47852;0.48828;0.49805;0.50781;0.51758;0.52734;0.53711;0.54688;0.55664;0.56641;0.57617;0.58594;0.5957;0.60547;0.61523;0.625;0.63477;0.64453;0.6543;0.66406;0.67383;0.68359;0.69336;0.70313;0.71289;0.72266;0.73242;0.74219;0.75195;0.76172;0.77148;0.78125;0.79102,0.000656384;0.001258496;0.00134144;0.000780288;0.005525504;0.018787328;0.056040448;0.060935168;0.05312;0.0481536;0.043491328;0.045186048;0.0451072;0.042590208;0.038892544;0.058074112000000004;0.067294208;0.044609536;0.024184832;0.017306624;0.014968832;0.010816511999999999;0.006597632;0.0059340799999999996;0.004173824;0.005904384;0.006006783999999999;0.007213056;0.012432384;0.012699648;0.011154432;0.009377792;0.011866112;0.009988096000000002;0.010533887999999998;0.0094976;0.006133759999999999;0.0037345280000000004;0.003360768;0.0023470080000000003;0.001964032;0.001590272;0.002506752;0.0029952000000000004;0.00195584;0.0015892480000000001;0.001221632;0.001316864;0.000950272;0.000441344;0.001238016;0.001304576;0.000730112;0.000668672;0.0007116799999999999;0.000632832;0.00083968;0.000887808;0.0006952960000000001;0.000594944;0.000714752;0.000805888;0.0006840319999999999;0.000485376;0.000607232;0.00043008000000000006;0.00029593599999999995;0.00065536;0.000559104;0.0005099519999999999;0.000436224;0.00030003200000000004;0.000259072;0.000390144;0.00019968;0.00020480000000000002;0.000320512;0.000217088;0.000141312
1782718200,hdr,0.0293;0.03906;0.04883;0.05859;0.06836;0.07813;0.08789;0.09766;0.10742;0.11719;0.12695;0.13672;0.14648;0.15625;0.16602;0.17578;0.18555;0.19531;0.20508;0.21484;0.22461;0.23438;0.24414;0.25391;0.26367;0.27344;0.2832;0.29297;0.30273;0.3125;0.32227;0.33203;0.3418;0.35156;0.36133;0.37109;0.38086;0.39063;0.40039;0.41016;0.41992;0.42969;0.43945;0.44922;0.45898;0.46875;0.47852;0.48828;0.49805;0.50781;0.51758;0.52734;0.53711;0.54688;0.55664;0.56641;0.57617;0.58594;0.5957;0.60547;0.61523;0.625;0.63477;0.64453;0.6543;0.66406;0.67383;0.68359;0.69336;0.70313;0.71289;0.72266;0.73242;0.74219;0.75195;0.76172;0.77148;0.78125;0.79102,0.00016384;0.000805888;0.001498112;0.0029695999999999998;0.008419328;0.032315392000000005;0.09166540799999999;0.088576;0.05979136;0.05750271999999999;0.04401868799999999;0.028002304;0.021770240000000003;0.025131008000000003;0.032108544;0.040593408;0.050036736;0.034436096;0.026478592000000002;0.017739776;0.015362048;0.019452928;0.013105152;0.008815616;0.0089856;0.009015295999999999;0.008430592;0.009214976;0.011870208;0.007688192;0.01389568;0.0127232;0.010664960000000001;0.0060907520000000005;0.007809024;0.00580608;0.004408319999999999;0.004209664;0.004855808;0.004412416;0.003816448;0.002130944;0.0017182719999999999;0.0019251199999999998;0.002000896;0.0021411840000000004;0.001564672;0.0008325120000000001;0.0014192640000000002;0.001517568;0.0016988160000000001;0.00185856;0.001156096;0.0011356159999999999;0.0011909120000000001;0.001113088;0.0009021439999999999;0.000945152;0.000764928;0.0005898240000000001;0.000692224;0.0006082559999999999;0.000406528;0.000400384;0.000329728;0.000349184;0.00028569600000000005;0.00029593599999999995;0.000195584;0.00024576000000000003;0.0003328;0.00029081600000000006;0.00022016;0.000244736;0.000234496;0.000248832;0.00016896;0.000175104;0.00024063999999999997
1782719100,hdr,0.0293;0.03906;0.04883;0.05859;0.06836;0.07813;0.08789;0.09766;0.10742;0.11719;0.12695;0.13672;0.14648;0.15625;0.16602;0.17578;0.18555;0.19531;0.20508;0.21484;0.22461;0.23438;0.24414;0.25391;0.26367;0.27344;0.2832;0.29297;0.30273;0.3125;0.32227;0.33203;0.3418;0.35156;0.36133;0.37109;0.38086;0.39063;0.40039;0.41016;0.41992;0.42969;0.43945;0.44922;0.45898;0.46875;0.47852;0.48828;0.49805;0.50781;0.51758;0.52734;0.53711;0.54688;0.55664;0.56641;0.57617;0.58594;0.5957;0.60547;0.61523;0.625;0.63477;0.64453;0.6543;0.66406;0.67383;0.68359;0.69336;0.70313;0.71289;0.72266;0.73242;0.74219;0.75195;0.76172;0.77148;0.78125;0.79102,0.00046284799999999997;0.0044605439999999994;0.006480896000000001;0.003493888;0.006335487999999999;0.01875456;0.058295296;0.074118144;0.08910131199999999;0.027554816;0.018241536;0.042163200000000005;0.054971392;0.032847872;0.023796736000000002;0.051997695999999996;0.049887232;0.040868864000000005;0.032525312;0.021737472;0.011295743999999998;0.008603647999999998;0.00790528;0.006165504;0.006483968;0.005644288000000001;0.006983679999999999;0.012173312;0.011625472;0.01027584;0.012665856;0.01821184;0.014070784;0.009595904;0.0066088959999999995;0.005093376;0.00789504;0.00820224;0.005854208;0.003279872;0.0032358400000000002;0.004127744;0.002432;0.0022394880000000004;0.001798144;0.001521664;0.001593344;0.001517568;0.0014448640000000001;0.001591296;0.000897024;0.001030144;0.001052672;0.001101824;0.000903168;0.000758784;0.000555008;0.00044339199999999997;0.000482304;0.0004352;0.00044032;0.00047616000000000005;0.00052224;0.000444416;0.00047308800000000003;0.0004915200000000001;0.00041062399999999995;0.000347136;0.00023859199999999998;0.00019968;0.000192512;0.000308224;0.00029798400000000005;0.00021913599999999998;0.00028774400000000004;0.000339968;0.000173056;0.000140288;0.000160768
1782720000,hdr,0.0293;0.03906;0.04883;0.05859;0.06836;0.07813;0.08789;0.09766;0.10742;0.11719;0.12695;0.13672;0.14648;0.15625;0.16602;0.17578;0.18555;0.19531;0.20508;0.21484;0.22461;0.23438;0.24414;0.25391;0.26367;0.27344;0.2832;0.29297;0.30273;0.3125;0.32227;0.33203;0.3418;0.35156;0.36133;0.37109;0.38086;0.39063;0.40039;0.41016;0.41992;0.42969;0.43945;0.44922;0.45898;0.46875;0.47852;0.48828;0.49805;0.50781;0.51758;0.52734;0.53711;0.54688;0.55664;0.56641;0.57617;0.58594;0.5957;0.60547;0.61523;0.625;0.63477;0.64453;0.6543;0.66406;0.67383;0.68359;0.69336;0.70313;0.71289;0.72266;0.73242;0.74219;0.75195;0.76172;0.77148;0.78125;0.79102,0.001265664;0.008279040000000001;0.009336831999999998;0.002729984;0.007051264;0.008492032;0.038708224;0.08796672;0.076644352;0.029257728;0.03414835200000001;0.032959487999999995;0.027568128;0.031179776000000003;0.037489664;0.056363008;0.051680256;0.0368896;0.028854272;0.024300543999999997;0.014152704;0.0111616;0.006639616;0.0064696319999999995;0.005992448;0.008721408;0.008015872;0.009938944;0.008086527999999999;0.00761344;0.010295296;0.009100288;0.007527424;0.009723903999999998;0.010703872000000001;0.008532992;0.009509888000000001;0.005690368;0.003376128;0.00261632;0.00241152;0.003382272;0.003111936;0.002179072;0.001911808;0.001862656;0.001738752;0.001436672;0.001723392;0.001496064;0.001176576;0.0009594880000000001;0.001032192;0.000776192;0.000580608;0.0006963200000000001;0.00050688;0.000458752;0.000494592;0.00043008000000000006;0.00042598399999999997;0.0005580800000000001;0.00046080000000000003;0.000339968;0.000436224;0.000423936;0.000325632;0.00040243200000000004;0.00033792;0.000228352;0.00020377600000000002;0.000193536;0.00014540800000000003;0.000183296;0.00023961599999999998;0.00014745600000000002;0.00018124799999999998;0.000196608;0.00020275199999999997
1782720900,hdr,0.0293;0.03906;0.04883;0.05859;0.06836;0.07813;0.08789;0.09766;0.10742;0.11719;0.12695;0.13672;0.14648;0.15625;0.16602;0.17578;0.18555;0.19531;0.20508;0.21484;0.22461;0.23438;0.24414;0.25391;0.26367;0.27344;0.2832;0.29297;0.30273;0.3125;0.32227;0.33203;0.3418;0.35156;0.36133;0.37109;0.38086;0.39063;0.40039;0.41016;0.41992;0.42969;0.43945;0.44922;0.45898;0.46875;0.47852;0.48828;0.49805;0.50781;0.51758;0.52734;0.53711;0.54688;0.55664;0.56641;0.57617;0.58594;0.5957;0.60547;0.61523;0.625;0.63477;0.64453;0.6543;0.66406;0.67383;0.68359;0.69336;0.70313;0.71289;0.72266;0.73242;0.74219;0.75195;0.76172;0.77148;0.78125;0.79102,0.001125376;0.010776576000000001;0.013539328;0.004199424;0.008592384;0.024033280000000004;0.06662041600000002;0.081875968;0.077855744;0.040999936;0.027640831999999997;0.036323327999999995;0.030578688;0.040702976;0.033368063999999996;0.035030016000000004;0.0361984;0.027667456000000003;0.015940608;0.018491392;0.020133888;0.014823423999999998;0.006304768;0.004678656;0.009719808000000002;0.010605568;0.007261184;0.007964672;0.007027712;0.009924607999999998;0.012155904;0.014821376;0.008915967999999998;0.0067952640000000005;0.007123968;0.0048209920000000005;0.0030668799999999997;0.003462144;0.004148224;0.003432448;0.0023275519999999997;0.0017663999999999998;0.001974272;0.0017623040000000001;0.001435648;0.001374208;0.001318912;0.0014827520000000002;0.001242112;0.001193984;0.00118272;0.000891904;0.0008304639999999999;0.001027072;0.000869376;0.0006696959999999999;0.000628736;0.000658432;0.000905216;0.000671744;0.000687104;0.000579584;0.00036352;0.00037888;0.00031744;0.000400384;0.000453632;0.000382976;0.00035430400000000006;0.00037376;0.00027648;0.000259072;0.000206848;0.000229376;0.00028671999999999997;0.000256;0.000152576;0.000157696;0.00018124799999999998
1782721800,hdr,0.0293;0.03906;0.04883;0.05859;0.06836;0.07813;0.08789;0.09766;0.10742;0.11719;0.12695;0.13672;0.14648;0.15625;0.16602;0.17578;0.18555;0.19531;0.20508;0.21484;0.22461;0.23438;0.24414;0.25391;0.26367;0.27344;0.2832;0.29297;0.30273;0.3125;0.32227;0.33203;0.3418;0.35156;0.36133;0.37109;0.38086;0.39063;0.40039;0.41016;0.41992;0.42969;0.43945;0.44922;0.45898;0.46875;0.47852;0.48828;0.49805;0.50781;0.51758;0.52734;0.53711;0.54688;0.55664;0.56641;0.57617;0.58594;0.5957;0.60547;0.61523;0.625;0.63477;0.64453;0.6543;0.66406;0.67383;0.68359;0.69336;0.70313;0.71289;0.72266;0.73242;0.74219;0.75195;0.76172;0.77148;0.78125;0.79102,0.000451584;0.00443392;0.005641216;0.0018237440000000002;0.002405376;0.009154559999999999;0.047498240000000004;0.071059456;0.10854604799999999;0.055709696;0.03150336;0.020797440000000004;0.026632192;0.036675584000000004;0.03372544;0.050915328;0.057759744;0.037152768;0.033931263999999996;0.030481407999999998;0.017681408;0.010395647999999999;0.011145216000000001;0.009534464;0.00925696;0.008219648;0.0074926079999999996;0.005858304;0.006729728;0.006467584000000001;0.009730048;0.013514752;0.011001855999999999;0.007153664;0.008090624;0.006252544;0.004777984000000001;0.003529728;0.002910208;0.003451904;0.003191808;0.00262144;0.0024504320000000002;0.002361344;0.002279424;0.0021207039999999997;0.002184192;0.001727488;0.001523712;0.0016148479999999999;0.001241088;0.001297408;0.0009697280000000001;0.0008601600000000001;0.0007843840000000001;0.000823296;0.000986112;0.001098752;0.000889856;0.000534528;0.00067584;0.0005376000000000001;0.000318464;0.00030924800000000003;0.00050688;0.0006973439999999999;0.000750592;0.000745472;0.000475136;0.00042598399999999997;0.000434176;0.000315392;0.00024576000000000003;0.000256;0.00037478399999999997;0.00025088;0.000190464;0.00023961599999999998;0.000277504
1782722700,hdr,0.0293;0.03906;0.04883;0.05859;0.06836;0.07813;0.08789;0.09766;0.10742;0.11719;0.12695;0.13672;0.14648;0.15625;0.16602;0.17578;0.18555;0.19531;0.20508;0.21484;0.22461;0.23438;0.24414;0.25391;0.26367;0.27344;0.2832;0.29297;0.30273;0.3125;0.32227;0.33203;0.3418;0.35156;0.36133;0.37109;0.38086;0.39063;0.40039;0.41016;0.41992;0.42969;0.43945;0.44922;0.45898;0.46875;0.47852;0.48828;0.49805;0.50781;0.51758;0.52734;0.53711;0.54688;0.55664;0.56641;0.57617;0.58594;0.5957;0.60547;0.61523;0.625;0.63477;0.64453;0.6543;0.66406;0.67383;0.68359;0.69336;0.70313;0.71289;0.72266;0.73242;0.74219;0.75195;0.76172;0.77148;0.78125;0.79102,0.000638976;0.003288064;0.0051712;0.0033812479999999995;0.005168128000000001;0.026935296;0.059804671999999996;0.072470528;0.08047411200000001;0.048468991999999995;0.034258944000000006;0.033087488;0.042073087999999995;0.024328192000000002;0.022311935999999997;0.038862848;0.034157568;0.032457728000000005;0.030993408;0.016686080000000002;0.013441024000000001;0.014422016;0.01082368;0.0077864959999999995;0.00712704;0.007103487999999999;0.006336512;0.007174144;0.009422848;0.00955904;0.011324415999999999;0.006018048000000001;0.005520384;0.004550656;0.005736448;0.0068229119999999996;0.004447232;0.003103744;0.0029992960000000003;0.002464768;0.001787904;0.002646016;0.002251776;0.00318464;0.0024801280000000003;0.0014561280000000001;0.001984512;0.00169984;0.00124928;0.0009349119999999999;0.001152;0.001214464;0.000893952;0.0009205759999999999;0.000734208;0.0008222720000000001;0.000864256;0.000758784;0.0007884799999999999;0.0008110079999999999;0.00068608;0.000605184;0.000796672;0.000852992;0.000505856;0.00029900799999999997;0.000375808;0.00039423999999999997;0.00042803200000000007;0.00040755200000000004;0.000256;0.000315392;0.000335872;0.00040755200000000004;0.000423936;0.000400384;0.00036864000000000005;0.000398336;0.00039731200000000003
1782724500,hdr,0.0293;0.03906;0.04883;0.05859;0.06836;0.07813;0.08789;0.09766;0.10742;0.11719;0.12695;0.13672;0.14648;0.15625;0.16602;0.17578;0.18555;0.19531;0.20508;0.21484;0.22461;0.23438;0.24414;0.25391;0.26367;0.27344;0.2832;0.29297;0.30273;0.3125;0.32227;0.33203;0.3418;0.35156;0.36133;0.37109;0.38086;0.39063;0.40039;0.41016;0.41992;0.42969;0.43945;0.44922;0.45898;0.46875;0.47852;0.48828;0.49805;0.50781;0.51758;0.52734;0.53711;0.54688;0.55664;0.56641;0.57617;0.58594;0.5957;0.60547;0.61523;0.625;0.63477;0.64453;0.6543;0.66406;0.67383;0.68359;0.69336;0.70313;0.71289;0.72266;0.73242;0.74219;0.75195;0.76172;0.77148;0.78125;0.79102,0.00047104000000000004;0.000897024;0.004011008;0.006260736;0.0079616;0.018402304;0.031553536;0.07937024;0.068107264;0.051262464;0.047676416000000006;0.029077504;0.039865344;0.050537472;0.034842624;0.020126719999999997;0.03274956799999999;0.028385280000000002;0.024547328;0.018708480000000003;0.020079616;0.017510400000000002;0.012041216;0.009972736;0.006222848;0.0059514880000000004;0.009181183999999998;0.012336128;0.010615808;0.010233856;0.009659392;0.009607168;0.008909824;0.0037304319999999997;0.004337664;0.003853312;0.00364544;0.003683328;0.003024896;0.0034611200000000003;0.003120128;0.00237568;0.0021524480000000004;0.00231424;0.00200704;0.001839104;0.001199104;0.0013260799999999999;0.0014530559999999999;0.0018923520000000001;0.001466368;0.0009461760000000001;0.0008089600000000001;0.0008212479999999999;0.000879616;0.000869376;0.000763904;0.0005601279999999999;0.00044544;0.0006737919999999999;0.000801792;0.00068608;0.000538624;0.0006000640000000001;0.000603136;0.000514048;0.000454656;0.00065536;0.000626688;0.000398336;0.000313344;0.000289792;0.000244736;0.000251904;0.000228352;0.000259072;0.000234496;0.00015052799999999998;0.000275456
1782725400,hdr,0.0293;0.03906;0.04883;0.05859;0.06836;0.07813;0.08789;0.09766;0.10742;0.11719;0.12695;0.13672;0.14648;0.15625;0.16602;0.17578;0.18555;0.19531;0.20508;0.21484;0.22461;0.23438;0.24414;0.25391;0.26367;0.27344;0.2832;0.29297;0.30273;0.3125;0.32227;0.33203;0.3418;0.35156;0.36133;0.37109;0.38086;0.39063;0.40039;0.41016;0.41992;0.42969;0.43945;0.44922;0.45898;0.46875;0.47852;0.48828;0.49805;0.50781;0.51758;0.52734;0.53711;0.54688;0.55664;0.56641;0.57617;0.58594;0.5957;0.60547;0.61523;0.625;0.63477;0.64453;0.6543;0.66406;0.67383;0.68359;0.69336;0.70313;0.71289;0.72266;0.73242;0.74219;0.75195;0.76172;0.77148;0.78125;0.79102,0.00035532799999999997;0.001632256;0.003572736;0.001405952;0.005837824;0.033519616;0.08484044799999998;0.101455872;0.07677439999999999;0.064881664;0.059127808000000004;0.04992102400000001;0.043585536;0.042353664000000006;0.037184511999999996;0.027925504;0.032551936;0.021876736;0.022388736;0.023457792;0.017787904000000004;0.013392896000000001;0.010190848;0.0090112;0.007259135999999999;0.006144;0.0049582079999999995;0.007918592;0.009049088;0.009009152;0.008566784;0.0070123519999999995;0.00668672;0.007951360000000001;0.006619136;0.0050688;0.0047912960000000004;0.005270527999999999;0.002195456;0.00190976;0.0018083840000000001;0.002622464;0.003166208;0.0025139200000000002;0.002368512;0.001794048;0.001168384;0.0015616000000000002;0.001508352;0.00137216;0.0014530559999999999;0.001061888;0.000782336;0.000661504;0.0005877759999999999;0.0005099519999999999;0.000520192;0.000505856;0.000415744;0.00040345599999999995;0.000382976;0.00040243200000000004;0.00042291200000000006;0.00045056;0.000319488;0.00029900799999999997;0.00029388799999999996;0.0003584;0.0003328;0.00037888;0.00029798400000000005;0.00047104000000000004;0.00040755200000000004;0.000282624;0.00029900799999999997;0.00019865600000000002;0.00024371200000000001;0.000267264;0.00020275199999999997
1782726300,hdr,0.0293;0.03906;0.04883;0.05859;0.06836;0.07813;0.08789;0.09766;0.10742;0.11719;0.12695;0.13672;0.14648;0.15625;0.16602;0.17578;0.18555;0.19531;0.20508;0.21484;0.22461;0.23438;0.24414;0.25391;0.26367;0.27344;0.2832;0.29297;0.30273;0.3125;0.32227;0.33203;0.3418;0.35156;0.36133;0.37109;0.38086;0.39063;0.40039;0.41016;0.41992;0.42969;0.43945;0.44922;0.45898;0.46875;0.47852;0.48828;0.49805;0.50781;0.51758;0.52734;0.53711;0.54688;0.55664;0.56641;0.57617;0.58594;0.5957;0.60547;0.61523;0.625;0.63477;0.64453;0.6543;0.66406;0.67383;0.68359;0.69336;0.70313;0.71289;0.72266;0.73242;0.74219;0.75195;0.76172;0.77148;0.78125;0.79102,0.00047206399999999996;0.00313856;0.00343552;0.0032460799999999997;0.008530943999999999;0.017105920000000004;0.043851775999999995;0.06288896;0.07053209599999999;0.053767168;0.0502016;0.043760639999999996;0.041163776;0.041530368000000005;0.02514432;0.024782848000000003;0.036535296;0.020648959999999997;0.020844544;0.022530048000000004;0.021208064;0.016560128;0.01616384;0.009699328;0.009315328;0.011517952;0.011807743999999998;0.008650752000000001;0.009167871999999999;0.012420096;0.011763711999999999;0.008653824000000001;0.007209984;0.007317504;0.004961280000000001;0.004832256;0.003975168;0.00280064;0.0028600319999999998;0.002627584;0.002428928;0.0028221440000000004;0.00329728;0.001555456;0.00187904;0.0029695999999999998;0.002117632;0.00134144;0.0013557760000000002;0.00118272;0.000924672;0.000782336;0.0009041920000000001;0.0011264;0.0013260799999999999;0.0012789759999999998;0.000985088;0.000878592;0.000831488;0.0005324799999999999;0.000553984;0.00064;0.0007219199999999999;0.000692224;0.000466944;0.000366592;0.00041779199999999995;0.000489472;0.000274432;0.000308224;0.000249856;0.000159744;0.00029593599999999995;0.0005857280000000001;0.0005632;0.000413696;0.00029388799999999996;0.00023859199999999998;0.00024576000000000003
1782727200,hdr,0.0293;0.03906;0.04883;0.05859;0.06836;0.07813;0.08789;0.09766;0.10742;0.11719;0.12695;0.13672;0.14648;0.15625;0.16602;0.17578;0.18555;0.19531;0.20508;0.21484;0.22461;0.23438;0.24414;0.25391;0.26367;0.27344;0.2832;0.29297;0.30273;0.3125;0.32227;0.33203;0.3418;0.35156;0.36133;0.37109;0.38086;0.39063;0.40039;0.41016;0.41992;0.42969;0.43945;0.44922;0.45898;0.46875;0.47852;0.48828;0.49805;0.50781;0.51758;0.52734;0.53711;0.54688;0.55664;0.56641;0.57617;0.58594;0.5957;0.60547;0.61523;0.625;0.63477;0.64453;0.6543;0.66406;0.67383;0.68359;0.69336;0.70313;0.71289;0.72266;0.73242;0.74219;0.75195;0.76172;0.77148;0.78125;0.79102,0.000325632;0.002067456;0.0030228480000000003;0.000720896;0.004731904;0.018541568;0.03121152;0.039089152;0.078196736;0.083995648;0.061764608;0.063413248;0.064285696;0.04401152;0.025371648;0.023749631999999996;0.022949888;0.020025344;0.02729472;0.026893312000000003;0.020238336;0.012809215999999998;0.008728576000000002;0.007870464;0.007345152;0.006536192;0.007586816;0.00792576;0.006519808;0.007459840000000001;0.012249088;0.012611584;0.011967488;0.009710592;0.006187008;0.0042414079999999995;0.0038410239999999997;0.003972096;0.00263168;0.00185344;0.003500032;0.002625536;0.0019476480000000002;0.002315264;0.001860608;0.001241088;0.001544192;0.0019087359999999999;0.001700864;0.0011673599999999999;0.0012318720000000002;0.001057792;0.000933888;0.000873472;0.000887808;0.0006154239999999999;0.0005734399999999999;0.000601088;0.000646144;0.00080384;0.000413696;0.000398336;0.000326656;0.000442368;0.00045568;0.000427008;0.000371712;0.000398336;0.00041472;0.00029286400000000005;0.000324608;0.000436224;0.00034304;0.000228352;0.00021401600000000003;0.00030105599999999996;0.00027033600000000004;0.000262144;0.00029696
1782728100,hdr,0.0293;0.03906;0.04883;0.05859;0.06836;0.07813;0.08789;0.09766;0.10742;0.11719;0.12695;0.13672;0.14648;0.15625;0.16602;0.17578;0.18555;0.19531;0.20508;0.21484;0.22461;0.23438;0.24414;0.25391;0.26367;0.27344;0.2832;0.29297;0.30273;0.3125;0.32227;0.33203;0.3418;0.35156;0.36133;0.37109;0.38086;0.39063;0.40039;0.41016;0.41992;0.42969;0.43945;0.44922;0.45898;0.46875;0.47852;0.48828;0.49805;0.50781;0.51758;0.52734;0.53711;0.54688;0.55664;0.56641;0.57617;0.58594;0.5957;0.60547;0.61523;0.625;0.63477;0.64453;0.6543;0.66406;0.67383;0.68359;0.69336;0.70313;0.71289;0.72266;0.73242;0.74219;0.75195;0.76172;0.77148;0.78125;0.79102,0.0006225919999999999;0.002195456;0.0027514880000000003;0.0024903679999999997;0.005282816000000001;0.014400512;0.045934592;0.06733516799999999;0.07989759999999999;0.080282624;0.063531008;0.079511552;0.055845887999999996;0.04531609600000001;0.03313664;0.028024832;0.032899072;0.030099455999999997;0.029115392;0.032647168000000004;0.015086592;0.013904896;0.010560512;0.006326272;0.007867391999999999;0.005843968;0.004446208000000001;0.008636416000000001;0.008318975999999999;0.010514431999999999;0.01632256;0.011323392;0.009204736000000002;0.009523199999999999;0.008133632;0.004753408000000001;0.003996672;0.002982912;0.0029952000000000004;0.00285696;0.003084288;0.002609152;0.002837504;0.0024954879999999997;0.001744896;0.0017623040000000001;0.0018483199999999999;0.00134656;0.001401856;0.001783808;0.001702912;0.00125952;0.0012369920000000001;0.001234944;0.000992256;0.000818176;0.00059904;0.0005304320000000001;0.0006082559999999999;0.00049664;0.000533504;0.00043110399999999997;0.000596992;0.0006789119999999999;0.000687104;0.0005007359999999999;0.000237568;0.000325632;0.000456704;0.00047616000000000005;0.000456704;0.00036249599999999997;0.0002816;0.000288768;0.00018944;0.000144384;0.000142336;0.00023859199999999998;0.00023961599999999998
1782729000,hdr,0.0293;0.03906;0.04883;0.05859;0.06836;0.07813;0.08789;0.09766;0.10742;0.11719;0.12695;0.13672;0.14648;0.15625;0.16602;0.17578;0.18555;0.19531;0.20508;0.21484;0.22461;0.23438;0.24414;0.25391;0.26367;0.27344;0.2832;0.29297;0.30273;0.3125;0.32227;0.33203;0.3418;0.35156;0.36133;0.37109;0.38086;0.39063;0.40039;0.41016;0.41992;0.42969;0.43945;0.44922;0.45898;0.46875;0.47852;0.48828;0.49805;0.50781;0.51758;0.52734;0.53711;0.54688;0.55664;0.56641;0.57617;0.58594;0.5957;0.60547;0.61523;0.625;0.63477;0.64453;0.6543;0.66406;0.67383;0.68359;0.69336;0.70313;0.71289;0.72266;0.73242;0.74219;0.75195;0.76172;0.77148;0.78125;0.79102,0.0005918719999999999;0.00081408;0.002157568;0.0021626880000000003;0.0070768639999999996;0.026478592000000002;0.05228544;0.06326886400000001;0.05593088;0.039809024;0.052954112;0.060329984;0.070044672;0.047956992;0.028169216;0.031553536;0.030340095999999997;0.023449599999999998;0.018876415999999997;0.022262784;0.018881536;0.014838783999999999;0.013006848;0.009163776;0.00708096;0.006706176;0.005193728;0.00388096;0.008050687999999999;0.007787519999999999;0.012814336;0.014682111999999999;0.010755072000000001;0.009184256;0.008216576;0.008333312;0.00794624;0.004118528000000001;0.0020121600000000003;0.002056192;0.0015872;0.0025088;0.0030781439999999997;0.0024002560000000004;0.002179072;0.002543616;0.002558976;0.0019251199999999998;0.0018636800000000002;0.0022886399999999998;0.001455104;0.001110016;0.001024;0.00076288;0.0013905920000000002;0.001866752;0.001374208;0.0009748480000000001;0.000912384;0.0008212479999999999;0.0008663039999999999;0.0013987840000000001;0.0012646399999999998;0.0014438399999999998;0.0013660159999999998;0.000873472;0.00091648;0.000995328;0.000823296;0.000512;0.000289792;0.000329728;0.00032870400000000003;0.000335872;0.000283648;0.000188416;0.00019968;0.000315392;0.00032256
1782729900,hdr,0.0293;0.03906;0.04883;0.05859;0.06836;0.07813;0.08789;0.09766;0.10742;0.11719;0.12695;0.13672;0.14648;0.15625;0.16602;0.17578;0.18555;0.19531;0.20508;0.21484;0.22461;0.23438;0.24414;0.25391;0.26367;0.27344;0.2832;0.29297;0.30273;0.3125;0.32227;0.33203;0.3418;0.35156;0.36133;0.37109;0.38086;0.39063;0.40039;0.41016;0.41992;0.42969;0.43945;0.44922;0.45898;0.46875;0.47852;0.48828;0.49805;0.50781;0.51758;0.52734;0.53711;0.54688;0.55664;0.56641;0.57617;0.58594;0.5957;0.60547;0.61523;0.625;0.63477;0.64453;0.6543;0.66406;0.67383;0.68359;0.69336;0.70313;0.71289;0.72266;0.73242;0.74219;0.75195;0.76172;0.77148;0.78125;0.79102,0.001521664;0.003171328;0.00966144;0.004063232;0.009778176;0.026792959999999998;0.054980608;0.081369088;0.08382566400000001;0.08306483199999999;0.10600345600000001;0.068950016;0.042402815999999996;0.029956095999999998;0.02737664;0.026243072;0.027507712000000004;0.021523456;0.023904256000000002;0.021277696;0.020042752;0.017770496000000004;0.015648768;0.012362752000000001;0.008352768;0.006801408;0.007634943999999999;0.0058368000000000005;0.005791744;0.010891264;0.012562431999999998;0.010362880000000001;0.011142144;0.014713855999999999;0.012285952;0.008419328;0.004919296;0.002387968;0.0038696959999999997;0.005837824;0.003633152;0.002806784;0.001496064;0.0013793280000000002;0.001913856;0.0014735360000000001;0.000871424;0.0020121600000000003;0.001455104;0.001243136;0.0014858240000000002;0.0011673599999999999;0.0012871680000000002;0.0009021439999999999;0.000623616;0.000579584;0.0006912;0.000743424;0.0005621760000000001;0.000454656;0.00046489599999999996;0.00035328;0.000408576;0.000502784;0.000503808;0.000454656;0.000326656;0.00023961599999999998;0.00033382400000000003;0.00042496;0.00037888;0.000349184;0.00039731200000000003;0.0003328;0.00023654400000000002;0.00023552000000000002;0.00018432000000000002;0.00021504000000000003;0.00025497599999999997
1782730800,hdr,0.0293;0.03906;0.04883;0.05859;0.06836;0.07813;0.08789;0.09766;0.10742;0.11719;0.12695;0.13672;0.14648;0.15625;0.16602;0.17578;0.18555;0.19531;0.20508;0.21484;0.22461;0.23438;0.24414;0.25391;0.26367;0.27344;0.2832;0.29297;0.30273;0.3125;0.32227;0.33203;0.3418;0.35156;0.36133;0.37109;0.38086;0.39063;0.40039;0.41016;0.41992;0.42969;0.43945;0.44922;0.45898;0.46875;0.47852;0.48828;0.49805;0.50781;0.51758;0.52734;0.53711;0.54688;0.55664;0.56641;0.57617;0.58594;0.5957;0.60547;0.61523;0.625;0.63477;0.64453;0.6543;0.66406;0.67383;0.68359;0.69336;0.70313;0.71289;0.72266;0.73242;0.74219;0.75195;0.76172;0.77148;0.78125;0.79102,0.001125376;0.006070272;0.00790016;0.006145024000000001;0.016631808;0.041414656;0.07597056;0.057508864;0.07739289599999999;0.1324544;0.10155110399999999;0.045348864;0.03446169600000001;0.047637504000000004;0.031639552;0.02149376;0.015548415999999999;0.014561280000000001;0.025046016000000004;0.021739520000000002;0.020579328;0.02148864;0.018449408;0.011993087999999999;0.005003264;0.006443008;0.005682176000000001;0.00848896;0.010390528;0.007022592;0.008859648;0.009806848;0.010894336;0.010476543999999999;0.007240704;0.006841344;0.004649983999999999;0.004775936;0.005115903999999999;0.004313088;0.003549184;0.0023592960000000003;0.0018575360000000001;0.0018012159999999998;0.002321408;0.002589696;0.001683456;0.001214464;0.0021288960000000003;0.0021524480000000004;0.001451008;0.001067008;0.00119296;0.000854016;0.0006932479999999999;0.000607232;0.00087552;0.000772096;0.000692224;0.0005734399999999999;0.000449536;0.0005734399999999999;0.000518144;0.00030924800000000003;0.00041676800000000003;0.0005601279999999999;0.000463872;0.000248832;0.000268288;0.00036352;0.000274432;0.000253952;0.00023961599999999998;0.000316416;0.000384;0.00033382400000000003;0.00025497599999999997;0.00028671999999999997;0.000468992
1782731700,hdr,0.0293;0.03906;0.04883;0.05859;0.06836;0.07813;0.08789;0.09766;0.10742;0.11719;0.12695;0.13672;0.14648;0.15625;0.16602;0.17578;0.18555;0.19531;0.20508;0.21484;0.22461;0.23438;0.24414;0.25391;0.26367;0.27344;0.2832;0.29297;0.30273;0.3125;0.32227;0.33203;0.3418;0.35156;0.36133;0.37109;0.38086;0.39063;0.40039;0.41016;0.41992;0.42969;0.43945;0.44922;0.45898;0.46875;0.47852;0.48828;0.49805;0.50781;0.51758;0.52734;0.53711;0.54688;0.55664;0.56641;0.57617;0.58594;0.5957;0.60547;0.61523;0.625;0.63477;0.64453;0.6543;0.66406;0.67383;0.68359;0.69336;0.70313;0.71289;0.72266;0.73242;0.74219;0.75195;0.76172;0.77148;0.78125;0.79102,0.005183487999999999;0.011160576;0.007556096000000001;0.004938752;0.012771328000000002;0.04785152;0.069773312;0.08214118399999999;0.093190144;0.048625664;0.046925824;0.049984512;0.052595712;0.027193344;0.025622528;0.0307968;0.024309760000000003;0.025410560000000002;0.028114944;0.020135936;0.025191424000000004;0.017210368;0.01494016;0.018087936;0.008875008;0.007681024;0.004548608;0.0045199360000000004;0.005878784;0.009138176;0.00700416;0.010326016;0.009472;0.012028928;0.008207359999999999;0.005909504;0.006355968;0.00520704;0.004401152;0.003492864;0.0030781439999999997;0.0024576;0.0027095039999999997;0.002794496;0.0025118719999999996;0.0021913600000000003;0.0020654080000000003;0.00200704;0.0016977919999999998;0.001559552;0.001574912;0.001779712;0.001618944;0.00151552;0.0007413760000000001;0.000751616;0.000769024;0.000770048;0.0007423999999999999;0.0010803199999999998;0.0008355839999999999;0.0008622079999999999;0.0008345599999999999;0.0005867520000000001;0.000579584;0.000528384;0.000468992;0.000395264;0.000493568;0.0006993920000000001;0.000536576;0.0003584;0.00035328;0.000246784;0.00016691200000000002;0.00016896;0.000139264;0.00024371200000000001;0.000264192
1782732600,hdr,0.0293;0.03906;0.04883;0.05859;0.06836;0.07813;0.08789;0.09766;0.10742;0.11719;0.12695;0.13672;0.14648;0.15625;0.16602;0.17578;0.18555;0.19531;0.20508;0.21484;0.22461;0.23438;0.24414;0.25391;0.26367;0.27344;0.2832;0.29297;0.30273;0.3125;0.32227;0.33203;0.3418;0.35156;0.36133;0.37109;0.38086;0.39063;0.40039;0.41016;0.41992;0.42969;0.43945;0.44922;0.45898;0.46875;0.47852;0.48828;0.49805;0.50781;0.51758;0.52734;0.53711;0.54688;0.55664;0.56641;0.57617;0.58594;0.5957;0.60547;0.61523;0.625;0.63477;0.64453;0.6543;0.66406;0.67383;0.68359;0.69336;0.70313;0.71289;0.72266;0.73242;0.74219;0.75195;0.76172;0.77148;0.78125;0.79102,0.004262912000000001;0.006329344;0.005524479999999999;0.0039874559999999995;0.008644608;0.027624448;0.047577088000000003;0.056440832;0.072968192;0.09229926399999999;0.043795455999999996;0.06578380799999999;0.08325324799999999;0.07261798400000001;0.035195904;0.023122944;0.020955136;0.019994624000000003;0.018372608;0.014861312;0.01452032;0.012823552;0.015611904;0.009875456;0.007420928;0.007683072;0.007918592;0.005686272;0.0069027839999999995;0.0071936000000000005;0.008419328;0.012003327999999999;0.00840192;0.0076666880000000005;0.0080896;0.005752831999999999;0.002799616;0.00491008;0.005370879999999999;0.003641344;0.00434176;0.003670016;0.002665472;0.001610752;0.0019650559999999997;0.00324096;0.00232448;0.0019189760000000002;0.0027852800000000002;0.0022323200000000003;0.00108544;0.0008519679999999999;0.0019937279999999997;0.002599936;0.0017182719999999999;0.00070656;0.000514048;0.000800768;0.0012441599999999998;0.0009420800000000001;0.000837632;0.001234944;0.000984064;0.000704512;0.0013342719999999998;0.0014991359999999999;0.001238016;0.000780288;0.000637952;0.000841728;0.0005304320000000001;0.000366592;0.000365568;0.000351232;0.0003328;0.00022016;0.00030924800000000003;0.00029798400000000005;0.00038912
1782733500,hdr,0.0293;0.03906;0.04883;0.05859;0.06836;0.07813;0.08789;0.09766;0.10742;0.11719;0.12695;0.13672;0.14648;0.15625;0.16602;0.17578;0.18555;0.19531;0.20508;0.21484;0.22461;0.23438;0.24414;0.25391;0.26367;0.27344;0.2832;0.29297;0.30273;0.3125;0.32227;0.33203;0.3418;0.35156;0.36133;0.37109;0.38086;0.39063;0.40039;0.41016;0.41992;0.42969;0.43945;0.44922;0.45898;0.46875;0.47852;0.48828;0.49805;0.50781;0.51758;0.52734;0.53711;0.54688;0.55664;0.56641;0.57617;0.58594;0.5957;0.60547;0.61523;0.625;0.63477;0.64453;0.6543;0.66406;0.67383;0.68359;0.69336;0.70313;0.71289;0.72266;0.73242;0.74219;0.75195;0.76172;0.77148;0.78125;0.79102,0.0017848319999999999;0.006293504000000001;0.009632768;0.0045772799999999995;0.006303744;0.01961984;0.050337792;0.06555648;0.0826112;0.07910502400000001;0.10285056;0.074156032;0.052982784;0.028792832;0.029720576000000002;0.02719744;0.021914624;0.025552896000000002;0.023571456;0.023334912;0.018957312;0.023333888000000004;0.016832512;0.00904192;0.008672256000000001;0.00567808;0.004493312000000001;0.004281344;0.004636672;0.007836672000000001;0.007556096000000001;0.009362432;0.010103808;0.008576;0.008337408;0.007832576;0.006953984000000001;0.005644288000000001;0.005280768;0.005331967999999999;0.00489984;0.0022947840000000002;0.003048448;0.003994624;0.003126272;0.002486272;0.0032532480000000003;0.0020572159999999997;0.001388544;0.001507328;0.0010833919999999999;0.0017602560000000002;0.001895424;0.0008744960000000001;0.0012441599999999998;0.001512448;0.001221632;0.001055744;0.000744448;0.000592896;0.000620544;0.000550912;0.000666624;0.000539648;0.000582656;0.00039731200000000003;0.00039628799999999996;0.0005468159999999999;0.000582656;0.000452608;0.000534528;0.000723968;0.000633856;0.00037068800000000004;0.00028569600000000005;0.00029491200000000004;0.000217088;0.00022323200000000002;0.00025497599999999997
1782734400,hdr,0.0293;0.03906;0.04883;0.05859;0.06836;0.07813;0.08789;0.09766;0.10742;0.11719;0.12695;0.13672;0.14648;0.15625;0.16602;0.17578;0.18555;0.19531;0.20508;0.21484;0.22461;0.23438;0.24414;0.25391;0.26367;0.27344;0.2832;0.29297;0.30273;0.3125;0.32227;0.33203;0.3418;0.35156;0.36133;0.37109;0.38086;0.39063;0.40039;0.41016;0.41992;0.42969;0.43945;0.44922;0.45898;0.46875;0.47852;0.48828;0.49805;0.50781;0.51758;0.52734;0.53711;0.54688;0.55664;0.56641;0.57617;0.58594;0.5957;0.60547;0.61523;0.625;0.63477;0.64453;0.6543;0.66406;0.67383;0.68359;0.69336;0.70313;0.71289;0.72266;0.73242;0.74219;0.75195;0.76172;0.77148;0.78125;0.79102,0.003913728;0.008334336000000001;0.006166527999999999;0.004327424;0.006559744;0.0284928;0.05479936;0.073607168;0.056841216;0.059467776;0.06620672;0.077526016;0.055822336;0.050710528;0.036175872;0.020563968000000002;0.023624704;0.015537152;0.018916351999999997;0.020934656;0.023355392;0.027807744;0.016886784;0.009407488000000002;0.005752831999999999;0.005940224;0.008445952;0.005751808;0.00495104;0.005732352;0.005272576;0.0069498879999999996;0.007176192;0.009969664000000001;0.010317824;0.005870592000000001;0.004145152;0.0036966399999999997;0.003268608;0.003858432;0.0029061119999999998;0.0029255680000000004;0.004289536;0.00335872;0.003386368;0.0033791999999999997;0.0025753599999999996;0.00270336;0.0024381439999999997;0.002033664;0.002161664;0.001275904;0.001723392;0.001476608;0.0011714560000000002;0.000963584;0.0009021439999999999;0.0010608640000000001;0.000720896;0.000390144;0.000751616;0.0009523200000000001;0.000690176;0.00047001599999999997;0.00041062399999999995;0.000447488;0.00042803200000000007;0.00031232;0.000345088;0.000192512;0.00020172799999999998;0.00030003200000000004;0.00035942400000000006;0.00029593599999999995;0.00030105599999999996;0.000350208;0.000330752;0.000535552;0.000278528
1782735300,hdr,0.0293;0.03906;0.04883;0.05859;0.06836;0.07813;0.08789;0.09766;0.10742;0.11719;0.12695;0.13672;0.14648;0.15625;0.16602;0.17578;0.18555;0.19531;0.20508;0.21484;0.22461;0.23438;0.24414;0.25391;0.26367;0.27344;0.2832;0.29297;0.30273;0.3125;0.32227;0.33203;0.3418;0.35156;0.36133;0.37109;0.38086;0.39063;0.40039;0.41016;0.41992;0.42969;0.43945;0.44922;0.45898;0.46875;0.47852;0.48828;0.49805;0.50781;0.51758;0.52734;0.53711;0.54688;0.55664;0.56641;0.57617;0.58594;0.5957;0.60547;0.61523;0.625;0.63477;0.64453;0.6543;0.66406;0.67383;0.68359;0.69336;0.70313;0.71289;0.72266;0.73242;0.74219;0.75195;0.76172;0.77148;0.78125;0.79102,0.000164864;0.001805312;0.0036823039999999995;0.004612096;0.01177088;0.033632256;0.081251328;0.096421888;0.08102195200000001;0.08644198400000001;0.09112576;0.098607104;0.08077926399999999;0.054816768;0.037367807999999995;0.04077568;0.035411968;0.02950144;0.021553152000000003;0.01834496;0.020260864;0.016241664;0.008229888000000001;0.013714432;0.010661888;0.0066304;0.009194496;0.005946368;0.004523008;0.006111232;0.007671808;0.010541055999999998;0.008664064;0.007003135999999999;0.007222272;0.00790016;0.004859904000000001;0.00572928;0.006237184;0.004500479999999999;0.0035276800000000005;0.004097024;0.004155392;0.003021824;0.00269824;0.002056192;0.0021913600000000003;0.002379776;0.001736704;0.0018288640000000001;0.0016087039999999999;0.00167936;0.00136704;0.0006656;0.000590848;0.0009748480000000001;0.001395712;0.0007946240000000001;0.0007772160000000001;0.000908288;0.000930816;0.0009727999999999999;0.0006850560000000001;0.000734208;0.0007137280000000001;0.000519168;0.000485376;0.00041062399999999995;0.00048025600000000003;0.000441344;0.00044339199999999997;0.0005304320000000001;0.000484352;0.000324608;0.000227328;0.00014848;0.00018432000000000002;0.000314368;0.00026112
1782736200,hdr,0.0293;0.03906;0.04883;0.05859;0.06836;0.07813;0.08789;0.09766;0.10742;0.11719;0.12695;0.13672;0.14648;0.15625;0.16602;0.17578;0.18555;0.19531;0.20508;0.21484;0.22461;0.23438;0.24414;0.25391;0.26367;0.27344;0.2832;0.29297;0.30273;0.3125;0.32227;0.33203;0.3418;0.35156;0.36133;0.37109;0.38086;0.39063;0.40039;0.41016;0.41992;0.42969;0.43945;0.44922;0.45898;0.46875;0.47852;0.48828;0.49805;0.50781;0.51758;0.52734;0.53711;0.54688;0.55664;0.56641;0.57617;0.58594;0.5957;0.60547;0.61523;0.625;0.63477;0.64453;0.6543;0.66406;0.67383;0.68359;0.69336;0.70313;0.71289;0.72266;0.73242;0.74219;0.75195;0.76172;0.77148;0.78125;0.79102,0.00139776;0.004023296;0.00515584;0.0018687999999999999;0.003986432;0.035448832;0.093937664;0.088728576;0.08777318399999999;0.11035136;0.10289254399999999;0.080411648;0.074385408;0.062114815999999996;0.053648384;0.035735552;0.024558592;0.027747328;0.026466304;0.017483776;0.011705344000000001;0.014737407999999999;0.01373696;0.011052032000000002;0.006848512000000001;0.010195968000000001;0.011117568000000001;0.007553023999999999;0.006742016;0.00758784;0.008639487999999999;0.007254015999999999;0.010359808;0.010338304;0.008456192;0.008070144000000001;0.00954368;0.004736;0.002605056;0.0038932479999999998;0.004198400000000001;0.00383488;0.003291136;0.0022476799999999997;0.0024545279999999997;0.00237568;0.0016148479999999999;0.0015411200000000002;0.00185344;0.0023357440000000003;0.002306048;0.002192384;0.0022896640000000003;0.002028544;0.0008591359999999999;0.0013148160000000001;0.00163328;0.001024;0.000868352;0.0006502400000000001;0.00068096;0.0008519679999999999;0.000753664;0.000801792;0.000662528;0.000733184;0.000447488;0.0005980159999999999;0.000526336;0.00046489599999999996;0.000466944;0.00046796800000000003;0.00035532799999999997;0.000514048;0.0005232639999999998;0.00039936;0.0004352;0.00047001599999999997;0.000382976
1782737100,hdr,0.0293;0.03906;0.04883;0.05859;0.06836;0.07813;0.08789;0.09766;0.10742;0.11719;0.12695;0.13672;0.14648;0.15625;0.16602;0.17578;0.18555;0.19531;0.20508;0.21484;0.22461;0.23438;0.24414;0.25391;0.26367;0.27344;0.2832;0.29297;0.30273;0.3125;0.32227;0.33203;0.3418;0.35156;0.36133;0.37109;0.38086;0.39063;0.40039;0.41016;0.41992;0.42969;0.43945;0.44922;0.45898;0.46875;0.47852;0.48828;0.49805;0.50781;0.51758;0.52734;0.53711;0.54688;0.55664;0.56641;0.57617;0.58594;0.5957;0.60547;0.61523;0.625;0.63477;0.64453;0.6543;0.66406;0.67383;0.68359;0.69336;0.70313;0.71289;0.72266;0.73242;0.74219;0.75195;0.76172;0.77148;0.78125;0.79102,0.001043456;0.00417792;0.0049479680000000005;0.005825536;0.01100288;0.029744128;0.05252096;0.049250303999999995;0.044645375999999994;0.054160384;0.09243648;0.067470336;0.058166272;0.062181376000000003;0.028898304;0.013978624;0.015640576;0.024534016;0.028874752;0.032367615999999995;0.023930879999999998;0.016357376;0.015384575999999999;0.008406015999999999;0.008430592;0.01035776;0.011613184;0.010911744000000001;0.007919616;0.007858176;0.008482815999999999;0.005629952000000001;0.008168448;0.010784768;0.010267647999999999;0.009203712;0.005331967999999999;0.003770368;0.002308096;0.0038963199999999996;0.006791167999999999;0.003428352;0.00207872;0.003929088;0.002771968;0.0016977919999999998;0.002829312;0.002752512;0.00178176;0.001727488;0.001657856;0.001934336;0.00150528;0.00082944;0.0009041920000000001;0.00111104;0.000825344;0.0006932479999999999;0.0005847039999999999;0.000531456;0.00067584;0.0007833599999999999;0.0005877759999999999;0.000620544;0.000475136;0.000654336;0.000800768;0.000387072;0.000316416;0.000381952;0.000526336;0.0005560319999999999;0.000505856;0.000314368;0.000461824;0.00054272;0.000269312;0.00023859199999999998;0.000321536
1782738000,hdr,0.0293;0.03906;0.04883;0.05859;0.06836;0.07813;0.08789;0.09766;0.10742;0.11719;0.12695;0.13672;0.14648;0.15625;0.16602;0.17578;0.18555;0.19531;0.20508;0.21484;0.22461;0.23438;0.24414;0.25391;0.26367;0.27344;0.2832;0.29297;0.30273;0.3125;0.32227;0.33203;0.3418;0.35156;0.36133;0.37109;0.38086;0.39063;0.40039;0.41016;0.41992;0.42969;0.43945;0.44922;0.45898;0.46875;0.47852;0.48828;0.49805;0.50781;0.51758;0.52734;0.53711;0.54688;0.55664;0.56641;0.57617;0.58594;0.5957;0.60547;0.61523;0.625;0.63477;0.64453;0.6543;0.66406;0.67383;0.68359;0.69336;0.70313;0.71289;0.72266;0.73242;0.74219;0.75195;0.76172;0.77148;0.78125;0.79102,0.001652736;0.0031098880000000003;0.006358016;0.00436736;0.012710912;0.043967488000000006;0.085005312;0.059373568;0.040469504;0.073532416;0.14085734400000002;0.1228032;0.075249664;0.06053683199999999;0.042317824000000004;0.0360448;0.019554304;0.020369408;0.017659904;0.025391103999999998;0.019633151999999997;0.0193792;0.015945728;0.012043264000000001;0.011405311999999999;0.008949760000000001;0.006965247999999999;0.007929855999999999;0.010032128000000001;0.007062528;0.00725504;0.007942144;0.009110528;0.008221696;0.010221567999999999;0.010256384;0.011567104000000002;0.007156736000000001;0.00325632;0.004032511999999999;0.004047872;0.004513791999999999;0.0036976640000000002;0.0041492479999999995;0.002306048;0.0016445440000000002;0.002000896;0.001964032;0.001129472;0.000913408;0.000995328;0.0009420800000000001;0.000877568;0.000888832;0.001065984;0.0011694079999999998;0.000831488;0.0009912319999999999;0.0014878720000000001;0.0009727999999999999;0.00067584;0.0007229440000000001;0.0005980159999999999;0.000606208;0.0009256959999999999;0.00076288;0.000535552;0.000371712;0.0005888;0.0008335360000000001;0.0006819840000000001;0.000567296;0.00040345599999999995;0.000272384;0.00029183999999999997;0.000345088;0.000242688;0.00029491200000000004;0.00029900799999999997
1782738900,hdr,0.0293;0.03906;0.04883;0.05859;0.06836;0.07813;0.08789;0.09766;0.10742;0.11719;0.12695;0.13672;0.14648;0.15625;0.16602;0.17578;0.18555;0.19531;0.20508;0.21484;0.22461;0.23438;0.24414;0.25391;0.26367;0.27344;0.2832;0.29297;0.30273;0.3125;0.32227;0.33203;0.3418;0.35156;0.36133;0.37109;0.38086;0.39063;0.40039;0.41016;0.41992;0.42969;0.43945;0.44922;0.45898;0.46875;0.47852;0.48828;0.49805;0.50781;0.51758;0.52734;0.53711;0.54688;0.55664;0.56641;0.57617;0.58594;0.5957;0.60547;0.61523;0.625;0.63477;0.64453;0.6543;0.66406;0.67383;0.68359;0.69336;0.70313;0.71289;0.72266;0.73242;0.74219;0.75195;0.76172;0.77148;0.78125;0.79102,0.000400384;0.0013905920000000002;0.002419712;0.001276928;0.004598784000000001;0.025187328000000002;0.050886656;0.07826022399999999;0.09168384;0.062738432;0.08830976;0.098336768;0.09614950399999998;0.070095872;0.04613529599999999;0.022239232;0.015973376;0.017376256;0.013947903999999999;0.021492736000000002;0.020748288;0.012488704;0.013428736;0.012793856;0.009324544;0.005997568;0.0060856320000000005;0.008640512;0.0051271680000000005;0.006163456;0.006234112;0.008809472;0.006248447999999999;0.0083712;0.011826175999999999;0.008132608;0.00390656;0.00370176;0.005318656;0.00400896;0.002443264;0.00282112;0.003816448;0.004083712000000001;0.0030464;0.0017131520000000001;0.002581504;0.0026777600000000004;0.001627136;0.001248256;0.00121344;0.002386944;0.0018042879999999998;0.0018964479999999998;0.0019087359999999999;0.001688576;0.000978944;0.000923648;0.0012400640000000001;0.0011468799999999999;0.0014172160000000002;0.001041408;0.001393664;0.000759808;0.0005959680000000001;0.000672768;0.000579584;0.0005724160000000001;0.000466944;0.0005304320000000001;0.000555008;0.00043315199999999996;0.000349184;0.00036249599999999997;0.000384;0.00040755200000000004;0.000387072;0.000283648;0.000244736
1782739800,hdr,0.0293;0.03906;0.04883;0.05859;0.06836;0.07813;0.08789;0.09766;0.10742;0.11719;0.12695;0.13672;0.14648;0.15625;0.16602;0.17578;0.18555;0.19531;0.20508;0.21484;0.22461;0.23438;0.24414;0.25391;0.26367;0.27344;0.2832;0.29297;0.30273;0.3125;0.32227;0.33203;0.3418;0.35156;0.36133;0.37109;0.38086;0.39063;0.40039;0.41016;0.41992;0.42969;0.43945;0.44922;0.45898;0.46875;0.47852;0.48828;0.49805;0.50781;0.51758;0.52734;0.53711;0.54688;0.55664;0.56641;0.57617;0.58594;0.5957;0.60547;0.61523;0.625;0.63477;0.64453;0.6543;0.66406;0.67383;0.68359;0.69336;0.70313;0.71289;0.72266;0.73242;0.74219;0.75195;0.76172;0.77148;0.78125;0.79102,0.0006819840000000001;0.0021985280000000004;0.0013547519999999999;0.002000896;0.008992768;0.030231552;0.050812928;0.06281830399999999;0.05111808;0.051628032;0.09221734399999999;0.115321856;0.07661875200000001;0.051406848;0.061385728;0.049545216;0.026144768;0.017789952;0.011680768;0.008816639999999999;0.010602496000000001;0.010473472;0.009269247999999999;0.009739264000000001;0.00797696;0.009634816000000001;0.007642112;0.007384064;0.008290304;0.006893568;0.007543808;0.006965247999999999;0.004178944;0.004097024;0.004558848;0.006222848;0.00670208;0.005733376;0.005582848;0.00443392;0.003008512;0.003309568;0.002823168;0.0022835200000000003;0.00185344;0.0021360640000000005;0.002275328;0.0019527680000000001;0.0013475839999999998;0.00163328;0.0016302080000000002;0.001738752;0.001156096;0.001217536;0.000933888;0.000789504;0.000915456;0.00098816;0.00088064;0.000565248;0.000539648;0.000899072;0.0010373119999999999;0.0008458240000000001;0.000444416;0.000398336;0.000372736;0.00047923199999999995;0.000656384;0.0005713920000000001;0.00041984;0.00039219200000000003;0.000516096;0.0005089280000000001;0.00028671999999999997;0.000256;0.00026112;0.00023552000000000002;0.000173056
1782740700,hdr,0.0293;0.03906;0.04883;0.05859;0.06836;0.07813;0.08789;0.09766;0.10742;0.11719;0.12695;0.13672;0.14648;0.15625;0.16602;0.17578;0.18555;0.19531;0.20508;0.21484;0.22461;0.23438;0.24414;0.25391;0.26367;0.27344;0.2832;0.29297;0.30273;0.3125;0.32227;0.33203;0.3418;0.35156;0.36133;0.37109;0.38086;0.39063;0.40039;0.41016;0.41992;0.42969;0.43945;0.44922;0.45898;0.46875;0.47852;0.48828;0.49805;0.50781;0.51758;0.52734;0.53711;0.54688;0.55664;0.56641;0.57617;0.58594;0.5957;0.60547;0.61523;0.625;0.63477;0.64453;0.6543;0.66406;0.67383;0.68359;0.69336;0.70313;0.71289;0.72266;0.73242;0.74219;0.75195;0.76172;0.77148;0.78125;0.79102,0.00047308800000000003;0.003740672;0.004144128;0.00150016;0.005150719999999999;0.032921599999999995;0.051784704;0.047885312;0.085326848;0.07078912;0.06839398399999999;0.098100224;0.10566144000000001;0.06602547199999999;0.042991616;0.039517184000000004;0.037710848;0.025868288;0.01424384;0.015555583999999999;0.011357184;0.013717504;0.02235904;0.014947328000000001;0.007656448000000001;0.008454144;0.010615808;0.005664768;0.005239808;0.008647679999999998;0.006632448;0.0037836799999999998;0.005568511999999999;0.009950208;0.008614912;0.004509696;0.006263808;0.007262208000000001;0.003463168;0.002783232;0.0025364479999999997;0.002362368;0.002663424;0.0027904;0.002404352;0.002927616;0.00247296;0.0016148479999999999;0.0016988160000000001;0.001789952;0.0012001280000000002;0.000979968;0.000785408;0.0006912;0.000897024;0.0011776;0.001380352;0.000805888;0.00040550399999999994;0.000382976;0.000545792;0.00091648;0.000679936;0.000557056;0.0005836799999999999;0.0008151040000000001;0.0010086399999999999;0.000842752;0.0006973439999999999;0.00055296;0.0005847039999999999;0.00057856;0.0006912;0.00051712;0.00037376;0.000635904;0.00036966399999999996;0.000156672;0.000264192
1782741600,hdr,0.0293;0.03906;0.04883;0.05859;0.06836;0.07813;0.08789;0.09766;0.10742;0.11719;0.12695;0.13672;0.14648;0.15625;0.16602;0.17578;0.18555;0.19531;0.20508;0.21484;0.22461;0.23438;0.24414;0.25391;0.26367;0.27344;0.2832;0.29297;0.30273;0.3125;0.32227;0.33203;0.3418;0.35156;0.36133;0.37109;0.38086;0.39063;0.40039;0.41016;0.41992;0.42969;0.43945;0.44922;0.45898;0.46875;0.47852;0.48828;0.49805;0.50781;0.51758;0.52734;0.53711;0.54688;0.55664;0.56641;0.57617;0.58594;0.5957;0.60547;0.61523;0.625;0.63477;0.64453;0.6543;0.66406;0.67383;0.68359;0.69336;0.70313;0.71289;0.72266;0.73242;0.74219;0.75195;0.76172;0.77148;0.78125;0.79102,0.003069952;0.010691584;0.011768832;0.009520128000000001;0.01212416;0.041037824;0.070469632;0.066347008;0.05778432;0.045957120000000004;0.07630848;0.070227968;0.092882944;0.06917632000000001;0.044649472;0.036995072;0.027936768;0.01803264;0.016560128;0.01240576;0.015502335999999999;0.020374528000000003;0.013686784;0.00982016;0.008650752000000001;0.011482112000000001;0.00768;0.004989951999999999;0.0070195200000000004;0.0074301440000000005;0.00866304;0.011532287999999998;0.008643584000000001;0.009432064;0.010450944;0.006557696;0.006618112;0.007283712;0.007865344;0.006457344;0.0040867839999999996;0.003749888;0.005255168;0.00691712;0.004912128;0.0020654080000000003;0.0016435199999999999;0.0024504320000000002;0.001905664;0.0017192959999999997;0.001829888;0.002148352;0.001583104;0.0011786239999999999;0.001069056;0.000847872;0.000861184;0.0009574399999999999;0.001035264;0.0007884799999999999;0.000679936;0.00054272;0.00048639999999999995;0.000743424;0.000775168;0.00057856;0.000482304;0.000269312;0.000357376;0.00038912;0.000545792;0.000412672;0.000233472;0.000277504;0.00029183999999999997;0.000216064;0.00025497599999999997;0.000269312;0.00023142399999999999
1782742500,hdr,0.0293;0.03906;0.04883;0.05859;0.06836;0.07813;0.08789;0.09766;0.10742;0.11719;0.12695;0.13672;0.14648;0.15625;0.16602;0.17578;0.18555;0.19531;0.20508;0.21484;0.22461;0.23438;0.24414;0.25391;0.26367;0.27344;0.2832;0.29297;0.30273;0.3125;0.32227;0.33203;0.3418;0.35156;0.36133;0.37109;0.38086;0.39063;0.40039;0.41016;0.41992;0.42969;0.43945;0.44922;0.45898;0.46875;0.47852;0.48828;0.49805;0.50781;0.51758;0.52734;0.53711;0.54688;0.55664;0.56641;0.57617;0.58594;0.5957;0.60547;0.61523;0.625;0.63477;0.64453;0.6543;0.66406;0.67383;0.68359;0.69336;0.70313;0.71289;0.72266;0.73242;0.74219;0.75195;0.76172;0.77148;0.78125;0.79102,0.0007372800000000001;0.000726016;0.002824192;0.006587392000000001;0.008889343999999999;0.019146752;0.04088934400000001;0.043053056;0.036757504;0.051542015999999996;0.073222144;0.095898624;0.107425792;0.08440627199999999;0.077925376;0.03564544;0.021654528;0.019685376;0.013648896;0.011848704;0.018086912;0.011691008;0.016482304;0.015843328;0.008816639999999999;0.010563584;0.009362432;0.006979584;0.0054272;0.0035123199999999998;0.004083712000000001;0.005325824;0.006669312;0.0060958720000000004;0.0057088;0.005190656;0.005860352;0.004767744000000001;0.002914304;0.002228224;0.0034181119999999996;0.003923968;0.0025917439999999996;0.00299008;0.003986432;0.003744768;0.0023572479999999997;0.001436672;0.001705984;0.001938432;0.001309696;0.001099776;0.001165312;0.0012728319999999998;0.0014796800000000001;0.001396736;0.001330176;0.0012185600000000003;0.00070656;0.0007925759999999999;0.001108992;0.000987136;0.0005857280000000001;0.000283648;0.00035942400000000006;0.00023654400000000002;0.00043724800000000005;0.00046796800000000003;0.000456704;0.000320512;0.00034099200000000003;0.00036761599999999997;0.000313344;0.000218112;0.00023040000000000002;0.000227328;0.000200704;0.00022323200000000002;0.000227328
1782743400,hdr,0.0293;0.03906;0.04883;0.05859;0.06836;0.07813;0.08789;0.09766;0.10742;0.11719;0.12695;0.13672;0.14648;0.15625;0.16602;0.17578;0.18555;0.19531;0.20508;0.21484;0.22461;0.23438;0.24414;0.25391;0.26367;0.27344;0.2832;0.29297;0.30273;0.3125;0.32227;0.33203;0.3418;0.35156;0.36133;0.37109;0.38086;0.39063;0.40039;0.41016;0.41992;0.42969;0.43945;0.44922;0.45898;0.46875;0.47852;0.48828;0.49805;0.50781;0.51758;0.52734;0.53711;0.54688;0.55664;0.56641;0.57617;0.58594;0.5957;0.60547;0.61523;0.625;0.63477;0.64453;0.6543;0.66406;0.67383;0.68359;0.69336;0.70313;0.71289;0.72266;0.73242;0.74219;0.75195;0.76172;0.77148;0.78125;0.79102,0.003452928;0.01510912;0.019250176;0.003796992;0.008141823999999999;0.016842752;0.039087104;0.05435392000000001;0.078076928;0.104916992;0.12482457599999999;0.085714944;0.077601792;0.055891968;0.053837824;0.025698304;0.020059135999999998;0.01984;0.019031040000000003;0.015154176;0.013678592;0.008478719999999999;0.010344448000000001;0.013108224;0.008195072;0.007055360000000001;0.006603776;0.005811200000000001;0.005479424;0.007171072;0.005788672000000001;0.006194175999999999;0.006547456;0.00567808;0.005101568;0.003172352;0.004400128;0.0038860800000000005;0.003470336;0.003136512;0.002881536;0.0039168;0.003509248;0.0020992000000000003;0.001685504;0.002312192;0.0024227840000000003;0.001579008;0.001626112;0.0010516479999999999;0.0006696959999999999;0.0007352319999999999;0.00057856;0.00075264;0.0005734399999999999;0.000535552;0.0005621760000000001;0.0006574080000000001;0.000605184;0.000528384;0.000538624;0.000400384;0.00042496;0.0006891520000000001;0.000516096;0.000279552;0.00029388799999999996;0.000372736;0.00030003200000000004;0.0004915200000000001;0.00048127999999999995;0.000267264;0.00020889599999999997;0.00026112;0.00039628799999999996;0.000339968;0.00027648;0.00023654400000000002;0.000259072
1782744300,hdr,0.0293;0.03906;0.04883;0.05859;0.06836;0.07813;0.08789;0.09766;0.10742;0.11719;0.12695;0.13672;0.14648;0.15625;0.16602;0.17578;0.18555;0.19531;0.20508;0.21484;0.22461;0.23438;0.24414;0.25391;0.26367;0.27344;0.2832;0.29297;0.30273;0.3125;0.32227;0.33203;0.3418;0.35156;0.36133;0.37109;0.38086;0.39063;0.40039;0.41016;0.41992;0.42969;0.43945;0.44922;0.45898;0.46875;0.47852;0.48828;0.49805;0.50781;0.51758;0.52734;0.53711;0.54688;0.55664;0.56641;0.57617;0.58594;0.5957;0.60547;0.61523;0.625;0.63477;0.64453;0.6543;0.66406;0.67383;0.68359;0.69336;0.70313;0.71289;0.72266;0.73242;0.74219;0.75195;0.76172;0.77148;0.78125;0.79102,0.001168384;0.002883584;0.002768896;0.003237888;0.0066304;0.017355775999999996;0.050363392;0.045674496;0.046282752;0.061338624;0.06903705600000001;0.08982937599999999;0.085794816;0.07133184;0.041660416;0.031323136;0.015732736;0.011184127999999998;0.017287168000000002;0.01688064;0.011280384;0.008335359999999998;0.009437184000000001;0.013325312;0.013801472;0.009576447999999998;0.007921664;0.00364544;0.003997696;0.005014528;0.006541312;0.006535168;0.005865472;0.00490496;0.00476672;0.005809152;0.00598016;0.00508416;0.004891648;0.003309568;0.00291328;0.001810432;0.003301376;0.0031477759999999997;0.002030592;0.001483776;0.00169984;0.0011704320000000001;0.001089536;0.001021952;0.001007616;0.001097728;0.000717824;0.00062976;0.000781312;0.000748544;0.000753664;0.000483328;0.000647168;0.000843776;0.000516096;0.0007229440000000001;0.0007393279999999999;0.00047718399999999996;0.000927744;0.000482304;0.00017408000000000001;0.00020889599999999997;0.00023654400000000002;0.00029798400000000005;0.000264192;0.000157696;0.000233472;0.000259072;0.0001792;0.000180224;0.000173056;0.000173056;0.00010956799999999999
1782745200,hdr,0.0293;0.03906;0.04883;0.05859;0.06836;0.07813;0.08789;0.09766;0.10742;0.11719;0.12695;0.13672;0.14648;0.15625;0.16602;0.17578;0.18555;0.19531;0.20508;0.21484;0.22461;0.23438;0.24414;0.25391;0.26367;0.27344;0.2832;0.29297;0.30273;0.3125;0.32227;0.33203;0.3418;0.35156;0.36133;0.37109;0.38086;0.39063;0.40039;0.41016;0.41992;0.42969;0.43945;0.44922;0.45898;0.46875;0.47852;0.48828;0.49805;0.50781;0.51758;0.52734;0.53711;0.54688;0.55664;0.56641;0.57617;0.58594;0.5957;0.60547;0.61523;0.625;0.63477;0.64453;0.6543;0.66406;0.67383;0.68359;0.69336;0.70313;0.71289;0.72266;0.73242;0.74219;0.75195;0.76172;0.77148;0.78125;0.79102,0.00046489599999999996;0.0032890880000000003;0.004943871999999999;0.0011632640000000002;0.004562943999999999;0.022427648;0.03938816;0.055600128;0.066980864;0.07019212799999999;0.061891584;0.08566067200000001;0.09127731199999999;0.064228352;0.04398592;0.034059264;0.025270271999999996;0.017076223999999997;0.016819199999999996;0.015089664000000001;0.011033600000000001;0.006366208000000001;0.009690111999999999;0.008922112000000001;0.009982976000000001;0.010969088;0.011128831999999998;0.008243200000000001;0.007630848;0.009196544;0.00961536;0.00567296;0.004744192;0.005041152;0.0045199360000000004;0.0064194560000000005;0.003958784;0.003149824;0.0034365439999999997;0.0029306880000000003;0.0029716480000000003;0.0031477759999999997;0.002691072;0.0015144960000000002;0.001902592;0.001792;0.001769472;0.001275904;0.001042432;0.000771072;0.000765952;0.0007137280000000001;0.0007833599999999999;0.000544768;0.000633856;0.0006021119999999999;0.000520192;0.000387072;0.000630784;0.0005560319999999999;0.00042291200000000006;0.000421888;0.00030003200000000004;0.000331776;0.000499712;0.000439296;0.000350208;0.00029696;0.000267264;0.00036966399999999996;0.00022528;0.000136192;0.000207872;0.000274432;0.000267264;0.000162816;0.000130048;0.000110592;0.00010649599999999999
1782746100,hdr,0.0293;0.03906;0.04883;0.05859;0.06836;0.07813;0.08789;0.09766;0.10742;0.11719;0.12695;0.13672;0.14648;0.15625;0.16602;0.17578;0.18555;0.19531;0.20508;0.21484;0.22461;0.23438;0.24414;0.25391;0.26367;0.27344;0.2832;0.29297;0.30273;0.3125;0.32227;0.33203;0.3418;0.35156;0.36133;0.37109;0.38086;0.39063;0.40039;0.41016;0.41992;0.42969;0.43945;0.44922;0.45898;0.46875;0.47852;0.48828;0.49805;0.50781;0.51758;0.52734;0.53711;0.54688;0.55664;0.56641;0.57617;0.58594;0.5957;0.60547;0.61523;0.625;0.63477;0.64453;0.6543;0.66406;0.67383;0.68359;0.69336;0.70313;0.71289;0.72266;0.73242;0.74219;0.75195;0.76172;0.77148;0.78125;0.79102,0.0012001280000000002;0.00154624;0.0012912639999999999;0.003088384;0.005577727999999999;0.010380288;0.03958272;0.093028352;0.08599552;0.06640128;0.082684928;0.117085184;0.07749017600000001;0.062447616;0.05719552000000001;0.027281408;0.017638400000000002;0.013449216;0.014154752;0.01359872;0.012984319999999999;0.008183808;0.009986048;0.010277888;0.010755072000000001;0.008398848;0.007168;0.005414912;0.007337984;0.00731648;0.006724608;0.005782528;0.00525312;0.004558848;0.00466432;0.006050816;0.00245248;0.0023408640000000002;0.002084864;0.0025036800000000003;0.0027555839999999997;0.0028917760000000004;0.002251776;0.001537024;0.0015144960000000002;0.0009482239999999999;0.000841728;0.001529856;0.00122368;0.0010516479999999999;0.0008468480000000001;0.00088576;0.001229824;0.001119232;0.000939008;0.0009205759999999999;0.000927744;0.00077312;0.000986112;0.000620544;0.000548864;0.00072704;0.00044339199999999997;0.0004352;0.00065536;0.000415744;0.00030208000000000004;0.00023244799999999998;0.00021299199999999998;0.000251904;0.000365568;0.000268288;0.0001792;0.00015872;0.000165888;0.00018124799999999998;0.000157696;0.000120832;0.00011980799999999999
1782747000,hdr,0.0293;0.03906;0.04883;0.05859;0.06836;0.07813;0.08789;0.09766;0.10742;0.11719;0.12695;0.13672;0.14648;0.15625;0.16602;0.17578;0.18555;0.19531;0.20508;0.21484;0.22461;0.23438;0.24414;0.25391;0.26367;0.27344;0.2832;0.29297;0.30273;0.3125;0.32227;0.33203;0.3418;0.35156;0.36133;0.37109;0.38086;0.39063;0.40039;0.41016;0.41992;0.42969;0.43945;0.44922;0.45898;0.46875;0.47852;0.48828;0.49805;0.50781;0.51758;0.52734;0.53711;0.54688;0.55664;0.56641;0.57617;0.58594;0.5957;0.60547;0.61523;0.625;0.63477;0.64453;0.6543;0.66406;0.67383;0.68359;0.69336;0.70313;0.71289;0.72266;0.73242;0.74219;0.75195;0.76172;0.77148;0.78125;0.79102,0.00037785600000000004;0.00051712;0.002803712;0.002688;0.0037662719999999998;0.001296384;0.016181248;0.06246809600000001;0.062614528;0.07135027199999999;0.051307519999999995;0.041846784;0.054076416;0.069369856;0.053475327999999996;0.02428416;0.013353984000000001;0.009207808000000001;0.013678592;0.014765055999999999;0.009836544;0.006948864000000001;0.007467008;0.014174208;0.010558464;0.008409088;0.00815104;0.00636928;0.00892416;0.01079808;0.009008127999999999;0.003801088;0.003823616;0.004178944;0.00350208;0.003377152;0.002817024;0.002654208;0.00279552;0.002056192;0.002352128;0.0029788160000000004;0.00246784;0.001903616;0.00195584;0.001435648;0.002188288;0.001371136;0.0012083200000000001;0.001277952;0.0009041920000000001;0.000543744;0.000910336;0.0010465279999999997;0.0014530559999999999;0.001102848;0.000795648;0.0006092800000000001;0.00048742400000000003;0.00047923199999999995;0.00039936;0.000413696;0.00030617599999999996;0.000318464;0.00028671999999999997;0.000233472;0.00021401600000000003;0.000262144;0.000329728;0.000319488;0.00027136;0.00017715200000000003;0.0001536;0.000227328;0.000218112;0.000180224;0.00010240000000000001;0.00014643200000000002;0.000125952
1782747900,hdr,0.0293;0.03906;0.04883;0.05859;0.06836;0.07813;0.08789;0.09766;0.10742;0.11719;0.12695;0.13672;0.14648;0.15625;0.16602;0.17578;0.18555;0.19531;0.20508;0.21484;0.22461;0.23438;0.24414;0.25391;0.26367;0.27344;0.2832;0.29297;0.30273;0.3125;0.32227;0.33203;0.3418;0.35156;0.36133;0.37109;0.38086;0.39063;0.40039;0.41016;0.41992;0.42969;0.43945;0.44922;0.45898;0.46875;0.47852;0.48828;0.49805;0.50781;0.51758;0.52734;0.53711;0.54688;0.55664;0.56641;0.57617;0.58594;0.5957;0.60547;0.61523;0.625;0.63477;0.64453;0.6543;0.66406;0.67383;0.68359;0.69336;0.70313;0.71289;0.72266;0.73242;0.74219;0.75195;0.76172;0.77148;0.78125;0.79102,0.0012083200000000001;0.004267008;0.00214016;0.00090624;0.0053463040000000005;0.013681664;0.049717248;0.07333888000000001;0.064912384;0.070347776;0.090930176;0.0919808;0.113907712;0.10198937599999999;0.048225279999999995;0.045421568;0.031128575999999998;0.017685504;0.011234304;0.010724352;0.013785088;0.015496192;0.009221120000000001;0.006709247999999999;0.00907264;0.009436159999999999;0.008761343999999999;0.006460416;0.006046719999999999;0.00585728;0.002981888;0.003914752;0.004129792;0.00443392;0.003770368;0.002386944;0.002097152;0.004209664;0.003567616;0.003232768;0.003554304;0.003637248;0.0024872960000000004;0.001864704;0.0015144960000000002;0.001462272;0.0011673599999999999;0.000828416;0.000930816;0.000898048;0.0006277120000000001;0.00043724800000000005;0.000545792;0.0006154239999999999;0.0009472;0.000987136;0.00062464;0.0006277120000000001;0.00047820800000000004;0.00034304;0.000384;0.000324608;0.0005089280000000001;0.000451584;0.000256;0.000284672;0.00035430400000000006;0.000262144;0.00013311999999999997;0.00020172799999999998;0.0002816;0.000229376;0.00017100799999999997;0.00017715200000000003;0.00020377600000000002;0.000186368;0.000183296;0.00013311999999999997;0.000126976
1782748800,hdr,0.0293;0.03906;0.04883;0.05859;0.06836;0.07813;0.08789;0.09766;0.10742;0.11719;0.12695;0.13672;0.14648;0.15625;0.16602;0.17578;0.18555;0.19531;0.20508;0.21484;0.22461;0.23438;0.24414;0.25391;0.26367;0.27344;0.2832;0.29297;0.30273;0.3125;0.32227;0.33203;0.3418;0.35156;0.36133;0.37109;0.38086;0.39063;0.40039;0.41016;0.41992;0.42969;0.43945;0.44922;0.45898;0.46875;0.47852;0.48828;0.49805;0.50781;0.51758;0.52734;0.53711;0.54688;0.55664;0.56641;0.57617;0.58594;0.5957;0.60547;0.61523;0.625;0.63477;0.64453;0.6543;0.66406;0.67383;0.68359;0.69336;0.70313;0.71289;0.72266;0.73242;0.74219;0.75195;0.76172;0.77148;0.78125;0.79102,0.000137216;0.000492544;0.0023767040000000003;0.0028917760000000004;0.008037376;0.016995328;0.045697023999999996;0.06876569600000002;0.080910336;0.052129792;0.052308992000000006;0.07427481600000001;0.14057369600000003;0.08965427200000001;0.06423347200000001;0.034477056;0.024262656;0.021684224000000002;0.013247488000000002;0.00974336;0.010379264;0.014398464;0.011723776000000002;0.010925056;0.016447488;0.011879424000000001;0.006004736;0.005260288;0.0041267199999999995;0.004742143999999999;0.006230016;0.0066662399999999995;0.005875712000000001;0.00370176;0.002905088;0.00334336;0.0042035200000000005;0.0038082560000000003;0.0023203839999999996;0.0018421759999999998;0.002029568;0.001728512;0.001805312;0.002011136;0.0017152;0.001795072;0.001829888;0.00103424;0.000992256;0.001052672;0.000828416;0.000964608;0.000764928;0.0006963200000000001;0.000736256;0.00059904;0.000816128;0.0005560319999999999;0.00030924800000000003;0.000408576;0.000324608;0.00032768;0.000457728;0.000400384;0.00043110399999999997;0.00027136;0.00023654400000000002;0.000275456;0.000379904;0.000538624;0.00041779199999999995;0.00021299199999999998;0.00021913599999999998;0.00017408000000000001;0.000191488;0.00014848;0.000253952;0.000252928;0.000175104
1782749700,hdr,0.0293;0.03906;0.04883;0.05859;0.06836;0.07813;0.08789;0.09766;0.10742;0.11719;0.12695;0.13672;0.14648;0.15625;0.16602;0.17578;0.18555;0.19531;0.20508;0.21484;0.22461;0.23438;0.24414;0.25391;0.26367;0.27344;0.2832;0.29297;0.30273;0.3125;0.32227;0.33203;0.3418;0.35156;0.36133;0.37109;0.38086;0.39063;0.40039;0.41016;0.41992;0.42969;0.43945;0.44922;0.45898;0.46875;0.47852;0.48828;0.49805;0.50781;0.51758;0.52734;0.53711;0.54688;0.55664;0.56641;0.57617;0.58594;0.5957;0.60547;0.61523;0.625;0.63477;0.64453;0.6543;0.66406;0.67383;0.68359;0.69336;0.70313;0.71289;0.72266;0.73242;0.74219;0.75195;0.76172;0.77148;0.78125;0.79102,0.000910336;0.0013475839999999998;0.003781632;0.0025108480000000004;0.007357440000000001;0.015752192;0.063087616;0.111906816;0.07834624;0.081810432;0.07889612800000001;0.048092159999999995;0.09487667200000001;0.09196339199999999;0.066154496;0.036444159999999996;0.017363968;0.018598912;0.011342847999999999;0.012828672;0.011942912;0.009368575999999998;0.013906944;0.011552768;0.012203008;0.014938112000000002;0.0103936;0.017285119999999998;0.011528192000000001;0.005938176000000001;0.004829183999999999;0.004094976;0.003741696;0.004153344;0.003749888;0.002691072;0.003960832;0.005256192;0.0036403200000000003;0.003883008;0.0035327999999999996;0.002934784;0.002031616;0.0030853119999999998;0.002706432;0.0025374720000000003;0.001835008;0.001035264;0.001061888;0.0009768959999999999;0.000802816;0.00090624;0.001639424;0.001734656;0.001504256;0.001927168;0.001975296;0.001584128;0.0013404159999999999;0.00138752;0.0007464960000000001;0.0008304639999999999;0.000893952;0.000702464;0.000847872;0.001000448;0.0006021119999999999;0.00029388799999999996;0.00029900799999999997;0.00023654400000000002;0.000190464;0.00022528;0.00028671999999999997;0.000325632;0.00036454399999999996;0.000226304;0.000241664;0.00017408000000000001;0.000156672
1782750600,hdr,0.0293;0.03906;0.04883;0.05859;0.06836;0.07813;0.08789;0.09766;0.10742;0.11719;0.12695;0.13672;0.14648;0.15625;0.16602;0.17578;0.18555;0.19531;0.20508;0.21484;0.22461;0.23438;0.24414;0.25391;0.26367;0.27344;0.2832;0.29297;0.30273;0.3125;0.32227;0.33203;0.3418;0.35156;0.36133;0.37109;0.38086;0.39063;0.40039;0.41016;0.41992;0.42969;0.43945;0.44922;0.45898;0.46875;0.47852;0.48828;0.49805;0.50781;0.51758;0.52734;0.53711;0.54688;0.55664;0.56641;0.57617;0.58594;0.5957;0.60547;0.61523;0.625;0.63477;0.64453;0.6543;0.66406;0.67383;0.68359;0.69336;0.70313;0.71289;0.72266;0.73242;0.74219;0.75195;0.76172;0.77148;0.78125;0.79102,0.00125952;0.0034498560000000003;0.00404992;0.003484672;0.005576704000000001;0.016823295999999998;0.06539980799999999;0.092693504;0.079576064;0.063849472;0.084950016;0.08532172799999999;0.055031807999999995;0.06674227199999999;0.061741055999999996;0.04849356800000001;0.021489664000000002;0.019411968;0.012163072;0.016442368;0.013225984;0.013344768;0.01174016;0.014994431999999999;0.019026944;0.008230912;0.004875263999999999;0.00605696;0.008172544;0.010819584;0.008071168;0.006706176;0.005313536;0.004153344;0.005118976;0.005229568;0.005198848;0.0035850240000000005;0.002395136;0.0016179200000000001;0.002619392;0.002679808;0.002547712;0.001521664;0.001229824;0.001645568;0.001759232;0.0016087039999999999;0.001388544;0.0010833919999999999;0.0011243520000000001;0.000606208;0.000781312;0.001147904;0.0008929280000000001;0.000603136;0.0009297919999999999;0.0006778880000000001;0.0007884799999999999;0.000809984;0.0006737919999999999;0.00070656;0.00082944;0.0005713920000000001;0.000468992;0.000482304;0.000272384;0.000160768;0.00034099200000000003;0.00043827199999999997;0.00036761599999999997;0.000514048;0.0005416959999999999;0.000466944;0.00029798400000000005;0.000193536;0.000207872;0.00033484799999999995;0.00036864000000000005
1782751500,hdr,0.0293;0.03906;0.04883;0.05859;0.06836;0.07813;0.08789;0.09766;0.10742;0.11719;0.12695;0.13672;0.14648;0.15625;0.16602;0.17578;0.18555;0.19531;0.20508;0.21484;0.22461;0.23438;0.24414;0.25391;0.26367;0.27344;0.2832;0.29297;0.30273;0.3125;0.32227;0.33203;0.3418;0.35156;0.36133;0.37109;0.38086;0.39063;0.40039;0.41016;0.41992;0.42969;0.43945;0.44922;0.45898;0.46875;0.47852;0.48828;0.49805;0.50781;0.51758;0.52734;0.53711;0.54688;0.55664;0.56641;0.57617;0.58594;0.5957;0.60547;0.61523;0.625;0.63477;0.64453;0.6543;0.66406;0.67383;0.68359;0.69336;0.70313;0.71289;0.72266;0.73242;0.74219;0.75195;0.76172;0.77148;0.78125;0.79102,0.002870272;0.007519232;0.011617279999999999;0.006422528;0.006274048;0.01532928;0.023881727999999998;0.070257664;0.072424448;0.080812032;0.07737856;0.064254976;0.060443648;0.05697024;0.030126080000000003;0.028351488;0.037707776000000005;0.017677312;0.01152512;0.010863616;0.01067008;0.00983552;0.009613312;0.008906751999999999;0.00786944;0.006946816;0.0044451840000000005;0.002849792;0.004412416;0.004524032;0.003024896;0.003883008;0.005086208;0.005448704;0.0045056;0.003318784;0.002752512;0.003902464;0.00451584;0.004242432;0.0067235839999999995;0.0054538239999999995;0.00254464;0.0029859840000000006;0.002993152;0.0027473920000000004;0.0014817279999999999;0.0011120639999999998;0.000786432;0.0008212479999999999;0.0011448320000000001;0.001079296;0.001091584;0.000726016;0.00090624;0.0008468480000000001;0.000827392;0.000765952;0.000756736;0.000744448;0.001010688;0.000760832;0.0005744639999999999;0.0006123519999999999;0.0005232639999999998;0.000694272;0.0008458240000000001;0.0005734399999999999;0.00039423999999999997;0.000485376;0.00040243200000000004;0.000393216;0.00039731200000000003;0.000253952;0.000376832;0.000576512;0.000559104;0.00032768;0.00047104000000000004
1782752400,hdr,0.0293;0.03906;0.04883;0.05859;0.06836;0.07813;0.08789;0.09766;0.10742;0.11719;0.12695;0.13672;0.14648;0.15625;0.16602;0.17578;0.18555;0.19531;0.20508;0.21484;0.22461;0.23438;0.24414;0.25391;0.26367;0.27344;0.2832;0.29297;0.30273;0.3125;0.32227;0.33203;0.3418;0.35156;0.36133;0.37109;0.38086;0.39063;0.40039;0.41016;0.41992;0.42969;0.43945;0.44922;0.45898;0.46875;0.47852;0.48828;0.49805;0.50781;0.51758;0.52734;0.53711;0.54688;0.55664;0.56641;0.57617;0.58594;0.5957;0.60547;0.61523;0.625;0.63477;0.64453;0.6543;0.66406;0.67383;0.68359;0.69336;0.70313;0.71289;0.72266;0.73242;0.74219;0.75195;0.76172;0.77148;0.78125;0.79102,0.004731904;0.008189952;0.010318848;0.008167424000000001;0.006575103999999999;0.019551231999999998;0.054539264000000004;0.07259647999999999;0.072471552;0.057962496;0.03144192;0.049220608;0.0492544;0.094590976;0.061928448000000004;0.034095104;0.032560128;0.022482944;0.01588224;0.011933696;0.009527296000000001;0.009971711999999999;0.00811008;0.009023488000000001;0.007892992;0.007387136;0.005549056;0.006814720000000001;0.006679552000000001;0.003459072;0.00470528;0.006909952;0.008446975999999998;0.005367808;0.005656576;0.005941248;0.004559872;0.0030371839999999996;0.0022947840000000002;0.001855488;0.002399232;0.0024422399999999996;0.0024616959999999998;0.0026705920000000003;0.0019527680000000001;0.0017766400000000001;0.002023424;0.001707008;0.001559552;0.001707008;0.0019189760000000002;0.000812032;0.00043008000000000006;0.0009912319999999999;0.000761856;0.000539648;0.00030208000000000004;0.000515072;0.000497664;0.000484352;0.00052736;0.000421888;0.00044646400000000004;0.00022528;0.000436224;0.0005734399999999999;0.00039219200000000003;0.00037785600000000004;0.00044339199999999997;0.000441344;0.00035328;0.00042803200000000007;0.00050176;0.00046284799999999997;0.00034201599999999995;0.00023654400000000002;0.000195584;0.000234496;0.00029388799999999996
1782753300,hdr,0.0293;0.03906;0.04883;0.05859;0.06836;0.07813;0.08789;0.09766;0.10742;0.11719;0.12695;0.13672;0.14648;0.15625;0.16602;0.17578;0.18555;0.19531;0.20508;0.21484;0.22461;0.23438;0.24414;0.25391;0.26367;0.27344;0.2832;0.29297;0.30273;0.3125;0.32227;0.33203;0.3418;0.35156;0.36133;0.37109;0.38086;0.39063;0.40039;0.41016;0.41992;0.42969;0.43945;0.44922;0.45898;0.46875;0.47852;0.48828;0.49805;0.50781;0.51758;0.52734;0.53711;0.54688;0.55664;0.56641;0.57617;0.58594;0.5957;0.60547;0.61523;0.625;0.63477;0.64453;0.6543;0.66406;0.67383;0.68359;0.69336;0.70313;0.71289;0.72266;0.73242;0.74219;0.75195;0.76172;0.77148;0.78125;0.79102,0.003232768;0.018271232;0.018142208;0.004187135999999999;0.009326592;0.020123648;0.06787583999999999;0.066625536;0.037832703999999995;0.045313024;0.05348352;0.052684800000000004;0.06509568;0.06886502400000001;0.06545305600000001;0.047593472000000005;0.032008192000000005;0.01304576;0.010604544;0.009276416;0.009086976;0.009657344000000002;0.009033728;0.008216576;0.011962368000000001;0.011616256;0.006900736;0.006670336000000001;0.007834624;0.007061504;0.007898112;0.0036976640000000002;0.003575808;0.0040294400000000005;0.0032296959999999998;0.003296256;0.0025374720000000003;0.0016906239999999997;0.002757632;0.002034688;0.001650688;0.002146304;0.002425856;0.00157184;0.001738752;0.0018636800000000002;0.0020172799999999998;0.002159616;0.001127424;0.001292288;0.001979392;0.00124928;0.000857088;0.001362944;0.001480704;0.001440768;0.001133568;0.000733184;0.0009472;0.0009564160000000001;0.000817152;0.000576512;0.000616448;0.000658432;0.0005621760000000001;0.000510976;0.0006789119999999999;0.00050176;0.0005632;0.000613376;0.000712704;0.000712704;0.000493568;0.000507904;0.0005601279999999999;0.000548864;0.00039731200000000003;0.000241664;0.000316416
1782754200,hdr,0.0293;0.03906;0.04883;0.05859;0.06836;0.07813;0.08789;0.09766;0.10742;0.11719;0.12695;0.13672;0.14648;0.15625;0.16602;0.17578;0.18555;0.19531;0.20508;0.21484;0.22461;0.23438;0.24414;0.25391;0.26367;0.27344;0.2832;0.29297;0.30273;0.3125;0.32227;0.33203;0.3418;0.35156;0.36133;0.37109;0.38086;0.39063;0.40039;0.41016;0.41992;0.42969;0.43945;0.44922;0.45898;0.46875;0.47852;0.48828;0.49805;0.50781;0.51758;0.52734;0.53711;0.54688;0.55664;0.56641;0.57617;0.58594;0.5957;0.60547;0.61523;0.625;0.63477;0.64453;0.6543;0.66406;0.67383;0.68359;0.69336;0.70313;0.71289;0.72266;0.73242;0.74219;0.75195;0.76172;0.77148;0.78125;0.79102,0.001763328;0.005962752;0.006329344;0.002720768;0.010786816000000001;0.014462975999999999;0.045217792;0.101062656;0.142258176;0.09538662399999999;0.048746496;0.060918784;0.050020352;0.032940032;0.037557248;0.037321728000000005;0.029435904000000002;0.022745088;0.014414848;0.014631936;0.010085376;0.009105408;0.010448896;0.008643584000000001;0.005784576;0.0049008640000000004;0.004332544000000001;0.0046991360000000005;0.008306688;0.009957376;0.008461312;0.0060928;0.0046540800000000005;0.002286592;0.0033617919999999997;0.003958784;0.00242688;0.002070528;0.00238592;0.0026245120000000003;0.0019251199999999998;0.0016988160000000001;0.001770496;0.001783808;0.001933312;0.002131968;0.0024084479999999997;0.002366464;0.0014581759999999998;0.0011489279999999998;0.0008192000000000001;0.0006932479999999999;0.000768;0.0006932479999999999;0.0006737919999999999;0.0007372800000000001;0.000703488;0.00050176;0.000733184;0.000658432;0.000843776;0.0007413760000000001;0.000753664;0.000555008;0.00042496;0.000594944;0.0005867520000000001;0.000700416;0.0005376000000000001;0.000555008;0.00040243200000000004;0.00047104000000000004;0.000380928;0.000434176;0.000454656;0.00062464;0.0005744639999999999;0.00034816000000000003;0.00046592000000000004
1782755100,hdr,0.0293;0.03906;0.04883;0.05859;0.06836;0.07813;0.08789;0.09766;0.10742;0.11719;0.12695;0.13672;0.14648;0.15625;0.16602;0.17578;0.18555;0.19531;0.20508;0.21484;0.22461;0.23438;0.24414;0.25391;0.26367;0.27344;0.2832;0.29297;0.30273;0.3125;0.32227;0.33203;0.3418;0.35156;0.36133;0.37109;0.38086;0.39063;0.40039;0.41016;0.41992;0.42969;0.43945;0.44922;0.45898;0.46875;0.47852;0.48828;0.49805;0.50781;0.51758;0.52734;0.53711;0.54688;0.55664;0.56641;0.57617;0.58594;0.5957;0.60547;0.61523;0.625;0.63477;0.64453;0.6543;0.66406;0.67383;0.68359;0.69336;0.70313;0.71289;0.72266;0.73242;0.74219;0.75195;0.76172;0.77148;0.78125;0.79102,0.000759808;0.0053504;0.007484416;0.0057999359999999995;0.006166527999999999;0.006763519999999999;0.036839423999999996;0.077247488;0.088189952;0.09262592;0.05092864;0.054089728000000004;0.05661593599999999;0.060754944000000005;0.08244940800000002;0.056231935999999996;0.03707904;0.023481344;0.01227776;0.008051712;0.007824384;0.008054783999999999;0.009039872000000001;0.008619008;0.006398976000000001;0.005281792;0.006497279999999999;0.004041728;0.002386944;0.00409088;0.004640767999999999;0.0033351680000000003;0.00306176;0.0037990400000000005;0.003454976;0.003013632;0.002112512;0.0015063040000000002;0.001408;0.002156544;0.001619968;0.001371136;0.0016711679999999998;0.001460224;0.001668096;0.0008867839999999999;0.0009431040000000001;0.0013199359999999999;0.001273856;0.00107008;0.001009664;0.000760832;0.00108544;0.0008386559999999999;0.000644096;0.000789504;0.0007096320000000001;0.001038336;0.000903168;0.000745472;0.0006604799999999999;0.000703488;0.00061952;0.000632832;0.00051712;0.0004884479999999999;0.0006676480000000001;0.000656384;0.0005580800000000001;0.000857088;0.000989184;0.000723968;0.000698368;0.000535552;0.000413696;0.0007413760000000001;0.000751616;0.000750592;0.0010762240000000002
1782756000,hdr,0.0293;0.03906;0.04883;0.05859;0.06836;0.07813;0.08789;0.09766;0.10742;0.11719;0.12695;0.13672;0.14648;0.15625;0.16602;0.17578;0.18555;0.19531;0.20508;0.21484;0.22461;0.23438;0.24414;0.25391;0.26367;0.27344;0.2832;0.29297;0.30273;0.3125;0.32227;0.33203;0.3418;0.35156;0.36133;0.37109;0.38086;0.39063;0.40039;0.41016;0.41992;0.42969;0.43945;0.44922;0.45898;0.46875;0.47852;0.48828;0.49805;0.50781;0.51758;0.52734;0.53711;0.54688;0.55664;0.56641;0.57617;0.58594;0.5957;0.60547;0.61523;0.625;0.63477;0.64453;0.6543;0.66406;0.67383;0.68359;0.69336;0.70313;0.71289;0.72266;0.73242;0.74219;0.75195;0.76172;0.77148;0.78125;0.79102,0.004703232;0.004488192;0.005407744;0.00168448;0.006669312;0.020924416;0.076331008;0.10478796800000001;0.098535424;0.09310617600000001;0.079330304;0.075285504;0.049222656000000004;0.03835392000000001;0.042615808000000005;0.043370496;0.055333888;0.031961088;0.016515072;0.008515584000000001;0.005405696;0.004652032;0.002817024;0.0036157439999999997;0.00460288;0.004996095999999999;0.003693568;0.00245248;0.004314112;0.0031232000000000005;0.004210688;0.003356672;0.003308544;0.00326144;0.0031027200000000002;0.001721344;0.0020981759999999998;0.001635328;0.000945152;0.000662528;0.001528832;0.00125952;0.0013219840000000002;0.001579008;0.0010014719999999998;0.00075264;0.0006737919999999999;0.00065536;0.0005621760000000001;0.000610304;0.00064512;0.0005703679999999999;0.000555008;0.00057856;0.0006850560000000001;0.0006021119999999999;0.000635904;0.000656384;0.000653312;0.0009318400000000001;0.000980992;0.00064512;0.0006737919999999999;0.0008304639999999999;0.000688128;0.001048576;0.0011786239999999999;0.0010178560000000001;0.0009297919999999999;0.001114112;0.001327104;0.001317888;0.00131072;0.001579008;0.0016138239999999998;0.0016711679999999998;0.0017336320000000001;0.00083968;0.001114112
1782756900,hdr,0.0293;0.03906;0.04883;0.05859;0.06836;0.07813;0.08789;0.09766;0.10742;0.11719;0.12695;0.13672;0.14648;0.15625;0.16602;0.17578;0.18555;0.19531;0.20508;0.21484;0.22461;0.23438;0.24414;0.25391;0.26367;0.27344;0.2832;0.29297;0.30273;0.3125;0.32227;0.33203;0.3418;0.35156;0.36133;0.37109;0.38086;0.39063;0.40039;0.41016;0.41992;0.42969;0.43945;0.44922;0.45898;0.46875;0.47852;0.48828;0.49805;0.50781;0.51758;0.52734;0.53711;0.54688;0.55664;0.56641;0.57617;0.58594;0.5957;0.60547;0.61523;0.625;0.63477;0.64453;0.6543;0.66406;0.67383;0.68359;0.69336;0.70313;0.71289;0.72266;0.73242;0.74219;0.75195;0.76172;0.77148;0.78125;0.79102,0.002500608;0.006454272;0.004376576;0.007319552;0.015378432000000001;0.027538432;0.085735424;0.113458176;0.078439424;0.055810048;0.068287488;0.055563263999999994;0.034878464;0.046647296;0.07220736;0.05170688;0.028785664;0.014580736;0.011791359999999999;0.007698432000000001;0.006775808;0.007335936;0.005605376;0.004078592000000001;0.00623104;0.005861376000000001;0.005122048000000001;0.004837376;0.004982784;0.0029378560000000004;0.0026705920000000003;0.00416256;0.0033720319999999996;0.0024330239999999998;0.0025937919999999997;0.002844672;0.002080768;0.002609152;0.002306048;0.001528832;0.001467392;0.0013342719999999998;0.0013905920000000002;0.000917504;0.0014704639999999999;0.0011468799999999999;0.0008192000000000001;0.0008202239999999999;0.0007086080000000001;0.000740352;0.000449536;0.000413696;0.00043724800000000005;0.00032768;0.000555008;0.0006041600000000001;0.00051712;0.0007372800000000001;0.000603136;0.001074176;0.0013199359999999999;0.000770048;0.000636928;0.001134592;0.0011048960000000002;0.000807936;0.000937984;0.000723968;0.000601088;0.001015808;0.0011909120000000001;0.001861632;0.0015769599999999999;0.000896;0.000894976;0.0008192000000000001;0.0009758719999999999;0.001134592;0.0009748480000000001
1782757800,hdr,0.0293;0.03906;0.04883;0.05859;0.06836;0.07813;0.08789;0.09766;0.10742;0.11719;0.12695;0.13672;0.14648;0.15625;0.16602;0.17578;0.18555;0.19531;0.20508;0.21484;0.22461;0.23438;0.24414;0.25391;0.26367;0.27344;0.2832;0.29297;0.30273;0.3125;0.32227;0.33203;0.3418;0.35156;0.36133;0.37109;0.38086;0.39063;0.40039;0.41016;0.41992;0.42969;0.43945;0.44922;0.45898;0.46875;0.47852;0.48828;0.49805;0.50781;0.51758;0.52734;0.53711;0.54688;0.55664;0.56641;0.57617;0.58594;0.5957;0.60547;0.61523;0.625;0.63477;0.64453;0.6543;0.66406;0.67383;0.68359;0.69336;0.70313;0.71289;0.72266;0.73242;0.74219;0.75195;0.76172;0.77148;0.78125;0.79102,0.0011970559999999997;0.010650624;0.01562624;0.005057536;0.002512896;0.005229568;0.051115008;0.105224192;0.071092224;0.07501824;0.080073728;0.09312256;0.0596224;0.037086207999999996;0.03428864;0.029636608000000002;0.028046335999999998;0.026533888000000002;0.014585856;0.008674304;0.005661696;0.0053043199999999995;0.0035860479999999997;0.0035123199999999998;0.004354048;0.003847168;0.005646336;0.004074496;0.003419136;0.004081664;0.004993024;0.0028989440000000005;0.001168384;0.00211456;0.003423232;0.002142208;0.0016435199999999999;0.0014561280000000001;0.001359872;0.001579008;0.0008744960000000001;0.001238016;0.001420288;0.0017725439999999998;0.0016291839999999999;0.00168448;0.00137728;0.0020951040000000004;0.001850368;0.0007075839999999999;0.000760832;0.0011970559999999997;0.000817152;0.001028096;0.0012288;0.0007423999999999999;0.000559104;0.000908288;0.0006502400000000001;0.0011427840000000002;0.001656832;0.00101376;0.001002496;0.0010014719999999998;0.001721344;0.00143872;0.0015534079999999998;0.0012953600000000002;0.0015697920000000002;0.0016691199999999998;0.001476608;0.001806336;0.001409024;0.0015534079999999998;0.001281024;0.0009543679999999999;0.000756736;0.001099776;0.001580032
1782758700,hdr,0.0293;0.03906;0.04883;0.05859;0.06836;0.07813;0.08789;0.09766;0.10742;0.11719;0.12695;0.13672;0.14648;0.15625;0.16602;0.17578;0.18555;0.19531;0.20508;0.21484;0.22461;0.23438;0.24414;0.25391;0.26367;0.27344;0.2832;0.29297;0.30273;0.3125;0.32227;0.33203;0.3418;0.35156;0.36133;0.37109;0.38086;0.39063;0.40039;0.41016;0.41992;0.42969;0.43945;0.44922;0.45898;0.46875;0.47852;0.48828;0.49805;0.50781;0.51758;0.52734;0.53711;0.54688;0.55664;0.56641;0.57617;0.58594;0.5957;0.60547;0.61523;0.625;0.63477;0.64453;0.6543;0.66406;0.67383;0.68359;0.69336;0.70313;0.71289;0.72266;0.73242;0.74219;0.75195;0.76172;0.77148;0.78125;0.79102,0.002325504;0.00472064;0.0033955839999999997;0.0027566080000000002;0.010164224;0.012581888;0.053655552;0.041166848;0.039689216;0.067294208;0.074498048;0.06900224;0.044577792;0.04084736;0.044230656;0.041306112;0.030400511999999998;0.015983616;0.016371712;0.015904768;0.009101312;0.006084608;0.00621568;0.003690496;0.005316608;0.005526528;0.003144704;0.003598336;0.002601984;0.002341888;0.003255296;0.003347456;0.004339712;0.0032020480000000003;0.002138112;0.001769472;0.00329728;0.0031488;0.001412096;0.0013424640000000002;0.001446912;0.0011468799999999999;0.001129472;0.00109056;0.001401856;0.0013864959999999999;0.000932864;0.000703488;0.0009482239999999999;0.000996352;0.0007096320000000001;0.000520192;0.001042432;0.001145856;0.0005703679999999999;0.001143808;0.001318912;0.0014458880000000002;0.001736704;0.0011468799999999999;0.000898048;0.002361344;0.00356352;0.003483648;0.001882112;0.001726464;0.002097152;0.0028753920000000005;0.001509376;0.0013824;0.0013199359999999999;0.001359872;0.00141312;0.00133632;0.001091584;0.000823296;0.0011284479999999998;0.001708032;0.001902592
1782759600,hdr,0.0293;0.03906;0.04883;0.05859;0.06836;0.07813;0.08789;0.09766;0.10742;0.11719;0.12695;0.13672;0.14648;0.15625;0.16602;0.17578;0.18555;0.19531;0.20508;0.21484;0.22461;0.23438;0.24414;0.25391;0.26367;0.27344;0.2832;0.29297;0.30273;0.3125;0.32227;0.33203;0.3418;0.35156;0.36133;0.37109;0.38086;0.39063;0.40039;0.41016;0.41992;0.42969;0.43945;0.44922;0.45898;0.46875;0.47852;0.48828;0.49805;0.50781;0.51758;0.52734;0.53711;0.54688;0.55664;0.56641;0.57617;0.58594;0.5957;0.60547;0.61523;0.625;0.63477;0.64453;0.6543;0.66406;0.67383;0.68359;0.69336;0.70313;0.71289;0.72266;0.73242;0.74219;0.75195;0.76172;0.77148;0.78125;0.79102,0.0005580800000000001;0.002951168;0.00832;0.007098368;0.00513536;0.009279488;0.04015616;0.068416512;0.0672;0.065252352;0.047821824;0.05635788800000001;0.073416704;0.053707776000000006;0.030614528;0.031554559999999995;0.032488447999999996;0.030188544;0.018762752;0.009585663999999999;0.006202368;0.0049233919999999995;0.004887552000000001;0.004023296;0.004560896;0.003724288;0.0033351680000000003;0.0027402240000000003;0.003622912;0.0029378560000000004;0.003735552;0.002956288;0.00169984;0.0019455999999999998;0.002440192;0.0016097280000000002;0.001610752;0.0015872;0.001048576;0.000772096;0.0009984;0.00118784;0.001138688;0.001329152;0.002000896;0.002564096;0.00269312;0.00180224;0.0012052480000000001;0.0013557760000000002;0.001106944;0.001050624;0.0011048960000000002;0.0012052480000000001;0.0013404159999999999;0.001990656;0.0023050239999999997;0.002614272;0.0022323200000000003;0.002477056;0.002562048;0.003446784;0.003201024;0.0025200640000000002;0.0024299520000000004;0.003231744;0.0028600319999999998;0.002468864;0.0022906879999999995;0.001742848;0.0020633599999999998;0.001847296;0.0015872;0.0017848319999999999;0.001503232;0.001155072;0.0008366080000000001;0.0011120639999999998;0.001399808
1782760500,hdr,0.0293;0.03906;0.04883;0.05859;0.06836;0.07813;0.08789;0.09766;0.10742;0.11719;0.12695;0.13672;0.14648;0.15625;0.16602;0.17578;0.18555;0.19531;0.20508;0.21484;0.22461;0.23438;0.24414;0.25391;0.26367;0.27344;0.2832;0.29297;0.30273;0.3125;0.32227;0.33203;0.3418;0.35156;0.36133;0.37109;0.38086;0.39063;0.40039;0.41016;0.41992;0.42969;0.43945;0.44922;0.45898;0.46875;0.47852;0.48828;0.49805;0.50781;0.51758;0.52734;0.53711;0.54688;0.55664;0.56641;0.57617;0.58594;0.5957;0.60547;0.61523;0.625;0.63477;0.64453;0.6543;0.66406;0.67383;0.68359;0.69336;0.70313;0.71289;0.72266;0.73242;0.74219;0.75195;0.76172;0.77148;0.78125;0.79102,0.000726016;0.0014592000000000001;0.002029568;0.003434496;0.005612544;0.007794688;0.025113600000000003;0.061430784;0.103230464;0.06731263999999999;0.043317248;0.057114623999999996;0.053376;0.036811776000000004;0.041945088;0.053173248;0.042750976;0.024884224;0.019333120000000002;0.01065472;0.007376896000000001;0.008648704;0.005115903999999999;0.004048896000000001;0.0032348159999999997;0.0033679359999999998;0.004559872;0.003693568;0.003099648;0.004553728;0.003032064;0.0026624;0.00310784;0.00222208;0.001861632;0.001161216;0.0013639680000000001;0.001707008;0.001156096;0.000908288;0.00119808;0.001222656;0.0010250239999999998;0.0008447999999999999;0.000723968;0.000740352;0.0010608640000000001;0.0012605440000000002;0.0011161600000000002;0.001309696;0.0015769599999999999;0.001666048;0.00193536;0.002020352;0.003161088;0.0031979519999999996;0.002847744;0.003468288;0.00379392;0.003456;0.004260864;0.00377344;0.004016128;0.003805184;0.0028876799999999997;0.002029568;0.002143232;0.002436096;0.00200704;0.0016384000000000001;0.001401856;0.001651712;0.0012052480000000001;0.001261568;0.001317888;0.0007229440000000001;0.001098752;0.0013004800000000001;0.001476608
1782761400,hdr,0.0293;0.03906;0.04883;0.05859;0.06836;0.07813;0.08789;0.09766;0.10742;0.11719;0.12695;0.13672;0.14648;0.15625;0.16602;0.17578;0.18555;0.19531;0.20508;0.21484;0.22461;0.23438;0.24414;0.25391;0.26367;0.27344;0.2832;0.29297;0.30273;0.3125;0.32227;0.33203;0.3418;0.35156;0.36133;0.37109;0.38086;0.39063;0.40039;0.41016;0.41992;0.42969;0.43945;0.44922;0.45898;0.46875;0.47852;0.48828;0.49805;0.50781;0.51758;0.52734;0.53711;0.54688;0.55664;0.56641;0.57617;0.58594;0.5957;0.60547;0.61523;0.625;0.63477;0.64453;0.6543;0.66406;0.67383;0.68359;0.69336;0.70313;0.71289;0.72266;0.73242;0.74219;0.75195;0.76172;0.77148;0.78125;0.79102,0.002594816;0.0037058559999999996;0.005773312;0.008520704;0.004173824;0.014612479999999999;0.049135616;0.081775616;0.047273984;0.10100736;0.083206144;0.052474879999999995;0.05265100799999999;0.050837504;0.040123392;0.038571008000000004;0.027502592;0.018262016;0.016687104000000005;0.013278207999999998;0.011954175999999999;0.0069632;0.005918720000000001;0.003917824;0.003130368;0.0025917439999999996;0.002663424;0.001936384;0.0025118719999999996;0.002915328;0.002729984;0.0018237440000000002;0.002378752;0.002072576;0.001906688;0.002149376;0.001348608;0.001186816;0.0010936319999999998;0.000726016;0.0010752000000000001;0.001289216;0.00099328;0.001156096;0.001133568;0.001523712;0.001789952;0.0009359360000000001;0.00085504;0.0017643519999999998;0.0030464;0.00370688;0.0030986240000000003;0.002904064;0.004943871999999999;0.004365312;0.0057149440000000004;0.005608448;0.0055132160000000005;0.0036270079999999997;0.0026808319999999997;0.00305152;0.002200576;0.0031733760000000003;0.003110912;0.00234496;0.002553856;0.001403904;0.0018810880000000002;0.002234368;0.001922048;0.0012052480000000001;0.001563648;0.00113152;0.000775168;0.000816128;0.001002496;0.0010465279999999997;0.000720896
1782762300,hdr,0.0293;0.03906;0.04883;0.05859;0.06836;0.07813;0.08789;0.09766;0.10742;0.11719;0.12695;0.13672;0.14648;0.15625;0.16602;0.17578;0.18555;0.19531;0.20508;0.21484;0.22461;0.23438;0.24414;0.25391;0.26367;0.27344;0.2832;0.29297;0.30273;0.3125;0.32227;0.33203;0.3418;0.35156;0.36133;0.37109;0.38086;0.39063;0.40039;0.41016;0.41992;0.42969;0.43945;0.44922;0.45898;0.46875;0.47852;0.48828;0.49805;0.50781;0.51758;0.52734;0.53711;0.54688;0.55664;0.56641;0.57617;0.58594;0.5957;0.60547;0.61523;0.625;0.63477;0.64453;0.6543;0.66406;0.67383;0.68359;0.69336;0.70313;0.71289;0.72266;0.73242;0.74219;0.75195;0.76172;0.77148;0.78125;0.79102,0.0034242560000000005;0.008335359999999998;0.00849408;0.003530752;0.009839616;0.011249664;0.050649087999999995;0.07004057600000001;0.06996992;0.08510873599999999;0.064024576;0.097547264;0.08666726400000001;0.044420096;0.025028608;0.036068352;0.029160448000000002;0.019365888;0.013594624;0.009711616;0.007286783999999999;0.00876032;0.005909504;0.0042752;0.003398656;0.002424832;0.0022374400000000003;0.00371712;0.003774464;0.002665472;0.0020910079999999997;0.0018421759999999998;0.001395712;0.0009543679999999999;0.002267136;0.0020797439999999997;0.001329152;0.0013557760000000002;0.002610176;0.0026644480000000003;0.002000896;0.001911808;0.00242688;0.00239104;0.0012666880000000002;0.001907712;0.0034242560000000005;0.0061184;0.009686016;0.008354816;0.007212032;0.009522176;0.008516608;0.008131583999999999;0.006707200000000001;0.006808576;0.004555776;0.003785728;0.0033464320000000003;0.002125824;0.0046295039999999996;0.004383743999999999;0.0016302080000000002;0.002445312;0.002861056;0.0022558720000000003;0.0017674240000000003;0.001770496;0.0012666880000000002;0.0011786239999999999;0.00088576;0.0008325120000000001;0.001247232;0.001619968;0.00118784;0.000736256;0.0014213119999999999;0.0012687360000000001;0.000750592
1782763200,hdr,0.0293;0.03906;0.04883;0.05859;0.06836;0.07813;0.08789;0.09766;0.10742;0.11719;0.12695;0.13672;0.14648;0.15625;0.16602;0.17578;0.18555;0.19531;0.20508;0.21484;0.22461;0.23438;0.24414;0.25391;0.26367;0.27344;0.2832;0.29297;0.30273;0.3125;0.32227;0.33203;0.3418;0.35156;0.36133;0.37109;0.38086;0.39063;0.40039;0.41016;0.41992;0.42969;0.43945;0.44922;0.45898;0.46875;0.47852;0.48828;0.49805;0.50781;0.51758;0.52734;0.53711;0.54688;0.55664;0.56641;0.57617;0.58594;0.5957;0.60547;0.61523;0.625;0.63477;0.64453;0.6543;0.66406;0.67383;0.68359;0.69336;0.70313;0.71289;0.72266;0.73242;0.74219;0.75195;0.76172;0.77148;0.78125;0.79102,0.005128192;0.0041492479999999995;0.006263808;0.006238208;0.008296448;0.010338304;0.029449216;0.0828416;0.12754944000000001;0.091651072;0.064226304;0.046043136;0.03863552;0.040247296;0.033317888000000004;0.027871232;0.014468096;0.013480959999999998;0.014594048;0.013332479999999999;0.009401343999999999;0.010257407999999999;0.00815104;0.004349952;0.0016650240000000002;0.0029378560000000004;0.002676736;0.0024166400000000003;0.001789952;0.00289792;0.003504128;0.002550784;0.002158592;0.0018042879999999998;0.0016424959999999998;0.002823168;0.00291328;0.0025139200000000002;0.001932288;0.0016988160000000001;0.002167808;0.00460288;0.004153344;0.004315136;0.005619712;0.0070092800000000005;0.009143296;0.01199616;0.011805696;0.009878528;0.008899584;0.005326848;0.005528576;0.00530944;0.0059340799999999996;0.006524928;0.003876864;0.0027863040000000003;0.003493888;0.0036167680000000002;0.0025077759999999998;0.001687552;0.001604608;0.0025344;0.0035348480000000006;0.0026951679999999995;0.0023767040000000003;0.00159232;0.001283072;0.001588224;0.001534976;0.0015656959999999999;0.00146944;0.001152;0.001113088;0.001206272;0.000852992;0.001242112;0.0010598399999999998
1782764100,hdr,0.0293;0.03906;0.04883;0.05859;0.06836;0.07813;0.08789;0.09766;0.10742;0.11719;0.12695;0.13672;0.14648;0.15625;0.16602;0.17578;0.18555;0.19531;0.20508;0.21484;0.22461;0.23438;0.24414;0.25391;0.26367;0.27344;0.2832;0.29297;0.30273;0.3125;0.32227;0.33203;0.3418;0.35156;0.36133;0.37109;0.38086;0.39063;0.40039;0.41016;0.41992;0.42969;0.43945;0.44922;0.45898;0.46875;0.47852;0.48828;0.49805;0.50781;0.51758;0.52734;0.53711;0.54688;0.55664;0.56641;0.57617;0.58594;0.5957;0.60547;0.61523;0.625;0.63477;0.64453;0.6543;0.66406;0.67383;0.68359;0.69336;0.70313;0.71289;0.72266;0.73242;0.74219;0.75195;0.76172;0.77148;0.78125;0.79102,0.0036270079999999997;0.006771711999999999;0.002551808;0.001846272;0.010937344;0.016362496;0.0368896;0.084552704;0.119017472;0.131098624;0.093182976;0.038011904;0.038585344;0.034768896;0.026602496;0.020211712;0.016821248;0.01816576;0.015323136000000001;0.012051456;0.005688319999999999;0.0062853119999999995;0.00444928;0.003677184;0.00384;0.003180544;0.002896896;0.003748864;0.003562496;0.004174848;0.003411968;0.0035481600000000003;0.002948096;0.0033331199999999997;0.00367616;0.002811904;0.001926144;0.003429376;0.004992;0.00444416;0.005203968;0.005543936;0.008216576;0.011499520000000001;0.009769983999999999;0.006497279999999999;0.009267200000000001;0.010304512;0.011804672;0.010988544;0.00743424;0.004839424;0.0039700479999999995;0.006380544000000001;0.005515264;0.0033925120000000003;0.002465792;0.003001344;0.002372608;0.002185216;0.001714176;0.00123392;0.00194048;0.00165888;0.0017408;0.001575936;0.002717696;0.0023920639999999997;0.001102848;0.001353728;0.0012451839999999999;0.000861184;0.001284096;0.0017766400000000001;0.0017018880000000001;0.0009523200000000001;0.0009727999999999999;0.001139712;0.0015431680000000001
1782765000,hdr,0.0293;0.03906;0.04883;0.05859;0.06836;0.07813;0.08789;0.09766;0.10742;0.11719;0.12695;0.13672;0.14648;0.15625;0.16602;0.17578;0.18555;0.19531;0.20508;0.21484;0.22461;0.23438;0.24414;0.25391;0.26367;0.27344;0.2832;0.29297;0.30273;0.3125;0.32227;0.33203;0.3418;0.35156;0.36133;0.37109;0.38086;0.39063;0.40039;0.41016;0.41992;0.42969;0.43945;0.44922;0.45898;0.46875;0.47852;0.48828;0.49805;0.50781;0.51758;0.52734;0.53711;0.54688;0.55664;0.56641;0.57617;0.58594;0.5957;0.60547;0.61523;0.625;0.63477;0.64453;0.6543;0.66406;0.67383;0.68359;0.69336;0.70313;0.71289;0.72266;0.73242;0.74219;0.75195;0.76172;0.77148;0.78125;0.79102,0.002354176;0.007344128000000001;0.0031887359999999997;0.0012288;0.0023429120000000004;0.006463488;0.049785855999999996;0.098878464;0.150939648;0.18293248;0.09046630399999998;0.041237504;0.049473536;0.042221568;0.028960768;0.036406272;0.03003904;0.022467584;0.020243456;0.018251775999999997;0.016142336;0.00776704;0.006342656;0.006044672;0.00582144;0.005009407999999999;0.0029061119999999998;0.003070976;0.002960384;0.004672512;0.003744768;0.00361472;0.00363008;0.003926016;0.0033423359999999996;0.0024576;0.002879488;0.003095552;0.004487168;0.005448704;0.004644864;0.008048640000000001;0.007939072;0.006586368;0.010793984;0.016746496;0.009389056;0.007630848;0.0040345599999999995;0.005475328000000001;0.005768192;0.00459776;0.00401408;0.003167232;0.004135936;0.003526656;0.003038208;0.0023838720000000004;0.002382848;0.001938432;0.0024637440000000004;0.0018257920000000001;0.001907712;0.002328576;0.00202752;0.001847296;0.002031616;0.001714176;0.001634304;0.0014028799999999998;0.002594816;0.00157184;0.000843776;0.001050624;0.001373184;0.002362368;0.002277376;0.0011735040000000001;0.00064512
1782765900,hdr,0.0293;0.03906;0.04883;0.05859;0.06836;0.07813;0.08789;0.09766;0.10742;0.11719;0.12695;0.13672;0.14648;0.15625;0.16602;0.17578;0.18555;0.19531;0.20508;0.21484;0.22461;0.23438;0.24414;0.25391;0.26367;0.27344;0.2832;0.29297;0.30273;0.3125;0.32227;0.33203;0.3418;0.35156;0.36133;0.37109;0.38086;0.39063;0.40039;0.41016;0.41992;0.42969;0.43945;0.44922;0.45898;0.46875;0.47852;0.48828;0.49805;0.50781;0.51758;0.52734;0.53711;0.54688;0.55664;0.56641;0.57617;0.58594;0.5957;0.60547;0.61523;0.625;0.63477;0.64453;0.6543;0.66406;0.67383;0.68359;0.69336;0.70313;0.71289;0.72266;0.73242;0.74219;0.75195;0.76172;0.77148;0.78125;0.79102,0.001833984;0.007630848;0.006176768;0.00247296;0.0045076479999999995;0.017801216;0.05318963200000001;0.095430656;0.11004211200000001;0.18264064;0.156096512;0.06779596800000001;0.07081984;0.055589888;0.022782976000000003;0.030526464;0.039849984;0.035388416;0.022045696;0.009090047999999998;0.009046016;0.008865792;0.008649727999999999;0.012394496000000001;0.010735616;0.009749504;0.009970688;0.006874112;0.007102464;0.005315584000000001;0.004563968;0.005061632000000001;0.0041113600000000005;0.005522432;0.004498432;0.003119104;0.003922944;0.004658176;0.004717568;0.006174719999999999;0.0061808639999999995;0.007432192;0.009467904000000001;0.011440127999999999;0.009122816;0.011258879999999999;0.01309184;0.015135744000000001;0.012008448;0.00996352;0.005768192;0.003918848;0.004476928;0.005320704;0.006304768;0.004251648;0.0036884480000000004;0.004232192;0.0030371839999999996;0.0028344320000000004;0.0030627840000000003;0.004089856;0.004054016;0.0021411840000000004;0.0018176000000000002;0.0016087039999999999;0.001257472;0.001876992;0.0018155520000000002;0.001483776;0.0013690880000000003;0.001683456;0.001138688;0.0011909120000000001;0.0017182719999999999;0.002123776;0.00225792;0.001498112;0.001364992
1782767700,hdr,0.0293;0.03906;0.04883;0.05859;0.06836;0.07813;0.08789;0.09766;0.10742;0.11719;0.12695;0.13672;0.14648;0.15625;0.16602;0.17578;0.18555;0.19531;0.20508;0.21484;0.22461;0.23438;0.24414;0.25391;0.26367;0.27344;0.2832;0.29297;0.30273;0.3125;0.32227;0.33203;0.3418;0.35156;0.36133;0.37109;0.38086;0.39063;0.40039;0.41016;0.41992;0.42969;0.43945;0.44922;0.45898;0.46875;0.47852;0.48828;0.49805;0.50781;0.51758;0.52734;0.53711;0.54688;0.55664;0.56641;0.57617;0.58594;0.5957;0.60547;0.61523;0.625;0.63477;0.64453;0.6543;0.66406;0.67383;0.68359;0.69336;0.70313;0.71289;0.72266;0.73242;0.74219;0.75195;0.76172;0.77148;0.78125;0.79102,0.004105216;0.006239232;0.007559168;0.0047144959999999994;0.005138432;0.01550336;0.046357504;0.059348992;0.088055808;0.103784448;0.119783424;0.06976409599999998;0.062606336;0.059680768;0.030542847999999997;0.019976192000000004;0.013722624;0.015874048;0.014447616;0.012398592;0.007176192;0.0070246399999999995;0.006347775999999999;0.005186560000000001;0.0036085759999999996;0.004325376000000001;0.002915328;0.002275328;0.004624384;0.005087232;0.0038860800000000005;0.003068928;0.0033791999999999997;0.00453632;0.005869568;0.004487168;0.005961728;0.005898240000000001;0.008539136;0.009630719999999999;0.009150464;0.014849023999999999;0.018826239999999998;0.014401536;0.005829632;0.0037386240000000003;0.0055080960000000005;0.004890624;0.006530048;0.006539264;0.00329728;0.003111936;0.0036239360000000003;0.003084288;0.0023265280000000004;0.0023388159999999996;0.003805184;0.004443136;0.0037304319999999997;0.0032808959999999997;0.002169856;0.0024954879999999997;0.002546688;0.002551808;0.0021626880000000003;0.002115584;0.0017663999999999998;0.002034688;0.0022241279999999997;0.0018257920000000001;0.002699264;0.002302976;0.001731584;0.0017152;0.00151552;0.00211456;0.001323008;0.001096704;0.0009420800000000001
1782768600,hdr,0.0293;0.03906;0.04883;0.05859;0.06836;0.07813;0.08789;0.09766;0.10742;0.11719;0.12695;0.13672;0.14648;0.15625;0.16602;0.17578;0.18555;0.19531;0.20508;0.21484;0.22461;0.23438;0.24414;0.25391;0.26367;0.27344;0.2832;0.29297;0.30273;0.3125;0.32227;0.33203;0.3418;0.35156;0.36133;0.37109;0.38086;0.39063;0.40039;0.41016;0.41992;0.42969;0.43945;0.44922;0.45898;0.46875;0.47852;0.48828;0.49805;0.50781;0.51758;0.52734;0.53711;0.54688;0.55664;0.56641;0.57617;0.58594;0.5957;0.60547;0.61523;0.625;0.63477;0.64453;0.6543;0.66406;0.67383;0.68359;0.69336;0.70313;0.71289;0.72266;0.73242;0.74219;0.75195;0.76172;0.77148;0.78125;0.79102,0.004073472;0.007991296;0.006544384;0.005107712;0.004668415999999999;0.018800640000000004;0.070938624;0.09823744000000001;0.12491980800000001;0.14441676799999997;0.144943104;0.065323008;0.047465472;0.050792448;0.036633599999999995;0.032197632;0.028571648;0.029052928;0.0219136;0.015248384;0.010351616;0.005153792000000001;0.004133888;0.003362816;0.0024340480000000003;0.003265536;0.003332096;0.0032348159999999997;0.004227072;0.002453504;0.001814528;0.002907136;0.0036812800000000003;0.0039772159999999996;0.0044922880000000005;0.004616192;0.004073472;0.004327424;0.007305216;0.006216704;0.008598528000000001;0.008449024;0.012365824000000001;0.013223936;0.008083456;0.006511616;0.006191104;0.006889472;0.008436735999999999;0.007497728;0.005682176000000001;0.004108288;0.0031477759999999997;0.002372608;0.0023807999999999998;0.004230144;0.004880384;0.002967552;0.002888704;0.001850368;0.001560576;0.001317888;0.0015738879999999998;0.002157568;0.002138112;0.002673664;0.00334848;0.0023592960000000003;0.002080768;0.001964032;0.002386944;0.002184192;0.002571264;0.0015738879999999998;0.0015411200000000002;0.0018196479999999999;0.001000448;0.001153024;0.001251328
1782769500,hdr,0.0293;0.03906;0.04883;0.05859;0.06836;0.07813;0.08789;0.09766;0.10742;0.11719;0.12695;0.13672;0.14648;0.15625;0.16602;0.17578;0.18555;0.19531;0.20508;0.21484;0.22461;0.23438;0.24414;0.25391;0.26367;0.27344;0.2832;0.29297;0.30273;0.3125;0.32227;0.33203;0.3418;0.35156;0.36133;0.37109;0.38086;0.39063;0.40039;0.41016;0.41992;0.42969;0.43945;0.44922;0.45898;0.46875;0.47852;0.48828;0.49805;0.50781;0.51758;0.52734;0.53711;0.54688;0.55664;0.56641;0.57617;0.58594;0.5957;0.60547;0.61523;0.625;0.63477;0.64453;0.6543;0.66406;0.67383;0.68359;0.69336;0.70313;0.71289;0.72266;0.73242;0.74219;0.75195;0.76172;0.77148;0.78125;0.79102,0.004082688;0.010024960000000001;0.013979647999999999;0.011915264000000002;0.009957376;0.023729152;0.066712576;0.08873472;0.04708761599999999;0.063203328;0.104292352;0.076571648;0.057276416;0.037792768000000004;0.024083456000000003;0.019856383999999998;0.01055232;0.009825279999999999;0.015519743999999999;0.016761856000000002;0.014442496;0.008326144;0.007924736;0.007660544;0.0047841279999999995;0.002944;0.003277824;0.0026490879999999995;0.002418688;0.0035706880000000002;0.00564224;0.00523264;0.00261632;0.0023439359999999996;0.003134464;0.002674688;0.0030914560000000002;0.003629056;0.005383168000000001;0.00678912;0.007732224;0.007590912;0.009996288;0.008029184000000002;0.011209728;0.010114048;0.010207232;0.00992768;0.005169152;0.004339712;0.004787200000000001;0.004301823999999999;0.003398656;0.004205568;0.003851264;0.00251904;0.002499584;0.00305152;0.001864704;0.0024791039999999998;0.0024872960000000004;0.002213888;0.00149504;0.001422336;0.00175104;0.001736704;0.0022067199999999997;0.001885184;0.001968128;0.0012789759999999998;0.001416192;0.0029859840000000006;0.0033812479999999995;0.002366464;0.0014878720000000001;0.001227776;0.0010752000000000001;0.001232896;0.0014940160000000001
1782770400,hdr,0.0293;0.03906;0.04883;0.05859;0.06836;0.07813;0.08789;0.09766;0.10742;0.11719;0.12695;0.13672;0.14648;0.15625;0.16602;0.17578;0.18555;0.19531;0.20508;0.21484;0.22461;0.23438;0.24414;0.25391;0.26367;0.27344;0.2832;0.29297;0.30273;0.3125;0.32227;0.33203;0.3418;0.35156;0.36133;0.37109;0.38086;0.39063;0.40039;0.41016;0.41992;0.42969;0.43945;0.44922;0.45898;0.46875;0.47852;0.48828;0.49805;0.50781;0.51758;0.52734;0.53711;0.54688;0.55664;0.56641;0.57617;0.58594;0.5957;0.60547;0.61523;0.625;0.63477;0.64453;0.6543;0.66406;0.67383;0.68359;0.69336;0.70313;0.71289;0.72266;0.73242;0.74219;0.75195;0.76172;0.77148;0.78125;0.79102,0.008399872;0.023372800000000003;0.019570688000000003;0.01412608;0.011531264000000001;0.021595135999999997;0.070226944;0.082566144;0.09555456;0.10826547200000002;0.149835776;0.12926975999999998;0.062216192000000003;0.040377343999999996;0.034825216;0.021526528;0.014604288;0.01058816;0.009654272;0.012874752;0.012965887999999998;0.011322368000000001;0.008274944;0.00653312;0.004062208;0.003453952;0.0028876799999999997;0.0033218559999999998;0.003695616;0.003369984;0.00370688;0.0030361600000000004;0.002234368;0.002199552;0.001742848;0.002061312;0.002092032;0.002771968;0.004016128;0.003340288;0.004864;0.006325248;0.005840896;0.009385984;0.00733184;0.008079359999999999;0.008391679999999999;0.007081984;0.005185536;0.003782656;0.005543936;0.005016576;0.004050944000000001;0.002886656;0.002638848;0.003533824;0.00263168;0.001907712;0.0020736;0.002118656;0.0018882559999999998;0.00165888;0.0018687999999999999;0.002699264;0.0017643519999999998;0.002625536;0.00297472;0.002212864;0.002368512;0.0027156479999999998;0.0020490240000000004;0.00153088;0.001905664;0.001657856;0.001391616;0.002033664;0.002419712;0.002167808;0.001247232
1782771300,hdr,0.0293;0.03906;0.04883;0.05859;0.06836;0.07813;0.08789;0.09766;0.10742;0.11719;0.12695;0.13672;0.14648;0.15625;0.16602;0.17578;0.18555;0.19531;0.20508;0.21484;0.22461;0.23438;0.24414;0.25391;0.26367;0.27344;0.2832;0.29297;0.30273;0.3125;0.32227;0.33203;0.3418;0.35156;0.36133;0.37109;0.38086;0.39063;0.40039;0.41016;0.41992;0.42969;0.43945;0.44922;0.45898;0.46875;0.47852;0.48828;0.49805;0.50781;0.51758;0.52734;0.53711;0.54688;0.55664;0.56641;0.57617;0.58594;0.5957;0.60547;0.61523;0.625;0.63477;0.64453;0.6543;0.66406;0.67383;0.68359;0.69336;0.70313;0.71289;0.72266;0.73242;0.74219;0.75195;0.76172;0.77148;0.78125;0.79102,0.014917632;0.014717952000000001;0.004975616;0.0108288;0.014737407999999999;0.024011776000000002;0.04701184;0.045959167999999995;0.064428032;0.069016576;0.12931584000000002;0.13345792;0.072271872;0.034967552;0.02153472;0.014992384;0.01566208;0.015741952;0.009383935999999999;0.013790208;0.011668480000000002;0.007873536;0.005273600000000001;0.004815872;0.004688896;0.002813952;0.0024545279999999997;0.002505728;0.003183616;0.0030904319999999997;0.0037191679999999997;0.0021985280000000004;0.002658304;0.002387968;0.0038819839999999998;0.004276224;0.002243584;0.002306048;0.002171904;0.0041472;0.005711872;0.00561664;0.007552;0.006193152;0.006074367999999999;0.009136127999999999;0.007812096;0.009452544;0.008445952;0.005028863999999999;0.0029839359999999995;0.001910784;0.002922496;0.00264704;0.0036474880000000004;0.0044902399999999995;0.0033167360000000002;0.001763328;0.001934336;0.002318336;0.001995776;0.001069056;0.0020101119999999997;0.001267712;0.0012625919999999999;0.0021504000000000002;0.002019328;0.00137728;0.001089536;0.001414144;0.002229248;0.001958912;0.0014745600000000002;0.00131584;0.001212416;0.001364992;0.0014735360000000001;0.0012462080000000002;0.000953344
1782772200,hdr,0.0293;0.03906;0.04883;0.05859;0.06836;0.07813;0.08789;0.09766;0.10742;0.11719;0.12695;0.13672;0.14648;0.15625;0.16602;0.17578;0.18555;0.19531;0.20508;0.21484;0.22461;0.23438;0.24414;0.25391;0.26367;0.27344;0.2832;0.29297;0.30273;0.3125;0.32227;0.33203;0.3418;0.35156;0.36133;0.37109;0.38086;0.39063;0.40039;0.41016;0.41992;0.42969;0.43945;0.44922;0.45898;0.46875;0.47852;0.48828;0.49805;0.50781;0.51758;0.52734;0.53711;0.54688;0.55664;0.56641;0.57617;0.58594;0.5957;0.60547;0.61523;0.625;0.63477;0.64453;0.6543;0.66406;0.67383;0.68359;0.69336;0.70313;0.71289;0.72266;0.73242;0.74219;0.75195;0.76172;0.77148;0.78125;0.79102,0.011662335999999999;0.019159040000000002;0.014471168;0.01169408;0.020583424;0.046234623999999995;0.112420864;0.13426892799999998;0.10979020800000001;0.13170892799999998;0.10386739199999999;0.078043136;0.04948684800000001;0.016074752;0.033248256000000004;0.024676352000000002;0.022393856;0.017212416;0.009221120000000001;0.005909504;0.005070848;0.00534528;0.00533504;0.0036864000000000003;0.004302848;0.005115903999999999;0.002054144;0.0012666880000000002;0.0019947520000000002;0.0030126080000000004;0.003265536;0.004038656;0.004152319999999999;0.002976768;0.002279424;0.0020357120000000003;0.0022568959999999996;0.003039232;0.00301568;0.0024791039999999998;0.00231424;0.002763776;0.0044206079999999995;0.004556800000000001;0.005371903999999999;0.004563968;0.005619712;0.007422976;0.005742592;0.005336064000000001;0.005624832;0.004222976;0.003273728;0.00351744;0.0022640639999999997;0.002550784;0.001676288;0.002455552;0.002502656;0.0017039359999999999;0.0019394560000000002;0.001954816;0.0021985280000000004;0.003009536;0.003026944;0.003111936;0.002156544;0.001910784;0.002650112;0.0023408640000000002;0.001816576;0.0018698239999999997;0.0014192640000000002;0.001156096;0.001257472;0.0015769599999999999;0.001138688;0.0011796480000000002;0.0009256959999999999
1782773100,hdr,0.0293;0.03906;0.04883;0.05859;0.06836;0.07813;0.08789;0.09766;0.10742;0.11719;0.12695;0.13672;0.14648;0.15625;0.16602;0.17578;0.18555;0.19531;0.20508;0.21484;0.22461;0.23438;0.24414;0.25391;0.26367;0.27344;0.2832;0.29297;0.30273;0.3125;0.32227;0.33203;0.3418;0.35156;0.36133;0.37109;0.38086;0.39063;0.40039;0.41016;0.41992;0.42969;0.43945;0.44922;0.45898;0.46875;0.47852;0.48828;0.49805;0.50781;0.51758;0.52734;0.53711;0.54688;0.55664;0.56641;0.57617;0.58594;0.5957;0.60547;0.61523;0.625;0.63477;0.64453;0.6543;0.66406;0.67383;0.68359;0.69336;0.70313;0.71289;0.72266;0.73242;0.74219;0.75195;0.76172;0.77148;0.78125;0.79102,0.011357184;0.013539328;0.009534464;0.004409344;0.006808576;0.024305664;0.061872128;0.07576576;0.070460416;0.08229068800000001;0.098854912;0.078707712;0.054293504;0.043824128000000004;0.021072896;0.017549312;0.013361152;0.014552064;0.015322112;0.010255359999999998;0.011378688;0.008866816000000001;0.0057794560000000005;0.005284863999999999;0.004463616;0.003854336;0.0026234879999999998;0.002139136;0.0026695679999999998;0.0030750720000000003;0.003221504;0.00233984;0.003008512;0.0029880320000000003;0.001954816;0.00205312;0.002505728;0.001600512;0.0014151679999999999;0.00141824;0.002857984;0.00335872;0.003136512;0.003941376;0.0038062079999999997;0.0045772799999999995;0.006694912;0.007784448;0.007282688;0.0057047040000000005;0.0050524160000000005;0.005527552;0.005178367999999999;0.005126144;0.003277824;0.0034826239999999997;0.003955712;0.003591168;0.0027115520000000003;0.0030361600000000004;0.0037928959999999996;0.003352576;0.002231296;0.003666944;0.002243584;0.00175104;0.002115584;0.0018360320000000002;0.0012544;0.001777664;0.002067456;0.001752064;0.002015232;0.0016168960000000003;0.000996352;0.0010455039999999998;0.001118208;0.001130496;0.0013148160000000001
1782774000,hdr,0.0293;0.03906;0.04883;0.05859;0.06836;0.07813;0.08789;0.09766;0.10742;0.11719;0.12695;0.13672;0.14648;0.15625;0.16602;0.17578;0.18555;0.19531;0.20508;0.21484;0.22461;0.23438;0.24414;0.25391;0.26367;0.27344;0.2832;0.29297;0.30273;0.3125;0.32227;0.33203;0.3418;0.35156;0.36133;0.37109;0.38086;0.39063;0.40039;0.41016;0.41992;0.42969;0.43945;0.44922;0.45898;0.46875;0.47852;0.48828;0.49805;0.50781;0.51758;0.52734;0.53711;0.54688;0.55664;0.56641;0.57617;0.58594;0.5957;0.60547;0.61523;0.625;0.63477;0.64453;0.6543;0.66406;0.67383;0.68359;0.69336;0.70313;0.71289;0.72266;0.73242;0.74219;0.75195;0.76172;0.77148;0.78125;0.79102,0.003972096;0.011925504;0.014034943999999999;0.013372416;0.014734336;0.044377088;0.09362432;0.111072256;0.094078976;0.074462208;0.052438016;0.083830784;0.100251648;0.053576703999999996;0.027342848000000003;0.029488128000000002;0.02991104;0.032376832;0.012911616;0.008884224;0.010427392;0.007097344;0.007097344;0.004822015999999999;0.00377344;0.002183168;0.0033464320000000003;0.0025077759999999998;0.0022466560000000005;0.0020797439999999997;0.002236416;0.002825216;0.00310784;0.002671616;0.0020418560000000003;0.001811456;0.001849344;0.0020992000000000003;0.00178688;0.001396736;0.001818624;0.002878464;0.002970624;0.003540992;0.0036966399999999997;0.004544512;0.007337984;0.009345024;0.007298048;0.005338112;0.006096896;0.0037632;0.003963904;0.004304896000000001;0.0028129279999999997;0.002220032;0.002817024;0.005859328;0.006484992;0.003503104;0.0038410239999999997;0.004005887999999999;0.00275968;0.003063808;0.002870272;0.0030197759999999996;0.002112512;0.001963008;0.0015738879999999998;0.0027136;0.001345536;0.00167936;0.0021626880000000003;0.0017459199999999998;0.0016977919999999998;0.0012072959999999998;0.001217536;0.0012032;0.0012646399999999998
1782774900,hdr,0.0293;0.03906;0.04883;0.05859;0.06836;0.07813;0.08789;0.09766;0.10742;0.11719;0.12695;0.13672;0.14648;0.15625;0.16602;0.17578;0.18555;0.19531;0.20508;0.21484;0.22461;0.23438;0.24414;0.25391;0.26367;0.27344;0.2832;0.29297;0.30273;0.3125;0.32227;0.33203;0.3418;0.35156;0.36133;0.37109;0.38086;0.39063;0.40039;0.41016;0.41992;0.42969;0.43945;0.44922;0.45898;0.46875;0.47852;0.48828;0.49805;0.50781;0.51758;0.52734;0.53711;0.54688;0.55664;0.56641;0.57617;0.58594;0.5957;0.60547;0.61523;0.625;0.63477;0.64453;0.6543;0.66406;0.67383;0.68359;0.69336;0.70313;0.71289;0.72266;0.73242;0.74219;0.75195;0.76172;0.77148;0.78125;0.79102,0.007025664;0.012250111999999999;0.015993856;0.008505344;0.011318272;0.037216256;0.069715968;0.065240064;0.060494848;0.06684569600000001;0.12732723199999998;0.228788224;0.14795264000000002;0.058169344000000005;0.022285312;0.017618944;0.019044352;0.016502784;0.007971840000000001;0.010840064;0.013833216;0.008300544;0.005385215999999999;0.004909055999999999;0.0045670400000000005;0.005284863999999999;0.002776064;0.0027136;0.00300032;0.0028897280000000003;0.00185856;0.00200704;0.0024422399999999996;0.004050944000000001;0.00271872;0.001861632;0.00185856;0.0014213119999999999;0.001052672;0.001563648;0.0012359679999999998;0.001875968;0.0027975680000000003;0.00295424;0.002596864;0.002753536;0.004112384;0.005988352;0.004296704;0.0055951360000000006;0.004268032;0.0042536959999999995;0.004179968;0.004396032;0.003699712;0.004483072;0.003621888;0.004416512;0.004511744000000001;0.002997248;0.003622912;0.004342784;0.0033341440000000003;0.0024391680000000002;0.0036352000000000003;0.0036392959999999998;0.002956288;0.002719744;0.001632256;0.002036736;0.00183808;0.0013987840000000001;0.001743872;0.0013240320000000002;0.00152576;0.001646592;0.002143232;0.001803264;0.001410048
1782775800,hdr,0.0293;0.03906;0.04883;0.05859;0.06836;0.07813;0.08789;0.09766;0.10742;0.11719;0.12695;0.13672;0.14648;0.15625;0.16602;0.17578;0.18555;0.19531;0.20508;0.21484;0.22461;0.23438;0.24414;0.25391;0.26367;0.27344;0.2832;0.29297;0.30273;0.3125;0.32227;0.33203;0.3418;0.35156;0.36133;0.37109;0.38086;0.39063;0.40039;0.41016;0.41992;0.42969;0.43945;0.44922;0.45898;0.46875;0.47852;0.48828;0.49805;0.50781;0.51758;0.52734;0.53711;0.54688;0.55664;0.56641;0.57617;0.58594;0.5957;0.60547;0.61523;0.625;0.63477;0.64453;0.6543;0.66406;0.67383;0.68359;0.69336;0.70313;0.71289;0.72266;0.73242;0.74219;0.75195;0.76172;0.77148;0.78125;0.79102,0.006311936000000001;0.012790784;0.01731072;0.009953279999999998;0.018509823999999998;0.018789376;0.037167104;0.06476902400000001;0.078168064;0.081191936;0.085935104;0.08009216000000001;0.080631808;0.044003328;0.029553664;0.019970047999999997;0.009617408;0.015647743999999998;0.021105664;0.016628736;0.009056255999999999;0.009375743999999998;0.0085248;0.005736448;0.0029122560000000002;0.001906688;0.001924096;0.0028088320000000003;0.003201024;0.003386368;0.00319488;0.0028672;0.002402304;0.0023336960000000006;0.00206848;0.00125952;0.0010455039999999998;0.002006016;0.001941504;0.0020746239999999997;0.001774592;0.0030371839999999996;0.0026695679999999998;0.0023132160000000003;0.003152896;0.005358592;0.005804032;0.004696064;0.005921792;0.004319232;0.0035440640000000004;0.007515136;0.0071464960000000004;0.00752128;0.004996095999999999;0.004430848;0.004491264;0.0039874559999999995;0.004338688;0.003968;0.003151872;0.0032471040000000002;0.003088384;0.00239104;0.00393728;0.0028426239999999998;0.0013783040000000001;0.002148352;0.00162816;0.002688;0.0032460799999999997;0.0023336960000000006;0.001849344;0.0021862400000000003;0.001757184;0.0016988160000000001;0.0023838720000000004;0.0019455999999999998;0.001723392
1782776700,hdr,0.0293;0.03906;0.04883;0.05859;0.06836;0.07813;0.08789;0.09766;0.10742;0.11719;0.12695;0.13672;0.14648;0.15625;0.16602;0.17578;0.18555;0.19531;0.20508;0.21484;0.22461;0.23438;0.24414;0.25391;0.26367;0.27344;0.2832;0.29297;0.30273;0.3125;0.32227;0.33203;0.3418;0.35156;0.36133;0.37109;0.38086;0.39063;0.40039;0.41016;0.41992;0.42969;0.43945;0.44922;0.45898;0.46875;0.47852;0.48828;0.49805;0.50781;0.51758;0.52734;0.53711;0.54688;0.55664;0.56641;0.57617;0.58594;0.5957;0.60547;0.61523;0.625;0.63477;0.64453;0.6543;0.66406;0.67383;0.68359;0.69336;0.70313;0.71289;0.72266;0.73242;0.74219;0.75195;0.76172;0.77148;0.78125;0.79102,0.009556991999999999;0.014282752000000001;0.012522496000000001;0.007539712;0.010913792000000002;0.033114112;0.07870566400000001;0.09768140800000001;0.08397312;0.10428006399999999;0.19019673599999998;0.142993408;0.06979276799999999;0.038526976;0.023300096000000003;0.020013056;0.017864704;0.017850368;0.017770496000000004;0.014662656000000001;0.012822528;0.013518848;0.009453568;0.006213631999999999;0.004404224;0.0035440640000000004;0.0023459839999999997;0.0030207999999999997;0.0038082560000000003;0.003272704;0.0025292799999999996;0.00262656;0.0030607359999999997;0.002210816;0.002378752;0.002530304;0.002571264;0.0027095039999999997;0.001901568;0.002004992;0.002096128;0.003096576;0.0029009920000000002;0.003398656;0.0035205120000000004;0.004259839999999999;0.004998144;0.005106688;0.004614144;0.00442368;0.006199296;0.009776128;0.009525248;0.006320128;0.005741568;0.0064696319999999995;0.004709376;0.003592192;0.0049858559999999994;0.0048332800000000006;0.00350208;0.00318464;0.00320512;0.003714048;0.00339456;0.0026439680000000004;0.002403328;0.002163712;0.002491392;0.0027893759999999997;0.0022732800000000004;0.00193024;0.0012441599999999998;0.0015165439999999999;0.001707008;0.002158592;0.002267136;0.001563648;0.00144896
