Epoch Time,Processing Source,f,varianceDensity
1773792000,hdr,0.0293;0.03906;0.04883;0.05859;0.06836;0.07813;0.08789;0.09766;0.10742;0.11719;0.12695;0.13672;0.14648;0.15625;0.16602;0.17578;0.18555;0.19531;0.20508;0.21484;0.22461;0.23438;0.24414;0.25391;0.26367;0.27344;0.2832;0.29297;0.30273;0.3125;0.32227;0.33203;0.3418;0.35156;0.36133;0.37109;0.38086;0.39063;0.40039;0.41016;0.41992;0.42969;0.43945;0.44922;0.45898;0.46875;0.47852;0.48828;0.49805;0.50781;0.51758;0.52734;0.53711;0.54688;0.55664;0.56641;0.57617;0.58594;0.5957;0.60547;0.61523;0.625;0.63477;0.64453;0.6543;0.66406;0.67383;0.68359;0.69336;0.70313;0.71289;0.72266;0.73242;0.74219;0.75195;0.76172;0.77148;0.78125;0.79102,0.00479232;0.014155776;0.024809472;0.021004288;0.280477696;2.170699776;3.986993152;2.822971392;1.438572544;1.046790144;0.515203072;0.362471424;0.199819264;0.20402995200000001;0.264482816;0.571342848;0.475734016;0.49684480000000003;0.39528448;0.193282048;0.13838336;0.103448576;0.113532928;0.13162495999999999;0.160083968;0.128311296;0.128770048;0.12593152;0.092393472;0.097173504;0.08196505600000001;0.059482112000000004;0.058982400000000004;0.038862848;0.040206336;0.050008064;0.03969024000000001;0.049647616;0.038158335999999994;0.030990336;0.023949311999999997;0.025554944;0.029360128;0.023973888;0.0207872;0.025255935999999996;0.017207295999999997;0.01374208;0.009457664;0.007917568;0.007606272;0.008142848000000001;0.0069632;0.006553600000000001;0.009007104;0.011214848;0.006909952;0.005922816;0.004493312000000001;0.0034652159999999997;0.0048783360000000005;0.00473088;0.005070848;0.0047104;0.004599808;0.005267456;0.005390335999999999;0.0034611200000000003;0.0034652159999999997;0.004227072;0.006316032;0.004698112;0.003141632;0.0022896640000000003;0.002584576;0.002387968;0.0027115520000000003;0.002531328;0.002576384
1773792900,hdr,0.0293;0.03906;0.04883;0.05859;0.06836;0.07813;0.08789;0.09766;0.10742;0.11719;0.12695;0.13672;0.14648;0.15625;0.16602;0.17578;0.18555;0.19531;0.20508;0.21484;0.22461;0.23438;0.24414;0.25391;0.26367;0.27344;0.2832;0.29297;0.30273;0.3125;0.32227;0.33203;0.3418;0.35156;0.36133;0.37109;0.38086;0.39063;0.40039;0.41016;0.41992;0.42969;0.43945;0.44922;0.45898;0.46875;0.47852;0.48828;0.49805;0.50781;0.51758;0.52734;0.53711;0.54688;0.55664;0.56641;0.57617;0.58594;0.5957;0.60547;0.61523;0.625;0.63477;0.64453;0.6543;0.66406;0.67383;0.68359;0.69336;0.70313;0.71289;0.72266;0.73242;0.74219;0.75195;0.76172;0.77148;0.78125;0.79102,0.008460288;0.019654656;0.029990912;0.042061824;0.255571968;1.3071831040000002;2.024255488;1.777340416;1.183813632;0.829786112;0.459251712;0.30317363199999997;0.264464384;0.24983961600000001;0.391479296;0.4303872;0.485576704;0.37465292799999994;0.30168063999999994;0.33019904000000005;0.311072768;0.1728512;0.100622336;0.106999808;0.105152512;0.088092672;0.07311564799999999;0.05057536;0.048945152;0.05495808;0.053665792000000004;0.04575232;0.036306944;0.044269568;0.038242304;0.041961472;0.040677376;0.038283264000000004;0.026857472;0.038524928;0.036845568;0.02692096;0.019339264;0.0202752;0.024117248;0.01912832;0.011241472;0.015208448000000001;0.019959807999999996;0.011880448;0.00920576;0.010053632;0.00850944;0.011737088;0.009168896000000001;0.008689664000000001;0.006836223999999999;0.0063549439999999995;0.007350272;0.006785024000000001;0.004800512000000001;0.006111232;0.00717824;0.004534272;0.002316288;0.003141632;0.003610624;0.00306176;0.00141312;0.002904064;0.003997696;0.004155392;0.0035368960000000003;0.003004416;0.002295808;0.0022015999999999997;0.0021196799999999997;0.00299008;0.00274432
1773793800,hdr,0.0293;0.03906;0.04883;0.05859;0.06836;0.07813;0.08789;0.09766;0.10742;0.11719;0.12695;0.13672;0.14648;0.15625;0.16602;0.17578;0.18555;0.19531;0.20508;0.21484;0.22461;0.23438;0.24414;0.25391;0.26367;0.27344;0.2832;0.29297;0.30273;0.3125;0.32227;0.33203;0.3418;0.35156;0.36133;0.37109;0.38086;0.39063;0.40039;0.41016;0.41992;0.42969;0.43945;0.44922;0.45898;0.46875;0.47852;0.48828;0.49805;0.50781;0.51758;0.52734;0.53711;0.54688;0.55664;0.56641;0.57617;0.58594;0.5957;0.60547;0.61523;0.625;0.63477;0.64453;0.6543;0.66406;0.67383;0.68359;0.69336;0.70313;0.71289;0.72266;0.73242;0.74219;0.75195;0.76172;0.77148;0.78125;0.79102,0.0055705600000000004;0.01670656;0.01698304;0.04224512;0.30894592;2.12079104;4.62868992;2.8490751999999997;1.70463232;0.7044556799999999;0.50842112;0.42533375999999995;0.26817536;0.20106752;0.43701759999999995;0.5312665599999999;0.35271680000000005;0.50726912;0.47282176000000004;0.27951104000000004;0.14227456;0.10211328;0.106112;0.13782528;0.16633344;0.1063936;0.08351744;0.07645696;0.06511616;0.0531968;0.046289920000000005;0.03337728;0.03746304;0.04476928;0.04408832;0.03520512;0.035476480000000005;0.03705344;0.03767296;0.027924479999999998;0.021529600000000003;0.02490368;0.012861439999999998;0.018114560000000002;0.014935039999999998;0.01636352;0.012820480000000002;0.01050112;0.01676288;0.017182720000000002;0.009615359999999998;0.00827392;0.01107968;0.00938496;0.0064;0.00676864;0.00736768;0.00871936;0.00677888;0.00413184;0.00576;0.00692224;0.00787968;0.0076032;0.00503296;0.00610304;0.00549888;0.0040345599999999995;0.0031846400000000003;0.0025548800000000003;0.00295936;0.0025856;0.0016230399999999999;0.0018278399999999998;0.0020992;0.00319488;0.00352256;0.00370176;0.00218112
1773794700,hdr,0.0293;0.03906;0.04883;0.05859;0.06836;0.07813;0.08789;0.09766;0.10742;0.11719;0.12695;0.13672;0.14648;0.15625;0.16602;0.17578;0.18555;0.19531;0.20508;0.21484;0.22461;0.23438;0.24414;0.25391;0.26367;0.27344;0.2832;0.29297;0.30273;0.3125;0.32227;0.33203;0.3418;0.35156;0.36133;0.37109;0.38086;0.39063;0.40039;0.41016;0.41992;0.42969;0.43945;0.44922;0.45898;0.46875;0.47852;0.48828;0.49805;0.50781;0.51758;0.52734;0.53711;0.54688;0.55664;0.56641;0.57617;0.58594;0.5957;0.60547;0.61523;0.625;0.63477;0.64453;0.6543;0.66406;0.67383;0.68359;0.69336;0.70313;0.71289;0.72266;0.73242;0.74219;0.75195;0.76172;0.77148;0.78125;0.79102,0.004816895999999999;0.006631424;0.004456448;0.039477248;0.447266816;2.174185472;3.9887052800000005;2.212544512;1.19902208;0.590856192;0.44124979200000003;0.34779136;0.20412416;0.17854463999999998;0.398163968;0.524275712;0.43824332800000004;0.42236723200000004;0.326828032;0.22833152;0.129613824;0.108552192;0.100139008;0.08128512000000002;0.10084761600000001;0.07936409600000001;0.0495616;0.075931648;0.083197952;0.040787968;0.036728831999999996;0.030175232;0.035192832;0.05574656000000001;0.041377792000000004;0.02521088;0.01665024;0.025595904000000003;0.018579456;0.014794752;0.015282176;0.020647936000000002;0.018399232;0.019681280000000002;0.02287616;0.017502208;0.012754943999999999;0.011763711999999999;0.010387456;0.005840896;0.008626176;0.010645504;0.009666560000000001;0.011988992;0.01296384;0.00987136;0.006008832;0.005828608;0.006017024;0.007467008;0.006905856;0.0035717120000000003;0.003653632;0.004313088;0.005095424;0.004259839999999999;0.001957888;0.002863104;0.002322432;0.0029122560000000002;0.002895872;0.0037191679999999997;0.0036823039999999995;0.0033873920000000004;0.004337664;0.004501504;0.00217088;0.0025108480000000004;0.0022978559999999996
1773795600,hdr,0.0293;0.03906;0.04883;0.05859;0.06836;0.07813;0.08789;0.09766;0.10742;0.11719;0.12695;0.13672;0.14648;0.15625;0.16602;0.17578;0.18555;0.19531;0.20508;0.21484;0.22461;0.23438;0.24414;0.25391;0.26367;0.27344;0.2832;0.29297;0.30273;0.3125;0.32227;0.33203;0.3418;0.35156;0.36133;0.37109;0.38086;0.39063;0.40039;0.41016;0.41992;0.42969;0.43945;0.44922;0.45898;0.46875;0.47852;0.48828;0.49805;0.50781;0.51758;0.52734;0.53711;0.54688;0.55664;0.56641;0.57617;0.58594;0.5957;0.60547;0.61523;0.625;0.63477;0.64453;0.6543;0.66406;0.67383;0.68359;0.69336;0.70313;0.71289;0.72266;0.73242;0.74219;0.75195;0.76172;0.77148;0.78125;0.79102,0.012115968000000001;0.017686528;0.017371136;0.020103168;0.499335168;2.296164352;3.5723960320000003;2.4035778559999996;1.15564544;0.60893184;0.373579776;0.24313856000000003;0.172494848;0.120635392;0.21999206400000001;0.32744243199999995;0.250585088;0.31348326400000004;0.266113024;0.238374912;0.14452736;0.11469209600000001;0.144543744;0.159694848;0.1449984;0.120799232;0.102408192;0.063541248;0.053284864;0.061239296000000006;0.048726016000000004;0.051838976;0.03700736;0.031428608;0.040312832;0.035803136;0.033153024;0.03854336;0.032862208000000004;0.026128384;0.018591744;0.020017152;0.020013056;0.020586496;0.016887808;0.01560576;0.012955647999999998;0.012754943999999999;0.01120256;0.015118336;0.009027583999999998;0.009166848;0.011124736000000001;0.012759040000000001;0.011882496;0.01296384;0.011358207999999998;0.008777727999999999;0.004902912;0.006623232;0.00749568;0.005070848;0.004747264;0.002207744;0.0023838720000000004;0.004972544;0.004780032;0.002768896;0.0035717120000000003;0.0039895040000000005;0.003489792;0.0031334399999999995;0.002613248;0.00321536;0.0038338559999999996;0.0029163519999999997;0.001376256;0.001830912;0.0020029439999999996
1773796500,hdr,0.0293;0.03906;0.04883;0.05859;0.06836;0.07813;0.08789;0.09766;0.10742;0.11719;0.12695;0.13672;0.14648;0.15625;0.16602;0.17578;0.18555;0.19531;0.20508;0.21484;0.22461;0.23438;0.24414;0.25391;0.26367;0.27344;0.2832;0.29297;0.30273;0.3125;0.32227;0.33203;0.3418;0.35156;0.36133;0.37109;0.38086;0.39063;0.40039;0.41016;0.41992;0.42969;0.43945;0.44922;0.45898;0.46875;0.47852;0.48828;0.49805;0.50781;0.51758;0.52734;0.53711;0.54688;0.55664;0.56641;0.57617;0.58594;0.5957;0.60547;0.61523;0.625;0.63477;0.64453;0.6543;0.66406;0.67383;0.68359;0.69336;0.70313;0.71289;0.72266;0.73242;0.74219;0.75195;0.76172;0.77148;0.78125;0.79102,0.0062750720000000005;0.00538624;0.007122944000000001;0.024301568;0.212815872;1.2898590719999998;3.847831552;3.42216704;1.381126144;0.6393487360000001;0.301289472;0.14094336000000002;0.206491648;0.206934016;0.36097638400000004;0.347766784;0.266297344;0.265375744;0.158380032;0.248045568;0.24976588799999996;0.13293158399999996;0.129671168;0.202133504;0.14850048000000002;0.10182246399999999;0.09555968;0.100409344;0.06400819199999999;0.041992192000000005;0.050671616;0.038346752;0.053837824;0.05367808;0.042758144;0.0422912;0.039682048000000004;0.023728128;0.019550208000000003;0.027713536;0.033984512;0.028172288;0.020516864000000003;0.017604608;0.013266944000000001;0.011874304;0.011067392;0.010809343999999999;0.01189888;0.012283904;0.010153983999999998;0.013529088;0.010010624;0.008912896;0.010608639999999999;0.008155136;0.00929792;0.0075325439999999995;0.009211904;0.006987776;0.003956736;0.0031375360000000002;0.004272128000000001;0.006176768;0.003813376;0.003428352;0.003268608;0.003653632;0.005541888;0.0031088640000000002;0.003129344;0.003035136;0.00335872;0.0037847040000000003;0.002686976;0.0022978559999999996;0.002883584;0.0029122560000000002;0.002637824
1773797400,hdr,0.0293;0.03906;0.04883;0.05859;0.06836;0.07813;0.08789;0.09766;0.10742;0.11719;0.12695;0.13672;0.14648;0.15625;0.16602;0.17578;0.18555;0.19531;0.20508;0.21484;0.22461;0.23438;0.24414;0.25391;0.26367;0.27344;0.2832;0.29297;0.30273;0.3125;0.32227;0.33203;0.3418;0.35156;0.36133;0.37109;0.38086;0.39063;0.40039;0.41016;0.41992;0.42969;0.43945;0.44922;0.45898;0.46875;0.47852;0.48828;0.49805;0.50781;0.51758;0.52734;0.53711;0.54688;0.55664;0.56641;0.57617;0.58594;0.5957;0.60547;0.61523;0.625;0.63477;0.64453;0.6543;0.66406;0.67383;0.68359;0.69336;0.70313;0.71289;0.72266;0.73242;0.74219;0.75195;0.76172;0.77148;0.78125;0.79102,0.016871424000000003;0.025710591999999997;0.029425664;0.019525632;0.443277312;2.032488448;3.85411072;3.4983936;1.3069762559999998;0.614735872;0.436334592;0.35288268799999994;0.21537177600000001;0.190865408;0.24575180800000002;0.229462016;0.34578432000000003;0.348819456;0.22147072;0.109191168;0.182124544;0.217305088;0.145104896;0.098361344;0.09139404799999999;0.09439231999999999;0.103755776;0.0830464;0.054022144;0.045207552000000005;0.046833664;0.035131392;0.039694336000000004;0.048836608000000004;0.04980326399999999;0.036884480000000004;0.030445568000000003;0.026308608;0.023744512;0.024608768;0.025202687999999997;0.026550272;0.025571328;0.016109567999999998;0.017801216;0.017035264;0.020938752;0.020922368;0.014012416;0.012673024;0.011026432000000001;0.011124736000000001;0.008937472;0.008855552;0.008945664;0.007696384;0.004939776;0.004734975999999999;0.0054190079999999995;0.0055951360000000006;0.0044031999999999995;0.0036167680000000002;0.004366336;0.0049152;0.004972544;0.00415744;0.005009407999999999;0.0037150720000000003;0.0027156479999999998;0.0037027839999999998;0.003510272;0.002977792;0.00299008;0.003751936;0.004603904000000001;0.0029982719999999997;0.002859008;0.0022814719999999997;0.00180224
1773798300,hdr,0.0293;0.03906;0.04883;0.05859;0.06836;0.07813;0.08789;0.09766;0.10742;0.11719;0.12695;0.13672;0.14648;0.15625;0.16602;0.17578;0.18555;0.19531;0.20508;0.21484;0.22461;0.23438;0.24414;0.25391;0.26367;0.27344;0.2832;0.29297;0.30273;0.3125;0.32227;0.33203;0.3418;0.35156;0.36133;0.37109;0.38086;0.39063;0.40039;0.41016;0.41992;0.42969;0.43945;0.44922;0.45898;0.46875;0.47852;0.48828;0.49805;0.50781;0.51758;0.52734;0.53711;0.54688;0.55664;0.56641;0.57617;0.58594;0.5957;0.60547;0.61523;0.625;0.63477;0.64453;0.6543;0.66406;0.67383;0.68359;0.69336;0.70313;0.71289;0.72266;0.73242;0.74219;0.75195;0.76172;0.77148;0.78125;0.79102,0.0035348480000000006;0.012066816;0.014114815999999999;0.027738112000000002;0.298831872;1.9137740799999998;3.8820864000000004;1.7065574399999999;0.7509975040000001;0.627060736;0.31433932800000003;0.20047462400000002;0.16167731200000002;0.20277248;0.24541593599999997;0.4312064;0.326176768;0.243531776;0.15312896;0.10196991999999999;0.101556224;0.157884416;0.09532211200000001;0.10555392;0.107188224;0.09087795199999998;0.11474124799999999;0.08588083199999999;0.063553536;0.091820032;0.08556134400000001;0.0620544;0.053829631999999995;0.058949631999999995;0.034766848;0.027549696;0.02408448;0.030265343999999996;0.031649792;0.032432128;0.02594816;0.018034687999999997;0.015151103999999999;0.012439552000000001;0.015306751999999998;0.013508608;0.013819904;0.011497472;0.012263424;0.010928127999999999;0.00929792;0.009523199999999999;0.00684032;0.005226496;0.004837376;0.003313664;0.002445312;0.002904064;0.0037601279999999997;0.005390335999999999;0.005902336;0.0040796159999999995;0.004104192;0.003936256;0.00239616;0.002535424;0.002101248;0.0026705920000000003;0.0034979840000000004;0.002658304;0.002535424;0.0027811840000000003;0.0019251199999999998;0.0020357120000000003;0.002609152;0.001970176;0.0021667839999999997;0.0022732800000000004;0.001978368
1773799200,hdr,0.0293;0.03906;0.04883;0.05859;0.06836;0.07813;0.08789;0.09766;0.10742;0.11719;0.12695;0.13672;0.14648;0.15625;0.16602;0.17578;0.18555;0.19531;0.20508;0.21484;0.22461;0.23438;0.24414;0.25391;0.26367;0.27344;0.2832;0.29297;0.30273;0.3125;0.32227;0.33203;0.3418;0.35156;0.36133;0.37109;0.38086;0.39063;0.40039;0.41016;0.41992;0.42969;0.43945;0.44922;0.45898;0.46875;0.47852;0.48828;0.49805;0.50781;0.51758;0.52734;0.53711;0.54688;0.55664;0.56641;0.57617;0.58594;0.5957;0.60547;0.61523;0.625;0.63477;0.64453;0.6543;0.66406;0.67383;0.68359;0.69336;0.70313;0.71289;0.72266;0.73242;0.74219;0.75195;0.76172;0.77148;0.78125;0.79102,0.0045670400000000005;0.007647232;0.0055582719999999995;0.033107968;0.44687360000000004;2.4150016;4.05536768;3.064393728;0.847286272;0.5961728000000001;0.470360064;0.291438592;0.221257728;0.19544883200000002;0.19768934400000002;0.25581568;0.172617728;0.131555328;0.16455680000000003;0.117161984;0.072331264;0.061325312;0.09420390399999999;0.128991232;0.081137664;0.091037696;0.078086144;0.043630591999999996;0.036188160000000004;0.039903232000000004;0.05174067200000001;0.050204672;0.043180032;0.03649536;0.024649728;0.022102016;0.021671936;0.0216064;0.040247296;0.041746432;0.025878527999999998;0.013012992000000001;0.01255424;0.012673024;0.01585152;0.011198464;0.014594048;0.017678336000000003;0.017027072;0.008761343999999999;0.005787648;0.007032832;0.008548351999999999;0.009924607999999998;0.010633216;0.007622656;0.006209536;0.006041599999999999;0.005009407999999999;0.009314304;0.007041024000000001;0.005046272;0.006709247999999999;0.004685824000000001;0.005689344;0.008175616;0.006213631999999999;0.0057794560000000005;0.004038656;0.003514368;0.004067328;0.004374527999999999;0.004001792;0.00391168;0.00477184;0.0033218559999999998;0.00149504;0.001646592;0.002228224
1773800100,hdr,0.0293;0.03906;0.04883;0.05859;0.06836;0.07813;0.08789;0.09766;0.10742;0.11719;0.12695;0.13672;0.14648;0.15625;0.16602;0.17578;0.18555;0.19531;0.20508;0.21484;0.22461;0.23438;0.24414;0.25391;0.26367;0.27344;0.2832;0.29297;0.30273;0.3125;0.32227;0.33203;0.3418;0.35156;0.36133;0.37109;0.38086;0.39063;0.40039;0.41016;0.41992;0.42969;0.43945;0.44922;0.45898;0.46875;0.47852;0.48828;0.49805;0.50781;0.51758;0.52734;0.53711;0.54688;0.55664;0.56641;0.57617;0.58594;0.5957;0.60547;0.61523;0.625;0.63477;0.64453;0.6543;0.66406;0.67383;0.68359;0.69336;0.70313;0.71289;0.72266;0.73242;0.74219;0.75195;0.76172;0.77148;0.78125;0.79102,0.00932864;0.024678399999999996;0.01653248;0.02818048;0.33398271999999996;2.21594624;4.28939776;2.86336;0.88646144;0.35345408;0.30197248;0.20775936;0.11147264;0.07868416;0.10547712000000001;0.16530432;0.17170432;0.15003648;0.16805888;0.10888192;0.08297984;0.08812544;0.07813632000000001;0.09252352;0.11490816000000001;0.12485632;0.07957504000000001;0.06326783999999999;0.05802496;0.05827072;0.04817408;0.04174336;0.03797504;0.029143040000000002;0.03078144;0.0259584;0.029434879999999997;0.02720256;0.026147840000000002;0.029762559999999997;0.0321792;0.020234239999999997;0.02613248;0.02479616;0.019568639999999998;0.01559552;0.01023488;0.00996352;0.014049279999999999;0.00838656;0.01257472;0.00939008;0.008627200000000002;0.009292799999999999;0.00730624;0.00926208;0.007004160000000001;0.0061286399999999994;0.0074854399999999995;0.008990719999999999;0.00791552;0.00771584;0.006251520000000001;0.00500224;0.00500736;0.00507904;0.00509952;0.004321279999999999;0.00356352;0.00404992;0.00314368;0.0037990400000000005;0.00426496;0.004423679999999999;0.005340160000000001;0.00341504;0.0028467199999999996;0.00306688;0.00241152
1773801000,hdr,0.0293;0.03906;0.04883;0.05859;0.06836;0.07813;0.08789;0.09766;0.10742;0.11719;0.12695;0.13672;0.14648;0.15625;0.16602;0.17578;0.18555;0.19531;0.20508;0.21484;0.22461;0.23438;0.24414;0.25391;0.26367;0.27344;0.2832;0.29297;0.30273;0.3125;0.32227;0.33203;0.3418;0.35156;0.36133;0.37109;0.38086;0.39063;0.40039;0.41016;0.41992;0.42969;0.43945;0.44922;0.45898;0.46875;0.47852;0.48828;0.49805;0.50781;0.51758;0.52734;0.53711;0.54688;0.55664;0.56641;0.57617;0.58594;0.5957;0.60547;0.61523;0.625;0.63477;0.64453;0.6543;0.66406;0.67383;0.68359;0.69336;0.70313;0.71289;0.72266;0.73242;0.74219;0.75195;0.76172;0.77148;0.78125;0.79102,0.009019392;0.019977216;0.031027199999999998;0.069961728;0.240331776;1.263470592;2.896914432;1.995460608;0.834302976;0.5453752319999999;0.347602944;0.168520704;0.124744704;0.11533209600000001;0.232154112;0.332891136;0.21210931199999997;0.21908275200000002;0.19162521600000001;0.128397312;0.117820416;0.07913472;0.060383231999999995;0.071479296;0.086378496;0.09498624;0.07780147200000001;0.051551232;0.08502067199999999;0.034695168;0.035521536;0.039570432;0.03482112;0.046500864;0.040768512;0.028161023999999996;0.028867584;0.034599936000000005;0.037023744;0.018367488;0.012736512;0.013642752;0.014140416000000001;0.016312319999999998;0.015519744;0.009556992;0.014656512;0.011268096;0.009160704;0.010558464;0.007667711999999999;0.006432768;0.004632576;0.0073881599999999995;0.005210112;0.004543488;0.003136512;0.005686272;0.006684671999999999;0.00433152;0.006254592000000001;0.0063744;0.00556032;0.003836928;0.0050227200000000005;0.007044096;0.006236160000000001;0.004199424;0.0046817280000000005;0.0022394880000000004;0.002632704;0.0032839680000000004;0.003250176;0.0030689280000000003;0.002469888;0.0016066560000000001;0.002356224;0.002512896;0.00202752
1773801900,hdr,0.0293;0.03906;0.04883;0.05859;0.06836;0.07813;0.08789;0.09766;0.10742;0.11719;0.12695;0.13672;0.14648;0.15625;0.16602;0.17578;0.18555;0.19531;0.20508;0.21484;0.22461;0.23438;0.24414;0.25391;0.26367;0.27344;0.2832;0.29297;0.30273;0.3125;0.32227;0.33203;0.3418;0.35156;0.36133;0.37109;0.38086;0.39063;0.40039;0.41016;0.41992;0.42969;0.43945;0.44922;0.45898;0.46875;0.47852;0.48828;0.49805;0.50781;0.51758;0.52734;0.53711;0.54688;0.55664;0.56641;0.57617;0.58594;0.5957;0.60547;0.61523;0.625;0.63477;0.64453;0.6543;0.66406;0.67383;0.68359;0.69336;0.70313;0.71289;0.72266;0.73242;0.74219;0.75195;0.76172;0.77148;0.78125;0.79102,0.014118912;0.01521664;0.027611135999999998;0.04616192;0.49959731199999996;2.4178728959999995;3.209043968;1.7952768000000001;0.718266368;0.52381696;0.34970009599999996;0.208859136;0.108855296;0.10467328;0.20978892799999999;0.28399616;0.272666624;0.128978944;0.06617087999999999;0.05916672;0.08753561600000001;0.086573056;0.081895424;0.067731456;0.07233945600000001;0.112713728;0.077807616;0.07109836799999998;0.05543936;0.051027968;0.04192256;0.055209984;0.047296512000000006;0.03407871999999999;0.026841088;0.027967488000000002;0.024285184;0.036302848;0.038916096000000004;0.024010752;0.020553728;0.016683008000000003;0.017158144;0.019795967999999997;0.019726336;0.018333696;0.014962688;0.018747391999999998;0.016121856;0.013828096;0.01091584;0.008654848;0.00796672;0.007155712000000001;0.010010624;0.011132928;0.005234688;0.004517888;0.007503872;0.006553600000000001;0.0057344;0.007163904;0.00722944;0.006782976;0.00659456;0.0038379520000000004;0.0053043199999999995;0.004800512000000001;0.0034078719999999997;0.002686976;0.002146304;0.0020930559999999994;0.004530176;0.0052224;0.003919872;0.0028344320000000004;0.003072;0.002863104;0.0021872639999999995
1773802800,hdr,0.0293;0.03906;0.04883;0.05859;0.06836;0.07813;0.08789;0.09766;0.10742;0.11719;0.12695;0.13672;0.14648;0.15625;0.16602;0.17578;0.18555;0.19531;0.20508;0.21484;0.22461;0.23438;0.24414;0.25391;0.26367;0.27344;0.2832;0.29297;0.30273;0.3125;0.32227;0.33203;0.3418;0.35156;0.36133;0.37109;0.38086;0.39063;0.40039;0.41016;0.41992;0.42969;0.43945;0.44922;0.45898;0.46875;0.47852;0.48828;0.49805;0.50781;0.51758;0.52734;0.53711;0.54688;0.55664;0.56641;0.57617;0.58594;0.5957;0.60547;0.61523;0.625;0.63477;0.64453;0.6543;0.66406;0.67383;0.68359;0.69336;0.70313;0.71289;0.72266;0.73242;0.74219;0.75195;0.76172;0.77148;0.78125;0.79102,0.0093696;0.011390976;0.013805567999999999;0.053090304;0.238362624;2.479558656;5.629986816;2.994511872;0.75995136;0.42670694400000003;0.355577856;0.22483968000000001;0.12810854400000002;0.140494848;0.193886208;0.174200832;0.2130432;0.19238707200000002;0.155123712;0.115525632;0.09948979200000001;0.120465408;0.11864678399999999;0.133122048;0.102746112;0.110235648;0.072978432;0.039309312;0.04064256000000001;0.044562432;0.065101824;0.047364095999999994;0.032894976;0.029865984;0.043431936000000004;0.054061055999999996;0.028956672000000003;0.034615296000000004;0.029792256;0.021141504000000002;0.030124032000000002;0.02300928;0.014094335999999999;0.013006848;0.014247936;0.011747328000000001;0.015138816000000001;0.016195584;0.014002176000000002;0.010100736;0.013553664;0.011016192000000001;0.005382144;0.00494592;0.007925759999999999;0.011354112000000001;0.005695488;0.004472832;0.00595968;0.008380416;0.004743168;0.0051548159999999996;0.00417792;0.003975168;0.003323904;0.002697216;0.003422208;0.00340992;0.004687872;0.005376;0.00405504;0.0027893759999999997;0.003649536;0.003753984;0.0032747520000000006;0.0031764479999999997;0.0032563199999999996;0.0029982719999999997;0.00251904
1773803700,hdr,0.0293;0.03906;0.04883;0.05859;0.06836;0.07813;0.08789;0.09766;0.10742;0.11719;0.12695;0.13672;0.14648;0.15625;0.16602;0.17578;0.18555;0.19531;0.20508;0.21484;0.22461;0.23438;0.24414;0.25391;0.26367;0.27344;0.2832;0.29297;0.30273;0.3125;0.32227;0.33203;0.3418;0.35156;0.36133;0.37109;0.38086;0.39063;0.40039;0.41016;0.41992;0.42969;0.43945;0.44922;0.45898;0.46875;0.47852;0.48828;0.49805;0.50781;0.51758;0.52734;0.53711;0.54688;0.55664;0.56641;0.57617;0.58594;0.5957;0.60547;0.61523;0.625;0.63477;0.64453;0.6543;0.66406;0.67383;0.68359;0.69336;0.70313;0.71289;0.72266;0.73242;0.74219;0.75195;0.76172;0.77148;0.78125;0.79102,0.0071884800000000006;0.011132928;0.028440576000000002;0.080366592;0.464028672;1.4212270080000002;2.571936768;1.971474432;0.870340608;0.5427763200000001;0.4066314240000001;0.28862668799999996;0.11728896;0.190445568;0.257292288;0.341455872;0.241892352;0.12585984;0.12919603200000002;0.112131072;0.064705536;0.076864512;0.112843776;0.11713228800000001;0.151412736;0.10704998400000001;0.09724723199999999;0.088651776;0.051354623999999995;0.047625216;0.04452864;0.039641088000000005;0.052325376;0.03830784;0.051508224000000005;0.04118323199999999;0.033091584;0.037604352;0.039401472;0.046408704;0.027930624;0.018321408;0.022139904;0.028250111999999997;0.015550463999999998;0.017147904000000002;0.019596288;0.010085376;0.010008576000000002;0.0114432;0.009053183999999999;0.006153216;0.007010304;0.006119424;0.005615616;0.002912256;0.0031272960000000003;0.005237759999999999;0.005993472;0.004764672;0.004767744;0.005458943999999999;0.004998144;0.003821568;0.00470016;0.00433152;0.005065728;0.0034652160000000006;0.0030412800000000004;0.0030167040000000003;0.002798592;0.0032808959999999997;0.003354624;0.002110464;0.0030044159999999998;0.0032532480000000003;0.0033638400000000003;0.003262464;0.0022855679999999995
1773804600,hdr,0.0293;0.03906;0.04883;0.05859;0.06836;0.07813;0.08789;0.09766;0.10742;0.11719;0.12695;0.13672;0.14648;0.15625;0.16602;0.17578;0.18555;0.19531;0.20508;0.21484;0.22461;0.23438;0.24414;0.25391;0.26367;0.27344;0.2832;0.29297;0.30273;0.3125;0.32227;0.33203;0.3418;0.35156;0.36133;0.37109;0.38086;0.39063;0.40039;0.41016;0.41992;0.42969;0.43945;0.44922;0.45898;0.46875;0.47852;0.48828;0.49805;0.50781;0.51758;0.52734;0.53711;0.54688;0.55664;0.56641;0.57617;0.58594;0.5957;0.60547;0.61523;0.625;0.63477;0.64453;0.6543;0.66406;0.67383;0.68359;0.69336;0.70313;0.71289;0.72266;0.73242;0.74219;0.75195;0.76172;0.77148;0.78125;0.79102,0.009956352;0.012909568000000001;0.013590528;0.037373951999999995;0.41188044799999995;3.1569520640000004;6.7529082879999995;2.843316224;0.89818624;0.557218816;0.29309952;0.223476736;0.129905664;0.170978304;0.421033984;0.389896192;0.10619392;0.174304256;0.141367296;0.08919859200000001;0.061221888;0.082675712;0.171379712;0.12389887999999999;0.08770048;0.07259750400000001;0.11986329600000001;0.07151513599999999;0.049258496;0.050154496;0.06042624;0.044470272000000005;0.042692608;0.027288576000000002;0.03196928;0.038606848;0.028148736;0.016694272;0.017855488000000003;0.016658432;0.012830719999999999;0.014594048;0.0299264;0.015547392;0.021195776000000003;0.02067968;0.013597696;0.00989184;0.011547647999999999;0.012622848;0.010687488;0.006508544;0.004035584;0.00691712;0.0065587200000000005;0.0050104319999999996;0.007461888;0.004931584;0.003777536;0.004494335999999999;0.005383168000000001;0.005755904;0.00569856;0.003791872;0.003770368;0.004250624;0.004924416;0.004401152;0.002587648;0.003182592;0.00372736;0.0037847040000000003;0.003469312;0.002444288;0.00290304;0.004171776000000001;0.0025159680000000004;0.00211456;0.003290112
1773805500,hdr,0.0293;0.03906;0.04883;0.05859;0.06836;0.07813;0.08789;0.09766;0.10742;0.11719;0.12695;0.13672;0.14648;0.15625;0.16602;0.17578;0.18555;0.19531;0.20508;0.21484;0.22461;0.23438;0.24414;0.25391;0.26367;0.27344;0.2832;0.29297;0.30273;0.3125;0.32227;0.33203;0.3418;0.35156;0.36133;0.37109;0.38086;0.39063;0.40039;0.41016;0.41992;0.42969;0.43945;0.44922;0.45898;0.46875;0.47852;0.48828;0.49805;0.50781;0.51758;0.52734;0.53711;0.54688;0.55664;0.56641;0.57617;0.58594;0.5957;0.60547;0.61523;0.625;0.63477;0.64453;0.6543;0.66406;0.67383;0.68359;0.69336;0.70313;0.71289;0.72266;0.73242;0.74219;0.75195;0.76172;0.77148;0.78125;0.79102,0.0058368000000000005;0.00489472;0.006791167999999999;0.031051776000000003;0.368566272;1.7741578239999998;4.02960384;2.697445376;0.870567936;0.44117196799999997;0.16715776000000002;0.1722368;0.18136678399999998;0.196562944;0.302465024;0.462876672;0.226578432;0.13462732800000002;0.138440704;0.084242432;0.058474496;0.07694336;0.163172352;0.21960294400000002;0.11175526399999999;0.07992524799999999;0.09191424000000001;0.090738688;0.06671974400000001;0.036081664000000006;0.028680192000000004;0.055918591999999996;0.062025728;0.038547456;0.0214016;0.019488768;0.015716352;0.01619968;0.01705984;0.022794239999999997;0.016003072;0.010440704;0.013840384;0.023650304;0.017825792;0.009322496;0.00571392;0.006639616;0.008179712;0.006873087999999999;0.007655424;0.00536576;0.005173248;0.006680576;0.007368703999999999;0.008056832;0.007266304;0.006909952;0.007192576;0.004988928;0.003088384;0.0044851199999999996;0.0036085759999999996;0.002486272;0.0037273600000000003;0.004616192;0.0037765119999999997;0.003432448;0.003100672;0.0043008000000000005;0.005009407999999999;0.004120576;0.002850816;0.0022323200000000003;0.002691072;0.0028303359999999997;0.00200704;0.00149504;0.002154496
1773806400,hdr,0.0293;0.03906;0.04883;0.05859;0.06836;0.07813;0.08789;0.09766;0.10742;0.11719;0.12695;0.13672;0.14648;0.15625;0.16602;0.17578;0.18555;0.19531;0.20508;0.21484;0.22461;0.23438;0.24414;0.25391;0.26367;0.27344;0.2832;0.29297;0.30273;0.3125;0.32227;0.33203;0.3418;0.35156;0.36133;0.37109;0.38086;0.39063;0.40039;0.41016;0.41992;0.42969;0.43945;0.44922;0.45898;0.46875;0.47852;0.48828;0.49805;0.50781;0.51758;0.52734;0.53711;0.54688;0.55664;0.56641;0.57617;0.58594;0.5957;0.60547;0.61523;0.625;0.63477;0.64453;0.6543;0.66406;0.67383;0.68359;0.69336;0.70313;0.71289;0.72266;0.73242;0.74219;0.75195;0.76172;0.77148;0.78125;0.79102,0.01614336;0.022046720000000002;0.026624;0.060753919999999996;0.36968448000000004;2.45459456;4.77675008;1.7340364799999999;0.68194816;0.36888576;0.11729407999999998;0.11651071999999998;0.1345536;0.10508800000000001;0.23760383999999998;0.39396864000000004;0.13596160000000002;0.06586368000000001;0.10071039999999999;0.0635136;0.03190784;0.05272576;0.13071872;0.1536256;0.16178688;0.12308991999999999;0.06118912;0.06605824;0.06593023999999999;0.049213440000000004;0.0571136;0.04493824;0.03741184;0.03813888;0.030807039999999997;0.024832;0.016552960000000002;0.01730048;0.022400000000000003;0.028953600000000003;0.013629439999999998;0.01152512;0.01227264;0.016686080000000002;0.011448320000000001;0.01019904;0.010378240000000002;0.008176639999999999;0.00628736;0.006737919999999999;0.01186816;0.00800768;0.00800768;0.01193984;0.00736768;0.00556032;0.0073011199999999995;0.004224;0.00265728;0.00348672;0.0065740799999999995;0.006640640000000001;0.00637952;0.0051097600000000005;0.00534528;0.00441856;0.00489472;0.00431104;0.00348672;0.00416768;0.0029542400000000003;0.004331519999999999;0.00460288;0.00326656;0.0033689599999999994;0.00238592;0.003328;0.0032;0.00203264
1773807300,hdr,0.0293;0.03906;0.04883;0.05859;0.06836;0.07813;0.08789;0.09766;0.10742;0.11719;0.12695;0.13672;0.14648;0.15625;0.16602;0.17578;0.18555;0.19531;0.20508;0.21484;0.22461;0.23438;0.24414;0.25391;0.26367;0.27344;0.2832;0.29297;0.30273;0.3125;0.32227;0.33203;0.3418;0.35156;0.36133;0.37109;0.38086;0.39063;0.40039;0.41016;0.41992;0.42969;0.43945;0.44922;0.45898;0.46875;0.47852;0.48828;0.49805;0.50781;0.51758;0.52734;0.53711;0.54688;0.55664;0.56641;0.57617;0.58594;0.5957;0.60547;0.61523;0.625;0.63477;0.64453;0.6543;0.66406;0.67383;0.68359;0.69336;0.70313;0.71289;0.72266;0.73242;0.74219;0.75195;0.76172;0.77148;0.78125;0.79102,0.006221824;0.020701184;0.020688896000000002;0.026910720000000003;0.34271641599999997;1.7621770239999999;3.364069376;2.113888256;0.896622592;0.460169216;0.165953536;0.1769472;0.107831296;0.15603712;0.512233472;0.571895808;0.138784768;0.13567180799999998;0.09971711999999999;0.071569408;0.055570431999999996;0.047939584;0.041361407999999995;0.087805952;0.082808832;0.083185664;0.11410227199999999;0.07631257600000001;0.049283072;0.0571392;0.042991616;0.026968064;0.038375424;0.044093440000000005;0.029925376;0.022020096;0.018075648;0.013303808;0.013377536;0.017563648;0.012808192000000001;0.01640448;0.020815872;0.02162688;0.012759040000000001;0.007524352000000001;0.008036352;0.009854976000000001;0.008716288;0.009990144;0.008900608;0.007073792000000001;0.006152192;0.004198400000000001;0.005840896;0.00442368;0.004706304;0.004448255999999999;0.003944448;0.005251072;0.006402048;0.0053248;0.0038993920000000002;0.0038092800000000004;0.005525504;0.004251648;0.00251904;0.003690496;0.0039772159999999996;0.0027566080000000002;0.002535424;0.003579904;0.005029888;0.003960832;0.004263936;0.00290816;0.0023470080000000003;0.002015232;0.0029695999999999998
1773808200,hdr,0.0293;0.03906;0.04883;0.05859;0.06836;0.07813;0.08789;0.09766;0.10742;0.11719;0.12695;0.13672;0.14648;0.15625;0.16602;0.17578;0.18555;0.19531;0.20508;0.21484;0.22461;0.23438;0.24414;0.25391;0.26367;0.27344;0.2832;0.29297;0.30273;0.3125;0.32227;0.33203;0.3418;0.35156;0.36133;0.37109;0.38086;0.39063;0.40039;0.41016;0.41992;0.42969;0.43945;0.44922;0.45898;0.46875;0.47852;0.48828;0.49805;0.50781;0.51758;0.52734;0.53711;0.54688;0.55664;0.56641;0.57617;0.58594;0.5957;0.60547;0.61523;0.625;0.63477;0.64453;0.6543;0.66406;0.67383;0.68359;0.69336;0.70313;0.71289;0.72266;0.73242;0.74219;0.75195;0.76172;0.77148;0.78125;0.79102,0.005630975999999999;0.016395264;0.017998847999999998;0.025125888000000002;0.290190336;1.3902489599999999;2.1489100800000003;1.7808230399999998;0.7761100799999999;0.522513408;0.24219648;0.11553484799999998;0.063025152;0.089806848;0.159418368;0.250819584;0.24701030400000004;0.162235392;0.092203008;0.040946688;0.036329472;0.056785920000000004;0.057704448;0.088286208;0.11161497599999999;0.083705856;0.06511104;0.045087744000000006;0.034876416;0.038089728;0.030532608;0.034612224;0.02915328;0.024228864000000003;0.02170368;0.017796096;0.019021824;0.024179712;0.023092224;0.022146047999999998;0.01714176;0.009222144;0.013900800000000001;0.01747968;0.010871808;0.015304704000000002;0.018060288;0.013436928000000002;0.009913344;0.008988672;0.009793536;0.008607743999999999;0.005566464;0.006976512;0.006349824;0.00534528;0.00549888;0.0034744320000000004;0.003904512;0.00436224;0.00297984;0.0038584319999999997;0.005753856000000001;0.004798464;0.0041441279999999995;0.00465408;0.003969024;0.0034467839999999996;0.0034805759999999995;0.0035665919999999995;0.002982912;0.004211712;0.003139584;0.002863104;0.002927616;0.00297984;0.002353152;0.0022272;0.0021411840000000004
1773809100,hdr,0.0293;0.03906;0.04883;0.05859;0.06836;0.07813;0.08789;0.09766;0.10742;0.11719;0.12695;0.13672;0.14648;0.15625;0.16602;0.17578;0.18555;0.19531;0.20508;0.21484;0.22461;0.23438;0.24414;0.25391;0.26367;0.27344;0.2832;0.29297;0.30273;0.3125;0.32227;0.33203;0.3418;0.35156;0.36133;0.37109;0.38086;0.39063;0.40039;0.41016;0.41992;0.42969;0.43945;0.44922;0.45898;0.46875;0.47852;0.48828;0.49805;0.50781;0.51758;0.52734;0.53711;0.54688;0.55664;0.56641;0.57617;0.58594;0.5957;0.60547;0.61523;0.625;0.63477;0.64453;0.6543;0.66406;0.67383;0.68359;0.69336;0.70313;0.71289;0.72266;0.73242;0.74219;0.75195;0.76172;0.77148;0.78125;0.79102,0.016257024;0.03735552;0.024078336;0.047345664;0.421933056;1.9853107199999998;2.871469056;2.506073088;0.9516595199999999;0.31208755200000005;0.15284121599999997;0.12323328;0.066358272;0.067651584;0.12683366399999998;0.227054592;0.18319872;0.090673152;0.064994304;0.039066623999999994;0.039911424;0.05830656;0.05042380800000001;0.061034496;0.109513728;0.078354432;0.089929728;0.06859161600000001;0.049517568000000005;0.05328384;0.037561343999999997;0.031214592;0.020742144;0.01586688;0.021660672;0.027009023999999996;0.028563456;0.0221952;0.016459776;0.017236992;0.022299648000000002;0.013802496;0.009357312;0.007962624000000001;0.007071744;0.011261951999999999;0.011630591999999999;0.010094592;0.008457215999999998;0.006248447999999999;0.004414464;0.007262208000000001;0.007274495999999999;0.009474048;0.003412992;0.0020582400000000002;0.0037509120000000003;0.005953536;0.00471552;0.002976768;0.003354624;0.0030904319999999997;0.003883008;0.00486912;0.005501952;0.004583424;0.005471232;0.004202496;0.004276224;0.0036218879999999998;0.00302592;0.002881536;0.003038208;0.0028600319999999998;0.0031027200000000002;0.0035911679999999996;0.0023070720000000003;0.001763328;0.001886208
1773810000,hdr,0.0293;0.03906;0.04883;0.05859;0.06836;0.07813;0.08789;0.09766;0.10742;0.11719;0.12695;0.13672;0.14648;0.15625;0.16602;0.17578;0.18555;0.19531;0.20508;0.21484;0.22461;0.23438;0.24414;0.25391;0.26367;0.27344;0.2832;0.29297;0.30273;0.3125;0.32227;0.33203;0.3418;0.35156;0.36133;0.37109;0.38086;0.39063;0.40039;0.41016;0.41992;0.42969;0.43945;0.44922;0.45898;0.46875;0.47852;0.48828;0.49805;0.50781;0.51758;0.52734;0.53711;0.54688;0.55664;0.56641;0.57617;0.58594;0.5957;0.60547;0.61523;0.625;0.63477;0.64453;0.6543;0.66406;0.67383;0.68359;0.69336;0.70313;0.71289;0.72266;0.73242;0.74219;0.75195;0.76172;0.77148;0.78125;0.79102,0.006647808;0.01837056;0.020404224000000002;0.053403648;0.458041344;2.720262144;5.645051904;2.857316352;0.842643456;0.28563456;0.16512;0.134879232;0.091097088;0.13910016;0.32624640000000005;0.288448512;0.214929408;0.13166592000000002;0.07433011199999999;0.071553024;0.059068416;0.04786176;0.093560832;0.09008332799999999;0.071313408;0.07523328;0.085106688;0.063793152;0.057974784;0.03216384;0.022861824;0.04875264;0.050165760000000004;0.034516991999999996;0.027015168;0.027930624;0.031481856;0.020803584000000003;0.020699136;0.0164352;0.015378432000000001;0.014131199999999998;0.014198784;0.017160191999999998;0.021780479999999998;0.016257024;0.017135616;0.014555136;0.010543104000000001;0.010401792000000002;0.009074688000000001;0.0061808639999999995;0.006825984;0.005732352;0.007391232000000001;0.010094592;0.006426624000000001;0.0039321600000000005;0.004620287999999999;0.004712448;0.005462016000000001;0.003416064;0.003139584;0.0032870399999999998;0.0027402240000000003;0.00340992;0.004632576;0.0034713599999999997;0.002592768;0.00297984;0.002469888;0.002801664;0.002893824;0.002746368;0.002893824;0.0033669119999999997;0.004073472;0.0028753919999999996;0.001634304
1773810900,hdr,0.0293;0.03906;0.04883;0.05859;0.06836;0.07813;0.08789;0.09766;0.10742;0.11719;0.12695;0.13672;0.14648;0.15625;0.16602;0.17578;0.18555;0.19531;0.20508;0.21484;0.22461;0.23438;0.24414;0.25391;0.26367;0.27344;0.2832;0.29297;0.30273;0.3125;0.32227;0.33203;0.3418;0.35156;0.36133;0.37109;0.38086;0.39063;0.40039;0.41016;0.41992;0.42969;0.43945;0.44922;0.45898;0.46875;0.47852;0.48828;0.49805;0.50781;0.51758;0.52734;0.53711;0.54688;0.55664;0.56641;0.57617;0.58594;0.5957;0.60547;0.61523;0.625;0.63477;0.64453;0.6543;0.66406;0.67383;0.68359;0.69336;0.70313;0.71289;0.72266;0.73242;0.74219;0.75195;0.76172;0.77148;0.78125;0.79102,0.0026296320000000002;0.013307904;0.020084736000000002;0.033202176;0.28302336;2.218561536;5.405036544;2.887385088;0.837390336;0.24396595199999999;0.10928332800000001;0.084037632;0.093892608;0.117331968;0.282476544;0.4623851520000001;0.259909632;0.14953267199999998;0.057329664;0.03099648;0.041250815999999996;0.05240832;0.07268352;0.071190528;0.075085824;0.061292544000000004;0.053114879999999996;0.07300915200000001;0.06878208;0.047474688;0.055805952000000006;0.042577920000000005;0.041017344;0.036513792;0.026664959999999998;0.013012992000000001;0.011814912;0.02491392;0.019574784;0.008478719999999999;0.018831360000000002;0.012478463999999998;0.009117696;0.008638464;0.008761343999999999;0.010893312;0.008914944;0.010561536;0.008656896;0.00857088;0.0074526720000000005;0.006408192000000001;0.006193152;0.0051425279999999995;0.004909056;0.006082560000000001;0.00546816;0.003766272;0.0032071680000000003;0.004478976000000001;0.003962879999999999;0.004626432;0.0043929600000000004;0.003201024;0.0047615999999999995;0.003514368;0.003035136;0.00251904;0.005787648;0.005203968;0.001861632;0.001579008;0.002543616;0.0025497600000000003;0.003237888;0.0032256;0.00218112;0.0026296320000000002;0.002605056
1773811800,hdr,0.0293;0.03906;0.04883;0.05859;0.06836;0.07813;0.08789;0.09766;0.10742;0.11719;0.12695;0.13672;0.14648;0.15625;0.16602;0.17578;0.18555;0.19531;0.20508;0.21484;0.22461;0.23438;0.24414;0.25391;0.26367;0.27344;0.2832;0.29297;0.30273;0.3125;0.32227;0.33203;0.3418;0.35156;0.36133;0.37109;0.38086;0.39063;0.40039;0.41016;0.41992;0.42969;0.43945;0.44922;0.45898;0.46875;0.47852;0.48828;0.49805;0.50781;0.51758;0.52734;0.53711;0.54688;0.55664;0.56641;0.57617;0.58594;0.5957;0.60547;0.61523;0.625;0.63477;0.64453;0.6543;0.66406;0.67383;0.68359;0.69336;0.70313;0.71289;0.72266;0.73242;0.74219;0.75195;0.76172;0.77148;0.78125;0.79102,0.02015232;0.033275903999999995;0.047529984;0.035827712;0.560050176;2.2242590719999997;3.630702592;2.3563755520000003;0.6506332159999999;0.2014208;0.113913856;0.108814336;0.086253568;0.13123993599999997;0.31237324799999994;0.41766502400000005;0.190291968;0.090259456;0.08732672;0.053039104;0.042483712;0.038039552000000004;0.07345766399999999;0.060911616;0.046338048;0.066609152;0.047931392;0.032243712;0.02390016;0.034402304;0.043339775999999997;0.034529279999999996;0.023154688000000003;0.020058112;0.012341247999999999;0.019017728;0.025595904000000003;0.023126016;0.009965568;0.006946816;0.008310784;0.012992512;0.010387456;0.008192;0.011919359999999999;0.017653759999999998;0.010801152;0.0054558720000000005;0.008011775999999998;0.008654848;0.004739072;0.005218304;0.00548864;0.006705152;0.00464896;0.002138112;0.00274432;0.00303104;0.0031539199999999997;0.002506752;0.002424832;0.0036864000000000003;0.002895872;0.0026624;0.002883584;0.0037027839999999998;0.004255744;0.004128768;0.004366336;0.002584576;0.002543616;0.002707456;0.002506752;0.00251904;0.0034406400000000005;0.003764224;0.002768896;0.001662976;0.001810432
1773812700,hdr,0.0293;0.03906;0.04883;0.05859;0.06836;0.07813;0.08789;0.09766;0.10742;0.11719;0.12695;0.13672;0.14648;0.15625;0.16602;0.17578;0.18555;0.19531;0.20508;0.21484;0.22461;0.23438;0.24414;0.25391;0.26367;0.27344;0.2832;0.29297;0.30273;0.3125;0.32227;0.33203;0.3418;0.35156;0.36133;0.37109;0.38086;0.39063;0.40039;0.41016;0.41992;0.42969;0.43945;0.44922;0.45898;0.46875;0.47852;0.48828;0.49805;0.50781;0.51758;0.52734;0.53711;0.54688;0.55664;0.56641;0.57617;0.58594;0.5957;0.60547;0.61523;0.625;0.63477;0.64453;0.6543;0.66406;0.67383;0.68359;0.69336;0.70313;0.71289;0.72266;0.73242;0.74219;0.75195;0.76172;0.77148;0.78125;0.79102,0.04795392;0.068370432;0.038135808;0.02267136;0.41315327999999996;3.2697507840000006;5.594996736000001;3.019302912;0.648050688;0.18477465599999998;0.049649663999999996;0.040839167999999995;0.06254592;0.183035904;0.36989952000000004;0.510332928;0.42375168;0.15166464;0.049127423999999996;0.039739392;0.040046592000000006;0.043880447999999996;0.0634368;0.10814054399999999;0.0920064;0.0508416;0.054104064;0.031488;0.020987904;0.024385536;0.020932608000000002;0.0327168;0.037595136;0.026757120000000002;0.017295359999999996;0.013694976000000001;0.022032384000000002;0.022603776000000003;0.014923776000000001;0.013129727999999998;0.011476992;0.013350912;0.010715136;0.008699904;0.006807552000000001;0.005167104;0.007876607999999998;0.006647808;0.006948864000000001;0.004896768;0.0049582079999999995;0.005597184;0.00420864;0.0046940160000000005;0.004872192;0.003250176;0.002783232;0.004472832;0.0023408640000000002;0.00181248;0.002107392;0.00258048;0.003434496;0.004472832;0.0024637440000000004;0.0013639680000000001;0.0017326080000000003;0.0025989119999999997;0.003047424;0.002721792;0.002568192;0.0019353600000000001;0.001867776;0.0032993280000000002;0.0033853439999999998;0.003139584;0.003391488;0.0031703039999999997;0.00384
1773813600,hdr,0.0293;0.03906;0.04883;0.05859;0.06836;0.07813;0.08789;0.09766;0.10742;0.11719;0.12695;0.13672;0.14648;0.15625;0.16602;0.17578;0.18555;0.19531;0.20508;0.21484;0.22461;0.23438;0.24414;0.25391;0.26367;0.27344;0.2832;0.29297;0.30273;0.3125;0.32227;0.33203;0.3418;0.35156;0.36133;0.37109;0.38086;0.39063;0.40039;0.41016;0.41992;0.42969;0.43945;0.44922;0.45898;0.46875;0.47852;0.48828;0.49805;0.50781;0.51758;0.52734;0.53711;0.54688;0.55664;0.56641;0.57617;0.58594;0.5957;0.60547;0.61523;0.625;0.63477;0.64453;0.6543;0.66406;0.67383;0.68359;0.69336;0.70313;0.71289;0.72266;0.73242;0.74219;0.75195;0.76172;0.77148;0.78125;0.79102,0.011919359999999999;0.032866304;0.048500736;0.050200576000000004;0.359292928;2.336382976;3.551154176;1.572564992;0.500834304;0.15056076799999998;0.099938304;0.085254144;0.10022502400000001;0.217522176;0.300470272;0.302678016;0.23318937600000003;0.120127488;0.06831718399999999;0.043737088;0.041893888;0.04204544;0.094629888;0.130748416;0.106827776;0.079609856;0.052482048;0.053284864;0.057372672;0.04626432;0.034144256;0.027615232;0.026165248;0.016900096;0.014262272;0.02398208;0.019685376;0.020430848;0.019501055999999996;0.011476991999999998;0.010887168000000001;0.010272768;0.008978432;0.008970239999999999;0.007110656;0.005353472;0.00837632;0.00923648;0.006823936;0.006406144;0.004665344;0.004009984;0.004202496;0.005156864;0.004313088;0.003694592;0.0032890880000000003;0.0027729919999999997;0.002813952;0.0026624;0.002134016;0.00206848;0.001789952;0.0018964479999999998;0.0022323200000000003;0.001441792;0.001593344;0.0018882559999999998;0.0014827520000000002;0.0012001280000000002;0.001388544;0.0016097280000000002;0.00165888;0.001687552;0.001937408;0.0027156479999999998;0.0026419199999999994;0.0019046400000000002;0.00126976
1773814500,hdr,0.0293;0.03906;0.04883;0.05859;0.06836;0.07813;0.08789;0.09766;0.10742;0.11719;0.12695;0.13672;0.14648;0.15625;0.16602;0.17578;0.18555;0.19531;0.20508;0.21484;0.22461;0.23438;0.24414;0.25391;0.26367;0.27344;0.2832;0.29297;0.30273;0.3125;0.32227;0.33203;0.3418;0.35156;0.36133;0.37109;0.38086;0.39063;0.40039;0.41016;0.41992;0.42969;0.43945;0.44922;0.45898;0.46875;0.47852;0.48828;0.49805;0.50781;0.51758;0.52734;0.53711;0.54688;0.55664;0.56641;0.57617;0.58594;0.5957;0.60547;0.61523;0.625;0.63477;0.64453;0.6543;0.66406;0.67383;0.68359;0.69336;0.70313;0.71289;0.72266;0.73242;0.74219;0.75195;0.76172;0.77148;0.78125;0.79102,0.15427174400000002;0.21329920000000002;0.155787264;0.161939456;0.280510464;1.82030336;3.6144128;2.3943905279999997;0.829640704;0.224530432;0.151863296;0.07797555199999999;0.08448;0.183443456;0.28990668799999997;0.39081984000000003;0.284884992;0.18337791999999997;0.08899788800000001;0.040255488;0.035913728;0.051195904;0.05748326399999999;0.08114176000000001;0.09419980800000001;0.05943296;0.032763903999999996;0.024031232;0.024293376;0.03383296;0.021573632000000002;0.021307392;0.016793600000000002;0.015364095999999999;0.019509248;0.01624064;0.01130496;0.010620928;0.00948224;0.012169216;0.012713984000000001;0.010768384;0.007835648;0.006918144;0.009351168;0.008601600000000001;0.006549504;0.011567104000000002;0.008134656;0.005337087999999999;0.005132288;0.004964352;0.005828608;0.0024576;0.002752512;0.002228224;0.002228224;0.002551808;0.0028999679999999997;0.0023920639999999997;0.002379776;0.001536;0.00178176;0.001540096;0.001384448;0.001593344;0.001695744;0.002215936;0.0016916480000000002;0.00137216;0.001261568;0.002019328;0.002412544;0.00202752;0.0016220159999999998;0.00149504;0.001777664;0.001855488;0.0027402240000000003
1773815400,hdr,0.0293;0.03906;0.04883;0.05859;0.06836;0.07813;0.08789;0.09766;0.10742;0.11719;0.12695;0.13672;0.14648;0.15625;0.16602;0.17578;0.18555;0.19531;0.20508;0.21484;0.22461;0.23438;0.24414;0.25391;0.26367;0.27344;0.2832;0.29297;0.30273;0.3125;0.32227;0.33203;0.3418;0.35156;0.36133;0.37109;0.38086;0.39063;0.40039;0.41016;0.41992;0.42969;0.43945;0.44922;0.45898;0.46875;0.47852;0.48828;0.49805;0.50781;0.51758;0.52734;0.53711;0.54688;0.55664;0.56641;0.57617;0.58594;0.5957;0.60547;0.61523;0.625;0.63477;0.64453;0.6543;0.66406;0.67383;0.68359;0.69336;0.70313;0.71289;0.72266;0.73242;0.74219;0.75195;0.76172;0.77148;0.78125;0.79102,0.00992768;0.038277120000000005;0.07952384;0.16165375999999998;0.690688;2.7283916799999997;5.1139481600000005;2.35721216;0.32027648;0.2195456;0.11967487999999998;0.07560704000000001;0.07049216;0.16053248;0.4067328;0.40237056;0.33924096;0.1878528;0.08391679999999999;0.04150784;0.036136959999999996;0.04601856;0.054789120000000004;0.07981056;0.07071744;0.08698368000000001;0.05692928;0.038108159999999995;0.02359808;0.01964032;0.018877440000000002;0.023214079999999998;0.02464768;0.01272832;0.012651520000000001;0.012712959999999999;0.01122816;0.010373120000000001;0.010030079999999999;0.012968960000000002;0.011847680000000001;0.01009152;0.005416959999999999;0.004459520000000001;0.00485888;0.0043008000000000005;0.0077056;0.00612352;0.00480256;0.0051046400000000006;0.00444928;0.0050688;0.004234239999999999;0.00374784;0.00356352;0.0038502399999999996;0.0030412800000000004;0.0024064;0.00187904;0.00283648;0.00264704;0.00202752;0.0024422399999999996;0.0019711999999999998;0.00150528;0.00230912;0.0025344;0.0012953600000000002;0.0013977600000000003;0.00193024;0.0012032;0.0007014399999999999;0.0011366400000000002;0.00122368;0.00116224;0.0011007999999999999;0.0017152;0.001408;0.0013158400000000002
1773816300,hdr,0.0293;0.03906;0.04883;0.05859;0.06836;0.07813;0.08789;0.09766;0.10742;0.11719;0.12695;0.13672;0.14648;0.15625;0.16602;0.17578;0.18555;0.19531;0.20508;0.21484;0.22461;0.23438;0.24414;0.25391;0.26367;0.27344;0.2832;0.29297;0.30273;0.3125;0.32227;0.33203;0.3418;0.35156;0.36133;0.37109;0.38086;0.39063;0.40039;0.41016;0.41992;0.42969;0.43945;0.44922;0.45898;0.46875;0.47852;0.48828;0.49805;0.50781;0.51758;0.52734;0.53711;0.54688;0.55664;0.56641;0.57617;0.58594;0.5957;0.60547;0.61523;0.625;0.63477;0.64453;0.6543;0.66406;0.67383;0.68359;0.69336;0.70313;0.71289;0.72266;0.73242;0.74219;0.75195;0.76172;0.77148;0.78125;0.79102,0.029687808;0.049217536;0.063791104;0.07574323200000001;0.6854123520000001;2.891341824;4.081364991999999;1.754509312;0.402755584;0.113631232;0.056147968;0.052609024;0.107094016;0.197500928;0.305946624;0.349319168;0.201404416;0.15357132799999998;0.100040704;0.037117952;0.039997439999999995;0.027418624;0.045522944;0.070918144;0.09814015999999999;0.06404096;0.051064832000000004;0.052645888;0.03213312;0.023281664;0.016388096;0.01435648;0.014856192;0.013352959999999999;0.00997376;0.006041599999999999;0.00802816;0.006524928;0.007294976000000001;0.00837632;0.010821632;0.011681792;0.010805248000000002;0.007110656;0.004120576;0.0047636480000000005;0.004972544;0.005054464;0.004665344;0.002748416;0.0033873920000000004;0.003883008;0.0045424639999999995;0.005808128;0.0033341440000000003;0.003047424;0.0031703039999999997;0.00262144;0.0019169279999999998;0.0020357120000000003;0.0024739840000000003;0.002019328;0.0028876799999999997;0.002142208;0.0019251199999999998;0.002199552;0.00178176;0.0018636800000000002;0.00151552;0.001318912;0.001388544;0.0022732800000000004;0.00159744;0.002060288;0.0023265280000000004;0.002445312;0.002097152;0.0019046400000000002;0.001318912
1773817200,hdr,0.0293;0.03906;0.04883;0.05859;0.06836;0.07813;0.08789;0.09766;0.10742;0.11719;0.12695;0.13672;0.14648;0.15625;0.16602;0.17578;0.18555;0.19531;0.20508;0.21484;0.22461;0.23438;0.24414;0.25391;0.26367;0.27344;0.2832;0.29297;0.30273;0.3125;0.32227;0.33203;0.3418;0.35156;0.36133;0.37109;0.38086;0.39063;0.40039;0.41016;0.41992;0.42969;0.43945;0.44922;0.45898;0.46875;0.47852;0.48828;0.49805;0.50781;0.51758;0.52734;0.53711;0.54688;0.55664;0.56641;0.57617;0.58594;0.5957;0.60547;0.61523;0.625;0.63477;0.64453;0.6543;0.66406;0.67383;0.68359;0.69336;0.70313;0.71289;0.72266;0.73242;0.74219;0.75195;0.76172;0.77148;0.78125;0.79102,0.027131904;0.09009868800000001;0.074044416;0.064346112;0.5369241599999999;2.4629821439999997;3.0306816000000003;2.161769472;0.819366912;0.190669824;0.10258944;0.04432896;0.070831104;0.19803648;0.42375168;0.434079744;0.19833753599999998;0.14388326399999998;0.06281011199999999;0.038212608;0.042286080000000004;0.051373056;0.054660096;0.06301286399999999;0.040375296000000005;0.04210176;0.039315456;0.02479104;0.022769664000000002;0.014208;0.009510912;0.014195712;0.015624192;0.012865536;0.014671871999999999;0.010260479999999999;0.007968768;0.007142399999999999;0.008076288;0.010420224;0.010103807999999999;0.007919616;0.0064665600000000005;0.007397376;0.00540672;0.006196224;0.0083712;0.00634368;0.005412864;0.004276224;0.0036864;0.004015104;0.002506752;0.002353152;0.0022272;0.0021196799999999997;0.00241152;0.001837056;0.0014776319999999998;0.001677312;0.001726464;0.001708032;0.0022824959999999997;0.0023470080000000003;0.0017541120000000002;0.001618944;0.0015974399999999999;0.0015022079999999999;0.001529856;0.001296384;0.0013055999999999999;0.001661952;0.001416192;0.002101248;0.001846272;0.00109056;0.001256448;0.0012380159999999998;0.001422336
1773818100,hdr,0.0293;0.03906;0.04883;0.05859;0.06836;0.07813;0.08789;0.09766;0.10742;0.11719;0.12695;0.13672;0.14648;0.15625;0.16602;0.17578;0.18555;0.19531;0.20508;0.21484;0.22461;0.23438;0.24414;0.25391;0.26367;0.27344;0.2832;0.29297;0.30273;0.3125;0.32227;0.33203;0.3418;0.35156;0.36133;0.37109;0.38086;0.39063;0.40039;0.41016;0.41992;0.42969;0.43945;0.44922;0.45898;0.46875;0.47852;0.48828;0.49805;0.50781;0.51758;0.52734;0.53711;0.54688;0.55664;0.56641;0.57617;0.58594;0.5957;0.60547;0.61523;0.625;0.63477;0.64453;0.6543;0.66406;0.67383;0.68359;0.69336;0.70313;0.71289;0.72266;0.73242;0.74219;0.75195;0.76172;0.77148;0.78125;0.79102,0.024748032;0.035598336;0.033275903999999995;0.087232512;0.7483310080000001;3.207663616;2.861056;1.165893632;0.565694464;0.218267648;0.06722355199999999;0.066056192;0.10792959999999999;0.194584576;0.27295334400000004;0.2598912;0.214360064;0.11748147199999999;0.075075584;0.038002688;0.022163455999999998;0.06476185599999999;0.066699264;0.079020032;0.06909952;0.065585152;0.036503551999999995;0.026947584;0.029810688;0.019439616000000003;0.014569472;0.011931648;0.020062207999999998;0.019259392;0.021250048;0.015179775999999999;0.007401472;0.006127616;0.005537792;0.00708608;0.007512064;0.007831552;0.007565312;0.006938624;0.007274496;0.004481023999999999;0.003186688;0.003710976;0.004554752;0.004321279999999999;0.0021504000000000002;0.0022323200000000003;0.002019328;0.003735552;0.003182592;0.004722688;0.0049602560000000006;0.003272704;0.001548288;0.002052096;0.0014213119999999999;0.0016424959999999998;0.00270336;0.002605056;0.002596864;0.0024330239999999998;0.0023552;0.00217088;0.0020357120000000003;0.0017244159999999999;0.0022732800000000004;0.002502656;0.0025108480000000004;0.0018800639999999999;0.001507328;0.001626112;0.001548288;0.001089536;0.0019169279999999998
1773819000,hdr,0.0293;0.03906;0.04883;0.05859;0.06836;0.07813;0.08789;0.09766;0.10742;0.11719;0.12695;0.13672;0.14648;0.15625;0.16602;0.17578;0.18555;0.19531;0.20508;0.21484;0.22461;0.23438;0.24414;0.25391;0.26367;0.27344;0.2832;0.29297;0.30273;0.3125;0.32227;0.33203;0.3418;0.35156;0.36133;0.37109;0.38086;0.39063;0.40039;0.41016;0.41992;0.42969;0.43945;0.44922;0.45898;0.46875;0.47852;0.48828;0.49805;0.50781;0.51758;0.52734;0.53711;0.54688;0.55664;0.56641;0.57617;0.58594;0.5957;0.60547;0.61523;0.625;0.63477;0.64453;0.6543;0.66406;0.67383;0.68359;0.69336;0.70313;0.71289;0.72266;0.73242;0.74219;0.75195;0.76172;0.77148;0.78125;0.79102,0.013430784;0.018680831999999998;0.010186752;0.02846208;0.47418470399999996;1.915398144;2.1808189440000003;1.0313472;0.35217408;0.125454336;0.062567424;0.062656512;0.121565184;0.300512256;0.408357888;0.322818048;0.22865817600000002;0.152291328;0.075734016;0.03268608;0.031481856;0.046786560000000005;0.05221478400000001;0.07501516800000001;0.07061606399999999;0.038817792000000004;0.027362304;0.022496256;0.029150208;0.019046399999999998;0.014487551999999999;0.008156159999999999;0.014684160000000002;0.014825472000000001;0.016763904;0.018643968;0.010727424;0.0069888;0.006859776000000001;0.005520384;0.00588288;0.008162304;0.0075264;0.007028736;0.005056512;0.0041809920000000006;0.003827712;0.0039321600000000005;0.005372928;0.0036864;0.0032102399999999996;0.0024514560000000003;0.003692544;0.0040765440000000005;0.0032040960000000005;0.0028600319999999998;0.002632704;0.00273408;0.004205568;0.003910656;0.00241152;0.0016404479999999999;0.0018001920000000002;0.0024453120000000003;0.002681856;0.002528256;0.001876992;0.001784832;0.001434624;0.00147456;0.0015544320000000003;0.002125824;0.002322432;0.0019937279999999997;0.002168832;0.001963008;0.001152;0.001668096;0.002110464
1773819900,hdr,0.0293;0.03906;0.04883;0.05859;0.06836;0.07813;0.08789;0.09766;0.10742;0.11719;0.12695;0.13672;0.14648;0.15625;0.16602;0.17578;0.18555;0.19531;0.20508;0.21484;0.22461;0.23438;0.24414;0.25391;0.26367;0.27344;0.2832;0.29297;0.30273;0.3125;0.32227;0.33203;0.3418;0.35156;0.36133;0.37109;0.38086;0.39063;0.40039;0.41016;0.41992;0.42969;0.43945;0.44922;0.45898;0.46875;0.47852;0.48828;0.49805;0.50781;0.51758;0.52734;0.53711;0.54688;0.55664;0.56641;0.57617;0.58594;0.5957;0.60547;0.61523;0.625;0.63477;0.64453;0.6543;0.66406;0.67383;0.68359;0.69336;0.70313;0.71289;0.72266;0.73242;0.74219;0.75195;0.76172;0.77148;0.78125;0.79102,0.034185216;0.053922816;0.033122304;0.051956736;0.6789734399999999;2.101039104;2.204276736;1.730558976;0.669253632;0.2187264;0.09662361600000001;0.063876096;0.088704;0.22177382400000004;0.339388416;0.40444416;0.268996608;0.186842112;0.11451801599999999;0.053981184;0.038814720000000004;0.035672064;0.038129663999999994;0.068032512;0.07169433600000001;0.060675072000000004;0.037054464;0.039303168;0.017255424;0.018014208000000004;0.021046272;0.016441344;0.020287487999999996;0.018048;0.011006975999999998;0.010960896000000001;0.008733695999999999;0.007535616;0.009649152;0.007824383999999998;0.010481664;0.009947136;0.0058521599999999995;0.0050688;0.005766144;0.006872064;0.00549888;0.007446528;0.006653952;0.004687872;0.004847616;0.004601856;0.003714048;0.00471552;0.0032747520000000006;0.0038707200000000002;0.004844544;0.005443584;0.003462144;0.0022394880000000004;0.0025958400000000003;0.0031272960000000003;0.003323904;0.0028968960000000004;0.002737152;0.002712576;0.003492864;0.00356352;0.0022517760000000005;0.002562048;0.003038208;0.002546688;0.003698688;0.003228672;0.00227328;0.001987584;0.0021565440000000003;0.001557504;0.00221184
1773820800,hdr,0.0293;0.03906;0.04883;0.05859;0.06836;0.07813;0.08789;0.09766;0.10742;0.11719;0.12695;0.13672;0.14648;0.15625;0.16602;0.17578;0.18555;0.19531;0.20508;0.21484;0.22461;0.23438;0.24414;0.25391;0.26367;0.27344;0.2832;0.29297;0.30273;0.3125;0.32227;0.33203;0.3418;0.35156;0.36133;0.37109;0.38086;0.39063;0.40039;0.41016;0.41992;0.42969;0.43945;0.44922;0.45898;0.46875;0.47852;0.48828;0.49805;0.50781;0.51758;0.52734;0.53711;0.54688;0.55664;0.56641;0.57617;0.58594;0.5957;0.60547;0.61523;0.625;0.63477;0.64453;0.6543;0.66406;0.67383;0.68359;0.69336;0.70313;0.71289;0.72266;0.73242;0.74219;0.75195;0.76172;0.77148;0.78125;0.79102,0.013234176;0.017504256000000003;0.021446655999999998;0.041052160000000004;0.507756544;1.665306624;1.8333696000000002;1.647796224;0.508450816;0.13716480000000003;0.082458624;0.06816768000000001;0.0922624;0.234057728;0.263276544;0.213225472;0.21300223999999998;0.20161126399999998;0.11351040000000001;0.03972096;0.028192768;0.036079616;0.05999001599999999;0.081995776;0.08705638399999999;0.091582464;0.052127744;0.0442368;0.033179648;0.018276352;0.025219072;0.026761216;0.023392256;0.0192;0.017154047999999998;0.016105472;0.007702528;0.003637248;0.006584319999999999;0.005636096;0.00551936;0.0049582079999999995;0.006703104;0.00695296;0.007876608;0.008790016;0.008232960000000001;0.005632;0.004163584;0.006074367999999999;0.007065599999999999;0.004630528;0.00371712;0.002445312;0.00247808;0.0027729919999999997;0.00273408;0.003096576;0.002459648;0.001978368;0.001849344;0.001830912;0.0023818240000000003;0.003039232;0.0030822400000000004;0.002719744;0.001509376;0.001636352;0.001941504;0.002234368;0.001902592;0.001902592;0.002048;0.0020172799999999998;0.001849344;0.0026112;0.0020254720000000004;0.002021376;0.00257024
1773821700,hdr,0.0293;0.03906;0.04883;0.05859;0.06836;0.07813;0.08789;0.09766;0.10742;0.11719;0.12695;0.13672;0.14648;0.15625;0.16602;0.17578;0.18555;0.19531;0.20508;0.21484;0.22461;0.23438;0.24414;0.25391;0.26367;0.27344;0.2832;0.29297;0.30273;0.3125;0.32227;0.33203;0.3418;0.35156;0.36133;0.37109;0.38086;0.39063;0.40039;0.41016;0.41992;0.42969;0.43945;0.44922;0.45898;0.46875;0.47852;0.48828;0.49805;0.50781;0.51758;0.52734;0.53711;0.54688;0.55664;0.56641;0.57617;0.58594;0.5957;0.60547;0.61523;0.625;0.63477;0.64453;0.6543;0.66406;0.67383;0.68359;0.69336;0.70313;0.71289;0.72266;0.73242;0.74219;0.75195;0.76172;0.77148;0.78125;0.79102,0.017850368;0.065845248;0.051347456;0.11131904000000001;0.225918976;0.906917888;1.5984988160000002;1.253289984;0.597696512;0.196855808;0.06788300800000001;0.042645504;0.058712064;0.26509312;0.619685888;0.5813657600000001;0.352157696;0.170317824;0.082587648;0.039944192;0.029714431999999995;0.045953023999999995;0.075266048;0.112979968;0.094144512;0.054818816;0.039739392;0.037136384;0.026097664;0.021696511999999998;0.030224384000000003;0.032653312;0.026073088;0.023515136;0.013692928;0.009273344;0.009054208;0.010805248000000002;0.011108352;0.01092608;0.0073154560000000006;0.007077888;0.005945344;0.005535744;0.0066048;0.0035061759999999997;0.004401152;0.00290816;0.0052019200000000005;0.003805184;0.003753984;0.002412544;0.0018944;0.002146304;0.003991552;0.00472064;0.004102144;0.0026112;0.002138112;0.002840576;0.0018288640000000001;0.003158016;0.001792;0.002172928;0.0019169279999999998;0.002021376;0.002387968;0.002361344;0.00177152;0.001214464;0.00152576;0.0013393919999999998;0.002004992;0.0025251839999999998;0.0017018880000000001;0.001110016;0.001275904;0.0014499839999999999;0.001435648
1773822600,hdr,0.0293;0.03906;0.04883;0.05859;0.06836;0.07813;0.08789;0.09766;0.10742;0.11719;0.12695;0.13672;0.14648;0.15625;0.16602;0.17578;0.18555;0.19531;0.20508;0.21484;0.22461;0.23438;0.24414;0.25391;0.26367;0.27344;0.2832;0.29297;0.30273;0.3125;0.32227;0.33203;0.3418;0.35156;0.36133;0.37109;0.38086;0.39063;0.40039;0.41016;0.41992;0.42969;0.43945;0.44922;0.45898;0.46875;0.47852;0.48828;0.49805;0.50781;0.51758;0.52734;0.53711;0.54688;0.55664;0.56641;0.57617;0.58594;0.5957;0.60547;0.61523;0.625;0.63477;0.64453;0.6543;0.66406;0.67383;0.68359;0.69336;0.70313;0.71289;0.72266;0.73242;0.74219;0.75195;0.76172;0.77148;0.78125;0.79102,0.024213504;0.010491904;0.014882816;0.037484544;0.5822853119999999;2.042601472;2.04433408;1.208162304;0.504907776;0.13459046400000002;0.059416576;0.036134912;0.11567718399999999;0.31870156800000005;0.427433984;0.520144896;0.351690752;0.155211776;0.038295552000000004;0.03652812800000001;0.052840448000000005;0.10632192000000001;0.171708416;0.19059507199999998;0.11337113600000001;0.042354688;0.035125248;0.028213248;0.018257919999999997;0.01773568;0.022259712;0.024225791999999996;0.011958271999999999;0.011442176;0.010620928;0.011245568000000001;0.010442752;0.0067952640000000005;0.004780032;0.004231168;0.005597184;0.008935423999999999;0.009490432;0.006178816000000001;0.005234688;0.003680256;0.003729408;0.003844096;0.00472064;0.005150719999999999;0.005412864;0.004198400000000001;0.004272128000000001;0.00603136;0.003897344;0.0035368960000000003;0.001933312;0.002691072;0.003858432;0.0050524160000000005;0.003182592;0.002910208;0.0027217920000000002;0.0031232000000000005;0.0025743360000000004;0.001910784;0.0018800639999999999;0.002568192;0.0021299199999999996;0.001636352;0.002220032;0.0025108480000000004;0.002441216;0.00207872;0.002185216;0.0014151679999999999;0.0013864959999999999;0.001159168;0.0016977919999999998
1773823500,hdr,0.0293;0.03906;0.04883;0.05859;0.06836;0.07813;0.08789;0.09766;0.10742;0.11719;0.12695;0.13672;0.14648;0.15625;0.16602;0.17578;0.18555;0.19531;0.20508;0.21484;0.22461;0.23438;0.24414;0.25391;0.26367;0.27344;0.2832;0.29297;0.30273;0.3125;0.32227;0.33203;0.3418;0.35156;0.36133;0.37109;0.38086;0.39063;0.40039;0.41016;0.41992;0.42969;0.43945;0.44922;0.45898;0.46875;0.47852;0.48828;0.49805;0.50781;0.51758;0.52734;0.53711;0.54688;0.55664;0.56641;0.57617;0.58594;0.5957;0.60547;0.61523;0.625;0.63477;0.64453;0.6543;0.66406;0.67383;0.68359;0.69336;0.70313;0.71289;0.72266;0.73242;0.74219;0.75195;0.76172;0.77148;0.78125;0.79102,0.002909184;0.023648256000000003;0.043232256000000004;0.067639296;0.40179609599999994;1.443941376;2.379657216;1.08721152;0.26968473600000004;0.223954944;0.091689984;0.03847065599999999;0.08425267199999999;0.23145676799999998;0.279687168;0.280790016;0.224212992;0.115270656;0.047265792;0.025171968;0.053351424;0.060392447999999994;0.06714777599999999;0.08279040000000001;0.051566591999999994;0.036946943999999995;0.033048576;0.034427904;0.028250111999999997;0.028532735999999996;0.02889216;0.019866624;0.020656128;0.020616192;0.016336896;0.011649024;0.008702976000000001;0.007351296;0.006908928000000001;0.010361856;0.007683072;0.0063621120000000005;0.00433152;0.005643264;0.005750783999999999;0.005793792000000001;0.00354816;0.003231744;0.002878464;0.0032256;0.006355968;0.004377600000000001;0.004328448;0.004104192;0.002205696;0.002055168;0.00181248;0.00192;0.003434496;0.003443712;0.002758656;0.0024852480000000002;0.0025344;0.0023408640000000002;0.0021626880000000003;0.0020705280000000003;0.0021319679999999997;0.0019937279999999997;0.0017602560000000002;0.0019660800000000003;0.002601984;0.001861632;0.002067456;0.0019384320000000003;0.0013946879999999998;0.001618944;0.0010291200000000001;0.00086016;0.0008048640000000001
1773825300,hdr,0.0293;0.03906;0.04883;0.05859;0.06836;0.07813;0.08789;0.09766;0.10742;0.11719;0.12695;0.13672;0.14648;0.15625;0.16602;0.17578;0.18555;0.19531;0.20508;0.21484;0.22461;0.23438;0.24414;0.25391;0.26367;0.27344;0.2832;0.29297;0.30273;0.3125;0.32227;0.33203;0.3418;0.35156;0.36133;0.37109;0.38086;0.39063;0.40039;0.41016;0.41992;0.42969;0.43945;0.44922;0.45898;0.46875;0.47852;0.48828;0.49805;0.50781;0.51758;0.52734;0.53711;0.54688;0.55664;0.56641;0.57617;0.58594;0.5957;0.60547;0.61523;0.625;0.63477;0.64453;0.6543;0.66406;0.67383;0.68359;0.69336;0.70313;0.71289;0.72266;0.73242;0.74219;0.75195;0.76172;0.77148;0.78125;0.79102,0.005855232;0.00973824;0.013744128000000001;0.031864831999999996;0.42305536;1.471526912;1.8238197760000001;1.2258242560000001;0.47378636799999996;0.29244211200000003;0.12045926400000001;0.058568704;0.08020582400000001;0.26091929599999997;0.46296064000000003;0.420837376;0.18745344;0.147695616;0.11267072;0.038563839999999995;0.025665536;0.044234752;0.078168064;0.094418944;0.055769088;0.041814016;0.030201856;0.023363584;0.0159232;0.01804288;0.023472128000000002;0.021422080000000003;0.011292672;0.0139776;0.01366016;0.01248256;0.009848832;0.006191104;0.007319552;0.005367808;0.006492159999999999;0.007077888;0.0051302399999999995;0.0037621760000000003;0.005218304;0.006793216;0.00560128;0.004702207999999999;0.0037396479999999995;0.003975168;0.00357376;0.002197504;0.002312192;0.003176448;0.00244736;0.002953216;0.003360768;0.0026234879999999998;0.0025989119999999997;0.0016302080000000002;0.001605632;0.004386816;0.003708928;0.0022896640000000003;0.001304576;0.0011796480000000002;0.001476608;0.001247232;0.0019128320000000002;0.0014704639999999999;0.0016179200000000001;0.001548288;0.0016609279999999999;0.00136192;0.001316864;0.001531904;0.001288192;0.001118208;0.000995328
1773826200,hdr,0.0293;0.03906;0.04883;0.05859;0.06836;0.07813;0.08789;0.09766;0.10742;0.11719;0.12695;0.13672;0.14648;0.15625;0.16602;0.17578;0.18555;0.19531;0.20508;0.21484;0.22461;0.23438;0.24414;0.25391;0.26367;0.27344;0.2832;0.29297;0.30273;0.3125;0.32227;0.33203;0.3418;0.35156;0.36133;0.37109;0.38086;0.39063;0.40039;0.41016;0.41992;0.42969;0.43945;0.44922;0.45898;0.46875;0.47852;0.48828;0.49805;0.50781;0.51758;0.52734;0.53711;0.54688;0.55664;0.56641;0.57617;0.58594;0.5957;0.60547;0.61523;0.625;0.63477;0.64453;0.6543;0.66406;0.67383;0.68359;0.69336;0.70313;0.71289;0.72266;0.73242;0.74219;0.75195;0.76172;0.77148;0.78125;0.79102,0.013473792000000002;0.023549952000000002;0.017061887999999997;0.055661568;0.384024576;1.701006336;2.494657536;1.1739924480000001;0.35031552;0.090402816;0.036836351999999996;0.03907584;0.120554496;0.300675072;0.344918016;0.29769523200000003;0.192301056;0.09637171200000001;0.044273664;0.0173568;0.021909504;0.027475968;0.039143423999999996;0.056300544;0.053277696000000006;0.025193472;0.015442944000000002;0.013095936;0.014450688;0.014748671999999999;0.009292799999999999;0.009851904;0.0122112;0.014696448;0.012076031999999999;0.007993344;0.009065472;0.0045772799999999995;0.004174848;0.005772288;0.004279295999999999;0.004552703999999999;0.0052746239999999995;0.004257792000000001;0.00451584;0.006045696000000001;0.002743296;0.002482176;0.002985984;0.0030074880000000004;0.0022947840000000002;0.00273408;0.0022487040000000002;0.0031242239999999997;0.003581952;0.0024207359999999997;0.0017971200000000001;0.0019476480000000002;0.001837056;0.002869248;0.00241152;0.00178176;0.0016988160000000001;0.00133632;0.002233344;0.001560576;0.001056768;0.000811008;0.0008017920000000001;0.000924672;0.0012226560000000001;0.0010752000000000001;0.0011550719999999998;0.001022976;0.000970752;0.0009891840000000002;0.001007616;0.0012257280000000001;0.000715776
1773827100,hdr,0.0293;0.03906;0.04883;0.05859;0.06836;0.07813;0.08789;0.09766;0.10742;0.11719;0.12695;0.13672;0.14648;0.15625;0.16602;0.17578;0.18555;0.19531;0.20508;0.21484;0.22461;0.23438;0.24414;0.25391;0.26367;0.27344;0.2832;0.29297;0.30273;0.3125;0.32227;0.33203;0.3418;0.35156;0.36133;0.37109;0.38086;0.39063;0.40039;0.41016;0.41992;0.42969;0.43945;0.44922;0.45898;0.46875;0.47852;0.48828;0.49805;0.50781;0.51758;0.52734;0.53711;0.54688;0.55664;0.56641;0.57617;0.58594;0.5957;0.60547;0.61523;0.625;0.63477;0.64453;0.6543;0.66406;0.67383;0.68359;0.69336;0.70313;0.71289;0.72266;0.73242;0.74219;0.75195;0.76172;0.77148;0.78125;0.79102,0.018223104;0.026609663999999998;0.012064768;0.034004992;0.36918681600000003;1.1329249279999998;1.561810944;1.0149089279999999;0.42958438400000004;0.199530496;0.07888076799999999;0.051515392;0.08144896;0.210972672;0.28627148799999996;0.26380288;0.165064704;0.078747648;0.059850752;0.031531008;0.0293888;0.023023616;0.029345792;0.051732480000000004;0.047745024;0.028295168000000002;0.017254400000000003;0.013602816;0.009699328;0.007858176;0.012503040000000002;0.012613632000000001;0.00956416;0.007983104;0.009648128;0.009017343999999998;0.008925184;0.0053616639999999995;0.005236736;0.003444736;0.003721216;0.0053063680000000005;0.0053391359999999995;0.005255168;0.00340992;0.0028876799999999997;0.005023743999999999;0.003223552;0.0029122560000000002;0.003713024;0.003145728;0.0030453760000000002;0.002316288;0.001574912;0.0019189760000000002;0.0017039359999999999;0.001343488;0.0023470080000000003;0.0026071040000000003;0.001980416;0.0009400319999999999;0.001343488;0.002267136;0.002117632;0.002435072;0.002516992;0.002158592;0.001742848;0.0022732800000000004;0.0019824639999999998;0.001251328;0.001439744;0.001271808;0.0007843840000000001;0.000987136;0.001153024;0.001185792;0.0011837439999999998;0.000663552
1773828000,hdr,0.0293;0.03906;0.04883;0.05859;0.06836;0.07813;0.08789;0.09766;0.10742;0.11719;0.12695;0.13672;0.14648;0.15625;0.16602;0.17578;0.18555;0.19531;0.20508;0.21484;0.22461;0.23438;0.24414;0.25391;0.26367;0.27344;0.2832;0.29297;0.30273;0.3125;0.32227;0.33203;0.3418;0.35156;0.36133;0.37109;0.38086;0.39063;0.40039;0.41016;0.41992;0.42969;0.43945;0.44922;0.45898;0.46875;0.47852;0.48828;0.49805;0.50781;0.51758;0.52734;0.53711;0.54688;0.55664;0.56641;0.57617;0.58594;0.5957;0.60547;0.61523;0.625;0.63477;0.64453;0.6543;0.66406;0.67383;0.68359;0.69336;0.70313;0.71289;0.72266;0.73242;0.74219;0.75195;0.76172;0.77148;0.78125;0.79102,0.011782144;0.025034752;0.036390912;0.047126528;0.450394112;1.7419366399999998;1.817296896;1.000687616;0.504948736;0.23897088;0.11379916799999999;0.038926336;0.056993792;0.230545408;0.416315392;0.339093504;0.180137984;0.120496128;0.060710912000000006;0.031152128;0.03383296;0.043327488000000004;0.057858047999999995;0.055681023999999996;0.046620672;0.029290496;0.028598272;0.027797504;0.016834560000000002;0.01574912;0.016205824;0.010522624;0.011319296;0.007122944000000001;0.007653375999999999;0.009140224;0.00735232;0.007870464;0.006756352;0.006653952;0.005752831999999999;0.005576704000000001;0.0037888;0.002981888;0.0039034879999999997;0.004411392;0.004737024;0.003375104;0.004337664;0.00282624;0.0024739840000000003;0.002777088;0.003049472;0.00207872;0.002729984;0.0033423359999999996;0.003293184;0.002484224;0.0019947520000000002;0.002154496;0.001882112;0.002086912;0.0022015999999999997;0.002105344;0.0021217280000000002;0.001517568;0.00108544;0.002482176;0.0024391680000000002;0.001591296;0.000915456;0.001253376;0.0023265280000000004;0.0015769599999999999;0.0021217280000000002;0.0009482239999999999;0.001564672;0.001634304;0.001052672
1773828900,hdr,0.0293;0.03906;0.04883;0.05859;0.06836;0.07813;0.08789;0.09766;0.10742;0.11719;0.12695;0.13672;0.14648;0.15625;0.16602;0.17578;0.18555;0.19531;0.20508;0.21484;0.22461;0.23438;0.24414;0.25391;0.26367;0.27344;0.2832;0.29297;0.30273;0.3125;0.32227;0.33203;0.3418;0.35156;0.36133;0.37109;0.38086;0.39063;0.40039;0.41016;0.41992;0.42969;0.43945;0.44922;0.45898;0.46875;0.47852;0.48828;0.49805;0.50781;0.51758;0.52734;0.53711;0.54688;0.55664;0.56641;0.57617;0.58594;0.5957;0.60547;0.61523;0.625;0.63477;0.64453;0.6543;0.66406;0.67383;0.68359;0.69336;0.70313;0.71289;0.72266;0.73242;0.74219;0.75195;0.76172;0.77148;0.78125;0.79102,0.0045895680000000005;0.015013888;0.017672192;0.053260288;0.349739008;1.1226992640000002;1.00870144;0.642719744;0.448878592;0.14531379200000002;0.06135398399999999;0.034613248;0.042950656000000004;0.1123328;0.263180288;0.329877504;0.166135808;0.083974144;0.053852159999999996;0.024827903999999998;0.027179007999999998;0.04182220800000001;0.038375424;0.03493888;0.025960448;0.027441152;0.027392;0.013918208000000001;0.012083199999999999;0.008333312;0.006486016000000001;0.010719232;0.014409727999999998;0.01117184;0.005445632;0.006168576;0.010647552;0.006346752000000001;0.0032870399999999998;0.005660671999999999;0.00463872;0.003678208;0.004263936;0.004128768;0.002674688;0.002832384;0.0034816;0.004491264;0.0031784960000000003;0.0024494079999999997;0.0037949439999999997;0.002496512;0.002816;0.00299008;0.002816;0.003483648;0.0029306880000000003;0.002553856;0.002584576;0.003237888;0.0027156479999999998;0.00187392;0.001927168;0.001296384;0.001959936;0.002131968;0.0018923520000000001;0.0019824639999999998;0.002291712;0.002011136;0.0017735679999999999;0.0018042879999999998;0.0017674240000000003;0.00152576;0.0016609279999999999;0.0013393919999999998;0.0009523200000000001;0.0009256959999999999;0.0009748480000000001
1773829800,hdr,0.0293;0.03906;0.04883;0.05859;0.06836;0.07813;0.08789;0.09766;0.10742;0.11719;0.12695;0.13672;0.14648;0.15625;0.16602;0.17578;0.18555;0.19531;0.20508;0.21484;0.22461;0.23438;0.24414;0.25391;0.26367;0.27344;0.2832;0.29297;0.30273;0.3125;0.32227;0.33203;0.3418;0.35156;0.36133;0.37109;0.38086;0.39063;0.40039;0.41016;0.41992;0.42969;0.43945;0.44922;0.45898;0.46875;0.47852;0.48828;0.49805;0.50781;0.51758;0.52734;0.53711;0.54688;0.55664;0.56641;0.57617;0.58594;0.5957;0.60547;0.61523;0.625;0.63477;0.64453;0.6543;0.66406;0.67383;0.68359;0.69336;0.70313;0.71289;0.72266;0.73242;0.74219;0.75195;0.76172;0.77148;0.78125;0.79102,0.008345599999999998;0.015255552;0.013854720000000001;0.034039808;0.465788928;1.667948544;1.871331328;1.233004544;0.533327872;0.17796096;0.07941324799999999;0.048058368000000004;0.078385152;0.17237606400000002;0.234194944;0.21072076799999997;0.138166272;0.057421824;0.028086272000000002;0.023011327999999998;0.019390464;0.026863616000000003;0.03168256;0.021385216000000002;0.015073280000000001;0.016760832000000003;0.013737984;0.012257279999999999;0.009984;0.006950911999999999;0.007376896000000001;0.009465856;0.012797952000000001;0.0114176;0.006612992;0.00484352;0.004372480000000001;0.00636928;0.006641663999999999;0.0045670400000000005;0.003708928;0.005863424;0.005675008;0.004390912;0.004603904000000001;0.005163008;0.005310464;0.0034037760000000003;0.0034078719999999997;0.004235264;0.004696064;0.004335616;0.003072;0.003538944;0.002746368;0.002893824;0.002000896;0.002260992;0.004155392;0.00282624;0.0024616959999999998;0.0017121280000000003;0.00123904;0.001759232;0.0027893759999999997;0.0018882559999999998;0.0010936319999999998;0.001796096;0.0024330239999999998;0.003014656;0.0017018880000000001;0.0008560640000000001;0.001234944;0.002060288;0.00214016;0.00131072;0.00128;0.001318912;0.0010936319999999998
1773830700,hdr,0.0293;0.03906;0.04883;0.05859;0.06836;0.07813;0.08789;0.09766;0.10742;0.11719;0.12695;0.13672;0.14648;0.15625;0.16602;0.17578;0.18555;0.19531;0.20508;0.21484;0.22461;0.23438;0.24414;0.25391;0.26367;0.27344;0.2832;0.29297;0.30273;0.3125;0.32227;0.33203;0.3418;0.35156;0.36133;0.37109;0.38086;0.39063;0.40039;0.41016;0.41992;0.42969;0.43945;0.44922;0.45898;0.46875;0.47852;0.48828;0.49805;0.50781;0.51758;0.52734;0.53711;0.54688;0.55664;0.56641;0.57617;0.58594;0.5957;0.60547;0.61523;0.625;0.63477;0.64453;0.6543;0.66406;0.67383;0.68359;0.69336;0.70313;0.71289;0.72266;0.73242;0.74219;0.75195;0.76172;0.77148;0.78125;0.79102,0.006303744;0.019595263999999998;0.017528832;0.055914496;0.371795968;1.072379904;1.3469675520000002;0.724570112;0.351281152;0.10267238399999999;0.058812416;0.036366336;0.055543808;0.178966528;0.246730752;0.20965376000000002;0.14549401599999998;0.048209919999999996;0.031055871999999998;0.015968256;0.015382528;0.017127424000000002;0.0267776;0.024326144;0.016084992;0.019709952000000003;0.022073343999999998;0.013297663999999999;0.008431616;0.006801408;0.008280064;0.009836544;0.009299967999999999;0.009043968;0.011565056;0.010389504;0.009375743999999998;0.005543936;0.006080512;0.0067358719999999995;0.007325696;0.005654528000000001;0.0034918399999999995;0.004139008;0.004091904;0.00381952;0.0029470720000000002;0.002551808;0.003469312;0.002902016;0.004009984;0.004737024;0.0034713599999999997;0.003014656;0.003340288;0.003411968;0.002578432;0.002553856;0.002646016;0.0018432000000000001;0.00167936;0.0018513919999999999;0.0016424959999999998;0.001212416;0.001603584;0.0017735679999999999;0.00203776;0.00160768;0.001284096;0.001759232;0.0018882559999999998;0.001400832;0.000786432;0.001261568;0.001810432;0.001429504;0.001656832;0.001488896;0.0011509760000000002
1773831600,hdr,0.0293;0.03906;0.04883;0.05859;0.06836;0.07813;0.08789;0.09766;0.10742;0.11719;0.12695;0.13672;0.14648;0.15625;0.16602;0.17578;0.18555;0.19531;0.20508;0.21484;0.22461;0.23438;0.24414;0.25391;0.26367;0.27344;0.2832;0.29297;0.30273;0.3125;0.32227;0.33203;0.3418;0.35156;0.36133;0.37109;0.38086;0.39063;0.40039;0.41016;0.41992;0.42969;0.43945;0.44922;0.45898;0.46875;0.47852;0.48828;0.49805;0.50781;0.51758;0.52734;0.53711;0.54688;0.55664;0.56641;0.57617;0.58594;0.5957;0.60547;0.61523;0.625;0.63477;0.64453;0.6543;0.66406;0.67383;0.68359;0.69336;0.70313;0.71289;0.72266;0.73242;0.74219;0.75195;0.76172;0.77148;0.78125;0.79102,0.001406976;0.0023848959999999996;0.0012247039999999999;0.016576512;0.257769472;0.7200317439999999;0.9824030719999999;0.786526208;0.357433344;0.209163264;0.12571648000000002;0.05182566400000001;0.083170304;0.183904256;0.216264704;0.221394944;0.12422348799999999;0.046154752;0.021547008000000003;0.023163904;0.01819648;0.026161152000000003;0.029652992000000003;0.025881599999999998;0.025924608000000002;0.018381824;0.013851648000000001;0.010889215999999998;0.006223872;0.007179264;0.013826048;0.015991808;0.009893888;0.006286336;0.007245824;0.0049879040000000005;0.00387072;0.005369856000000001;0.00677376;0.00835072;0.006757376;0.003915776;0.002962432;0.003057664;0.003908608;0.00386048;0.004498432;0.003642368;0.0062177280000000005;0.00516608;0.0035471359999999998;0.003687424;0.004035584;0.004451328;0.0028303359999999997;0.0026347520000000006;0.002920448;0.004148224;0.003982336;0.0035829760000000003;0.002686976;0.00208896;0.001975296;0.001591296;0.001455104;0.002282496;0.001931264;0.001878016;0.001831936;0.0013987840000000001;0.001544192;0.00136704;0.0013547519999999999;0.001154048;0.0011427840000000002;0.0014817279999999999;0.001875968;0.001563648;0.000924672
1773832500,hdr,0.0293;0.03906;0.04883;0.05859;0.06836;0.07813;0.08789;0.09766;0.10742;0.11719;0.12695;0.13672;0.14648;0.15625;0.16602;0.17578;0.18555;0.19531;0.20508;0.21484;0.22461;0.23438;0.24414;0.25391;0.26367;0.27344;0.2832;0.29297;0.30273;0.3125;0.32227;0.33203;0.3418;0.35156;0.36133;0.37109;0.38086;0.39063;0.40039;0.41016;0.41992;0.42969;0.43945;0.44922;0.45898;0.46875;0.47852;0.48828;0.49805;0.50781;0.51758;0.52734;0.53711;0.54688;0.55664;0.56641;0.57617;0.58594;0.5957;0.60547;0.61523;0.625;0.63477;0.64453;0.6543;0.66406;0.67383;0.68359;0.69336;0.70313;0.71289;0.72266;0.73242;0.74219;0.75195;0.76172;0.77148;0.78125;0.79102,0.006477823999999999;0.020103168;0.024074239999999997;0.022980608;0.247928832;0.9513226240000001;1.459075072;0.7477473280000001;0.32817356799999997;0.171894784;0.102762496;0.056594432;0.106020864;0.160602112;0.197502976;0.26436608;0.103153664;0.045320191999999995;0.02009088;0.011399168;0.015044608000000001;0.016128;0.02634752;0.045387776000000005;0.02991104;0.015333376000000001;0.0074751999999999996;0.009439232;0.012259328;0.009633791999999999;0.013907968000000001;0.01544192;0.008022016;0.005718016;0.006004736;0.0055296;0.004139008;0.003141632;0.004765696;0.005132288;0.006291456;0.008269824;0.004675584;0.0059985920000000005;0.004882432;0.00543744;0.004872192;0.004847616;0.00413696;0.0038871039999999997;0.003590144;0.003874816;0.003926016;0.0034713599999999997;0.0033832960000000005;0.0029429759999999995;0.0031232000000000005;0.002164736;0.002390016;0.003162112;0.0023572479999999997;0.002428928;0.001961984;0.0020254720000000004;0.0018636800000000002;0.0020398079999999997;0.001288192;0.0020992000000000003;0.0018841600000000002;0.001521664;0.00175104;0.0016424959999999998;0.001763328;0.001329152;0.00135168;0.0011837439999999998;0.0011202559999999998;0.001263616;0.001253376
1773833400,hdr,0.0293;0.03906;0.04883;0.05859;0.06836;0.07813;0.08789;0.09766;0.10742;0.11719;0.12695;0.13672;0.14648;0.15625;0.16602;0.17578;0.18555;0.19531;0.20508;0.21484;0.22461;0.23438;0.24414;0.25391;0.26367;0.27344;0.2832;0.29297;0.30273;0.3125;0.32227;0.33203;0.3418;0.35156;0.36133;0.37109;0.38086;0.39063;0.40039;0.41016;0.41992;0.42969;0.43945;0.44922;0.45898;0.46875;0.47852;0.48828;0.49805;0.50781;0.51758;0.52734;0.53711;0.54688;0.55664;0.56641;0.57617;0.58594;0.5957;0.60547;0.61523;0.625;0.63477;0.64453;0.6543;0.66406;0.67383;0.68359;0.69336;0.70313;0.71289;0.72266;0.73242;0.74219;0.75195;0.76172;0.77148;0.78125;0.79102,0.01152;0.051462144;0.049683456;0.061728768;0.471800832;2.2628382719999998;3.044456448;0.670350336;0.40419839999999996;0.191751168;0.091874304;0.042372096;0.049837056000000005;0.13453824;0.177878016;0.11924275200000001;0.088676352;0.05952;0.038479872000000005;0.021706752;0.019964928;0.01893888;0.016717824;0.01580544;0.024735744;0.015055872;0.008232960000000001;0.009160704;0.01012224;0.009418752;0.008484864;0.008758272;0.009480192;0.0117504;0.0069795840000000005;0.005302272;0.005984256;0.006251519999999999;0.007345152;0.008051712;0.0060610559999999996;0.006635520000000001;0.009406464;0.007707648;0.007296;0.005895167999999999;0.004018176;0.003268608;0.004583424;0.003603456;0.0026480640000000003;0.003231744;0.004021248;0.003059712;0.0029368320000000003;0.00384;0.002927616;0.002543616;0.002469888;0.0026695679999999998;0.002700288;0.0022640639999999997;0.002039808;0.001717248;0.001794048;0.0018339839999999999;0.0011735040000000001;0.0013240320000000002;0.0015267840000000002;0.00156672;0.001348608;0.0014653440000000002;0.001185792;0.000955392;0.00113664;0.001247232;0.001360896;0.0010598399999999998;0.0009984
1773834300,hdr,0.0293;0.03906;0.04883;0.05859;0.06836;0.07813;0.08789;0.09766;0.10742;0.11719;0.12695;0.13672;0.14648;0.15625;0.16602;0.17578;0.18555;0.19531;0.20508;0.21484;0.22461;0.23438;0.24414;0.25391;0.26367;0.27344;0.2832;0.29297;0.30273;0.3125;0.32227;0.33203;0.3418;0.35156;0.36133;0.37109;0.38086;0.39063;0.40039;0.41016;0.41992;0.42969;0.43945;0.44922;0.45898;0.46875;0.47852;0.48828;0.49805;0.50781;0.51758;0.52734;0.53711;0.54688;0.55664;0.56641;0.57617;0.58594;0.5957;0.60547;0.61523;0.625;0.63477;0.64453;0.6543;0.66406;0.67383;0.68359;0.69336;0.70313;0.71289;0.72266;0.73242;0.74219;0.75195;0.76172;0.77148;0.78125;0.79102,0.016719872;0.017555455999999997;0.015622144000000001;0.030789632;0.307335168;1.986359296;3.7813207040000005;1.3071032319999998;0.36123443200000005;0.139890688;0.06479052799999999;0.048332799999999995;0.08638054399999999;0.165404672;0.19618611200000002;0.139513856;0.102907904;0.056778752;0.023175168;0.019976192000000004;0.014221312;0.028626944000000005;0.031862784;0.026492928;0.017207295999999997;0.010121216;0.014024703999999999;0.011350016;0.01093632;0.008949760000000001;0.005783552000000001;0.008081408;0.00733184;0.010551296;0.010129408;0.008806399999999999;0.010031103999999999;0.0069918720000000005;0.006959104000000001;0.005906432;0.008937472;0.010039296;0.00598016;0.004112384;0.004841472;0.0052019200000000005;0.005062656;0.005308416;0.005632;0.004399104;0.004345856;0.005730304;0.0039075839999999995;0.003088384;0.0027852800000000002;0.002441216;0.001794048;0.002031616;0.002486272;0.002236416;0.00155648;0.002420736;0.002183168;0.0016302080000000002;0.002076672;0.001769472;0.001728512;0.0013639680000000001;0.001114112;0.001601536;0.0019947520000000002;0.0019128320000000002;0.0012001280000000002;0.000978944;0.00110592;0.001159168;0.001232896;0.00100352;0.0007413760000000001
1773835200,hdr,0.0293;0.03906;0.04883;0.05859;0.06836;0.07813;0.08789;0.09766;0.10742;0.11719;0.12695;0.13672;0.14648;0.15625;0.16602;0.17578;0.18555;0.19531;0.20508;0.21484;0.22461;0.23438;0.24414;0.25391;0.26367;0.27344;0.2832;0.29297;0.30273;0.3125;0.32227;0.33203;0.3418;0.35156;0.36133;0.37109;0.38086;0.39063;0.40039;0.41016;0.41992;0.42969;0.43945;0.44922;0.45898;0.46875;0.47852;0.48828;0.49805;0.50781;0.51758;0.52734;0.53711;0.54688;0.55664;0.56641;0.57617;0.58594;0.5957;0.60547;0.61523;0.625;0.63477;0.64453;0.6543;0.66406;0.67383;0.68359;0.69336;0.70313;0.71289;0.72266;0.73242;0.74219;0.75195;0.76172;0.77148;0.78125;0.79102,0.039057407999999995;0.06648422400000001;0.08019148799999999;0.15478579199999998;0.556455936;1.6930867200000002;2.286953472;0.995162112;0.332150784;0.11156582400000001;0.08756736;0.047391744;0.064425984;0.13882982400000002;0.24288153599999998;0.24198758399999998;0.11052134400000001;0.09271296;0.06390374400000001;0.033030144;0.028904448000000003;0.023989248;0.030640128;0.030498815999999998;0.037641216;0.03835392;0.01900032;0.011194368;0.009686016;0.012248064;0.01400832;0.017178624;0.010810368;0.004718592000000001;0.006644736;0.007409664000000001;0.006607872;0.006165504;0.009237504;0.012008448;0.011372544;0.009378816;0.010804224;0.008961024;0.007855104;0.007483392;0.005480448000000001;0.008079359999999999;0.0059688960000000004;0.0030535680000000004;0.005354496;0.006054912;0.004552703999999999;0.00595968;0.005357568;0.0045250559999999995;0.00384;0.002912256;0.0026480640000000003;0.003191808;0.002562048;0.001560576;0.001876992;0.0026296320000000002;0.00172032;0.0011212799999999999;0.0019937279999999997;0.0020981759999999998;0.0012748800000000002;0.0012165119999999999;0.001348608;0.000758784;0.001523712;0.001385472;0.00104448;0.001287168;0.0010936319999999998;0.00135168;0.001176576
1773836100,hdr,0.0293;0.03906;0.04883;0.05859;0.06836;0.07813;0.08789;0.09766;0.10742;0.11719;0.12695;0.13672;0.14648;0.15625;0.16602;0.17578;0.18555;0.19531;0.20508;0.21484;0.22461;0.23438;0.24414;0.25391;0.26367;0.27344;0.2832;0.29297;0.30273;0.3125;0.32227;0.33203;0.3418;0.35156;0.36133;0.37109;0.38086;0.39063;0.40039;0.41016;0.41992;0.42969;0.43945;0.44922;0.45898;0.46875;0.47852;0.48828;0.49805;0.50781;0.51758;0.52734;0.53711;0.54688;0.55664;0.56641;0.57617;0.58594;0.5957;0.60547;0.61523;0.625;0.63477;0.64453;0.6543;0.66406;0.67383;0.68359;0.69336;0.70313;0.71289;0.72266;0.73242;0.74219;0.75195;0.76172;0.77148;0.78125;0.79102,0.026476544;0.041076735999999996;0.06649241600000001;0.029777920000000003;0.242302976;1.0788351999999999;1.226520576;1.052721152;0.564389888;0.154617856;0.07058636799999998;0.04087808;0.049252352;0.070354944;0.08973926400000001;0.07610367999999999;0.05107916800000001;0.041170943999999994;0.028028928;0.023957504;0.024848383999999998;0.024356864000000002;0.036456448;0.04603904;0.01634304;0.018194432;0.011862016000000001;0.010973183999999999;0.011585536;0.009109504;0.011014144;0.011499520000000001;0.011491328;0.010029056;0.01076224;0.010166271999999999;0.005363712;0.008863744;0.01010688;0.0077762560000000005;0.006238208;0.00367616;0.0049152;0.005859328;0.004995072;0.0048332800000000006;0.0036352000000000003;0.004366336;0.0049582079999999995;0.00388096;0.004993024;0.004315136;0.002725888;0.00287744;0.003035136;0.002361344;0.0024084479999999997;0.0026398719999999997;0.0016691199999999998;0.0014274560000000001;0.001992704;0.00177152;0.0011120639999999998;0.0017203200000000002;0.0020951040000000004;0.001970176;0.002000896;0.001830912;0.001591296;0.0012165119999999999;0.0007393279999999999;0.001306624;0.001318912;0.0007413760000000001;0.000690176;0.00077824;0.00045056;0.000714752;0.0010649599999999998
1773837000,hdr,0.0293;0.03906;0.04883;0.05859;0.06836;0.07813;0.08789;0.09766;0.10742;0.11719;0.12695;0.13672;0.14648;0.15625;0.16602;0.17578;0.18555;0.19531;0.20508;0.21484;0.22461;0.23438;0.24414;0.25391;0.26367;0.27344;0.2832;0.29297;0.30273;0.3125;0.32227;0.33203;0.3418;0.35156;0.36133;0.37109;0.38086;0.39063;0.40039;0.41016;0.41992;0.42969;0.43945;0.44922;0.45898;0.46875;0.47852;0.48828;0.49805;0.50781;0.51758;0.52734;0.53711;0.54688;0.55664;0.56641;0.57617;0.58594;0.5957;0.60547;0.61523;0.625;0.63477;0.64453;0.6543;0.66406;0.67383;0.68359;0.69336;0.70313;0.71289;0.72266;0.73242;0.74219;0.75195;0.76172;0.77148;0.78125;0.79102,0.002562048;0.008712191999999999;0.012186624;0.016902144;0.278986752;1.424587776;2.185030656;0.9402009600000001;0.404453376;0.167863296;0.068477952;0.02916864;0.050952192;0.104189952;0.120619008;0.107056128;0.07335936;0.053756928;0.026293248;0.025414656000000004;0.024311807999999997;0.018130944;0.028259328;0.017660928;0.034787328;0.032219136;0.018533376;0.012954624000000001;0.013427712;0.008954880000000002;0.015796224;0.008497152000000001;0.009345023999999999;0.013698048;0.010970111999999999;0.011486208000000001;0.008675328;0.006383616;0.007022591999999999;0.009575423999999999;0.010297344;0.0079104;0.006438912000000001;0.004267008;0.003096576;0.005004288000000001;0.005065728;0.005302272;0.004690944;0.004632576;0.00532992;0.005572608000000001;0.0045895680000000005;0.0029675519999999996;0.001987584;0.002147328;0.001849344;0.002171904;0.002316288;0.0022947840000000002;0.0031795199999999995;0.0026111999999999997;0.0010813440000000001;0.0012195840000000001;0.001234944;0.00175104;0.0013701120000000002;0.0012687360000000001;0.001846272;0.0018216959999999998;0.001357824;0.000992256;0.001284096;0.000930816;0.001050624;0.0012748800000000002;0.00133632;0.001277952;0.000758784
1773837900,hdr,0.0293;0.03906;0.04883;0.05859;0.06836;0.07813;0.08789;0.09766;0.10742;0.11719;0.12695;0.13672;0.14648;0.15625;0.16602;0.17578;0.18555;0.19531;0.20508;0.21484;0.22461;0.23438;0.24414;0.25391;0.26367;0.27344;0.2832;0.29297;0.30273;0.3125;0.32227;0.33203;0.3418;0.35156;0.36133;0.37109;0.38086;0.39063;0.40039;0.41016;0.41992;0.42969;0.43945;0.44922;0.45898;0.46875;0.47852;0.48828;0.49805;0.50781;0.51758;0.52734;0.53711;0.54688;0.55664;0.56641;0.57617;0.58594;0.5957;0.60547;0.61523;0.625;0.63477;0.64453;0.6543;0.66406;0.67383;0.68359;0.69336;0.70313;0.71289;0.72266;0.73242;0.74219;0.75195;0.76172;0.77148;0.78125;0.79102,0.008241152;0.015269887999999999;0.021303296;0.03176448;0.344623104;1.5249408;1.5594024960000001;1.319274496;0.4319232;0.162502656;0.07440793600000001;0.04502732799999999;0.031942656;0.09917440000000001;0.159092736;0.110045184;0.041009152;0.022222847999999996;0.031338496;0.02408448;0.012476416;0.017207295999999997;0.023808;0.030806016;0.033452032;0.025747456;0.016826367999999998;0.014522368;0.011329536;0.012384256000000001;0.010350592;0.008153088000000001;0.007864320000000001;0.010387456;0.008732672;0.00735232;0.007084032;0.006146048;0.005554176;0.006893568;0.0047861760000000005;0.002902016;0.004120576;0.006289408;0.004952064;0.00398336;0.005502976000000001;0.005859328;0.007901184;0.0071393279999999995;0.005173248;0.003698688;0.004020223999999999;0.0046714880000000005;0.003344384;0.00178176;0.002134016;0.002033664;0.002951168;0.0018718720000000001;0.001462272;0.001509376;0.001503232;0.001079296;0.0013312;0.0014458880000000002;0.001329152;0.0014028799999999998;0.001992704;0.0012042239999999998;0.0012083200000000001;0.00131072;0.0016773119999999998;0.001431552;0.0008110079999999999;0.0010608640000000001;0.0008704;0.000534528;0.0006819840000000001
1773838800,hdr,0.0293;0.03906;0.04883;0.05859;0.06836;0.07813;0.08789;0.09766;0.10742;0.11719;0.12695;0.13672;0.14648;0.15625;0.16602;0.17578;0.18555;0.19531;0.20508;0.21484;0.22461;0.23438;0.24414;0.25391;0.26367;0.27344;0.2832;0.29297;0.30273;0.3125;0.32227;0.33203;0.3418;0.35156;0.36133;0.37109;0.38086;0.39063;0.40039;0.41016;0.41992;0.42969;0.43945;0.44922;0.45898;0.46875;0.47852;0.48828;0.49805;0.50781;0.51758;0.52734;0.53711;0.54688;0.55664;0.56641;0.57617;0.58594;0.5957;0.60547;0.61523;0.625;0.63477;0.64453;0.6543;0.66406;0.67383;0.68359;0.69336;0.70313;0.71289;0.72266;0.73242;0.74219;0.75195;0.76172;0.77148;0.78125;0.79102,0.019542016;0.064360448;0.026978304;0.045035519999999996;0.31166873600000006;1.5523717119999998;1.350647808;0.735141888;0.422320128;0.21025792000000001;0.12903833599999998;0.059916288;0.040484864;0.08215347199999999;0.121765888;0.095598592;0.046753791999999995;0.040536064000000004;0.024018944;0.019521536;0.0192;0.017096703999999997;0.023640064;0.031217664;0.03579699200000001;0.030031872;0.017907712;0.013012992000000001;0.008955904;0.00504832;0.007477248000000001;0.011724799999999999;0.015273984;0.009558015999999999;0.00662528;0.006742016;0.006965247999999999;0.008280064;0.007620608;0.008615936;0.00780288;0.0051671040000000005;0.008224768;0.005873664;0.003856384;0.004356095999999999;0.00354304;0.004030464;0.005634048;0.004640767999999999;0.003946496;0.003168256;0.002594816;0.004130816000000001;0.00329728;0.003047424;0.0038420480000000003;0.001931264;0.001337344;0.001353728;0.00268288;0.002818048;0.0022978559999999996;0.0017735679999999999;0.0018042879999999998;0.0018042879999999998;0.0019251199999999998;0.002023424;0.0011120639999999998;0.001353728;0.0011960319999999999;0.0009973760000000001;0.0009256959999999999;0.000751616;0.0009605120000000001;0.000620544;0.000458752;0.000772096;0.0009830400000000001
1773839700,hdr,0.0293;0.03906;0.04883;0.05859;0.06836;0.07813;0.08789;0.09766;0.10742;0.11719;0.12695;0.13672;0.14648;0.15625;0.16602;0.17578;0.18555;0.19531;0.20508;0.21484;0.22461;0.23438;0.24414;0.25391;0.26367;0.27344;0.2832;0.29297;0.30273;0.3125;0.32227;0.33203;0.3418;0.35156;0.36133;0.37109;0.38086;0.39063;0.40039;0.41016;0.41992;0.42969;0.43945;0.44922;0.45898;0.46875;0.47852;0.48828;0.49805;0.50781;0.51758;0.52734;0.53711;0.54688;0.55664;0.56641;0.57617;0.58594;0.5957;0.60547;0.61523;0.625;0.63477;0.64453;0.6543;0.66406;0.67383;0.68359;0.69336;0.70313;0.71289;0.72266;0.73242;0.74219;0.75195;0.76172;0.77148;0.78125;0.79102,0.014962688;0.061650944000000006;0.088569856;0.055492608;0.39924326400000004;1.949800448;1.858148352;1.29718272;0.4350976;0.13954048000000002;0.065540096;0.045105151999999996;0.032692224;0.08618188800000001;0.20447232;0.15360204800000002;0.047538176;0.038232063999999996;0.027328512;0.0241152;0.013113343999999999;0.019156991999999998;0.024698879999999996;0.037562368;0.029067264000000002;0.027248640000000005;0.014471168;0.012027903999999999;0.011759616;0.0094208;0.011368448;0.014985215999999999;0.012396544;0.010919936;0.013457407999999999;0.013692928;0.011413504;0.008718336000000002;0.007073792000000001;0.00633856;0.005912576;0.005701632;0.007022592;0.005441536;0.00508928;0.0049704960000000005;0.00514048;0.004251648;0.003473408;0.004073472;0.0045875199999999994;0.0029757440000000002;0.003158016;0.0031744;0.0027791359999999998;0.0033218559999999998;0.002131968;0.0014929920000000003;0.00234496;0.002578432;0.0018944;0.00200704;0.0018513919999999999;0.0012554240000000002;0.001202176;0.001705984;0.001490944;0.001234944;0.000733184;0.001929216;0.001855488;0.001062912;0.001343488;0.0009359360000000001;0.000458752;0.000305152;0.000679936;0.001038336;0.0011448320000000001
1773840600,hdr,0.0293;0.03906;0.04883;0.05859;0.06836;0.07813;0.08789;0.09766;0.10742;0.11719;0.12695;0.13672;0.14648;0.15625;0.16602;0.17578;0.18555;0.19531;0.20508;0.21484;0.22461;0.23438;0.24414;0.25391;0.26367;0.27344;0.2832;0.29297;0.30273;0.3125;0.32227;0.33203;0.3418;0.35156;0.36133;0.37109;0.38086;0.39063;0.40039;0.41016;0.41992;0.42969;0.43945;0.44922;0.45898;0.46875;0.47852;0.48828;0.49805;0.50781;0.51758;0.52734;0.53711;0.54688;0.55664;0.56641;0.57617;0.58594;0.5957;0.60547;0.61523;0.625;0.63477;0.64453;0.6543;0.66406;0.67383;0.68359;0.69336;0.70313;0.71289;0.72266;0.73242;0.74219;0.75195;0.76172;0.77148;0.78125;0.79102,0.021051392;0.026314752;0.014761984;0.05694464;0.40019968;1.594288128;1.412671488;0.760233984;0.481155072;0.160964608;0.048893952;0.053125120000000005;0.034697216;0.026476544;0.074027008;0.082808832;0.07086489600000001;0.025890816000000004;0.020533248;0.015990784;0.015585279999999998;0.01465344;0.020242432;0.028571648;0.03992576;0.024815616;0.015925248;0.011165696;0.01453056;0.021940224;0.014964736000000001;0.012306431999999999;0.015925248;0.013590528000000001;0.010610688;0.008955904;0.008744960000000001;0.012406783999999999;0.007380992;0.005466112;0.007170048000000001;0.00729088;0.007374848;0.005318656;0.006346752000000001;0.006055936;0.006445056;0.004743168;0.0036515840000000003;0.0042885119999999995;0.002994176;0.003936256;0.004999168;0.005855232;0.002770944;0.0034365439999999997;0.00345088;0.00283648;0.002592768;0.0023203839999999996;0.001906688;0.002555904;0.0022302719999999997;0.001726464;0.001032192;0.0016691199999999998;0.0021667839999999997;0.0012185600000000003;0.000694272;0.000872448;0.00084992;0.00091136;0.000858112;0.0008110079999999999;0.00068608;0.00064512;0.0006656;0.000714752;0.00108544
1773841500,hdr,0.0293;0.03906;0.04883;0.05859;0.06836;0.07813;0.08789;0.09766;0.10742;0.11719;0.12695;0.13672;0.14648;0.15625;0.16602;0.17578;0.18555;0.19531;0.20508;0.21484;0.22461;0.23438;0.24414;0.25391;0.26367;0.27344;0.2832;0.29297;0.30273;0.3125;0.32227;0.33203;0.3418;0.35156;0.36133;0.37109;0.38086;0.39063;0.40039;0.41016;0.41992;0.42969;0.43945;0.44922;0.45898;0.46875;0.47852;0.48828;0.49805;0.50781;0.51758;0.52734;0.53711;0.54688;0.55664;0.56641;0.57617;0.58594;0.5957;0.60547;0.61523;0.625;0.63477;0.64453;0.6543;0.66406;0.67383;0.68359;0.69336;0.70313;0.71289;0.72266;0.73242;0.74219;0.75195;0.76172;0.77148;0.78125;0.79102,0.01374208;0.018337792000000002;0.005810176;0.022249472000000003;0.201588736;1.703206912;1.882482688;0.904568832;0.40935424;0.19116851199999998;0.07578624;0.054906880000000005;0.037130239999999995;0.093761536;0.13938688;0.09000960000000001;0.045846528;0.040863744;0.028739584;0.0186368;0.011855872;0.015476736000000001;0.0301056;0.035815424;0.027127808;0.024064;0.023773184000000003;0.016879615999999997;0.012867584000000001;0.008689664000000001;0.011030528;0.016664576;0.017870847999999998;0.017166336000000004;0.012572672;0.006965247999999999;0.007653375999999999;0.01027072;0.009777152;0.005931008000000001;0.004921344;0.007251968;0.008982528;0.007270400000000001;0.004976639999999999;0.006408192;0.006486016000000001;0.007071744;0.00625664;0.005967871999999999;0.0031395840000000004;0.00279552;0.0029184000000000002;0.003756032;0.003231744;0.003125248;0.003629056;0.00237568;0.001806336;0.0016445440000000002;0.0016732160000000002;0.0014561280000000001;0.00123904;0.001583104;0.0016936960000000002;0.0017674240000000003;0.001583104;0.001513472;0.0009461760000000001;0.000864256;0.000989184;0.001122304;0.000989184;0.00074752;0.0008560640000000001;0.000964608;0.0007229440000000001;0.0006041600000000001;0.0005898240000000001
1773842400,hdr,0.0293;0.03906;0.04883;0.05859;0.06836;0.07813;0.08789;0.09766;0.10742;0.11719;0.12695;0.13672;0.14648;0.15625;0.16602;0.17578;0.18555;0.19531;0.20508;0.21484;0.22461;0.23438;0.24414;0.25391;0.26367;0.27344;0.2832;0.29297;0.30273;0.3125;0.32227;0.33203;0.3418;0.35156;0.36133;0.37109;0.38086;0.39063;0.40039;0.41016;0.41992;0.42969;0.43945;0.44922;0.45898;0.46875;0.47852;0.48828;0.49805;0.50781;0.51758;0.52734;0.53711;0.54688;0.55664;0.56641;0.57617;0.58594;0.5957;0.60547;0.61523;0.625;0.63477;0.64453;0.6543;0.66406;0.67383;0.68359;0.69336;0.70313;0.71289;0.72266;0.73242;0.74219;0.75195;0.76172;0.77148;0.78125;0.79102,0.02397184;0.014665728;0.00392192;0.008599552;0.208144384;0.798789632;1.361094656;0.9896448;0.338501632;0.14672896;0.09495552;0.060416;0.046256127999999994;0.064763904;0.11327488;0.06774374400000001;0.036763648;0.0291328;0.023185408;0.017156096000000003;0.008929280000000001;0.010665984;0.014192640000000001;0.023257088;0.02424832;0.01985536;0.013092864000000001;0.015872;0.015208448000000001;0.010377216;0.0110592;0.013938688;0.015656959999999998;0.012091392000000001;0.006463488;0.00700416;0.006404096000000001;0.008689664000000001;0.008646656;0.008108032;0.00687104;0.006733824;0.007079935999999999;0.005961728;0.004202496;0.00754688;0.00541696;0.004610047999999999;0.0029163519999999997;0.0026685439999999997;0.002328576;0.0030453760000000002;0.0032440319999999996;0.002486272;0.0026071040000000003;0.0039424;0.0035246080000000003;0.0022896640000000003;0.001964032;0.002064384;0.0026787839999999996;0.001900544;0.00198656;0.001533952;0.0010465279999999997;0.0009973760000000001;0.001234944;0.00160768;0.001118208;0.000882688;0.000765952;0.000647168;0.00054272;0.000561152;0.0007086080000000001;0.0006144;0.000466944;0.000335872;0.00041984
1773843300,hdr,0.0293;0.03906;0.04883;0.05859;0.06836;0.07813;0.08789;0.09766;0.10742;0.11719;0.12695;0.13672;0.14648;0.15625;0.16602;0.17578;0.18555;0.19531;0.20508;0.21484;0.22461;0.23438;0.24414;0.25391;0.26367;0.27344;0.2832;0.29297;0.30273;0.3125;0.32227;0.33203;0.3418;0.35156;0.36133;0.37109;0.38086;0.39063;0.40039;0.41016;0.41992;0.42969;0.43945;0.44922;0.45898;0.46875;0.47852;0.48828;0.49805;0.50781;0.51758;0.52734;0.53711;0.54688;0.55664;0.56641;0.57617;0.58594;0.5957;0.60547;0.61523;0.625;0.63477;0.64453;0.6543;0.66406;0.67383;0.68359;0.69336;0.70313;0.71289;0.72266;0.73242;0.74219;0.75195;0.76172;0.77148;0.78125;0.79102,0.012984319999999999;0.0168448;0.021815295999999998;0.026947584;0.289355776;1.5201525759999999;1.6825241599999998;1.1895705599999997;0.581855232;0.148668416;0.081215488;0.050323455999999996;0.024850432000000002;0.04763443199999999;0.118151168;0.140095488;0.087361536;0.04566016;0.016852992;0.018499584;0.022415360000000002;0.013043711999999999;0.022329343999999997;0.0336896;0.030631936;0.024821760000000002;0.01954816;0.01993728;0.013305856;0.009910272000000001;0.012904448;0.01442816;0.01296384;0.016519168;0.010758144;0.01048576;0.009097216;0.011644928;0.010723327999999999;0.007819264;0.006160384;0.006483968;0.006905856;0.007432192;0.005648384;0.005627904;0.006060031999999999;0.003567616;0.0029655040000000003;0.004161536;0.00357376;0.004329472;0.004268032;0.004118528000000001;0.004073472;0.0032768000000000003;0.0025047039999999995;0.0023552;0.002062336;0.002115584;0.0019210240000000001;0.001480704;0.002045952;0.00128;0.001353728;0.001468416;0.001472512;0.001384448;0.000743424;0.000905216;0.001263616;0.0010465279999999997;0.000651264;0.000843776;0.001028096;0.000765952;0.000577536;0.00046080000000000003;0.000534528
1773844200,hdr,0.0293;0.03906;0.04883;0.05859;0.06836;0.07813;0.08789;0.09766;0.10742;0.11719;0.12695;0.13672;0.14648;0.15625;0.16602;0.17578;0.18555;0.19531;0.20508;0.21484;0.22461;0.23438;0.24414;0.25391;0.26367;0.27344;0.2832;0.29297;0.30273;0.3125;0.32227;0.33203;0.3418;0.35156;0.36133;0.37109;0.38086;0.39063;0.40039;0.41016;0.41992;0.42969;0.43945;0.44922;0.45898;0.46875;0.47852;0.48828;0.49805;0.50781;0.51758;0.52734;0.53711;0.54688;0.55664;0.56641;0.57617;0.58594;0.5957;0.60547;0.61523;0.625;0.63477;0.64453;0.6543;0.66406;0.67383;0.68359;0.69336;0.70313;0.71289;0.72266;0.73242;0.74219;0.75195;0.76172;0.77148;0.78125;0.79102,0.022286336;0.058478591999999996;0.047706112;0.049997824;0.143814656;0.707422208;1.865281536;1.101420544;0.24409907200000003;0.16536780799999998;0.11559526399999999;0.036343808000000005;0.027559936;0.027705344;0.06792192;0.07637811200000001;0.063322112;0.039028736;0.01230848;0.009576447999999998;0.012412928000000002;0.012730368;0.022847488;0.0357376;0.035874816000000004;0.026370048;0.021880832000000003;0.021370880000000002;0.011923456;0.014714880000000001;0.014272512000000001;0.023156735999999997;0.031420416;0.019890176;0.0093184;0.010078208;0.005081088000000001;0.006846464;0.008054783999999999;0.009048064;0.010346496;0.0064348159999999995;0.006510592;0.00720896;0.005408768;0.003508224;0.003434496;0.004409344;0.002934784;0.0021524480000000004;0.00316416;0.0034385919999999994;0.0035205120000000004;0.002992128;0.0027217920000000002;0.002115584;0.002072576;0.002105344;0.002117632;0.001091584;0.001345536;0.0019251199999999998;0.002555904;0.0013680639999999998;0.000659456;0.000786432;0.0008663039999999999;0.001069056;0.001077248;0.00119808;0.000858112;0.000647168;0.000843776;0.0011264;0.00072704;0.00068608;0.000780288;0.000520192;0.0005754880000000001
1773845100,hdr,0.0293;0.03906;0.04883;0.05859;0.06836;0.07813;0.08789;0.09766;0.10742;0.11719;0.12695;0.13672;0.14648;0.15625;0.16602;0.17578;0.18555;0.19531;0.20508;0.21484;0.22461;0.23438;0.24414;0.25391;0.26367;0.27344;0.2832;0.29297;0.30273;0.3125;0.32227;0.33203;0.3418;0.35156;0.36133;0.37109;0.38086;0.39063;0.40039;0.41016;0.41992;0.42969;0.43945;0.44922;0.45898;0.46875;0.47852;0.48828;0.49805;0.50781;0.51758;0.52734;0.53711;0.54688;0.55664;0.56641;0.57617;0.58594;0.5957;0.60547;0.61523;0.625;0.63477;0.64453;0.6543;0.66406;0.67383;0.68359;0.69336;0.70313;0.71289;0.72266;0.73242;0.74219;0.75195;0.76172;0.77148;0.78125;0.79102,0.06990233600000001;0.06936576;0.046229504;0.081252352;0.240668672;1.503479808;1.9127357440000001;0.846692352;0.379910144;0.21055692799999998;0.13009305599999998;0.060008448000000006;0.04286464;0.057415680000000004;0.12044697600000001;0.115580928;0.06649856;0.037517312;0.017659904;0.016367616;0.017477632;0.024637440000000004;0.027049983999999996;0.023185408;0.025143296;0.026431488;0.018243584;0.01564672;0.019843072;0.019181568;0.021235712;0.017491968;0.011573248;0.008794112000000001;0.009025536;0.009469951999999998;0.008071168;0.0064716800000000005;0.008316928;0.009164799999999999;0.005312512;0.007172095999999999;0.005425152;0.002977792;0.00551936;0.008292352;0.008001536;0.003504128;0.005441536;0.005398528;0.004407296;0.0037273600000000003;0.004446208000000001;0.0035450879999999996;0.0022978559999999996;0.001384448;0.001273856;0.0019394560000000002;0.0021667839999999997;0.001564672;0.001550336;0.00108544;0.0014233599999999998;0.001062912;0.00162816;0.0016977919999999998;0.0010813440000000001;0.001234944;0.001349632;0.00115712;0.0007168;0.000643072;0.0009420800000000001;0.0009216000000000001;0.000768;0.000536576;0.0008048640000000001;0.000663552;0.000555008
1773846000,hdr,0.0293;0.03906;0.04883;0.05859;0.06836;0.07813;0.08789;0.09766;0.10742;0.11719;0.12695;0.13672;0.14648;0.15625;0.16602;0.17578;0.18555;0.19531;0.20508;0.21484;0.22461;0.23438;0.24414;0.25391;0.26367;0.27344;0.2832;0.29297;0.30273;0.3125;0.32227;0.33203;0.3418;0.35156;0.36133;0.37109;0.38086;0.39063;0.40039;0.41016;0.41992;0.42969;0.43945;0.44922;0.45898;0.46875;0.47852;0.48828;0.49805;0.50781;0.51758;0.52734;0.53711;0.54688;0.55664;0.56641;0.57617;0.58594;0.5957;0.60547;0.61523;0.625;0.63477;0.64453;0.6543;0.66406;0.67383;0.68359;0.69336;0.70313;0.71289;0.72266;0.73242;0.74219;0.75195;0.76172;0.77148;0.78125;0.79102,0.00735744;0.0046049279999999995;0.0027279360000000002;0.00640512;0.21235814399999997;1.421512704;2.287122432;1.155320832;0.380891136;0.16287744;0.076756992;0.023510015999999998;0.031454208;0.053827584;0.105747456;0.129954816;0.082593792;0.034467840000000007;0.022809600000000003;0.015989760000000002;0.01539072;0.022772736000000002;0.028978175999999998;0.03457536;0.04273152;0.043926528;0.028695552;0.0158976;0.00631296;0.0058368000000000005;0.004651008;0.005219328;0.006171648;0.00771072;0.008165376;0.0073728;0.0063621120000000005;0.00617472;0.0049704960000000005;0.008014848000000001;0.009120768;0.007053312;0.006429695999999999;0.006082560000000001;0.005124096;0.0048261120000000005;0.004288512;0.003505152;0.003542016;0.0027740160000000002;0.0037908480000000003;0.005176320000000001;0.0043407359999999996;0.0025528319999999997;0.003428352;0.003572736;0.002804736;0.002049024;0.0016373760000000003;0.001026048;0.001406976;0.0014499839999999999;0.0012103679999999999;0.001453056;0.0013885439999999998;0.001446912;0.0014991359999999999;0.001886208;0.001339392;0.0013639680000000001;0.001161216;0.0008017920000000001;0.0007772160000000002;0.001047552;0.000703488;0.000663552;0.000789504;0.000826368;0.00059904
1773846900,hdr,0.0293;0.03906;0.04883;0.05859;0.06836;0.07813;0.08789;0.09766;0.10742;0.11719;0.12695;0.13672;0.14648;0.15625;0.16602;0.17578;0.18555;0.19531;0.20508;0.21484;0.22461;0.23438;0.24414;0.25391;0.26367;0.27344;0.2832;0.29297;0.30273;0.3125;0.32227;0.33203;0.3418;0.35156;0.36133;0.37109;0.38086;0.39063;0.40039;0.41016;0.41992;0.42969;0.43945;0.44922;0.45898;0.46875;0.47852;0.48828;0.49805;0.50781;0.51758;0.52734;0.53711;0.54688;0.55664;0.56641;0.57617;0.58594;0.5957;0.60547;0.61523;0.625;0.63477;0.64453;0.6543;0.66406;0.67383;0.68359;0.69336;0.70313;0.71289;0.72266;0.73242;0.74219;0.75195;0.76172;0.77148;0.78125;0.79102,0.0022097920000000004;0.010719232;0.013012992000000001;0.019243008;0.184440832;0.780986368;1.206798336;1.021714432;0.610185216;0.236580864;0.07622451200000001;0.044994559999999996;0.031258624;0.0554496;0.066359296;0.06363545599999999;0.036628480000000005;0.035276800000000004;0.022642687999999998;0.017537024;0.008910848;0.008480768;0.016422912;0.034318336000000005;0.048293888;0.072716288;0.07305625600000001;0.0362496;0.020588543999999997;0.016558080000000003;0.021102592;0.014010368;0.015347712;0.023871487999999996;0.023785472;0.013985791999999999;0.008601600000000001;0.006995968000000001;0.005664768;0.00575488;0.00856064;0.008466432;0.006660096000000001;0.006877183999999999;0.003848192;0.0029491200000000004;0.003917824;0.0036577280000000003;0.005115903999999999;0.004890624;0.0030904319999999997;0.003782656;0.003774464;0.003790848;0.004802559999999999;0.002205696;0.002486272;0.001839104;0.001570816;0.0018513919999999999;0.001734656;0.0013578239999999999;0.002084864;0.002287616;0.00183296;0.001337344;0.000638976;0.00075776;0.00055296;0.000919552;0.000884736;0.000884736;0.00088064;0.000544768;0.0005324799999999999;0.0007884799999999999;0.000700416;0.0005632;0.000518144
1773847800,hdr,0.0293;0.03906;0.04883;0.05859;0.06836;0.07813;0.08789;0.09766;0.10742;0.11719;0.12695;0.13672;0.14648;0.15625;0.16602;0.17578;0.18555;0.19531;0.20508;0.21484;0.22461;0.23438;0.24414;0.25391;0.26367;0.27344;0.2832;0.29297;0.30273;0.3125;0.32227;0.33203;0.3418;0.35156;0.36133;0.37109;0.38086;0.39063;0.40039;0.41016;0.41992;0.42969;0.43945;0.44922;0.45898;0.46875;0.47852;0.48828;0.49805;0.50781;0.51758;0.52734;0.53711;0.54688;0.55664;0.56641;0.57617;0.58594;0.5957;0.60547;0.61523;0.625;0.63477;0.64453;0.6543;0.66406;0.67383;0.68359;0.69336;0.70313;0.71289;0.72266;0.73242;0.74219;0.75195;0.76172;0.77148;0.78125;0.79102,0.005554175999999999;0.006663168;0.0046940160000000005;0.011265024000000002;0.21018624;1.4143856639999999;2.2799646719999997;1.09665792;0.370732032;0.166437888;0.07279104;0.028025855999999995;0.030127104;0.058601471999999995;0.11022643200000001;0.11271168000000001;0.06916608;0.051078144;0.034197504000000004;0.018441216;0.013774848;0.014247936;0.021998592;0.045677568;0.06820454399999999;0.051769343999999995;0.043348991999999996;0.019525631999999998;0.010328064;0.012140544;0.016628736;0.023980032;0.020791295999999997;0.012751872000000001;0.009977856;0.012171264000000001;0.010834944;0.008100864000000001;0.006147072;0.008377343999999998;0.010748928;0.010036224;0.006239231999999999;0.006684671999999999;0.005526528;0.004872192;0.006540287999999999;0.006377472;0.005554175999999999;0.004703232;0.0044605439999999994;0.005394432;0.005842944;0.004328448;0.00305664;0.0025866239999999996;0.0025497600000000003;0.002325504;0.002045952;0.0013701120000000002;0.001425408;0.0015421439999999998;0.001615872;0.0024299520000000004;0.00178176;0.001575936;0.0015114240000000001;0.001191936;0.000979968;0.0008140799999999999;0.00118272;0.000764928;0.0004915200000000001;0.000897024;0.000857088;0.0008202239999999999;0.000758784;0.0006973439999999999;0.000700416
1773848700,hdr,0.0293;0.03906;0.04883;0.05859;0.06836;0.07813;0.08789;0.09766;0.10742;0.11719;0.12695;0.13672;0.14648;0.15625;0.16602;0.17578;0.18555;0.19531;0.20508;0.21484;0.22461;0.23438;0.24414;0.25391;0.26367;0.27344;0.2832;0.29297;0.30273;0.3125;0.32227;0.33203;0.3418;0.35156;0.36133;0.37109;0.38086;0.39063;0.40039;0.41016;0.41992;0.42969;0.43945;0.44922;0.45898;0.46875;0.47852;0.48828;0.49805;0.50781;0.51758;0.52734;0.53711;0.54688;0.55664;0.56641;0.57617;0.58594;0.5957;0.60547;0.61523;0.625;0.63477;0.64453;0.6543;0.66406;0.67383;0.68359;0.69336;0.70313;0.71289;0.72266;0.73242;0.74219;0.75195;0.76172;0.77148;0.78125;0.79102,0.007368703999999999;0.014893056;0.022423552;0.01727488;0.16350208000000002;0.967548928;1.7981890559999998;0.825196544;0.23598489599999997;0.122392576;0.070469632;0.026046464;0.01637376;0.033978368;0.055928832000000005;0.06524927999999999;0.066727936;0.039163904;0.021030912;0.02223104;0.019597312;0.011016192000000001;0.018954239999999997;0.031688704;0.041455616;0.031973376;0.024254464;0.02497536;0.017385472000000003;0.018368512;0.013748224;0.009121792;0.01262592;0.008865792;0.010592256000000001;0.009527296000000001;0.008873984;0.006920192;0.0057794560000000005;0.00354304;0.0058347519999999995;0.008605696;0.005982207999999999;0.0042905600000000006;0.004501504;0.0042496;0.004788223999999999;0.004517888;0.0026234879999999998;0.0032276479999999996;0.004517888;0.00362496;0.00357376;0.00374784;0.002195456;0.0027136;0.002213888;0.002254848;0.0022712319999999998;0.002277376;0.002895872;0.0024330239999999998;0.001376256;0.002465792;0.002148352;0.0020582400000000002;0.002390016;0.002646016;0.002197504;0.001271808;0.0017244159999999999;0.001755136;0.001185792;0.000780288;0.0008519679999999999;0.000643072;0.000884736;0.001165312;0.00079872
1773849600,hdr,0.0293;0.03906;0.04883;0.05859;0.06836;0.07813;0.08789;0.09766;0.10742;0.11719;0.12695;0.13672;0.14648;0.15625;0.16602;0.17578;0.18555;0.19531;0.20508;0.21484;0.22461;0.23438;0.24414;0.25391;0.26367;0.27344;0.2832;0.29297;0.30273;0.3125;0.32227;0.33203;0.3418;0.35156;0.36133;0.37109;0.38086;0.39063;0.40039;0.41016;0.41992;0.42969;0.43945;0.44922;0.45898;0.46875;0.47852;0.48828;0.49805;0.50781;0.51758;0.52734;0.53711;0.54688;0.55664;0.56641;0.57617;0.58594;0.5957;0.60547;0.61523;0.625;0.63477;0.64453;0.6543;0.66406;0.67383;0.68359;0.69336;0.70313;0.71289;0.72266;0.73242;0.74219;0.75195;0.76172;0.77148;0.78125;0.79102,0.00236544;0.005784576;0.003772416;0.017184768;0.16345804800000002;1.218622464;2.772237312;1.748911104;0.318852096;0.128203776;0.073706496;0.041644032;0.018760704;0.028750848;0.06823526399999999;0.07624396800000001;0.065132544;0.048595968;0.025559039999999998;0.022834176;0.018158591999999998;0.013784063999999999;0.015101952000000002;0.027912192000000002;0.034473984;0.040946688;0.037161983999999995;0.028406784;0.020213759999999997;0.012601343999999999;0.012002304;0.009388032000000001;0.007796736;0.010579968;0.010195968;0.010109952000000002;0.00688128;0.0063897599999999995;0.009326592;0.009099264;0.0069396480000000005;0.006641663999999999;0.006457344;0.0033699840000000003;0.003422208;0.00313344;0.002737152;0.004626432;0.0039720960000000005;0.0024514560000000003;0.003228672;0.00410112;0.002982912;0.0043929600000000004;0.004767744;0.002724864;0.002605056;0.0021872639999999995;0.002205696;0.002927616;0.0030136320000000005;0.001861632;0.0020920319999999997;0.0019814399999999997;0.0016128;0.0024299520000000004;0.002076672;0.0018339839999999999;0.001191936;0.0010659839999999999;0.001234944;0.001072128;0.00104448;0.001133568;0.001385472;0.001431552;0.001480704;0.001348608;0.000712704
1773850500,hdr,0.0293;0.03906;0.04883;0.05859;0.06836;0.07813;0.08789;0.09766;0.10742;0.11719;0.12695;0.13672;0.14648;0.15625;0.16602;0.17578;0.18555;0.19531;0.20508;0.21484;0.22461;0.23438;0.24414;0.25391;0.26367;0.27344;0.2832;0.29297;0.30273;0.3125;0.32227;0.33203;0.3418;0.35156;0.36133;0.37109;0.38086;0.39063;0.40039;0.41016;0.41992;0.42969;0.43945;0.44922;0.45898;0.46875;0.47852;0.48828;0.49805;0.50781;0.51758;0.52734;0.53711;0.54688;0.55664;0.56641;0.57617;0.58594;0.5957;0.60547;0.61523;0.625;0.63477;0.64453;0.6543;0.66406;0.67383;0.68359;0.69336;0.70313;0.71289;0.72266;0.73242;0.74219;0.75195;0.76172;0.77148;0.78125;0.79102,0.0016445440000000002;0.0028672;0.0031539199999999997;0.012140544;0.14734540799999998;0.8786923520000001;1.7747128319999999;0.919734272;0.21761638400000002;0.08215347199999999;0.042184704;0.02654208;0.022433792;0.038127616;0.053962752;0.053106688;0.045260800000000004;0.033345536;0.024129536;0.019560448;0.014729215999999998;0.010233856;0.013576192;0.028502015999999998;0.036898816;0.029892608;0.024608768;0.023222272000000002;0.014467072000000001;0.008996864;0.011896832;0.012288;0.011763711999999999;0.013268992;0.009443327999999999;0.012736511999999998;0.008650752000000001;0.005369856000000001;0.0068157439999999994;0.0060661759999999995;0.006475776;0.0069427199999999994;0.008790016;0.006246400000000001;0.004143104;0.004476928;0.005005312;0.00559104;0.00484352;0.004655103999999999;0.0039649279999999995;0.0024903679999999997;0.003375104;0.00375808;0.00239616;0.0032460799999999997;0.003026944;0.00214016;0.0022712319999999998;0.0016916480000000002;0.00193536;0.001826816;0.001431552;0.001048576;0.000917504;0.0009830400000000001;0.0011407359999999998;0.00128;0.000854016;0.000841728;0.001077248;0.0010014719999999998;0.000933888;0.0010465279999999997;0.00108544;0.001026048;0.0009830400000000001;0.000768;0.00068608
1773851400,hdr,0.0293;0.03906;0.04883;0.05859;0.06836;0.07813;0.08789;0.09766;0.10742;0.11719;0.12695;0.13672;0.14648;0.15625;0.16602;0.17578;0.18555;0.19531;0.20508;0.21484;0.22461;0.23438;0.24414;0.25391;0.26367;0.27344;0.2832;0.29297;0.30273;0.3125;0.32227;0.33203;0.3418;0.35156;0.36133;0.37109;0.38086;0.39063;0.40039;0.41016;0.41992;0.42969;0.43945;0.44922;0.45898;0.46875;0.47852;0.48828;0.49805;0.50781;0.51758;0.52734;0.53711;0.54688;0.55664;0.56641;0.57617;0.58594;0.5957;0.60547;0.61523;0.625;0.63477;0.64453;0.6543;0.66406;0.67383;0.68359;0.69336;0.70313;0.71289;0.72266;0.73242;0.74219;0.75195;0.76172;0.77148;0.78125;0.79102,0.002404352;0.008052736;0.00954368;0.016715776;0.18611609599999998;0.837578752;1.670643712;1.4242897920000002;0.546963456;0.179611648;0.099858432;0.05601075199999999;0.026558464;0.018823167999999998;0.046026752;0.099022848;0.06806732800000001;0.046962688;0.029751296;0.022861823999999996;0.015927296;0.011812864;0.014475264;0.027676672;0.036759551999999994;0.038266879999999996;0.027152384;0.022730752;0.008298495999999999;0.010383360000000001;0.012503040000000002;0.011075584;0.015089664000000001;0.019929088;0.012296192;0.006631424;0.008282112;0.006770688;0.004284416;0.004302848;0.0074301440000000005;0.009644031999999999;0.007192576;0.007200768;0.007411711999999999;0.006197248000000001;0.007993344;0.00606208;0.0031477759999999997;0.003745792;0.003698688;0.004415488;0.005003264;0.004296704;0.005283839999999999;0.004769791999999999;0.002361344;0.001890304;0.001486848;0.0032133120000000003;0.003282944;0.0022568959999999996;0.002048;0.001734656;0.001783808;0.0014151679999999999;0.001552384;0.0009584639999999999;0.0009216000000000001;0.00131072;0.00131072;0.0013639680000000001;0.001562624;0.001818624;0.001155072;0.0007188480000000001;0.00067584;0.001067008;0.001122304
1773852300,hdr,0.0293;0.03906;0.04883;0.05859;0.06836;0.07813;0.08789;0.09766;0.10742;0.11719;0.12695;0.13672;0.14648;0.15625;0.16602;0.17578;0.18555;0.19531;0.20508;0.21484;0.22461;0.23438;0.24414;0.25391;0.26367;0.27344;0.2832;0.29297;0.30273;0.3125;0.32227;0.33203;0.3418;0.35156;0.36133;0.37109;0.38086;0.39063;0.40039;0.41016;0.41992;0.42969;0.43945;0.44922;0.45898;0.46875;0.47852;0.48828;0.49805;0.50781;0.51758;0.52734;0.53711;0.54688;0.55664;0.56641;0.57617;0.58594;0.5957;0.60547;0.61523;0.625;0.63477;0.64453;0.6543;0.66406;0.67383;0.68359;0.69336;0.70313;0.71289;0.72266;0.73242;0.74219;0.75195;0.76172;0.77148;0.78125;0.79102,0.004704256;0.012093439999999999;0.017592319999999998;0.02089984;0.155295744;0.753375232;1.3009776640000001;1.060069376;0.43998617599999995;0.125304832;0.073654272;0.048705536;0.015917056;0.032548864000000004;0.058263551999999996;0.063442944;0.051687423999999996;0.05497856;0.042176512;0.020736;0.019531776;0.012611584;0.015005696;0.020404224;0.022970368;0.027666432;0.03105792;0.028956672000000003;0.022988800000000004;0.012486656;0.012709887999999999;0.007536640000000001;0.01031168;0.015632384;0.012509184;0.010211327999999999;0.006674432000000001;0.009306112000000002;0.009695232;0.007757824000000001;0.008411136;0.00556032;0.005953536;0.004724736;0.004864;0.006750208;0.009781248;0.010164224;0.006772736;0.003866624;0.0050728959999999995;0.005953536;0.005177344;0.0048762879999999995;0.003549184;0.0040243200000000005;0.0034918399999999995;0.003315712;0.004847616;0.004911104;0.0037949439999999997;0.003100672;0.002295808;0.002148352;0.00165888;0.002217984;0.0015544320000000001;0.001861632;0.0025374720000000003;0.0022855680000000004;0.001787904;0.000950272;0.0011468799999999999;0.0011489279999999998;0.000843776;0.0014172160000000002;0.001032192;0.00089088;0.0009564160000000001
1773853200,hdr,0.0293;0.03906;0.04883;0.05859;0.06836;0.07813;0.08789;0.09766;0.10742;0.11719;0.12695;0.13672;0.14648;0.15625;0.16602;0.17578;0.18555;0.19531;0.20508;0.21484;0.22461;0.23438;0.24414;0.25391;0.26367;0.27344;0.2832;0.29297;0.30273;0.3125;0.32227;0.33203;0.3418;0.35156;0.36133;0.37109;0.38086;0.39063;0.40039;0.41016;0.41992;0.42969;0.43945;0.44922;0.45898;0.46875;0.47852;0.48828;0.49805;0.50781;0.51758;0.52734;0.53711;0.54688;0.55664;0.56641;0.57617;0.58594;0.5957;0.60547;0.61523;0.625;0.63477;0.64453;0.6543;0.66406;0.67383;0.68359;0.69336;0.70313;0.71289;0.72266;0.73242;0.74219;0.75195;0.76172;0.77148;0.78125;0.79102,0.002045952;0.004463616;0.00436224;0.012973056;0.11860070400000002;0.8745431039999999;2.528695296;1.540598784;0.45757440000000005;0.163129344;0.06463487999999999;0.030388224;0.026790912;0.046700544000000004;0.12153139199999999;0.145471488;0.087871488;0.057818112;0.031269888;0.016963584;0.014438400000000002;0.01299456;0.020861952;0.019544064;0.015430656;0.019390464;0.035183616;0.025469951999999997;0.010576895999999999;0.011802624;0.009363456000000001;0.01606656;0.015685632;0.010085376;0.010874880000000002;0.0093696;0.012460032;0.011341824;0.0077936640000000005;0.007234559999999999;0.008712191999999999;0.008208384;0.010039296;0.00893952;0.00471552;0.0047339520000000005;0.005139456;0.003293184;0.004764672;0.006303744;0.005372928;0.003296256;0.004349952;0.004528127999999999;0.0048906240000000005;0.004795392000000001;0.004187136;0.00296448;0.00262656;0.0027310080000000005;0.0027678719999999998;0.002214912;0.0032194560000000003;0.001741824;0.0012288;0.001655808;0.0021995519999999996;0.00175104;0.0010997759999999998;0.000884736;0.001575936;0.0015083520000000001;0.000823296;0.0004884479999999999;0.000503808;0.000595968;0.000786432;0.0007096320000000001;0.000654336
1773854100,hdr,0.0293;0.03906;0.04883;0.05859;0.06836;0.07813;0.08789;0.09766;0.10742;0.11719;0.12695;0.13672;0.14648;0.15625;0.16602;0.17578;0.18555;0.19531;0.20508;0.21484;0.22461;0.23438;0.24414;0.25391;0.26367;0.27344;0.2832;0.29297;0.30273;0.3125;0.32227;0.33203;0.3418;0.35156;0.36133;0.37109;0.38086;0.39063;0.40039;0.41016;0.41992;0.42969;0.43945;0.44922;0.45898;0.46875;0.47852;0.48828;0.49805;0.50781;0.51758;0.52734;0.53711;0.54688;0.55664;0.56641;0.57617;0.58594;0.5957;0.60547;0.61523;0.625;0.63477;0.64453;0.6543;0.66406;0.67383;0.68359;0.69336;0.70313;0.71289;0.72266;0.73242;0.74219;0.75195;0.76172;0.77148;0.78125;0.79102,0.00190976;0.0026521599999999998;0.0039526399999999995;0.012538879999999999;0.11141120000000002;1.2331980799999998;4.34061312;2.87976448;0.7138252799999999;0.12818944000000002;0.05118464;0.02891776;0.01765376;0.02292224;0.040227839999999994;0.0745472;0.10673152000000001;0.07562752;0.03465728;0.021550080000000003;0.02318848;0.014192640000000001;0.01696256;0.02607616;0.03070464;0.028595199999999998;0.03729408;0.039470080000000005;0.017136639999999998;0.009722880000000001;0.014663679999999998;0.013470720000000002;0.01176064;0.015856639999999998;0.024581119999999998;0.03010048;0.01350144;0.005724160000000001;0.008663039999999999;0.008360959999999999;0.00591872;0.0059648;0.005048319999999999;0.0055296;0.005724160000000001;0.00791552;0.00690688;0.0051148800000000005;0.0036608;0.00161792;0.0018687999999999999;0.00278016;0.00598016;0.00528896;0.00239616;0.0042956800000000005;0.00490496;0.00425984;0.00266752;0.0031385600000000003;0.0029081600000000003;0.00282624;0.00268288;0.0018687999999999999;0.0018278399999999998;0.0014847999999999999;0.00108544;0.00165376;0.0015872;0.00115712;0.00090112;0.0009676800000000001;0.00144896;0.0013209599999999997;0.0010393599999999998;0.00079872;0.0009881599999999999;0.00072192;0.00076288
1773855000,hdr,0.0293;0.03906;0.04883;0.05859;0.06836;0.07813;0.08789;0.09766;0.10742;0.11719;0.12695;0.13672;0.14648;0.15625;0.16602;0.17578;0.18555;0.19531;0.20508;0.21484;0.22461;0.23438;0.24414;0.25391;0.26367;0.27344;0.2832;0.29297;0.30273;0.3125;0.32227;0.33203;0.3418;0.35156;0.36133;0.37109;0.38086;0.39063;0.40039;0.41016;0.41992;0.42969;0.43945;0.44922;0.45898;0.46875;0.47852;0.48828;0.49805;0.50781;0.51758;0.52734;0.53711;0.54688;0.55664;0.56641;0.57617;0.58594;0.5957;0.60547;0.61523;0.625;0.63477;0.64453;0.6543;0.66406;0.67383;0.68359;0.69336;0.70313;0.71289;0.72266;0.73242;0.74219;0.75195;0.76172;0.77148;0.78125;0.79102,0.0023347199999999998;0.004880384;0.007880704;0.01485824;0.19802112;0.8193454080000001;1.946185728;1.8022359039999998;0.8474050559999999;0.202289152;0.032550911999999994;0.034174976;0.030674944;0.040218623999999994;0.083449856;0.10323968000000001;0.11881267200000001;0.115300352;0.056031232;0.016840703999999998;0.008222720000000001;0.00539648;0.013764608;0.01810432;0.03196928;0.052895744;0.041541631999999995;0.023013376;0.011319296;0.010149888000000001;0.016871424000000003;0.017254400000000003;0.013723648000000001;0.013899775999999999;0.01031168;0.012793856;0.012171264000000001;0.010815488;0.010237952;0.009093120000000001;0.008822784;0.007503872;0.007297024;0.00850944;0.006361088;0.00406528;0.00662528;0.006244352;0.005584896;0.004298752;0.0029491200000000004;0.004102144;0.004562943999999999;0.003291136;0.003049472;0.0030904319999999997;0.002586624;0.0025210880000000003;0.0024801280000000003;0.003166208;0.002811904;0.0025251839999999998;0.002445312;0.001824768;0.0014438399999999998;0.001959936;0.001927168;0.0019169279999999998;0.0027115520000000003;0.001138688;0.0011960319999999999;0.001193984;0.000759808;0.000499712;0.0006840319999999999;0.000690176;0.000770048;0.001097728;0.001040384
1773855900,hdr,0.0293;0.03906;0.04883;0.05859;0.06836;0.07813;0.08789;0.09766;0.10742;0.11719;0.12695;0.13672;0.14648;0.15625;0.16602;0.17578;0.18555;0.19531;0.20508;0.21484;0.22461;0.23438;0.24414;0.25391;0.26367;0.27344;0.2832;0.29297;0.30273;0.3125;0.32227;0.33203;0.3418;0.35156;0.36133;0.37109;0.38086;0.39063;0.40039;0.41016;0.41992;0.42969;0.43945;0.44922;0.45898;0.46875;0.47852;0.48828;0.49805;0.50781;0.51758;0.52734;0.53711;0.54688;0.55664;0.56641;0.57617;0.58594;0.5957;0.60547;0.61523;0.625;0.63477;0.64453;0.6543;0.66406;0.67383;0.68359;0.69336;0.70313;0.71289;0.72266;0.73242;0.74219;0.75195;0.76172;0.77148;0.78125;0.79102,0.0037847040000000003;0.013191168;0.007443455999999999;0.009532415999999998;0.10723737600000001;1.1675381759999999;2.778820608;1.5207905280000003;0.66241536;0.27945676799999997;0.07510425600000001;0.027512832;0.020809728;0.027866112;0.044992512;0.098482176;0.139557888;0.14727168000000002;0.07348838399999999;0.031770624;0.017369088;0.008623104;0.010847232;0.014828543999999999;0.02107392;0.030938112;0.030689280000000003;0.024652799999999996;0.014828543999999999;0.007123968;0.008291327999999999;0.008420351999999999;0.009013248;0.009013248;0.014161920000000001;0.00909312;0.008020992;0.008014848000000001;0.009980928;0.006776832;0.005630975999999999;0.009437184000000001;0.006650879999999999;0.005382144;0.008051712;0.005326848;0.008260608000000001;0.005059584;0.004491264;0.005581824000000001;0.007163904;0.006951936;0.004263935999999999;0.004150272;0.0048660479999999996;0.004306944;0.0031272960000000003;0.002681856;0.002414592;0.002270208;0.002804736;0.0017541120000000002;0.001440768;0.0018094080000000002;0.00167424;0.0012687360000000001;0.0015851519999999998;0.00201216;0.0013148160000000001;0.000854016;0.0010752000000000001;0.001084416;0.0014592000000000001;0.001287168;0.001062912;0.001139712;0.0006082559999999999;0.0006082559999999999;0.0007249919999999999
1773856800,hdr,0.0293;0.03906;0.04883;0.05859;0.06836;0.07813;0.08789;0.09766;0.10742;0.11719;0.12695;0.13672;0.14648;0.15625;0.16602;0.17578;0.18555;0.19531;0.20508;0.21484;0.22461;0.23438;0.24414;0.25391;0.26367;0.27344;0.2832;0.29297;0.30273;0.3125;0.32227;0.33203;0.3418;0.35156;0.36133;0.37109;0.38086;0.39063;0.40039;0.41016;0.41992;0.42969;0.43945;0.44922;0.45898;0.46875;0.47852;0.48828;0.49805;0.50781;0.51758;0.52734;0.53711;0.54688;0.55664;0.56641;0.57617;0.58594;0.5957;0.60547;0.61523;0.625;0.63477;0.64453;0.6543;0.66406;0.67383;0.68359;0.69336;0.70313;0.71289;0.72266;0.73242;0.74219;0.75195;0.76172;0.77148;0.78125;0.79102,0.0051302399999999995;0.008740864;0.007241728;0.019238912;0.13247488000000002;0.611289088;1.4390272;1.720813568;0.682207232;0.170084352;0.033462271999999994;0.026519552;0.02246656;0.022972416;0.057690112;0.118106112;0.11175526399999999;0.07274496000000001;0.040863744;0.019009536;0.015028224;0.013303808;0.010196992;0.009918464;0.014534656000000002;0.02190336;0.017989632000000002;0.014862336;0.01363968;0.015060992;0.0118272;0.012660736;0.012089344;0.007995392;0.014223359999999999;0.011393024000000002;0.011745279999999999;0.009007104;0.006832128;0.007979008000000001;0.0077864959999999995;0.008345599999999998;0.0071393279999999995;0.006232064000000001;0.008142848000000001;0.007059456;0.0038256640000000003;0.0049582079999999995;0.005103616;0.005134336000000001;0.0046919679999999995;0.003551232;0.003559424;0.003723264;0.003508224;0.0031539199999999997;0.002512896;0.002945024;0.0038461439999999997;0.003770368;0.0032583679999999998;0.0021217280000000002;0.00218112;0.0018841600000000002;0.001875968;0.001605632;0.0013946879999999998;0.001091584;0.001734656;0.0016097280000000002;0.0013824;0.001306624;0.000733184;0.0007495679999999999;0.00090112;0.000987136;0.0008151040000000001;0.000661504;0.0005099519999999999
1773857700,hdr,0.0293;0.03906;0.04883;0.05859;0.06836;0.07813;0.08789;0.09766;0.10742;0.11719;0.12695;0.13672;0.14648;0.15625;0.16602;0.17578;0.18555;0.19531;0.20508;0.21484;0.22461;0.23438;0.24414;0.25391;0.26367;0.27344;0.2832;0.29297;0.30273;0.3125;0.32227;0.33203;0.3418;0.35156;0.36133;0.37109;0.38086;0.39063;0.40039;0.41016;0.41992;0.42969;0.43945;0.44922;0.45898;0.46875;0.47852;0.48828;0.49805;0.50781;0.51758;0.52734;0.53711;0.54688;0.55664;0.56641;0.57617;0.58594;0.5957;0.60547;0.61523;0.625;0.63477;0.64453;0.6543;0.66406;0.67383;0.68359;0.69336;0.70313;0.71289;0.72266;0.73242;0.74219;0.75195;0.76172;0.77148;0.78125;0.79102,0.002632704;0.003913728;0.009673728;0.022828031999999998;0.07432396799999999;0.44683776000000003;2.197469184;1.718989824;0.6082928639999999;0.173051904;0.064508928;0.047287296;0.020745216;0.026880000000000005;0.059652096;0.077995008;0.083094528;0.05600563200000001;0.03792384;0.017058815999999997;0.011043840000000001;0.007968768;0.011188224;0.013651968;0.016137216;0.018453504000000003;0.015833088;0.020330496;0.013052928;0.011725824000000001;0.008122368;0.007292927999999999;0.011983872;0.00993792;0.0077567999999999995;0.007317504;0.010730495999999999;0.009765887999999999;0.009882624;0.009621504;0.009907200000000001;0.012782591999999999;0.012306432;0.010189824;0.008804352000000001;0.007839744;0.00658944;0.007145472;0.005489664;0.004134912;0.003345408;0.004153344;0.00474624;0.0044451840000000005;0.0031027200000000002;0.0027555839999999997;0.004887552;0.002813952;0.002583552;0.003388416;0.002632704;0.0021196799999999997;0.0022763519999999997;0.0021903359999999998;0.002316288;0.0019968;0.0015820800000000002;0.0015114240000000001;0.0014622720000000001;0.001311744;0.001087488;0.001327104;0.00101376;0.000970752;0.001026048;0.0008017920000000001;0.0011212799999999999;0.000740352;0.000384
1773858600,hdr,0.0293;0.03906;0.04883;0.05859;0.06836;0.07813;0.08789;0.09766;0.10742;0.11719;0.12695;0.13672;0.14648;0.15625;0.16602;0.17578;0.18555;0.19531;0.20508;0.21484;0.22461;0.23438;0.24414;0.25391;0.26367;0.27344;0.2832;0.29297;0.30273;0.3125;0.32227;0.33203;0.3418;0.35156;0.36133;0.37109;0.38086;0.39063;0.40039;0.41016;0.41992;0.42969;0.43945;0.44922;0.45898;0.46875;0.47852;0.48828;0.49805;0.50781;0.51758;0.52734;0.53711;0.54688;0.55664;0.56641;0.57617;0.58594;0.5957;0.60547;0.61523;0.625;0.63477;0.64453;0.6543;0.66406;0.67383;0.68359;0.69336;0.70313;0.71289;0.72266;0.73242;0.74219;0.75195;0.76172;0.77148;0.78125;0.79102,0.002054144;0.004644864;0.0049008640000000004;0.012212224;0.098011136;0.5302968319999999;1.7990635520000002;1.6281497600000001;0.502355968;0.21321932799999999;0.046460928;0.024578047999999998;0.020711424000000003;0.020666367999999997;0.041271296;0.132093952;0.14601830400000002;0.08291327999999999;0.04363264;0.016265216;0.01050624;0.008093696;0.015153152;0.03607552;0.031551487999999996;0.025966591999999997;0.03945472;0.026863616000000003;0.014096384;0.010913792000000002;0.011053056;0.01220608;0.010225664;0.007376896000000001;0.008976384;0.010754047999999999;0.01319936;0.01084416;0.012537856;0.01374208;0.009308160000000001;0.012517376;0.015396864000000001;0.008431616;0.007022592;0.006664192;0.007444480000000001;0.005853183999999999;0.004728832;0.0052019200000000005;0.009682944;0.009078784000000001;0.0059514880000000004;0.003059712;0.003203072;0.004032511999999999;0.0031887359999999997;0.002349056;0.00244736;0.00287744;0.0028303359999999997;0.0025108480000000004;0.0022835200000000003;0.0024371200000000005;0.002185216;0.002033664;0.001509376;0.0019230719999999998;0.0012185600000000003;0.001138688;0.0014847999999999999;0.001210368;0.001212416;0.0008355839999999999;0.000796672;0.000786432;0.0008601600000000001;0.00067584;0.0008765439999999999
1773859500,hdr,0.0293;0.03906;0.04883;0.05859;0.06836;0.07813;0.08789;0.09766;0.10742;0.11719;0.12695;0.13672;0.14648;0.15625;0.16602;0.17578;0.18555;0.19531;0.20508;0.21484;0.22461;0.23438;0.24414;0.25391;0.26367;0.27344;0.2832;0.29297;0.30273;0.3125;0.32227;0.33203;0.3418;0.35156;0.36133;0.37109;0.38086;0.39063;0.40039;0.41016;0.41992;0.42969;0.43945;0.44922;0.45898;0.46875;0.47852;0.48828;0.49805;0.50781;0.51758;0.52734;0.53711;0.54688;0.55664;0.56641;0.57617;0.58594;0.5957;0.60547;0.61523;0.625;0.63477;0.64453;0.6543;0.66406;0.67383;0.68359;0.69336;0.70313;0.71289;0.72266;0.73242;0.74219;0.75195;0.76172;0.77148;0.78125;0.79102,0.00077824;0.0019455999999999998;0.005537792;0.016928768;0.154667008;0.63087616;1.13932288;1.106225152;0.432726016;0.10409574399999999;0.043333632000000004;0.015130624;0.014041088;0.035418112;0.090097664;0.185075712;0.139841536;0.08522752;0.061001728000000005;0.025321472;0.017078272;0.018628608;0.03291136;0.045408256;0.030881792;0.027322368000000003;0.017498111999999996;0.024438783999999998;0.015276032000000002;0.010012672;0.01082368;0.014055424;0.013148159999999999;0.012361727999999999;0.012386304;0.013586432;0.01046528;0.011319296;0.009586688;0.0096256;0.006535168;0.007524352000000001;0.006436864;0.006027264;0.0036270079999999997;0.004800512000000001;0.006721536;0.007043072;0.006905856;0.004962303999999999;0.004653056000000001;0.003618816;0.0028221440000000004;0.0024924160000000003;0.00267264;0.002220032;0.00253952;0.003725312;0.0035942400000000003;0.002699264;0.001636352;0.00159744;0.002363392;0.0024084479999999997;0.001855488;0.0014213119999999999;0.001349632;0.001097728;0.0011694079999999998;0.001132544;0.001015808;0.001058816;0.001349632;0.001118208;0.000692224;0.000352256;0.0006123519999999999;0.000882688;0.0009359360000000001
1773860400,hdr,0.0293;0.03906;0.04883;0.05859;0.06836;0.07813;0.08789;0.09766;0.10742;0.11719;0.12695;0.13672;0.14648;0.15625;0.16602;0.17578;0.18555;0.19531;0.20508;0.21484;0.22461;0.23438;0.24414;0.25391;0.26367;0.27344;0.2832;0.29297;0.30273;0.3125;0.32227;0.33203;0.3418;0.35156;0.36133;0.37109;0.38086;0.39063;0.40039;0.41016;0.41992;0.42969;0.43945;0.44922;0.45898;0.46875;0.47852;0.48828;0.49805;0.50781;0.51758;0.52734;0.53711;0.54688;0.55664;0.56641;0.57617;0.58594;0.5957;0.60547;0.61523;0.625;0.63477;0.64453;0.6543;0.66406;0.67383;0.68359;0.69336;0.70313;0.71289;0.72266;0.73242;0.74219;0.75195;0.76172;0.77148;0.78125;0.79102,0.001110016;0.002605056;0.0041144319999999995;0.008034304;0.08486502400000001;0.728236032;1.647044608;1.180899328;0.632702976;0.126775296;0.06418636800000001;0.024086528000000003;0.019959807999999996;0.03781632;0.12997632;0.272848896;0.17212620799999998;0.103348224;0.05653504;0.023783423999999997;0.018833408;0.015495168;0.013422592;0.031244288000000002;0.060121088;0.032178176;0.018499584;0.018614272;0.012361727999999999;0.01291264;0.011884544;0.008466432;0.01324032;0.010102784;0.011845632;0.011139072;0.012527616;0.012990464;0.008980479999999999;0.008933376;0.006825984;0.005660671999999999;0.006660096000000001;0.006651904;0.006234112;0.005025792;0.0031928320000000005;0.004851712;0.005255168;0.004540415999999999;0.004411392;0.00366592;0.002154496;0.003618816;0.003985408;0.00311296;0.0042065919999999994;0.0038952960000000003;0.0024166400000000003;0.003055616;0.0035717120000000003;0.0024903679999999997;0.0016302080000000002;0.001746944;0.001542144;0.0016302080000000002;0.0018698239999999997;0.0014847999999999999;0.00159744;0.001306624;0.001544192;0.001304576;0.00105472;0.000841728;0.00064512;0.000751616;0.001052672;0.0009400319999999999;0.000751616
1773861300,hdr,0.0293;0.03906;0.04883;0.05859;0.06836;0.07813;0.08789;0.09766;0.10742;0.11719;0.12695;0.13672;0.14648;0.15625;0.16602;0.17578;0.18555;0.19531;0.20508;0.21484;0.22461;0.23438;0.24414;0.25391;0.26367;0.27344;0.2832;0.29297;0.30273;0.3125;0.32227;0.33203;0.3418;0.35156;0.36133;0.37109;0.38086;0.39063;0.40039;0.41016;0.41992;0.42969;0.43945;0.44922;0.45898;0.46875;0.47852;0.48828;0.49805;0.50781;0.51758;0.52734;0.53711;0.54688;0.55664;0.56641;0.57617;0.58594;0.5957;0.60547;0.61523;0.625;0.63477;0.64453;0.6543;0.66406;0.67383;0.68359;0.69336;0.70313;0.71289;0.72266;0.73242;0.74219;0.75195;0.76172;0.77148;0.78125;0.79102,0.003274752;0.003991552;0.005654528000000001;0.017219584000000003;0.14170316800000002;0.7261183999999999;1.298726912;1.270593536;0.49948876799999997;0.189130752;0.055181311999999996;0.025022464;0.018649088;0.014657536;0.058550272;0.128507904;0.1693184;0.12823347200000002;0.079138816;0.033038336;0.015613951999999999;0.012609536;0.008833024;0.014628864;0.024698879999999996;0.025227264000000003;0.01795072;0.015192064;0.011247616;0.008179712;0.009060352;0.008937472;0.011220992;0.00845824;0.00493568;0.004712448;0.008665088000000001;0.011409408000000001;0.009312256;0.003633152;0.007821312;0.011474944;0.009439232;0.002760704;0.004143104;0.0048783360000000005;0.004810752;0.003749888;0.0045670400000000005;0.0037601279999999997;0.003708928;0.0028876799999999997;0.002226176;0.00177152;0.001849344;0.001775616;0.0016691199999999998;0.00285696;0.0022323200000000003;0.003315712;0.002613248;0.002330624;0.0014028799999999998;0.00141312;0.001800192;0.001329152;0.000753664;0.000864256;0.001077248;0.001091584;0.001267712;0.00119808;0.001036288;0.0014745600000000002;0.0011161600000000002;0.0008929280000000001;0.000837632;0.000661504;0.000659456
1773862200,hdr,0.0293;0.03906;0.04883;0.05859;0.06836;0.07813;0.08789;0.09766;0.10742;0.11719;0.12695;0.13672;0.14648;0.15625;0.16602;0.17578;0.18555;0.19531;0.20508;0.21484;0.22461;0.23438;0.24414;0.25391;0.26367;0.27344;0.2832;0.29297;0.30273;0.3125;0.32227;0.33203;0.3418;0.35156;0.36133;0.37109;0.38086;0.39063;0.40039;0.41016;0.41992;0.42969;0.43945;0.44922;0.45898;0.46875;0.47852;0.48828;0.49805;0.50781;0.51758;0.52734;0.53711;0.54688;0.55664;0.56641;0.57617;0.58594;0.5957;0.60547;0.61523;0.625;0.63477;0.64453;0.6543;0.66406;0.67383;0.68359;0.69336;0.70313;0.71289;0.72266;0.73242;0.74219;0.75195;0.76172;0.77148;0.78125;0.79102,0.008255488;0.009639936;0.00498688;0.015560704;0.15075532799999997;0.9409843200000001;1.87856896;1.8776166399999998;0.6270382080000001;0.138088448;0.061405184;0.021993472;0.025905152;0.05640192;0.118808576;0.255234048;0.31943065600000004;0.21824716799999996;0.12353536;0.060973056;0.023293952;0.014436352;0.014245888000000002;0.013234176;0.025968639999999998;0.035588096;0.025061376;0.020205568;0.007000064;0.007313408;0.011157503999999999;0.009150464;0.011917312;0.009672703999999999;0.005769216000000001;0.009252864000000001;0.010674175999999999;0.009371648000000002;0.007038976;0.005224448;0.00750592;0.008716288;0.007362560000000001;0.005900287999999999;0.004231168;0.005781504;0.005578751999999999;0.00492544;0.003620864;0.00434176;0.005115903999999999;0.005758976;0.003659776;0.0026296320000000002;0.0029409279999999998;0.003182592;0.0025292799999999996;0.0026480640000000003;0.003203072;0.003221504;0.00293888;0.0018698239999999997;0.00193536;0.001425408;0.0010649599999999998;0.0017121280000000003;0.001048576;0.001900544;0.001337344;0.0012451839999999999;0.0013783040000000001;0.0011632640000000002;0.00129024;0.001536;0.001306624;0.000927744;0.001071104;0.0007352319999999999;0.000626688
1773863100,hdr,0.0293;0.03906;0.04883;0.05859;0.06836;0.07813;0.08789;0.09766;0.10742;0.11719;0.12695;0.13672;0.14648;0.15625;0.16602;0.17578;0.18555;0.19531;0.20508;0.21484;0.22461;0.23438;0.24414;0.25391;0.26367;0.27344;0.2832;0.29297;0.30273;0.3125;0.32227;0.33203;0.3418;0.35156;0.36133;0.37109;0.38086;0.39063;0.40039;0.41016;0.41992;0.42969;0.43945;0.44922;0.45898;0.46875;0.47852;0.48828;0.49805;0.50781;0.51758;0.52734;0.53711;0.54688;0.55664;0.56641;0.57617;0.58594;0.5957;0.60547;0.61523;0.625;0.63477;0.64453;0.6543;0.66406;0.67383;0.68359;0.69336;0.70313;0.71289;0.72266;0.73242;0.74219;0.75195;0.76172;0.77148;0.78125;0.79102,0.00534528;0.011019263999999999;0.024324095999999996;0.033604608;0.132873216;0.711610368;2.577865728;2.739922944;0.7673487360000001;0.224185344;0.08045568;0.02476032;0.017458176;0.031546368000000005;0.058708992;0.157092864;0.290021376;0.181886976;0.09629183999999999;0.026376192;0.013467647999999999;0.013710336;0.011679743999999999;0.008014848000000001;0.02006016;0.02644992;0.018634752;0.019608576000000003;0.01055232;0.007486464;0.007123968;0.005935103999999999;0.006620159999999999;0.009418752;0.008368127999999999;0.0073605120000000005;0.0074127360000000005;0.006951936;0.006463488;0.0048414719999999994;0.005139456;0.0077168639999999995;0.009222144;0.00886272;0.008921087999999999;0.006690816;0.005200896000000001;0.007053312;0.007630848;0.006601727999999999;0.003999744;0.003330048;0.003130368;0.003228672;0.003293184;0.003354624;0.003167232;0.0034498560000000003;0.00296448;0.002558976;0.0015267840000000002;0.002881536;0.0038522879999999997;0.003898368;0.00251904;0.0031703039999999997;0.003514368;0.003505152;0.0021903359999999998;0.0030996479999999996;0.005624832;0.0034007039999999996;0.0024330239999999998;0.003913728;0.003462144;0.00340992;0.005947392;0.0029583359999999998;0.002942976
1773864000,hdr,0.0293;0.03906;0.04883;0.05859;0.06836;0.07813;0.08789;0.09766;0.10742;0.11719;0.12695;0.13672;0.14648;0.15625;0.16602;0.17578;0.18555;0.19531;0.20508;0.21484;0.22461;0.23438;0.24414;0.25391;0.26367;0.27344;0.2832;0.29297;0.30273;0.3125;0.32227;0.33203;0.3418;0.35156;0.36133;0.37109;0.38086;0.39063;0.40039;0.41016;0.41992;0.42969;0.43945;0.44922;0.45898;0.46875;0.47852;0.48828;0.49805;0.50781;0.51758;0.52734;0.53711;0.54688;0.55664;0.56641;0.57617;0.58594;0.5957;0.60547;0.61523;0.625;0.63477;0.64453;0.6543;0.66406;0.67383;0.68359;0.69336;0.70313;0.71289;0.72266;0.73242;0.74219;0.75195;0.76172;0.77148;0.78125;0.79102,0.004677631999999999;0.008988671999999998;0.010403840000000001;0.022321152;0.15684608;0.7585402880000001;1.86138624;1.661997056;0.905633792;0.246401024;0.04164198400000001;0.016531456;0.01959936;0.054679552000000006;0.111640576;0.148058112;0.11973632000000001;0.067733504;0.034377727999999996;0.034381824;0.022001664;0.011866112;0.015706111999999998;0.024451072;0.032876544;0.027230208000000002;0.017647615999999998;0.01185792;0.012500992;0.011589631999999999;0.0069324799999999995;0.005496832;0.00661504;0.007759871999999999;0.011833344;0.010051584;0.0061808639999999995;0.003733504;0.005064704;0.005494784000000001;0.004859904000000001;0.006344704;0.00467968;0.004603904000000001;0.0073031680000000005;0.005332992;0.005378048;0.005556224;0.0037027839999999998;0.005179392;0.006793216;0.006914048;0.0052019200000000005;0.007059456;0.008083456;0.005814272;0.006961152;0.006705152;0.008665088000000001;0.009330688;0.007090175999999999;0.009207808000000001;0.007958528;0.006076416;0.007419904;0.007358464;0.006612992;0.005670912;0.0036392959999999998;0.004038656;0.004190208000000001;0.0037601279999999997;0.00387072;0.002441216;0.0029061119999999998;0.0032256;0.001824768;0.002924544;0.0018923520000000001
1773864900,hdr,0.0293;0.03906;0.04883;0.05859;0.06836;0.07813;0.08789;0.09766;0.10742;0.11719;0.12695;0.13672;0.14648;0.15625;0.16602;0.17578;0.18555;0.19531;0.20508;0.21484;0.22461;0.23438;0.24414;0.25391;0.26367;0.27344;0.2832;0.29297;0.30273;0.3125;0.32227;0.33203;0.3418;0.35156;0.36133;0.37109;0.38086;0.39063;0.40039;0.41016;0.41992;0.42969;0.43945;0.44922;0.45898;0.46875;0.47852;0.48828;0.49805;0.50781;0.51758;0.52734;0.53711;0.54688;0.55664;0.56641;0.57617;0.58594;0.5957;0.60547;0.61523;0.625;0.63477;0.64453;0.6543;0.66406;0.67383;0.68359;0.69336;0.70313;0.71289;0.72266;0.73242;0.74219;0.75195;0.76172;0.77148;0.78125;0.79102,0.002686976;0.0045199360000000004;0.015192064;0.020555776;0.155369472;0.6991872;1.328441344;1.610430464;0.988090368;0.190541824;0.06845440000000001;0.031668224;0.022501376;0.038873088;0.100708352;0.18577407999999998;0.164317184;0.12938035199999998;0.11790131200000001;0.053108736;0.019613696;0.013467648;0.0219648;0.036276224;0.039135232000000006;0.019695616000000003;0.016207871999999998;0.016070656;0.008830976;0.006316032;0.003588096;0.005584896;0.0070471679999999995;0.00884736;0.010196992;0.009218048;0.008290304;0.007899136000000001;0.008112128000000001;0.008777727999999999;0.006766592000000001;0.005736448;0.005093376;0.005300224;0.005113856;0.005081088000000001;0.00636928;0.005849088;0.0024104960000000003;0.003158016;0.005036031999999999;0.004886528;0.006246400000000001;0.008507391999999999;0.008462336;0.011177984;0.008927232;0.007825408;0.007706624;0.009609216;0.011382784;0.01364992;0.014426112;0.008912896;0.006793216;0.006098944;0.005584896;0.003428352;0.003600384;0.0047861760000000005;0.004841472;0.004456448;0.0029593600000000003;0.0029061119999999998;0.001798144;0.0017203200000000002;0.0014213119999999999;0.001675264;0.0024719359999999997
1773865800,hdr,0.0293;0.03906;0.04883;0.05859;0.06836;0.07813;0.08789;0.09766;0.10742;0.11719;0.12695;0.13672;0.14648;0.15625;0.16602;0.17578;0.18555;0.19531;0.20508;0.21484;0.22461;0.23438;0.24414;0.25391;0.26367;0.27344;0.2832;0.29297;0.30273;0.3125;0.32227;0.33203;0.3418;0.35156;0.36133;0.37109;0.38086;0.39063;0.40039;0.41016;0.41992;0.42969;0.43945;0.44922;0.45898;0.46875;0.47852;0.48828;0.49805;0.50781;0.51758;0.52734;0.53711;0.54688;0.55664;0.56641;0.57617;0.58594;0.5957;0.60547;0.61523;0.625;0.63477;0.64453;0.6543;0.66406;0.67383;0.68359;0.69336;0.70313;0.71289;0.72266;0.73242;0.74219;0.75195;0.76172;0.77148;0.78125;0.79102,0.005187583999999999;0.01324032;0.011933696;0.021901312000000003;0.13910015999999997;0.7429672960000001;1.326866432;1.323096064;0.640960512;0.29757235200000004;0.06866124800000001;0.031070208000000002;0.032905216;0.074913792;0.12353331199999999;0.13946879999999998;0.16001024000000003;0.093943808;0.042686464;0.023646208000000002;0.014714880000000001;0.011943936000000002;0.013332479999999999;0.016285696000000002;0.019423232;0.014546944;0.016674816;0.015054848;0.015673344000000002;0.009179136000000001;0.006488063999999999;0.006682624;0.00638976;0.009160704000000002;0.01160192;0.011728896;0.008261632000000001;0.0058818559999999995;0.00598016;0.0068055039999999995;0.008638464;0.005490687999999999;0.005134336000000001;0.008259584;0.007780352;0.005957632000000001;0.00641024;0.00625664;0.006174719999999999;0.008495104;0.009824256;0.011487232;0.009289728;0.013385728000000001;0.010848255999999999;0.008318975999999999;0.009807871999999999;0.010852352;0.013213696;0.018376704;0.010852352;0.005771264;0.0071884800000000006;0.0061808639999999995;0.006150144000000001;0.003653632;0.002787328;0.003813376;0.004163584;0.003049472;0.002213888;0.002164736;0.0016138239999999998;0.0022015999999999997;0.003315712;0.004192256;0.0033218559999999998;0.001937408;0.00208896
1773866700,hdr,0.0293;0.03906;0.04883;0.05859;0.06836;0.07813;0.08789;0.09766;0.10742;0.11719;0.12695;0.13672;0.14648;0.15625;0.16602;0.17578;0.18555;0.19531;0.20508;0.21484;0.22461;0.23438;0.24414;0.25391;0.26367;0.27344;0.2832;0.29297;0.30273;0.3125;0.32227;0.33203;0.3418;0.35156;0.36133;0.37109;0.38086;0.39063;0.40039;0.41016;0.41992;0.42969;0.43945;0.44922;0.45898;0.46875;0.47852;0.48828;0.49805;0.50781;0.51758;0.52734;0.53711;0.54688;0.55664;0.56641;0.57617;0.58594;0.5957;0.60547;0.61523;0.625;0.63477;0.64453;0.6543;0.66406;0.67383;0.68359;0.69336;0.70313;0.71289;0.72266;0.73242;0.74219;0.75195;0.76172;0.77148;0.78125;0.79102,0.004391936000000001;0.01242624;0.009478144;0.012898304;0.06866943999999998;0.44901478400000006;0.918158336;0.9872076799999999;0.686809088;0.23809535999999998;0.05277491200000001;0.028179456;0.014755839999999997;0.035726336000000004;0.118331392;0.151335936;0.193883136;0.16788991999999997;0.096164864;0.050103296000000005;0.028012543999999997;0.013476864000000002;0.013910016;0.021567488000000003;0.030167040000000003;0.026194943999999998;0.018395136000000003;0.011699199999999998;0.015489024;0.010277888;0.007543808;0.007217151999999999;0.0057047040000000005;0.0066334720000000005;0.008354816;0.009385984;0.006979584;0.005731328000000001;0.004066304;0.005844992;0.006283264;0.006218752;0.006105088000000001;0.008347648;0.008672256000000001;0.0057497600000000005;0.004381696;0.006834176;0.009470976;0.00836096;0.011189247999999999;0.011777024;0.011371520000000001;0.008020992;0.011075584;0.012420096;0.013586432;0.012578816;0.009457664;0.008387584;0.005347328;0.0049664;0.006121471999999999;0.006081536;0.004498432;0.004612096;0.005615616;0.004675584;0.003119104;0.003417088;0.0028897280000000003;0.0026808319999999997;0.004005887999999999;0.0036085759999999996;0.001752064;0.0012441599999999998;0.001480704;0.001442816;0.001558528
1773868500,hdr,0.0293;0.03906;0.04883;0.05859;0.06836;0.07813;0.08789;0.09766;0.10742;0.11719;0.12695;0.13672;0.14648;0.15625;0.16602;0.17578;0.18555;0.19531;0.20508;0.21484;0.22461;0.23438;0.24414;0.25391;0.26367;0.27344;0.2832;0.29297;0.30273;0.3125;0.32227;0.33203;0.3418;0.35156;0.36133;0.37109;0.38086;0.39063;0.40039;0.41016;0.41992;0.42969;0.43945;0.44922;0.45898;0.46875;0.47852;0.48828;0.49805;0.50781;0.51758;0.52734;0.53711;0.54688;0.55664;0.56641;0.57617;0.58594;0.5957;0.60547;0.61523;0.625;0.63477;0.64453;0.6543;0.66406;0.67383;0.68359;0.69336;0.70313;0.71289;0.72266;0.73242;0.74219;0.75195;0.76172;0.77148;0.78125;0.79102,0.004415488;0.010473472;0.008735744;0.016519168;0.11085312000000001;0.45799424;0.8838092799999999;0.854505472;0.5975654399999999;0.321943552;0.156045312;0.061539328;0.02107904;0.03697459200000001;0.08348262399999999;0.138212352;0.13916262399999998;0.07855308800000001;0.063297536;0.035945472;0.018356224;0.0132608;0.018151424;0.026235904;0.029503488;0.020847616;0.019219456000000003;0.01563136;0.01212928;0.009499648000000001;0.004552704;0.007410688;0.009843712;0.007563264;0.011467776;0.012235776;0.009459712;0.004052992;0.005382144;0.008195072;0.009221120000000001;0.010881024;0.010812416000000002;0.011293696;0.013244415999999998;0.018538495999999998;0.021467135999999998;0.022416384;0.024640512000000003;0.019914752;0.02630656;0.025814016;0.017242111999999997;0.013233152;0.02113024;0.014206975999999998;0.008032256;0.008628224;0.008705023999999999;0.006501376;0.004225024;0.004167679999999999;0.005815296;0.006252544;0.004294656;0.005020672;0.00468992;0.005875712000000001;0.0027115520000000003;0.0020357120000000003;0.0030197759999999996;0.003509248;0.003191808;0.002799616;0.003074048;0.003236864;0.003820544;0.002233344;0.001826816
1773869400,hdr,0.0293;0.03906;0.04883;0.05859;0.06836;0.07813;0.08789;0.09766;0.10742;0.11719;0.12695;0.13672;0.14648;0.15625;0.16602;0.17578;0.18555;0.19531;0.20508;0.21484;0.22461;0.23438;0.24414;0.25391;0.26367;0.27344;0.2832;0.29297;0.30273;0.3125;0.32227;0.33203;0.3418;0.35156;0.36133;0.37109;0.38086;0.39063;0.40039;0.41016;0.41992;0.42969;0.43945;0.44922;0.45898;0.46875;0.47852;0.48828;0.49805;0.50781;0.51758;0.52734;0.53711;0.54688;0.55664;0.56641;0.57617;0.58594;0.5957;0.60547;0.61523;0.625;0.63477;0.64453;0.6543;0.66406;0.67383;0.68359;0.69336;0.70313;0.71289;0.72266;0.73242;0.74219;0.75195;0.76172;0.77148;0.78125;0.79102,0.00237568;0.009154559999999999;0.007385088;0.010725376;0.131035136;0.7084584959999999;1.3214781439999999;0.9239674880000001;0.7894978559999999;0.288223232;0.082282496;0.03735347199999999;0.017461248;0.062550016;0.09463603200000001;0.183691264;0.22532096000000001;0.16858112;0.09437593600000001;0.050245632;0.038047744;0.025686016;0.023205888000000004;0.026619904;0.016361472;0.020004864;0.027275264;0.020027392;0.013664256;0.012296192;0.010887168000000001;0.010418176000000001;0.009228288;0.008507391999999999;0.008667135999999999;0.011956224;0.011376639999999999;0.010037248;0.009371648000000002;0.010510336;0.01092608;0.012541951999999999;0.029151232;0.021211136;0.015792128;0.018743296000000003;0.019406848;0.015822848;0.019970047999999997;0.017960959999999998;0.017307648000000002;0.014245888000000002;0.017199104;0.014299136;0.013338624;0.012388351999999998;0.013676544;0.011759616;0.009121792;0.007409664000000001;0.006152192;0.0047636480000000005;0.004032511999999999;0.005146624;0.004472832;0.005044224;0.00683008;0.0049602560000000006;0.004399104;0.002627584;0.002793472;0.003790848;0.0033300480000000004;0.00321536;0.0036167680000000002;0.004804608;0.003661824;0.003874816;0.004141056
1773870300,hdr,0.0293;0.03906;0.04883;0.05859;0.06836;0.07813;0.08789;0.09766;0.10742;0.11719;0.12695;0.13672;0.14648;0.15625;0.16602;0.17578;0.18555;0.19531;0.20508;0.21484;0.22461;0.23438;0.24414;0.25391;0.26367;0.27344;0.2832;0.29297;0.30273;0.3125;0.32227;0.33203;0.3418;0.35156;0.36133;0.37109;0.38086;0.39063;0.40039;0.41016;0.41992;0.42969;0.43945;0.44922;0.45898;0.46875;0.47852;0.48828;0.49805;0.50781;0.51758;0.52734;0.53711;0.54688;0.55664;0.56641;0.57617;0.58594;0.5957;0.60547;0.61523;0.625;0.63477;0.64453;0.6543;0.66406;0.67383;0.68359;0.69336;0.70313;0.71289;0.72266;0.73242;0.74219;0.75195;0.76172;0.77148;0.78125;0.79102,0.00012288000000000002;0.0010199039999999999;0.009240576;0.014534656000000002;0.158031872;1.162356736;1.5202529280000001;0.832401408;0.5094297600000001;0.22292889600000002;0.111249408;0.040769536;0.0293376;0.059363328;0.13440409600000003;0.153380864;0.153899008;0.159776768;0.08225996799999999;0.027709440000000002;0.012709887999999999;0.01230848;0.018434047999999998;0.028065792;0.036050944;0.03144704;0.024737791999999998;0.022614016;0.012259328;0.01195008;0.01219584;0.010358784;0.015939584;0.018419711999999998;0.017369088;0.014229504;0.01313792;0.017649664;0.016709632;0.013604864;0.021538816;0.022097919999999997;0.02975744;0.029679616;0.027262975999999998;0.03674112;0.031719423999999996;0.022120448;0.025581568;0.015536128000000001;0.02215936;0.023326720000000002;0.021082111999999997;0.014501888;0.017301504000000002;0.014086144;0.012140544;0.01227776;0.006279168000000001;0.006219776000000001;0.007419904;0.007614464;0.009093120000000001;0.007096320000000001;0.00678912;0.00707584;0.0055459839999999995;0.005070848;0.004257792000000001;0.003868672;0.004442112;0.005566464;0.006576128;0.0071413760000000005;0.0066211840000000004;0.004489216;0.002527232;0.001232896;0.002172928
1773871200,hdr,0.0293;0.03906;0.04883;0.05859;0.06836;0.07813;0.08789;0.09766;0.10742;0.11719;0.12695;0.13672;0.14648;0.15625;0.16602;0.17578;0.18555;0.19531;0.20508;0.21484;0.22461;0.23438;0.24414;0.25391;0.26367;0.27344;0.2832;0.29297;0.30273;0.3125;0.32227;0.33203;0.3418;0.35156;0.36133;0.37109;0.38086;0.39063;0.40039;0.41016;0.41992;0.42969;0.43945;0.44922;0.45898;0.46875;0.47852;0.48828;0.49805;0.50781;0.51758;0.52734;0.53711;0.54688;0.55664;0.56641;0.57617;0.58594;0.5957;0.60547;0.61523;0.625;0.63477;0.64453;0.6543;0.66406;0.67383;0.68359;0.69336;0.70313;0.71289;0.72266;0.73242;0.74219;0.75195;0.76172;0.77148;0.78125;0.79102,0.01081344;0.01620992;0.007988224;0.026228736000000002;0.109232128;0.5668474880000001;0.879289344;0.68258304;0.5019678719999999;0.276857856;0.11464908800000001;0.031367168;0.027964416000000002;0.063089664;0.118337536;0.169488384;0.19360256;0.08758374399999999;0.026484736000000002;0.029293568;0.027123712;0.0197888;0.01721856;0.031527936;0.027179007999999998;0.018079744000000002;0.011512832;0.011414528;0.017784832000000004;0.013227008;0.008484864;0.007351295999999999;0.006223872;0.012847104;0.021066752;0.01998848;0.026133504;0.03073024;0.023121919999999997;0.028306432;0.042692608;0.049389568;0.050250752;0.075081728;0.073321472;0.050284543999999994;0.033657856;0.018587648000000002;0.014216191999999999;0.02172928;0.019963903999999998;0.022636544;0.018013183999999998;0.017647615999999998;0.020406272;0.01568256;0.013510656000000001;0.010535936;0.009423872;0.008715263999999999;0.008871936;0.005960704;0.003795968;0.007571456;0.005557248000000001;0.005819392;0.006946816;0.005854208;0.005660671999999999;0.005024768;0.005116928;0.005296128000000001;0.003982336;0.004535295999999999;0.005245952;0.004523008;0.0022896640000000003;0.003516416;0.004360192
1773872100,hdr,0.0293;0.03906;0.04883;0.05859;0.06836;0.07813;0.08789;0.09766;0.10742;0.11719;0.12695;0.13672;0.14648;0.15625;0.16602;0.17578;0.18555;0.19531;0.20508;0.21484;0.22461;0.23438;0.24414;0.25391;0.26367;0.27344;0.2832;0.29297;0.30273;0.3125;0.32227;0.33203;0.3418;0.35156;0.36133;0.37109;0.38086;0.39063;0.40039;0.41016;0.41992;0.42969;0.43945;0.44922;0.45898;0.46875;0.47852;0.48828;0.49805;0.50781;0.51758;0.52734;0.53711;0.54688;0.55664;0.56641;0.57617;0.58594;0.5957;0.60547;0.61523;0.625;0.63477;0.64453;0.6543;0.66406;0.67383;0.68359;0.69336;0.70313;0.71289;0.72266;0.73242;0.74219;0.75195;0.76172;0.77148;0.78125;0.79102,0.0077987840000000004;0.015159296000000001;0.016467968;0.022439935999999997;0.16279961599999998;0.592707584;1.078202368;0.747005952;0.503908352;0.238301184;0.10245324800000001;0.038531072;0.033570815999999996;0.076804096;0.12384256000000002;0.198023168;0.134217728;0.108220416;0.07179673599999999;0.06525952;0.037793792;0.023941120000000003;0.021141504000000002;0.027602944;0.033888256;0.019429376;0.01752064;0.014221312;0.013553663999999998;0.006787072;0.006203391999999999;0.008341504000000001;0.008251392;0.014483456;0.028653568;0.035547136;0.036552704;0.043077632;0.040634368000000004;0.047732736000000005;0.038168576;0.054427648;0.055267328000000004;0.044564480000000004;0.032974848;0.018130944;0.025229312;0.031371263999999996;0.04088832;0.034357248;0.016431104000000002;0.016203776000000003;0.015413248;0.00943104;0.011868159999999999;0.011137023999999999;0.01073152;0.012613632000000001;0.01227776;0.009975808000000001;0.007796736;0.009271296;0.010481664;0.008640512;0.00602112;0.004603904000000001;0.0039649279999999995;0.004890624;0.005105663999999999;0.007165952000000001;0.005535744;0.0054210560000000005;0.005748736;0.0027586560000000004;0.0032194560000000003;0.0045056;0.003692544;0.004061184;0.003319808
1773873000,hdr,0.0293;0.03906;0.04883;0.05859;0.06836;0.07813;0.08789;0.09766;0.10742;0.11719;0.12695;0.13672;0.14648;0.15625;0.16602;0.17578;0.18555;0.19531;0.20508;0.21484;0.22461;0.23438;0.24414;0.25391;0.26367;0.27344;0.2832;0.29297;0.30273;0.3125;0.32227;0.33203;0.3418;0.35156;0.36133;0.37109;0.38086;0.39063;0.40039;0.41016;0.41992;0.42969;0.43945;0.44922;0.45898;0.46875;0.47852;0.48828;0.49805;0.50781;0.51758;0.52734;0.53711;0.54688;0.55664;0.56641;0.57617;0.58594;0.5957;0.60547;0.61523;0.625;0.63477;0.64453;0.6543;0.66406;0.67383;0.68359;0.69336;0.70313;0.71289;0.72266;0.73242;0.74219;0.75195;0.76172;0.77148;0.78125;0.79102,0.004713472000000001;0.008000512000000001;0.008054783999999999;0.014141439999999998;0.11094630400000001;0.5034649600000001;0.793043968;0.897106944;0.653543424;0.41588326400000003;0.108809216;0.039504896;0.034981887999999996;0.061919232000000005;0.05924864;0.09718272;0.101441536;0.10853683200000001;0.078646272;0.040696832;0.020486144;0.015277056;0.010117119999999999;0.013036544;0.014320639999999999;0.02314752;0.021983232;0.011547648;0.010763264;0.011040768;0.012343296;0.022888448;0.024136704000000002;0.023713792;0.031332352;0.055288832;0.07547904;0.061803519999999994;0.056732672;0.070176768;0.06540902400000001;0.061701120000000005;0.043103232;0.035539968;0.02746368;0.017650687999999998;0.027251712;0.026314752;0.0188416;0.025923584000000003;0.02766336;0.024756223999999997;0.014676992;0.010838015999999999;0.014089216;0.013160448;0.012977152;0.013925376;0.009577472;0.007453696;0.008218623999999999;0.0075694080000000006;0.006204416;0.006706176;0.004083712000000001;0.005610496;0.007219199999999999;0.00641024;0.003914752;0.004573184;0.0054190079999999995;0.0064;0.007564288000000001;0.0037724160000000002;0.002566144;0.00282112;0.003168256;0.004586496;0.0032471040000000002
1773873900,hdr,0.0293;0.03906;0.04883;0.05859;0.06836;0.07813;0.08789;0.09766;0.10742;0.11719;0.12695;0.13672;0.14648;0.15625;0.16602;0.17578;0.18555;0.19531;0.20508;0.21484;0.22461;0.23438;0.24414;0.25391;0.26367;0.27344;0.2832;0.29297;0.30273;0.3125;0.32227;0.33203;0.3418;0.35156;0.36133;0.37109;0.38086;0.39063;0.40039;0.41016;0.41992;0.42969;0.43945;0.44922;0.45898;0.46875;0.47852;0.48828;0.49805;0.50781;0.51758;0.52734;0.53711;0.54688;0.55664;0.56641;0.57617;0.58594;0.5957;0.60547;0.61523;0.625;0.63477;0.64453;0.6543;0.66406;0.67383;0.68359;0.69336;0.70313;0.71289;0.72266;0.73242;0.74219;0.75195;0.76172;0.77148;0.78125;0.79102,0.003127296;0.007780352;0.008904704;0.023875584;0.13986815999999996;0.566536192;1.0961817600000001;0.85479424;0.5371412480000001;0.192731136;0.08550604800000002;0.06831104;0.041619456;0.052918272;0.132036608;0.148197376;0.10385612799999999;0.06587392;0.06521856;0.04298752;0.02496512;0.017176576000000002;0.011550719999999999;0.016265216;0.018804735999999996;0.020881408;0.015955968;0.015198208;0.014979072;0.016422912;0.022749184000000002;0.021817344;0.041701376000000005;0.051613695999999994;0.059820032;0.063563776;0.059936768;0.054528;0.06756352;0.05752422399999999;0.044326911999999996;0.038424576;0.035751936;0.019902464;0.023586816;0.024262656;0.027883520000000002;0.0175616;0.014952448;0.0177664;0.0150016;0.013893632;0.010723327999999999;0.012957696;0.016930815999999998;0.018382847999999997;0.013170688;0.009228288;0.008513536;0.004368384;0.007421952;0.007120896;0.008132608;0.008835072;0.0068157439999999994;0.0066048;0.00790528;0.005855232;0.004993024;0.006295551999999999;0.00571392;0.004417536;0.005173248;0.00401408;0.004108288;0.0039055360000000003;0.004141056;0.004718592000000001;0.004102144
1773874800,hdr,0.0293;0.03906;0.04883;0.05859;0.06836;0.07813;0.08789;0.09766;0.10742;0.11719;0.12695;0.13672;0.14648;0.15625;0.16602;0.17578;0.18555;0.19531;0.20508;0.21484;0.22461;0.23438;0.24414;0.25391;0.26367;0.27344;0.2832;0.29297;0.30273;0.3125;0.32227;0.33203;0.3418;0.35156;0.36133;0.37109;0.38086;0.39063;0.40039;0.41016;0.41992;0.42969;0.43945;0.44922;0.45898;0.46875;0.47852;0.48828;0.49805;0.50781;0.51758;0.52734;0.53711;0.54688;0.55664;0.56641;0.57617;0.58594;0.5957;0.60547;0.61523;0.625;0.63477;0.64453;0.6543;0.66406;0.67383;0.68359;0.69336;0.70313;0.71289;0.72266;0.73242;0.74219;0.75195;0.76172;0.77148;0.78125;0.79102,0.0065515519999999995;0.007225344;0.0077189120000000005;0.012908544;0.082106368;0.5344112639999999;1.1138539520000001;0.900501504;0.47480832;0.319688704;0.124758016;0.04768768;0.038109184000000004;0.055414784;0.07811072;0.10930995199999999;0.106098688;0.085510144;0.035010559999999996;0.034363392;0.01773568;0.015622144000000001;0.014180351999999998;0.018548736;0.021809152000000002;0.020144127999999997;0.017799168;0.014563328;0.013228032;0.018880512;0.026345472;0.026705919999999998;0.045203456;0.069003264;0.07767859199999999;0.06136832;0.054224896;0.047642623999999995;0.040757248;0.06311936;0.04927488000000001;0.043573248;0.023988224;0.016103424;0.020074496;0.01425408;0.025939968;0.024416256;0.020987903999999998;0.018092032;0.00848896;0.011552768;0.010479616;0.008740864;0.009353216000000001;0.011763711999999999;0.008595456;0.011819008;0.012150784;0.010383360000000001;0.0062627839999999995;0.006117376;0.005206016;0.007030784;0.00678912;0.00835584;0.007258112;0.004808704;0.003237888;0.004153344;0.004790272;0.005093376;0.003518464;0.0037990400000000005;0.004163584;0.00340992;0.002994176;0.004048896000000001;0.002705408
1773875700,hdr,0.0293;0.03906;0.04883;0.05859;0.06836;0.07813;0.08789;0.09766;0.10742;0.11719;0.12695;0.13672;0.14648;0.15625;0.16602;0.17578;0.18555;0.19531;0.20508;0.21484;0.22461;0.23438;0.24414;0.25391;0.26367;0.27344;0.2832;0.29297;0.30273;0.3125;0.32227;0.33203;0.3418;0.35156;0.36133;0.37109;0.38086;0.39063;0.40039;0.41016;0.41992;0.42969;0.43945;0.44922;0.45898;0.46875;0.47852;0.48828;0.49805;0.50781;0.51758;0.52734;0.53711;0.54688;0.55664;0.56641;0.57617;0.58594;0.5957;0.60547;0.61523;0.625;0.63477;0.64453;0.6543;0.66406;0.67383;0.68359;0.69336;0.70313;0.71289;0.72266;0.73242;0.74219;0.75195;0.76172;0.77148;0.78125;0.79102,0.012578816;0.016871424000000003;0.014342144;0.031848448;0.104347648;0.6756761600000001;1.6397312;0.836583424;0.356401152;0.20494745599999997;0.135448576;0.062048256;0.043431936000000004;0.07732223999999999;0.11756544000000001;0.15151718399999997;0.13250559999999997;0.094101504;0.048631808;0.028438528;0.018405376;0.013412352;0.009064448000000001;0.012726271999999999;0.020983808;0.024367104000000004;0.015648768;0.014211072;0.021880832000000003;0.022530048000000004;0.036632576;0.055627776;0.045078528;0.041977856;0.07702323199999998;0.066398208;0.042770432000000004;0.04317184;0.026034176;0.028272639999999998;0.033447936000000004;0.03718963200000001;0.034424832;0.024256512;0.025858047999999998;0.028858368;0.021331968;0.011732992;0.014964736000000001;0.018325503999999996;0.014032896;0.019228672;0.023117824000000002;0.018847744;0.015663104;0.012273664;0.010641408;0.010842112000000001;0.0064593919999999996;0.005724160000000001;0.009064448000000001;0.010502144;0.005890048;0.0076615680000000005;0.00662528;0.006596608;0.007772160000000001;0.00523264;0.005132288;0.00316416;0.0047841279999999995;0.0046346239999999995;0.006086656;0.00381952;0.004927488000000001;0.00273408;0.002924544;0.004110336;0.004376576
1773876600,hdr,0.0293;0.03906;0.04883;0.05859;0.06836;0.07813;0.08789;0.09766;0.10742;0.11719;0.12695;0.13672;0.14648;0.15625;0.16602;0.17578;0.18555;0.19531;0.20508;0.21484;0.22461;0.23438;0.24414;0.25391;0.26367;0.27344;0.2832;0.29297;0.30273;0.3125;0.32227;0.33203;0.3418;0.35156;0.36133;0.37109;0.38086;0.39063;0.40039;0.41016;0.41992;0.42969;0.43945;0.44922;0.45898;0.46875;0.47852;0.48828;0.49805;0.50781;0.51758;0.52734;0.53711;0.54688;0.55664;0.56641;0.57617;0.58594;0.5957;0.60547;0.61523;0.625;0.63477;0.64453;0.6543;0.66406;0.67383;0.68359;0.69336;0.70313;0.71289;0.72266;0.73242;0.74219;0.75195;0.76172;0.77148;0.78125;0.79102,0.0032583679999999998;0.007735296;0.006895616;0.015126528;0.14102118400000002;0.924366848;1.764194304;1.4406471680000001;0.586924032;0.183783424;0.110329856;0.07010303999999999;0.048619520000000006;0.092264448;0.13767065600000003;0.13685964799999997;0.134037504;0.09367347200000001;0.035411968;0.026191871999999998;0.015153152;0.014381055999999998;0.020217856;0.017670144;0.015947776;0.017620992000000002;0.025847808;0.020127744;0.030978048;0.043272191999999994;0.04279296;0.08578867200000001;0.083668992;0.10562764799999999;0.10103603200000001;0.090247168;0.06462054399999999;0.053362688000000005;0.035403776;0.030158848;0.031242239999999998;0.036841472;0.03348070400000001;0.02702336;0.031494144;0.018466816000000004;0.012890112;0.018700288;0.012310528;0.008011775999999998;0.010975232;0.016726016;0.014727168000000002;0.012785664;0.010622976;0.009945088;0.01061888;0.011247616;0.009605119999999998;0.007919616;0.006848512000000001;0.005879808;0.008050687999999999;0.007940095999999999;0.009336831999999998;0.00503808;0.005677056000000001;0.005398528;0.006129664;0.00566272;0.004325376000000001;0.005302272;0.006291456;0.005310464;0.004739072;0.0030371839999999996;0.002275328;0.003641344;0.00339968
1773877500,hdr,0.0293;0.03906;0.04883;0.05859;0.06836;0.07813;0.08789;0.09766;0.10742;0.11719;0.12695;0.13672;0.14648;0.15625;0.16602;0.17578;0.18555;0.19531;0.20508;0.21484;0.22461;0.23438;0.24414;0.25391;0.26367;0.27344;0.2832;0.29297;0.30273;0.3125;0.32227;0.33203;0.3418;0.35156;0.36133;0.37109;0.38086;0.39063;0.40039;0.41016;0.41992;0.42969;0.43945;0.44922;0.45898;0.46875;0.47852;0.48828;0.49805;0.50781;0.51758;0.52734;0.53711;0.54688;0.55664;0.56641;0.57617;0.58594;0.5957;0.60547;0.61523;0.625;0.63477;0.64453;0.6543;0.66406;0.67383;0.68359;0.69336;0.70313;0.71289;0.72266;0.73242;0.74219;0.75195;0.76172;0.77148;0.78125;0.79102,0.004210688;0.006868992;0.012537856;0.019648512;0.121479168;0.468082688;1.0764042240000002;0.653889536;0.15886540799999999;0.15251660799999997;0.12823347200000002;0.06620979199999999;0.034086912;0.030846976;0.07220838399999999;0.090646528;0.06280192000000001;0.054396928;0.03964928;0.024637440000000004;0.013103103999999999;0.005122048000000001;0.008931328;0.01302528;0.029544448;0.035043328;0.030316544;0.021495808;0.023625728;0.043153408;0.10883072;0.158035968;0.096;0.09221734399999999;0.07583539199999999;0.07927603200000001;0.055263232;0.056102912000000005;0.043796480000000006;0.035938304000000004;0.023130112;0.033171455999999995;0.031574015999999996;0.019562496;0.019120128;0.017686528;0.025073664;0.018468864;0.014157824000000001;0.00775168;0.010625024;0.012834816;0.010121216;0.0078848;0.012412928000000002;0.013514752;0.014092288;0.015656959999999998;0.009691136000000001;0.007651328000000001;0.009347072;0.007016448;0.005832703999999999;0.0054558720000000005;0.005111808;0.006457344;0.00800768;0.006877183999999999;0.0037396479999999995;0.0052224;0.005148672000000001;0.0039424;0.002207744;0.003180544;0.003618816;0.0035287039999999997;0.002818048;0.00257024;0.0034385919999999994
