Epoch Time,Processing Source,f,varianceDensity
1789948800,hdr,0.0293;0.03906;0.04883;0.05859;0.06836;0.07813;0.08789;0.09766;0.10742;0.11719;0.12695;0.13672;0.14648;0.15625;0.16602;0.17578;0.18555;0.19531;0.20508;0.21484;0.22461;0.23438;0.24414;0.25391;0.26367;0.27344;0.2832;0.29297;0.30273;0.3125;0.32227;0.33203;0.3418;0.35156;0.36133;0.37109;0.38086;0.39063;0.40039;0.41016;0.41992;0.42969;0.43945;0.44922;0.45898;0.46875;0.47852;0.48828;0.49805;0.50781;0.51758;0.52734;0.53711;0.54688;0.55664;0.56641;0.57617;0.58594;0.5957;0.60547;0.61523;0.625;0.63477;0.64453;0.6543;0.66406;0.67383;0.68359;0.69336;0.70313;0.71289;0.72266;0.73242;0.74219;0.75195;0.76172;0.77148;0.78125;0.79102,0.00090112;0.0049080320000000005;0.007894016;0.006131712;0.011544575999999999;0.021318656;0.039181311999999996;0.025106432;0.01112064;0.008158208;0.016933887999999998;0.020871168000000002;0.012397568;0.013765632;0.013729792;0.011361280000000001;0.009843712;0.013128704000000001;0.0275968;0.05254656;0.08876953600000001;0.094637056;0.09669222400000001;0.096886784;0.077912064;0.065065984;0.07928115200000001;0.061570048;0.046560256;0.038482944000000005;0.026870783999999998;0.022584320000000005;0.013104128;0.011935743999999998;0.017734656;0.016861184;0.011408384;0.008994816000000001;0.008425472;0.008604672;0.008582144;0.005316608;0.006111232;0.0070492160000000005;0.008702976;0.010871807999999998;0.005479424;0.004852736;0.004765696;0.003282944;0.0030822400000000004;0.003661824;0.003979264;0.003729408;0.002455552;0.002604032;0.002535424;0.001717248;0.001963008;0.0018964479999999998;0.002056192;0.002220032;0.0013793280000000002;0.0015656959999999999;0.001777664;0.001137664;0.0011233280000000003;0.00160256;0.001792;0.001675264;0.001604608;0.0016691199999999998;0.0012451839999999999;0.001091584;0.001099776;0.0009482239999999999;0.0007290879999999999;0.000760832;0.0007772160000000001
1789949700,hdr,0.0293;0.03906;0.04883;0.05859;0.06836;0.07813;0.08789;0.09766;0.10742;0.11719;0.12695;0.13672;0.14648;0.15625;0.16602;0.17578;0.18555;0.19531;0.20508;0.21484;0.22461;0.23438;0.24414;0.25391;0.26367;0.27344;0.2832;0.29297;0.30273;0.3125;0.32227;0.33203;0.3418;0.35156;0.36133;0.37109;0.38086;0.39063;0.40039;0.41016;0.41992;0.42969;0.43945;0.44922;0.45898;0.46875;0.47852;0.48828;0.49805;0.50781;0.51758;0.52734;0.53711;0.54688;0.55664;0.56641;0.57617;0.58594;0.5957;0.60547;0.61523;0.625;0.63477;0.64453;0.6543;0.66406;0.67383;0.68359;0.69336;0.70313;0.71289;0.72266;0.73242;0.74219;0.75195;0.76172;0.77148;0.78125;0.79102,0.007886848;0.011573248;0.007323648;0.006592512;0.012398592;0.013740032;0.030849024000000003;0.024741888;0.01115648;0.008433664;0.017577984;0.024793088;0.018208768;0.008486912000000001;0.008495104;0.008396800000000001;0.007713792;0.010761215999999999;0.02221056;0.04060672;0.08637952;0.11267993600000001;0.110215168;0.11694796800000001;0.15392972800000002;0.046778368;0.03424768;0.045846528;0.03460096;0.026701823999999996;0.020712447999999998;0.019577856;0.019998719999999998;0.019689472;0.017220608000000002;0.01592832;0.008896511999999999;0.0038000639999999997;0.009237503999999999;0.010652672;0.010391552000000002;0.008511488;0.006605824000000001;0.008311807999999999;0.0066334720000000005;0.006283264;0.006618112;0.00835072;0.004670464;0.003756032;0.004546560000000001;0.0035614720000000004;0.004896768;0.004021248;0.0034908160000000003;0.002656256;0.0018524160000000002;0.0016087039999999999;0.001662976;0.001400832;0.001256448;0.0013506560000000002;0.0014346239999999998;0.001531904;0.0015114240000000001;0.001403904;0.0013905920000000002;0.0010178560000000001;0.001132544;0.000894976;0.0007086080000000001;0.001301504;0.001181696;0.000922624;0.000841728;0.0008069119999999999;0.0006041600000000001;0.00068096;0.0007413760000000001
1789950600,hdr,0.0293;0.03906;0.04883;0.05859;0.06836;0.07813;0.08789;0.09766;0.10742;0.11719;0.12695;0.13672;0.14648;0.15625;0.16602;0.17578;0.18555;0.19531;0.20508;0.21484;0.22461;0.23438;0.24414;0.25391;0.26367;0.27344;0.2832;0.29297;0.30273;0.3125;0.32227;0.33203;0.3418;0.35156;0.36133;0.37109;0.38086;0.39063;0.40039;0.41016;0.41992;0.42969;0.43945;0.44922;0.45898;0.46875;0.47852;0.48828;0.49805;0.50781;0.51758;0.52734;0.53711;0.54688;0.55664;0.56641;0.57617;0.58594;0.5957;0.60547;0.61523;0.625;0.63477;0.64453;0.6543;0.66406;0.67383;0.68359;0.69336;0.70313;0.71289;0.72266;0.73242;0.74219;0.75195;0.76172;0.77148;0.78125;0.79102,0.010966016;0.011594752;0.007822336000000001;0.008213504000000002;0.014071808000000002;0.012220416000000001;0.022680575999999997;0.035235840000000004;0.02208256;0.012801024;0.009729024000000001;0.010559487999999999;0.011429888000000001;0.011052032000000002;0.010062848;0.011338752;0.013483008;0.01251328;0.019380223999999998;0.066316288;0.09117491200000001;0.11350937600000001;0.15661056;0.130021376;0.086721536;0.050409472000000004;0.045170688;0.03515904;0.037088256;0.033403904;0.028367872;0.019928064;0.009653248;0.013387776;0.015967232;0.008905728;0.006944768;0.00972288;0.008208384;0.006816768;0.007789568;0.005567488000000001;0.008951807999999999;0.009394175999999999;0.007160832000000001;0.005644288000000001;0.006532096;0.00431104;0.0028416;0.003835904;0.004453375999999999;0.003731456;0.003270656;0.003625984;0.00242688;0.0018196479999999999;0.0012554240000000002;0.0024084479999999997;0.002594816;0.001979392;0.0015390719999999998;0.0011970559999999997;0.00088064;0.000644096;0.0009543679999999999;0.0011202559999999998;0.000858112;0.0006973439999999999;0.000770048;0.000799744;0.00117248;0.0010680320000000002;0.0009973760000000001;0.000764928;0.000726016;0.000649216;0.000644096;0.000712704;0.0007137280000000001
1789951500,hdr,0.0293;0.03906;0.04883;0.05859;0.06836;0.07813;0.08789;0.09766;0.10742;0.11719;0.12695;0.13672;0.14648;0.15625;0.16602;0.17578;0.18555;0.19531;0.20508;0.21484;0.22461;0.23438;0.24414;0.25391;0.26367;0.27344;0.2832;0.29297;0.30273;0.3125;0.32227;0.33203;0.3418;0.35156;0.36133;0.37109;0.38086;0.39063;0.40039;0.41016;0.41992;0.42969;0.43945;0.44922;0.45898;0.46875;0.47852;0.48828;0.49805;0.50781;0.51758;0.52734;0.53711;0.54688;0.55664;0.56641;0.57617;0.58594;0.5957;0.60547;0.61523;0.625;0.63477;0.64453;0.6543;0.66406;0.67383;0.68359;0.69336;0.70313;0.71289;0.72266;0.73242;0.74219;0.75195;0.76172;0.77148;0.78125;0.79102,0.0037550080000000002;0.002149376;0.005183487999999999;0.00769536;0.010355712000000001;0.021367808000000002;0.049057792;0.032583680000000004;0.021783552;0.018540544000000003;0.015008768;0.014893056;0.020683776;0.019654656;0.014244864;0.013275136;0.016142336;0.0177152;0.028269568;0.044312576;0.094456832;0.170903552;0.158171136;0.11343974400000001;0.082543616;0.074563584;0.051283968;0.044437503999999996;0.034916352000000005;0.026068992000000003;0.019007487999999996;0.021710847999999998;0.023356416;0.011881472;0.016299008;0.012674048;0.0074803199999999995;0.008093696;0.010585088000000001;0.008172544;0.009089024;0.0059115520000000005;0.0031887359999999997;0.004441088;0.00579072;0.006437888;0.005938176000000001;0.003480576;0.003369984;0.003526656;0.00344576;0.003386368;0.002244608;0.001533952;0.0023019520000000003;0.002084864;0.001979392;0.001742848;0.001431552;0.001088512;0.001002496;0.0009584639999999999;0.001404928;0.002308096;0.001770496;0.001540096;0.001404928;0.0012554240000000002;0.0010178560000000001;0.0008325120000000001;0.0009615359999999999;0.001101824;0.001042432;0.000896;0.000964608;0.00090624;0.0007280640000000001;0.000654336;0.000603136
1789952400,hdr,0.0293;0.03906;0.04883;0.05859;0.06836;0.07813;0.08789;0.09766;0.10742;0.11719;0.12695;0.13672;0.14648;0.15625;0.16602;0.17578;0.18555;0.19531;0.20508;0.21484;0.22461;0.23438;0.24414;0.25391;0.26367;0.27344;0.2832;0.29297;0.30273;0.3125;0.32227;0.33203;0.3418;0.35156;0.36133;0.37109;0.38086;0.39063;0.40039;0.41016;0.41992;0.42969;0.43945;0.44922;0.45898;0.46875;0.47852;0.48828;0.49805;0.50781;0.51758;0.52734;0.53711;0.54688;0.55664;0.56641;0.57617;0.58594;0.5957;0.60547;0.61523;0.625;0.63477;0.64453;0.6543;0.66406;0.67383;0.68359;0.69336;0.70313;0.71289;0.72266;0.73242;0.74219;0.75195;0.76172;0.77148;0.78125;0.79102,0.004296704;0.00329728;0.006520832000000001;0.007062528;0.008472576;0.018935808000000002;0.043464704;0.041778176;0.019649536;0.020948992000000003;0.02043904;0.019425280000000003;0.016689152;0.011568128;0.010775551999999999;0.010295296;0.016075776;0.01793536;0.019369984;0.047677439999999995;0.09673011200000001;0.163028992;0.154566656;0.11231539200000001;0.096294912;0.06513561600000001;0.040144896;0.043554815999999996;0.04944384;0.031019007999999997;0.022550527999999997;0.023025664;0.019883008;0.015357952;0.016295936;0.01355264;0.0074803199999999995;0.011374592000000001;0.01202176;0.0077762560000000005;0.009339904000000001;0.00771584;0.006171648;0.0043284479999999995;0.005291008;0.003103744;0.004973568;0.005337087999999999;0.004220928;0.0032471040000000002;0.0027023359999999996;0.002405376;0.0022702079999999997;0.0020797439999999997;0.001750016;0.00199168;0.0015544320000000001;0.002407424;0.002006016;0.0020254720000000004;0.001552384;0.001087488;0.000987136;0.001103872;0.0014735360000000001;0.001134592;0.001293312;0.00141824;0.001362944;0.0010936319999999998;0.000785408;0.0009625599999999999;0.000878592;0.0005754880000000001;0.00045056;0.0006819840000000001;0.0006676480000000001;0.000632832;0.0006676480000000001
1789953300,hdr,0.0293;0.03906;0.04883;0.05859;0.06836;0.07813;0.08789;0.09766;0.10742;0.11719;0.12695;0.13672;0.14648;0.15625;0.16602;0.17578;0.18555;0.19531;0.20508;0.21484;0.22461;0.23438;0.24414;0.25391;0.26367;0.27344;0.2832;0.29297;0.30273;0.3125;0.32227;0.33203;0.3418;0.35156;0.36133;0.37109;0.38086;0.39063;0.40039;0.41016;0.41992;0.42969;0.43945;0.44922;0.45898;0.46875;0.47852;0.48828;0.49805;0.50781;0.51758;0.52734;0.53711;0.54688;0.55664;0.56641;0.57617;0.58594;0.5957;0.60547;0.61523;0.625;0.63477;0.64453;0.6543;0.66406;0.67383;0.68359;0.69336;0.70313;0.71289;0.72266;0.73242;0.74219;0.75195;0.76172;0.77148;0.78125;0.79102,0.008549376000000001;0.011987968000000002;0.003298304;0.004409344;0.012045312;0.016605184000000002;0.029477888;0.03152896;0.017344512000000003;0.012639232;0.014831616;0.009745407999999999;0.008416256;0.00794112;0.007624704;0.008124416;0.01100288;0.01473024;0.022153216;0.042703872;0.068409344;0.133753856;0.151322624;0.11562496000000001;0.097441792;0.070657024;0.04922368;0.030000128;0.024747008;0.020066304;0.021415935999999997;0.016944128;0.015076352000000001;0.013739008;0.011378688;0.008469504000000001;0.008455167999999999;0.006475776;0.005280768;0.005179392;0.0053463040000000005;0.005028863999999999;0.0051722240000000004;0.004875263999999999;0.0067358719999999995;0.005279743999999999;0.004023296;0.0028057599999999996;0.003007488;0.002287616;0.0028385280000000003;0.002527232;0.002060288;0.0024422399999999996;0.0039495680000000005;0.003110912;0.00226816;0.002348032;0.00160256;0.0019527680000000001;0.001634304;0.001373184;0.001835008;0.0015687680000000001;0.0010086399999999999;0.001159168;0.0016128;0.0016650240000000002;0.00143872;0.001659904;0.0010496000000000001;0.000949248;0.00096768;0.000805888;0.0006144;0.000879616;0.001014784;0.000919552;0.0006891520000000001
1789954200,hdr,0.0293;0.03906;0.04883;0.05859;0.06836;0.07813;0.08789;0.09766;0.10742;0.11719;0.12695;0.13672;0.14648;0.15625;0.16602;0.17578;0.18555;0.19531;0.20508;0.21484;0.22461;0.23438;0.24414;0.25391;0.26367;0.27344;0.2832;0.29297;0.30273;0.3125;0.32227;0.33203;0.3418;0.35156;0.36133;0.37109;0.38086;0.39063;0.40039;0.41016;0.41992;0.42969;0.43945;0.44922;0.45898;0.46875;0.47852;0.48828;0.49805;0.50781;0.51758;0.52734;0.53711;0.54688;0.55664;0.56641;0.57617;0.58594;0.5957;0.60547;0.61523;0.625;0.63477;0.64453;0.6543;0.66406;0.67383;0.68359;0.69336;0.70313;0.71289;0.72266;0.73242;0.74219;0.75195;0.76172;0.77148;0.78125;0.79102,0.004115456;0.003600384;0.005651455999999999;0.004802559999999999;0.008895488000000002;0.016584704;0.036025343999999994;0.030245888;0.018347007999999998;0.019993600000000004;0.019790848000000003;0.0145664;0.008914944;0.008604672;0.008448;0.010302464;0.008243200000000001;0.011389952;0.022315007999999997;0.028852224;0.050239488000000006;0.108954624;0.11134464;0.124126208;0.08859750400000001;0.07531008;0.048999424;0.027465728;0.023565311999999998;0.033216512000000004;0.025618431999999997;0.014213120000000001;0.013402112;0.012154880000000002;0.012254208;0.012398592;0.00925696;0.010028032;0.007110656;0.0025374720000000003;0.004767744000000001;0.005624832;0.008332288;0.006255616;0.004586496;0.004800512000000001;0.004827136;0.0057722879999999996;0.004100095999999999;0.00318464;0.003976192;0.003805184;0.004555776;0.00361984;0.0025139200000000002;0.002691072;0.001905664;0.0013148160000000001;0.001251328;0.001325056;0.0017530879999999999;0.0019517439999999998;0.001924096;0.001891328;0.0019947520000000002;0.0022097920000000004;0.0019937279999999997;0.000953344;0.001380352;0.001316864;0.000984064;0.001042432;0.000789504;0.000350208;0.0007843840000000001;0.00135168;0.001133568;0.0005816320000000001;0.000945152
1789955100,hdr,0.0293;0.03906;0.04883;0.05859;0.06836;0.07813;0.08789;0.09766;0.10742;0.11719;0.12695;0.13672;0.14648;0.15625;0.16602;0.17578;0.18555;0.19531;0.20508;0.21484;0.22461;0.23438;0.24414;0.25391;0.26367;0.27344;0.2832;0.29297;0.30273;0.3125;0.32227;0.33203;0.3418;0.35156;0.36133;0.37109;0.38086;0.39063;0.40039;0.41016;0.41992;0.42969;0.43945;0.44922;0.45898;0.46875;0.47852;0.48828;0.49805;0.50781;0.51758;0.52734;0.53711;0.54688;0.55664;0.56641;0.57617;0.58594;0.5957;0.60547;0.61523;0.625;0.63477;0.64453;0.6543;0.66406;0.67383;0.68359;0.69336;0.70313;0.71289;0.72266;0.73242;0.74219;0.75195;0.76172;0.77148;0.78125;0.79102,0.003700736;0.005377023999999999;0.00474112;0.005177344;0.007855104;0.022380544000000002;0.021863424;0.015485951999999999;0.011872256;0.00904192;0.010319871999999999;0.009551872;0.010760191999999998;0.011388928;0.007042048;0.006652928;0.010310656;0.014544895999999998;0.014610432;0.048649216;0.08979865599999999;0.13082316800000002;0.20511846399999997;0.103529472;0.056942592;0.05067264;0.034685952;0.03665408;0.025160704;0.024224768;0.015499264;0.015453184000000002;0.027354112;0.016628736;0.015908863999999998;0.012864511999999998;0.010392576;0.008289280000000001;0.008773632;0.006298624;0.006489088;0.00769536;0.008322048;0.00818176;0.0059391999999999995;0.004696064;0.00597504;0.00754688;0.005531647999999999;0.0055111679999999994;0.004327424;0.0032276479999999996;0.003551232;0.002753536;0.0022302719999999997;0.002944;0.001778688;0.001611776;0.0016916480000000002;0.0019189760000000002;0.0015411200000000002;0.001770496;0.0018257920000000001;0.0014151679999999999;0.0010291200000000001;0.000908288;0.0015452159999999999;0.001563648;0.00136192;0.0009543679999999999;0.000812032;0.001048576;0.001113088;0.000740352;0.000635904;0.00062976;0.000646144;0.00047923199999999995;0.000513024
1789956000,hdr,0.0293;0.03906;0.04883;0.05859;0.06836;0.07813;0.08789;0.09766;0.10742;0.11719;0.12695;0.13672;0.14648;0.15625;0.16602;0.17578;0.18555;0.19531;0.20508;0.21484;0.22461;0.23438;0.24414;0.25391;0.26367;0.27344;0.2832;0.29297;0.30273;0.3125;0.32227;0.33203;0.3418;0.35156;0.36133;0.37109;0.38086;0.39063;0.40039;0.41016;0.41992;0.42969;0.43945;0.44922;0.45898;0.46875;0.47852;0.48828;0.49805;0.50781;0.51758;0.52734;0.53711;0.54688;0.55664;0.56641;0.57617;0.58594;0.5957;0.60547;0.61523;0.625;0.63477;0.64453;0.6543;0.66406;0.67383;0.68359;0.69336;0.70313;0.71289;0.72266;0.73242;0.74219;0.75195;0.76172;0.77148;0.78125;0.79102,0.001874944;0.004481023999999999;0.002221056;0.00272384;0.01096704;0.01252352;0.026515456000000003;0.022069248000000003;0.014471168;0.010548224;0.011378688;0.008145920000000001;0.008707072;0.008264704;0.008327168;0.007714816;0.006582272;0.018009088;0.040731648;0.042343424;0.076915712;0.119788544;0.16953036800000001;0.11980595200000001;0.07930367999999999;0.046580736000000005;0.043204608;0.035723264000000005;0.027099136000000003;0.027195392;0.022001664;0.016850944;0.015842304;0.013850624;0.01467904;0.014287872;0.005947392;0.011517952;0.009916415999999999;0.008543232;0.010143744000000001;0.007728128;0.00358912;0.0037191679999999997;0.003588096;0.00478208;0.005603328;0.0037949439999999997;0.00503808;0.0046970879999999994;0.003707904;0.0029798399999999997;0.001926144;0.0020418560000000003;0.0015472639999999998;0.00157184;0.001799168;0.0017643519999999998;0.0016138239999999998;0.001325056;0.001067008;0.0015185919999999998;0.0024616959999999998;0.001796096;0.001263616;0.001508352;0.0012994559999999998;0.0011427840000000002;0.0011243520000000001;0.0013506560000000002;0.00116224;0.001147904;0.000897024;0.0007075839999999999;0.000582656;0.000642048;0.000662528;0.00052224;0.000610304
1789956900,hdr,0.0293;0.03906;0.04883;0.05859;0.06836;0.07813;0.08789;0.09766;0.10742;0.11719;0.12695;0.13672;0.14648;0.15625;0.16602;0.17578;0.18555;0.19531;0.20508;0.21484;0.22461;0.23438;0.24414;0.25391;0.26367;0.27344;0.2832;0.29297;0.30273;0.3125;0.32227;0.33203;0.3418;0.35156;0.36133;0.37109;0.38086;0.39063;0.40039;0.41016;0.41992;0.42969;0.43945;0.44922;0.45898;0.46875;0.47852;0.48828;0.49805;0.50781;0.51758;0.52734;0.53711;0.54688;0.55664;0.56641;0.57617;0.58594;0.5957;0.60547;0.61523;0.625;0.63477;0.64453;0.6543;0.66406;0.67383;0.68359;0.69336;0.70313;0.71289;0.72266;0.73242;0.74219;0.75195;0.76172;0.77148;0.78125;0.79102,0.0022640639999999997;0.005906432;0.003981312;0.0022702079999999997;0.00661504;0.015941632;0.040201216;0.032497664;0.01769472;0.01589248;0.013089792;0.015181824;0.011229184;0.007852032;0.007070719999999999;0.004795392;0.0063395840000000005;0.01489408;0.030437376;0.040240128;0.08868352;0.157518848;0.089206784;0.09362124799999999;0.08578047999999999;0.051762176;0.04947968;0.026943487999999998;0.019261439999999998;0.020810752000000002;0.0171008;0.01722368;0.01731584;0.014431232;0.016409600000000003;0.011478015999999999;0.010318848;0.009131008;0.005100544;0.0066816;0.006736896;0.00750592;0.006972416;0.007536640000000001;0.008216576;0.004457472;0.004260864;0.00549376;0.0036976640000000002;0.002874368;0.002816;0.00384512;0.003412992;0.0015964160000000002;0.001906688;0.0015534079999999998;0.00180736;0.0024801280000000003;0.001803264;0.001574912;0.002249728;0.0020736;0.001534976;0.0010291200000000001;0.0010086399999999999;0.001153024;0.0011427840000000002;0.00091648;0.000566272;0.0006574080000000001;0.000827392;0.0009461760000000001;0.000891904;0.001014784;0.0009973760000000001;0.0005468159999999999;0.00047104000000000004;0.0006123519999999999;0.00059392
1789957800,hdr,0.0293;0.03906;0.04883;0.05859;0.06836;0.07813;0.08789;0.09766;0.10742;0.11719;0.12695;0.13672;0.14648;0.15625;0.16602;0.17578;0.18555;0.19531;0.20508;0.21484;0.22461;0.23438;0.24414;0.25391;0.26367;0.27344;0.2832;0.29297;0.30273;0.3125;0.32227;0.33203;0.3418;0.35156;0.36133;0.37109;0.38086;0.39063;0.40039;0.41016;0.41992;0.42969;0.43945;0.44922;0.45898;0.46875;0.47852;0.48828;0.49805;0.50781;0.51758;0.52734;0.53711;0.54688;0.55664;0.56641;0.57617;0.58594;0.5957;0.60547;0.61523;0.625;0.63477;0.64453;0.6543;0.66406;0.67383;0.68359;0.69336;0.70313;0.71289;0.72266;0.73242;0.74219;0.75195;0.76172;0.77148;0.78125;0.79102,0.003557376;0.006575103999999999;0.006206464000000001;0.0034959360000000003;0.008495104;0.020470784;0.043982848;0.04348928;0.014431232;0.012355584000000001;0.018926592;0.014361599999999999;0.005533696;0.00495616;0.006181888;0.011227136;0.008114176;0.016069631999999997;0.04448768;0.07992524799999999;0.119153664;0.132867072;0.138892288;0.10717491200000001;0.07429529599999998;0.067238912;0.059348992;0.030511104;0.030118912;0.025074687999999998;0.027781120000000003;0.023512064;0.014674943999999999;0.012356608;0.012327936;0.00954368;0.01321472;0.008656895999999999;0.006245376;0.005118976;0.006076416;0.005091327999999999;0.004891648;0.005501952;0.0046817280000000005;0.004108288;0.004624384;0.004287487999999999;0.004957184;0.0052592640000000005;0.003658752;0.003356672;0.0025671680000000003;0.0029757440000000002;0.002635776;0.0020746239999999997;0.00193536;0.002403328;0.0016291839999999999;0.002279424;0.002139136;0.001741824;0.000772096;0.00064512;0.000927744;0.00085504;0.0009205759999999999;0.001639424;0.001107968;0.000550912;0.00072704;0.0008744960000000001;0.0009717759999999999;0.000754688;0.000382976;0.000620544;0.000703488;0.0007280640000000001;0.0008355839999999999
1789958700,hdr,0.0293;0.03906;0.04883;0.05859;0.06836;0.07813;0.08789;0.09766;0.10742;0.11719;0.12695;0.13672;0.14648;0.15625;0.16602;0.17578;0.18555;0.19531;0.20508;0.21484;0.22461;0.23438;0.24414;0.25391;0.26367;0.27344;0.2832;0.29297;0.30273;0.3125;0.32227;0.33203;0.3418;0.35156;0.36133;0.37109;0.38086;0.39063;0.40039;0.41016;0.41992;0.42969;0.43945;0.44922;0.45898;0.46875;0.47852;0.48828;0.49805;0.50781;0.51758;0.52734;0.53711;0.54688;0.55664;0.56641;0.57617;0.58594;0.5957;0.60547;0.61523;0.625;0.63477;0.64453;0.6543;0.66406;0.67383;0.68359;0.69336;0.70313;0.71289;0.72266;0.73242;0.74219;0.75195;0.76172;0.77148;0.78125;0.79102,0.004979712000000001;0.004731904;0.003311616;0.005808128;0.010088448;0.012086271999999999;0.021064703999999997;0.025808896;0.014355456;0.010216448;0.00631808;0.00954368;0.006035456;0.007502848;0.009909247999999999;0.011334656;0.011654144;0.020274175999999998;0.024861696;0.06122496000000001;0.150305792;0.13830041600000004;0.125528064;0.120991744;0.141379584;0.093283328;0.06650879999999999;0.045201408000000005;0.03425587199999999;0.017047552;0.011638784;0.012672;0.016099328;0.015162368;0.016936959999999997;0.015552512000000001;0.011328512;0.010121216;0.01051648;0.009769983999999999;0.00551936;0.005992448;0.0074004480000000004;0.006584319999999999;0.004551680000000001;0.003326976;0.002927616;0.00276992;0.002116608;0.003007488;0.004235264;0.0034816;0.0028846080000000003;0.002486272;0.00182272;0.0013219840000000002;0.001036288;0.00169984;0.002372608;0.00137216;0.00111104;0.000918528;0.0006656;0.001143808;0.0013312;0.000867328;0.000939008;0.0013148160000000001;0.000896;0.000751616;0.0011673599999999999;0.00098816;0.0007946240000000001;0.000543744;0.000801792;0.000984064;0.000800768;0.000513024;0.0003328
1789959600,hdr,0.0293;0.03906;0.04883;0.05859;0.06836;0.07813;0.08789;0.09766;0.10742;0.11719;0.12695;0.13672;0.14648;0.15625;0.16602;0.17578;0.18555;0.19531;0.20508;0.21484;0.22461;0.23438;0.24414;0.25391;0.26367;0.27344;0.2832;0.29297;0.30273;0.3125;0.32227;0.33203;0.3418;0.35156;0.36133;0.37109;0.38086;0.39063;0.40039;0.41016;0.41992;0.42969;0.43945;0.44922;0.45898;0.46875;0.47852;0.48828;0.49805;0.50781;0.51758;0.52734;0.53711;0.54688;0.55664;0.56641;0.57617;0.58594;0.5957;0.60547;0.61523;0.625;0.63477;0.64453;0.6543;0.66406;0.67383;0.68359;0.69336;0.70313;0.71289;0.72266;0.73242;0.74219;0.75195;0.76172;0.77148;0.78125;0.79102,0.00418816;0.009528320000000002;0.013140992;0.009332736000000001;0.015464448;0.034557951999999996;0.060891136000000005;0.037245952000000006;0.012041216;0.011316224;0.010687488;0.011710464;0.011088896;0.005888;0.008292352;0.009293824000000001;0.0061757439999999995;0.013836288;0.04155392;0.06946304;0.049326079999999994;0.08956723200000001;0.137178112;0.169659392;0.137916416;0.05950566400000001;0.063413248;0.035336191999999995;0.023077888;0.021527552;0.022665216000000002;0.02174464;0.014869503999999999;0.010141696;0.014973952;0.010445824000000001;0.010059776;0.014171136;0.010119168;0.008587263999999999;0.006557696;0.00644608;0.0050278400000000004;0.006834176;0.004043776000000001;0.0036976640000000002;0.0034662399999999998;0.003286016;0.0036608;0.003232768;0.0032870399999999998;0.001983488;0.001820672;0.00168448;0.0017889280000000002;0.0015779840000000002;0.0014336;0.001636352;0.0015390719999999998;0.0013578239999999999;0.0008355839999999999;0.000852992;0.000868352;0.00050688;0.000985088;0.001214464;0.0008069119999999999;0.0006891520000000001;0.001071104;0.0010465279999999997;0.000813056;0.0005478400000000001;0.0005478400000000001;0.000628736;0.000642048;0.000623616;0.000518144;0.0005232639999999998;0.000644096
1789960500,hdr,0.0293;0.03906;0.04883;0.05859;0.06836;0.07813;0.08789;0.09766;0.10742;0.11719;0.12695;0.13672;0.14648;0.15625;0.16602;0.17578;0.18555;0.19531;0.20508;0.21484;0.22461;0.23438;0.24414;0.25391;0.26367;0.27344;0.2832;0.29297;0.30273;0.3125;0.32227;0.33203;0.3418;0.35156;0.36133;0.37109;0.38086;0.39063;0.40039;0.41016;0.41992;0.42969;0.43945;0.44922;0.45898;0.46875;0.47852;0.48828;0.49805;0.50781;0.51758;0.52734;0.53711;0.54688;0.55664;0.56641;0.57617;0.58594;0.5957;0.60547;0.61523;0.625;0.63477;0.64453;0.6543;0.66406;0.67383;0.68359;0.69336;0.70313;0.71289;0.72266;0.73242;0.74219;0.75195;0.76172;0.77148;0.78125;0.79102,0.006652928;0.013792256;0.011550719999999999;0.007033856;0.014716928;0.0244736;0.044145663999999994;0.043065344000000005;0.020030464;0.010954751999999998;0.012966912;0.008712191999999999;0.008583168000000002;0.008229888000000001;0.007563264;0.0080384;0.008415232;0.0148224;0.024193024;0.035469312;0.091700224;0.13966438400000003;0.16372224;0.091136;0.08271360000000001;0.03845529599999999;0.037581824;0.027912192000000002;0.019209216;0.022735872;0.012879872;0.017986560000000002;0.026893312000000003;0.02040832;0.018690048;0.02305024;0.014244864;0.011981823999999999;0.016753664;0.008712191999999999;0.01069056;0.009633791999999999;0.007422976;0.006482943999999999;0.004573184;0.004760576;0.004115456;0.0032604160000000004;0.0037765119999999997;0.005187583999999999;0.003515392;0.003408896;0.0025671680000000003;0.0012195840000000001;0.0015851519999999998;0.001961984;0.001683456;0.0019087359999999999;0.001531904;0.0013393919999999998;0.001317888;0.001229824;0.00121344;0.00163328;0.0015534079999999998;0.001261568;0.0007086080000000001;0.000990208;0.000765952;0.000733184;0.0006676480000000001;0.000651264;0.0008345599999999999;0.000891904;0.0007280640000000001;0.000623616;0.000770048;0.000937984;0.000672768
1789961400,hdr,0.0293;0.03906;0.04883;0.05859;0.06836;0.07813;0.08789;0.09766;0.10742;0.11719;0.12695;0.13672;0.14648;0.15625;0.16602;0.17578;0.18555;0.19531;0.20508;0.21484;0.22461;0.23438;0.24414;0.25391;0.26367;0.27344;0.2832;0.29297;0.30273;0.3125;0.32227;0.33203;0.3418;0.35156;0.36133;0.37109;0.38086;0.39063;0.40039;0.41016;0.41992;0.42969;0.43945;0.44922;0.45898;0.46875;0.47852;0.48828;0.49805;0.50781;0.51758;0.52734;0.53711;0.54688;0.55664;0.56641;0.57617;0.58594;0.5957;0.60547;0.61523;0.625;0.63477;0.64453;0.6543;0.66406;0.67383;0.68359;0.69336;0.70313;0.71289;0.72266;0.73242;0.74219;0.75195;0.76172;0.77148;0.78125;0.79102,0.006053888;0.009106432000000001;0.004074496;0.003612672;0.010626048;0.021638144;0.076449792;0.067702784;0.028211200000000002;0.018605056000000002;0.01377792;0.007124992;0.005083135999999999;0.005467136;0.006794240000000001;0.0071884800000000006;0.010924032000000002;0.013976576;0.030906368000000004;0.073018368;0.095250432;0.093735936;0.121971712;0.08133836800000001;0.048210944;0.046209023999999994;0.047535104;0.039708672;0.026891263999999998;0.017963008;0.017690624;0.018416639999999998;0.015004671999999998;0.010170368;0.020261888;0.020051967999999996;0.014253056;0.015063040000000001;0.017097728;0.012179456;0.014896127999999998;0.007927808;0.007172095999999999;0.0037724160000000002;0.0040448;0.00370688;0.0033536000000000004;0.003959808;0.0024903679999999997;0.00169472;0.0030668799999999997;0.002852864;0.00198656;0.0025036800000000003;0.002349056;0.0014847999999999999;0.0024494079999999997;0.0026941440000000003;0.0021196799999999997;0.0011704320000000001;0.0018862080000000001;0.002640896;0.00185856;0.000990208;0.00072704;0.0008837120000000001;0.0011960319999999999;0.0009912319999999999;0.000887808;0.000872448;0.000611328;0.000903168;0.000647168;0.000828416;0.000825344;0.0008202239999999999;0.000933888;0.000635904;0.00043110399999999997
1789962300,hdr,0.0293;0.03906;0.04883;0.05859;0.06836;0.07813;0.08789;0.09766;0.10742;0.11719;0.12695;0.13672;0.14648;0.15625;0.16602;0.17578;0.18555;0.19531;0.20508;0.21484;0.22461;0.23438;0.24414;0.25391;0.26367;0.27344;0.2832;0.29297;0.30273;0.3125;0.32227;0.33203;0.3418;0.35156;0.36133;0.37109;0.38086;0.39063;0.40039;0.41016;0.41992;0.42969;0.43945;0.44922;0.45898;0.46875;0.47852;0.48828;0.49805;0.50781;0.51758;0.52734;0.53711;0.54688;0.55664;0.56641;0.57617;0.58594;0.5957;0.60547;0.61523;0.625;0.63477;0.64453;0.6543;0.66406;0.67383;0.68359;0.69336;0.70313;0.71289;0.72266;0.73242;0.74219;0.75195;0.76172;0.77148;0.78125;0.79102,0.008894464;0.012118016000000002;0.013799424000000001;0.00941056;0.016165888;0.022578176;0.028665856;0.030754816000000004;0.0256256;0.023269376;0.020879359999999996;0.015044608000000001;0.008408064;0.007528448;0.0049653760000000005;0.006008832;0.01322496;0.01553408;0.025423872;0.047945728;0.032096256;0.059828224;0.093126656;0.098700288;0.076734464;0.042844160000000006;0.03450572799999999;0.031995904;0.024748032;0.016487424;0.021850112;0.023343104;0.016374783999999996;0.016003072;0.027296768;0.024251392;0.017141760000000002;0.017507328000000003;0.014559232;0.010289152;0.008394752;0.008014848000000001;0.00648704;0.005783552000000001;0.005721088;0.0041267199999999995;0.0038430719999999995;0.0033218559999999998;0.002156544;0.003456;0.0033331199999999997;0.00283648;0.002961408;0.0018257920000000001;0.001956864;0.0025364479999999997;0.0022927360000000005;0.001722368;0.000990208;0.002547712;0.0021442559999999998;0.0012687360000000001;0.001330176;0.0013056;0.0009359360000000001;0.00143872;0.001164288;0.0008345599999999999;0.000715776;0.000847872;0.000908288;0.001309696;0.0011356159999999999;0.000966656;0.0005898240000000001;0.0006778880000000001;0.000758784;0.000840704;0.000485376
1789963200,hdr,0.0293;0.03906;0.04883;0.05859;0.06836;0.07813;0.08789;0.09766;0.10742;0.11719;0.12695;0.13672;0.14648;0.15625;0.16602;0.17578;0.18555;0.19531;0.20508;0.21484;0.22461;0.23438;0.24414;0.25391;0.26367;0.27344;0.2832;0.29297;0.30273;0.3125;0.32227;0.33203;0.3418;0.35156;0.36133;0.37109;0.38086;0.39063;0.40039;0.41016;0.41992;0.42969;0.43945;0.44922;0.45898;0.46875;0.47852;0.48828;0.49805;0.50781;0.51758;0.52734;0.53711;0.54688;0.55664;0.56641;0.57617;0.58594;0.5957;0.60547;0.61523;0.625;0.63477;0.64453;0.6543;0.66406;0.67383;0.68359;0.69336;0.70313;0.71289;0.72266;0.73242;0.74219;0.75195;0.76172;0.77148;0.78125;0.79102,0.002637824;0.010891264;0.005124096;0.005096447999999999;0.009597952;0.014009344000000002;0.020867072;0.022491136000000002;0.017937408000000002;0.015888384;0.01265664;0.007996416000000001;0.0067235839999999995;0.005737472;0.00633344;0.008715263999999999;0.008631296;0.02153984;0.047998976000000006;0.05831168;0.094372864;0.106151936;0.060545023999999996;0.06454784;0.051412992000000005;0.063922176;0.041495552000000005;0.034833407999999996;0.025990144;0.025046016000000004;0.015296512;0.013372416;0.011817983999999998;0.01588736;0.017006592;0.01565184;0.014029824;0.012900351999999999;0.017125376;0.015755264;0.009022464;0.0059791359999999995;0.005724160000000001;0.004302848;0.003158016;0.004059136;0.003549184;0.003562496;0.0043304960000000005;0.002404352;0.002958336;0.002138112;0.00214016;0.002419712;0.00205312;0.0022026240000000002;0.0021780479999999997;0.001005568;0.000610304;0.001256448;0.001757184;0.001979392;0.002328576;0.0017131520000000001;0.0010936319999999998;0.000771072;0.0008837120000000001;0.000840704;0.000903168;0.0008355839999999999;0.000816128;0.0007843840000000001;0.000872448;0.0005232639999999998;0.000459776;0.00047001599999999997;0.000418816;0.000516096;0.000662528
1789964100,hdr,0.0293;0.03906;0.04883;0.05859;0.06836;0.07813;0.08789;0.09766;0.10742;0.11719;0.12695;0.13672;0.14648;0.15625;0.16602;0.17578;0.18555;0.19531;0.20508;0.21484;0.22461;0.23438;0.24414;0.25391;0.26367;0.27344;0.2832;0.29297;0.30273;0.3125;0.32227;0.33203;0.3418;0.35156;0.36133;0.37109;0.38086;0.39063;0.40039;0.41016;0.41992;0.42969;0.43945;0.44922;0.45898;0.46875;0.47852;0.48828;0.49805;0.50781;0.51758;0.52734;0.53711;0.54688;0.55664;0.56641;0.57617;0.58594;0.5957;0.60547;0.61523;0.625;0.63477;0.64453;0.6543;0.66406;0.67383;0.68359;0.69336;0.70313;0.71289;0.72266;0.73242;0.74219;0.75195;0.76172;0.77148;0.78125;0.79102,0.004882432;0.011327488000000002;0.006925312;0.009800704;0.019058687999999997;0.023606272;0.038690815999999996;0.030386176;0.023334912;0.024570879999999996;0.018698239999999998;0.014132224;0.007528448;0.006144;0.005139456;0.007620608;0.012360704;0.025534464;0.060988416;0.08711065600000001;0.07424;0.100074496;0.16106496000000003;0.14403686400000001;0.083269632;0.058486784;0.049086464;0.034564095999999996;0.027195392;0.01817088;0.015978496;0.013229056000000001;0.024132608;0.025760768;0.028882944;0.017037312000000002;0.010894336;0.016868352000000003;0.02311168;0.013548544;0.0075008;0.007176192;0.003923968;0.006714368;0.007340032;0.005454848;0.00290816;0.0020490240000000004;0.0023930880000000002;0.0036823039999999995;0.003007488;0.0024852480000000002;0.0021862400000000003;0.002661376;0.0021626880000000003;0.002419712;0.001132544;0.000868352;0.0009758719999999999;0.001217536;0.001232896;0.001362944;0.0013506560000000002;0.001396736;0.001031168;0.0007946240000000001;0.000965632;0.0010455039999999998;0.0006952960000000001;0.001002496;0.0010649599999999998;0.0007096320000000001;0.000847872;0.000555008;0.00041779199999999995;0.000489472;0.000463872;0.0003328;0.000529408
1789965000,hdr,0.0293;0.03906;0.04883;0.05859;0.06836;0.07813;0.08789;0.09766;0.10742;0.11719;0.12695;0.13672;0.14648;0.15625;0.16602;0.17578;0.18555;0.19531;0.20508;0.21484;0.22461;0.23438;0.24414;0.25391;0.26367;0.27344;0.2832;0.29297;0.30273;0.3125;0.32227;0.33203;0.3418;0.35156;0.36133;0.37109;0.38086;0.39063;0.40039;0.41016;0.41992;0.42969;0.43945;0.44922;0.45898;0.46875;0.47852;0.48828;0.49805;0.50781;0.51758;0.52734;0.53711;0.54688;0.55664;0.56641;0.57617;0.58594;0.5957;0.60547;0.61523;0.625;0.63477;0.64453;0.6543;0.66406;0.67383;0.68359;0.69336;0.70313;0.71289;0.72266;0.73242;0.74219;0.75195;0.76172;0.77148;0.78125;0.79102,0.0058419200000000004;0.007757824000000001;0.006726656;0.003345408;0.004555776;0.01276416;0.03645132799999999;0.055418880000000004;0.033536;0.020196352000000004;0.011088896;0.00880128;0.006540288000000001;0.004163584;0.003391488;0.00482816;0.010080256000000001;0.017882112000000002;0.032678912;0.08456499199999999;0.14000844799999998;0.11415040000000001;0.12388352000000001;0.08456806400000001;0.060795904000000005;0.049850368;0.050044928;0.031497216;0.024266752;0.02195968;0.026790912;0.020614144;0.025413632000000002;0.023471104;0.014729215999999998;0.011972608;0.019444735999999997;0.011444224;0.009093120000000001;0.007947263999999999;0.006836223999999999;0.005751808;0.00904192;0.005919743999999999;0.004473856;0.005060608;0.003798016;0.001496064;0.001705984;0.001830912;0.002907136;0.002840576;0.0024227840000000003;0.0024309759999999996;0.002885632;0.001849344;0.001647616;0.0017336320000000001;0.0015452159999999999;0.001110016;0.001408;0.0011161600000000002;0.001014784;0.001114112;0.00062976;0.0005416959999999999;0.0006604799999999999;0.000494592;0.0005601279999999999;0.000648192;0.0005632;0.000421888;0.000463872;0.0006840319999999999;0.00059904;0.00052224;0.000352256;0.00024063999999999997;0.00042496
1789965900,hdr,0.0293;0.03906;0.04883;0.05859;0.06836;0.07813;0.08789;0.09766;0.10742;0.11719;0.12695;0.13672;0.14648;0.15625;0.16602;0.17578;0.18555;0.19531;0.20508;0.21484;0.22461;0.23438;0.24414;0.25391;0.26367;0.27344;0.2832;0.29297;0.30273;0.3125;0.32227;0.33203;0.3418;0.35156;0.36133;0.37109;0.38086;0.39063;0.40039;0.41016;0.41992;0.42969;0.43945;0.44922;0.45898;0.46875;0.47852;0.48828;0.49805;0.50781;0.51758;0.52734;0.53711;0.54688;0.55664;0.56641;0.57617;0.58594;0.5957;0.60547;0.61523;0.625;0.63477;0.64453;0.6543;0.66406;0.67383;0.68359;0.69336;0.70313;0.71289;0.72266;0.73242;0.74219;0.75195;0.76172;0.77148;0.78125;0.79102,0.0047861760000000005;0.0029306880000000003;0.00152576;0.004621312;0.016117760000000002;0.009040896000000001;0.0209408;0.029754368;0.016897023999999997;0.011784191999999999;0.016210944;0.009389056;0.0065167359999999995;0.00489984;0.00541696;0.007903232;0.00804352;0.009201663999999998;0.034912256;0.073747456;0.09608192;0.130533376;0.128242688;0.063307776;0.04468224;0.06726143999999999;0.035659776;0.022536192;0.020412416000000003;0.022972416;0.021044223999999997;0.017658880000000002;0.016193536;0.017045504;0.01865728;0.018945024;0.014004224000000001;0.010005504;0.006484992;0.008704;0.010244096000000001;0.00532992;0.004363264;0.0057149440000000004;0.005491711999999999;0.0032583679999999998;0.002203648;0.002369536;0.0025047039999999995;0.0022394880000000004;0.00242176;0.002494464;0.002603008;0.001307648;0.0011448320000000001;0.001139712;0.0013701120000000002;0.0014745600000000002;0.00141824;0.000854016;0.000661504;0.001042432;0.000897024;0.0005724160000000001;0.00072704;0.0009717759999999999;0.000625664;0.0006082559999999999;0.00051712;0.00044339199999999997;0.000561152;0.000731136;0.000408576;0.000330752;0.000380928;0.00034304;0.000331776;0.00039731200000000003;0.00040755200000000004
1789966800,hdr,0.0293;0.03906;0.04883;0.05859;0.06836;0.07813;0.08789;0.09766;0.10742;0.11719;0.12695;0.13672;0.14648;0.15625;0.16602;0.17578;0.18555;0.19531;0.20508;0.21484;0.22461;0.23438;0.24414;0.25391;0.26367;0.27344;0.2832;0.29297;0.30273;0.3125;0.32227;0.33203;0.3418;0.35156;0.36133;0.37109;0.38086;0.39063;0.40039;0.41016;0.41992;0.42969;0.43945;0.44922;0.45898;0.46875;0.47852;0.48828;0.49805;0.50781;0.51758;0.52734;0.53711;0.54688;0.55664;0.56641;0.57617;0.58594;0.5957;0.60547;0.61523;0.625;0.63477;0.64453;0.6543;0.66406;0.67383;0.68359;0.69336;0.70313;0.71289;0.72266;0.73242;0.74219;0.75195;0.76172;0.77148;0.78125;0.79102,0.001603584;0.001533952;0.0041113600000000005;0.006145024000000001;0.00794112;0.01591808;0.04705792;0.047021056000000006;0.024773631999999997;0.01489408;0.011831296;0.007759871999999999;0.004404224;0.00433152;0.006151168;0.007530496;0.018161663999999998;0.027352064;0.032591872;0.056536064000000004;0.058900480000000005;0.08630476799999999;0.07634124799999999;0.057762816;0.071827456;0.055822336;0.046537728;0.018551808;0.026106880000000002;0.025526271999999996;0.023484416;0.014391296;0.010267647999999999;0.011087872;0.014758912;0.014862336;0.008327168;0.010377216;0.00624128;0.007692287999999999;0.009705472;0.0065812480000000005;0.005752831999999999;0.004975616;0.00329728;0.002265088;0.001605632;0.00170496;0.001156096;0.0013793280000000002;0.001958912;0.001795072;0.001007616;0.0007557120000000001;0.000966656;0.0014592000000000001;0.001678336;0.000930816;0.00100352;0.0009205759999999999;0.0012072959999999998;0.0010373119999999999;0.0009256959999999999;0.000647168;0.0006891520000000001;0.0005867520000000001;0.0007936;0.0007249919999999999;0.000918528;0.0006144;0.0005007359999999999;0.000674816;0.0008192000000000001;0.000652288;0.000448512;0.000321536;0.000345088;0.00034201599999999995;0.00031744
1789967700,hdr,0.0293;0.03906;0.04883;0.05859;0.06836;0.07813;0.08789;0.09766;0.10742;0.11719;0.12695;0.13672;0.14648;0.15625;0.16602;0.17578;0.18555;0.19531;0.20508;0.21484;0.22461;0.23438;0.24414;0.25391;0.26367;0.27344;0.2832;0.29297;0.30273;0.3125;0.32227;0.33203;0.3418;0.35156;0.36133;0.37109;0.38086;0.39063;0.40039;0.41016;0.41992;0.42969;0.43945;0.44922;0.45898;0.46875;0.47852;0.48828;0.49805;0.50781;0.51758;0.52734;0.53711;0.54688;0.55664;0.56641;0.57617;0.58594;0.5957;0.60547;0.61523;0.625;0.63477;0.64453;0.6543;0.66406;0.67383;0.68359;0.69336;0.70313;0.71289;0.72266;0.73242;0.74219;0.75195;0.76172;0.77148;0.78125;0.79102,0.0032511999999999997;0.011905024;0.013881344;0.009100288;0.017804288;0.010088448;0.019598336;0.0341504;0.025644032;0.021183488;0.0188416;0.013948928;0.008109056;0.005323776;0.004441088;0.009444352000000001;0.015980544;0.022119424;0.046184448;0.06761472;0.085827584;0.083341312;0.07094067200000001;0.062063616;0.062734336;0.034567168;0.034414591999999994;0.036323327999999995;0.024148991999999998;0.013223936;0.017719296;0.013947903999999999;0.011933696;0.012967936;0.01735168;0.012519424000000001;0.013556736000000002;0.010955776;0.007361536;0.005009407999999999;0.004859904000000001;0.003716096;0.003231744;0.0040448;0.0037836799999999998;0.0031068159999999997;0.00375296;0.003835904;0.002880512;0.001301504;0.001563648;0.0019189760000000002;0.002413568;0.0020254720000000004;0.001055744;0.0008192000000000001;0.001071104;0.001333248;0.0012247039999999999;0.000963584;0.0008069119999999999;0.000884736;0.00100352;0.001035264;0.0006184960000000001;0.000466944;0.0005959680000000001;0.0009482239999999999;0.000924672;0.0004956159999999999;0.000351232;0.00047616000000000005;0.0005007359999999999;0.000308224;0.000346112;0.000326656;0.000395264;0.00034201599999999995;0.00031744
1789968600,hdr,0.0293;0.03906;0.04883;0.05859;0.06836;0.07813;0.08789;0.09766;0.10742;0.11719;0.12695;0.13672;0.14648;0.15625;0.16602;0.17578;0.18555;0.19531;0.20508;0.21484;0.22461;0.23438;0.24414;0.25391;0.26367;0.27344;0.2832;0.29297;0.30273;0.3125;0.32227;0.33203;0.3418;0.35156;0.36133;0.37109;0.38086;0.39063;0.40039;0.41016;0.41992;0.42969;0.43945;0.44922;0.45898;0.46875;0.47852;0.48828;0.49805;0.50781;0.51758;0.52734;0.53711;0.54688;0.55664;0.56641;0.57617;0.58594;0.5957;0.60547;0.61523;0.625;0.63477;0.64453;0.6543;0.66406;0.67383;0.68359;0.69336;0.70313;0.71289;0.72266;0.73242;0.74219;0.75195;0.76172;0.77148;0.78125;0.79102,0.004979712000000001;0.008528896;0.006047744;0.006270975999999999;0.008398848;0.005994496;0.028804096;0.037093376;0.018941952;0.022028288;0.020409344;0.014175232;0.005844992;0.006368255999999999;0.0063723519999999995;0.0074854399999999995;0.011860992;0.026878976000000002;0.038217728;0.037204992;0.09107660799999999;0.08915763200000001;0.100550656;0.06389452799999999;0.048065536;0.053808128000000004;0.029635584000000003;0.020279296;0.011117568000000001;0.013907968000000001;0.020415488000000002;0.019649536;0.016041984;0.014959616;0.016596991999999998;0.012604416;0.006885376;0.006392832;0.009784319999999999;0.011518976;0.007762944000000001;0.0058839040000000006;0.0032890880000000003;0.0031784960000000003;0.0025937919999999997;0.002637824;0.0025118719999999996;0.0018687999999999999;0.001501184;0.001611776;0.0020981759999999998;0.001824768;0.0017192959999999997;0.0017858560000000002;0.0012441599999999998;0.001114112;0.000951296;0.000812032;0.0008704;0.001265664;0.0010752000000000001;0.000668672;0.0006225919999999999;0.00047411199999999995;0.000489472;0.000607232;0.000756736;0.00063488;0.000458752;0.000628736;0.000694272;0.000569344;0.0004352;0.00036864000000000005;0.000415744;0.000504832;0.000454656;0.000375808;0.00031129599999999997
1789969500,hdr,0.0293;0.03906;0.04883;0.05859;0.06836;0.07813;0.08789;0.09766;0.10742;0.11719;0.12695;0.13672;0.14648;0.15625;0.16602;0.17578;0.18555;0.19531;0.20508;0.21484;0.22461;0.23438;0.24414;0.25391;0.26367;0.27344;0.2832;0.29297;0.30273;0.3125;0.32227;0.33203;0.3418;0.35156;0.36133;0.37109;0.38086;0.39063;0.40039;0.41016;0.41992;0.42969;0.43945;0.44922;0.45898;0.46875;0.47852;0.48828;0.49805;0.50781;0.51758;0.52734;0.53711;0.54688;0.55664;0.56641;0.57617;0.58594;0.5957;0.60547;0.61523;0.625;0.63477;0.64453;0.6543;0.66406;0.67383;0.68359;0.69336;0.70313;0.71289;0.72266;0.73242;0.74219;0.75195;0.76172;0.77148;0.78125;0.79102,0.003122176;0.01129984;0.011610112;0.006071296;0.012675072;0.014610432;0.035422208;0.042546176;0.037082112;0.033693696;0.018117632;0.013299712;0.011260928;0.005782528;0.004220928;0.008192;0.013914112;0.03809792000000001;0.055862272;0.058678272;0.07498444800000001;0.083110912;0.071222272;0.07472230399999999;0.056356864;0.034552832000000006;0.02315776;0.021552128;0.02066432;0.01788416;0.012954624000000001;0.019025919999999998;0.019275776;0.010292223999999999;0.009264127999999998;0.011884544;0.016415744;0.014177279999999999;0.006242304;0.004948991999999999;0.003818496;0.004854784000000001;0.006317056;0.005063679999999999;0.0022405119999999996;0.002505728;0.0018882559999999998;0.001513472;0.001936384;0.001810432;0.00131072;0.00101888;0.0013547519999999999;0.00109056;0.000647168;0.001043456;0.0010178560000000001;0.000837632;0.001091584;0.000980992;0.0008212479999999999;0.0005468159999999999;0.00064512;0.000605184;0.000662528;0.00051712;0.00064;0.000734208;0.0005099519999999999;0.00059392;0.00043827199999999997;0.000461824;0.000413696;0.000475136;0.00034201599999999995;0.00040960000000000004;0.000381952;0.00025088;0.00026521600000000003
1789970400,hdr,0.0293;0.03906;0.04883;0.05859;0.06836;0.07813;0.08789;0.09766;0.10742;0.11719;0.12695;0.13672;0.14648;0.15625;0.16602;0.17578;0.18555;0.19531;0.20508;0.21484;0.22461;0.23438;0.24414;0.25391;0.26367;0.27344;0.2832;0.29297;0.30273;0.3125;0.32227;0.33203;0.3418;0.35156;0.36133;0.37109;0.38086;0.39063;0.40039;0.41016;0.41992;0.42969;0.43945;0.44922;0.45898;0.46875;0.47852;0.48828;0.49805;0.50781;0.51758;0.52734;0.53711;0.54688;0.55664;0.56641;0.57617;0.58594;0.5957;0.60547;0.61523;0.625;0.63477;0.64453;0.6543;0.66406;0.67383;0.68359;0.69336;0.70313;0.71289;0.72266;0.73242;0.74219;0.75195;0.76172;0.77148;0.78125;0.79102,0.0055531520000000004;0.012036096000000001;0.009950208;0.005774336000000001;0.01912832;0.025773056;0.035676160000000005;0.020519936000000003;0.019447807999999997;0.019511296;0.020043776000000003;0.013488127999999999;0.006074367999999999;0.007472128;0.0048332800000000006;0.0040765440000000005;0.016041984;0.046205952;0.082656256;0.122364928;0.127399936;0.112729088;0.055184383999999996;0.058907648;0.048556032;0.019661824;0.016635904;0.02269184;0.025914368;0.01662464;0.015721472;0.011249664;0.007426048;0.008653824000000001;0.00764928;0.005045248;0.005842944;0.006803456;0.006011904;0.005582848;0.003670016;0.002807808;0.0024299520000000004;0.0028416;0.0038256640000000003;0.003222528;0.0026900479999999996;0.0025579519999999996;0.0017336320000000001;0.0013117439999999999;0.000854016;0.000854016;0.000937984;0.00117248;0.0011919360000000002;0.00096768;0.001050624;0.001089536;0.0006225919999999999;0.000647168;0.000628736;0.00042496;0.00039219200000000003;0.00049664;0.000644096;0.0005836799999999999;0.000484352;0.000325632;0.000459776;0.00034816000000000003;0.000260096;0.00030924800000000003;0.000253952;0.000315392;0.00029183999999999997;0.000227328;0.000251904;0.000388096;0.00041472
1789971300,hdr,0.0293;0.03906;0.04883;0.05859;0.06836;0.07813;0.08789;0.09766;0.10742;0.11719;0.12695;0.13672;0.14648;0.15625;0.16602;0.17578;0.18555;0.19531;0.20508;0.21484;0.22461;0.23438;0.24414;0.25391;0.26367;0.27344;0.2832;0.29297;0.30273;0.3125;0.32227;0.33203;0.3418;0.35156;0.36133;0.37109;0.38086;0.39063;0.40039;0.41016;0.41992;0.42969;0.43945;0.44922;0.45898;0.46875;0.47852;0.48828;0.49805;0.50781;0.51758;0.52734;0.53711;0.54688;0.55664;0.56641;0.57617;0.58594;0.5957;0.60547;0.61523;0.625;0.63477;0.64453;0.6543;0.66406;0.67383;0.68359;0.69336;0.70313;0.71289;0.72266;0.73242;0.74219;0.75195;0.76172;0.77148;0.78125;0.79102,0.006705152;0.008782848;0.009906176;0.009058304;0.014359552000000001;0.017318912;0.024791039999999997;0.034193407999999995;0.020738048;0.017035264;0.018558976;0.014818304000000001;0.010225664;0.005782528;0.00436224;0.005599232;0.018767871999999998;0.060575744;0.09444454399999999;0.082115584;0.10460672;0.069164032;0.05071462400000001;0.05434777600000001;0.045078528;0.03531264;0.022277119999999997;0.018258944;0.024901631999999996;0.021858304;0.012739584;0.008824832;0.011138048;0.007947263999999999;0.006550528;0.006921216;0.005612544;0.006294528;0.005389312;0.003790848;0.0036515840000000003;0.004215808;0.003393536;0.001800192;0.002456576;0.002828288;0.0025262080000000003;0.0020101119999999997;0.0013342719999999998;0.0009912319999999999;0.00087552;0.0009973760000000001;0.000704512;0.001063936;0.000769024;0.000818176;0.0007976959999999999;0.00068096;0.0005898240000000001;0.00047616000000000005;0.00059392;0.0007168;0.0006000640000000001;0.0006277120000000001;0.0005867520000000001;0.000485376;0.00032870400000000003;0.000371712;0.0005888;0.000643072;0.000633856;0.000330752;0.000326656;0.00029183999999999997;0.00023654400000000002;0.000269312;0.000267264;0.000272384;0.00027648
1789972200,hdr,0.0293;0.03906;0.04883;0.05859;0.06836;0.07813;0.08789;0.09766;0.10742;0.11719;0.12695;0.13672;0.14648;0.15625;0.16602;0.17578;0.18555;0.19531;0.20508;0.21484;0.22461;0.23438;0.24414;0.25391;0.26367;0.27344;0.2832;0.29297;0.30273;0.3125;0.32227;0.33203;0.3418;0.35156;0.36133;0.37109;0.38086;0.39063;0.40039;0.41016;0.41992;0.42969;0.43945;0.44922;0.45898;0.46875;0.47852;0.48828;0.49805;0.50781;0.51758;0.52734;0.53711;0.54688;0.55664;0.56641;0.57617;0.58594;0.5957;0.60547;0.61523;0.625;0.63477;0.64453;0.6543;0.66406;0.67383;0.68359;0.69336;0.70313;0.71289;0.72266;0.73242;0.74219;0.75195;0.76172;0.77148;0.78125;0.79102,0.003305472;0.005262336;0.007719935999999999;0.007993344;0.009972736;0.017334271999999998;0.020520959999999998;0.018750464;0.01631744;0.01476608;0.025270271999999996;0.018029568000000003;0.007712768;0.0044451840000000005;0.004386816;0.008939520000000001;0.011848704;0.040414208;0.072717312;0.073039872;0.09615667200000001;0.080402432;0.08232447999999999;0.038397952;0.038695936;0.045592576;0.032575488;0.022718464;0.015588352000000001;0.008433664;0.00971776;0.010343424;0.011907072;0.010824704;0.007364607999999999;0.006987776;0.00759296;0.007985152;0.004964352;0.0048732160000000005;0.002551808;0.0018636800000000002;0.0013557760000000002;0.002482176;0.002026496;0.001343488;0.000966656;0.0012318720000000002;0.001199104;0.0009205759999999999;0.0008089600000000001;0.000882688;0.001088512;0.000987136;0.000712704;0.00067072;0.000458752;0.00032256;0.000520192;0.0007884799999999999;0.000692224;0.000548864;0.0007014399999999999;0.000663552;0.000642048;0.00042598399999999997;0.00031744;0.0005099519999999999;0.000442368;0.000384;0.000339968;0.000268288;0.0002816;0.000269312;0.00040960000000000004;0.00040243200000000004;0.0004352;0.00041676800000000003;0.00029388799999999996
1789973100,hdr,0.0293;0.03906;0.04883;0.05859;0.06836;0.07813;0.08789;0.09766;0.10742;0.11719;0.12695;0.13672;0.14648;0.15625;0.16602;0.17578;0.18555;0.19531;0.20508;0.21484;0.22461;0.23438;0.24414;0.25391;0.26367;0.27344;0.2832;0.29297;0.30273;0.3125;0.32227;0.33203;0.3418;0.35156;0.36133;0.37109;0.38086;0.39063;0.40039;0.41016;0.41992;0.42969;0.43945;0.44922;0.45898;0.46875;0.47852;0.48828;0.49805;0.50781;0.51758;0.52734;0.53711;0.54688;0.55664;0.56641;0.57617;0.58594;0.5957;0.60547;0.61523;0.625;0.63477;0.64453;0.6543;0.66406;0.67383;0.68359;0.69336;0.70313;0.71289;0.72266;0.73242;0.74219;0.75195;0.76172;0.77148;0.78125;0.79102,0.004824064;0.008757248000000002;0.00812544;0.008249344;0.008367104;0.009286656;0.024056832;0.032280576000000005;0.021215232;0.00963584;0.011169792;0.016437247999999998;0.010728448;0.005675008;0.004355072;0.004164608;0.014809088;0.057236480000000006;0.136503296;0.208386048;0.162079744;0.07621734399999999;0.07771648;0.075327488;0.038834176;0.023972864;0.017148928;0.016714752;0.013443072;0.016002047999999998;0.008092672;0.009965568;0.011940863999999999;0.007062528;0.0065464320000000005;0.006298624;0.005129216000000001;0.0047339520000000005;0.003813376;0.0032849919999999996;0.0030894080000000005;0.0026081279999999995;0.0012748800000000002;0.002945024;0.00287744;0.0023848959999999996;0.001997824;0.0012687360000000001;0.001053696;0.000692224;0.000847872;0.001027072;0.00099328;0.000840704;0.000400384;0.00051712;0.000482304;0.000740352;0.001004544;0.000507904;0.000492544;0.00040960000000000004;0.000308224;0.00035532799999999997;0.00027648;0.000339968;0.000391168;0.000280576;0.000323584;0.000439296;0.00040448000000000003;0.000384;0.000251904;0.00022323200000000002;0.000274432;0.00035328;0.000280576;0.00030003200000000004;0.000384
1789974000,hdr,0.0293;0.03906;0.04883;0.05859;0.06836;0.07813;0.08789;0.09766;0.10742;0.11719;0.12695;0.13672;0.14648;0.15625;0.16602;0.17578;0.18555;0.19531;0.20508;0.21484;0.22461;0.23438;0.24414;0.25391;0.26367;0.27344;0.2832;0.29297;0.30273;0.3125;0.32227;0.33203;0.3418;0.35156;0.36133;0.37109;0.38086;0.39063;0.40039;0.41016;0.41992;0.42969;0.43945;0.44922;0.45898;0.46875;0.47852;0.48828;0.49805;0.50781;0.51758;0.52734;0.53711;0.54688;0.55664;0.56641;0.57617;0.58594;0.5957;0.60547;0.61523;0.625;0.63477;0.64453;0.6543;0.66406;0.67383;0.68359;0.69336;0.70313;0.71289;0.72266;0.73242;0.74219;0.75195;0.76172;0.77148;0.78125;0.79102,0.0021862400000000003;0.0035205120000000004;0.005399551999999999;0.006453248000000001;0.01262592;0.01606144;0.040318976;0.056228864;0.024037375999999996;0.01665024;0.023647232;0.016581632;0.011499520000000001;0.009805824;0.0070092800000000005;0.00804352;0.019838975999999998;0.042142719999999995;0.094006272;0.17075404800000002;0.138464256;0.086907904;0.045487104;0.054979584000000005;0.038104064;0.032239616;0.026964991999999997;0.025856;0.016474112000000003;0.010817536;0.00956416;0.013640704;0.017197056000000002;0.013281280000000001;0.00623104;0.004955136000000001;0.00274432;0.002833408;0.002932736;0.0027586560000000004;0.0018012159999999998;0.0031016959999999997;0.002501632;0.0017336320000000001;0.0018513919999999999;0.00165888;0.001803264;0.0013312;0.0009441279999999999;0.00125952;0.001133568;0.001164288;0.0008386559999999999;0.000889856;0.000743424;0.000325632;0.000621568;0.000873472;0.00074752;0.000576512;0.000580608;0.0005560319999999999;0.00043827199999999997;0.00021913599999999998;0.000391168;0.0005918719999999999;0.000730112;0.000616448;0.00044339199999999997;0.000349184;0.00029491200000000004;0.000274432;0.00030003200000000004;0.000319488;0.00037888;0.00029081600000000006;0.0003072;0.00032256;0.00020172799999999998
1789974900,hdr,0.0293;0.03906;0.04883;0.05859;0.06836;0.07813;0.08789;0.09766;0.10742;0.11719;0.12695;0.13672;0.14648;0.15625;0.16602;0.17578;0.18555;0.19531;0.20508;0.21484;0.22461;0.23438;0.24414;0.25391;0.26367;0.27344;0.2832;0.29297;0.30273;0.3125;0.32227;0.33203;0.3418;0.35156;0.36133;0.37109;0.38086;0.39063;0.40039;0.41016;0.41992;0.42969;0.43945;0.44922;0.45898;0.46875;0.47852;0.48828;0.49805;0.50781;0.51758;0.52734;0.53711;0.54688;0.55664;0.56641;0.57617;0.58594;0.5957;0.60547;0.61523;0.625;0.63477;0.64453;0.6543;0.66406;0.67383;0.68359;0.69336;0.70313;0.71289;0.72266;0.73242;0.74219;0.75195;0.76172;0.77148;0.78125;0.79102,0.008078336;0.015545344000000001;0.011230207999999998;0.012651520000000001;0.012546048;0.02113024;0.031968256;0.028731392;0.02962432;0.020352;0.020941824;0.017943551999999998;0.009381888000000001;0.004805632000000001;0.004711424;0.006322176;0.009909247999999999;0.030162944;0.103734272;0.206989312;0.197480448;0.102213632;0.035334144;0.048160768;0.070319104;0.054002688;0.029883391999999998;0.016257024000000002;0.011726848;0.008481792000000002;0.004849664;0.005820416;0.008578048000000001;0.008217599999999999;0.006322176;0.0036085759999999996;0.002931712;0.003344384;0.0027217920000000002;0.002497536;0.002295808;0.0027863040000000003;0.00339968;0.00218112;0.0012523519999999998;0.00091136;0.0012871680000000002;0.0012687360000000001;0.00137216;0.001004544;0.00087552;0.000964608;0.001027072;0.000791552;0.0007249919999999999;0.000837632;0.000631808;0.000395264;0.000550912;0.000502784;0.000459776;0.00047820800000000004;0.0006604799999999999;0.000596992;0.000774144;0.0006225919999999999;0.000652288;0.000538624;0.000381952;0.000233472;0.000256;0.00027136;0.000227328;0.000248832;0.000249856;0.00024063999999999997;0.00035942400000000006;0.000382976;0.000195584
1789975800,hdr,0.0293;0.03906;0.04883;0.05859;0.06836;0.07813;0.08789;0.09766;0.10742;0.11719;0.12695;0.13672;0.14648;0.15625;0.16602;0.17578;0.18555;0.19531;0.20508;0.21484;0.22461;0.23438;0.24414;0.25391;0.26367;0.27344;0.2832;0.29297;0.30273;0.3125;0.32227;0.33203;0.3418;0.35156;0.36133;0.37109;0.38086;0.39063;0.40039;0.41016;0.41992;0.42969;0.43945;0.44922;0.45898;0.46875;0.47852;0.48828;0.49805;0.50781;0.51758;0.52734;0.53711;0.54688;0.55664;0.56641;0.57617;0.58594;0.5957;0.60547;0.61523;0.625;0.63477;0.64453;0.6543;0.66406;0.67383;0.68359;0.69336;0.70313;0.71289;0.72266;0.73242;0.74219;0.75195;0.76172;0.77148;0.78125;0.79102,0.006308864;0.008187904;0.0052224;0.009407488000000002;0.011877376;0.017013760000000003;0.027674624;0.023163904;0.016151552;0.035032064;0.024518656;0.012997632;0.015955968;0.010329088;0.0041472;0.005716992000000001;0.012518399999999999;0.03610624;0.080985088;0.08687104;0.063693824;0.08021811200000001;0.048556032;0.049760256;0.033841152;0.028494848000000003;0.016633856;0.0076615680000000005;0.006700032;0.013382656000000001;0.013996031999999999;0.01116672;0.009332736000000001;0.008003584;0.007535616;0.004092928;0.004486144;0.004159487999999999;0.0031784960000000003;0.002840576;0.001837056;0.0023439359999999996;0.00202752;0.0014448640000000001;0.001071104;0.001297408;0.001041408;0.000970752;0.0011735040000000001;0.001002496;0.000781312;0.00083968;0.001089536;0.000908288;0.000698368;0.000825344;0.0007495679999999999;0.00037785600000000004;0.000490496;0.0003584;0.0003072;0.00029798400000000005;0.00038912;0.000360448;0.00033792;0.000224256;0.00029696;0.00041984;0.00029696;0.00043724800000000005;0.000388096;0.00033484799999999995;0.00030208000000000004;0.0003584;0.00033382400000000003;0.000242688;0.000206848;0.000222208;0.00022528
1789976700,hdr,0.0293;0.03906;0.04883;0.05859;0.06836;0.07813;0.08789;0.09766;0.10742;0.11719;0.12695;0.13672;0.14648;0.15625;0.16602;0.17578;0.18555;0.19531;0.20508;0.21484;0.22461;0.23438;0.24414;0.25391;0.26367;0.27344;0.2832;0.29297;0.30273;0.3125;0.32227;0.33203;0.3418;0.35156;0.36133;0.37109;0.38086;0.39063;0.40039;0.41016;0.41992;0.42969;0.43945;0.44922;0.45898;0.46875;0.47852;0.48828;0.49805;0.50781;0.51758;0.52734;0.53711;0.54688;0.55664;0.56641;0.57617;0.58594;0.5957;0.60547;0.61523;0.625;0.63477;0.64453;0.6543;0.66406;0.67383;0.68359;0.69336;0.70313;0.71289;0.72266;0.73242;0.74219;0.75195;0.76172;0.77148;0.78125;0.79102,0.003822592;0.008881152;0.00482304;0.005740544;0.014775296;0.014664703999999999;0.025347072000000002;0.023838719999999997;0.019759104;0.016439296;0.017093631999999997;0.026053632;0.010400768;0.0055296;0.0038993920000000002;0.006520832000000001;0.009231360000000001;0.027040768;0.097316864;0.155718656;0.175212544;0.13906943999999996;0.061893632;0.027492351999999998;0.025782272;0.017645568;0.008375296;0.011805696;0.014716928;0.016497664000000002;0.011296768;0.00654848;0.008217599999999999;0.0070123519999999995;0.005111808;0.003653632;0.002499584;0.001906688;0.0021780479999999997;0.001866752;0.002210816;0.002445312;0.0024330239999999998;0.001932288;0.0012554240000000002;0.0011356159999999999;0.001119232;0.0011233280000000003;0.001152;0.0007290879999999999;0.0008222720000000001;0.000909312;0.0008929280000000001;0.000687104;0.000632832;0.000817152;0.0005601279999999999;0.0005376000000000001;0.000567296;0.00038912;0.000484352;0.00046592000000000004;0.00035430400000000006;0.00036761599999999997;0.000457728;0.000427008;0.000457728;0.00036249599999999997;0.000244736;0.000360448;0.000269312;0.000218112;0.000315392;0.00031129599999999997;0.00022323200000000002;0.00023142399999999999;0.000280576;0.000234496;0.00020992
1789977600,hdr,0.0293;0.03906;0.04883;0.05859;0.06836;0.07813;0.08789;0.09766;0.10742;0.11719;0.12695;0.13672;0.14648;0.15625;0.16602;0.17578;0.18555;0.19531;0.20508;0.21484;0.22461;0.23438;0.24414;0.25391;0.26367;0.27344;0.2832;0.29297;0.30273;0.3125;0.32227;0.33203;0.3418;0.35156;0.36133;0.37109;0.38086;0.39063;0.40039;0.41016;0.41992;0.42969;0.43945;0.44922;0.45898;0.46875;0.47852;0.48828;0.49805;0.50781;0.51758;0.52734;0.53711;0.54688;0.55664;0.56641;0.57617;0.58594;0.5957;0.60547;0.61523;0.625;0.63477;0.64453;0.6543;0.66406;0.67383;0.68359;0.69336;0.70313;0.71289;0.72266;0.73242;0.74219;0.75195;0.76172;0.77148;0.78125;0.79102,0.00388096;0.007030784;0.006774784000000001;0.0057794560000000005;0.010641408;0.011452416;0.023614464;0.024909824;0.035060735999999995;0.031065088;0.014362624;0.013786112;0.011792384;0.00764416;0.005004288;0.0043304960000000005;0.009957376;0.042391552;0.07737753600000001;0.126553088;0.11506688000000001;0.06775910399999999;0.07336448;0.037010432;0.029818880000000002;0.018239488;0.012612608;0.009868288000000001;0.006981632000000001;0.010877952000000001;0.010117119999999999;0.00650752;0.005245952;0.00544768;0.003603456;0.00408576;0.0050155519999999995;0.003745792;0.002131968;0.0018974719999999999;0.00198656;0.0022394880000000004;0.001744896;0.001261568;0.0008335360000000001;0.001050624;0.00103936;0.000674816;0.0007188480000000001;0.000751616;0.000790528;0.0005601279999999999;0.000555008;0.00041676800000000003;0.000420864;0.0005304320000000001;0.000456704;0.0003584;0.0005877759999999999;0.000712704;0.000690176;0.000420864;0.000263168;0.000326656;0.000347136;0.00039423999999999997;0.000345088;0.00047616000000000005;0.00035430400000000006;0.00031744;0.00031232;0.000398336;0.00036966399999999996;0.00028569600000000005;0.000274432;0.000246784;0.00034099200000000003;0.000267264;0.000278528
1789978500,hdr,0.0293;0.03906;0.04883;0.05859;0.06836;0.07813;0.08789;0.09766;0.10742;0.11719;0.12695;0.13672;0.14648;0.15625;0.16602;0.17578;0.18555;0.19531;0.20508;0.21484;0.22461;0.23438;0.24414;0.25391;0.26367;0.27344;0.2832;0.29297;0.30273;0.3125;0.32227;0.33203;0.3418;0.35156;0.36133;0.37109;0.38086;0.39063;0.40039;0.41016;0.41992;0.42969;0.43945;0.44922;0.45898;0.46875;0.47852;0.48828;0.49805;0.50781;0.51758;0.52734;0.53711;0.54688;0.55664;0.56641;0.57617;0.58594;0.5957;0.60547;0.61523;0.625;0.63477;0.64453;0.6543;0.66406;0.67383;0.68359;0.69336;0.70313;0.71289;0.72266;0.73242;0.74219;0.75195;0.76172;0.77148;0.78125;0.79102,0.004462592;0.008574975999999998;0.007973888;0.003385344;0.006157312;0.01629696;0.033060864;0.023673856;0.028876799999999998;0.029724672;0.017820672;0.01178624;0.013070336;0.008979456;0.007858176;0.006438912000000001;0.010819584;0.026717184;0.06582988799999999;0.10015232;0.085670912;0.09072230399999999;0.09327820800000002;0.048308224000000004;0.022044671999999998;0.020576256;0.016256;0.01296896;0.009211904;0.004641792;0.00761344;0.007079935999999999;0.005103616;0.006173696;0.005978112;0.0034672640000000003;0.002905088;0.001997824;0.0015431680000000001;0.0012687360000000001;0.0009041920000000001;0.001570816;0.00152576;0.001333248;0.001220608;0.0010598399999999998;0.001147904;0.000964608;0.00097792;0.000528384;0.000658432;0.000915456;0.0008335360000000001;0.00047104000000000004;0.00032256;0.000288768;0.0003584;0.000548864;0.000513024;0.000492544;0.000551936;0.0005713920000000001;0.00050176;0.00040550399999999994;0.000349184;0.00032256;0.000349184;0.0002816;0.000234496;0.000314368;0.00029081600000000006;0.00029696;0.000482304;0.000277504;0.00024576000000000003;0.00028671999999999997;0.000246784;0.000264192;0.000233472
1789979400,hdr,0.0293;0.03906;0.04883;0.05859;0.06836;0.07813;0.08789;0.09766;0.10742;0.11719;0.12695;0.13672;0.14648;0.15625;0.16602;0.17578;0.18555;0.19531;0.20508;0.21484;0.22461;0.23438;0.24414;0.25391;0.26367;0.27344;0.2832;0.29297;0.30273;0.3125;0.32227;0.33203;0.3418;0.35156;0.36133;0.37109;0.38086;0.39063;0.40039;0.41016;0.41992;0.42969;0.43945;0.44922;0.45898;0.46875;0.47852;0.48828;0.49805;0.50781;0.51758;0.52734;0.53711;0.54688;0.55664;0.56641;0.57617;0.58594;0.5957;0.60547;0.61523;0.625;0.63477;0.64453;0.6543;0.66406;0.67383;0.68359;0.69336;0.70313;0.71289;0.72266;0.73242;0.74219;0.75195;0.76172;0.77148;0.78125;0.79102,0.00280064;0.006838272;0.003994624;0.00435712;0.006089728;0.01577984;0.031250432;0.02619392;0.02613248;0.03090432;0.018512896;0.01836032;0.020105216;0.012178432000000001;0.008088576;0.005343232;0.013852672;0.027722752;0.030614528;0.047741952;0.054194176;0.068426752;0.047696896;0.02068992;0.019998719999999998;0.015033343999999999;0.009804799999999999;0.007481344;0.011782144;0.010318848;0.005497856;0.005322752;0.003756032;0.003725312;0.0038717440000000003;0.003099648;0.0028467199999999996;0.0024637440000000004;0.001820672;0.0016691199999999998;0.001558528;0.0017725439999999998;0.001052672;0.001250304;0.0009943039999999999;0.000651264;0.000643072;0.0005683200000000001;0.0006574080000000001;0.000871424;0.00081408;0.000628736;0.000415744;0.0003584;0.00036761599999999997;0.000420864;0.00034201599999999995;0.000519168;0.00059392;0.00042291200000000006;0.000628736;0.000393216;0.00039219200000000003;0.00038912;0.000315392;0.00041984;0.00044339199999999997;0.000611328;0.000518144;0.000380928;0.00029900799999999997;0.000249856;0.000318464;0.00017408000000000001;0.00029900799999999997;0.000360448;0.000251904;0.000162816;0.000222208
1789980300,hdr,0.0293;0.03906;0.04883;0.05859;0.06836;0.07813;0.08789;0.09766;0.10742;0.11719;0.12695;0.13672;0.14648;0.15625;0.16602;0.17578;0.18555;0.19531;0.20508;0.21484;0.22461;0.23438;0.24414;0.25391;0.26367;0.27344;0.2832;0.29297;0.30273;0.3125;0.32227;0.33203;0.3418;0.35156;0.36133;0.37109;0.38086;0.39063;0.40039;0.41016;0.41992;0.42969;0.43945;0.44922;0.45898;0.46875;0.47852;0.48828;0.49805;0.50781;0.51758;0.52734;0.53711;0.54688;0.55664;0.56641;0.57617;0.58594;0.5957;0.60547;0.61523;0.625;0.63477;0.64453;0.6543;0.66406;0.67383;0.68359;0.69336;0.70313;0.71289;0.72266;0.73242;0.74219;0.75195;0.76172;0.77148;0.78125;0.79102,0.0046940160000000005;0.007694336;0.009049088;0.006316032;0.012853248000000001;0.016665600000000003;0.018486272;0.022614016;0.018991103999999998;0.012890112;0.016367616;0.029641728;0.019217408;0.006219776000000001;0.0034795520000000003;0.0055582719999999995;0.009709568000000002;0.021379072;0.022583296000000003;0.064321536;0.100856832;0.07154688000000001;0.057832447999999995;0.03607244800000001;0.01909248;0.02259456;0.02440192;0.014034943999999999;0.009670656;0.007641088;0.006255616;0.006477823999999999;0.0045424639999999995;0.0028549120000000002;0.003245056;0.002951168;0.00283136;0.001611776;0.0014376960000000002;0.0013352960000000001;0.00084992;0.0011694079999999998;0.0021606399999999997;0.001840128;0.0011448320000000001;0.000879616;0.0005980159999999999;0.0005007359999999999;0.000525312;0.0005468159999999999;0.00077312;0.000647168;0.000625664;0.0006000640000000001;0.0005621760000000001;0.000534528;0.000536576;0.00047206399999999996;0.000643072;0.00043827199999999997;0.000387072;0.000349184;0.000256;0.00036249599999999997;0.000411648;0.000305152;0.00029286400000000005;0.000242688;0.000274432;0.00025088;0.00024576000000000003;0.000275456;0.000365568;0.000456704;0.00047104000000000004;0.00029491200000000004;0.000222208;0.000228352;0.00029798400000000005
1789982100,hdr,0.0293;0.03906;0.04883;0.05859;0.06836;0.07813;0.08789;0.09766;0.10742;0.11719;0.12695;0.13672;0.14648;0.15625;0.16602;0.17578;0.18555;0.19531;0.20508;0.21484;0.22461;0.23438;0.24414;0.25391;0.26367;0.27344;0.2832;0.29297;0.30273;0.3125;0.32227;0.33203;0.3418;0.35156;0.36133;0.37109;0.38086;0.39063;0.40039;0.41016;0.41992;0.42969;0.43945;0.44922;0.45898;0.46875;0.47852;0.48828;0.49805;0.50781;0.51758;0.52734;0.53711;0.54688;0.55664;0.56641;0.57617;0.58594;0.5957;0.60547;0.61523;0.625;0.63477;0.64453;0.6543;0.66406;0.67383;0.68359;0.69336;0.70313;0.71289;0.72266;0.73242;0.74219;0.75195;0.76172;0.77148;0.78125;0.79102,0.005551103999999999;0.0027402240000000003;0.005813247999999999;0.009583616;0.016381951999999998;0.0197888;0.011282432;0.0292608;0.025868288;0.012353536;0.021850112;0.024019967999999996;0.022576128;0.015197183999999999;0.009269247999999999;0.01120256;0.013505536;0.009605119999999998;0.038668288;0.07971328;0.072307712;0.074858496;0.059575296;0.0416768;0.026018816000000004;0.014600192;0.007971840000000001;0.007201792;0.00695296;0.003654656;0.003248128;0.005588992;0.004214784;0.002379776;0.0023388159999999996;0.001624064;0.0014827520000000002;0.0021217280000000002;0.001924096;0.001273856;0.0012165119999999999;0.000731136;0.00118272;0.0009830400000000001;0.0013117439999999999;0.0015656959999999999;0.001327104;0.00099328;0.000802816;0.000663552;0.0008325120000000001;0.000638976;0.000770048;0.00073216;0.0005406720000000001;0.000538624;0.0005847039999999999;0.000454656;0.0008509440000000001;0.00047923199999999995;0.00045056;0.000566272;0.000318464;0.000412672;0.00054272;0.000504832;0.000551936;0.000406528;0.000329728;0.000371712;0.00036966399999999996;0.000429056;0.00036249599999999997;0.000390144;0.00037785600000000004;0.00027033600000000004;0.000252928;0.00032256;0.000345088
1789983000,hdr,0.0293;0.03906;0.04883;0.05859;0.06836;0.07813;0.08789;0.09766;0.10742;0.11719;0.12695;0.13672;0.14648;0.15625;0.16602;0.17578;0.18555;0.19531;0.20508;0.21484;0.22461;0.23438;0.24414;0.25391;0.26367;0.27344;0.2832;0.29297;0.30273;0.3125;0.32227;0.33203;0.3418;0.35156;0.36133;0.37109;0.38086;0.39063;0.40039;0.41016;0.41992;0.42969;0.43945;0.44922;0.45898;0.46875;0.47852;0.48828;0.49805;0.50781;0.51758;0.52734;0.53711;0.54688;0.55664;0.56641;0.57617;0.58594;0.5957;0.60547;0.61523;0.625;0.63477;0.64453;0.6543;0.66406;0.67383;0.68359;0.69336;0.70313;0.71289;0.72266;0.73242;0.74219;0.75195;0.76172;0.77148;0.78125;0.79102,0.005285888;0.0036352000000000003;0.00500224;0.007472128;0.008632319999999999;0.013138944;0.025259008000000003;0.023435264;0.030201856;0.027667456000000003;0.022188032;0.022731776000000002;0.018726912000000002;0.013380608;0.008599552;0.00626176;0.008607744;0.022464512;0.04205670400000001;0.05408768;0.07483084799999999;0.076110848;0.054724608;0.034153472000000004;0.026875904;0.021742591999999998;0.012934144;0.010933248000000001;0.009181183999999998;0.005650432;0.006407168;0.0053463040000000005;0.002262016;0.001467392;0.0030453760000000002;0.003081216;0.002398208;0.001743872;0.002044928;0.0025088;0.0016670720000000001;0.0013680639999999998;0.001317888;0.0012666880000000002;0.0009973760000000001;0.000764928;0.0011837439999999998;0.0012001280000000002;0.0012554240000000002;0.0011796480000000002;0.001401856;0.000776192;0.000466944;0.000376832;0.000592896;0.00082944;0.0006696959999999999;0.000492544;0.000641024;0.000551936;0.0005406720000000001;0.000616448;0.0005918719999999999;0.000444416;0.000412672;0.000507904;0.00041984;0.000347136;0.000519168;0.000448512;0.00032768;0.00036147200000000005;0.00048639999999999995;0.000454656;0.00039423999999999997;0.000211968;0.00032870400000000003;0.00031232;0.000330752
1789983900,hdr,0.0293;0.03906;0.04883;0.05859;0.06836;0.07813;0.08789;0.09766;0.10742;0.11719;0.12695;0.13672;0.14648;0.15625;0.16602;0.17578;0.18555;0.19531;0.20508;0.21484;0.22461;0.23438;0.24414;0.25391;0.26367;0.27344;0.2832;0.29297;0.30273;0.3125;0.32227;0.33203;0.3418;0.35156;0.36133;0.37109;0.38086;0.39063;0.40039;0.41016;0.41992;0.42969;0.43945;0.44922;0.45898;0.46875;0.47852;0.48828;0.49805;0.50781;0.51758;0.52734;0.53711;0.54688;0.55664;0.56641;0.57617;0.58594;0.5957;0.60547;0.61523;0.625;0.63477;0.64453;0.6543;0.66406;0.67383;0.68359;0.69336;0.70313;0.71289;0.72266;0.73242;0.74219;0.75195;0.76172;0.77148;0.78125;0.79102,0.007975936;0.0111616;0.009188352;0.0030443519999999997;0.006245376;0.009192448;0.014297088;0.020350976;0.025244672000000003;0.018013183999999998;0.029308928;0.019835903999999998;0.017291264000000004;0.01278464;0.006831104;0.0035235839999999997;0.008436735999999999;0.020988928;0.05443584;0.08524083199999999;0.060908544;0.058877952;0.043401216;0.02867712;0.031689728;0.028378112;0.018169855999999998;0.009824256;0.00827392;0.009240576;0.007362560000000001;0.004198400000000001;0.003172352;0.005537792;0.003613696;0.0028538879999999997;0.0032204799999999995;0.0025579519999999996;0.002714624;0.002881536;0.0022394880000000004;0.0018944;0.0012912639999999999;0.0010250239999999998;0.0013506560000000002;0.001301504;0.001011712;0.00119808;0.000964608;0.0009441279999999999;0.001061888;0.0007843840000000001;0.000694272;0.0012288;0.001040384;0.00046796800000000003;0.000452608;0.000519168;0.00046592000000000004;0.000646144;0.000257024;0.00047206399999999996;0.000510976;0.00043008000000000006;0.00040960000000000004;0.000641024;0.0004884479999999999;0.00042598399999999997;0.00047104000000000004;0.000577536;0.00031744;0.000514048;0.00036147200000000005;0.000257024;0.000279552;0.000352256;0.000284672;0.00029183999999999997;0.00029798400000000005
1789984800,hdr,0.0293;0.03906;0.04883;0.05859;0.06836;0.07813;0.08789;0.09766;0.10742;0.11719;0.12695;0.13672;0.14648;0.15625;0.16602;0.17578;0.18555;0.19531;0.20508;0.21484;0.22461;0.23438;0.24414;0.25391;0.26367;0.27344;0.2832;0.29297;0.30273;0.3125;0.32227;0.33203;0.3418;0.35156;0.36133;0.37109;0.38086;0.39063;0.40039;0.41016;0.41992;0.42969;0.43945;0.44922;0.45898;0.46875;0.47852;0.48828;0.49805;0.50781;0.51758;0.52734;0.53711;0.54688;0.55664;0.56641;0.57617;0.58594;0.5957;0.60547;0.61523;0.625;0.63477;0.64453;0.6543;0.66406;0.67383;0.68359;0.69336;0.70313;0.71289;0.72266;0.73242;0.74219;0.75195;0.76172;0.77148;0.78125;0.79102,0.0006604799999999999;0.003575808;0.005183487999999999;0.0034037760000000003;0.007819264;0.008231936;0.012174336000000001;0.018550784;0.012376064;0.019122176;0.018054144;0.015510528;0.027959295999999998;0.018256896;0.007199744;0.005848064;0.0126976;0.023641088;0.04090470400000001;0.047721472;0.038325248;0.063552512;0.043623424;0.035466239999999996;0.026455040000000003;0.018023424;0.011066368;0.007428096;0.005343232;0.006785024000000001;0.00426496;0.005107712;0.006148096;0.003912704;0.0034375680000000002;0.002105344;0.001846272;0.002613248;0.001862656;0.001558528;0.0010127360000000002;0.001202176;0.000979968;0.001536;0.001744896;0.0010199039999999999;0.0010291200000000001;0.000953344;0.0009144320000000001;0.0009758719999999999;0.000459776;0.0004884479999999999;0.0005836799999999999;0.0005324799999999999;0.0005744639999999999;0.000726016;0.000421888;0.00041984;0.000656384;0.0006696959999999999;0.0005877759999999999;0.0006082559999999999;0.00047104000000000004;0.0005836799999999999;0.000335872;0.000423936;0.00044646400000000004;0.000490496;0.000538624;0.000421888;0.0002816;0.000335872;0.00029388799999999996;0.00029183999999999997;0.00034304;0.00026623999999999994;0.000356352;0.00030617599999999996;0.000258048
1789985700,hdr,0.0293;0.03906;0.04883;0.05859;0.06836;0.07813;0.08789;0.09766;0.10742;0.11719;0.12695;0.13672;0.14648;0.15625;0.16602;0.17578;0.18555;0.19531;0.20508;0.21484;0.22461;0.23438;0.24414;0.25391;0.26367;0.27344;0.2832;0.29297;0.30273;0.3125;0.32227;0.33203;0.3418;0.35156;0.36133;0.37109;0.38086;0.39063;0.40039;0.41016;0.41992;0.42969;0.43945;0.44922;0.45898;0.46875;0.47852;0.48828;0.49805;0.50781;0.51758;0.52734;0.53711;0.54688;0.55664;0.56641;0.57617;0.58594;0.5957;0.60547;0.61523;0.625;0.63477;0.64453;0.6543;0.66406;0.67383;0.68359;0.69336;0.70313;0.71289;0.72266;0.73242;0.74219;0.75195;0.76172;0.77148;0.78125;0.79102,0.000131072;0.00050688;0.000284672;0.0013557760000000002;0.007067648;0.009417728;0.014309376;0.020895743999999997;0.016634879999999998;0.00896;0.01326592;0.015885312;0.021812224;0.017821696;0.011439104000000002;0.010279936;0.01664512;0.02921984;0.032472064;0.052503551999999995;0.05092352000000001;0.040143872000000004;0.032104447999999994;0.030766079999999998;0.023873536;0.014853120000000001;0.006825984;0.007266304;0.008861696;0.005568511999999999;0.007304192;0.004938752;0.003186688;0.0029798399999999997;0.003576832;0.0033208319999999997;0.002880512;0.0032511999999999997;0.0032;0.0022528;0.002956288;0.001755136;0.0016988160000000001;0.0012523519999999998;0.0012871680000000002;0.0009287680000000001;0.000692224;0.00062464;0.00079872;0.000852992;0.0009349119999999999;0.000831488;0.000877568;0.000592896;0.0008488959999999999;0.0008837120000000001;0.0004986880000000001;0.000324608;0.000393216;0.000712704;0.000740352;0.0005416959999999999;0.0005980159999999999;0.000580608;0.00064;0.0005007359999999999;0.00041984;0.000257024;0.000499712;0.000411648;0.00040243200000000004;0.000380928;0.000279552;0.000318464;0.000391168;0.00030003200000000004;0.000195584;0.000339968;0.0003328
1789986600,hdr,0.0293;0.03906;0.04883;0.05859;0.06836;0.07813;0.08789;0.09766;0.10742;0.11719;0.12695;0.13672;0.14648;0.15625;0.16602;0.17578;0.18555;0.19531;0.20508;0.21484;0.22461;0.23438;0.24414;0.25391;0.26367;0.27344;0.2832;0.29297;0.30273;0.3125;0.32227;0.33203;0.3418;0.35156;0.36133;0.37109;0.38086;0.39063;0.40039;0.41016;0.41992;0.42969;0.43945;0.44922;0.45898;0.46875;0.47852;0.48828;0.49805;0.50781;0.51758;0.52734;0.53711;0.54688;0.55664;0.56641;0.57617;0.58594;0.5957;0.60547;0.61523;0.625;0.63477;0.64453;0.6543;0.66406;0.67383;0.68359;0.69336;0.70313;0.71289;0.72266;0.73242;0.74219;0.75195;0.76172;0.77148;0.78125;0.79102,0.0014796800000000001;0.003733504;0.005810176;0.00246784;0.007375872;0.01700864;0.033540096;0.032065536;0.015039488000000002;0.015970304;0.0188416;0.023314432;0.023932928;0.015007744;0.009009152;0.006994944;0.007981056;0.017467391999999998;0.044780544;0.060244992000000004;0.062150656;0.056640512000000004;0.037613568;0.02811392;0.01297408;0.010471424000000002;0.015791104;0.0114688;0.007609344;0.004968448;0.00316416;0.003782656;0.004600831999999999;0.005256192;0.005101568;0.00326144;0.002555904;0.003130368;0.0021913600000000003;0.001580032;0.001956864;0.001328128;0.0017305600000000001;0.0018432000000000001;0.0013824;0.001403904;0.000764928;0.0006225919999999999;0.000504832;0.00051712;0.000617472;0.0005007359999999999;0.000733184;0.000761856;0.0006830079999999999;0.0007137280000000001;0.000891904;0.0005836799999999999;0.000321536;0.0003072;0.00029798400000000005;0.000330752;0.00032768;0.000256;0.000427008;0.00049664;0.00040345599999999995;0.000429056;0.00029696;0.00036352;0.00029491200000000004;0.000326656;0.000315392;0.000283648;0.00030412799999999997;0.00032768;0.000259072;0.00020992;0.000190464
1789987500,hdr,0.0293;0.03906;0.04883;0.05859;0.06836;0.07813;0.08789;0.09766;0.10742;0.11719;0.12695;0.13672;0.14648;0.15625;0.16602;0.17578;0.18555;0.19531;0.20508;0.21484;0.22461;0.23438;0.24414;0.25391;0.26367;0.27344;0.2832;0.29297;0.30273;0.3125;0.32227;0.33203;0.3418;0.35156;0.36133;0.37109;0.38086;0.39063;0.40039;0.41016;0.41992;0.42969;0.43945;0.44922;0.45898;0.46875;0.47852;0.48828;0.49805;0.50781;0.51758;0.52734;0.53711;0.54688;0.55664;0.56641;0.57617;0.58594;0.5957;0.60547;0.61523;0.625;0.63477;0.64453;0.6543;0.66406;0.67383;0.68359;0.69336;0.70313;0.71289;0.72266;0.73242;0.74219;0.75195;0.76172;0.77148;0.78125;0.79102,0.004041728;0.008900608;0.006623232;0.007035904000000001;0.010707967999999998;0.011053056;0.012959744;0.020660223999999998;0.023365632;0.01511424;0.016001024000000003;0.024492032;0.027872256;0.021011455999999998;0.014551040000000001;0.009048064;0.021006336;0.03595468799999999;0.03388928;0.049526784;0.101947392;0.094972928;0.061946879999999996;0.029282304;0.01695232;0.00951808;0.014552064;0.013821951999999998;0.0070492160000000005;0.005085184;0.005359616;0.00425472;0.002330624;0.003956736;0.003795968;0.0036730879999999997;0.003122176;0.0031139839999999998;0.00310784;0.0025456639999999996;0.002286592;0.001752064;0.001752064;0.001504256;0.0012646399999999998;0.0011284479999999998;0.0014243840000000001;0.001149952;0.000766976;0.000772096;0.000538624;0.000760832;0.00082432;0.0006891520000000001;0.0005816320000000001;0.00061952;0.0006144;0.000420864;0.0007884799999999999;0.000630784;0.0005478400000000001;0.0005713920000000001;0.00065536;0.00041472;0.000401408;0.00029081600000000006;0.000382976;0.00048742400000000003;0.000406528;0.00035430400000000006;0.000420864;0.000269312;0.00028569600000000005;0.000303104;0.000269312;0.000222208;0.000289792;0.000264192;0.00030208000000000004
1789988400,hdr,0.0293;0.03906;0.04883;0.05859;0.06836;0.07813;0.08789;0.09766;0.10742;0.11719;0.12695;0.13672;0.14648;0.15625;0.16602;0.17578;0.18555;0.19531;0.20508;0.21484;0.22461;0.23438;0.24414;0.25391;0.26367;0.27344;0.2832;0.29297;0.30273;0.3125;0.32227;0.33203;0.3418;0.35156;0.36133;0.37109;0.38086;0.39063;0.40039;0.41016;0.41992;0.42969;0.43945;0.44922;0.45898;0.46875;0.47852;0.48828;0.49805;0.50781;0.51758;0.52734;0.53711;0.54688;0.55664;0.56641;0.57617;0.58594;0.5957;0.60547;0.61523;0.625;0.63477;0.64453;0.6543;0.66406;0.67383;0.68359;0.69336;0.70313;0.71289;0.72266;0.73242;0.74219;0.75195;0.76172;0.77148;0.78125;0.79102,0.009253887999999998;0.016454655999999998;0.013310976;0.01262592;0.012478464;0.01696768;0.020279296;0.015384575999999999;0.013518848;0.021624832000000004;0.029429760000000003;0.024058879999999998;0.018996224000000003;0.012782591999999999;0.012080128;0.011344896;0.008246271999999999;0.011035647999999999;0.048330752;0.07746969599999999;0.07679897599999999;0.058333184;0.049629184;0.027229184;0.017893376;0.016454655999999998;0.017321984000000002;0.007868416;0.005661696;0.007380992;0.00784896;0.007259135999999999;0.0058941440000000005;0.003864576;0.0042885119999999995;0.0026234879999999998;0.002542592;0.00306176;0.003406848;0.001922048;0.001927168;0.0030627840000000003;0.00253952;0.001778688;0.001544192;0.001572864;0.001256448;0.000891904;0.000937984;0.0006676480000000001;0.000636928;0.0005959680000000001;0.00068608;0.000736256;0.000692224;0.00059904;0.0005560319999999999;0.0006144;0.000649216;0.000406528;0.000401408;0.00028671999999999997;0.000344064;0.000444416;0.000346112;0.000283648;0.00027648;0.00036864000000000005;0.000412672;0.000452608;0.00023552000000000002;0.000257024;0.00022323200000000002;0.00030412799999999997;0.00029183999999999997;0.00030105599999999996;0.00029696;0.000251904;0.00021401600000000003
1789989300,hdr,0.0293;0.03906;0.04883;0.05859;0.06836;0.07813;0.08789;0.09766;0.10742;0.11719;0.12695;0.13672;0.14648;0.15625;0.16602;0.17578;0.18555;0.19531;0.20508;0.21484;0.22461;0.23438;0.24414;0.25391;0.26367;0.27344;0.2832;0.29297;0.30273;0.3125;0.32227;0.33203;0.3418;0.35156;0.36133;0.37109;0.38086;0.39063;0.40039;0.41016;0.41992;0.42969;0.43945;0.44922;0.45898;0.46875;0.47852;0.48828;0.49805;0.50781;0.51758;0.52734;0.53711;0.54688;0.55664;0.56641;0.57617;0.58594;0.5957;0.60547;0.61523;0.625;0.63477;0.64453;0.6543;0.66406;0.67383;0.68359;0.69336;0.70313;0.71289;0.72266;0.73242;0.74219;0.75195;0.76172;0.77148;0.78125;0.79102,0.009382911999999998;0.01511936;0.011400192000000002;0.011153408000000002;0.01169408;0.016310272;0.029564928;0.023973888;0.024055807999999998;0.021124096000000002;0.0159232;0.018716672;0.020194304;0.018915328;0.011276287999999999;0.010098688;0.015126528;0.020177920000000002;0.048544767999999995;0.062457856;0.045642752;0.035313664;0.026945536;0.027841536;0.021485568;0.021588992;0.008546304;0.009244671999999999;0.007942144;0.006782976;0.003912704;0.008119296;0.011634688;0.006631424;0.003119104;0.002028544;0.002143232;0.001874944;0.001830912;0.002067456;0.0025917439999999996;0.002279424;0.001721344;0.0016087039999999999;0.0016773119999999998;0.0017018880000000001;0.001466368;0.0012707839999999998;0.001309696;0.001027072;0.001088512;0.001276928;0.0022599680000000002;0.001352704;0.0014827520000000002;0.001534976;0.000805888;0.000754688;0.0008622079999999999;0.0014233599999999998;0.0021606399999999997;0.0023807999999999998;0.0012748800000000002;0.000658432;0.0009984;0.001016832;0.000690176;0.000576512;0.0004956159999999999;0.000386048;0.00039628799999999996;0.000248832;0.00028774400000000004;0.000279552;0.0001792;0.00027136;0.00030003200000000004;0.000226304;0.00020992
1789990200,hdr,0.0293;0.03906;0.04883;0.05859;0.06836;0.07813;0.08789;0.09766;0.10742;0.11719;0.12695;0.13672;0.14648;0.15625;0.16602;0.17578;0.18555;0.19531;0.20508;0.21484;0.22461;0.23438;0.24414;0.25391;0.26367;0.27344;0.2832;0.29297;0.30273;0.3125;0.32227;0.33203;0.3418;0.35156;0.36133;0.37109;0.38086;0.39063;0.40039;0.41016;0.41992;0.42969;0.43945;0.44922;0.45898;0.46875;0.47852;0.48828;0.49805;0.50781;0.51758;0.52734;0.53711;0.54688;0.55664;0.56641;0.57617;0.58594;0.5957;0.60547;0.61523;0.625;0.63477;0.64453;0.6543;0.66406;0.67383;0.68359;0.69336;0.70313;0.71289;0.72266;0.73242;0.74219;0.75195;0.76172;0.77148;0.78125;0.79102,0.005879808;0.01350144;0.015478783999999999;0.004765696;0.014748671999999999;0.014452735999999999;0.025381888;0.027748352;0.018820095999999998;0.018920448;0.022157312000000002;0.020401152;0.016279552;0.012934144;0.009430016;0.013628415999999999;0.021803008;0.037074944000000006;0.075604992;0.100864;0.07230464;0.042980352000000006;0.055803904;0.034491392;0.020952064;0.01530368;0.009157631999999999;0.010768384;0.006078464;0.004205568;0.005439488;0.0029184000000000002;0.0010608640000000001;0.002427904;0.002127872;0.002249728;0.003393536;0.004633600000000001;0.0025835520000000002;0.001096704;0.001978368;0.0027453439999999994;0.00252416;0.001513472;0.00149504;0.00134144;0.0011786239999999999;0.0010813440000000001;0.00084992;0.0009625599999999999;0.000807936;0.0009359360000000001;0.000647168;0.000507904;0.000548864;0.00063488;0.000907264;0.000692224;0.000714752;0.000702464;0.0007086080000000001;0.000661504;0.000768;0.0005724160000000001;0.000453632;0.00040243200000000004;0.000390144;0.000329728;0.00029696;0.00041472;0.00039731200000000003;0.000448512;0.000386048;0.00034816000000000003;0.000406528;0.00028569600000000005;0.000188416;0.00026112;0.000280576
1789991100,hdr,0.0293;0.03906;0.04883;0.05859;0.06836;0.07813;0.08789;0.09766;0.10742;0.11719;0.12695;0.13672;0.14648;0.15625;0.16602;0.17578;0.18555;0.19531;0.20508;0.21484;0.22461;0.23438;0.24414;0.25391;0.26367;0.27344;0.2832;0.29297;0.30273;0.3125;0.32227;0.33203;0.3418;0.35156;0.36133;0.37109;0.38086;0.39063;0.40039;0.41016;0.41992;0.42969;0.43945;0.44922;0.45898;0.46875;0.47852;0.48828;0.49805;0.50781;0.51758;0.52734;0.53711;0.54688;0.55664;0.56641;0.57617;0.58594;0.5957;0.60547;0.61523;0.625;0.63477;0.64453;0.6543;0.66406;0.67383;0.68359;0.69336;0.70313;0.71289;0.72266;0.73242;0.74219;0.75195;0.76172;0.77148;0.78125;0.79102,0.006498304;0.006252544;0.0026009600000000003;0.0041564160000000005;0.0039424;0.012807168;0.033139712;0.025084928;0.011315200000000001;0.019889151999999997;0.024357887999999998;0.016137216;0.024958975999999997;0.020401152;0.013785088;0.014128128;0.024022016;0.045908991999999996;0.056326144;0.07592959999999999;0.067182592;0.046539776000000005;0.03373056;0.026565632000000002;0.01851904;0.015326208;0.010927104;0.007453696;0.007018496;0.005024768;0.00407552;0.0032276479999999996;0.002188288;0.002571264;0.0030300159999999995;0.0029419520000000003;0.0025108480000000004;0.002409472;0.0027729919999999997;0.0018237440000000002;0.001729536;0.001870848;0.00131584;0.001084416;0.0015656959999999999;0.0019169279999999998;0.0012728319999999998;0.0008663039999999999;0.0012441599999999998;0.000966656;0.000842752;0.0009021439999999999;0.001385472;0.0015513600000000001;0.0009461760000000001;0.001071104;0.001087488;0.000891904;0.0010455039999999998;0.000518144;0.000499712;0.000672768;0.0005601279999999999;0.0005888;0.00045056;0.0005734399999999999;0.0006676480000000001;0.00039423999999999997;0.00042803200000000007;0.00035532799999999997;0.00041062399999999995;0.00045056;0.00037785600000000004;0.00029696;0.000226304;0.000188416;0.000156672;0.00017100799999999997;0.00020992
1789992000,hdr,0.0293;0.03906;0.04883;0.05859;0.06836;0.07813;0.08789;0.09766;0.10742;0.11719;0.12695;0.13672;0.14648;0.15625;0.16602;0.17578;0.18555;0.19531;0.20508;0.21484;0.22461;0.23438;0.24414;0.25391;0.26367;0.27344;0.2832;0.29297;0.30273;0.3125;0.32227;0.33203;0.3418;0.35156;0.36133;0.37109;0.38086;0.39063;0.40039;0.41016;0.41992;0.42969;0.43945;0.44922;0.45898;0.46875;0.47852;0.48828;0.49805;0.50781;0.51758;0.52734;0.53711;0.54688;0.55664;0.56641;0.57617;0.58594;0.5957;0.60547;0.61523;0.625;0.63477;0.64453;0.6543;0.66406;0.67383;0.68359;0.69336;0.70313;0.71289;0.72266;0.73242;0.74219;0.75195;0.76172;0.77148;0.78125;0.79102,0.002921472;0.0071065600000000005;0.007205888;0.0020930559999999994;0.004172799999999999;0.010585088000000001;0.015742976000000002;0.017970176;0.020869119999999998;0.027741184000000002;0.025719808;0.034639871999999995;0.019280895999999995;0.012776448000000001;0.01792512;0.016287744;0.020343808;0.037487616;0.077325312;0.059933695999999995;0.052216832;0.039168;0.029340672;0.019324927999999998;0.01220608;0.0105728;0.008950784;0.009612287999999998;0.008950784;0.005636096;0.004948991999999999;0.002952192;0.002859008;0.003683328;0.004804608;0.0037949439999999997;0.003002368;0.0031334399999999995;0.0019886079999999998;0.001475584;0.001603584;0.002148352;0.001964032;0.000879616;0.000753664;0.001256448;0.001393664;0.0014110720000000002;0.001696768;0.001289216;0.000923648;0.001036288;0.001129472;0.0010936319999999998;0.001439744;0.0018288640000000001;0.001212416;0.0009984;0.000782336;0.00054272;0.000490496;0.000646144;0.000376832;0.000406528;0.000518144;0.000461824;0.000395264;0.000308224;0.00030208000000000004;0.000278528;0.000131072;0.000126976;0.000195584;0.000264192;0.00021913599999999998;0.000242688;0.00026623999999999994;0.00030003200000000004;0.000206848
1789992900,hdr,0.0293;0.03906;0.04883;0.05859;0.06836;0.07813;0.08789;0.09766;0.10742;0.11719;0.12695;0.13672;0.14648;0.15625;0.16602;0.17578;0.18555;0.19531;0.20508;0.21484;0.22461;0.23438;0.24414;0.25391;0.26367;0.27344;0.2832;0.29297;0.30273;0.3125;0.32227;0.33203;0.3418;0.35156;0.36133;0.37109;0.38086;0.39063;0.40039;0.41016;0.41992;0.42969;0.43945;0.44922;0.45898;0.46875;0.47852;0.48828;0.49805;0.50781;0.51758;0.52734;0.53711;0.54688;0.55664;0.56641;0.57617;0.58594;0.5957;0.60547;0.61523;0.625;0.63477;0.64453;0.6543;0.66406;0.67383;0.68359;0.69336;0.70313;0.71289;0.72266;0.73242;0.74219;0.75195;0.76172;0.77148;0.78125;0.79102,0.00249856;0.008713216;0.004719616;0.004796416;0.009520128000000001;0.009570304;0.016105472;0.018942976000000004;0.022216704;0.016889856;0.019151872;0.020785152;0.016506879999999998;0.020952064;0.020230144;0.009224192;0.0178688;0.04755968;0.067697664;0.05496832;0.065235968;0.04850176;0.034235391999999996;0.02246144;0.013963264000000001;0.009769983999999999;0.007184384;0.008407040000000001;0.01018368;0.0092416;0.006497279999999999;0.00493568;0.004907008;0.004799488;0.002807808;0.002445312;0.0024494079999999997;0.00198656;0.001409024;0.001000448;0.00137728;0.0018155520000000002;0.001618944;0.001108992;0.0012072959999999998;0.001400832;0.001429504;0.0012113920000000002;0.001226752;0.0011366400000000002;0.0009144320000000001;0.000674816;0.001074176;0.0010496000000000001;0.000652288;0.000687104;0.000623616;0.000528384;0.00046796800000000003;0.00047820800000000004;0.0005642239999999999;0.000516096;0.000413696;0.0005980159999999999;0.000492544;0.000313344;0.00047308800000000003;0.0005734399999999999;0.00046796800000000003;0.000325632;0.00042496;0.000441344;0.000253952;0.000331776;0.000386048;0.00033382400000000003;0.000252928;0.000272384;0.000418816
1789993800,hdr,0.0293;0.03906;0.04883;0.05859;0.06836;0.07813;0.08789;0.09766;0.10742;0.11719;0.12695;0.13672;0.14648;0.15625;0.16602;0.17578;0.18555;0.19531;0.20508;0.21484;0.22461;0.23438;0.24414;0.25391;0.26367;0.27344;0.2832;0.29297;0.30273;0.3125;0.32227;0.33203;0.3418;0.35156;0.36133;0.37109;0.38086;0.39063;0.40039;0.41016;0.41992;0.42969;0.43945;0.44922;0.45898;0.46875;0.47852;0.48828;0.49805;0.50781;0.51758;0.52734;0.53711;0.54688;0.55664;0.56641;0.57617;0.58594;0.5957;0.60547;0.61523;0.625;0.63477;0.64453;0.6543;0.66406;0.67383;0.68359;0.69336;0.70313;0.71289;0.72266;0.73242;0.74219;0.75195;0.76172;0.77148;0.78125;0.79102,0.002019328;0.00239104;0.006449152;0.008889343999999999;0.008156159999999999;0.018425856;0.019439616000000003;0.017150976;0.02130944;0.017117184;0.011367424;0.010800128;0.015640576;0.01900032;0.01700352;0.014370815999999998;0.01536;0.029818880000000002;0.041978879999999996;0.050668543999999996;0.053931008;0.028495872;0.024155135999999997;0.029714431999999995;0.01731072;0.01221632;0.009841663999999998;0.0090368;0.007849984;0.00610816;0.003591168;0.005536768;0.0045875199999999994;0.004585472000000001;0.004102144;0.002250752;0.0028753920000000005;0.003288064;0.001757184;0.001527808;0.001273856;0.001380352;0.0012912639999999999;0.0013404159999999999;0.000950272;0.0010833919999999999;0.00110592;0.0009205759999999999;0.0009605120000000001;0.000782336;0.001086464;0.000668672;0.001301504;0.001333248;0.0007833599999999999;0.000642048;0.000538624;0.0006676480000000001;0.000679936;0.00064;0.000766976;0.000907264;0.0005713920000000001;0.00044032;0.000313344;0.000538624;0.000485376;0.00027340799999999994;0.000320512;0.000520192;0.00046796800000000003;0.000264192;0.000256;0.000400384;0.000448512;0.000411648;0.000303104;0.000257024;0.00023961599999999998
1789994700,hdr,0.0293;0.03906;0.04883;0.05859;0.06836;0.07813;0.08789;0.09766;0.10742;0.11719;0.12695;0.13672;0.14648;0.15625;0.16602;0.17578;0.18555;0.19531;0.20508;0.21484;0.22461;0.23438;0.24414;0.25391;0.26367;0.27344;0.2832;0.29297;0.30273;0.3125;0.32227;0.33203;0.3418;0.35156;0.36133;0.37109;0.38086;0.39063;0.40039;0.41016;0.41992;0.42969;0.43945;0.44922;0.45898;0.46875;0.47852;0.48828;0.49805;0.50781;0.51758;0.52734;0.53711;0.54688;0.55664;0.56641;0.57617;0.58594;0.5957;0.60547;0.61523;0.625;0.63477;0.64453;0.6543;0.66406;0.67383;0.68359;0.69336;0.70313;0.71289;0.72266;0.73242;0.74219;0.75195;0.76172;0.77148;0.78125;0.79102,0.005932032;0.011379712;0.011255808;0.011965439999999999;0.015330304;0.016253952000000002;0.029689856;0.025888768;0.023345151999999997;0.016760832000000003;0.019736576000000002;0.019994624000000003;0.015384575999999999;0.016749568;0.021698560000000002;0.01890816;0.023662592;0.020474879999999997;0.0464128;0.07881216;0.05647872;0.062443519999999995;0.041456639999999996;0.030752768;0.025952255999999996;0.008936448;0.006721536;0.0063774719999999995;0.00562176;0.005146624;0.005054464;0.00564736;0.006242304;0.003648512;0.003144704;0.0026941440000000003;0.003658752;0.005112832;0.004046848;0.002284544;0.002233344;0.002192384;0.0030535679999999996;0.0024391680000000002;0.001353728;0.0011212799999999999;0.0009543679999999999;0.0010762240000000002;0.001089536;0.000816128;0.001087488;0.001052672;0.0009574399999999999;0.001212416;0.0009717759999999999;0.001634304;0.002084864;0.0013680639999999998;0.001009664;0.00034099200000000003;0.000401408;0.000525312;0.0006993920000000001;0.000631808;0.0008652800000000001;0.000780288;0.00047820800000000004;0.000456704;0.00054272;0.000439296;0.00023552000000000002;0.000188416;0.00016896;0.000178176;0.00023244799999999998;0.000321536;0.00032256;0.000346112;0.00036966399999999996
1789995600,hdr,0.0293;0.03906;0.04883;0.05859;0.06836;0.07813;0.08789;0.09766;0.10742;0.11719;0.12695;0.13672;0.14648;0.15625;0.16602;0.17578;0.18555;0.19531;0.20508;0.21484;0.22461;0.23438;0.24414;0.25391;0.26367;0.27344;0.2832;0.29297;0.30273;0.3125;0.32227;0.33203;0.3418;0.35156;0.36133;0.37109;0.38086;0.39063;0.40039;0.41016;0.41992;0.42969;0.43945;0.44922;0.45898;0.46875;0.47852;0.48828;0.49805;0.50781;0.51758;0.52734;0.53711;0.54688;0.55664;0.56641;0.57617;0.58594;0.5957;0.60547;0.61523;0.625;0.63477;0.64453;0.6543;0.66406;0.67383;0.68359;0.69336;0.70313;0.71289;0.72266;0.73242;0.74219;0.75195;0.76172;0.77148;0.78125;0.79102,0.004395008;0.004096;0.004154367999999999;0.006591488;0.016804864;0.014944256;0.00811008;0.013144064;0.017551360000000002;0.016346112;0.014376960000000001;0.011118591999999998;0.013814784;0.018743296000000003;0.015430656000000001;0.012680192;0.012068864;0.032556032000000006;0.06773452799999999;0.072413184;0.064789504;0.057105407999999996;0.046902272;0.027312128;0.025193472;0.01970176;0.01045504;0.009091072;0.006301696;0.00668672;0.00489472;0.004173824;0.0034979840000000004;0.002729984;0.0028692479999999996;0.003105792;0.0023470080000000003;0.002045952;0.0021370879999999997;0.001371136;0.0013352960000000001;0.00159744;0.001467392;0.00119808;0.001011712;0.0009758719999999999;0.0011407359999999998;0.000919552;0.0012042239999999998;0.001297408;0.0011755519999999998;0.001055744;0.000990208;0.000723968;0.0008622079999999999;0.0005683200000000001;0.00044339199999999997;0.00036966399999999996;0.000700416;0.000744448;0.00046796800000000003;0.00044544;0.000452608;0.0004986880000000001;0.00062464;0.00040243200000000004;0.000288768;0.00037785600000000004;0.00037376;0.00031744;0.00033689599999999994;0.000267264;0.00018432000000000002;0.000249856;0.00023654400000000002;0.0002816;0.000277504;0.00025497599999999997;0.000253952
1789996500,hdr,0.0293;0.03906;0.04883;0.05859;0.06836;0.07813;0.08789;0.09766;0.10742;0.11719;0.12695;0.13672;0.14648;0.15625;0.16602;0.17578;0.18555;0.19531;0.20508;0.21484;0.22461;0.23438;0.24414;0.25391;0.26367;0.27344;0.2832;0.29297;0.30273;0.3125;0.32227;0.33203;0.3418;0.35156;0.36133;0.37109;0.38086;0.39063;0.40039;0.41016;0.41992;0.42969;0.43945;0.44922;0.45898;0.46875;0.47852;0.48828;0.49805;0.50781;0.51758;0.52734;0.53711;0.54688;0.55664;0.56641;0.57617;0.58594;0.5957;0.60547;0.61523;0.625;0.63477;0.64453;0.6543;0.66406;0.67383;0.68359;0.69336;0.70313;0.71289;0.72266;0.73242;0.74219;0.75195;0.76172;0.77148;0.78125;0.79102,0.001523712;0.00638976;0.008145920000000001;0.0033372160000000005;0.009803776;0.019668992;0.030397439999999998;0.027973632;0.026755072;0.014920704000000002;0.014064640000000002;0.01647616;0.015347712;0.017984511999999998;0.022144;0.021528576;0.021065728;0.021796864;0.042960896;0.049273856;0.053123072;0.047581184;0.042246144;0.03305676799999999;0.018177023999999996;0.020728832000000003;0.013974528;0.014736384;0.006859776;0.006547456;0.005858304;0.004416512;0.0041564160000000005;0.0054558720000000005;0.003463168;0.0026705920000000003;0.0026327039999999996;0.001736704;0.0017121280000000003;0.0012032;0.001803264;0.001666048;0.0014028799999999998;0.000817152;0.00072704;0.000698368;0.000649216;0.0008601600000000001;0.000768;0.000893952;0.001009664;0.001257472;0.0009144320000000001;0.000641024;0.000516096;0.000398336;0.000434176;0.0005836799999999999;0.0007106559999999999;0.00070656;0.0005877759999999999;0.0005816320000000001;0.00042598399999999997;0.00033792;0.0005683200000000001;0.0005621760000000001;0.00030208000000000004;0.000381952;0.000325632;0.000318464;0.000329728;0.000318464;0.00041676800000000003;0.000331776;0.00023040000000000002;0.00021401600000000003;0.000222208;0.0003072;0.00033792
1789997400,hdr,0.0293;0.03906;0.04883;0.05859;0.06836;0.07813;0.08789;0.09766;0.10742;0.11719;0.12695;0.13672;0.14648;0.15625;0.16602;0.17578;0.18555;0.19531;0.20508;0.21484;0.22461;0.23438;0.24414;0.25391;0.26367;0.27344;0.2832;0.29297;0.30273;0.3125;0.32227;0.33203;0.3418;0.35156;0.36133;0.37109;0.38086;0.39063;0.40039;0.41016;0.41992;0.42969;0.43945;0.44922;0.45898;0.46875;0.47852;0.48828;0.49805;0.50781;0.51758;0.52734;0.53711;0.54688;0.55664;0.56641;0.57617;0.58594;0.5957;0.60547;0.61523;0.625;0.63477;0.64453;0.6543;0.66406;0.67383;0.68359;0.69336;0.70313;0.71289;0.72266;0.73242;0.74219;0.75195;0.76172;0.77148;0.78125;0.79102,0.0077568;0.01359872;0.014932992;0.01065472;0.009450496;0.005106688;0.006534144;0.027648;0.030826496;0.016780288;0.01018368;0.015986688;0.021221376;0.020648959999999997;0.017175552;0.023804928;0.016894976;0.037706752;0.070235136;0.076752896;0.046132224;0.059009024;0.05087948800000001;0.029336576;0.018002944;0.011686912;0.012882944;0.010701824;0.009125887999999999;0.004396032;0.005610496;0.005978112;0.003652608;0.0040519679999999995;0.0033546239999999996;0.003603456;0.003206144;0.002184192;0.001738752;0.001466368;0.0018012159999999998;0.0018882559999999998;0.00177152;0.0013690880000000003;0.0011407359999999998;0.00097792;0.0008151040000000001;0.00047718399999999996;0.000918528;0.00054272;0.0006154239999999999;0.000818176;0.000770048;0.0005478400000000001;0.000782336;0.000766976;0.000664576;0.000610304;0.0006184960000000001;0.0005847039999999999;0.0006932479999999999;0.0005724160000000001;0.000559104;0.000451584;0.000159744;0.000489472;0.00039731200000000003;0.00026112;0.000264192;0.00036352;0.000325632;0.00029286400000000005;0.000347136;0.000275456;0.000316416;0.00031232;0.000248832;0.000226304;0.00021913599999999998
1789998300,hdr,0.0293;0.03906;0.04883;0.05859;0.06836;0.07813;0.08789;0.09766;0.10742;0.11719;0.12695;0.13672;0.14648;0.15625;0.16602;0.17578;0.18555;0.19531;0.20508;0.21484;0.22461;0.23438;0.24414;0.25391;0.26367;0.27344;0.2832;0.29297;0.30273;0.3125;0.32227;0.33203;0.3418;0.35156;0.36133;0.37109;0.38086;0.39063;0.40039;0.41016;0.41992;0.42969;0.43945;0.44922;0.45898;0.46875;0.47852;0.48828;0.49805;0.50781;0.51758;0.52734;0.53711;0.54688;0.55664;0.56641;0.57617;0.58594;0.5957;0.60547;0.61523;0.625;0.63477;0.64453;0.6543;0.66406;0.67383;0.68359;0.69336;0.70313;0.71289;0.72266;0.73242;0.74219;0.75195;0.76172;0.77148;0.78125;0.79102,0.00097792;0.004155392;0.004896768;0.009884672;0.017895424;0.014206975999999998;0.014899200000000001;0.014734336;0.01178624;0.010379264;0.010380288;0.01148416;0.017292288;0.017892352;0.021728255999999998;0.018864128;0.016659456;0.024792064;0.047171584;0.101271552;0.076577792;0.057096192000000004;0.040298495999999996;0.026916864000000002;0.021901312000000003;0.0076288;0.014732288;0.010548224;0.004990975999999999;0.005262336;0.005890048;0.00485376;0.005614592;0.002315264;0.0032020480000000003;0.003521536;0.001528832;0.0017858560000000002;0.002630656;0.002249728;0.001132544;0.0011673599999999999;0.0012359679999999998;0.0013987840000000001;0.001353728;0.001429504;0.00135168;0.00119296;0.000610304;0.000662528;0.0007219199999999999;0.0006184960000000001;0.00081408;0.000826368;0.000905216;0.00048025600000000003;0.000623616;0.0006912;0.0005980159999999999;0.00041472;0.000607232;0.000601088;0.00035430400000000006;0.000282624;0.000420864;0.000569344;0.000393216;0.00026623999999999994;0.000315392;0.000280576;0.000386048;0.000384;0.00013824;0.00019968;0.00034304;0.00030003200000000004;0.000206848;0.00013311999999999997;0.00020275199999999997
1789999200,hdr,0.0293;0.03906;0.04883;0.05859;0.06836;0.07813;0.08789;0.09766;0.10742;0.11719;0.12695;0.13672;0.14648;0.15625;0.16602;0.17578;0.18555;0.19531;0.20508;0.21484;0.22461;0.23438;0.24414;0.25391;0.26367;0.27344;0.2832;0.29297;0.30273;0.3125;0.32227;0.33203;0.3418;0.35156;0.36133;0.37109;0.38086;0.39063;0.40039;0.41016;0.41992;0.42969;0.43945;0.44922;0.45898;0.46875;0.47852;0.48828;0.49805;0.50781;0.51758;0.52734;0.53711;0.54688;0.55664;0.56641;0.57617;0.58594;0.5957;0.60547;0.61523;0.625;0.63477;0.64453;0.6543;0.66406;0.67383;0.68359;0.69336;0.70313;0.71289;0.72266;0.73242;0.74219;0.75195;0.76172;0.77148;0.78125;0.79102,0.005403648;0.008282112;0.008052736;0.004412416;0.015123455999999999;0.012378111999999998;0.024614912;0.026303488;0.019436544;0.020033536;0.010702848;0.009315328;0.012566528;0.021996544000000003;0.029474815999999997;0.026934272000000002;0.025352192;0.045883392;0.065519616;0.07321190400000001;0.08171724799999999;0.066228224;0.041017344000000004;0.028480512000000003;0.018988032;0.014188543999999999;0.012349439999999998;0.008711168000000002;0.009622528;0.007268352;0.003898368;0.004877312;0.006132736000000001;0.00433664;0.002409472;0.0020172799999999998;0.0026900479999999996;0.0029716480000000003;0.00292352;0.002970624;0.0021442559999999998;0.001477632;0.00118272;0.0015697920000000002;0.00123392;0.0012165119999999999;0.00101888;0.0010199039999999999;0.000533504;0.000897024;0.000812032;0.0007219199999999999;0.000879616;0.0009359360000000001;0.001058816;0.000760832;0.0005007359999999999;0.00044339199999999997;0.0005857280000000001;0.000756736;0.000592896;0.000623616;0.000632832;0.0009482239999999999;0.0012707839999999998;0.00096768;0.000879616;0.000881664;0.000576512;0.00049664;0.00040960000000000004;0.00046284799999999997;0.00046489599999999996;0.000442368;0.000503808;0.00029798400000000005;0.00023859199999999998;0.00023142399999999999;0.000252928
1790000100,hdr,0.0293;0.03906;0.04883;0.05859;0.06836;0.07813;0.08789;0.09766;0.10742;0.11719;0.12695;0.13672;0.14648;0.15625;0.16602;0.17578;0.18555;0.19531;0.20508;0.21484;0.22461;0.23438;0.24414;0.25391;0.26367;0.27344;0.2832;0.29297;0.30273;0.3125;0.32227;0.33203;0.3418;0.35156;0.36133;0.37109;0.38086;0.39063;0.40039;0.41016;0.41992;0.42969;0.43945;0.44922;0.45898;0.46875;0.47852;0.48828;0.49805;0.50781;0.51758;0.52734;0.53711;0.54688;0.55664;0.56641;0.57617;0.58594;0.5957;0.60547;0.61523;0.625;0.63477;0.64453;0.6543;0.66406;0.67383;0.68359;0.69336;0.70313;0.71289;0.72266;0.73242;0.74219;0.75195;0.76172;0.77148;0.78125;0.79102,0.0041564160000000005;0.009509888000000001;0.0084992;0.008835072;0.011196415999999999;0.012370944;0.025522176000000004;0.028186624;0.022136832;0.00820224;0.01156608;0.012122111999999999;0.011951104;0.014546944;0.022700032;0.04447232000000001;0.042730496;0.034572288;0.051490816;0.094674944;0.08885760000000001;0.060321792;0.051854336;0.027123712;0.016319488;0.017286144;0.014635008;0.008971264;0.008639487999999999;0.006745088;0.004552704;0.0047636480000000005;0.003526656;0.003221504;0.00311296;0.0020183040000000003;0.0016988160000000001;0.001924096;0.002660352;0.001898496;0.002469888;0.002791424;0.0017684480000000002;0.0014745600000000002;0.00118272;0.000987136;0.0007086080000000001;0.001242112;0.001077248;0.0006676480000000001;0.00046796800000000003;0.000688128;0.00067072;0.0005560319999999999;0.000638976;0.000576512;0.000621568;0.000577536;0.000577536;0.000449536;0.000601088;0.000567296;0.000461824;0.000385024;0.000590848;0.00057856;0.000528384;0.00041062399999999995;0.000525312;0.000390144;0.00030003200000000004;0.000315392;0.00035942400000000006;0.00024576000000000003;0.000329728;0.00040755200000000004;0.00036454399999999996;0.000207872;0.00018124799999999998
1790001000,hdr,0.0293;0.03906;0.04883;0.05859;0.06836;0.07813;0.08789;0.09766;0.10742;0.11719;0.12695;0.13672;0.14648;0.15625;0.16602;0.17578;0.18555;0.19531;0.20508;0.21484;0.22461;0.23438;0.24414;0.25391;0.26367;0.27344;0.2832;0.29297;0.30273;0.3125;0.32227;0.33203;0.3418;0.35156;0.36133;0.37109;0.38086;0.39063;0.40039;0.41016;0.41992;0.42969;0.43945;0.44922;0.45898;0.46875;0.47852;0.48828;0.49805;0.50781;0.51758;0.52734;0.53711;0.54688;0.55664;0.56641;0.57617;0.58594;0.5957;0.60547;0.61523;0.625;0.63477;0.64453;0.6543;0.66406;0.67383;0.68359;0.69336;0.70313;0.71289;0.72266;0.73242;0.74219;0.75195;0.76172;0.77148;0.78125;0.79102,0.003864576;0.007988224;0.008066048000000001;0.0074874880000000005;0.009629696;0.019376128;0.019652608;0.019477504;0.024406016;0.020532223999999998;0.016805887999999998;0.011817983999999998;0.017641472000000002;0.022479871999999998;0.030185472;0.034277376;0.033437696;0.049938432;0.059109376;0.088000512;0.09869516799999999;0.05814169600000001;0.039360512;0.038250496;0.022638592;0.01527808;0.017436672000000004;0.012493824;0.009134080000000001;0.00797696;0.00536576;0.00567808;0.004783103999999999;0.0041809920000000006;0.004037632;0.003063808;0.0020838399999999996;0.001983488;0.001929216;0.003100672;0.0030033919999999997;0.0016670720000000001;0.001639424;0.0012165119999999999;0.0014827520000000002;0.0018432000000000001;0.001696768;0.001281024;0.001106944;0.001504256;0.0008509440000000001;0.0013404159999999999;0.00113152;0.00111104;0.00099328;0.0009768959999999999;0.001282048;0.000748544;0.0013148160000000001;0.0010762240000000002;0.0006154239999999999;0.0008366080000000001;0.0008325120000000001;0.0005683200000000001;0.000661504;0.000565248;0.000910336;0.000840704;0.000412672;0.000366592;0.000603136;0.000456704;0.000350208;0.000319488;0.000349184;0.00046796800000000003;0.00046489599999999996;0.00047206399999999996;0.00046489599999999996
1790001900,hdr,0.0293;0.03906;0.04883;0.05859;0.06836;0.07813;0.08789;0.09766;0.10742;0.11719;0.12695;0.13672;0.14648;0.15625;0.16602;0.17578;0.18555;0.19531;0.20508;0.21484;0.22461;0.23438;0.24414;0.25391;0.26367;0.27344;0.2832;0.29297;0.30273;0.3125;0.32227;0.33203;0.3418;0.35156;0.36133;0.37109;0.38086;0.39063;0.40039;0.41016;0.41992;0.42969;0.43945;0.44922;0.45898;0.46875;0.47852;0.48828;0.49805;0.50781;0.51758;0.52734;0.53711;0.54688;0.55664;0.56641;0.57617;0.58594;0.5957;0.60547;0.61523;0.625;0.63477;0.64453;0.6543;0.66406;0.67383;0.68359;0.69336;0.70313;0.71289;0.72266;0.73242;0.74219;0.75195;0.76172;0.77148;0.78125;0.79102,0.0035717120000000003;0.004839424;0.003357696;0.003900416;0.003023872;0.005692416;0.01399296;0.01599488;0.014830591999999998;0.021808128;0.012961792000000001;0.006970367999999999;0.008515584000000001;0.025444352;0.062063616;0.047056896;0.034443263999999994;0.042534911999999994;0.062833664;0.074496;0.063292416;0.049627135999999995;0.031174656;0.020729856000000005;0.016059392;0.01273856;0.012739584;0.01175552;0.00983552;0.006731776;0.00599552;0.005105663999999999;0.004226048;0.004870144;0.0040294400000000005;0.00272384;0.0019148799999999999;0.002051072;0.0023838720000000004;0.001864704;0.001373184;0.001878016;0.0013547519999999999;0.001681408;0.001221632;0.0016148479999999999;0.00144896;0.000979968;0.001447936;0.0016128;0.0008765439999999999;0.001058816;0.0012451839999999999;0.000841728;0.0007495679999999999;0.0006021119999999999;0.0006778880000000001;0.0009461760000000001;0.001475584;0.001130496;0.0011007999999999999;0.00117248;0.000744448;0.00048742400000000003;0.000463872;0.0007372800000000001;0.0006850560000000001;0.00072704;0.000452608;0.000380928;0.00032768;0.000380928;0.00035328;0.0005816320000000001;0.00030208000000000004;0.000241664;0.000413696;0.000494592;0.00043315199999999996
1790002800,hdr,0.0293;0.03906;0.04883;0.05859;0.06836;0.07813;0.08789;0.09766;0.10742;0.11719;0.12695;0.13672;0.14648;0.15625;0.16602;0.17578;0.18555;0.19531;0.20508;0.21484;0.22461;0.23438;0.24414;0.25391;0.26367;0.27344;0.2832;0.29297;0.30273;0.3125;0.32227;0.33203;0.3418;0.35156;0.36133;0.37109;0.38086;0.39063;0.40039;0.41016;0.41992;0.42969;0.43945;0.44922;0.45898;0.46875;0.47852;0.48828;0.49805;0.50781;0.51758;0.52734;0.53711;0.54688;0.55664;0.56641;0.57617;0.58594;0.5957;0.60547;0.61523;0.625;0.63477;0.64453;0.6543;0.66406;0.67383;0.68359;0.69336;0.70313;0.71289;0.72266;0.73242;0.74219;0.75195;0.76172;0.77148;0.78125;0.79102,0.00107008;0.003914752;0.003815424;0.00303104;0.009050112;0.010681343999999999;0.021147648;0.018633728000000002;0.018422784;0.016192512;0.007968768;0.011070464;0.011646976;0.016713728;0.029540352;0.048786432;0.070094848;0.09083596799999999;0.048063487999999994;0.05015552;0.076362752;0.058415104;0.037203968000000004;0.039459839999999996;0.024462335999999998;0.015281152;0.008713216;0.008773632;0.010360832;0.011705344000000001;0.008910848;0.008627200000000002;0.005581824000000001;0.00305664;0.002588672;0.0028600319999999998;0.002072576;0.002674688;0.002564096;0.001700864;0.002111488;0.0012154879999999998;0.0008366080000000001;0.00145408;0.001308672;0.00185856;0.001905664;0.0011970559999999997;0.001404928;0.00170496;0.001931264;0.0013404159999999999;0.001125376;0.00117248;0.000894976;0.001364992;0.001502208;0.001225728;0.0007495679999999999;0.000949248;0.0008048640000000001;0.000526336;0.0006963200000000001;0.00090624;0.000559104;0.00032256;0.00047820800000000004;0.0005816320000000001;0.00040550399999999994;0.000524288;0.000658432;0.000492544;0.0006604799999999999;0.000651264;0.000497664;0.00032870400000000003;0.000234496;0.00027033600000000004;0.000228352
1790003700,hdr,0.0293;0.03906;0.04883;0.05859;0.06836;0.07813;0.08789;0.09766;0.10742;0.11719;0.12695;0.13672;0.14648;0.15625;0.16602;0.17578;0.18555;0.19531;0.20508;0.21484;0.22461;0.23438;0.24414;0.25391;0.26367;0.27344;0.2832;0.29297;0.30273;0.3125;0.32227;0.33203;0.3418;0.35156;0.36133;0.37109;0.38086;0.39063;0.40039;0.41016;0.41992;0.42969;0.43945;0.44922;0.45898;0.46875;0.47852;0.48828;0.49805;0.50781;0.51758;0.52734;0.53711;0.54688;0.55664;0.56641;0.57617;0.58594;0.5957;0.60547;0.61523;0.625;0.63477;0.64453;0.6543;0.66406;0.67383;0.68359;0.69336;0.70313;0.71289;0.72266;0.73242;0.74219;0.75195;0.76172;0.77148;0.78125;0.79102,0.008792064;0.011231232;0.01191424;0.009102335999999999;0.012119040000000001;0.012775423999999999;0.030981119999999997;0.039737343999999994;0.04543897599999999;0.022344704;0.010729472;0.011087872;0.019876864;0.026761216;0.03217408;0.04453068799999999;0.046097408000000006;0.07908351999999999;0.08718233600000001;0.06921113599999999;0.061091839999999994;0.053891072;0.0489472;0.033893376;0.021131264000000004;0.0132608;0.01195008;0.013840384;0.008845312;0.006490112;0.005659648;0.004146176;0.0046714880000000005;0.00486912;0.0033812479999999995;0.002229248;0.002086912;0.002071552;0.0018995200000000002;0.001839104;0.00133632;0.001229824;0.0009441279999999999;0.002013184;0.001662976;0.0011212799999999999;0.0011796480000000002;0.0016097280000000002;0.0019650559999999997;0.0015872;0.0020572159999999997;0.0017489920000000002;0.00141824;0.0012083200000000001;0.000831488;0.0010680320000000002;0.000978944;0.0010475520000000002;0.001349632;0.001364992;0.000932864;0.000549888;0.0009943039999999999;0.001125376;0.000842752;0.0008222720000000001;0.000813056;0.000714752;0.000712704;0.0006225919999999999;0.0005724160000000001;0.000733184;0.000548864;0.000653312;0.000466944;0.00039423999999999997;0.00035430400000000006;0.00037785600000000004;0.000346112
1790004600,hdr,0.0293;0.03906;0.04883;0.05859;0.06836;0.07813;0.08789;0.09766;0.10742;0.11719;0.12695;0.13672;0.14648;0.15625;0.16602;0.17578;0.18555;0.19531;0.20508;0.21484;0.22461;0.23438;0.24414;0.25391;0.26367;0.27344;0.2832;0.29297;0.30273;0.3125;0.32227;0.33203;0.3418;0.35156;0.36133;0.37109;0.38086;0.39063;0.40039;0.41016;0.41992;0.42969;0.43945;0.44922;0.45898;0.46875;0.47852;0.48828;0.49805;0.50781;0.51758;0.52734;0.53711;0.54688;0.55664;0.56641;0.57617;0.58594;0.5957;0.60547;0.61523;0.625;0.63477;0.64453;0.6543;0.66406;0.67383;0.68359;0.69336;0.70313;0.71289;0.72266;0.73242;0.74219;0.75195;0.76172;0.77148;0.78125;0.79102,0.000406528;0.00041676800000000003;0.00126976;0.004818944;0.013846527999999999;0.021235712;0.026974208000000003;0.019259392;0.016093184;0.014776319999999999;0.005439488;0.009076736;0.015494144;0.021149696;0.041457664000000005;0.06699417599999999;0.052488191999999996;0.053623807999999995;0.068903936;0.064526336;0.057885696;0.059744256;0.044909568;0.027681792;0.021242880000000002;0.016505856;0.013032448;0.011543552;0.007653375999999999;0.009821184000000002;0.007656448000000001;0.0033331199999999997;0.002771968;0.002778112;0.002358272;0.002149376;0.001374208;0.001911808;0.0018432000000000001;0.002193408;0.001217536;0.001101824;0.001414144;0.0014213119999999999;0.0011673599999999999;0.0012369920000000001;0.00088576;0.0005898240000000001;0.0007946240000000001;0.001028096;0.001134592;0.001153024;0.0010127360000000002;0.001277952;0.0008837120000000001;0.0008366080000000001;0.0006604799999999999;0.000625664;0.001053696;0.000864256;0.0009297919999999999;0.000801792;0.0005867520000000001;0.00059904;0.000679936;0.000569344;0.00039936;0.000441344;0.00045056;0.0005734399999999999;0.0006963200000000001;0.000423936;0.00040550399999999994;0.00043008000000000006;0.000502784;0.00042598399999999997;0.000319488;0.00031129599999999997;0.00046796800000000003
1790005500,hdr,0.0293;0.03906;0.04883;0.05859;0.06836;0.07813;0.08789;0.09766;0.10742;0.11719;0.12695;0.13672;0.14648;0.15625;0.16602;0.17578;0.18555;0.19531;0.20508;0.21484;0.22461;0.23438;0.24414;0.25391;0.26367;0.27344;0.2832;0.29297;0.30273;0.3125;0.32227;0.33203;0.3418;0.35156;0.36133;0.37109;0.38086;0.39063;0.40039;0.41016;0.41992;0.42969;0.43945;0.44922;0.45898;0.46875;0.47852;0.48828;0.49805;0.50781;0.51758;0.52734;0.53711;0.54688;0.55664;0.56641;0.57617;0.58594;0.5957;0.60547;0.61523;0.625;0.63477;0.64453;0.6543;0.66406;0.67383;0.68359;0.69336;0.70313;0.71289;0.72266;0.73242;0.74219;0.75195;0.76172;0.77148;0.78125;0.79102,0.005573631999999999;0.004770816;0.002404352;0.008771584;0.0171008;0.029541376;0.046655487999999995;0.04641177600000001;0.025030656;0.017359872;0.013454335999999999;0.007857152;0.012709887999999999;0.018614272;0.0265216;0.032166912000000006;0.03118592;0.059844608;0.078253056;0.065410048;0.062395392;0.04567552;0.044012544;0.036816896;0.022188032;0.020975616;0.01665536;0.014910464;0.010530815999999998;0.009839616;0.005552128;0.0036024319999999996;0.002936832;0.00237056;0.002551808;0.0016302080000000002;0.0016087039999999999;0.0015063040000000002;0.001133568;0.001352704;0.0017326079999999998;0.001750016;0.001139712;0.0012554240000000002;0.001964032;0.0024012799999999996;0.0015063040000000002;0.0012605440000000002;0.001441792;0.000809984;0.000827392;0.0010496000000000001;0.0006850560000000001;0.000549888;0.00068608;0.000661504;0.0005304320000000001;0.000751616;0.0008222720000000001;0.000715776;0.00047718399999999996;0.000442368;0.000398336;0.000505856;0.000871424;0.0006021119999999999;0.000559104;0.000492544;0.000347136;0.000518144;0.0006092800000000001;0.000453632;0.00050176;0.000512;0.000485376;0.000449536;0.00036454399999999996;0.000221184;0.00030208000000000004
1790006400,hdr,0.0293;0.03906;0.04883;0.05859;0.06836;0.07813;0.08789;0.09766;0.10742;0.11719;0.12695;0.13672;0.14648;0.15625;0.16602;0.17578;0.18555;0.19531;0.20508;0.21484;0.22461;0.23438;0.24414;0.25391;0.26367;0.27344;0.2832;0.29297;0.30273;0.3125;0.32227;0.33203;0.3418;0.35156;0.36133;0.37109;0.38086;0.39063;0.40039;0.41016;0.41992;0.42969;0.43945;0.44922;0.45898;0.46875;0.47852;0.48828;0.49805;0.50781;0.51758;0.52734;0.53711;0.54688;0.55664;0.56641;0.57617;0.58594;0.5957;0.60547;0.61523;0.625;0.63477;0.64453;0.6543;0.66406;0.67383;0.68359;0.69336;0.70313;0.71289;0.72266;0.73242;0.74219;0.75195;0.76172;0.77148;0.78125;0.79102,0.001004544;0.003519488;0.008681471999999999;0.0070297599999999995;0.010159103999999999;0.013017088;0.03624550399999999;0.040383487999999995;0.029801472000000002;0.016395264;0.01417216;0.009849856000000002;0.016580608;0.017690624;0.017369088;0.056129536;0.09920716799999998;0.06022144;0.049432576;0.0450816;0.047886336;0.040710144000000004;0.028034048;0.023249919999999997;0.01806336;0.018116608;0.013248512;0.010211327999999999;0.00599552;0.006618112;0.00641024;0.0028692479999999996;0.0027566080000000002;0.004352;0.0029265919999999996;0.002021376;0.001876992;0.001711104;0.0013568;0.00165376;0.001624064;0.0016230399999999999;0.00107008;0.0011632640000000002;0.0010475520000000002;0.0012288;0.001652736;0.001281024;0.001086464;0.001193984;0.001073152;0.0008652800000000001;0.001035264;0.0011161600000000002;0.001038336;0.000620544;0.0008151040000000001;0.000730112;0.0006604799999999999;0.0007833599999999999;0.000715776;0.0005898240000000001;0.000719872;0.001014784;0.0009256959999999999;0.0006000640000000001;0.000647168;0.0004956159999999999;0.00050688;0.000561152;0.0005877759999999999;0.000617472;0.000633856;0.000535552;0.00046796800000000003;0.000692224;0.000596992;0.000535552;0.000485376
1790007300,hdr,0.0293;0.03906;0.04883;0.05859;0.06836;0.07813;0.08789;0.09766;0.10742;0.11719;0.12695;0.13672;0.14648;0.15625;0.16602;0.17578;0.18555;0.19531;0.20508;0.21484;0.22461;0.23438;0.24414;0.25391;0.26367;0.27344;0.2832;0.29297;0.30273;0.3125;0.32227;0.33203;0.3418;0.35156;0.36133;0.37109;0.38086;0.39063;0.40039;0.41016;0.41992;0.42969;0.43945;0.44922;0.45898;0.46875;0.47852;0.48828;0.49805;0.50781;0.51758;0.52734;0.53711;0.54688;0.55664;0.56641;0.57617;0.58594;0.5957;0.60547;0.61523;0.625;0.63477;0.64453;0.6543;0.66406;0.67383;0.68359;0.69336;0.70313;0.71289;0.72266;0.73242;0.74219;0.75195;0.76172;0.77148;0.78125;0.79102,0.009716735999999998;0.01574912;0.007993344;0.00567296;0.010515456;0.009660416;0.027529216;0.044655616;0.020222976;0.019183616;0.021458944;0.016412672000000003;0.015817728;0.014435327999999999;0.030812159999999998;0.05208064;0.079548416;0.086746112;0.048355328;0.052261888;0.064903168;0.065774592;0.055750656;0.046049280000000005;0.025785343999999998;0.016472063999999998;0.01279488;0.011905024;0.009134080000000001;0.009070591999999999;0.006747136000000001;0.005198848;0.003666944;0.0037396479999999995;0.002596864;0.001831936;0.00198144;0.002562048;0.001666048;0.001929216;0.002282496;0.002184192;0.001969152;0.00160256;0.00116224;0.000963584;0.00141312;0.002419712;0.00263168;0.003584;0.003191808;0.0031334399999999995;0.0024084479999999997;0.001839104;0.001758208;0.000966656;0.001380352;0.0015493120000000002;0.001466368;0.0012646399999999998;0.001429504;0.0011007999999999999;0.001119232;0.0009768959999999999;0.0007168;0.000894976;0.000694272;0.0011694079999999998;0.0016384000000000001;0.0009041920000000001;0.000984064;0.001101824;0.0008468480000000001;0.000456704;0.000626688;0.0007249919999999999;0.0007393279999999999;0.00055296;0.000483328
1790008200,hdr,0.0293;0.03906;0.04883;0.05859;0.06836;0.07813;0.08789;0.09766;0.10742;0.11719;0.12695;0.13672;0.14648;0.15625;0.16602;0.17578;0.18555;0.19531;0.20508;0.21484;0.22461;0.23438;0.24414;0.25391;0.26367;0.27344;0.2832;0.29297;0.30273;0.3125;0.32227;0.33203;0.3418;0.35156;0.36133;0.37109;0.38086;0.39063;0.40039;0.41016;0.41992;0.42969;0.43945;0.44922;0.45898;0.46875;0.47852;0.48828;0.49805;0.50781;0.51758;0.52734;0.53711;0.54688;0.55664;0.56641;0.57617;0.58594;0.5957;0.60547;0.61523;0.625;0.63477;0.64453;0.6543;0.66406;0.67383;0.68359;0.69336;0.70313;0.71289;0.72266;0.73242;0.74219;0.75195;0.76172;0.77148;0.78125;0.79102,0.006670336000000001;0.014179328;0.012813312;0.009463808;0.013220864;0.014969856;0.030729216;0.029126656;0.023817215999999995;0.01292288;0.011983872;0.014666752;0.012868608;0.015890432;0.022889472;0.04179968;0.065036288;0.096637952;0.080316416;0.06237184;0.041547775999999995;0.034583552;0.04008448;0.037932032;0.025785343999999998;0.023195647999999996;0.014468096;0.013263872;0.01522176;0.007328768;0.00920576;0.005300224;0.005439488;0.006270975999999999;0.003748864;0.004004864;0.003951616;0.0014274560000000001;0.0021667839999999997;0.0021002239999999995;0.002418688;0.0023203839999999996;0.001795072;0.001742848;0.001030144;0.0014243840000000001;0.00160768;0.001581056;0.001186816;0.0014858240000000002;0.001814528;0.000887808;0.00110592;0.0013793280000000002;0.0010752000000000001;0.000884736;0.000893952;0.0012165119999999999;0.00141312;0.001065984;0.001202176;0.0010813440000000001;0.000764928;0.0007464960000000001;0.000825344;0.001101824;0.0011960319999999999;0.0010803199999999998;0.001087488;0.0011632640000000002;0.00084992;0.0008744960000000001;0.0007219199999999999;0.000380928;0.0005847039999999999;0.000658432;0.000659456;0.001103872;0.00101376
1790009100,hdr,0.0293;0.03906;0.04883;0.05859;0.06836;0.07813;0.08789;0.09766;0.10742;0.11719;0.12695;0.13672;0.14648;0.15625;0.16602;0.17578;0.18555;0.19531;0.20508;0.21484;0.22461;0.23438;0.24414;0.25391;0.26367;0.27344;0.2832;0.29297;0.30273;0.3125;0.32227;0.33203;0.3418;0.35156;0.36133;0.37109;0.38086;0.39063;0.40039;0.41016;0.41992;0.42969;0.43945;0.44922;0.45898;0.46875;0.47852;0.48828;0.49805;0.50781;0.51758;0.52734;0.53711;0.54688;0.55664;0.56641;0.57617;0.58594;0.5957;0.60547;0.61523;0.625;0.63477;0.64453;0.6543;0.66406;0.67383;0.68359;0.69336;0.70313;0.71289;0.72266;0.73242;0.74219;0.75195;0.76172;0.77148;0.78125;0.79102,0.010434559999999999;0.012655616;0.013667328;0.013400064;0.017545216;0.019181568;0.029961216;0.032284672;0.025526271999999996;0.023675903999999998;0.012539904000000001;0.017642496000000004;0.011558912000000001;0.011663360000000001;0.026515456000000003;0.035181567999999996;0.049659904;0.069414912;0.057201664000000006;0.046097408000000006;0.052015104;0.057332735999999995;0.042760192;0.0425472;0.03778764799999999;0.025495552;0.021250048;0.014314496000000001;0.011862016000000001;0.009439232;0.00619008;0.007733248;0.006953984000000001;0.00387072;0.00146432;0.002742272;0.0030914560000000002;0.003262464;0.002064384;0.00175104;0.002000896;0.0012318720000000002;0.001226752;0.001676288;0.00137216;0.001286144;0.0012625919999999999;0.001393664;0.001770496;0.002076672;0.00265728;0.0021248;0.0008355839999999999;0.001102848;0.0014940160000000001;0.0014786559999999999;0.001687552;0.0014336;0.0012185600000000003;0.001276928;0.00124928;0.0013322240000000001;0.00126976;0.00116224;0.001488896;0.0014346239999999998;0.001107968;0.0007096320000000001;0.000898048;0.001188864;0.0008089600000000001;0.000917504;0.0007075839999999999;0.000610304;0.000391168;0.0005877759999999999;0.000982016;0.0010598399999999998;0.000965632
1790010000,hdr,0.0293;0.03906;0.04883;0.05859;0.06836;0.07813;0.08789;0.09766;0.10742;0.11719;0.12695;0.13672;0.14648;0.15625;0.16602;0.17578;0.18555;0.19531;0.20508;0.21484;0.22461;0.23438;0.24414;0.25391;0.26367;0.27344;0.2832;0.29297;0.30273;0.3125;0.32227;0.33203;0.3418;0.35156;0.36133;0.37109;0.38086;0.39063;0.40039;0.41016;0.41992;0.42969;0.43945;0.44922;0.45898;0.46875;0.47852;0.48828;0.49805;0.50781;0.51758;0.52734;0.53711;0.54688;0.55664;0.56641;0.57617;0.58594;0.5957;0.60547;0.61523;0.625;0.63477;0.64453;0.6543;0.66406;0.67383;0.68359;0.69336;0.70313;0.71289;0.72266;0.73242;0.74219;0.75195;0.76172;0.77148;0.78125;0.79102,0.005912576;0.008706048;0.008491008000000001;0.0071464960000000004;0.012964864;0.018286592;0.025410560000000002;0.018444288;0.019477504;0.027458559999999996;0.024246272;0.017371136;0.013822976;0.014409727999999998;0.018025472;0.027813888;0.036822016;0.038576127999999994;0.071988224;0.07372902399999999;0.048662528;0.053161983999999995;0.042679296000000005;0.037592064;0.020491264000000002;0.023922688;0.022017023999999996;0.014795776;0.012847104;0.007573504;0.004861951999999999;0.0043008000000000005;0.004478976000000001;0.004282368000000001;0.004621312;0.002763776;0.001839104;0.0018155520000000002;0.001798144;0.001722368;0.002269184;0.002642944;0.00155648;0.0013926400000000001;0.001436672;0.0012953600000000002;0.00134144;0.001583104;0.001688576;0.0015697920000000002;0.001127424;0.0012451839999999999;0.001345536;0.001132544;0.00131072;0.001282048;0.0017121280000000003;0.001460224;0.001052672;0.000828416;0.001156096;0.0013905920000000002;0.000897024;0.000505856;0.00046592000000000004;0.000847872;0.000915456;0.00118272;0.0012544;0.0012195840000000001;0.0015452159999999999;0.001284096;0.001408;0.00115712;0.0007843840000000001;0.001002496;0.000766976;0.0006676480000000001;0.001323008
1790010900,hdr,0.0293;0.03906;0.04883;0.05859;0.06836;0.07813;0.08789;0.09766;0.10742;0.11719;0.12695;0.13672;0.14648;0.15625;0.16602;0.17578;0.18555;0.19531;0.20508;0.21484;0.22461;0.23438;0.24414;0.25391;0.26367;0.27344;0.2832;0.29297;0.30273;0.3125;0.32227;0.33203;0.3418;0.35156;0.36133;0.37109;0.38086;0.39063;0.40039;0.41016;0.41992;0.42969;0.43945;0.44922;0.45898;0.46875;0.47852;0.48828;0.49805;0.50781;0.51758;0.52734;0.53711;0.54688;0.55664;0.56641;0.57617;0.58594;0.5957;0.60547;0.61523;0.625;0.63477;0.64453;0.6543;0.66406;0.67383;0.68359;0.69336;0.70313;0.71289;0.72266;0.73242;0.74219;0.75195;0.76172;0.77148;0.78125;0.79102,0.0056852479999999995;0.014897152;0.015021056;0.013549568000000001;0.020232192000000003;0.016811008000000002;0.018619392;0.021442560000000003;0.022148096;0.029554688;0.017629184;0.012699648;0.010630144000000001;0.01449984;0.029778943999999998;0.025015296;0.029313023999999997;0.044588032;0.057107456;0.058187776;0.052026367999999996;0.06367948799999999;0.057022464;0.028166144;0.02021376;0.014541824;0.012140544;0.011305984;0.010432511999999998;0.009433088;0.005848064;0.0046940160000000005;0.003519488;0.005404671999999999;0.00426496;0.002689024;0.002272256;0.0022968320000000004;0.002236416;0.002043904;0.002217984;0.0014878720000000001;0.0018687999999999999;0.00180224;0.001127424;0.002674688;0.003390464;0.0018841600000000002;0.0017663999999999998;0.001611776;0.0014346239999999998;0.0011151359999999999;0.001371136;0.00145408;0.0012646399999999998;0.00152576;0.000999424;0.00082432;0.001052672;0.0010956800000000001;0.000963584;0.00064512;0.001000448;0.001348608;0.001227776;0.0009697280000000001;0.000964608;0.0010833919999999999;0.0010199039999999999;0.000953344;0.000918528;0.000719872;0.0010250239999999998;0.000790528;0.000907264;0.0005980159999999999;0.00047308800000000003;0.000510976;0.0006184960000000001
1790011800,hdr,0.0293;0.03906;0.04883;0.05859;0.06836;0.07813;0.08789;0.09766;0.10742;0.11719;0.12695;0.13672;0.14648;0.15625;0.16602;0.17578;0.18555;0.19531;0.20508;0.21484;0.22461;0.23438;0.24414;0.25391;0.26367;0.27344;0.2832;0.29297;0.30273;0.3125;0.32227;0.33203;0.3418;0.35156;0.36133;0.37109;0.38086;0.39063;0.40039;0.41016;0.41992;0.42969;0.43945;0.44922;0.45898;0.46875;0.47852;0.48828;0.49805;0.50781;0.51758;0.52734;0.53711;0.54688;0.55664;0.56641;0.57617;0.58594;0.5957;0.60547;0.61523;0.625;0.63477;0.64453;0.6543;0.66406;0.67383;0.68359;0.69336;0.70313;0.71289;0.72266;0.73242;0.74219;0.75195;0.76172;0.77148;0.78125;0.79102,0.006319104;0.010784768;0.009488384;0.008052736;0.01419776;0.020348928;0.034557951999999996;0.031688704;0.02415104;0.016989184;0.014373888000000001;0.011797504;0.01412096;0.018420736;0.013582335999999999;0.019546112;0.045582335999999994;0.039011328;0.043651072;0.0407296;0.033824768;0.022715392;0.01464832;0.020084736000000002;0.017506304;0.012527616;0.016252928;0.01864192;0.015781888;0.011505663999999999;0.012188672000000001;0.006589439999999999;0.003340288;0.003707904;0.0041963519999999995;0.0028303359999999997;0.001666048;0.0018176000000000002;0.00237056;0.00131584;0.000858112;0.002286592;0.002801664;0.001519616;0.002046976;0.001887232;0.001352704;0.001358848;0.0017889280000000002;0.0014796800000000001;0.0012165119999999999;0.0009984;0.001570816;0.00141312;0.0015411200000000002;0.001345536;0.0010752000000000001;0.001138688;0.001243136;0.001156096;0.0011161600000000002;0.001073152;0.000544768;0.00047718399999999996;0.0006277120000000001;0.0006993920000000001;0.000861184;0.001053696;0.00100352;0.0009738240000000001;0.001154048;0.000772096;0.000812032;0.000633856;0.0006676480000000001;0.000690176;0.000908288;0.0008069119999999999;0.0006656
1790012700,hdr,0.0293;0.03906;0.04883;0.05859;0.06836;0.07813;0.08789;0.09766;0.10742;0.11719;0.12695;0.13672;0.14648;0.15625;0.16602;0.17578;0.18555;0.19531;0.20508;0.21484;0.22461;0.23438;0.24414;0.25391;0.26367;0.27344;0.2832;0.29297;0.30273;0.3125;0.32227;0.33203;0.3418;0.35156;0.36133;0.37109;0.38086;0.39063;0.40039;0.41016;0.41992;0.42969;0.43945;0.44922;0.45898;0.46875;0.47852;0.48828;0.49805;0.50781;0.51758;0.52734;0.53711;0.54688;0.55664;0.56641;0.57617;0.58594;0.5957;0.60547;0.61523;0.625;0.63477;0.64453;0.6543;0.66406;0.67383;0.68359;0.69336;0.70313;0.71289;0.72266;0.73242;0.74219;0.75195;0.76172;0.77148;0.78125;0.79102,0.0020592640000000003;0.00599552;0.014575616;0.01055232;0.015483904;0.013763583999999999;0.018476032;0.0274944;0.021339135999999998;0.016733184;0.016925696;0.014924799999999998;0.014460928;0.020034559999999996;0.010900479999999999;0.016904192;0.028420096000000002;0.040150016000000004;0.03603456;0.028621824;0.038457344;0.035526656000000004;0.035741695999999996;0.022297599999999997;0.017309696;0.016883712;0.015411199999999998;0.009188352;0.00764416;0.007061504;0.004173824;0.002989056;0.004825088;0.003934208;0.0028047360000000004;0.002586624;0.00262144;0.003073024;0.002572288;0.002258944;0.0017684480000000002;0.001917952;0.0016936960000000002;0.002021376;0.00195584;0.001184768;0.0018042879999999998;0.0027136;0.002069504;0.000760832;0.0011356159999999999;0.001615872;0.000674816;0.00105472;0.00072704;0.00047616000000000005;0.000979968;0.001575936;0.001401856;0.001026048;0.001078272;0.0007352319999999999;0.000772096;0.000765952;0.00047411199999999995;0.00079872;0.000955392;0.000899072;0.0008366080000000001;0.0007249919999999999;0.00059904;0.00047616000000000005;0.00030412799999999997;0.00040448000000000003;0.000712704;0.0009482239999999999;0.0007393279999999999;0.0005816320000000001;0.000444416
1790013600,hdr,0.0293;0.03906;0.04883;0.05859;0.06836;0.07813;0.08789;0.09766;0.10742;0.11719;0.12695;0.13672;0.14648;0.15625;0.16602;0.17578;0.18555;0.19531;0.20508;0.21484;0.22461;0.23438;0.24414;0.25391;0.26367;0.27344;0.2832;0.29297;0.30273;0.3125;0.32227;0.33203;0.3418;0.35156;0.36133;0.37109;0.38086;0.39063;0.40039;0.41016;0.41992;0.42969;0.43945;0.44922;0.45898;0.46875;0.47852;0.48828;0.49805;0.50781;0.51758;0.52734;0.53711;0.54688;0.55664;0.56641;0.57617;0.58594;0.5957;0.60547;0.61523;0.625;0.63477;0.64453;0.6543;0.66406;0.67383;0.68359;0.69336;0.70313;0.71289;0.72266;0.73242;0.74219;0.75195;0.76172;0.77148;0.78125;0.79102,0.00451072;0.006005760000000001;0.004499456;0.008474624;0.011834368;0.013321216;0.018066432;0.020837376;0.038244352;0.028878848000000002;0.024825856000000004;0.014844928;0.012422144;0.014854144;0.011918336;0.022193152;0.0375552;0.030713856;0.028390400000000003;0.033087488;0.030970880000000003;0.03579699200000001;0.041378816;0.035228672;0.020416512;0.013370367999999999;0.01638912;0.013641728;0.009759743999999999;0.011890688;0.010200063999999998;0.005689344;0.005042176000000001;0.003478528;0.002931712;0.003099648;0.003625984;0.002973696;0.002159616;0.002060288;0.001002496;0.0012994559999999998;0.001475584;0.0017889280000000002;0.0020121600000000003;0.001125376;0.00135168;0.0015534079999999998;0.0008212479999999999;0.000825344;0.0009041920000000001;0.001154048;0.0011796480000000002;0.001590272;0.001620992;0.001298432;0.001052672;0.0007290879999999999;0.00107008;0.0013352960000000001;0.00075776;0.0009625599999999999;0.001348608;0.0007393279999999999;0.001352704;0.001265664;0.000505856;0.000384;0.00032870400000000003;0.000565248;0.00067584;0.0007106559999999999;0.000415744;0.00044646400000000004;0.000525312;0.000497664;0.0005683200000000001;0.00047820800000000004;0.000453632
1790014500,hdr,0.0293;0.03906;0.04883;0.05859;0.06836;0.07813;0.08789;0.09766;0.10742;0.11719;0.12695;0.13672;0.14648;0.15625;0.16602;0.17578;0.18555;0.19531;0.20508;0.21484;0.22461;0.23438;0.24414;0.25391;0.26367;0.27344;0.2832;0.29297;0.30273;0.3125;0.32227;0.33203;0.3418;0.35156;0.36133;0.37109;0.38086;0.39063;0.40039;0.41016;0.41992;0.42969;0.43945;0.44922;0.45898;0.46875;0.47852;0.48828;0.49805;0.50781;0.51758;0.52734;0.53711;0.54688;0.55664;0.56641;0.57617;0.58594;0.5957;0.60547;0.61523;0.625;0.63477;0.64453;0.6543;0.66406;0.67383;0.68359;0.69336;0.70313;0.71289;0.72266;0.73242;0.74219;0.75195;0.76172;0.77148;0.78125;0.79102,0.002308096;0.005387264;0.004905984;0.002245632;0.00582144;0.010247168;0.026750976000000003;0.024934400000000002;0.025285632000000002;0.025092096;0.017559552;0.01306624;0.012761088000000002;0.015877119999999998;0.016990208;0.022765568;0.038431744;0.050810879999999996;0.03612672;0.05226496;0.045205504;0.026478592000000002;0.025491456;0.021966847999999997;0.015699968;0.017980416000000003;0.017081344000000002;0.012314624;0.015312896000000001;0.009721856000000001;0.005992448;0.005251072;0.004000768;0.003767296;0.00370688;0.003248128;0.004528127999999999;0.003232768;0.002130944;0.002142208;0.002249728;0.00326656;0.0031784960000000003;0.0031426559999999997;0.0021196799999999997;0.0016087039999999999;0.0021299199999999996;0.001989632;0.001685504;0.001466368;0.001226752;0.0013056;0.0011909120000000001;0.00098816;0.0009564160000000001;0.000924672;0.0011837439999999998;0.001101824;0.0013393919999999998;0.000992256;0.000700416;0.000816128;0.00067584;0.000898048;0.000579584;0.000653312;0.0010496000000000001;0.00090624;0.000690176;0.00068096;0.0007014399999999999;0.0005898240000000001;0.0008837120000000001;0.001316864;0.0008048640000000001;0.000423936;0.000468992;0.000528384;0.000352256
1790015400,hdr,0.0293;0.03906;0.04883;0.05859;0.06836;0.07813;0.08789;0.09766;0.10742;0.11719;0.12695;0.13672;0.14648;0.15625;0.16602;0.17578;0.18555;0.19531;0.20508;0.21484;0.22461;0.23438;0.24414;0.25391;0.26367;0.27344;0.2832;0.29297;0.30273;0.3125;0.32227;0.33203;0.3418;0.35156;0.36133;0.37109;0.38086;0.39063;0.40039;0.41016;0.41992;0.42969;0.43945;0.44922;0.45898;0.46875;0.47852;0.48828;0.49805;0.50781;0.51758;0.52734;0.53711;0.54688;0.55664;0.56641;0.57617;0.58594;0.5957;0.60547;0.61523;0.625;0.63477;0.64453;0.6543;0.66406;0.67383;0.68359;0.69336;0.70313;0.71289;0.72266;0.73242;0.74219;0.75195;0.76172;0.77148;0.78125;0.79102,0.003069952;0.002576384;0.003070976;0.006265856000000001;0.010434559999999999;0.016930815999999998;0.020777984;0.028691455999999997;0.031557632;0.028247039999999998;0.016218112;0.015741952;0.017737727999999998;0.02006528;0.019888127999999998;0.020328448;0.03372032;0.059679744;0.06573772800000001;0.039631872000000005;0.025882624;0.028981248;0.024743936;0.01795584;0.02107904;0.023503872000000002;0.025468928;0.012675072;0.009769983999999999;0.009657344000000002;0.005399551999999999;0.006775808;0.008262655999999998;0.006727680000000001;0.004885504;0.003990528;0.0037662719999999998;0.00315904;0.002630656;0.003390464;0.00298496;0.001498112;0.0010496000000000001;0.001316864;0.001548288;0.001540096;0.000796672;0.0017848319999999999;0.002665472;0.003095552;0.001835008;0.00138752;0.001457152;0.001431552;0.0015165439999999999;0.0010291200000000001;0.000807936;0.001077248;0.000881664;0.001010688;0.000955392;0.00068096;0.001129472;0.0009318400000000001;0.001006592;0.001040384;0.0009144320000000001;0.000531456;0.000676864;0.000659456;0.000800768;0.00043827199999999997;0.00039731200000000003;0.000607232;0.000770048;0.00047923199999999995;0.00031232;0.00040345599999999995;0.000531456
1790016300,hdr,0.0293;0.03906;0.04883;0.05859;0.06836;0.07813;0.08789;0.09766;0.10742;0.11719;0.12695;0.13672;0.14648;0.15625;0.16602;0.17578;0.18555;0.19531;0.20508;0.21484;0.22461;0.23438;0.24414;0.25391;0.26367;0.27344;0.2832;0.29297;0.30273;0.3125;0.32227;0.33203;0.3418;0.35156;0.36133;0.37109;0.38086;0.39063;0.40039;0.41016;0.41992;0.42969;0.43945;0.44922;0.45898;0.46875;0.47852;0.48828;0.49805;0.50781;0.51758;0.52734;0.53711;0.54688;0.55664;0.56641;0.57617;0.58594;0.5957;0.60547;0.61523;0.625;0.63477;0.64453;0.6543;0.66406;0.67383;0.68359;0.69336;0.70313;0.71289;0.72266;0.73242;0.74219;0.75195;0.76172;0.77148;0.78125;0.79102,0.001645568;0.0016250880000000002;0.002451456;0.0041809920000000006;0.007691264;0.016282624;0.02156032;0.017814528;0.01652736;0.023786496;0.023261184;0.013268992;0.009495551999999999;0.011344896;0.020121600000000003;0.023842816;0.040695808;0.037449728;0.038820864000000004;0.031121408;0.029521920000000004;0.032985087999999996;0.026612736;0.019834879999999996;0.019765248;0.012123136;0.014020608;0.012017664;0.015377408000000002;0.011317248;0.006483968;0.009587712;0.00873472;0.00594432;0.004127744;0.0035645440000000002;0.003453952;0.00317952;0.0035246080000000003;0.004409344;0.0049858559999999994;0.0040796159999999995;0.002280448;0.001998848;0.001752064;0.002081792;0.0022302719999999997;0.002733056;0.00290816;0.00246784;0.00126976;0.0012625919999999999;0.001683456;0.002497536;0.0015953919999999997;0.0009973760000000001;0.0009287680000000001;0.0011468799999999999;0.001695744;0.0018432000000000001;0.001009664;0.001241088;0.000992256;0.001101824;0.000809984;0.000764928;0.000907264;0.000796672;0.0007925759999999999;0.000805888;0.000871424;0.000730112;0.000484352;0.0005980159999999999;0.0006021119999999999;0.0005683200000000001;0.000561152;0.000566272;0.000406528
1790017200,hdr,0.0293;0.03906;0.04883;0.05859;0.06836;0.07813;0.08789;0.09766;0.10742;0.11719;0.12695;0.13672;0.14648;0.15625;0.16602;0.17578;0.18555;0.19531;0.20508;0.21484;0.22461;0.23438;0.24414;0.25391;0.26367;0.27344;0.2832;0.29297;0.30273;0.3125;0.32227;0.33203;0.3418;0.35156;0.36133;0.37109;0.38086;0.39063;0.40039;0.41016;0.41992;0.42969;0.43945;0.44922;0.45898;0.46875;0.47852;0.48828;0.49805;0.50781;0.51758;0.52734;0.53711;0.54688;0.55664;0.56641;0.57617;0.58594;0.5957;0.60547;0.61523;0.625;0.63477;0.64453;0.6543;0.66406;0.67383;0.68359;0.69336;0.70313;0.71289;0.72266;0.73242;0.74219;0.75195;0.76172;0.77148;0.78125;0.79102,0.003035136;0.008060928;0.004640767999999999;0.007223296000000001;0.00763904;0.018399232;0.027210752;0.026477568000000003;0.033077248;0.039916544;0.029573119999999998;0.016242688;0.012839936;0.022022144;0.025928704;0.018107392;0.01888256;0.03170816;0.031058943999999998;0.036388864;0.034038784;0.025733119999999998;0.012962816;0.013674496;0.013283327999999999;0.011031552;0.011301888000000001;0.014357504;0.010284031999999999;0.005656576;0.00436736;0.004334592;0.004032511999999999;0.003254272;0.005218304;0.0052541440000000005;0.0023838720000000004;0.00195584;0.00285696;0.0033146879999999997;0.002760704;0.002619392;0.00285696;0.001938432;0.001816576;0.001548288;0.00198656;0.0015267839999999998;0.0008192000000000001;0.000930816;0.0011151359999999999;0.0012441599999999998;0.001323008;0.001276928;0.001110016;0.001134592;0.001078272;0.001101824;0.000996352;0.0005888;0.0008222720000000001;0.000899072;0.0009758719999999999;0.000909312;0.000827392;0.000674816;0.000510976;0.000538624;0.000423936;0.000365568;0.000352256;0.00039936;0.000412672;0.000388096;0.000346112;0.000421888;0.000633856;0.00046080000000000003;0.000382976
1790018100,hdr,0.0293;0.03906;0.04883;0.05859;0.06836;0.07813;0.08789;0.09766;0.10742;0.11719;0.12695;0.13672;0.14648;0.15625;0.16602;0.17578;0.18555;0.19531;0.20508;0.21484;0.22461;0.23438;0.24414;0.25391;0.26367;0.27344;0.2832;0.29297;0.30273;0.3125;0.32227;0.33203;0.3418;0.35156;0.36133;0.37109;0.38086;0.39063;0.40039;0.41016;0.41992;0.42969;0.43945;0.44922;0.45898;0.46875;0.47852;0.48828;0.49805;0.50781;0.51758;0.52734;0.53711;0.54688;0.55664;0.56641;0.57617;0.58594;0.5957;0.60547;0.61523;0.625;0.63477;0.64453;0.6543;0.66406;0.67383;0.68359;0.69336;0.70313;0.71289;0.72266;0.73242;0.74219;0.75195;0.76172;0.77148;0.78125;0.79102,0.001451008;0.003073024;0.0035327999999999996;0.006234112;0.010625024;0.008497152000000001;0.018325503999999996;0.023007232;0.020678656;0.03021824;0.028345344;0.012817407999999999;0.0062627839999999995;0.015724544;0.02038784;0.017650687999999998;0.02966528;0.032318464;0.043657216;0.06601011200000001;0.053468159999999994;0.029755392;0.028903424000000004;0.026138624;0.028199936000000002;0.0217344;0.016821248;0.012090368;0.006366208000000001;0.008262655999999998;0.005599232;0.00523264;0.0053063680000000005;0.0041144319999999995;0.0045823999999999995;0.006687744000000001;0.00459264;0.0023500800000000005;0.00319488;0.0039424;0.00353792;0.003303424;0.003048448;0.0027402240000000003;0.001343488;0.0011632640000000002;0.001099776;0.0009441279999999999;0.001056768;0.002056192;0.001374208;0.000828416;0.0006021119999999999;0.000759808;0.0009482239999999999;0.001125376;0.0010803199999999998;0.000659456;0.0006840319999999999;0.0012666880000000002;0.001220608;0.00108544;0.000872448;0.0005918719999999999;0.000644096;0.0005836799999999999;0.000536576;0.000497664;0.000484352;0.000493568;0.000521216;0.0007096320000000001;0.0005089280000000001;0.0005621760000000001;0.0007249919999999999;0.000442368;0.0005959680000000001;0.000553984;0.00039936
1790019000,hdr,0.0293;0.03906;0.04883;0.05859;0.06836;0.07813;0.08789;0.09766;0.10742;0.11719;0.12695;0.13672;0.14648;0.15625;0.16602;0.17578;0.18555;0.19531;0.20508;0.21484;0.22461;0.23438;0.24414;0.25391;0.26367;0.27344;0.2832;0.29297;0.30273;0.3125;0.32227;0.33203;0.3418;0.35156;0.36133;0.37109;0.38086;0.39063;0.40039;0.41016;0.41992;0.42969;0.43945;0.44922;0.45898;0.46875;0.47852;0.48828;0.49805;0.50781;0.51758;0.52734;0.53711;0.54688;0.55664;0.56641;0.57617;0.58594;0.5957;0.60547;0.61523;0.625;0.63477;0.64453;0.6543;0.66406;0.67383;0.68359;0.69336;0.70313;0.71289;0.72266;0.73242;0.74219;0.75195;0.76172;0.77148;0.78125;0.79102,0.000528384;0.001084416;0.002038784;0.003641344;0.011389952;0.014087167999999999;0.015036415999999999;0.032823296;0.04543488;0.029511679999999995;0.03169792;0.018492415999999998;0.0128256;0.017565696;0.032125952;0.034934783999999997;0.0227072;0.032345087999999994;0.058036224;0.052977663999999994;0.021874688;0.023841792;0.023790592;0.022018048;0.016661504;0.016651264000000002;0.013016064;0.008434688000000001;0.005281792;0.004745216;0.007113728;0.005606399999999999;0.008358912;0.007113728;0.004489216;0.002689024;0.002929664;0.0027965439999999998;0.002312192;0.001840128;0.0031334399999999995;0.00331264;0.002102272;0.001168384;0.001199104;0.001210368;0.001007616;0.001082368;0.0016220159999999998;0.001758208;0.001307648;0.000772096;0.000754688;0.0008212479999999999;0.0011489279999999998;0.0012001280000000002;0.000719872;0.000861184;0.001004544;0.001107968;0.000771072;0.0007884799999999999;0.000939008;0.000796672;0.0006819840000000001;0.000580608;0.00046080000000000003;0.000429056;0.0007219199999999999;0.000497664;0.00048742400000000003;0.00043315199999999996;0.000347136;0.00046489599999999996;0.000365568;0.00027648;0.000344064;0.00026112;0.000195584
1790019900,hdr,0.0293;0.03906;0.04883;0.05859;0.06836;0.07813;0.08789;0.09766;0.10742;0.11719;0.12695;0.13672;0.14648;0.15625;0.16602;0.17578;0.18555;0.19531;0.20508;0.21484;0.22461;0.23438;0.24414;0.25391;0.26367;0.27344;0.2832;0.29297;0.30273;0.3125;0.32227;0.33203;0.3418;0.35156;0.36133;0.37109;0.38086;0.39063;0.40039;0.41016;0.41992;0.42969;0.43945;0.44922;0.45898;0.46875;0.47852;0.48828;0.49805;0.50781;0.51758;0.52734;0.53711;0.54688;0.55664;0.56641;0.57617;0.58594;0.5957;0.60547;0.61523;0.625;0.63477;0.64453;0.6543;0.66406;0.67383;0.68359;0.69336;0.70313;0.71289;0.72266;0.73242;0.74219;0.75195;0.76172;0.77148;0.78125;0.79102,0.001078272;0.0015493120000000002;0.00233984;0.004988928;0.009772032;0.010752;0.026400768;0.026155007999999997;0.01585152;0.029019135999999997;0.028864512000000002;0.02537984;0.014383103999999999;0.016939008000000002;0.03259392;0.020784128;0.021941248000000003;0.026858496;0.01743872;0.026068992000000003;0.019695616000000003;0.019566592;0.022424575999999998;0.019444735999999997;0.018351104;0.011517952;0.014210048000000001;0.015217663999999999;0.008952832;0.006473728;0.004242432;0.00386048;0.005220352;0.004424704000000001;0.0038266879999999995;0.003237888;0.002663424;0.002706432;0.002220032;0.0024371200000000005;0.002110464;0.0028487680000000002;0.003002368;0.0041492479999999995;0.003324928;0.002387968;0.0027648;0.001352704;0.0012441599999999998;0.001330176;0.001626112;0.0011632640000000002;0.001253376;0.001057792;0.001226752;0.0006502400000000001;0.0005007359999999999;0.000750592;0.000770048;0.00047206399999999996;0.000429056;0.000449536;0.00059904;0.000388096;0.000415744;0.0008345599999999999;0.000630784;0.00043315199999999996;0.000324608;0.00024780799999999997;0.00020377600000000002;0.00021913599999999998;0.000218112;0.00023040000000000002;0.00042598399999999997;0.0006041600000000001;0.00047206399999999996;0.000316416;0.00037785600000000004
1790020800,hdr,0.0293;0.03906;0.04883;0.05859;0.06836;0.07813;0.08789;0.09766;0.10742;0.11719;0.12695;0.13672;0.14648;0.15625;0.16602;0.17578;0.18555;0.19531;0.20508;0.21484;0.22461;0.23438;0.24414;0.25391;0.26367;0.27344;0.2832;0.29297;0.30273;0.3125;0.32227;0.33203;0.3418;0.35156;0.36133;0.37109;0.38086;0.39063;0.40039;0.41016;0.41992;0.42969;0.43945;0.44922;0.45898;0.46875;0.47852;0.48828;0.49805;0.50781;0.51758;0.52734;0.53711;0.54688;0.55664;0.56641;0.57617;0.58594;0.5957;0.60547;0.61523;0.625;0.63477;0.64453;0.6543;0.66406;0.67383;0.68359;0.69336;0.70313;0.71289;0.72266;0.73242;0.74219;0.75195;0.76172;0.77148;0.78125;0.79102,0.00264704;0.004440064;0.0052418560000000005;0.004451328;0.009597952;0.008823807999999999;0.025661439999999997;0.027686912;0.027645952;0.023806975999999997;0.02293248;0.0145664;0.020034559999999996;0.017910784;0.012318720000000002;0.023812096;0.027655168;0.024715264000000004;0.015377408000000002;0.042387456;0.017575935999999997;0.012399616;0.019340288;0.021536768;0.017387519999999997;0.01596416;0.018390016;0.014298112;0.011613184;0.011918336;0.007097344;0.004603904000000001;0.004446208000000001;0.002506752;0.0020244480000000003;0.002737152;0.002238464;0.001263616;0.0018237440000000002;0.0017489920000000002;0.0013404159999999999;0.00123904;0.001043456;0.001304576;0.000888832;0.0006696959999999999;0.000787456;0.000955392;0.001122304;0.0010373119999999999;0.000782336;0.0006021119999999999;0.000549888;0.0008366080000000001;0.0008704;0.0006696959999999999;0.00046489599999999996;0.00030105599999999996;0.000393216;0.00026112;0.00036249599999999997;0.00043827199999999997;0.000234496;0.00035532799999999997;0.000636928;0.000549888;0.000386048;0.000274432;0.00044544;0.000654336;0.000421888;0.00030003200000000004;0.000248832;0.00044032;0.000401408;0.00033894400000000004;0.000395264;0.00032870400000000003;0.000176128
1790021700,hdr,0.0293;0.03906;0.04883;0.05859;0.06836;0.07813;0.08789;0.09766;0.10742;0.11719;0.12695;0.13672;0.14648;0.15625;0.16602;0.17578;0.18555;0.19531;0.20508;0.21484;0.22461;0.23438;0.24414;0.25391;0.26367;0.27344;0.2832;0.29297;0.30273;0.3125;0.32227;0.33203;0.3418;0.35156;0.36133;0.37109;0.38086;0.39063;0.40039;0.41016;0.41992;0.42969;0.43945;0.44922;0.45898;0.46875;0.47852;0.48828;0.49805;0.50781;0.51758;0.52734;0.53711;0.54688;0.55664;0.56641;0.57617;0.58594;0.5957;0.60547;0.61523;0.625;0.63477;0.64453;0.6543;0.66406;0.67383;0.68359;0.69336;0.70313;0.71289;0.72266;0.73242;0.74219;0.75195;0.76172;0.77148;0.78125;0.79102,0.0028416;0.00236032;0.0057497600000000005;0.006414336;0.009136127999999999;0.011213824;0.019204096;0.018354176;0.019133439999999998;0.019321856;0.031397888;0.026131455999999997;0.014671872;0.019310592;0.035375104;0.031818752;0.027215872;0.019998719999999998;0.023954432;0.030866432;0.028910592;0.028741631999999996;0.025962496;0.020862976;0.019360768;0.023695360000000002;0.017207295999999997;0.011622400000000001;0.017441792;0.017399808;0.009201663999999998;0.003607552;0.002864128;0.00326144;0.002477056;0.003009536;0.0025610240000000003;0.00204288;0.001498112;0.0017807360000000002;0.0013793280000000002;0.0008867839999999999;0.000676864;0.001316864;0.00137216;0.001158144;0.00113152;0.00101376;0.000549888;0.000854016;0.000753664;0.000606208;0.000700416;0.000535552;0.000502784;0.000903168;0.0010014719999999998;0.00077312;0.000553984;0.000617472;0.0006144;0.0005580800000000001;0.0005724160000000001;0.000525312;0.000360448;0.000305152;0.000411648;0.000371712;0.000490496;0.000436224;0.00041676800000000003;0.00043315199999999996;0.00047923199999999995;0.00044032;0.000401408;0.0003584;0.00027033600000000004;0.000381952;0.000314368
1790022600,hdr,0.0293;0.03906;0.04883;0.05859;0.06836;0.07813;0.08789;0.09766;0.10742;0.11719;0.12695;0.13672;0.14648;0.15625;0.16602;0.17578;0.18555;0.19531;0.20508;0.21484;0.22461;0.23438;0.24414;0.25391;0.26367;0.27344;0.2832;0.29297;0.30273;0.3125;0.32227;0.33203;0.3418;0.35156;0.36133;0.37109;0.38086;0.39063;0.40039;0.41016;0.41992;0.42969;0.43945;0.44922;0.45898;0.46875;0.47852;0.48828;0.49805;0.50781;0.51758;0.52734;0.53711;0.54688;0.55664;0.56641;0.57617;0.58594;0.5957;0.60547;0.61523;0.625;0.63477;0.64453;0.6543;0.66406;0.67383;0.68359;0.69336;0.70313;0.71289;0.72266;0.73242;0.74219;0.75195;0.76172;0.77148;0.78125;0.79102,0.006112256;0.008564736000000002;0.004942848;0.005648384;0.014112768;0.021789696;0.017138688;0.02077696;0.026417152000000003;0.037449728;0.040098815999999995;0.0150784;0.010231807999999998;0.011824128000000001;0.023555072;0.025187328000000002;0.037207040000000004;0.045993983999999995;0.030276608;0.044002304000000006;0.036001792000000005;0.023328768;0.023270399999999997;0.024628223999999997;0.017911808;0.023781376;0.028790784;0.018884608;0.017964031999999998;0.009454592000000001;0.00426496;0.003852288;0.002402304;0.003073024;0.00193536;0.0024156159999999998;0.002163712;0.00151552;0.0019046400000000002;0.0032870399999999998;0.002398208;0.001099776;0.000790528;0.0009041920000000001;0.000889856;0.0016773119999999998;0.000837632;0.000631808;0.000984064;0.000905216;0.0008089600000000001;0.0009830400000000001;0.000801792;0.000740352;0.0008560640000000001;0.00059392;0.000549888;0.000641024;0.000698368;0.000413696;0.00041779199999999995;0.000499712;0.000347136;0.00036249599999999997;0.00047718399999999996;0.000411648;0.0006092800000000001;0.00039628799999999996;0.000180224;0.00024063999999999997;0.000320512;0.000329728;0.00029081600000000006;0.000207872;0.00030412799999999997;0.000539648;0.00043110399999999997;0.00033894400000000004;0.00030105599999999996
1790023500,hdr,0.0293;0.03906;0.04883;0.05859;0.06836;0.07813;0.08789;0.09766;0.10742;0.11719;0.12695;0.13672;0.14648;0.15625;0.16602;0.17578;0.18555;0.19531;0.20508;0.21484;0.22461;0.23438;0.24414;0.25391;0.26367;0.27344;0.2832;0.29297;0.30273;0.3125;0.32227;0.33203;0.3418;0.35156;0.36133;0.37109;0.38086;0.39063;0.40039;0.41016;0.41992;0.42969;0.43945;0.44922;0.45898;0.46875;0.47852;0.48828;0.49805;0.50781;0.51758;0.52734;0.53711;0.54688;0.55664;0.56641;0.57617;0.58594;0.5957;0.60547;0.61523;0.625;0.63477;0.64453;0.6543;0.66406;0.67383;0.68359;0.69336;0.70313;0.71289;0.72266;0.73242;0.74219;0.75195;0.76172;0.77148;0.78125;0.79102,0.00515584;0.008216576;0.011246592;0.0064645119999999995;0.01359872;0.016979968;0.014486528;0.020170752;0.028514304;0.033296384000000005;0.030957567999999998;0.016625664000000002;0.013705216000000001;0.013185024;0.016314368000000003;0.035058688;0.037318656;0.032441344000000004;0.028696576;0.026679296;0.023288832;0.025540608;0.022689792;0.022985728000000004;0.024194048;0.026603520000000002;0.027508735999999995;0.015519743999999999;0.013709312;0.011216896;0.011374592000000001;0.008922112000000001;0.006640640000000001;0.0048609280000000005;0.0022947840000000002;0.002992128;0.0030668799999999997;0.0022241279999999997;0.00183808;0.001975296;0.001430528;0.001214464;0.001122304;0.00103936;0.000917504;0.001061888;0.000648192;0.0008765439999999999;0.0009605120000000001;0.000924672;0.000687104;0.000897024;0.000415744;0.000623616;0.000756736;0.0009594880000000001;0.000786432;0.000789504;0.0005980159999999999;0.000534528;0.0005007359999999999;0.00033484799999999995;0.00043315199999999996;0.0005376000000000001;0.00040550399999999994;0.000512;0.00039423999999999997;0.000217088;0.00033689599999999994;0.00039423999999999997;0.00044544;0.00040243200000000004;0.000323584;0.0001792;0.000196608;0.000200704;0.00023244799999999998;0.00030105599999999996;0.000224256
1790025300,hdr,0.0293;0.03906;0.04883;0.05859;0.06836;0.07813;0.08789;0.09766;0.10742;0.11719;0.12695;0.13672;0.14648;0.15625;0.16602;0.17578;0.18555;0.19531;0.20508;0.21484;0.22461;0.23438;0.24414;0.25391;0.26367;0.27344;0.2832;0.29297;0.30273;0.3125;0.32227;0.33203;0.3418;0.35156;0.36133;0.37109;0.38086;0.39063;0.40039;0.41016;0.41992;0.42969;0.43945;0.44922;0.45898;0.46875;0.47852;0.48828;0.49805;0.50781;0.51758;0.52734;0.53711;0.54688;0.55664;0.56641;0.57617;0.58594;0.5957;0.60547;0.61523;0.625;0.63477;0.64453;0.6543;0.66406;0.67383;0.68359;0.69336;0.70313;0.71289;0.72266;0.73242;0.74219;0.75195;0.76172;0.77148;0.78125;0.79102,0.003329024;0.0077568;0.004197376;0.002905088;0.0042137599999999996;0.007112704;0.018279424;0.032882688;0.028951552;0.029205504;0.026941439999999997;0.02407936;0.02287616;0.019449856;0.020842496;0.019566592;0.028505088;0.036609024;0.029840384;0.021223424;0.033361919999999996;0.0271872;0.019088384000000003;0.010232832;0.017852416;0.013579264;0.014155776;0.012119040000000001;0.009885696;0.012108800000000001;0.007876608;0.004796416;0.004816895999999999;0.003125248;0.0018513919999999999;0.00137216;0.0017397760000000002;0.0023572479999999997;0.001627136;0.001714176;0.0017377279999999998;0.0013312;0.001096704;0.001641472;0.0020398079999999997;0.0012359679999999998;0.0011970559999999997;0.001496064;0.001241088;0.0010721279999999999;0.000641024;0.0005304320000000001;0.000768;0.0008110079999999999;0.000653312;0.000357376;0.00048742400000000003;0.000545792;0.000603136;0.000631808;0.000785408;0.0005632;0.00041779199999999995;0.00037785600000000004;0.00038912;0.00028671999999999997;0.00033484799999999995;0.000256;0.000346112;0.00037376;0.00030924800000000003;0.00036249599999999997;0.00048742400000000003;0.000454656;0.000379904;0.00032870400000000003;0.00021913599999999998;0.000259072;0.00029900799999999997
1790026200,hdr,0.0293;0.03906;0.04883;0.05859;0.06836;0.07813;0.08789;0.09766;0.10742;0.11719;0.12695;0.13672;0.14648;0.15625;0.16602;0.17578;0.18555;0.19531;0.20508;0.21484;0.22461;0.23438;0.24414;0.25391;0.26367;0.27344;0.2832;0.29297;0.30273;0.3125;0.32227;0.33203;0.3418;0.35156;0.36133;0.37109;0.38086;0.39063;0.40039;0.41016;0.41992;0.42969;0.43945;0.44922;0.45898;0.46875;0.47852;0.48828;0.49805;0.50781;0.51758;0.52734;0.53711;0.54688;0.55664;0.56641;0.57617;0.58594;0.5957;0.60547;0.61523;0.625;0.63477;0.64453;0.6543;0.66406;0.67383;0.68359;0.69336;0.70313;0.71289;0.72266;0.73242;0.74219;0.75195;0.76172;0.77148;0.78125;0.79102,0.000893952;0.002318336;0.002176;0.0051456;0.015785984;0.016694272;0.018917376;0.028507136;0.027380735999999996;0.020062207999999998;0.027165696;0.0327936;0.021020672;0.024074239999999997;0.048918527999999996;0.049188864;0.050468864;0.042148864;0.039764992;0.029590527999999998;0.027886592;0.02820608;0.018434047999999998;0.029058048;0.020552703999999998;0.01411584;0.01271808;0.009014272;0.010877952000000001;0.01110528;0.009207808000000001;0.005914623999999999;0.004246527999999999;0.00416256;0.003211264;0.002081792;0.001964032;0.001845248;0.0018278399999999998;0.001359872;0.00170496;0.0011264;0.0008622079999999999;0.001153024;0.000884736;0.0006502400000000001;0.000636928;0.000791552;0.000766976;0.000734208;0.00085504;0.00064;0.0006000640000000001;0.000654336;0.000557056;0.0005232639999999998;0.0005304320000000001;0.000526336;0.000812032;0.000459776;0.000452608;0.0005744639999999999;0.00037888;0.00043008000000000006;0.0006144;0.000579584;0.000412672;0.00037785600000000004;0.00023552000000000002;0.00024371200000000001;0.000227328;0.000258048;0.00021401600000000003;0.000165888;0.00027136;0.000380928;0.00026623999999999994;0.000139264;0.00023552000000000002
1790027100,hdr,0.0293;0.03906;0.04883;0.05859;0.06836;0.07813;0.08789;0.09766;0.10742;0.11719;0.12695;0.13672;0.14648;0.15625;0.16602;0.17578;0.18555;0.19531;0.20508;0.21484;0.22461;0.23438;0.24414;0.25391;0.26367;0.27344;0.2832;0.29297;0.30273;0.3125;0.32227;0.33203;0.3418;0.35156;0.36133;0.37109;0.38086;0.39063;0.40039;0.41016;0.41992;0.42969;0.43945;0.44922;0.45898;0.46875;0.47852;0.48828;0.49805;0.50781;0.51758;0.52734;0.53711;0.54688;0.55664;0.56641;0.57617;0.58594;0.5957;0.60547;0.61523;0.625;0.63477;0.64453;0.6543;0.66406;0.67383;0.68359;0.69336;0.70313;0.71289;0.72266;0.73242;0.74219;0.75195;0.76172;0.77148;0.78125;0.79102,0.0027023359999999996;0.004061184;0.005392384;0.00421888;0.006919168;0.013505536;0.02429952;0.020032512;0.022990847999999998;0.045914112;0.037337088000000004;0.023401472;0.015213568000000002;0.024921088;0.025279488000000003;0.047536128;0.041408512;0.020860928;0.031186944;0.027336704;0.02110464;0.021141504000000002;0.016333824;0.013099008;0.015618048;0.017196032;0.012362752000000001;0.009175039999999999;0.008778752;0.010361856;0.007904256;0.006929408;0.0062054400000000004;0.00457216;0.003728384;0.0034795520000000003;0.0040243200000000005;0.003171328;0.002387968;0.001820672;0.0013660159999999998;0.001258496;0.001477632;0.0015697920000000002;0.001309696;0.001406976;0.00099328;0.000982016;0.0008867839999999999;0.000918528;0.00100352;0.0007557120000000001;0.0008089600000000001;0.0005642239999999999;0.000531456;0.0006840319999999999;0.00076288;0.000623616;0.000513024;0.00044339199999999997;0.0006041600000000001;0.000617472;0.00039628799999999996;0.000313344;0.00033484799999999995;0.000538624;0.0005099519999999999;0.00041472;0.000415744;0.00034099200000000003;0.000267264;0.00034304;0.000269312;0.000246784;0.00022016;0.000262144;0.000284672;0.00019456;0.000126976
1790028000,hdr,0.0293;0.03906;0.04883;0.05859;0.06836;0.07813;0.08789;0.09766;0.10742;0.11719;0.12695;0.13672;0.14648;0.15625;0.16602;0.17578;0.18555;0.19531;0.20508;0.21484;0.22461;0.23438;0.24414;0.25391;0.26367;0.27344;0.2832;0.29297;0.30273;0.3125;0.32227;0.33203;0.3418;0.35156;0.36133;0.37109;0.38086;0.39063;0.40039;0.41016;0.41992;0.42969;0.43945;0.44922;0.45898;0.46875;0.47852;0.48828;0.49805;0.50781;0.51758;0.52734;0.53711;0.54688;0.55664;0.56641;0.57617;0.58594;0.5957;0.60547;0.61523;0.625;0.63477;0.64453;0.6543;0.66406;0.67383;0.68359;0.69336;0.70313;0.71289;0.72266;0.73242;0.74219;0.75195;0.76172;0.77148;0.78125;0.79102,0.001811456;0.0031068159999999997;0.002208768;0.003154944;0.008793088;0.01496576;0.019858432000000002;0.023261184;0.036164608;0.03100672;0.029320192;0.034507776;0.019310592;0.016078848;0.01897472;0.032300032000000006;0.043126784;0.03247104;0.039776255999999996;0.030570496;0.033903616000000004;0.030766079999999998;0.018081792000000003;0.010802176;0.012592128000000001;0.016407552;0.013094912;0.008349696;0.007784448;0.010612736000000001;0.007945216;0.006259712000000001;0.004982784;0.004344832000000001;0.00385536;0.002791424;0.0024330239999999998;0.002532352;0.002143232;0.0026368000000000003;0.0023592960000000003;0.0009523200000000001;0.001057792;0.00151552;0.001257472;0.0015493120000000002;0.0019466239999999999;0.001913856;0.0014929920000000003;0.0012544;0.00155648;0.001393664;0.001251328;0.0016302080000000002;0.00123904;0.001102848;0.000771072;0.000534528;0.000507904;0.000521216;0.000382976;0.00038912;0.000308224;0.000351232;0.000418816;0.0005468159999999999;0.00043827199999999997;0.000497664;0.00050176;0.000415744;0.00037068800000000004;0.00037785600000000004;0.00024063999999999997;0.000183296;0.000257024;0.00021913599999999998;0.00018534400000000002;0.00028671999999999997;0.00035942400000000006
1790028900,hdr,0.0293;0.03906;0.04883;0.05859;0.06836;0.07813;0.08789;0.09766;0.10742;0.11719;0.12695;0.13672;0.14648;0.15625;0.16602;0.17578;0.18555;0.19531;0.20508;0.21484;0.22461;0.23438;0.24414;0.25391;0.26367;0.27344;0.2832;0.29297;0.30273;0.3125;0.32227;0.33203;0.3418;0.35156;0.36133;0.37109;0.38086;0.39063;0.40039;0.41016;0.41992;0.42969;0.43945;0.44922;0.45898;0.46875;0.47852;0.48828;0.49805;0.50781;0.51758;0.52734;0.53711;0.54688;0.55664;0.56641;0.57617;0.58594;0.5957;0.60547;0.61523;0.625;0.63477;0.64453;0.6543;0.66406;0.67383;0.68359;0.69336;0.70313;0.71289;0.72266;0.73242;0.74219;0.75195;0.76172;0.77148;0.78125;0.79102,0.0013690880000000003;0.0014151679999999999;0.002420736;0.004898815999999999;0.009987072;0.018446336;0.027071487999999998;0.024629248;0.022488064000000002;0.037646335999999996;0.040508416;0.025627648;0.021855232;0.023428096000000002;0.03638784;0.058889216;0.056178688000000004;0.032594944;0.027922432;0.023376895999999998;0.028194815999999998;0.02650112;0.015229952000000001;0.016673791999999996;0.016641024;0.010653696;0.0072386559999999996;0.008616960000000002;0.009877504;0.007759871999999999;0.006870016;0.005173248;0.0032849919999999996;0.00307712;0.001984512;0.0021360640000000005;0.002031616;0.0020756480000000002;0.002106368;0.0012871680000000002;0.0011601919999999998;0.001519616;0.001803264;0.000915456;0.000799744;0.000805888;0.00150016;0.001309696;0.0007168;0.000872448;0.000376832;0.000448512;0.000512;0.000734208;0.000953344;0.0006952960000000001;0.00074752;0.000489472;0.000475136;0.0005744639999999999;0.000518144;0.000427008;0.000346112;0.000406528;0.00045056;0.000601088;0.00048025600000000003;0.00047308800000000003;0.000260096;0.000227328;0.00027648;0.000280576;0.000335872;0.00044646400000000004;0.000321536;0.000260096;0.00029183999999999997;0.00037068800000000004;0.000321536
1790029800,hdr,0.0293;0.03906;0.04883;0.05859;0.06836;0.07813;0.08789;0.09766;0.10742;0.11719;0.12695;0.13672;0.14648;0.15625;0.16602;0.17578;0.18555;0.19531;0.20508;0.21484;0.22461;0.23438;0.24414;0.25391;0.26367;0.27344;0.2832;0.29297;0.30273;0.3125;0.32227;0.33203;0.3418;0.35156;0.36133;0.37109;0.38086;0.39063;0.40039;0.41016;0.41992;0.42969;0.43945;0.44922;0.45898;0.46875;0.47852;0.48828;0.49805;0.50781;0.51758;0.52734;0.53711;0.54688;0.55664;0.56641;0.57617;0.58594;0.5957;0.60547;0.61523;0.625;0.63477;0.64453;0.6543;0.66406;0.67383;0.68359;0.69336;0.70313;0.71289;0.72266;0.73242;0.74219;0.75195;0.76172;0.77148;0.78125;0.79102,0.001854464;0.00277504;0.0042936319999999995;0.006654976;0.005967871999999999;0.01238528;0.0244736;0.030313472;0.028793856000000003;0.031727616;0.045346816;0.03545088;0.033356800000000006;0.023596032;0.031604736;0.046435328;0.031423488;0.01609216;0.022255616;0.028760064;0.024097791999999996;0.018158591999999998;0.023026688;0.01919488;0.011942912;0.014299136;0.010866688;0.008925184;0.008969215999999999;0.0073728000000000005;0.007547903999999999;0.0064348159999999995;0.0038062079999999997;0.003341312;0.0026705920000000003;0.002019328;0.002562048;0.00249344;0.001662976;0.001717248;0.001903616;0.00181248;0.0012288;0.0010465279999999997;0.001248256;0.0009431040000000001;0.0013393919999999998;0.0017326079999999998;0.001455104;0.0011755519999999998;0.0009318400000000001;0.00105472;0.0009697280000000001;0.00044339199999999997;0.000326656;0.0005847039999999999;0.0007219199999999999;0.000857088;0.000717824;0.000636928;0.000717824;0.000847872;0.000391168;0.0002816;0.000490496;0.000412672;0.000466944;0.00052224;0.000513024;0.000284672;0.00028569600000000005;0.00030208000000000004;0.000256;0.000269312;0.00024371200000000001;0.00030617599999999996;0.00030924800000000003;0.000207872;0.00015052799999999998
1790030700,hdr,0.0293;0.03906;0.04883;0.05859;0.06836;0.07813;0.08789;0.09766;0.10742;0.11719;0.12695;0.13672;0.14648;0.15625;0.16602;0.17578;0.18555;0.19531;0.20508;0.21484;0.22461;0.23438;0.24414;0.25391;0.26367;0.27344;0.2832;0.29297;0.30273;0.3125;0.32227;0.33203;0.3418;0.35156;0.36133;0.37109;0.38086;0.39063;0.40039;0.41016;0.41992;0.42969;0.43945;0.44922;0.45898;0.46875;0.47852;0.48828;0.49805;0.50781;0.51758;0.52734;0.53711;0.54688;0.55664;0.56641;0.57617;0.58594;0.5957;0.60547;0.61523;0.625;0.63477;0.64453;0.6543;0.66406;0.67383;0.68359;0.69336;0.70313;0.71289;0.72266;0.73242;0.74219;0.75195;0.76172;0.77148;0.78125;0.79102,0.000837632;0.002915328;0.003252224;0.0045056;0.006618112;0.008819712000000002;0.026424320000000005;0.039365632;0.050558976000000005;0.043823104;0.054363136;0.04371456;0.025524224;0.018290688;0.021579776;0.026616832;0.019514368;0.019500032;0.019268608;0.021840896000000002;0.021638144;0.022378495999999998;0.018394112;0.016236544;0.014562304;0.00787456;0.006243328;0.008080384;0.008310784;0.0083712;0.006550528;0.004992;0.003223552;0.003641344;0.0028436480000000003;0.002547712;0.002601984;0.0021862400000000003;0.0010721279999999999;0.001247232;0.001210368;0.00126976;0.001600512;0.001714176;0.001631232;0.001512448;0.0011632640000000002;0.0009984;0.00064512;0.0007772160000000001;0.0007096320000000001;0.0006891520000000001;0.000723968;0.00039628799999999996;0.00035532799999999997;0.000688128;0.000750592;0.0005724160000000001;0.0005632;0.000630784;0.00079872;0.0006041600000000001;0.000456704;0.00036454399999999996;0.000406528;0.000277504;0.00033792;0.00045056;0.0003584;0.00026112;0.00017408000000000001;0.00010752000000000001;0.000217088;0.000186368;0.000190464;0.000159744;0.00023040000000000002;0.00016691200000000002;0.000193536
1790031600,hdr,0.0293;0.03906;0.04883;0.05859;0.06836;0.07813;0.08789;0.09766;0.10742;0.11719;0.12695;0.13672;0.14648;0.15625;0.16602;0.17578;0.18555;0.19531;0.20508;0.21484;0.22461;0.23438;0.24414;0.25391;0.26367;0.27344;0.2832;0.29297;0.30273;0.3125;0.32227;0.33203;0.3418;0.35156;0.36133;0.37109;0.38086;0.39063;0.40039;0.41016;0.41992;0.42969;0.43945;0.44922;0.45898;0.46875;0.47852;0.48828;0.49805;0.50781;0.51758;0.52734;0.53711;0.54688;0.55664;0.56641;0.57617;0.58594;0.5957;0.60547;0.61523;0.625;0.63477;0.64453;0.6543;0.66406;0.67383;0.68359;0.69336;0.70313;0.71289;0.72266;0.73242;0.74219;0.75195;0.76172;0.77148;0.78125;0.79102,0.000391168;0.0009748480000000001;0.00118272;0.00198656;0.012008448;0.026286079999999996;0.026527744;0.022905856;0.026616832;0.036276224;0.032996352;0.051416064;0.034905087999999994;0.023017472;0.021532672000000003;0.045611008;0.037755904;0.021403648;0.01754112;0.011891711999999999;0.011214848;0.009945088;0.012466176;0.012839936;0.008846336000000002;0.006017024;0.010530815999999998;0.010923008;0.011891711999999999;0.006786047999999999;0.006198272;0.004808704;0.0038656000000000003;0.003509248;0.0021442559999999998;0.0019169279999999998;0.0014940160000000001;0.0014714879999999997;0.00151552;0.001601536;0.0016404479999999999;0.002156544;0.0017152;0.00125952;0.0007936;0.0010209280000000002;0.00075264;0.000900096;0.001030144;0.0008222720000000001;0.000965632;0.000635904;0.000579584;0.0005304320000000001;0.00032870400000000003;0.00042291200000000006;0.00044032;0.00030412799999999997;0.00036352;0.00044544;0.000544768;0.00037068800000000004;0.000366592;0.00035532799999999997;0.000351232;0.000197632;0.000241664;0.00026521600000000003;0.00020172799999999998;0.000142336;9.6256e-05;0.00012390399999999998;0.00018432000000000002;0.00022323200000000002;0.00015462400000000002;0.000128;0.000165888;0.00018124799999999998;0.000180224
1790032500,hdr,0.0293;0.03906;0.04883;0.05859;0.06836;0.07813;0.08789;0.09766;0.10742;0.11719;0.12695;0.13672;0.14648;0.15625;0.16602;0.17578;0.18555;0.19531;0.20508;0.21484;0.22461;0.23438;0.24414;0.25391;0.26367;0.27344;0.2832;0.29297;0.30273;0.3125;0.32227;0.33203;0.3418;0.35156;0.36133;0.37109;0.38086;0.39063;0.40039;0.41016;0.41992;0.42969;0.43945;0.44922;0.45898;0.46875;0.47852;0.48828;0.49805;0.50781;0.51758;0.52734;0.53711;0.54688;0.55664;0.56641;0.57617;0.58594;0.5957;0.60547;0.61523;0.625;0.63477;0.64453;0.6543;0.66406;0.67383;0.68359;0.69336;0.70313;0.71289;0.72266;0.73242;0.74219;0.75195;0.76172;0.77148;0.78125;0.79102,0.001716224;0.002475008;0.00180736;0.004854784000000001;0.011025408;0.017449984;0.029642752;0.049056767999999994;0.035838976;0.030121984;0.040815616;0.045446144;0.034753536;0.032442368;0.024354815999999998;0.03922944;0.04263936;0.032334848;0.026376192;0.022879232;0.020621312;0.016652288;0.010990591999999999;0.008945664;0.0085504;0.008221696;0.009989119999999999;0.008219648;0.007507968;0.006294528;0.00335872;0.003943424;0.0029634559999999997;0.0025958400000000003;0.002605056;0.003963904;0.002820096;0.001304576;0.001385472;0.001074176;0.0006000640000000001;0.00067584;0.0008591359999999999;0.0009400319999999999;0.000982016;0.0010127360000000002;0.0013701120000000002;0.0011366400000000002;0.000636928;0.00088576;0.0007946240000000001;0.0007280640000000001;0.000518144;0.000423936;0.00049664;0.0006737919999999999;0.000611328;0.00028569600000000005;0.00028671999999999997;0.00039219200000000003;0.000350208;0.000447488;0.00029183999999999997;0.000321536;0.0002816;0.00019968;0.00018739199999999998;0.000137216;0.00020275199999999997;0.000222208;0.00017715200000000003;0.000161792;0.00014643200000000002;0.000136192;0.000164864;0.00019968;0.00018227199999999998;0.00013516800000000002;0.00011776000000000001
1790033400,hdr,0.0293;0.03906;0.04883;0.05859;0.06836;0.07813;0.08789;0.09766;0.10742;0.11719;0.12695;0.13672;0.14648;0.15625;0.16602;0.17578;0.18555;0.19531;0.20508;0.21484;0.22461;0.23438;0.24414;0.25391;0.26367;0.27344;0.2832;0.29297;0.30273;0.3125;0.32227;0.33203;0.3418;0.35156;0.36133;0.37109;0.38086;0.39063;0.40039;0.41016;0.41992;0.42969;0.43945;0.44922;0.45898;0.46875;0.47852;0.48828;0.49805;0.50781;0.51758;0.52734;0.53711;0.54688;0.55664;0.56641;0.57617;0.58594;0.5957;0.60547;0.61523;0.625;0.63477;0.64453;0.6543;0.66406;0.67383;0.68359;0.69336;0.70313;0.71289;0.72266;0.73242;0.74219;0.75195;0.76172;0.77148;0.78125;0.79102,0.0013987840000000001;0.003579904;0.003149824;0.00523264;0.010656768;0.013316096;0.0283648;0.02437632;0.010533887999999998;0.027328512;0.06846975999999999;0.069704704;0.042088447999999994;0.027034624;0.028699648;0.037003264;0.044864511999999995;0.026431488;0.021901312000000003;0.022564864;0.017840128;0.018562048;0.012197888;0.009088;0.01263616;0.007834624;0.005347328;0.005526528;0.004096;0.004957184;0.005240832;0.006837248;0.00339456;0.003603456;0.002905088;0.002924544;0.00321024;0.00200192;0.0012605440000000002;0.001876992;0.001641472;0.001159168;0.001062912;0.001410048;0.0010936319999999998;0.001041408;0.000726016;0.000759808;0.00090112;0.000759808;0.0007055360000000001;0.000544768;0.000439296;0.000459776;0.0005980159999999999;0.0006696959999999999;0.000459776;0.000356352;0.00037068800000000004;0.000387072;0.000347136;0.000252928;0.000305152;0.000132096;0.000406528;0.00040960000000000004;0.00023040000000000002;0.00029593599999999995;0.00025088;0.000268288;0.00027340799999999994;0.00023040000000000002;0.00015564799999999998;0.000136192;0.000108544;0.000134144;7.167999999999999e-05;0.000103424;0.000128
1790034300,hdr,0.0293;0.03906;0.04883;0.05859;0.06836;0.07813;0.08789;0.09766;0.10742;0.11719;0.12695;0.13672;0.14648;0.15625;0.16602;0.17578;0.18555;0.19531;0.20508;0.21484;0.22461;0.23438;0.24414;0.25391;0.26367;0.27344;0.2832;0.29297;0.30273;0.3125;0.32227;0.33203;0.3418;0.35156;0.36133;0.37109;0.38086;0.39063;0.40039;0.41016;0.41992;0.42969;0.43945;0.44922;0.45898;0.46875;0.47852;0.48828;0.49805;0.50781;0.51758;0.52734;0.53711;0.54688;0.55664;0.56641;0.57617;0.58594;0.5957;0.60547;0.61523;0.625;0.63477;0.64453;0.6543;0.66406;0.67383;0.68359;0.69336;0.70313;0.71289;0.72266;0.73242;0.74219;0.75195;0.76172;0.77148;0.78125;0.79102,0.001723392;0.0021002239999999995;0.001247232;0.002307072;0.009007104;0.014994431999999999;0.017650687999999998;0.019858432000000002;0.024958975999999997;0.035528704;0.046441472;0.036811776000000004;0.039060479999999995;0.048371712;0.038929408000000006;0.037880831999999996;0.03498496;0.035481599999999995;0.031187968;0.022324224000000004;0.01677312;0.018227200000000002;0.009138176;0.011315200000000001;0.01010176;0.007073792000000001;0.006260736;0.005383168000000001;0.004719616;0.004861951999999999;0.003641344;0.003680256;0.0040765440000000005;0.003836928;0.003917824;0.003301376;0.002179072;0.0022394880000000004;0.0027514880000000003;0.0031559680000000003;0.00370176;0.002919424;0.002006016;0.0009564160000000001;0.000717824;0.001241088;0.001004544;0.0009216000000000001;0.000802816;0.0006850560000000001;0.000610304;0.000533504;0.0006778880000000001;0.00063488;0.000442368;0.0006819840000000001;0.000924672;0.0005376000000000001;0.00038912;0.00047923199999999995;0.000513024;0.000408576;0.000459776;0.000283648;0.00015462400000000002;0.00024063999999999997;0.00034201599999999995;0.000280576;0.00029900799999999997;0.000279552;0.00029798400000000005;0.000222208;0.00027136;0.000206848;0.000128;0.000172032;0.000188416;0.00017100799999999997;0.000129024
